# Blender 4.3.2
# www.blender.org
o root.0
v 0.499124 0.257951 0.117652
v 0.467210 0.237976 0.108730
v 0.456132 0.236750 0.164196
v 0.470862 0.246875 0.187634
v 0.430638 0.227969 0.214779
v 0.425668 0.224026 0.174565
v 0.432146 0.222515 0.108846
v -0.120271 0.247127 -0.648390
v -0.092921 0.237140 -0.602559
v -0.063541 0.240336 -0.621475
v -0.070304 0.248526 -0.661591
v -0.015582 0.248584 -0.666932
v -0.027063 0.238224 -0.613803
v -0.053463 0.231408 -0.576426
v -0.009191 0.222150 -0.350083
v -0.034070 0.222358 -0.315785
v -0.002257 0.222385 -0.302733
v 0.025460 0.222321 -0.322290
v 0.045335 0.222393 -0.291693
v 0.000494 0.222435 -0.275396
v -0.048397 0.222438 -0.281937
v -0.417734 0.221639 0.117487
v -0.464438 0.237016 0.118376
v -0.450407 0.233940 0.162693
v -0.415396 0.222404 0.173473
v -0.423759 0.226550 0.211391
v -0.467160 0.245196 0.185306
v -0.500543 0.260235 0.134049
v 0.267258 0.011139 0.099283
v 0.228519 0.010630 0.128299
v 0.198555 0.011966 0.083187
v 0.216799 0.012564 0.054778
v 0.186720 0.009882 0.148707
v 0.165525 0.011707 0.081763
v 0.175195 0.012916 0.035968
v -0.405871 0.010510 -0.043174
v -0.441715 0.010159 -0.070492
v -0.413976 0.010961 -0.089578
v -0.379253 0.011463 -0.081167
v -0.359222 0.012412 -0.126580
v -0.414237 0.011440 -0.122367
v -0.460294 0.010311 -0.108186
v 0.351613 0.011791 -0.310247
v 0.375892 0.008513 -0.359836
v 0.411573 0.009168 -0.336485
v 0.417553 0.011401 -0.295471
v 0.435657 0.004034 -0.408326
v 0.472949 0.006245 -0.362182
v 0.498275 0.009318 -0.308543
v -0.472647 0.010373 -0.326453
v -0.529654 0.009696 -0.316084
v -0.528669 0.008689 -0.350414
v -0.491965 0.008647 -0.370033
v -0.524393 0.006621 -0.411026
v -0.562993 0.007427 -0.370446
v -0.584229 0.008549 -0.326830
v -0.643325 0.009171 -0.282970
v -0.636292 0.007246 -0.342506
v -0.590656 0.009685 -0.279003
v -0.609349 0.005695 -0.399278
v -0.530495 0.010516 -0.278082
v -0.590662 0.009757 -0.225553
v -0.530727 0.010710 -0.232097
v -0.468090 0.011310 -0.284636
v -0.468713 0.011578 -0.240926
v -0.408412 0.012012 -0.298228
v -0.407235 0.012543 -0.251339
v -0.409727 0.012457 -0.206422
v -0.469704 0.011360 -0.195297
v -0.529173 0.009995 -0.182482
v -0.577539 0.006645 -0.112394
v -0.587908 0.007949 -0.168874
v -0.520995 0.009175 -0.133202
v -0.468371 0.010803 -0.150855
v -0.505386 0.008888 -0.087246
v -0.411796 0.012005 -0.163246
v -0.349022 0.013399 -0.216058
v -0.352337 0.013052 -0.171520
v -0.290663 0.014248 -0.223981
v -0.296206 0.013914 -0.174745
v -0.308487 0.013193 -0.122804
v -0.242637 0.014599 -0.173670
v -0.260464 0.013875 -0.114108
v -0.290198 0.012703 -0.054248
v -0.331648 0.012134 -0.069592
v -0.322086 0.011510 -0.000604
v -0.364245 0.011003 -0.022081
v -0.353095 0.010365 0.048307
v -0.397170 0.010019 0.020118
v -0.438370 0.009618 -0.009513
v -0.431498 0.009559 0.060280
v -0.475687 0.009115 0.025193
v -0.517185 0.008327 -0.014753
v -0.476785 0.009158 -0.044874
v -0.553337 0.007352 -0.061234
v -0.560496 0.008382 0.017797
v -0.602703 0.006369 -0.032858
v -0.630937 0.004282 -0.092182
v -0.638933 0.006399 -0.010538
v -0.670067 0.002695 -0.077605
v -0.680025 0.004883 -0.151080
v -0.642377 0.005586 -0.157181
v -0.678214 0.009503 -0.219565
v -0.643173 0.008976 -0.221404
v -0.682661 0.009541 -0.285786
v -0.707733 0.013938 -0.218307
v -0.711732 0.011439 -0.287273
v -0.706543 0.005961 -0.365672
v -0.678304 0.006376 -0.356280
v -0.674723 0.004994 -0.441049
v -0.647080 0.004350 -0.423109
v -0.623309 0.005524 -0.505410
v -0.595904 0.004185 -0.480805
v -0.562341 0.004890 -0.449273
v -0.538350 0.002796 -0.530671
v -0.506332 0.004065 -0.490321
v -0.474171 0.006093 -0.445624
v -0.445932 0.004196 -0.528991
v -0.418008 0.006059 -0.479661
v -0.391877 0.008426 -0.427736
v -0.444915 0.008413 -0.397925
v -0.369665 0.010828 -0.371828
v -0.421429 0.010583 -0.348276
v -0.353236 0.012584 -0.315824
v -0.316499 0.011653 -0.394136
v -0.300301 0.013206 -0.334846
v -0.290992 0.014094 -0.276798
v -0.347061 0.013354 -0.263620
v -0.247631 0.013911 -0.351612
v -0.238128 0.014598 -0.288426
v -0.236413 0.014850 -0.230256
v -0.186867 0.014748 -0.298201
v -0.184651 0.015045 -0.234805
v -0.194557 0.015014 -0.168749
v -0.138239 0.014648 -0.234109
v -0.153760 0.014963 -0.161575
v -0.179266 0.014627 -0.087477
v -0.217875 0.014402 -0.100113
v -0.205646 0.013646 -0.017516
v -0.248333 0.013252 -0.035198
v -0.230473 0.012449 0.043389
v -0.277929 0.012020 0.022541
v -0.255220 0.010996 0.100262
v -0.306061 0.010694 0.076134
v -0.280810 0.009036 0.156704
v -0.333959 0.009339 0.126610
v -0.384452 0.009532 0.093973
v -0.363801 0.007895 0.176517
v -0.416984 0.009737 0.137734
v -0.466869 0.010243 0.099619
v -0.449543 0.011546 0.178139
v -0.500497 0.012113 0.136632
v -0.548957 0.011146 0.093607
v -0.514608 0.009637 0.060980
v -0.595368 0.009359 0.045398
v -0.576817 0.014976 0.121167
v -0.622771 0.012451 0.067828
v -0.666710 0.008737 0.005495
v -0.646831 0.023937 0.085518
v -0.688602 0.016506 0.017492
v -0.721668 0.007024 -0.060028
v -0.697268 0.002562 -0.068308
v -0.732294 0.015862 -0.142458
v -0.708804 0.007497 -0.146428
v -0.730685 0.025764 -0.216738
v -0.750209 0.032159 -0.137717
v -0.753184 0.043769 -0.214526
v -0.755287 0.036707 -0.292127
v -0.735845 0.019425 -0.288883
v -0.753851 0.020390 -0.378320
v -0.732024 0.007873 -0.372176
v -0.715600 0.026651 -0.464954
v -0.697423 0.011827 -0.454786
v -0.667107 0.034034 -0.541948
v -0.646232 0.013877 -0.525607
v -0.613382 0.036013 -0.612341
v -0.591334 0.012303 -0.590224
v -0.566160 0.003327 -0.563047
v -0.529245 0.014184 -0.649364
v -0.502758 0.005159 -0.615403
v -0.475233 0.003819 -0.575963
v -0.435101 0.007857 -0.664210
v -0.407868 0.006252 -0.618174
v -0.380987 0.006242 -0.566000
v -0.337325 0.007834 -0.655599
v -0.313802 0.008629 -0.596686
v -0.293639 0.010005 -0.536182
v -0.357115 0.007584 -0.510717
v -0.276393 0.011547 -0.476541
v -0.335785 0.009547 -0.454181
v -0.261068 0.012899 -0.414333
v -0.215266 0.013304 -0.494133
v -0.204313 0.013945 -0.429688
v -0.194636 0.014323 -0.364120
v -0.146731 0.013761 -0.438656
v -0.141438 0.013977 -0.372004
v -0.136497 0.014315 -0.303565
v -0.089231 0.012781 -0.371326
v -0.091081 0.013328 -0.300791
v -0.095704 0.013907 -0.228668
v -0.045111 0.012201 -0.294233
v -0.057119 0.013102 -0.221921
v -0.077529 0.013990 -0.146541
v -0.115388 0.014592 -0.152661
v -0.098358 0.014093 -0.072185
v -0.139644 0.014552 -0.077555
v -0.114753 0.013301 -0.003626
v -0.161022 0.013740 -0.006851
v -0.130667 0.012139 0.062004
v -0.181333 0.012473 0.057085
v -0.147410 0.010172 0.125211
v -0.202693 0.011134 0.117117
v -0.164112 0.008279 0.185661
v -0.224110 0.008974 0.176499
v -0.180398 0.006764 0.244481
v -0.244587 0.006758 0.232051
v -0.307270 0.006195 0.210909
v -0.266703 0.003894 0.289200
v -0.334100 0.002305 0.261108
v -0.395362 0.006153 0.222183
v -0.357468 0.000000 0.302619
v -0.423385 0.008771 0.258111
v -0.478169 0.017221 0.212384
v -0.442119 0.021955 0.287661
v -0.499979 0.033209 0.240867
v -0.552570 0.033245 0.195325
v -0.528905 0.016910 0.168949
v -0.601495 0.029041 0.144145
v -0.572069 0.053849 0.217127
v -0.622522 0.050918 0.162654
v -0.667619 0.044427 0.099339
v -0.640822 0.074659 0.178544
v -0.687005 0.068133 0.112471
v -0.725218 0.056425 0.036848
v -0.707816 0.032697 0.027415
v -0.755810 0.047183 -0.046630
v -0.741396 0.021553 -0.053220
v -0.771664 0.055805 -0.131441
v -0.771485 0.076854 -0.037663
v -0.795019 0.083427 -0.122105
v -0.808444 0.091318 -0.209774
v -0.781594 0.064128 -0.212461
v -0.801791 0.084773 -0.300629
v -0.777685 0.059404 -0.295622
v -0.781300 0.072350 -0.390617
v -0.767167 0.044443 -0.384025
v -0.749344 0.076478 -0.482190
v -0.732103 0.049494 -0.473827
v -0.707780 0.086112 -0.569706
v -0.688431 0.057822 -0.557028
v -0.650171 0.089526 -0.647510
v -0.634064 0.061613 -0.631974
v -0.583404 0.091043 -0.718247
v -0.570039 0.063773 -0.700072
v -0.550922 0.037766 -0.676175
v -0.496863 0.060937 -0.761540
v -0.480410 0.037396 -0.733517
v -0.460313 0.015393 -0.702442
v -0.402830 0.027998 -0.787991
v -0.385328 0.010950 -0.753233
v -0.362640 0.007417 -0.710652
v -0.300007 0.009945 -0.792961
v -0.283982 0.008755 -0.743493
v -0.264501 0.009405 -0.683565
v -0.200132 0.009989 -0.762673
v -0.186776 0.010122 -0.699440
v -0.174682 0.011198 -0.637241
v -0.245562 0.010649 -0.620986
v -0.162722 0.012391 -0.572078
v -0.229149 0.012066 -0.557968
v -0.153165 0.013342 -0.504921
v -0.095374 0.010718 -0.577246
v -0.091276 0.011639 -0.508413
v -0.089646 0.012322 -0.438557
v -0.030305 0.009562 -0.505600
v -0.033778 0.010397 -0.434383
v -0.038456 0.011343 -0.364340
v 0.019363 0.009677 -0.423906
v 0.009724 0.010855 -0.353216
v -0.001519 0.011769 -0.284599
v 0.056914 0.011690 -0.338258
v 0.042817 0.012442 -0.272293
v 0.026355 0.012864 -0.208791
v -0.016333 0.012630 -0.215289
v 0.008010 0.013144 -0.142746
v -0.035566 0.013207 -0.143287
v -0.007407 0.013057 -0.076174
v -0.053200 0.013434 -0.073171
v -0.020256 0.012227 -0.010179
v -0.066848 0.012670 -0.006018
v -0.031284 0.010386 0.056221
v -0.079989 0.011098 0.060319
v -0.040682 0.007598 0.122738
v -0.092996 0.008825 0.124964
v -0.049188 0.005017 0.187242
v -0.105313 0.006599 0.188569
v -0.056596 0.003557 0.250387
v -0.117154 0.005231 0.250166
v -0.062935 0.003421 0.312573
v -0.128152 0.005133 0.310319
v -0.196054 0.006004 0.303605
v -0.137579 0.006756 0.363159
v -0.207966 0.006456 0.351617
v -0.283096 0.002681 0.333699
v -0.218645 0.013789 0.390717
v -0.295859 0.009546 0.368518
v -0.374490 0.005006 0.335496
v -0.306415 0.025542 0.396367
v -0.386878 0.022367 0.361801
v -0.455756 0.039157 0.312804
v -0.394359 0.046169 0.380314
v -0.465236 0.059984 0.333279
v -0.529634 0.072419 0.286728
v -0.516813 0.051139 0.265668
v -0.587866 0.076250 0.235603
v -0.535127 0.097887 0.299243
v -0.594996 0.104616 0.246669
v -0.650395 0.104933 0.188601
v -0.594094 0.137635 0.251765
v -0.651667 0.139784 0.193389
v -0.705232 0.134984 0.126788
v -0.700950 0.098100 0.122239
v -0.748852 0.125774 0.050999
v -0.741333 0.085901 0.045655
v -0.782887 0.117950 -0.029215
v -0.744777 0.170648 0.052080
v -0.779543 0.165509 -0.026442
v -0.803380 0.160949 -0.111093
v -0.805422 0.119402 -0.114266
v -0.815218 0.159557 -0.206041
v -0.816268 0.123083 -0.207726
v -0.812798 0.158221 -0.304843
v -0.813466 0.119242 -0.304558
v -0.795375 0.156832 -0.399344
v -0.795740 0.111919 -0.397851
v -0.761277 0.158963 -0.489128
v -0.762497 0.114532 -0.488222
v -0.712748 0.162105 -0.575882
v -0.715074 0.121184 -0.575407
v -0.650952 0.162507 -0.654379
v -0.655082 0.123623 -0.654369
v -0.581427 0.160969 -0.726843
v -0.585927 0.124238 -0.725913
v -0.504141 0.157710 -0.793699
v -0.509069 0.121159 -0.792596
v -0.507673 0.088155 -0.783132
v -0.424062 0.113802 -0.851162
v -0.422244 0.079812 -0.838140
v -0.414825 0.052450 -0.816158
v -0.327799 0.075764 -0.884260
v -0.321251 0.048587 -0.861187
v -0.312513 0.023521 -0.832224
v -0.223394 0.050126 -0.888070
v -0.217778 0.027418 -0.856472
v -0.210010 0.013047 -0.814438
v -0.123245 0.021118 -0.871144
v -0.119018 0.009769 -0.825965
v -0.113531 0.008397 -0.772783
v -0.026054 0.006959 -0.829393
v -0.026111 0.005925 -0.774227
v -0.026528 0.006456 -0.710408
v -0.107207 0.008595 -0.709767
v -0.026878 0.007410 -0.644740
v -0.100819 0.009557 -0.644592
v -0.028140 0.008606 -0.575467
v 0.045369 0.007092 -0.635659
v 0.037226 0.008106 -0.566054
v 0.028460 0.008754 -0.495188
v 0.099668 0.009341 -0.549623
v 0.084932 0.009868 -0.478591
v 0.070771 0.010761 -0.408086
v 0.138309 0.011049 -0.458312
v 0.119782 0.011883 -0.388273
v 0.103429 0.012742 -0.319645
v 0.166136 0.012532 -0.364597
v 0.149775 0.013685 -0.297928
v 0.136415 0.014437 -0.239811
v 0.088615 0.013507 -0.257530
v 0.121116 0.014558 -0.187836
v 0.072316 0.013770 -0.199914
v 0.101742 0.014329 -0.136105
v 0.053617 0.013667 -0.141287
v 0.082674 0.013882 -0.080441
v 0.037549 0.013314 -0.079324
v 0.068460 0.012894 -0.019978
v 0.025097 0.012323 -0.015040
v 0.059617 0.011220 0.043906
v 0.015412 0.010369 0.050705
v 0.055090 0.008442 0.111028
v 0.008568 0.007331 0.117903
v 0.055019 0.005632 0.177775
v 0.004430 0.004521 0.183667
v 0.057397 0.003902 0.242261
v 0.001695 0.002971 0.247643
v 0.061081 0.003301 0.305627
v 0.000049 0.002057 0.310795
v 0.066039 0.004546 0.365343
v -0.000562 0.003925 0.370418
v -0.068419 0.005387 0.369714
v -0.000319 0.010595 0.415013
v -0.072486 0.012383 0.413297
v -0.144830 0.014060 0.405240
v -0.075369 0.028285 0.450072
v -0.151248 0.030621 0.440399
v -0.228018 0.030409 0.422438
v -0.155950 0.054011 0.467519
v -0.235551 0.053473 0.447924
v -0.315112 0.048471 0.418730
v -0.240299 0.081681 0.464440
v -0.321237 0.076280 0.434088
v -0.399035 0.074270 0.394584
v -0.323606 0.105876 0.441447
v -0.399875 0.103628 0.402239
v -0.469392 0.113181 0.355987
v -0.469875 0.084638 0.348326
v -0.533662 0.127606 0.305137
v -0.463674 0.141127 0.356885
v -0.526543 0.157054 0.306451
v -0.587424 0.171094 0.253930
v -0.516509 0.182258 0.305448
v -0.577083 0.199646 0.254439
v -0.636404 0.209135 0.194820
v -0.645846 0.176293 0.194406
v -0.690363 0.211418 0.126331
v -0.700084 0.174885 0.127043
v -0.734645 0.212144 0.051179
v -0.677583 0.242638 0.124567
v -0.719874 0.247221 0.048944
v -0.752159 0.247879 -0.030458
v -0.768359 0.210016 -0.027556
v -0.775309 0.242810 -0.113626
v -0.792850 0.203558 -0.111505
v -0.789466 0.238828 -0.202594
v -0.807147 0.199428 -0.204217
v -0.789111 0.241259 -0.296286
v -0.804731 0.200072 -0.302051
v -0.771318 0.244827 -0.388821
v -0.786393 0.202383 -0.395983
v -0.738695 0.246264 -0.478334
v -0.752037 0.203980 -0.485323
v -0.691981 0.246822 -0.565472
v -0.704416 0.205225 -0.572229
v -0.630955 0.244505 -0.645407
v -0.643122 0.203314 -0.651596
v -0.561314 0.239796 -0.717825
v -0.573093 0.199574 -0.724002
v -0.485357 0.236334 -0.783794
v -0.496008 0.196331 -0.790470
v -0.402580 0.233081 -0.839835
v -0.412014 0.192438 -0.847743
v -0.419777 0.152350 -0.852532
v -0.321314 0.188217 -0.893125
v -0.327929 0.147942 -0.899405
v -0.330797 0.109305 -0.898022
v -0.227382 0.142558 -0.931523
v -0.229176 0.106114 -0.929217
v -0.227573 0.076130 -0.913913
v -0.125245 0.098756 -0.945896
v -0.125727 0.069937 -0.928338
v -0.125101 0.044884 -0.902843
v -0.023650 0.063388 -0.931732
v -0.024767 0.037621 -0.907500
v -0.025755 0.014455 -0.874865
v 0.076899 0.036568 -0.902337
v 0.073283 0.013521 -0.867742
v 0.067510 0.007290 -0.821835
v 0.168844 0.018396 -0.851523
v 0.158012 0.010202 -0.805154
v 0.144848 0.008689 -0.750115
v 0.060632 0.006187 -0.766216
v 0.129545 0.008543 -0.684907
v 0.052965 0.006476 -0.702435
v 0.114491 0.008845 -0.617801
v 0.202670 0.009450 -0.661990
v 0.179991 0.009865 -0.596613
v 0.158629 0.010456 -0.528283
v 0.240119 0.009056 -0.566420
v 0.213008 0.010089 -0.500527
v 0.188196 0.011244 -0.432852
v 0.263455 0.008665 -0.467151
v 0.234050 0.010926 -0.402554
v 0.210373 0.012987 -0.337227
v 0.276347 0.010790 -0.369285
v 0.254287 0.013322 -0.308840
v 0.248366 0.014682 -0.250004
v 0.197564 0.014347 -0.274234
v 0.241740 0.015076 -0.197618
v 0.187110 0.014946 -0.219604
v 0.228257 0.015076 -0.152547
v 0.172797 0.014971 -0.171699
v 0.206060 0.014869 -0.107315
v 0.152779 0.014777 -0.124512
v 0.179372 0.014502 -0.061764
v 0.130593 0.014329 -0.074472
v 0.155325 0.013820 -0.015942
v 0.111438 0.013496 -0.021740
v 0.138103 0.012701 0.032439
v 0.099412 0.012068 0.036608
v 0.133820 0.010962 0.092365
v 0.097839 0.009874 0.102280
v 0.146582 0.008841 0.160642
v 0.102624 0.007248 0.170190
v 0.163629 0.007144 0.222913
v 0.111309 0.005475 0.234599
v 0.181126 0.006108 0.283752
v 0.121365 0.004840 0.297190
v 0.196892 0.006326 0.339683
v 0.131328 0.005885 0.355206
v 0.209636 0.010381 0.382070
v 0.140727 0.012074 0.399514
v 0.070988 0.011188 0.410430
v 0.149318 0.026640 0.435940
v 0.075509 0.025893 0.448238
v 0.000381 0.025647 0.453060
v 0.078926 0.049297 0.476660
v 0.001179 0.049973 0.480587
v -0.077014 0.052287 0.477854
v 0.002281 0.081322 0.498348
v -0.077230 0.082927 0.495556
v -0.158468 0.083447 0.484885
v -0.076794 0.115675 0.502019
v -0.159052 0.115017 0.491230
v -0.242287 0.111985 0.471302
v -0.158168 0.145454 0.489566
v -0.241638 0.141641 0.469645
v -0.322341 0.135368 0.440787
v -0.238966 0.168713 0.461457
v -0.318508 0.161895 0.433314
v -0.390109 0.158677 0.396857
v -0.396650 0.132640 0.402804
v -0.454776 0.165985 0.353453
v -0.381549 0.179948 0.385825
v -0.444267 0.186109 0.347409
v -0.504981 0.203442 0.302942
v -0.432533 0.201784 0.338069
v -0.491723 0.220209 0.298155
v -0.552166 0.241107 0.249477
v -0.565281 0.223147 0.253307
v -0.610851 0.255829 0.190001
v -0.624976 0.235569 0.193923
v -0.660072 0.265062 0.120012
v -0.593205 0.267103 0.181531
v -0.638813 0.277934 0.112258
v -0.673254 0.286679 0.037641
v -0.699165 0.272798 0.044444
v -0.699663 0.294031 -0.040387
v -0.729439 0.277046 -0.034676
v -0.717248 0.290554 -0.120496
v -0.750347 0.272438 -0.116716
v -0.726034 0.287858 -0.200494
v -0.762087 0.268533 -0.201589
v -0.725603 0.291409 -0.282735
v -0.762167 0.272745 -0.289389
v -0.713377 0.298341 -0.367888
v -0.747307 0.278687 -0.379019
v -0.686475 0.300197 -0.453949
v -0.717271 0.280069 -0.467737
v -0.645632 0.301845 -0.538789
v -0.672788 0.280239 -0.554353
v -0.589980 0.299196 -0.618227
v -0.613642 0.277709 -0.634546
v -0.524832 0.295527 -0.690054
v -0.545531 0.273085 -0.707015
v -0.453226 0.292440 -0.753182
v -0.471463 0.269900 -0.771899
v -0.375985 0.291178 -0.807049
v -0.390705 0.267552 -0.826651
v -0.292054 0.288292 -0.848273
v -0.303537 0.264264 -0.869464
v -0.313250 0.229033 -0.883921
v -0.210212 0.259977 -0.898029
v -0.217132 0.224371 -0.913944
v -0.222928 0.182780 -0.924632
v -0.118503 0.219906 -0.932041
v -0.121269 0.176484 -0.943039
v -0.123696 0.134858 -0.949112
v -0.020097 0.172151 -0.950682
v -0.021349 0.129457 -0.953023
v -0.022513 0.092482 -0.950231
v 0.081190 0.127747 -0.952559
v 0.080452 0.091526 -0.947946
v 0.079197 0.062752 -0.928502
v 0.186568 0.095691 -0.935742
v 0.182701 0.066855 -0.916093
v 0.176753 0.041269 -0.887403
v 0.285982 0.066156 -0.890025
v 0.275546 0.039197 -0.862461
v 0.262577 0.017718 -0.827700
v 0.373755 0.032886 -0.823285
v 0.354489 0.010952 -0.789540
v 0.329713 0.007677 -0.746626
v 0.246548 0.010264 -0.782186
v 0.300095 0.007722 -0.692506
v 0.225749 0.009345 -0.725593
v 0.269027 0.008224 -0.629904
v 0.367200 0.006427 -0.647828
v 0.330212 0.006110 -0.591287
v 0.295930 0.006980 -0.530021
v 0.388118 0.003955 -0.546602
v 0.347659 0.004817 -0.491126
v 0.309004 0.007152 -0.432003
v 0.393780 0.003209 -0.450254
v 0.346281 0.007216 -0.395251
v 0.313615 0.011274 -0.336987
v 0.355339 0.013456 -0.262283
v 0.301660 0.013550 -0.282780
v 0.365993 0.014153 -0.208397
v 0.302975 0.014606 -0.227857
v 0.367996 0.013867 -0.154983
v 0.301408 0.014738 -0.175487
v 0.351577 0.013426 -0.104188
v 0.288328 0.014519 -0.130280
v 0.318574 0.013219 -0.057152
v 0.261273 0.014350 -0.084690
v 0.283642 0.013054 -0.013717
v 0.229735 0.014092 -0.041796
v 0.249323 0.012869 0.023899
v 0.199524 0.013665 -0.002217
v 0.339440 0.011668 0.021385
v 0.302954 0.011485 0.063110
v 0.393170 0.010515 0.059495
v 0.351224 0.010105 0.105377
v 0.309264 0.009286 0.146928
v 0.396667 0.009465 0.148021
v 0.349743 0.006794 0.195511
v 0.297923 0.005366 0.236016
v 0.264614 0.008475 0.182997
v 0.240584 0.005879 0.264128
v 0.214506 0.008207 0.207396
v 0.329169 0.001837 0.285845
v 0.264025 0.003907 0.318815
v 0.352560 0.000446 0.322851
v 0.280756 0.005549 0.358570
v 0.370870 0.009015 0.352798
v 0.295419 0.018134 0.389106
v 0.221577 0.024589 0.416428
v 0.307638 0.038676 0.413218
v 0.231894 0.046465 0.443110
v 0.156077 0.049175 0.464503
v 0.239942 0.074363 0.462845
v 0.160740 0.078728 0.483324
v 0.081339 0.080040 0.494761
v 0.163385 0.111002 0.490985
v 0.082830 0.113640 0.501816
v 0.003310 0.114928 0.505060
v 0.083538 0.146212 0.499861
v 0.004237 0.147599 0.503123
v -0.075694 0.147215 0.500039
v 0.005137 0.177000 0.493484
v -0.073943 0.176105 0.490948
v -0.155918 0.173360 0.481124
v -0.071101 0.199826 0.474068
v -0.152128 0.196804 0.466114
v -0.234381 0.191495 0.448103
v -0.146141 0.211841 0.443115
v -0.227436 0.208542 0.428462
v -0.304694 0.201722 0.403495
v -0.312398 0.184570 0.420898
v -0.372002 0.195421 0.372181
v -0.295021 0.212269 0.382259
v -0.360498 0.206627 0.354119
v -0.419154 0.211499 0.324093
v -0.347893 0.213011 0.333396
v -0.406222 0.215969 0.307289
v -0.463198 0.234566 0.276319
v -0.477634 0.230524 0.289130
v -0.520959 0.257794 0.231430
v -0.537399 0.252390 0.241923
v -0.573571 0.272668 0.171256
v -0.503745 0.258233 0.219670
v -0.552146 0.273707 0.160548
v -0.585734 0.282775 0.091198
v -0.613860 0.283800 0.102398
v -0.608452 0.290282 0.019876
v -0.643131 0.292181 0.029457
v -0.622326 0.294182 -0.052387
v -0.664028 0.299258 -0.046345
v -0.629940 0.292522 -0.124683
v -0.676159 0.295997 -0.123411
v -0.631593 0.290606 -0.196678
v -0.681302 0.294150 -0.198974
v -0.629545 0.293267 -0.268789
v -0.680770 0.297910 -0.276122
v -0.620916 0.298967 -0.343167
v -0.670366 0.303780 -0.355965
v -0.603792 0.301563 -0.420985
v -0.648037 0.305026 -0.437935
v -0.573646 0.303933 -0.499190
v -0.612012 0.307296 -0.519736
v -0.528048 0.305224 -0.573547
v -0.560873 0.307537 -0.597266
v -0.470688 0.305205 -0.641591
v -0.499508 0.305516 -0.667606
v -0.406491 0.304938 -0.700626
v -0.431738 0.303708 -0.729536
v -0.337475 0.305545 -0.749218
v -0.358237 0.302923 -0.781008
v -0.263266 0.305284 -0.786910
v -0.278737 0.301705 -0.820456
v -0.184047 0.305188 -0.813836
v -0.194131 0.300208 -0.847131
v -0.202503 0.285233 -0.875783
v -0.105913 0.298774 -0.863364
v -0.110387 0.282347 -0.892049
v -0.114836 0.255965 -0.915172
v -0.016386 0.281153 -0.899520
v -0.017602 0.253548 -0.922928
v -0.018810 0.217431 -0.940279
v 0.081418 0.253192 -0.919935
v 0.082183 0.215795 -0.937333
v 0.081797 0.170926 -0.948115
v 0.184792 0.215707 -0.923399
v 0.186950 0.172423 -0.934481
v 0.187858 0.130639 -0.940575
v 0.292752 0.175731 -0.907395
v 0.295367 0.134569 -0.913380
v 0.293354 0.097096 -0.908473
v 0.396674 0.136787 -0.869294
v 0.395189 0.096071 -0.864912
v 0.386476 0.062540 -0.847506
v 0.487943 0.101695 -0.806075
v 0.476330 0.069228 -0.788991
v 0.457558 0.042534 -0.763366
v 0.557857 0.071635 -0.723630
v 0.533711 0.043621 -0.701044
v 0.506056 0.017679 -0.674936
v 0.434440 0.018119 -0.733735
v 0.470457 0.007063 -0.639698
v 0.403546 0.008096 -0.696079
v 0.430058 0.004720 -0.596609
v 0.535779 0.004023 -0.581236
v 0.490955 0.002351 -0.543566
v 0.442011 0.002338 -0.499420
v 0.550928 0.002604 -0.486319
v 0.493811 0.002332 -0.449842
v 0.606274 0.003328 -0.417763
v 0.542997 0.003414 -0.391962
v 0.639435 0.005891 -0.336445
v 0.572373 0.007188 -0.323848
v 0.646060 0.009686 -0.248823
v 0.587141 0.010282 -0.247980
v 0.513346 0.011548 -0.247436
v 0.590198 0.009907 -0.165908
v 0.519597 0.011675 -0.177846
v 0.442177 0.013099 -0.192173
v 0.432663 0.012785 -0.249969
v 0.512771 0.011364 -0.105888
v 0.439450 0.012676 -0.131837
v 0.479959 0.011215 -0.045207
v 0.414481 0.012217 -0.076732
v 0.436499 0.010869 0.010080
v 0.378121 0.011846 -0.024847
v 0.542190 0.010756 -0.013809
v 0.491894 0.011138 0.045809
v 0.443397 0.010827 0.097870
v 0.542630 0.012287 0.080140
v 0.489302 0.012672 0.135203
v 0.438951 0.010691 0.187666
v 0.527396 0.016787 0.168923
v 0.474091 0.015994 0.221046
v 0.418200 0.005192 0.274870
v 0.387850 0.004226 0.239807
v 0.498763 0.033270 0.248547
v 0.439544 0.019190 0.302286
v 0.518274 0.053647 0.272074
v 0.455346 0.041061 0.324597
v 0.384675 0.031805 0.375047
v 0.466018 0.066929 0.342574
v 0.393877 0.059336 0.391042
v 0.317604 0.065554 0.431668
v 0.399918 0.090975 0.401750
v 0.323985 0.096777 0.441457
v 0.244624 0.105548 0.471267
v 0.325770 0.127693 0.441806
v 0.246313 0.136519 0.470284
v 0.164453 0.142610 0.489344
v 0.245645 0.165072 0.462694
v 0.164083 0.172205 0.481581
v 0.083498 0.175897 0.490955
v 0.161892 0.196558 0.466331
v 0.082224 0.199832 0.474243
v 0.006119 0.200621 0.475893
v 0.079261 0.213761 0.448456
v 0.006956 0.214487 0.448389
v -0.066508 0.214197 0.447975
v 0.008137 0.217864 0.409588
v -0.059619 0.218234 0.411778
v -0.137782 0.217890 0.413655
v -0.051944 0.213776 0.365858
v -0.125899 0.216672 0.377216
v -0.206094 0.218414 0.376078
v -0.218264 0.217133 0.404352
v -0.282916 0.216851 0.357532
v -0.193578 0.216023 0.346191
v -0.270191 0.217252 0.331456
v -0.334667 0.216327 0.309755
v -0.255807 0.217208 0.296949
v -0.319050 0.218276 0.276706
v -0.379041 0.218640 0.260940
v -0.392722 0.217803 0.287323
v -0.436372 0.231925 0.240340
v -0.449087 0.234704 0.259259
v -0.485847 0.254761 0.204656
v -0.528015 0.270541 0.149160
v -0.520065 0.266274 0.071259
v -0.555195 0.277795 0.081231
v -0.526812 0.265837 0.004271
v -0.569765 0.282246 0.011246
v -0.524101 0.261717 -0.060811
v -0.575763 0.283279 -0.057762
v -0.518657 0.255750 -0.126040
v -0.573180 0.279736 -0.126289
v -0.514981 0.247506 -0.189420
v -0.566987 0.274446 -0.193870
v -0.511520 0.245462 -0.254852
v -0.561478 0.273022 -0.261657
v -0.504731 0.247128 -0.320161
v -0.556209 0.277865 -0.329615
v -0.494780 0.250519 -0.385617
v -0.545435 0.283361 -0.400430
v -0.479461 0.259510 -0.453979
v -0.526408 0.289562 -0.475760
v -0.445883 0.267900 -0.520177
v -0.489875 0.295559 -0.547370
v -0.401646 0.276738 -0.580116
v -0.439088 0.298712 -0.612677
v -0.346706 0.283275 -0.632167
v -0.378827 0.300344 -0.668344
v -0.286760 0.288146 -0.675269
v -0.314142 0.303067 -0.713984
v -0.223907 0.291406 -0.711676
v -0.245653 0.304539 -0.751100
v -0.157822 0.292312 -0.740146
v -0.172202 0.304382 -0.778588
v -0.087385 0.291536 -0.757520
v -0.094424 0.303904 -0.795528
v -0.100751 0.304951 -0.830797
v -0.013646 0.303735 -0.802416
v -0.014540 0.304469 -0.837665
v -0.015440 0.297718 -0.870538
v 0.074035 0.304530 -0.834707
v 0.077189 0.297880 -0.867778
v 0.079556 0.280821 -0.896712
v 0.170748 0.299247 -0.854727
v 0.176626 0.281867 -0.884155
v 0.181333 0.254248 -0.906920
v 0.273177 0.283926 -0.859301
v 0.281555 0.256725 -0.881843
v 0.287919 0.218045 -0.896968
v 0.378008 0.259752 -0.840728
v 0.386077 0.222062 -0.853815
v 0.392624 0.180034 -0.863447
v 0.477552 0.226760 -0.795030
v 0.484313 0.185427 -0.803348
v 0.488620 0.142061 -0.808366
v 0.570519 0.189748 -0.731380
v 0.574462 0.145706 -0.737000
v 0.572483 0.105443 -0.736682
v 0.653787 0.145691 -0.657687
v 0.649399 0.103755 -0.658510
v 0.631075 0.069053 -0.648569
v 0.716700 0.099003 -0.567847
v 0.694243 0.063955 -0.560529
v 0.667305 0.035367 -0.550229
v 0.604360 0.039196 -0.631786
v 0.636051 0.012393 -0.535853
v 0.573634 0.013269 -0.610744
v 0.597575 0.004323 -0.514424
v 0.691541 0.009647 -0.448228
v 0.655276 0.004530 -0.436467
v 0.721624 0.007323 -0.345711
v 0.687381 0.005636 -0.343877
v 0.720479 0.019932 -0.244738
v 0.688197 0.010811 -0.247533
v 0.723088 0.010897 -0.146686
v 0.689974 0.005947 -0.151083
v 0.648845 0.007513 -0.157721
v 0.677993 0.004887 -0.051917
v 0.637784 0.007174 -0.066177
v 0.581171 0.009778 -0.084146
v 0.596799 0.010491 0.015681
v 0.634721 0.010981 0.037256
v 0.581438 0.014301 0.109279
v 0.665654 0.018336 0.054514
v 0.612640 0.027326 0.132423
v 0.556886 0.033119 0.195523
v 0.636985 0.050418 0.149521
v 0.579597 0.055667 0.216543
v 0.657020 0.076898 0.163699
v 0.597588 0.080839 0.233963
v 0.533076 0.078338 0.291277
v 0.604265 0.114487 0.242574
v 0.537923 0.108546 0.300868
v 0.470571 0.096872 0.353799
v 0.534936 0.141691 0.304081
v 0.468680 0.128634 0.356824
v 0.400654 0.122332 0.404322
v 0.462306 0.156609 0.353762
v 0.396152 0.151062 0.398493
v 0.323804 0.155921 0.434572
v 0.389703 0.173813 0.388166
v 0.319680 0.180560 0.422171
v 0.242897 0.190237 0.449179
v 0.313880 0.199691 0.404575
v 0.237701 0.208042 0.429211
v 0.157450 0.212060 0.443284
v 0.229754 0.216610 0.403611
v 0.150534 0.217999 0.414116
v 0.075131 0.218045 0.413397
v 0.141278 0.217247 0.378418
v 0.068854 0.213957 0.367958
v 0.009169 0.212062 0.359953
v 0.066759 0.202110 0.319812
v 0.008936 0.198655 0.311416
v -0.051098 0.201784 0.319242
v 0.007910 0.184647 0.272920
v -0.057044 0.191086 0.282709
v -0.119459 0.201928 0.297569
v -0.118014 0.209458 0.335872
v -0.186337 0.211361 0.301866
v -0.121774 0.208101 0.255674
v -0.183829 0.215942 0.256892
v -0.244715 0.219101 0.249071
v -0.184056 0.220727 0.201106
v -0.240446 0.220888 0.193797
v -0.302078 0.220700 0.182634
v -0.306691 0.219616 0.233648
v -0.360434 0.220450 0.176409
v -0.366879 0.219563 0.222940
v -0.306160 0.221268 0.125337
v -0.364671 0.220962 0.120882
v -0.314238 0.221582 0.066307
v -0.372229 0.221456 0.062671
v -0.425683 0.222222 0.059779
v -0.380910 0.222008 0.004148
v -0.433104 0.222765 0.002074
v -0.481155 0.239643 0.001037
v -0.475831 0.238852 0.060648
v -0.440946 0.222907 -0.057237
v -0.483276 0.237708 -0.059701
v -0.449799 0.220347 -0.117691
v -0.487302 0.228656 -0.120683
v -0.459069 0.217807 -0.180873
v -0.492681 0.225155 -0.184615
v -0.460750 0.216986 -0.244102
v -0.492230 0.225452 -0.250205
v -0.452375 0.217336 -0.307469
v -0.484404 0.225565 -0.315440
v -0.433684 0.218808 -0.368944
v -0.470074 0.227860 -0.379846
v -0.404263 0.222920 -0.425033
v -0.443507 0.233350 -0.441782
v -0.365221 0.225724 -0.474814
v -0.407747 0.239170 -0.500079
v -0.319559 0.229139 -0.519911
v -0.362832 0.244356 -0.552527
v -0.270585 0.233870 -0.560816
v -0.311143 0.251304 -0.598508
v -0.219810 0.239419 -0.597207
v -0.256048 0.256723 -0.637883
v -0.169076 0.244000 -0.627203
v -0.198852 0.260551 -0.671697
v -0.140067 0.262512 -0.696902
v -0.078842 0.262491 -0.712614
v -0.013400 0.261855 -0.718381
v -0.013322 0.290531 -0.764158
v 0.056138 0.262097 -0.714121
v 0.064260 0.290875 -0.760406
v 0.069841 0.303780 -0.798876
v 0.142341 0.291679 -0.744948
v 0.154185 0.304271 -0.784177
v 0.163500 0.305071 -0.820874
v 0.236882 0.304264 -0.757727
v 0.251498 0.305368 -0.795528
v 0.263384 0.300091 -0.830342
v 0.335259 0.305342 -0.758036
v 0.352501 0.301227 -0.792411
v 0.366806 0.286617 -0.820182
v 0.436200 0.301939 -0.738346
v 0.454324 0.288197 -0.763941
v 0.468091 0.262664 -0.782773
v 0.535852 0.291892 -0.693038
v 0.552039 0.267022 -0.710803
v 0.563206 0.231454 -0.722980
v 0.629750 0.272768 -0.627922
v 0.641919 0.235354 -0.640674
v 0.649886 0.191861 -0.650555
v 0.709354 0.235421 -0.547785
v 0.718939 0.190174 -0.558890
v 0.723238 0.143007 -0.566508
v 0.770646 0.186184 -0.455820
v 0.775637 0.137008 -0.462569
v 0.765243 0.088894 -0.463386
v 0.807757 0.136321 -0.351116
v 0.799213 0.091409 -0.352144
v 0.775458 0.054853 -0.348122
v 0.742852 0.053754 -0.459403
v 0.753497 0.023295 -0.345452
v 0.720943 0.025115 -0.455403
v 0.785839 0.067420 -0.239271
v 0.752179 0.042588 -0.241650
v 0.774784 0.059616 -0.133415
v 0.747976 0.031875 -0.141313
v 0.752225 0.051499 -0.025160
v 0.734848 0.023676 -0.032718
v 0.708583 0.007605 -0.041169
v 0.689858 0.040176 0.066305
v 0.709693 0.065108 0.077243
v 0.768892 0.085965 -0.015276
v 0.725467 0.099967 0.086732
v 0.668090 0.112239 0.172768
v 0.729435 0.145627 0.090797
v 0.667695 0.153548 0.175728
v 0.601569 0.151871 0.245813
v 0.660598 0.193595 0.176357
v 0.593032 0.186982 0.247147
v 0.526517 0.171323 0.303497
v 0.581345 0.215187 0.247175
v 0.514951 0.196668 0.301098
v 0.453084 0.179664 0.347918
v 0.501930 0.216314 0.296921
v 0.441094 0.198627 0.339368
v 0.380698 0.193035 0.373077
v 0.428088 0.210998 0.325161
v 0.369314 0.205880 0.353852
v 0.304892 0.211587 0.381711
v 0.357006 0.212860 0.331101
v 0.293106 0.216331 0.354964
v 0.218624 0.218297 0.374398
v 0.280220 0.216623 0.327374
v 0.205873 0.215499 0.340897
v 0.134031 0.209338 0.334184
v 0.198230 0.210673 0.297458
v 0.132280 0.200919 0.293991
v 0.071898 0.189813 0.278469
v 0.136358 0.206968 0.249947
v 0.075580 0.192905 0.240545
v 0.006763 0.180661 0.238009
v 0.075002 0.210608 0.195209
v 0.006548 0.203740 0.195591
v -0.060652 0.210731 0.201808
v -0.061033 0.194937 0.245381
v -0.124063 0.218575 0.202706
v -0.062262 0.220925 0.137486
v -0.127530 0.221853 0.136674
v -0.187955 0.221824 0.135329
v -0.130690 0.222243 0.074799
v -0.193394 0.222047 0.073535
v -0.254014 0.221808 0.070316
v -0.245678 0.221604 0.130996
v -0.198386 0.222193 0.015797
v -0.261485 0.222042 0.011965
v -0.323032 0.221944 0.007675
v -0.268051 0.222347 -0.044866
v -0.332011 0.222181 -0.050542
v -0.390919 0.222130 -0.054938
v -0.342953 0.221810 -0.109001
v -0.403449 0.221111 -0.115006
v -0.350064 0.221084 -0.166771
v -0.412586 0.219567 -0.176056
v -0.349647 0.220597 -0.222822
v -0.415718 0.218584 -0.235774
v -0.337914 0.220483 -0.275852
v -0.405431 0.218519 -0.294295
v -0.317327 0.220482 -0.325983
v -0.382909 0.219094 -0.349597
v -0.288652 0.220651 -0.371350
v -0.352480 0.220024 -0.398869
v -0.255843 0.220843 -0.413713
v -0.314995 0.221138 -0.443672
v -0.217694 0.221041 -0.453048
v -0.272752 0.222862 -0.485769
v -0.176870 0.222129 -0.488926
v -0.227423 0.226349 -0.523900
v -0.133875 0.224235 -0.520608
v -0.179810 0.230378 -0.557125
v -0.090796 0.227101 -0.548557
v -0.133544 0.234276 -0.583353
v -0.082668 0.221704 -0.491390
v -0.041900 0.223719 -0.524486
v -0.004496 0.228133 -0.561201
v 0.010460 0.222055 -0.504346
v 0.049630 0.226272 -0.546427
v 0.081277 0.235360 -0.595074
v 0.024570 0.237032 -0.607589
v 0.106904 0.246455 -0.646937
v 0.043701 0.247960 -0.661997
v 0.126926 0.261318 -0.698887
v 0.171283 0.243211 -0.622872
v 0.197709 0.260465 -0.672604
v 0.218890 0.291842 -0.716560
v 0.267207 0.257755 -0.636686
v 0.292934 0.290099 -0.679083
v 0.315699 0.303652 -0.720380
v 0.364597 0.287069 -0.633055
v 0.391469 0.301705 -0.671752
v 0.415055 0.305188 -0.707116
v 0.462207 0.298012 -0.609745
v 0.490157 0.305663 -0.641348
v 0.515006 0.304599 -0.669813
v 0.554198 0.304244 -0.560696
v 0.584646 0.307291 -0.587023
v 0.610852 0.298095 -0.610250
v 0.636440 0.305883 -0.494030
v 0.669752 0.299589 -0.515619
v 0.693756 0.273618 -0.533413
v 0.711104 0.297465 -0.416107
v 0.740645 0.272391 -0.431726
v 0.759403 0.233371 -0.445159
v 0.767753 0.268937 -0.324118
v 0.790344 0.229830 -0.335164
v 0.803276 0.182872 -0.344856
v 0.798174 0.225832 -0.221412
v 0.812628 0.180242 -0.227438
v 0.818297 0.138062 -0.232457
v 0.799890 0.181354 -0.111415
v 0.806771 0.134645 -0.114768
v 0.800344 0.091957 -0.122505
v 0.812566 0.099582 -0.236603
v 0.776612 0.135561 -0.007699
v 0.768308 0.186933 -0.006179
v 0.721831 0.192227 0.090464
v 0.753336 0.231590 -0.006571
v 0.709080 0.230768 0.089284
v 0.649318 0.226400 0.175890
v 0.689951 0.261104 0.085967
v 0.634974 0.252431 0.173367
v 0.567560 0.237397 0.244409
v 0.614823 0.268084 0.165755
v 0.551758 0.252319 0.237492
v 0.487415 0.229514 0.289033
v 0.533758 0.258819 0.226736
v 0.472140 0.235394 0.277035
v 0.415390 0.217329 0.306562
v 0.456608 0.235944 0.260963
v 0.403179 0.219426 0.286069
v 0.344922 0.216162 0.306876
v 0.389911 0.219443 0.260114
v 0.331223 0.218017 0.275538
v 0.266389 0.216271 0.291958
v 0.320666 0.219726 0.231336
v 0.257595 0.219046 0.244259
v 0.197029 0.215690 0.251238
v 0.257777 0.221272 0.182988
v 0.198916 0.220622 0.190700
v 0.138937 0.218348 0.194510
v 0.206554 0.221808 0.122996
v 0.143634 0.221839 0.127292
v 0.076929 0.220881 0.129828
v 0.148557 0.222246 0.064091
v 0.079093 0.222384 0.068047
v 0.006944 0.222315 0.071221
v 0.006693 0.219439 0.132585
v -0.063866 0.222301 0.073711
v 0.007075 0.222578 0.016088
v -0.064819 0.222512 0.018216
v -0.133097 0.222369 0.018085
v -0.065459 0.222615 -0.033530
v -0.134829 0.222506 -0.034995
v -0.202098 0.222441 -0.039153
v -0.135362 0.222539 -0.085389
v -0.203857 0.222483 -0.091745
v -0.272913 0.222272 -0.100333
v -0.203010 0.222299 -0.142214
v -0.276516 0.221918 -0.154300
v -0.198418 0.222153 -0.190198
v -0.272344 0.221688 -0.205829
v -0.190315 0.222092 -0.236379
v -0.261651 0.221561 -0.255119
v -0.176474 0.222138 -0.280124
v -0.244718 0.221544 -0.301578
v -0.157214 0.222139 -0.321133
v -0.220924 0.221559 -0.344920
v -0.133429 0.221863 -0.360155
v -0.193070 0.221379 -0.385527
v -0.103608 0.221596 -0.397215
v -0.159471 0.221178 -0.423307
v -0.068991 0.221397 -0.432453
v -0.122300 0.221295 -0.458585
v -0.030788 0.221441 -0.467218
v -0.019755 0.221630 -0.408276
v 0.018944 0.221395 -0.444128
v 0.062190 0.221501 -0.482816
v 0.065897 0.221526 -0.418095
v 0.112054 0.221249 -0.456078
v 0.158555 0.222529 -0.499073
v 0.104459 0.224301 -0.526600
v 0.199348 0.228300 -0.543986
v 0.140546 0.232185 -0.573815
v 0.235398 0.237982 -0.590080
v 0.256153 0.224494 -0.506004
v 0.296837 0.232954 -0.549344
v 0.332796 0.253259 -0.592682
v 0.353670 0.228979 -0.502788
v 0.392787 0.247918 -0.540295
v 0.428851 0.278792 -0.574970
v 0.439136 0.243422 -0.476115
v 0.474928 0.268596 -0.501070
v 0.516650 0.293104 -0.530712
v 0.498418 0.260338 -0.418475
v 0.548650 0.288731 -0.444092
v 0.598137 0.301375 -0.470969
v 0.564095 0.282557 -0.357733
v 0.623932 0.298201 -0.379878
v 0.671049 0.303454 -0.398654
v 0.635677 0.294827 -0.289764
v 0.688792 0.301092 -0.302243
v 0.733409 0.293659 -0.313232
v 0.691026 0.298322 -0.205927
v 0.736278 0.289278 -0.210474
v 0.772859 0.264520 -0.215345
v 0.723972 0.290310 -0.109883
v 0.759304 0.265815 -0.109175
v 0.783940 0.227789 -0.109762
v 0.730500 0.267136 -0.008471
v 0.699111 0.289343 -0.012508
v 0.663385 0.279937 0.079618
v 0.660384 0.298564 -0.018372
v 0.631510 0.287511 0.070830
v 0.590469 0.274937 0.154945
v 0.595070 0.285838 0.060743
v 0.563482 0.274894 0.143344
v 0.514558 0.259542 0.215130
v 0.534342 0.269845 0.131937
v 0.492573 0.256169 0.202272
v 0.442190 0.232777 0.240349
v 0.379004 0.220055 0.223487
v 0.377371 0.220616 0.174434
v 0.320994 0.220889 0.177103
v 0.387688 0.221002 0.110697
v 0.333465 0.221196 0.113598
v 0.270440 0.221586 0.117826
v 0.348001 0.221507 0.047224
v 0.284226 0.221763 0.052458
v 0.216145 0.222029 0.058669
v 0.296360 0.222049 -0.012165
v 0.223396 0.222217 -0.003030
v 0.151966 0.222388 0.005580
v 0.227728 0.222370 -0.061560
v 0.153318 0.222492 -0.049587
v 0.080336 0.222616 -0.040598
v 0.080284 0.222531 0.011850
v 0.006862 0.222668 -0.035207
v 0.079326 0.222608 -0.089885
v 0.006403 0.222665 -0.083343
v -0.065575 0.222637 -0.082180
v 0.005692 0.222600 -0.128581
v -0.064996 0.222568 -0.127849
v -0.134181 0.222462 -0.132929
v -0.063602 0.222490 -0.170793
v -0.130938 0.222366 -0.178263
v -0.061225 0.222449 -0.210896
v -0.125599 0.222334 -0.220946
v -0.055931 0.222450 -0.249424
v -0.115198 0.222359 -0.262064
v -0.100454 0.222333 -0.300143
v -0.079953 0.222181 -0.336844
v -0.053048 0.221920 -0.372930
v 0.024782 0.221879 -0.382765
v 0.063140 0.222093 -0.352809
v 0.107977 0.221729 -0.386693
v 0.092553 0.222292 -0.318544
v 0.144116 0.221997 -0.350188
v 0.198593 0.221457 -0.385601
v 0.157948 0.221270 -0.423691
v 0.254118 0.221045 -0.423869
v 0.208965 0.221259 -0.464145
v 0.306498 0.221778 -0.462104
v 0.294549 0.220830 -0.379431
v 0.348594 0.220556 -0.414294
v 0.398921 0.225358 -0.448885
v 0.386528 0.219446 -0.360460
v 0.432664 0.220328 -0.386318
v 0.468015 0.234633 -0.403090
v 0.458885 0.216871 -0.317693
v 0.488299 0.228083 -0.329037
v 0.511134 0.252567 -0.338028
v 0.501109 0.226655 -0.254346
v 0.520458 0.248211 -0.261102
v 0.572051 0.275751 -0.274799
v 0.524918 0.247525 -0.184897
v 0.574412 0.272036 -0.192971
v 0.636876 0.289124 -0.200311
v 0.570162 0.278447 -0.112121
v 0.629157 0.293751 -0.112141
v 0.680780 0.300480 -0.111053
v 0.615134 0.294796 -0.024823
v 0.563940 0.280283 -0.030828
v 0.554711 0.276691 0.050954
v 0.516146 0.257591 -0.033437
v 0.511108 0.259676 0.041114
v 0.488039 0.235074 -0.030469
v 0.478316 0.237763 0.039392
v 0.456439 0.222260 -0.026810
v 0.443924 0.222277 0.041448
v 0.415392 0.221787 -0.024286
v 0.401500 0.221423 0.043739
v 0.362639 0.221882 -0.019851
v 0.304052 0.222205 -0.075120
v 0.374420 0.221752 -0.086972
v 0.428668 0.220964 -0.094319
v 0.381956 0.220770 -0.154663
v 0.436956 0.219011 -0.166326
v 0.467353 0.220232 -0.098676
v 0.476177 0.217470 -0.173174
v 0.435085 0.218027 -0.235495
v 0.474436 0.216464 -0.246235
v 0.496061 0.231234 -0.103308
v 0.504782 0.226690 -0.178823
v 0.520006 0.256040 -0.109170
v 0.363127 0.220018 -0.278480
v 0.379457 0.220041 -0.218990
v 0.416845 0.218330 -0.300244
v 0.289662 0.221470 -0.248212
v 0.303108 0.221562 -0.194341
v 0.308030 0.221942 -0.136854
v 0.222734 0.222165 -0.170077
v 0.228171 0.222304 -0.117265
v 0.148104 0.222401 -0.150219
v 0.152264 0.222479 -0.101360
v 0.077052 0.222530 -0.135991
v 0.140482 0.222355 -0.196257
v 0.072864 0.222449 -0.179816
v 0.004587 0.222522 -0.170743
v 0.066600 0.222428 -0.220917
v 0.003228 0.222474 -0.209922
v 0.057813 0.222427 -0.258437
v 0.002026 0.222462 -0.246556
v 0.128530 0.222363 -0.240321
v 0.113026 0.222350 -0.281311
v 0.193797 0.222197 -0.265867
v 0.171143 0.222120 -0.310017
v 0.264784 0.221539 -0.297490
v 0.233080 0.221580 -0.343426
v 0.331696 0.220450 -0.331037
v 0.211567 0.222134 -0.219302
vn -0.4257 0.9039 -0.0416
vn -0.4642 0.8829 -0.0708
vn -0.4505 0.8903 -0.0664
vn -0.4155 0.9093 -0.0227
vn -0.2808 0.9597 -0.0124
vn -0.2449 0.9687 -0.0416
vn -0.2216 0.9744 -0.0373
vn 0.0468 0.9697 0.2396
vn 0.0209 0.9813 0.1914
vn 0.0188 0.9807 0.1947
vn 0.0322 0.9724 0.2309
vn 0.0063 0.9740 0.2263
vn 0.0078 0.9815 0.1914
vn 0.0120 0.9850 0.1722
vn -0.0003 1.0000 -0.0072
vn -0.0005 1.0000 -0.0047
vn 0.0002 1.0000 -0.0031
vn 0.0004 1.0000 -0.0049
vn 0.0006 1.0000 -0.0024
vn 0.0002 1.0000 -0.0014
vn -0.0007 1.0000 -0.0019
vn 0.1638 0.9864 -0.0140
vn 0.4170 0.9071 -0.0570
vn 0.4026 0.9133 -0.0623
vn 0.1950 0.9803 -0.0327
vn 0.2619 0.9648 -0.0248
vn 0.4212 0.9061 -0.0403
vn 0.4261 0.9036 -0.0442
vn -0.0092 -0.9996 -0.0259
vn -0.0037 -0.9995 -0.0300
vn 0.0017 -0.9997 -0.0263
vn -0.0039 -0.9998 -0.0213
vn 0.0074 -0.9995 -0.0320
vn 0.0095 -0.9996 -0.0280
vn 0.0044 -0.9998 -0.0214
vn 0.0180 -0.9998 -0.0112
vn 0.0203 -0.9997 -0.0121
vn 0.0186 -0.9997 -0.0137
vn 0.0175 -0.9998 -0.0130
vn 0.0164 -0.9998 -0.0125
vn 0.0181 -0.9997 -0.0136
vn 0.0220 -0.9997 -0.0140
vn -0.0175 -0.9988 0.0452
vn -0.0233 -0.9981 0.0568
vn -0.0196 -0.9980 0.0608
vn -0.0169 -0.9988 0.0469
vn -0.0173 -0.9989 0.0434
vn -0.0163 -0.9983 0.0566
vn -0.0172 -0.9985 0.0515
vn 0.0161 -0.9995 0.0270
vn 0.0156 -0.9995 0.0265
vn 0.0166 -0.9993 0.0328
vn 0.0167 -0.9993 0.0346
vn 0.0151 -0.9993 0.0350
vn 0.0159 -0.9993 0.0333
vn 0.0144 -0.9994 0.0301
vn 0.0022 -0.9999 0.0167
vn 0.0087 -0.9994 0.0346
vn 0.0134 -0.9998 0.0137
vn 0.0136 -0.9995 0.0300
vn 0.0148 -0.9998 0.0130
vn 0.0178 -0.9997 -0.0167
vn 0.0166 -0.9998 -0.0066
vn 0.0151 -0.9998 0.0143
vn 0.0156 -0.9999 0.0004
vn 0.0158 -0.9997 0.0171
vn 0.0153 -0.9999 0.0045
vn 0.0159 -0.9999 -0.0055
vn 0.0180 -0.9998 -0.0103
vn 0.0230 -0.9995 -0.0196
vn 0.0347 -0.9993 -0.0137
vn 0.0279 -0.9991 -0.0309
vn 0.0287 -0.9994 -0.0173
vn 0.0210 -0.9997 -0.0146
vn 0.0271 -0.9996 -0.0101
vn 0.0170 -0.9998 -0.0114
vn 0.0146 -0.9999 -0.0028
vn 0.0153 -0.9998 -0.0093
vn 0.0128 -0.9999 -0.0010
vn 0.0140 -0.9999 -0.0074
vn 0.0159 -0.9998 -0.0111
vn 0.0109 -0.9999 -0.0052
vn 0.0149 -0.9998 -0.0094
vn 0.0175 -0.9998 -0.0114
vn 0.0173 -0.9998 -0.0121
vn 0.0175 -0.9998 -0.0123
vn 0.0172 -0.9998 -0.0115
vn 0.0135 -0.9998 -0.0125
vn 0.0134 -0.9999 -0.0080
vn 0.0159 -0.9999 -0.0056
vn 0.0026 -1.0000 0.0023
vn 0.0083 -0.9999 0.0076
vn 0.0167 -0.9998 0.0072
vn 0.0208 -0.9998 -0.0064
vn 0.0287 -0.9996 0.0029
vn 0.0086 -0.9996 0.0269
vn 0.0256 -0.9994 0.0231
vn 0.0318 -0.9995 -0.0045
vn -0.0014 -0.9983 0.0577
vn -0.0039 -0.9999 0.0092
vn -0.0443 -0.9976 -0.0528
vn 0.0185 -0.9990 -0.0404
vn -0.0614 -0.9977 -0.0295
vn 0.0048 -0.9996 -0.0267
vn -0.0413 -0.9987 0.0302
vn -0.2595 -0.9655 -0.0202
vn -0.1921 -0.9792 0.0652
vn -0.1092 -0.9938 0.0190
vn -0.0115 -0.9993 0.0365
vn -0.1008 -0.9925 -0.0687
vn -0.0033 -0.9999 0.0113
vn -0.1159 -0.9893 -0.0886
vn -0.0104 -0.9999 0.0058
vn 0.0101 -0.9995 0.0283
vn -0.0038 -1.0000 0.0009
vn 0.0120 -0.9996 0.0243
vn 0.0171 -0.9993 0.0342
vn 0.0241 -0.9997 0.0095
vn 0.0276 -0.9993 0.0254
vn 0.0266 -0.9992 0.0306
vn 0.0185 -0.9992 0.0354
vn 0.0226 -0.9994 0.0276
vn 0.0175 -0.9994 0.0292
vn 0.0177 -0.9997 0.0181
vn 0.0278 -0.9994 0.0210
vn 0.0190 -0.9997 0.0154
vn 0.0139 -0.9999 0.0074
vn 0.0150 -0.9999 0.0068
vn 0.0150 -0.9998 0.0105
vn 0.0089 -0.9999 0.0066
vn 0.0081 -1.0000 0.0006
vn -0.0011 -1.0000 0.0058
vn -0.0013 -1.0000 0.0023
vn 0.0037 -1.0000 -0.0030
vn -0.0124 -0.9999 0.0038
vn -0.0054 -1.0000 -0.0012
vn 0.0034 -1.0000 -0.0081
vn 0.0109 -0.9999 -0.0084
vn 0.0089 -0.9999 -0.0136
vn 0.0154 -0.9998 -0.0117
vn 0.0111 -0.9998 -0.0175
vn 0.0164 -0.9998 -0.0144
vn 0.0119 -0.9996 -0.0237
vn 0.0141 -0.9997 -0.0182
vn 0.0115 -0.9994 -0.0335
vn 0.0052 -0.9997 -0.0244
vn 0.0010 -1.0000 -0.0096
vn -0.0135 -0.9992 -0.0383
vn -0.0220 -0.9997 -0.0060
vn -0.0130 -0.9997 0.0194
vn -0.0711 -0.9972 0.0225
vn -0.0442 -0.9972 0.0603
vn -0.0306 -0.9976 0.0629
vn -0.0029 -0.9996 0.0264
vn -0.0202 -0.9979 0.0619
vn -0.1592 -0.9679 0.1945
vn -0.1507 -0.9730 0.1749
vn -0.1236 -0.9812 0.1483
vn -0.3707 -0.8653 0.3373
vn -0.3641 -0.8857 0.2881
vn -0.4193 -0.9008 0.1127
vn -0.1361 -0.9898 0.0421
vn -0.5050 -0.8603 -0.0689
vn -0.2234 -0.9722 -0.0698
vn -0.5326 -0.8463 -0.0065
vn -0.6925 -0.7209 -0.0267
vn -0.6540 -0.7565 0.0011
vn -0.6766 -0.7322 0.0778
vn -0.4739 -0.8751 0.0984
vn -0.6797 -0.7249 -0.1121
vn -0.3853 -0.9221 -0.0368
vn -0.5812 -0.7345 -0.3503
vn -0.3385 -0.9128 -0.2287
vn -0.5181 -0.7580 -0.3964
vn -0.3443 -0.8976 -0.2753
vn -0.4661 -0.7757 -0.4256
vn -0.3088 -0.9045 -0.2941
vn -0.0922 -0.9914 -0.0927
vn -0.2466 -0.9190 -0.3077
vn -0.0535 -0.9932 -0.1035
vn 0.0134 -0.9997 -0.0183
vn -0.0432 -0.9962 -0.0753
vn 0.0159 -0.9997 -0.0175
vn 0.0321 -0.9995 0.0009
vn 0.0185 -0.9998 -0.0022
vn 0.0322 -0.9995 0.0055
vn 0.0380 -0.9992 0.0125
vn 0.0382 -0.9992 0.0153
vn 0.0347 -0.9993 0.0145
vn 0.0357 -0.9991 0.0217
vn 0.0252 -0.9996 0.0130
vn 0.0168 -0.9998 0.0120
vn 0.0096 -0.9999 0.0079
vn 0.0030 -1.0000 0.0068
vn -0.0136 -0.9999 0.0073
vn -0.0144 -0.9999 0.0060
vn -0.0147 -0.9999 0.0059
vn -0.0269 -0.9996 0.0076
vn -0.0237 -0.9997 0.0071
vn -0.0196 -0.9998 0.0055
vn -0.0191 -0.9998 0.0093
vn -0.0179 -0.9998 0.0071
vn -0.0163 -0.9999 0.0013
vn -0.0128 -0.9999 0.0002
vn -0.0131 -0.9999 -0.0089
vn -0.0058 -0.9999 -0.0085
vn -0.0121 -0.9998 -0.0187
vn -0.0015 -0.9999 -0.0161
vn -0.0143 -0.9995 -0.0287
vn -0.0005 -0.9997 -0.0224
vn -0.0168 -0.9992 -0.0359
vn 0.0003 -0.9996 -0.0297
vn -0.0148 -0.9993 -0.0342
vn 0.0052 -0.9994 -0.0346
vn -0.0052 -0.9997 -0.0240
vn 0.0185 -0.9992 -0.0354
vn 0.0126 -0.9988 -0.0474
vn 0.0340 -0.9992 -0.0218
vn -0.0014 -0.9991 -0.0433
vn -0.0647 -0.9974 -0.0320
vn -0.0863 -0.9944 0.0613
vn -0.2099 -0.9742 0.0824
vn -0.2090 -0.9643 0.1626
vn -0.3743 -0.8911 0.2565
vn -0.3547 -0.8783 0.3206
vn -0.3305 -0.8684 0.3696
vn -0.1696 -0.9636 0.2064
vn -0.3534 -0.8612 0.3653
vn -0.4370 -0.7766 0.4537
vn -0.4789 -0.7536 0.4502
vn -0.5283 -0.7351 0.4248
vn -0.6106 -0.5793 0.5400
vn -0.6515 -0.5896 0.4775
vn -0.7133 -0.5775 0.3970
vn -0.5896 -0.7144 0.3770
vn -0.7839 -0.5799 0.2218
vn -0.6835 -0.7074 0.1802
vn -0.7534 -0.6561 0.0445
vn -0.8576 -0.4341 0.2757
vn -0.8733 -0.4689 0.1319
vn -0.8761 -0.4812 0.0297
vn -0.6944 -0.7195 0.0118
vn -0.8729 -0.4839 -0.0622
vn -0.7465 -0.6653 0.0118
vn -0.8565 -0.4694 -0.2146
vn -0.7939 -0.5847 -0.1669
vn -0.8023 -0.4606 -0.3797
vn -0.7034 -0.6064 -0.3708
vn -0.7455 -0.4489 -0.4927
vn -0.6078 -0.6677 -0.4299
vn -0.6810 -0.4379 -0.5869
vn -0.5436 -0.6886 -0.4799
vn -0.6220 -0.4373 -0.6495
vn -0.4887 -0.7031 -0.5166
vn -0.4019 -0.7981 -0.4489
vn -0.4510 -0.7151 -0.5341
vn -0.3676 -0.8255 -0.4282
vn -0.2138 -0.9414 -0.2610
vn -0.3072 -0.8507 -0.4265
vn -0.1579 -0.9658 -0.2055
vn -0.0228 -0.9991 -0.0361
vn -0.0606 -0.9799 -0.1900
vn 0.0069 -0.9997 -0.0225
vn 0.0180 -0.9998 0.0065
vn -0.0058 -0.9998 -0.0195
vn -0.0031 -0.9999 0.0105
vn -0.0045 -0.9998 0.0182
vn 0.0211 -0.9997 0.0132
vn -0.0077 -0.9998 0.0177
vn 0.0213 -0.9997 0.0149
vn -0.0114 -0.9999 0.0126
vn -0.0275 -0.9995 0.0173
vn -0.0298 -0.9995 0.0126
vn -0.0295 -0.9995 0.0088
vn -0.0238 -0.9997 0.0114
vn -0.0244 -0.9996 0.0110
vn -0.0218 -0.9997 0.0106
vn -0.0001 -0.9999 0.0143
vn -0.0001 -0.9999 0.0142
vn -0.0011 -0.9999 0.0119
vn 0.0148 -0.9998 0.0160
vn 0.0140 -0.9998 0.0132
vn 0.0109 -0.9999 0.0087
vn -0.0047 -1.0000 0.0085
vn 0.0049 -1.0000 0.0028
vn -0.0092 -1.0000 0.0025
vn -0.0010 -1.0000 -0.0072
vn -0.0118 -0.9999 -0.0079
vn -0.0062 -0.9998 -0.0213
vn -0.0143 -0.9997 -0.0207
vn -0.0117 -0.9993 -0.0362
vn -0.0196 -0.9992 -0.0336
vn -0.0169 -0.9989 -0.0427
vn -0.0247 -0.9989 -0.0405
vn -0.0194 -0.9992 -0.0338
vn -0.0264 -0.9991 -0.0341
vn -0.0208 -0.9996 -0.0166
vn -0.0242 -0.9995 -0.0180
vn -0.0225 -0.9997 0.0119
vn -0.0190 -0.9998 0.0083
vn 0.0092 -1.0000 -0.0027
vn -0.0243 -0.9950 0.0966
vn 0.0016 -0.9952 0.0981
vn 0.0137 -0.9960 0.0885
vn -0.0525 -0.9468 0.3176
vn -0.0696 -0.9419 0.3286
vn -0.2314 -0.9305 0.2841
vn -0.1808 -0.8021 0.5692
vn -0.3573 -0.7795 0.5145
vn -0.4742 -0.7717 0.4238
vn -0.4334 -0.5911 0.6802
vn -0.5386 -0.5938 0.5978
vn -0.5512 -0.5988 0.5811
vn -0.4434 -0.7887 0.4258
vn -0.5726 -0.5833 0.5761
vn -0.6321 -0.2928 0.7174
vn -0.6752 -0.2627 0.6893
vn -0.7236 -0.2769 0.6323
vn -0.6871 -0.0009 0.7266
vn -0.7494 -0.0088 0.6621
vn -0.8255 -0.0343 0.5634
vn -0.7769 -0.3249 0.5393
vn -0.8913 -0.0810 0.4462
vn -0.8223 -0.3809 0.4227
vn -0.9379 -0.1271 0.3227
vn -0.8840 0.1509 0.4425
vn -0.9350 0.1424 0.3248
vn -0.9723 0.1308 0.1937
vn -0.9737 -0.1308 0.1864
vn -0.9919 0.1167 0.0491
vn -0.9915 -0.1225 0.0435
vn -0.9885 0.1072 -0.1067
vn -0.9833 -0.1499 -0.1033
vn -0.9573 0.1060 -0.2690
vn -0.9481 -0.1830 -0.2602
vn -0.9026 0.1147 -0.4150
vn -0.8974 -0.1628 -0.4100
vn -0.8292 0.1251 -0.5448
vn -0.8326 -0.1138 -0.5421
vn -0.7486 0.1308 -0.6499
vn -0.7557 -0.0829 -0.6496
vn -0.6795 0.1309 -0.7219
vn -0.6869 -0.0775 -0.7226
vn -0.6036 0.1238 -0.7876
vn -0.6108 -0.1025 -0.7851
vn -0.5573 -0.4546 -0.6948
vn -0.5075 -0.1530 -0.8479
vn -0.4581 -0.4927 -0.7399
vn -0.3863 -0.7153 -0.5823
vn -0.3168 -0.5343 -0.7837
vn -0.2499 -0.7280 -0.6385
vn -0.1710 -0.8723 -0.4581
vn -0.1530 -0.7485 -0.6453
vn -0.1034 -0.8862 -0.4516
vn -0.0382 -0.9841 -0.1735
vn -0.0928 -0.9016 -0.4224
vn -0.0522 -0.9893 -0.1360
vn -0.0269 -0.9996 -0.0119
vn -0.0184 -0.9948 -0.1002
vn -0.0127 -0.9999 -0.0070
vn -0.0142 -0.9998 0.0102
vn -0.0229 -0.9997 0.0116
vn -0.0172 -0.9997 0.0152
vn -0.0245 -0.9995 0.0183
vn -0.0208 -0.9997 0.0146
vn 0.0079 -0.9999 0.0129
vn 0.0039 -0.9999 0.0128
vn 0.0011 -0.9999 0.0119
vn 0.0162 -0.9998 0.0121
vn 0.0161 -0.9998 0.0136
vn 0.0155 -0.9997 0.0163
vn 0.0063 -0.9999 0.0134
vn 0.0103 -0.9998 0.0162
vn 0.0138 -0.9998 0.0163
vn -0.0005 -0.9998 0.0184
vn 0.0073 -0.9998 0.0166
vn 0.0105 -0.9999 0.0102
vn 0.0161 -0.9998 0.0126
vn 0.0115 -0.9999 0.0032
vn 0.0159 -0.9999 0.0066
vn 0.0117 -0.9999 -0.0014
vn 0.0131 -0.9999 0.0011
vn 0.0120 -0.9999 -0.0080
vn 0.0093 -0.9999 -0.0076
vn 0.0130 -0.9997 -0.0185
vn 0.0064 -0.9998 -0.0204
vn 0.0160 -0.9994 -0.0319
vn 0.0046 -0.9994 -0.0355
vn 0.0199 -0.9990 -0.0406
vn 0.0035 -0.9991 -0.0427
vn 0.0217 -0.9992 -0.0345
vn 0.0029 -0.9994 -0.0335
vn 0.0216 -0.9996 -0.0198
vn 0.0016 -0.9998 -0.0178
vn 0.0212 -0.9998 0.0045
vn -0.0010 -1.0000 0.0092
vn 0.0247 -0.9963 0.0825
vn -0.0029 -0.9959 0.0905
vn -0.0275 -0.9951 0.0950
vn -0.0046 -0.9642 0.2651
vn -0.0446 -0.9592 0.2790
vn -0.0577 -0.9535 0.2958
vn -0.0671 -0.8451 0.5304
vn -0.1052 -0.8380 0.5354
vn -0.1295 -0.8255 0.5493
vn -0.1453 -0.6394 0.7551
vn -0.2033 -0.6355 0.7448
vn -0.2809 -0.6129 0.7385
vn -0.2583 -0.3723 0.8914
vn -0.3554 -0.3769 0.8553
vn -0.4826 -0.3659 0.7958
vn -0.3945 -0.1029 0.9131
vn -0.5066 -0.0963 0.8568
vn -0.5911 -0.0536 0.8048
vn -0.5829 -0.3378 0.7390
vn -0.6391 -0.0129 0.7690
vn -0.5584 0.1851 0.8086
vn -0.6008 0.1790 0.7791
vn -0.6599 0.1608 0.7340
vn -0.5416 0.3165 0.7788
vn -0.6157 0.2799 0.7366
vn -0.7083 0.2732 0.6509
vn -0.7358 0.1563 0.6589
vn -0.7895 0.2852 0.5435
vn -0.8154 0.1577 0.5570
vn -0.8525 0.3028 0.4260
vn -0.7193 0.4754 0.5065
vn -0.7726 0.5009 0.3900
vn -0.8142 0.5172 0.2639
vn -0.8984 0.3169 0.3041
vn -0.8347 0.5297 0.1510
vn -0.9306 0.3162 0.1844
vn -0.8465 0.5293 0.0569
vn -0.9526 0.2991 0.0555
vn -0.8566 0.5118 -0.0657
vn -0.9536 0.2851 -0.0971
vn -0.8460 0.4868 -0.2175
vn -0.9245 0.2815 -0.2571
vn -0.8118 0.4616 -0.3576
vn -0.8747 0.2755 -0.3988
vn -0.7540 0.4394 -0.4883
vn -0.8067 0.2633 -0.5290
vn -0.6820 0.4165 -0.6012
vn -0.7281 0.2512 -0.6378
vn -0.6223 0.3946 -0.6761
vn -0.6606 0.2446 -0.7097
vn -0.5547 0.3773 -0.7416
vn -0.5857 0.2393 -0.7744
vn -0.4580 0.3634 -0.8113
vn -0.4850 0.2359 -0.8421
vn -0.5036 0.1109 -0.8568
vn -0.3564 0.2338 -0.9046
vn -0.3722 0.0938 -0.9234
vn -0.3704 -0.2020 -0.9066
vn -0.2310 0.0674 -0.9706
vn -0.2300 -0.2504 -0.9404
vn -0.1950 -0.5753 -0.7944
vn -0.1123 -0.2957 -0.9486
vn -0.1121 -0.6070 -0.7868
vn -0.1093 -0.7556 -0.6458
vn -0.0249 -0.6212 -0.7832
vn -0.0270 -0.7597 -0.6497
vn -0.0265 -0.9204 -0.3900
vn 0.0749 -0.7772 -0.6248
vn 0.0585 -0.9316 -0.3588
vn 0.0288 -0.9961 -0.0839
vn 0.0887 -0.9344 -0.3451
vn 0.0373 -0.9956 -0.0857
vn 0.0201 -0.9998 -0.0073
vn 0.0169 -0.9998 -0.0064
vn 0.0178 -0.9998 0.0069
vn 0.0122 -0.9999 0.0086
vn 0.0167 -0.9998 0.0112
vn -0.0039 -1.0000 0.0025
vn -0.0017 -1.0000 0.0074
vn 0.0020 -0.9999 0.0101
vn -0.0250 -0.9997 0.0026
vn -0.0211 -0.9997 0.0088
vn -0.0118 -0.9998 0.0152
vn -0.0366 -0.9992 0.0129
vn -0.0249 -0.9994 0.0230
vn -0.0085 -0.9997 0.0232
vn -0.0276 -0.9990 0.0348
vn -0.0119 -0.9996 0.0274
vn -0.0045 -0.9999 0.0141
vn 0.0007 -0.9999 0.0162
vn -0.0024 -1.0000 0.0025
vn 0.0039 -1.0000 0.0067
vn -0.0021 -1.0000 -0.0036
vn 0.0051 -1.0000 0.0001
vn -0.0011 -1.0000 -0.0068
vn 0.0064 -1.0000 -0.0036
vn 0.0016 -0.9999 -0.0103
vn 0.0086 -0.9999 -0.0086
vn 0.0060 -0.9999 -0.0161
vn 0.0118 -0.9998 -0.0167
vn 0.0115 -0.9996 -0.0239
vn 0.0162 -0.9995 -0.0274
vn 0.0171 -0.9993 -0.0321
vn 0.0222 -0.9991 -0.0368
vn 0.0198 -0.9992 -0.0341
vn 0.0261 -0.9990 -0.0354
vn 0.0151 -0.9995 -0.0279
vn 0.0252 -0.9994 -0.0231
vn 0.0030 -0.9999 -0.0113
vn 0.0220 -0.9998 -0.0014
vn -0.0040 -0.9988 0.0491
vn 0.0244 -0.9973 0.0698
vn 0.0299 -0.9719 0.2335
vn 0.0493 -0.9680 0.2461
vn 0.0388 -0.9662 0.2549
vn 0.0964 -0.8666 0.4896
vn 0.0596 -0.8611 0.5049
vn -0.0063 -0.8526 0.5225
vn 0.0748 -0.6513 0.7552
vn -0.0055 -0.6358 0.7718
vn -0.0797 -0.6344 0.7689
vn -0.0018 -0.3519 0.9361
vn -0.0832 -0.3497 0.9331
vn -0.1709 -0.3586 0.9177
vn -0.0840 -0.0655 0.9943
vn -0.1812 -0.0703 0.9809
vn -0.2853 -0.0853 0.9547
vn -0.1825 0.1826 0.9661
vn -0.2913 0.1796 0.9396
vn -0.4001 0.1716 0.9003
vn -0.2821 0.4191 0.8630
vn -0.3822 0.4155 0.8254
vn -0.4512 0.4079 0.7937
vn -0.4954 0.1720 0.8514
vn -0.4948 0.3726 0.7851
vn -0.3772 0.6168 0.6909
vn -0.3953 0.5488 0.7366
vn -0.4513 0.4645 0.7619
vn -0.2382 0.7492 0.6181
vn -0.2830 0.6764 0.6800
vn -0.3852 0.6645 0.6403
vn -0.5414 0.4305 0.7222
vn -0.4782 0.7008 0.5293
vn -0.6431 0.4438 0.6241
vn -0.5342 0.7377 0.4128
vn -0.2390 0.8990 0.3671
vn -0.2717 0.9219 0.2761
vn -0.2854 0.9352 0.2096
vn -0.5723 0.7572 0.3149
vn -0.3044 0.9469 0.1037
vn -0.6122 0.7667 0.1936
vn -0.3180 0.9479 0.0170
vn -0.6291 0.7724 0.0879
vn -0.3177 0.9479 0.0241
vn -0.6263 0.7784 0.0440
vn -0.3204 0.9467 0.0332
vn -0.6340 0.7733 -0.0135
vn -0.3182 0.9476 -0.0291
vn -0.6415 0.7556 -0.1326
vn -0.3175 0.9416 -0.1117
vn -0.6338 0.7280 -0.2612
vn -0.3200 0.9272 -0.1946
vn -0.6034 0.6994 -0.3830
vn -0.3160 0.9036 -0.2892
vn -0.5563 0.6675 -0.4949
vn -0.3123 0.8792 -0.3599
vn -0.5164 0.6379 -0.5714
vn -0.2991 0.8595 -0.4145
vn -0.4684 0.6145 -0.6348
vn -0.2574 0.8409 -0.4761
vn -0.3903 0.5926 -0.7046
vn -0.1878 0.8189 -0.5424
vn -0.2817 0.5728 -0.7697
vn -0.3339 0.3541 -0.8736
vn -0.1737 0.5593 -0.8105
vn -0.2085 0.3477 -0.9141
vn -0.2223 0.2226 -0.9492
vn -0.1093 0.3395 -0.9342
vn -0.1100 0.1912 -0.9754
vn -0.1063 0.0296 -0.9939
vn -0.0186 0.1608 -0.9868
vn -0.0171 -0.0014 -0.9999
vn -0.0203 -0.3255 -0.9453
vn 0.0656 -0.0103 -0.9978
vn 0.0679 -0.3481 -0.9350
vn 0.0711 -0.6392 -0.7657
vn 0.1768 -0.3528 -0.9189
vn 0.1517 -0.6499 -0.7448
vn 0.1299 -0.7944 -0.5934
vn 0.2342 -0.6332 -0.7377
vn 0.1637 -0.7957 -0.5831
vn 0.0759 -0.9404 -0.3315
vn 0.2988 -0.7951 -0.5277
vn 0.1596 -0.9452 -0.2848
vn 0.0244 -0.9977 -0.0629
vn 0.0068 -0.9966 -0.0817
vn -0.0135 -0.9998 -0.0111
vn -0.0048 -0.9999 -0.0094
vn -0.0222 -0.9997 -0.0035
vn -0.0054 -0.9998 -0.0204
vn -0.0254 -0.9996 -0.0106
vn -0.0365 -0.9993 0.0002
vn -0.0226 -0.9996 -0.0144
vn -0.0362 -0.9993 0.0041
vn -0.0399 -0.9989 0.0253
vn -0.0261 -0.9994 0.0217
vn -0.0322 -0.9985 0.0443
vn -0.0222 -0.9988 0.0436
vn -0.0129 -0.9996 0.0250
vn -0.0123 -0.9995 0.0280
vn -0.0118 -0.9999 0.0048
vn -0.0084 -0.9999 0.0102
vn -0.0121 -0.9999 -0.0082
vn -0.0083 -1.0000 -0.0032
vn -0.0127 -0.9998 -0.0131
vn -0.0094 -0.9999 -0.0088
vn -0.0134 -0.9998 -0.0145
vn -0.0092 -0.9999 -0.0112
vn -0.0127 -0.9998 -0.0157
vn -0.0070 -0.9999 -0.0134
vn -0.0096 -0.9998 -0.0178
vn -0.0024 -0.9999 -0.0165
vn -0.0125 -0.9998 -0.0160
vn -0.0116 -0.9997 -0.0200
vn -0.0020 -0.9999 -0.0111
vn -0.0030 -0.9997 -0.0228
vn -0.0074 -0.9994 -0.0351
vn 0.0209 -0.9995 -0.0255
vn 0.0050 -0.9988 -0.0485
vn -0.0207 -0.9988 -0.0436
vn -0.0122 -0.9992 -0.0372
vn -0.0213 -0.9994 -0.0264
vn -0.0037 -0.9995 -0.0325
vn -0.0129 -0.9997 -0.0229
vn -0.0321 -0.9993 0.0176
vn 0.0804 -0.9880 0.1318
vn 0.0129 -0.9796 0.2006
vn 0.2493 -0.8792 0.4060
vn 0.1224 -0.8712 0.4754
vn 0.1059 -0.8677 0.4857
vn 0.2360 -0.6934 0.6808
vn 0.1820 -0.6949 0.6957
vn 0.1404 -0.6753 0.7241
vn 0.2439 -0.4426 0.8629
vn 0.1674 -0.4003 0.9009
vn 0.0824 -0.3676 0.9263
vn 0.1807 -0.1004 0.9784
vn 0.0865 -0.0787 0.9931
vn 0.0010 -0.0690 0.9976
vn 0.0867 0.1713 0.9814
vn 0.0019 0.1834 0.9830
vn -0.0827 0.1846 0.9793
vn 0.0010 0.4509 0.8926
vn -0.0759 0.4459 0.8919
vn -0.1739 0.4302 0.8858
vn -0.0566 0.7431 0.6668
vn -0.1413 0.7070 0.6930
vn -0.2455 0.6657 0.7047
vn -0.0779 0.9226 0.3779
vn -0.1676 0.8799 0.4445
vn -0.2607 0.8391 0.4774
vn -0.3392 0.6409 0.6886
vn -0.2707 0.8075 0.5242
vn -0.1567 0.9581 0.2399
vn -0.1516 0.9379 0.3120
vn -0.0581 0.9075 0.4160
vn -0.0649 0.9876 0.1426
vn 0.0581 0.9711 0.2316
vn 0.1331 0.9421 0.3079
vn -0.0533 0.8642 0.5003
vn 0.0474 0.9533 0.2981
vn -0.1581 0.8678 0.4712
vn -0.0342 0.9746 0.2213
vn 0.2033 0.9643 0.1698
vn 0.1203 0.9861 0.1149
vn 0.1186 0.9904 0.0706
vn -0.0438 0.9866 0.1572
vn 0.1445 0.9886 0.0429
vn -0.0292 0.9932 0.1125
vn 0.1565 0.9876 -0.0087
vn -0.0237 0.9992 0.0316
vn 0.1534 0.9873 -0.0402
vn -0.0308 0.9992 -0.0263
vn 0.1610 0.9869 -0.0011
vn -0.0355 0.9993 0.0112
vn 0.1732 0.9829 0.0628
vn -0.0391 0.9976 0.0578
vn 0.1748 0.9811 0.0826
vn -0.0336 0.9986 0.0413
vn 0.1590 0.9839 0.0815
vn -0.0325 0.9994 0.0096
vn 0.1304 0.9871 0.0928
vn -0.0448 0.9989 -0.0158
vn 0.0971 0.9919 0.0816
vn -0.0627 0.9958 -0.0667
vn 0.0589 0.9968 0.0536
vn -0.0864 0.9895 -0.1161
vn 0.0200 0.9994 0.0280
vn -0.1056 0.9823 -0.1550
vn -0.0046 1.0000 -0.0030
vn -0.1025 0.9750 -0.1970
vn -0.0104 0.9993 -0.0373
vn -0.0808 0.9651 -0.2490
vn -0.0088 0.9980 -0.0627
vn -0.0564 0.9523 -0.2998
vn -0.1180 0.7962 -0.5934
vn -0.0310 0.9404 -0.3387
vn -0.0626 0.7775 -0.6257
vn -0.0912 0.5496 -0.8304
vn -0.0090 0.7668 -0.6418
vn -0.0137 0.5420 -0.8403
vn -0.0177 0.3316 -0.9433
vn 0.0676 0.5342 -0.8426
vn 0.0769 0.3271 -0.9418
vn 0.0722 0.1674 -0.9832
vn 0.1748 0.3250 -0.9294
vn 0.1796 0.1922 -0.9648
vn 0.1821 -0.0010 -0.9833
vn 0.3127 0.2065 -0.9271
vn 0.3227 0.0113 -0.9464
vn 0.3017 -0.3388 -0.8912
vn 0.4728 0.0253 -0.8808
vn 0.4505 -0.3213 -0.8330
vn 0.3770 -0.6239 -0.6845
vn 0.5728 -0.2959 -0.7644
vn 0.4793 -0.6335 -0.6075
vn 0.3940 -0.7927 -0.4651
vn 0.5189 -0.6332 -0.5744
vn 0.4024 -0.7881 -0.4658
vn 0.2477 -0.9175 -0.3113
vn 0.2457 -0.9293 -0.2758
vn 0.0617 -0.9923 -0.1073
vn 0.0636 -0.9950 -0.0766
vn -0.0049 -0.9995 -0.0323
vn 0.0695 -0.9930 -0.0952
vn 0.0028 -0.9997 -0.0231
vn -0.0121 -0.9999 -0.0031
vn 0.0147 -0.9999 -0.0059
vn -0.0030 -0.9999 0.0170
vn 0.0125 -0.9998 0.0124
vn -0.0038 -0.9993 0.0372
vn 0.0054 -0.9993 0.0364
vn -0.0099 -0.9988 0.0470
vn -0.0057 -0.9999 0.0108
vn -0.0183 -0.9997 0.0180
vn -0.0187 -0.9996 0.0218
vn -0.0275 -0.9996 -0.0071
vn -0.0195 -0.9998 -0.0020
vn -0.0153 -0.9999 0.0006
vn -0.0158 -0.9996 0.0228
vn -0.0168 -0.9998 -0.0059
vn -0.0138 -0.9999 -0.0094
vn -0.0090 -0.9999 -0.0064
vn -0.0117 -0.9998 -0.0133
vn -0.0032 -1.0000 -0.0071
vn -0.0117 -0.9998 -0.0146
vn -0.0122 -0.9999 0.0070
vn 0.0056 -1.0000 0.0083
vn 0.0166 -0.9999 0.0012
vn 0.0139 -0.9993 0.0335
vn 0.0415 -0.9986 0.0319
vn 0.0708 -0.9975 -0.0081
vn 0.1598 -0.9721 0.1718
vn 0.2211 -0.9664 0.1311
vn 0.2059 -0.9745 0.0888
vn 0.0492 -0.9979 -0.0429
vn 0.3884 -0.8639 0.3207
vn 0.3979 -0.8625 0.3128
vn 0.4811 -0.7461 0.4602
vn 0.4994 -0.7074 0.5001
vn 0.3797 -0.6883 0.6181
vn 0.5586 -0.4960 0.6647
vn 0.4537 -0.4827 0.7491
vn 0.3279 -0.4713 0.8188
vn 0.5019 -0.2183 0.8369
vn 0.3859 -0.1887 0.9031
vn 0.2812 -0.1391 0.9495
vn 0.4034 0.1066 0.9088
vn 0.2948 0.1331 0.9463
vn 0.1851 0.1525 0.9708
vn 0.2938 0.3727 0.8802
vn 0.1793 0.3998 0.8989
vn 0.0792 0.4322 0.8983
vn 0.1471 0.6928 0.7059
vn 0.0582 0.7389 0.6713
vn 0.0004 0.7558 0.6548
vn 0.0252 0.9484 0.3159
vn 0.0010 0.9578 0.2874
vn -0.0251 0.9498 0.3119
vn 0.0014 1.0000 -0.0047
vn 0.0014 0.9998 0.0184
vn -0.0157 0.9961 0.0873
vn 0.0159 0.9866 -0.1626
vn 0.0237 0.9951 -0.0957
vn -0.0022 0.9999 -0.0129
vn -0.0739 0.9825 0.1709
vn -0.0630 0.9958 0.0664
vn 0.0493 0.9950 -0.0867
vn -0.0008 1.0000 -0.0022
vn -0.0185 0.9982 0.0567
vn 0.0291 0.9994 0.0187
vn -0.0021 0.9994 0.0332
vn 0.0932 0.9948 0.0399
vn 0.0995 0.9888 0.1115
vn 0.2824 0.9578 0.0531
vn 0.2389 0.9567 0.1665
vn 0.3339 0.9410 0.0560
vn 0.2663 0.9633 0.0326
vn 0.4146 0.9091 -0.0401
vn 0.2497 0.9683 0.0101
vn 0.4260 0.9041 -0.0349
vn 0.2762 0.9611 -0.0041
vn 0.4617 0.8856 -0.0500
vn 0.2975 0.9543 -0.0285
vn 0.5284 0.8462 -0.0680
vn 0.3191 0.9466 -0.0470
vn 0.5848 0.8107 -0.0285
vn 0.3531 0.9354 -0.0178
vn 0.6015 0.7973 0.0504
vn 0.3793 0.9236 0.0547
vn 0.5963 0.7940 0.1178
vn 0.3872 0.9158 0.1064
vn 0.5528 0.8111 0.1910
vn 0.3741 0.9162 0.1439
vn 0.4705 0.8385 0.2751
vn 0.3199 0.9273 0.1944
vn 0.3890 0.8550 0.3430
vn 0.2513 0.9424 0.2205
vn 0.3122 0.8727 0.3754
vn 0.1825 0.9605 0.2102
vn 0.2414 0.8906 0.3855
vn 0.1186 0.9744 0.1908
vn 0.1949 0.9020 0.3852
vn 0.0755 0.9832 0.1662
vn 0.1644 0.9085 0.3841
vn 0.0578 0.9879 0.1436
vn 0.1272 0.9109 0.3925
vn 0.0471 0.9886 0.1431
vn 0.0755 0.9081 0.4120
vn 0.0306 0.9870 0.1579
vn -0.0037 0.9967 -0.0811
vn 0.0054 0.9860 0.1664
vn 0.0007 0.9958 -0.0911
vn -0.0038 0.9342 -0.3569
vn 0.0030 0.9960 -0.0893
vn 0.0242 0.9342 -0.3560
vn 0.0483 0.7627 -0.6449
vn 0.0563 0.9398 -0.3370
vn 0.1101 0.7668 -0.6324
vn 0.1522 0.5279 -0.8356
vn 0.1838 0.7797 -0.5986
vn 0.2598 0.5253 -0.8103
vn 0.2981 0.3234 -0.8981
vn 0.3849 0.5274 -0.7575
vn 0.4369 0.3227 -0.8397
vn 0.4585 0.2088 -0.8638
vn 0.5514 0.3272 -0.7674
vn 0.5755 0.2056 -0.7915
vn 0.5916 0.0456 -0.8050
vn 0.6592 0.2090 -0.7224
vn 0.6731 0.0549 -0.7375
vn 0.6480 -0.2809 -0.7080
vn 0.7550 0.0471 -0.6540
vn 0.7198 -0.2940 -0.6289
vn 0.5822 -0.6201 -0.5259
vn 0.7983 -0.3265 -0.5061
vn 0.6587 -0.6048 -0.4476
vn 0.5191 -0.7611 -0.3889
vn 0.4561 -0.7735 -0.4401
vn 0.2939 -0.9253 -0.2397
vn 0.2727 -0.9176 -0.2892
vn 0.0813 -0.9944 -0.0674
vn 0.2891 -0.9433 -0.1630
vn 0.0694 -0.9969 -0.0383
vn 0.3195 -0.9476 0.0052
vn 0.0733 -0.9969 0.0271
vn 0.3882 -0.9213 0.0215
vn 0.0966 -0.9953 0.0082
vn 0.4033 -0.9145 -0.0317
vn 0.0782 -0.9964 -0.0334
vn -0.0272 -0.9995 -0.0186
vn 0.0426 -0.9983 0.0406
vn -0.0393 -0.9992 0.0070
vn -0.0287 -0.9996 -0.0003
vn -0.0166 -0.9995 0.0273
vn 0.0667 -0.9917 0.1099
vn 0.1168 -0.9820 0.1483
vn 0.3259 -0.9024 0.2818
vn 0.3379 -0.8783 0.3382
vn 0.3362 -0.8710 0.3583
vn 0.5071 -0.7354 0.4494
vn 0.4619 -0.7524 0.4697
vn 0.6519 -0.5357 0.5367
vn 0.6072 -0.5172 0.6032
vn 0.5850 -0.5088 0.6315
vn 0.6933 -0.1713 0.7000
vn 0.6423 -0.1737 0.7466
vn 0.5951 -0.2041 0.7773
vn 0.6266 0.0787 0.7753
vn 0.5837 0.0821 0.8078
vn 0.5085 0.0828 0.8571
vn 0.5293 0.3013 0.7931
vn 0.4725 0.3412 0.8126
vn 0.3946 0.3590 0.8458
vn 0.4093 0.5495 0.7284
vn 0.3625 0.5886 0.7226
vn 0.2633 0.6333 0.7277
vn 0.2840 0.8134 0.5077
vn 0.1835 0.8699 0.4578
vn 0.0820 0.9200 0.3832
vn 0.0841 0.9813 0.1733
vn 0.0181 0.9955 0.0927
vn -0.0024 0.9996 0.0264
vn -0.0246 0.9957 -0.0896
vn -0.0180 0.9876 -0.1557
vn 0.0007 0.9825 -0.1860
vn -0.0394 0.9656 -0.2571
vn -0.0010 0.9577 -0.2879
vn 0.0374 0.9652 -0.2589
vn 0.0057 0.9880 -0.1544
vn 0.1218 0.9861 -0.1131
vn 0.1293 0.9904 -0.0493
vn 0.0621 0.9816 -0.1808
vn 0.0879 0.9961 -0.0026
vn 0.1542 0.9761 0.1533
vn 0.0765 0.9920 0.1001
vn 0.0214 0.9984 0.0514
vn 0.0293 0.9977 0.0614
vn 0.0024 0.9996 0.0279
vn -0.0050 0.9998 0.0167
vn -0.0023 0.9996 0.0275
vn 0.0223 0.9998 0.0013
vn 0.0585 0.9983 0.0064
vn -0.0052 1.0000 0.0083
vn 0.0071 1.0000 0.0050
vn -0.0034 1.0000 0.0065
vn 0.0055 1.0000 0.0076
vn 0.1681 0.9857 -0.0108
vn 0.0069 1.0000 0.0047
vn 0.1729 0.9848 -0.0146
vn 0.4195 0.9069 -0.0383
vn 0.4198 0.9065 -0.0450
vn 0.1609 0.9858 -0.0473
vn 0.4285 0.9005 -0.0743
vn 0.1229 0.9903 -0.0653
vn 0.4464 0.8902 -0.0912
vn 0.1045 0.9940 -0.0322
vn 0.4846 0.8739 -0.0377
vn 0.1125 0.9936 0.0031
vn 0.5032 0.8635 0.0335
vn 0.1128 0.9930 0.0342
vn 0.4857 0.8688 0.0963
vn 0.1048 0.9910 0.0833
vn 0.4312 0.8847 0.1772
vn 0.1056 0.9863 0.1265
vn 0.3567 0.8992 0.2535
vn 0.1067 0.9822 0.1549
vn 0.3074 0.9003 0.3081
vn 0.0948 0.9765 0.1935
vn 0.2604 0.8969 0.3575
vn 0.0809 0.9700 0.2291
vn 0.2177 0.8941 0.3913
vn 0.0708 0.9669 0.2452
vn 0.1878 0.8961 0.4023
vn 0.0591 0.9674 0.2464
vn 0.1595 0.9000 0.4057
vn 0.1212 0.9058 0.4060
vn 0.0717 0.9114 0.4052
vn 0.0096 0.9153 0.4026
vn 0.0106 0.9060 0.4231
vn -0.0504 0.9155 0.3991
vn -0.0548 0.9084 0.4146
vn -0.0224 0.9867 0.1609
vn -0.1111 0.9123 0.3943
vn -0.0424 0.9882 0.1469
vn 0.0092 0.9971 -0.0761
vn -0.0534 0.9889 0.1386
vn 0.0161 0.9983 -0.0564
vn 0.0901 0.9495 -0.3006
vn 0.0166 0.9994 -0.0307
vn 0.1222 0.9596 -0.2535
vn 0.2691 0.7942 -0.5448
vn 0.1377 0.9682 -0.2089
vn 0.3364 0.8082 -0.4833
vn 0.4876 0.5403 -0.6858
vn 0.3634 0.8312 -0.4207
vn 0.5542 0.5606 -0.6153
vn 0.6341 0.3395 -0.6947
vn 0.6218 0.5866 -0.5189
vn 0.7129 0.3594 -0.6022
vn 0.7399 0.2202 -0.6356
vn 0.7958 0.3804 -0.4711
vn 0.8320 0.2240 -0.5076
vn 0.8507 0.0196 -0.5253
vn 0.9114 0.2169 -0.3499
vn 0.9314 -0.0165 -0.3637
vn 0.8635 -0.3670 -0.3460
vn 0.9820 -0.0241 -0.1872
vn 0.9095 -0.3816 -0.1646
vn 0.7821 -0.6145 -0.1035
vn 0.7469 -0.5834 -0.3189
vn 0.6331 -0.7731 -0.0392
vn 0.5879 -0.7584 -0.2814
vn 0.7441 -0.6679 0.0128
vn 0.6334 -0.7733 0.0285
vn 0.7578 -0.6492 0.0655
vn 0.6591 -0.7520 0.0043
vn 0.7699 -0.5833 0.2590
vn 0.6453 -0.7346 0.2098
vn 0.3483 -0.9282 0.1311
vn 0.5654 -0.7223 0.3982
vn 0.7054 -0.5525 0.4440
vn 0.8756 -0.3618 0.3199
vn 0.8236 -0.2879 0.4886
vn 0.7600 -0.2141 0.6137
vn 0.8641 0.0110 0.5032
vn 0.7734 0.0440 0.6324
vn 0.6880 0.0637 0.7229
vn 0.7525 0.2037 0.6262
vn 0.6523 0.2097 0.7283
vn 0.5754 0.2470 0.7797
vn 0.5913 0.3560 0.7237
vn 0.4964 0.3965 0.7723
vn 0.4422 0.4787 0.7585
vn 0.3536 0.6011 0.7167
vn 0.2938 0.6894 0.6621
vn 0.3008 0.7650 0.5695
vn 0.0980 0.8780 0.4685
vn 0.1623 0.9256 0.3419
vn 0.1664 0.9539 0.2499
vn 0.0557 0.9862 0.1560
vn 0.0638 0.9957 0.0669
vn 0.0074 0.9999 -0.0118
vn -0.0028 1.0000 -0.0058
vn -0.0502 0.9945 -0.0917
vn -0.0660 0.9812 -0.1811
vn -0.0927 0.9957 -0.0043
vn -0.1356 0.9889 -0.0610
vn -0.1206 0.9859 -0.1162
vn -0.1608 0.9754 0.1508
vn -0.1689 0.9657 0.1973
vn 0.0201 0.9774 0.2107
vn -0.1097 0.9623 0.2487
vn 0.0177 0.9509 0.3089
vn 0.1300 0.9610 0.2441
vn 0.1846 0.9639 0.1916
vn 0.0875 0.9874 0.1317
vn 0.0419 0.9952 0.0883
vn 0.0219 0.9991 0.0372
vn 0.0020 0.9999 0.0138
vn -0.0000 1.0000 0.0061
vn -0.0031 1.0000 0.0038
vn -0.0039 1.0000 0.0045
vn -0.0043 1.0000 0.0085
vn -0.0027 1.0000 0.0037
vn -0.0028 1.0000 0.0049
vn -0.0017 1.0000 0.0055
vn -0.0028 1.0000 0.0018
vn -0.0029 1.0000 -0.0013
vn 0.0030 1.0000 -0.0088
vn -0.0081 0.9999 -0.0100
vn -0.0106 0.9997 -0.0221
vn -0.0151 0.9998 -0.0115
vn -0.0254 0.9995 -0.0183
vn -0.0199 0.9998 -0.0080
vn -0.0298 0.9995 -0.0087
vn -0.0197 0.9998 -0.0054
vn -0.0250 0.9997 -0.0003
vn -0.0163 0.9999 -0.0030
vn -0.0133 0.9998 0.0158
vn -0.0108 0.9999 0.0004
vn 0.0048 0.9994 0.0339
vn -0.0037 1.0000 0.0077
vn 0.0188 0.9984 0.0530
vn 0.0023 0.9996 0.0296
vn 0.0231 0.9959 0.0874
vn 0.0081 0.9979 0.0646
vn 0.0235 0.9913 0.1291
vn 0.0136 0.9946 0.1033
vn 0.0242 0.9865 0.1620
vn 0.0147 0.9899 0.1407
vn 0.0230 0.9830 0.1823
vn 0.0040 0.9989 0.0463
vn 0.0047 0.9956 0.0933
vn -0.0006 0.9885 0.1512
vn -0.0011 0.9983 0.0583
vn -0.0091 0.9914 0.1309
vn -0.0174 0.9827 0.1846
vn -0.0084 0.9821 0.1880
vn -0.0393 0.9718 0.2324
vn -0.0203 0.9739 0.2262
vn -0.1037 0.9121 0.3966
vn -0.0564 0.9681 0.2443
vn -0.1493 0.9036 0.4016
vn -0.1525 0.9131 0.3782
vn -0.1879 0.8950 0.4046
vn -0.1841 0.9103 0.3707
vn -0.0667 0.9871 0.1456
vn -0.2190 0.9041 0.3669
vn -0.0990 0.9796 0.1748
vn -0.0030 1.0000 0.0038
vn -0.1668 0.9650 0.2026
vn -0.0508 0.9975 0.0498
vn 0.1190 0.9807 -0.1551
vn -0.1022 0.9913 0.0827
vn 0.0820 0.9940 -0.0725
vn 0.3835 0.8656 -0.3221
vn 0.0488 0.9988 -0.0073
vn 0.3924 0.8976 -0.2007
vn 0.6848 0.6191 -0.3843
vn 0.3912 0.9146 -0.1020
vn 0.7197 0.6521 -0.2381
vn 0.8622 0.3959 -0.3160
vn 0.7330 0.6749 -0.0849
vn 0.9025 0.4069 -0.1408
vn 0.9624 0.2104 -0.1717
vn 0.9092 0.4154 0.0294
vn 0.9771 0.2120 0.0166
vn 0.9999 -0.0158 0.0049
vn 0.9577 0.2180 0.1879
vn 0.9818 -0.0243 0.1886
vn 0.9079 -0.3932 0.1455
vn 0.9226 -0.3857 -0.0010
vn 0.9361 -0.0227 0.3511
vn 0.9141 0.2205 0.3403
vn 0.8453 0.2141 0.4895
vn 0.8524 0.4176 0.3147
vn 0.7938 0.3967 0.4609
vn 0.7060 0.3664 0.6060
vn 0.6395 0.6610 0.3925
vn 0.5705 0.6235 0.5346
vn 0.4618 0.5837 0.6679
vn 0.3107 0.8720 0.3782
vn 0.2299 0.8311 0.5065
vn 0.1235 0.8234 0.5539
vn -0.0119 0.9525 0.3044
vn -0.0943 0.9354 0.3407
vn -0.0528 0.9632 0.2637
vn -0.2248 0.9581 0.1773
vn -0.1184 0.9859 0.1180
vn 0.0016 0.9982 0.0599
vn -0.1135 0.9927 0.0400
vn -0.0108 0.9993 0.0370
vn -0.0327 0.9992 0.0233
vn -0.0031 0.9995 0.0322
vn -0.0243 0.9980 0.0579
vn -0.0819 0.9915 0.1007
vn -0.0048 0.9997 0.0256
vn -0.0327 0.9977 0.0595
vn -0.0882 0.9869 0.1352
vn -0.0027 0.9999 0.0127
vn -0.0201 0.9991 0.0375
vn -0.0333 0.9957 0.0862
vn 0.0007 1.0000 0.0062
vn -0.0030 0.9999 0.0139
vn 0.0005 0.9998 0.0193
vn 0.0055 0.9932 0.1159
vn 0.0043 0.9999 0.0138
vn -0.0001 1.0000 0.0029
vn -0.0011 1.0000 0.0029
vn -0.0021 1.0000 0.0029
vn -0.0012 1.0000 0.0013
vn -0.0016 1.0000 0.0019
vn -0.0019 1.0000 0.0024
vn -0.0013 1.0000 -0.0007
vn -0.0020 1.0000 -0.0018
vn -0.0044 1.0000 -0.0044
vn -0.0030 1.0000 -0.0037
vn -0.0069 1.0000 -0.0064
vn -0.0042 1.0000 -0.0029
vn -0.0090 0.9999 -0.0050
vn -0.0051 1.0000 -0.0018
vn -0.0099 0.9999 -0.0040
vn -0.0055 1.0000 -0.0020
vn -0.0101 0.9999 -0.0041
vn -0.0044 1.0000 -0.0053
vn -0.0084 0.9999 -0.0058
vn -0.0032 1.0000 -0.0085
vn -0.0052 1.0000 -0.0068
vn -0.0025 1.0000 -0.0074
vn -0.0030 1.0000 0.0003
vn -0.0014 1.0000 -0.0022
vn 0.0003 0.9999 0.0171
vn 0.0004 0.9999 0.0144
vn -0.0005 1.0000 -0.0068
vn 0.0007 1.0000 0.0003
vn -0.0018 0.9994 0.0343
vn 0.0014 1.0000 -0.0056
vn 0.0003 0.9999 0.0148
vn -0.0085 0.9973 0.0724
vn -0.0103 0.9944 0.1052
vn -0.0239 0.9889 0.1466
vn -0.0207 0.9847 0.1733
vn -0.0775 0.9658 0.2474
vn -0.0272 0.9937 0.1087
vn -0.1025 0.9678 0.2299
vn -0.2263 0.8928 0.3895
vn -0.1333 0.9713 0.1970
vn -0.2809 0.8976 0.3398
vn -0.2865 0.8955 0.3405
vn -0.3553 0.8947 0.2708
vn -0.3873 0.8818 0.2690
vn -0.2490 0.9507 0.1848
vn -0.4819 0.8528 0.2010
vn -0.3029 0.9425 0.1415
vn -0.1339 0.9875 0.0832
vn -0.3360 0.9352 0.1119
vn -0.1564 0.9851 0.0713
vn 0.0368 0.9992 0.0165
vn -0.1848 0.9810 0.0597
vn 0.0357 0.9989 0.0311
vn 0.3950 0.9185 -0.0169
vn 0.0367 0.9993 0.0112
vn 0.4014 0.9154 0.0309
vn 0.7286 0.6839 0.0385
vn 0.4041 0.9116 0.0752
vn 0.7144 0.6860 0.1381
vn 0.8899 0.4213 0.1749
vn 0.6840 0.6817 0.2598
vn 0.3860 0.9061 0.1734
vn 0.3513 0.8955 0.2732
vn 0.0607 0.9948 0.0819
vn 0.0581 0.9862 0.1552
vn 0.0488 0.9761 0.2120
vn -0.1515 0.9861 0.0688
vn -0.1311 0.9862 0.1009
vn -0.1773 0.9702 0.1650
vn -0.2674 0.9633 0.0255
vn -0.3078 0.9492 0.0655
vn -0.2853 0.9563 0.0639
vn -0.0746 0.9972 0.0076
vn -0.0386 0.9992 -0.0047
vn 0.0037 0.9999 0.0143
vn -0.0190 0.9998 -0.0021
vn 0.0049 1.0000 0.0058
vn 0.0038 1.0000 0.0062
vn 0.0035 1.0000 0.0057
vn 0.0043 1.0000 0.0047
vn 0.0033 1.0000 0.0040
vn 0.0036 1.0000 0.0036
vn 0.0029 1.0000 0.0032
vn 0.0024 1.0000 0.0024
vn 0.0024 1.0000 0.0005
vn 0.0020 1.0000 0.0008
vn 0.0013 1.0000 0.0008
vn 0.0013 1.0000 0.0024
vn -0.0000 1.0000 0.0009
vn 0.0012 1.0000 -0.0009
vn 0.0001 1.0000 -0.0007
vn -0.0010 1.0000 -0.0006
vn 0.0002 1.0000 -0.0017
vn -0.0009 1.0000 -0.0017
vn -0.0016 1.0000 -0.0023
vn -0.0010 1.0000 -0.0015
vn -0.0022 1.0000 -0.0019
vn -0.0026 1.0000 -0.0007
vn -0.0009 1.0000 -0.0004
vn -0.0025 1.0000 -0.0007
vn -0.0019 1.0000 -0.0034
vn -0.0016 1.0000 -0.0068
vn -0.0013 1.0000 -0.0083
vn 0.0004 1.0000 -0.0081
vn 0.0010 1.0000 -0.0072
vn 0.0021 1.0000 -0.0080
vn 0.0031 1.0000 -0.0070
vn 0.0043 1.0000 -0.0056
vn 0.0022 1.0000 0.0005
vn 0.0015 0.9999 0.0129
vn -0.0045 0.9993 0.0382
vn -0.0267 0.9971 0.0711
vn 0.0092 1.0000 0.0021
vn -0.0140 0.9989 0.0444
vn -0.1533 0.9747 0.1627
vn 0.0095 0.9996 0.0250
vn -0.1509 0.9808 0.1236
vn -0.4327 0.8757 0.2141
vn -0.1551 0.9855 0.0687
vn -0.5061 0.8498 0.1475
vn -0.5575 0.8164 0.1505
vn -0.5450 0.8359 0.0655
vn -0.5909 0.8024 0.0838
vn -0.3545 0.9319 0.0763
vn -0.5942 0.8035 -0.0363
vn -0.3546 0.9348 -0.0214
vn -0.2030 0.9792 -0.0054
vn -0.3434 0.9364 -0.0724
vn -0.1926 0.9801 -0.0487
vn 0.0508 0.9987 0.0042
vn -0.1744 0.9846 0.0144
vn -0.3316 0.9431 -0.0235
vn -0.2983 0.9545 0.0065
vn -0.5267 0.8479 -0.0607
vn -0.4655 0.8835 -0.0517
vn -0.5144 0.8533 -0.0853
vn -0.4841 0.8714 -0.0795
vn -0.2039 0.9778 -0.0492
vn -0.2162 0.9755 -0.0396
vn -0.0017 1.0000 -0.0047
vn -0.0101 0.9999 0.0018
vn 0.0044 1.0000 0.0020
vn 0.0047 1.0000 -0.0018
vn 0.0102 0.9999 -0.0080
vn 0.0131 0.9997 -0.0187
vn 0.0189 0.9997 -0.0132
vn 0.0281 0.9994 -0.0196
vn -0.1795 0.9821 -0.0572
vn -0.1646 0.9857 -0.0349
vn 0.0337 0.9994 -0.0097
vn -0.1611 0.9868 0.0159
vn -0.5412 0.8355 -0.0949
vn -0.5554 0.8304 -0.0445
vn -0.5732 0.8142 -0.0920
vn 0.0231 0.9997 -0.0040
vn 0.0243 0.9997 -0.0091
vn 0.0280 0.9996 0.0045
vn 0.0126 0.9999 -0.0038
vn 0.0114 0.9999 -0.0061
vn 0.0081 0.9999 -0.0068
vn 0.0042 1.0000 -0.0030
vn 0.0028 1.0000 -0.0027
vn 0.0019 1.0000 -0.0018
vn 0.0018 1.0000 -0.0013
vn 0.0011 1.0000 -0.0017
vn 0.0020 1.0000 -0.0009
vn 0.0010 1.0000 -0.0012
vn 0.0002 1.0000 -0.0015
vn 0.0009 1.0000 -0.0005
vn 0.0002 1.0000 -0.0006
vn 0.0008 1.0000 -0.0009
vn 0.0002 1.0000 -0.0005
vn 0.0018 1.0000 -0.0008
vn 0.0017 1.0000 -0.0021
vn 0.0051 1.0000 -0.0022
vn 0.0043 1.0000 -0.0044
vn 0.0109 0.9999 -0.0037
vn 0.0077 1.0000 -0.0051
vn 0.0168 0.9999 -0.0008
vn 0.0052 1.0000 -0.0017
vt 0.500708 0.762756
vt 0.504835 0.755495
vt 0.515153 0.762010
vt 0.516173 0.768269
vt 0.527035 0.765268
vt 0.521691 0.758341
vt 0.510575 0.749460
vt 0.474477 0.550524
vt 0.477732 0.561803
vt 0.470370 0.563548
vt 0.464980 0.556395
vt 0.456002 0.564219
vt 0.466193 0.570440
vt 0.476063 0.571968
vt 0.505064 0.612612
vt 0.514111 0.613836
vt 0.511469 0.620734
vt 0.504296 0.622126
vt 0.506118 0.629764
vt 0.515327 0.625205
vt 0.521536 0.616603
vt 0.638519 0.617443
vt 0.645899 0.609839
vt 0.650713 0.618694
vt 0.646929 0.626092
vt 0.654207 0.630270
vt 0.657181 0.618969
vt 0.654694 0.605506
vt 0.869565 0.124184
vt 0.876253 0.132452
vt 0.866591 0.139348
vt 0.860206 0.135528
vt 0.881085 0.141455
vt 0.866555 0.146567
vt 0.856427 0.144772
vt 0.843745 0.272444
vt 0.838027 0.280487
vt 0.833631 0.274574
vt 0.835211 0.266904
vt 0.825111 0.262892
vt 0.826465 0.274891
vt 0.829930 0.284867
vt 0.779146 0.108947
vt 0.768046 0.104042
vt 0.772911 0.096055
vt 0.781884 0.094422
vt 0.756933 0.091341
vt 0.766787 0.082862
vt 0.778384 0.076899
vt 0.782273 0.289146
vt 0.785008 0.301513
vt 0.777463 0.301591
vt 0.772859 0.293724
vt 0.764155 0.301216
vt 0.773378 0.309286
vt 0.783123 0.313588
vt 0.793165 0.326229
vt 0.780078 0.325107
vt 0.793633 0.314657
vt 0.767448 0.319711
vt 0.793351 0.301422
vt 0.805286 0.314295
vt 0.803418 0.301191
vt 0.791407 0.287819
vt 0.800975 0.287650
vt 0.787940 0.274897
vt 0.798191 0.274271
vt 0.808048 0.274503
vt 0.810959 0.287565
vt 0.814262 0.300523
vt 0.829965 0.310579
vt 0.817676 0.313280
vt 0.824966 0.298347
vt 0.820654 0.286977
vt 0.834881 0.294563
vt 0.817507 0.274654
vt 0.805423 0.261282
vt 0.815212 0.261708
vt 0.803214 0.248567
vt 0.814045 0.249427
vt 0.825510 0.251758
vt 0.813835 0.237693
vt 0.827033 0.241182
vt 0.840399 0.247218
vt 0.837356 0.256401
vt 0.852404 0.253851
vt 0.848036 0.263189
vt 0.863391 0.260277
vt 0.857550 0.270105
vt 0.851377 0.279303
vt 0.866630 0.277312
vt 0.859264 0.287210
vt 0.850817 0.296577
vt 0.843912 0.287949
vt 0.840954 0.304862
vt 0.858295 0.305779
vt 0.847536 0.315423
vt 0.834787 0.322113
vt 0.852702 0.323153
vt 0.838238 0.330524
vt 0.822286 0.333336
vt 0.820658 0.325144
vt 0.807314 0.333492
vt 0.806631 0.325801
vt 0.792889 0.334889
vt 0.807788 0.340045
vt 0.792773 0.341304
vt 0.775612 0.340669
vt 0.777419 0.334436
vt 0.758830 0.334383
vt 0.762521 0.328167
vt 0.744275 0.323729
vt 0.749438 0.317487
vt 0.756110 0.309926
vt 0.738023 0.305315
vt 0.746583 0.297963
vt 0.756119 0.290559
vt 0.737612 0.285065
vt 0.748202 0.278562
vt 0.759389 0.272410
vt 0.766343 0.283744
vt 0.771467 0.267070
vt 0.777062 0.278171
vt 0.783591 0.262999
vt 0.766109 0.255662
vt 0.778960 0.251583
vt 0.791614 0.249074
vt 0.794989 0.261226
vt 0.774862 0.240209
vt 0.788649 0.237604
vt 0.801389 0.236754
vt 0.786075 0.226488
vt 0.799966 0.225471
vt 0.814527 0.227137
vt 0.799736 0.215328
vt 0.815779 0.218163
vt 0.832233 0.223217
vt 0.829744 0.231757
vt 0.847771 0.228462
vt 0.844250 0.237931
vt 0.861313 0.233468
vt 0.857130 0.244021
vt 0.873963 0.238458
vt 0.869090 0.249772
vt 0.886528 0.243602
vt 0.880349 0.255458
vt 0.873648 0.266782
vt 0.891517 0.261584
vt 0.883460 0.273541
vt 0.875529 0.284771
vt 0.892563 0.280333
vt 0.883898 0.291812
vt 0.874816 0.302712
vt 0.867404 0.295467
vt 0.864615 0.313204
vt 0.881077 0.308620
vt 0.869758 0.319021
vt 0.856451 0.329105
vt 0.874153 0.324461
vt 0.859465 0.334060
vt 0.842632 0.341679
vt 0.840384 0.336393
vt 0.824554 0.345083
vt 0.823507 0.339617
vt 0.808321 0.345705
vt 0.825625 0.350425
vt 0.809006 0.352224
vt 0.792446 0.352704
vt 0.792626 0.346919
vt 0.773156 0.351792
vt 0.774312 0.346262
vt 0.753296 0.344706
vt 0.755878 0.339644
vt 0.735564 0.335155
vt 0.739862 0.329116
vt 0.719381 0.323901
vt 0.725234 0.317582
vt 0.731162 0.311679
vt 0.711789 0.304487
vt 0.719137 0.298243
vt 0.727542 0.291904
vt 0.707875 0.283823
vt 0.717778 0.277457
vt 0.728973 0.271147
vt 0.709019 0.262347
vt 0.721713 0.256682
vt 0.734827 0.251785
vt 0.740891 0.265491
vt 0.747721 0.247500
vt 0.753093 0.260354
vt 0.761233 0.243687
vt 0.743380 0.234278
vt 0.757414 0.231379
vt 0.771688 0.228743
vt 0.754976 0.218852
vt 0.769530 0.217144
vt 0.784487 0.215524
vt 0.769247 0.205730
vt 0.784724 0.205560
vt 0.800590 0.205976
vt 0.785766 0.195469
vt 0.801763 0.197495
vt 0.818497 0.201382
vt 0.817432 0.209711
vt 0.834980 0.205407
vt 0.834111 0.214485
vt 0.850151 0.208468
vt 0.849798 0.218628
vt 0.864653 0.211497
vt 0.863933 0.222615
vt 0.878621 0.214687
vt 0.877245 0.226826
vt 0.892007 0.217860
vt 0.890423 0.231052
vt 0.905001 0.220984
vt 0.902749 0.235101
vt 0.898621 0.248962
vt 0.915453 0.239504
vt 0.909846 0.254417
vt 0.901751 0.268108
vt 0.919091 0.259184
vt 0.909842 0.274000
vt 0.900302 0.286433
vt 0.916841 0.278409
vt 0.907263 0.291666
vt 0.897700 0.303307
vt 0.891171 0.297839
vt 0.886760 0.314241
vt 0.903583 0.308486
vt 0.892183 0.319834
vt 0.878493 0.330052
vt 0.897290 0.325335
vt 0.883081 0.335927
vt 0.866400 0.344828
vt 0.862623 0.339128
vt 0.847186 0.352675
vt 0.844454 0.346826
vt 0.827371 0.357481
vt 0.850362 0.359293
vt 0.830434 0.365443
vt 0.810910 0.368532
vt 0.809573 0.359986
vt 0.790805 0.367714
vt 0.791652 0.359882
vt 0.769537 0.364264
vt 0.771200 0.357581
vt 0.747146 0.357244
vt 0.750120 0.350431
vt 0.726639 0.348489
vt 0.731023 0.341598
vt 0.708525 0.336182
vt 0.713738 0.330191
vt 0.692199 0.321544
vt 0.698176 0.316342
vt 0.704847 0.310506
vt 0.684453 0.300378
vt 0.691834 0.295365
vt 0.699585 0.289782
vt 0.679828 0.278327
vt 0.687985 0.273692
vt 0.697165 0.268389
vt 0.678615 0.255362
vt 0.689307 0.251433
vt 0.702228 0.246685
vt 0.684328 0.233281
vt 0.698088 0.229808
vt 0.711621 0.226645
vt 0.715816 0.242001
vt 0.725812 0.223477
vt 0.729479 0.237837
vt 0.740497 0.220785
vt 0.724109 0.208769
vt 0.739172 0.207271
vt 0.754503 0.206358
vt 0.739254 0.193913
vt 0.754921 0.194128
vt 0.770316 0.194555
vt 0.756773 0.182429
vt 0.772378 0.183952
vt 0.787527 0.185869
vt 0.775285 0.173520
vt 0.789883 0.176083
vt 0.803958 0.179181
vt 0.802902 0.188538
vt 0.818624 0.182647
vt 0.818872 0.192183
vt 0.833355 0.185527
vt 0.834412 0.195535
vt 0.847943 0.187854
vt 0.849257 0.198010
vt 0.862595 0.189789
vt 0.863871 0.200419
vt 0.877268 0.191328
vt 0.878159 0.202762
vt 0.891486 0.192724
vt 0.892202 0.204987
vt 0.905372 0.193878
vt 0.905796 0.207140
vt 0.919050 0.194824
vt 0.919040 0.209108
vt 0.918051 0.224007
vt 0.930677 0.210772
vt 0.928672 0.226198
vt 0.925332 0.242738
vt 0.937466 0.228290
vt 0.933202 0.245267
vt 0.926454 0.262716
vt 0.940333 0.247737
vt 0.933170 0.265682
vt 0.923171 0.282215
vt 0.939211 0.268544
vt 0.929292 0.285411
vt 0.919633 0.300162
vt 0.913552 0.296110
vt 0.909216 0.313165
vt 0.925128 0.303654
vt 0.914660 0.317472
vt 0.902595 0.330487
vt 0.920769 0.321923
vt 0.908325 0.335692
vt 0.893254 0.348232
vt 0.887749 0.342015
vt 0.875274 0.358951
vt 0.870242 0.351442
vt 0.854729 0.367717
vt 0.694774 0.548914
vt 0.686732 0.528081
vt 0.695650 0.522225
vt 0.704078 0.545501
vt 0.675459 0.508628
vt 0.682310 0.502358
vt 0.833089 0.373597
vt 0.660302 0.490703
vt 0.665589 0.484379
vt 0.811488 0.375903
vt 0.642519 0.473409
vt 0.647329 0.466251
vt 0.789888 0.375903
vt 0.622314 0.459071
vt 0.626545 0.450225
vt 0.766521 0.373002
vt 0.599717 0.449403
vt 0.602190 0.439800
vt 0.743234 0.365493
vt 0.575325 0.443840
vt 0.576435 0.434835
vt 0.722054 0.355164
vt 0.550903 0.441981
vt 0.551204 0.433339
vt 0.703154 0.341822
vt 0.526628 0.442698
vt 0.526476 0.434429
vt 0.686267 0.326334
vt 0.502331 0.445213
vt 0.501490 0.437130
vt 0.677569 0.304756
vt 0.671214 0.309068
vt 0.657672 0.289313
vt 0.664917 0.285750
vt 0.672136 0.282361
vt 0.654129 0.264348
vt 0.661546 0.261567
vt 0.669619 0.258634
vt 0.654941 0.240174
vt 0.663363 0.238083
vt 0.673057 0.235884
vt 0.659533 0.217455
vt 0.669725 0.216057
vt 0.681365 0.214421
vt 0.668245 0.195749
vt 0.680349 0.195300
vt 0.694312 0.194848
vt 0.695129 0.212496
vt 0.708723 0.194353
vt 0.709388 0.210559
vt 0.723904 0.194063
vt 0.710102 0.178451
vt 0.725432 0.179658
vt 0.741035 0.180991
vt 0.728538 0.165871
vt 0.744252 0.168528
vt 0.759837 0.171084
vt 0.748280 0.156709
vt 0.763797 0.160201
vt 0.779014 0.163202
vt 0.768642 0.149870
vt 0.783417 0.152896
vt 0.796296 0.155367
vt 0.792761 0.165958
vt 0.807795 0.158333
vt 0.805543 0.169077
vt 0.819298 0.162141
vt 0.818557 0.172673
vt 0.831658 0.165860
vt 0.832293 0.175710
vt 0.845054 0.168518
vt 0.846499 0.177967
vt 0.859123 0.169998
vt 0.861013 0.179613
vt 0.873917 0.170479
vt 0.875824 0.180599
vt 0.888575 0.170000
vt 0.890274 0.181018
vt 0.902701 0.169014
vt 0.904309 0.181165
vt 0.916536 0.167720
vt 0.918123 0.181034
vt 0.929558 0.166180
vt 0.931211 0.180727
vt 0.931609 0.195631
vt 0.941091 0.180328
vt 0.941290 0.196145
vt 0.940117 0.212061
vt 0.950125 0.196566
vt 0.948691 0.213261
vt 0.945438 0.230198
vt 0.956688 0.214420
vt 0.953087 0.232024
vt 0.947389 0.250049
vt 0.960284 0.233956
vt 0.954163 0.252642
vt 0.945565 0.271339
vt 0.960692 0.254798
vt 0.951566 0.273863
vt 0.941059 0.291653
vt 0.935007 0.288507
vt 0.930903 0.307397
vt 0.692078 0.649331
vt 0.695169 0.632831
vt 0.701972 0.632886
vt 0.698334 0.649931
vt 0.698573 0.613837
vt 0.705961 0.613857
vt 0.689257 0.632591
vt 0.691839 0.614618
vt 0.692695 0.594231
vt 0.700173 0.592934
vt 0.708290 0.592461
vt 0.691077 0.573434
vt 0.699280 0.571104
vt 0.708115 0.569388
vt 0.686190 0.552844
vt 0.683970 0.575601
vt 0.678464 0.556566
vt 0.670610 0.538028
vt 0.678111 0.533130
vt 0.660300 0.520651
vt 0.667536 0.514516
vt 0.647839 0.504771
vt 0.654063 0.497321
vt 0.632520 0.490097
vt 0.637252 0.481316
vt 0.614400 0.477866
vt 0.618005 0.468381
vt 0.594348 0.468952
vt 0.596775 0.459291
vt 0.572325 0.463180
vt 0.573765 0.453590
vt 0.549573 0.460875
vt 0.550247 0.451281
vt 0.526922 0.460950
vt 0.526765 0.451649
vt 0.504343 0.463277
vt 0.503214 0.454050
vt 0.482214 0.468129
vt 0.479893 0.459032
vt 0.477768 0.450128
vt 0.457430 0.467280
vt 0.454075 0.458958
vt 0.450941 0.451043
vt 0.476004 0.441778
vt 0.431409 0.471009
vt 0.427044 0.464400
vt 0.646859 0.241956
vt 0.646598 0.267059
vt 0.639575 0.243526
vt 0.635679 0.220201
vt 0.643045 0.219380
vt 0.650858 0.218576
vt 0.641533 0.196509
vt 0.649322 0.196330
vt 0.658125 0.196111
vt 0.649705 0.173747
vt 0.658905 0.174319
vt 0.669088 0.175214
vt 0.661502 0.153223
vt 0.672012 0.155225
vt 0.684171 0.157688
vt 0.681342 0.176245
vt 0.698576 0.160485
vt 0.695397 0.177372
vt 0.713451 0.163183
vt 0.703042 0.144309
vt 0.717600 0.148701
vt 0.732783 0.152796
vt 0.723766 0.135333
vt 0.738443 0.140702
vt 0.753480 0.145611
vt 0.745366 0.129443
vt 0.759760 0.135348
vt 0.774318 0.139966
vt 0.766735 0.125855
vt 0.780214 0.130161
vt 0.793174 0.131022
vt 0.788261 0.142289
vt 0.804709 0.132015
vt 0.800331 0.144117
vt 0.814691 0.134608
vt 0.810948 0.146884
vt 0.824771 0.139082
vt 0.821438 0.150883
vt 0.834970 0.144581
vt 0.832577 0.155345
vt 0.845219 0.149480
vt 0.844307 0.159111
vt 0.855972 0.152907
vt 0.857194 0.161327
vt 0.869155 0.153424
vt 0.871630 0.161208
vt 0.884046 0.150128
vt 0.886506 0.159649
vt 0.897544 0.145912
vt 0.900534 0.157299
vt 0.910724 0.141658
vt 0.914159 0.154611
vt 0.922862 0.137785
vt 0.926794 0.151988
vt 0.932118 0.134648
vt 0.936503 0.149570
vt 0.939526 0.164752
vt 0.945061 0.147325
vt 0.948367 0.163367
vt 0.950061 0.179890
vt 0.956519 0.162230
vt 0.958145 0.179417
vt 0.958254 0.196902
vt 0.966136 0.179043
vt 0.966179 0.197066
vt 0.964317 0.215396
vt 0.973631 0.197369
vt 0.971420 0.216422
vt 0.967118 0.235684
vt 0.666510 0.718223
vt 0.676039 0.700987
vt 0.682141 0.703547
vt 0.672195 0.721699
vt 0.684022 0.683045
vt 0.690205 0.684903
vt 0.670553 0.698289
vt 0.678070 0.681294
vt 0.682889 0.664870
vt 0.688926 0.665642
vt 0.695387 0.666815
vt 0.686022 0.649022
vt 0.677597 0.663526
vt 0.680823 0.648752
vt 0.683868 0.632886
vt 0.676102 0.648367
vt 0.678977 0.633279
vt 0.681335 0.615812
vt 0.686206 0.615082
vt 0.681171 0.596890
vt 0.686495 0.595452
vt 0.677993 0.577859
vt 0.676427 0.597944
vt 0.672670 0.580004
vt 0.666266 0.563115
vt 0.671960 0.559789
vt 0.657769 0.546734
vt 0.663747 0.542316
vt 0.647595 0.531478
vt 0.653673 0.525954
vt 0.636056 0.517896
vt 0.641855 0.511186
vt 0.622727 0.505474
vt 0.627651 0.497807
vt 0.607032 0.494475
vt 0.610665 0.486383
vt 0.588952 0.485772
vt 0.591546 0.477598
vt 0.569081 0.479984
vt 0.570678 0.471864
vt 0.547955 0.477093
vt 0.548697 0.469368
vt 0.526657 0.477009
vt 0.526666 0.469377
vt 0.505921 0.479138
vt 0.504978 0.471642
vt 0.485904 0.483629
vt 0.484087 0.476399
vt 0.466755 0.490917
vt 0.463873 0.484139
vt 0.460746 0.476029
vt 0.445077 0.494494
vt 0.440635 0.487057
vt 0.435855 0.478707
vt 0.422265 0.500224
vt 0.416064 0.492637
vt 0.410147 0.485431
vt 0.398271 0.508176
vt 0.391403 0.501833
vt 0.385417 0.496238
vt 0.405048 0.479574
vt 0.374585 0.519983
vt 0.368182 0.515114
vt 0.641496 0.173299
vt 0.633917 0.196717
vt 0.633862 0.172931
vt 0.635894 0.148792
vt 0.643555 0.150083
vt 0.652077 0.151514
vt 0.648467 0.127144
vt 0.656913 0.129705
vt 0.665994 0.132598
vt 0.665199 0.107869
vt 0.673925 0.112258
vt 0.683567 0.117316
vt 0.676299 0.135730
vt 0.695668 0.123277
vt 0.688905 0.139802
vt 0.709589 0.129552
vt 0.704881 0.108218
vt 0.717576 0.115842
vt 0.731301 0.122827
vt 0.726903 0.102799
vt 0.739409 0.111196
vt 0.752708 0.119221
vt 0.748042 0.100804
vt 0.760478 0.110786
vt 0.773545 0.117450
vt 0.789650 0.107755
vt 0.785564 0.119636
vt 0.801389 0.104975
vt 0.797591 0.118897
vt 0.813105 0.104060
vt 0.809097 0.118796
vt 0.824351 0.107198
vt 0.819082 0.121268
vt 0.834897 0.114062
vt 0.829280 0.126800
vt 0.844656 0.121387
vt 0.838930 0.133409
vt 0.853185 0.128605
vt 0.847858 0.139721
vt 0.851903 0.108894
vt 0.861319 0.116624
vt 0.859831 0.096892
vt 0.870208 0.105753
vt 0.879661 0.114631
vt 0.879193 0.095482
vt 0.889981 0.105419
vt 0.899320 0.116468
vt 0.887937 0.124133
vt 0.905937 0.128808
vt 0.893711 0.134901
vt 0.909911 0.109299
vt 0.917716 0.123263
vt 0.917747 0.103899
vt 0.926275 0.119289
vt 0.924400 0.099562
vt 0.933408 0.115710
vt 0.940147 0.131671
vt 0.940216 0.112331
vt 0.947559 0.128725
vt 0.953014 0.145286
vt 0.954913 0.125967
vt 0.960677 0.143343
vt 0.964430 0.161019
vt 0.967861 0.141468
vt 0.971932 0.160032
vt 0.973770 0.178625
vt 0.629982 0.761503
vt 0.643254 0.748423
vt 0.648478 0.753479
vt 0.634669 0.766953
vt 0.655531 0.734178
vt 0.660866 0.738535
vt 0.638466 0.743812
vt 0.650125 0.730224
vt 0.661005 0.714941
vt 0.645098 0.726341
vt 0.655722 0.711826
vt 0.665276 0.695874
vt 0.650488 0.708734
vt 0.659931 0.693518
vt 0.667459 0.677649
vt 0.672693 0.679343
vt 0.672647 0.662535
vt 0.662245 0.675823
vt 0.667542 0.661503
vt 0.671337 0.647927
vt 0.662242 0.660350
vt 0.666652 0.647362
vt 0.670406 0.633498
vt 0.674728 0.633392
vt 0.672737 0.617095
vt 0.677050 0.616340
vt 0.671698 0.599286
vt 0.668322 0.617866
vt 0.666795 0.600982
vt 0.661218 0.585059
vt 0.667152 0.582295
vt 0.653680 0.570623
vt 0.660333 0.566571
vt 0.644592 0.557395
vt 0.651601 0.551541
vt 0.634361 0.545122
vt 0.641145 0.537804
vt 0.623053 0.533879
vt 0.629788 0.525490
vt 0.611085 0.523088
vt 0.617278 0.513695
vt 0.597689 0.512898
vt 0.602706 0.503062
vt 0.582345 0.503885
vt 0.585977 0.494339
vt 0.564959 0.497284
vt 0.567140 0.488246
vt 0.546042 0.493683
vt 0.547054 0.485003
vt 0.526494 0.493014
vt 0.526558 0.484627
vt 0.507531 0.494721
vt 0.506638 0.486469
vt 0.489565 0.498669
vt 0.487553 0.490712
vt 0.472508 0.504986
vt 0.469455 0.497606
vt 0.456484 0.513755
vt 0.452592 0.507307
vt 0.448871 0.501082
vt 0.436883 0.518871
vt 0.432367 0.513241
vt 0.427673 0.507147
vt 0.417083 0.527135
vt 0.411572 0.521591
vt 0.405385 0.515334
vt 0.396831 0.537890
vt 0.389894 0.532273
vt 0.382113 0.525853
vt 0.375673 0.551121
vt 0.367295 0.545989
vt 0.359446 0.540992
vt 0.354702 0.568584
vt 0.346368 0.564895
vt 0.338887 0.561270
vt 0.352918 0.536919
vt 0.336456 0.590221
vt 0.327801 0.587802
vt 0.657129 0.104017
vt 0.640581 0.124685
vt 0.649453 0.100506
vt 0.662313 0.078189
vt 0.669500 0.082839
vt 0.677096 0.088270
vt 0.683052 0.064534
vt 0.690121 0.070969
vt 0.697526 0.077959
vt 0.685260 0.094135
vt 0.705823 0.085587
vt 0.694002 0.100666
vt 0.715608 0.094044
vt 0.718171 0.070849
vt 0.726804 0.080330
vt 0.736880 0.090636
vt 0.738891 0.066796
vt 0.747354 0.078974
vt 0.753505 0.054187
vt 0.759672 0.067813
vt 0.771111 0.046306
vt 0.774380 0.060880
vt 0.790283 0.044099
vt 0.790940 0.056947
vt 0.791677 0.073041
vt 0.808946 0.055576
vt 0.806877 0.071082
vt 0.804324 0.088147
vt 0.791755 0.090730
vt 0.822707 0.072001
vt 0.817582 0.088214
vt 0.836256 0.078672
vt 0.829867 0.093241
vt 0.848696 0.087761
vt 0.841483 0.100784
vt 0.842641 0.064829
vt 0.856104 0.075397
vt 0.867857 0.085623
vt 0.863199 0.064037
vt 0.875636 0.075309
vt 0.887516 0.085920
vt 0.882694 0.066681
vt 0.894533 0.077881
vt 0.906819 0.089882
vt 0.899393 0.096778
vt 0.900902 0.071500
vt 0.912978 0.084451
vt 0.906708 0.065843
vt 0.918780 0.079372
vt 0.930861 0.095274
vt 0.924777 0.075015
vt 0.936865 0.091407
vt 0.946964 0.108853
vt 0.943148 0.087604
vt 0.953489 0.105438
vt 0.961742 0.123304
vt 0.581491 0.793584
vt 0.598466 0.784561
vt 0.601896 0.790682
vt 0.584056 0.800021
vt 0.615031 0.773647
vt 0.619055 0.779357
vt 0.595343 0.778855
vt 0.611060 0.768141
vt 0.625511 0.756393
vt 0.607497 0.762949
vt 0.621363 0.751494
vt 0.633747 0.739520
vt 0.617401 0.746585
vt 0.628807 0.735062
vt 0.639820 0.722748
vt 0.622605 0.729483
vt 0.633050 0.718513
vt 0.644569 0.705645
vt 0.624727 0.712894
vt 0.637015 0.702223
vt 0.648281 0.688950
vt 0.654536 0.691205
vt 0.656467 0.674055
vt 0.641732 0.686494
vt 0.650440 0.672235
vt 0.656520 0.658901
vt 0.642867 0.669409
vt 0.648984 0.656505
vt 0.655289 0.644759
vt 0.661482 0.646460
vt 0.660756 0.632424
vt 0.665659 0.633110
vt 0.663286 0.618527
vt 0.661386 0.603071
vt 0.648044 0.592876
vt 0.655065 0.588492
vt 0.638571 0.581907
vt 0.646505 0.575691
vt 0.628028 0.572740
vt 0.636814 0.564347
vt 0.617160 0.563834
vt 0.625771 0.554318
vt 0.606261 0.555168
vt 0.613990 0.545040
vt 0.595172 0.545992
vt 0.602194 0.535652
vt 0.583692 0.537334
vt 0.590375 0.525947
vt 0.571649 0.529059
vt 0.577139 0.516825
vt 0.558261 0.521125
vt 0.561792 0.508633
vt 0.542599 0.516347
vt 0.544605 0.503788
vt 0.526341 0.514131
vt 0.526456 0.502370
vt 0.509752 0.514923
vt 0.508584 0.503898
vt 0.493952 0.518022
vt 0.491695 0.507525
vt 0.478804 0.522589
vt 0.475584 0.513017
vt 0.464403 0.528977
vt 0.460271 0.520798
vt 0.451132 0.537762
vt 0.445961 0.530800
vt 0.441359 0.524595
vt 0.432686 0.542612
vt 0.427314 0.537313
vt 0.422200 0.532252
vt 0.414352 0.551791
vt 0.408596 0.547342
vt 0.402957 0.542782
vt 0.396493 0.564007
vt 0.390132 0.560056
vt 0.383438 0.555928
vt 0.379323 0.579062
vt 0.372067 0.576036
vt 0.363525 0.572318
vt 0.363708 0.597665
vt 0.355045 0.595427
vt 0.345674 0.592899
vt 0.350621 0.619728
vt 0.341165 0.618523
vt 0.331232 0.617040
vt 0.339552 0.644351
vt 0.329406 0.643753
vt 0.320187 0.642964
vt 0.322321 0.615765
vt 0.329606 0.670644
vt 0.319991 0.670132
vt 0.698996 0.047410
vt 0.676587 0.058633
vt 0.693499 0.040458
vt 0.713852 0.024299
vt 0.718437 0.032471
vt 0.722676 0.040447
vt 0.704941 0.054926
vt 0.727135 0.048378
vt 0.711218 0.062701
vt 0.732344 0.056791
vt 0.746115 0.035761
vt 0.749018 0.043643
vt 0.768344 0.028532
vt 0.769147 0.035939
vt 0.790584 0.027448
vt 0.790282 0.034893
vt 0.812090 0.026256
vt 0.811456 0.033618
vt 0.810312 0.042677
vt 0.833284 0.035494
vt 0.830450 0.044380
vt 0.826918 0.056872
vt 0.848672 0.052663
vt 0.853133 0.044222
vt 0.869274 0.055314
vt 0.856799 0.037217
vt 0.874403 0.047967
vt 0.888699 0.059470
vt 0.879117 0.041296
vt 0.894192 0.053107
vt 0.883730 0.034863
vt 0.899439 0.047216
vt 0.912408 0.060580
vt 0.904964 0.041675
vt 0.917686 0.055708
vt 0.930394 0.070510
vt 0.530367 0.809278
vt 0.547971 0.804356
vt 0.549089 0.811456
vt 0.531647 0.816574
vt 0.564510 0.800039
vt 0.566247 0.806883
vt 0.547097 0.797952
vt 0.562597 0.793633
vt 0.578743 0.787588
vt 0.561087 0.788042
vt 0.576446 0.781868
vt 0.592145 0.773396
vt 0.574064 0.776510
vt 0.589243 0.768197
vt 0.603952 0.757949
vt 0.586454 0.762719
vt 0.600504 0.752312
vt 0.612532 0.740708
vt 0.596410 0.745473
vt 0.606439 0.732905
vt 0.614758 0.722279
vt 0.599133 0.725065
vt 0.606950 0.714819
vt 0.617029 0.705854
vt 0.600794 0.708633
vt 0.611591 0.699410
vt 0.623021 0.691331
vt 0.629181 0.697230
vt 0.633451 0.681156
vt 0.616697 0.684621
vt 0.625906 0.674870
vt 0.633648 0.664125
vt 0.617104 0.666615
vt 0.624309 0.656703
vt 0.631664 0.645346
vt 0.640378 0.652108
vt 0.639312 0.635223
vt 0.647583 0.641033
vt 0.623305 0.636240
vt 0.631243 0.626332
vt 0.615275 0.626257
vt 0.623273 0.616540
vt 0.630687 0.607632
vt 0.615395 0.606511
vt 0.622757 0.597937
vt 0.630167 0.589762
vt 0.638644 0.599442
vt 0.614676 0.587905
vt 0.621038 0.580422
vt 0.606416 0.577710
vt 0.611604 0.571066
vt 0.597847 0.566943
vt 0.602284 0.560860
vt 0.588187 0.557367
vt 0.591979 0.551218
vt 0.576997 0.549465
vt 0.580474 0.542964
vt 0.564574 0.543293
vt 0.568303 0.535621
vt 0.551582 0.539556
vt 0.554704 0.530513
vt 0.538058 0.538272
vt 0.540261 0.527365
vt 0.524266 0.538707
vt 0.525369 0.526540
vt 0.510608 0.540231
vt 0.510467 0.527627
vt 0.497348 0.542699
vt 0.496075 0.530371
vt 0.485073 0.546063
vt 0.482233 0.534269
vt 0.469514 0.539804
vt 0.457969 0.547176
vt 0.447370 0.556681
vt 0.438919 0.548639
vt 0.437606 0.568171
vt 0.427749 0.561530
vt 0.420557 0.556439
vt 0.418230 0.576162
vt 0.410032 0.571967
vt 0.402962 0.567979
vt 0.401460 0.588930
vt 0.393387 0.585601
vt 0.386117 0.582245
vt 0.386455 0.604403
vt 0.378420 0.601951
vt 0.371200 0.599837
vt 0.374243 0.623231
vt 0.366812 0.622207
vt 0.359258 0.621020
vt 0.365625 0.645559
vt 0.358035 0.645281
vt 0.349341 0.644926
vt 0.359504 0.670175
vt 0.350414 0.670641
vt 0.340110 0.670806
vt 0.354889 0.696422
vt 0.344338 0.697874
vt 0.333328 0.699148
vt 0.353257 0.724197
vt 0.342517 0.727369
vt 0.331487 0.730023
vt 0.323301 0.699600
vt 0.357713 0.753311
vt 0.348596 0.758009
vt 0.766883 0.012376
vt 0.741339 0.021017
vt 0.738200 0.012233
vt 0.765259 0.003080
vt 0.768107 0.020745
vt 0.743935 0.028619
vt 0.791056 0.009501
vt 0.790975 0.018851
vt 0.814373 0.010482
vt 0.813121 0.019040
vt 0.839921 0.015042
vt 0.837414 0.022094
vt 0.835417 0.028754
vt 0.860257 0.030428
vt 0.863900 0.023917
vt 0.843724 0.007406
vt 0.868580 0.016620
vt 0.889018 0.028267
vt 0.457776 0.816828
vt 0.485607 0.817414
vt 0.485552 0.826626
vt 0.455498 0.826626
vt 0.510179 0.814464
vt 0.510873 0.822496
vt 0.486540 0.808475
vt 0.510111 0.806515
vt 0.530310 0.802348
vt 0.510741 0.799806
vt 0.530081 0.796155
vt 0.546230 0.792105
vt 0.530129 0.790747
vt 0.545611 0.786774
vt 0.559377 0.782370
vt 0.544833 0.781762
vt 0.557883 0.776934
vt 0.571685 0.770984
vt 0.556169 0.771330
vt 0.569367 0.764965
vt 0.583621 0.756508
vt 0.567082 0.758736
vt 0.580365 0.749395
vt 0.590520 0.737528
vt 0.574917 0.741466
vt 0.584447 0.730792
vt 0.591709 0.719265
vt 0.577019 0.724648
vt 0.585231 0.713883
vt 0.595583 0.703340
vt 0.577627 0.706708
vt 0.588149 0.696202
vt 0.598904 0.686238
vt 0.606234 0.693067
vt 0.608430 0.676273
vt 0.589039 0.676427
vt 0.598620 0.666045
vt 0.607380 0.656351
vt 0.589439 0.656447
vt 0.598537 0.646388
vt 0.606984 0.636347
vt 0.615236 0.646614
vt 0.590285 0.637090
vt 0.598995 0.626543
vt 0.607438 0.616223
vt 0.591069 0.617147
vt 0.599641 0.606242
vt 0.607615 0.596256
vt 0.592061 0.595917
vt 0.600006 0.585461
vt 0.584021 0.586290
vt 0.591782 0.575035
vt 0.575185 0.578121
vt 0.582879 0.565758
vt 0.565144 0.572169
vt 0.572178 0.558782
vt 0.554281 0.567987
vt 0.560203 0.554180
vt 0.542954 0.565760
vt 0.548037 0.551634
vt 0.531487 0.564606
vt 0.535511 0.550867
vt 0.519691 0.564739
vt 0.522731 0.551214
vt 0.508044 0.565804
vt 0.510058 0.552621
vt 0.496759 0.567797
vt 0.497781 0.555086
vt 0.485995 0.570344
vt 0.486796 0.558334
vt 0.493779 0.580166
vt 0.482555 0.581570
vt 0.471230 0.581923
vt 0.477961 0.592759
vt 0.465535 0.592564
vt 0.453062 0.590173
vt 0.459504 0.579447
vt 0.440898 0.586324
vt 0.447942 0.574228
vt 0.429346 0.581495
vt 0.435086 0.599959
vt 0.422806 0.596443
vt 0.410857 0.592451
vt 0.418015 0.612630
vt 0.405523 0.609701
vt 0.395264 0.606954
vt 0.401910 0.627903
vt 0.391394 0.626225
vt 0.382298 0.624618
vt 0.390495 0.646782
vt 0.381203 0.646331
vt 0.373026 0.645901
vt 0.384025 0.668621
vt 0.375316 0.669305
vt 0.367478 0.669843
vt 0.381684 0.691705
vt 0.373187 0.693586
vt 0.364564 0.695171
vt 0.382321 0.715360
vt 0.373794 0.718464
vt 0.364026 0.721422
vt 0.386757 0.739450
vt 0.377732 0.744169
vt 0.367480 0.749130
vt 0.395243 0.763708
vt 0.387013 0.770558
vt 0.378974 0.776481
vt 0.409146 0.787942
vt 0.402427 0.795888
vt 0.395453 0.802858
vt 0.371729 0.781232
vt 0.791492 0.000342
vt 0.816748 0.001276
vt 0.428652 0.810445
vt 0.423142 0.820001
vt 0.433913 0.799942
vt 0.460538 0.806910
vt 0.439107 0.791024
vt 0.463256 0.798075
vt 0.487874 0.800970
vt 0.466316 0.790830
vt 0.489143 0.794449
vt 0.511595 0.794099
vt 0.490793 0.788848
vt 0.512006 0.789118
vt 0.530315 0.785876
vt 0.512748 0.784359
vt 0.530292 0.781404
vt 0.543632 0.776650
vt 0.530129 0.776460
vt 0.542273 0.771616
vt 0.554245 0.765693
vt 0.540286 0.765631
vt 0.551458 0.758811
vt 0.563722 0.751172
vt 0.546257 0.750501
vt 0.557692 0.742593
vt 0.567876 0.734200
vt 0.548257 0.733398
vt 0.558266 0.725376
vt 0.567820 0.716541
vt 0.546647 0.716463
vt 0.556746 0.707271
vt 0.567110 0.697196
vt 0.546199 0.698649
vt 0.557190 0.688384
vt 0.568454 0.677555
vt 0.578026 0.686616
vt 0.579351 0.666811
vt 0.559873 0.669418
vt 0.570860 0.658454
vt 0.580964 0.647718
vt 0.562889 0.650707
vt 0.572939 0.639602
vt 0.582265 0.628432
vt 0.565144 0.632082
vt 0.574288 0.620406
vt 0.583112 0.608256
vt 0.566237 0.613099
vt 0.575152 0.599752
vt 0.558037 0.606727
vt 0.566476 0.592788
vt 0.549605 0.601167
vt 0.557180 0.587208
vt 0.540698 0.596858
vt 0.547404 0.583003
vt 0.531412 0.593803
vt 0.537098 0.580292
vt 0.521804 0.591733
vt 0.526632 0.578624
vt 0.511604 0.590905
vt 0.515776 0.578274
vt 0.500969 0.591072
vt 0.504778 0.578863
vt 0.489878 0.591849
vt 0.497503 0.602326
vt 0.486162 0.603000
vt 0.473679 0.604008
vt 0.483290 0.614164
vt 0.470479 0.615712
vt 0.456806 0.616542
vt 0.460500 0.604045
vt 0.443599 0.616197
vt 0.447600 0.602596
vt 0.430784 0.614890
vt 0.441131 0.630687
vt 0.428115 0.630527
vt 0.415117 0.629468
vt 0.426986 0.646272
vt 0.414532 0.646674
vt 0.401713 0.646929
vt 0.417619 0.663466
vt 0.406809 0.665358
vt 0.394637 0.667408
vt 0.416147 0.681720
vt 0.403147 0.685886
vt 0.391086 0.689278
vt 0.414274 0.701836
vt 0.401415 0.707661
vt 0.391236 0.711896
vt 0.413981 0.723535
vt 0.403897 0.729722
vt 0.395261 0.734909
vt 0.419026 0.744884
vt 0.411175 0.751171
vt 0.403476 0.757373
vt 0.428870 0.765027
vt 0.422654 0.772021
vt 0.416125 0.779575
vt 0.443914 0.783099
vt 0.448603 0.776112
vt 0.469411 0.784243
vt 0.453659 0.769064
vt 0.472672 0.777566
vt 0.492545 0.783075
vt 0.476659 0.770342
vt 0.494685 0.777046
vt 0.513655 0.779591
vt 0.497345 0.770724
vt 0.514914 0.774146
vt 0.529162 0.771043
vt 0.536269 0.758413
vt 0.528961 0.750780
vt 0.537882 0.742388
vt 0.517587 0.742837
vt 0.526205 0.734830
vt 0.536313 0.725647
vt 0.513743 0.727219
vt 0.524106 0.718059
vt 0.535271 0.708388
vt 0.512240 0.710346
vt 0.524587 0.700340
vt 0.536603 0.690490
vt 0.514861 0.692293
vt 0.527838 0.682489
vt 0.540146 0.672472
vt 0.548293 0.680240
vt 0.551925 0.661786
vt 0.532619 0.664997
vt 0.544466 0.654591
vt 0.555308 0.643501
vt 0.537518 0.647783
vt 0.548099 0.636813
vt 0.557548 0.625259
vt 0.541160 0.630688
vt 0.549956 0.619071
vt 0.534532 0.625121
vt 0.542476 0.613576
vt 0.527718 0.620258
vt 0.534505 0.609118
vt 0.526359 0.605779
vt 0.517577 0.603559
vt 0.507957 0.602398
vt 0.494927 0.613034
vt 0.493945 0.623447
vt 0.481979 0.625340
vt 0.494921 0.633110
vt 0.482295 0.636376
vt 0.468636 0.639557
vt 0.468705 0.627620
vt 0.454359 0.642520
vt 0.454761 0.629537
vt 0.440548 0.645021
vt 0.455318 0.655387
vt 0.441782 0.658594
vt 0.428705 0.661291
vt 0.444513 0.672452
vt 0.433509 0.675811
vt 0.424953 0.678873
vt 0.440352 0.690007
vt 0.433735 0.693003
vt 0.426869 0.696186
vt 0.443452 0.706178
vt 0.437820 0.709324
vt 0.426558 0.715927
vt 0.449402 0.721584
vt 0.439583 0.728741
vt 0.428427 0.737453
vt 0.452876 0.740895
vt 0.443452 0.750101
vt 0.435534 0.758153
vt 0.459646 0.761181
vt 0.466810 0.752011
vt 0.481380 0.762375
vt 0.474491 0.743377
vt 0.486871 0.753517
vt 0.480192 0.737947
vt 0.492417 0.746949
vt 0.485873 0.733054
vt 0.498367 0.741287
vt 0.492469 0.727049
vt 0.505134 0.735033
vt 0.501097 0.719523
vt 0.501318 0.702168
vt 0.488911 0.711322
vt 0.479621 0.718665
vt 0.477278 0.702369
vt 0.467201 0.709184
vt 0.473062 0.724024
vt 0.460213 0.714236
vt 0.456723 0.698587
vt 0.449142 0.703075
vt 0.467722 0.728179
vt 0.454728 0.718014
vt 0.461741 0.732976
vt 0.460853 0.681014
vt 0.467660 0.692395
vt 0.449420 0.686091
vt 0.476552 0.674121
vt 0.482911 0.684230
vt 0.491137 0.693560
vt 0.498714 0.675354
vt 0.506112 0.684073
vt 0.512931 0.666728
vt 0.519922 0.674629
vt 0.525760 0.657804
vt 0.506881 0.658718
vt 0.519522 0.650648
vt 0.531096 0.641369
vt 0.514034 0.643566
vt 0.525161 0.635350
vt 0.509483 0.636624
vt 0.519614 0.629704
vt 0.501793 0.650302
vt 0.497709 0.641805
vt 0.488058 0.656623
vt 0.484553 0.646523
vt 0.472560 0.662915
vt 0.470125 0.651172
vt 0.457346 0.668320
vt 0.492670 0.666318
s 1
f 1/1/1 2/2/2 3/3/3 4/4/4
f 5/5/5 4/4/4 3/3/3 6/6/6
f 7/7/7 6/6/6 3/3/3 2/2/2
f 8/8/8 9/9/9 10/10/10 11/11/11
f 12/12/12 11/11/11 10/10/10 13/13/13
f 14/14/14 13/13/13 10/10/10 9/9/9
f 15/15/15 16/16/16 17/17/17 18/18/18
f 19/19/19 18/18/18 17/17/17 20/20/20
f 21/21/21 20/20/20 17/17/17 16/16/16
f 22/22/22 23/23/23 24/24/24 25/25/25
f 26/26/26 25/25/25 24/24/24 27/27/27
f 28/28/28 27/27/27 24/24/24 23/23/23
f 29/29/29 30/30/30 31/31/31 32/32/32
f 33/33/33 34/34/34 31/31/31 30/30/30
f 35/35/35 32/32/32 31/31/31 34/34/34
f 36/36/36 37/37/37 38/38/38 39/39/39
f 40/40/40 39/39/39 38/38/38 41/41/41
f 42/42/42 41/41/41 38/38/38 37/37/37
f 43/43/43 44/44/44 45/45/45 46/46/46
f 47/47/47 48/48/48 45/45/45 44/44/44
f 49/49/49 46/46/46 45/45/45 48/48/48
f 50/50/50 51/51/51 52/52/52 53/53/53
f 54/54/54 53/53/53 52/52/52 55/55/55
f 56/56/56 55/55/55 52/52/52 51/51/51
f 57/57/57 58/58/58 56/56/56 59/59/59
f 60/60/60 55/55/55 56/56/56 58/58/58
f 61/61/61 59/59/59 56/56/56 51/51/51
f 62/62/62 59/59/59 61/61/61 63/63/63
f 50/50/50 64/64/64 61/61/61 51/51/51
f 65/65/65 63/63/63 61/61/61 64/64/64
f 66/66/66 67/67/67 65/65/65 64/64/64
f 68/68/68 69/69/69 65/65/65 67/67/67
f 70/70/70 63/63/63 65/65/65 69/69/69
f 71/71/71 72/72/72 70/70/70 73/73/73
f 62/62/62 63/63/63 70/70/70 72/72/72
f 74/74/74 73/73/73 70/70/70 69/69/69
f 75/75/75 73/73/73 74/74/74 42/42/42
f 68/68/68 76/76/76 74/74/74 69/69/69
f 41/41/41 42/42/42 74/74/74 76/76/76
f 77/77/77 78/78/78 76/76/76 68/68/68
f 40/40/40 41/41/41 76/76/76 78/78/78
f 79/79/79 80/80/80 78/78/78 77/77/77
f 81/81/81 40/40/40 78/78/78 80/80/80
f 82/82/82 83/83/83 81/81/81 80/80/80
f 84/84/84 85/85/85 81/81/81 83/83/83
f 39/39/39 40/40/40 81/81/81 85/85/85
f 86/86/86 87/87/87 85/85/85 84/84/84
f 36/36/36 39/39/39 85/85/85 87/87/87
f 88/88/88 89/89/89 87/87/87 86/86/86
f 90/90/90 36/36/36 87/87/87 89/89/89
f 91/91/91 92/92/92 90/90/90 89/89/89
f 93/93/93 94/94/94 90/90/90 92/92/92
f 37/37/37 36/36/36 90/90/90 94/94/94
f 95/95/95 75/75/75 94/94/94 93/93/93
f 42/42/42 37/37/37 94/94/94 75/75/75
f 96/96/96 97/97/97 95/95/95 93/93/93
f 98/98/98 71/71/71 95/95/95 97/97/97
f 73/73/73 75/75/75 95/95/95 71/71/71
f 99/99/99 100/100/100 98/98/98 97/97/97
f 101/101/101 102/102/102 98/98/98 100/100/100
f 72/72/72 71/71/71 98/98/98 102/102/102
f 103/103/103 104/104/104 102/102/102 101/101/101
f 62/62/62 72/72/72 102/102/102 104/104/104
f 105/105/105 57/57/57 104/104/104 103/103/103
f 59/59/59 62/62/62 104/104/104 57/57/57
f 106/106/106 107/107/107 105/105/105 103/103/103
f 108/108/108 109/109/109 105/105/105 107/107/107
f 58/58/58 57/57/57 105/105/105 109/109/109
f 110/110/110 111/111/111 109/109/109 108/108/108
f 60/60/60 58/58/58 109/109/109 111/111/111
f 112/112/112 113/113/113 111/111/111 110/110/110
f 114/114/114 60/60/60 111/111/111 113/113/113
f 115/115/115 116/116/116 114/114/114 113/113/113
f 117/117/117 54/54/54 114/114/114 116/116/116
f 55/55/55 60/60/60 114/114/114 54/54/54
f 118/118/118 119/119/119 117/117/117 116/116/116
f 120/120/120 121/121/121 117/117/117 119/119/119
f 53/53/53 54/54/54 117/117/117 121/121/121
f 122/122/122 123/123/123 121/121/121 120/120/120
f 50/50/50 53/53/53 121/121/121 123/123/123
f 124/124/124 66/66/66 123/123/123 122/122/122
f 64/64/64 50/50/50 123/123/123 66/66/66
f 125/125/125 126/126/126 124/124/124 122/122/122
f 127/127/127 128/128/128 124/124/124 126/126/126
f 67/67/67 66/66/66 124/124/124 128/128/128
f 79/79/79 77/77/77 128/128/128 127/127/127
f 68/68/68 67/67/67 128/128/128 77/77/77
f 129/129/129 130/130/130 127/127/127 126/126/126
f 131/131/131 79/79/79 127/127/127 130/130/130
f 132/132/132 133/133/133 131/131/131 130/130/130
f 134/134/134 82/82/82 131/131/131 133/133/133
f 80/80/80 79/79/79 131/131/131 82/82/82
f 135/135/135 136/136/136 134/134/134 133/133/133
f 137/137/137 138/138/138 134/134/134 136/136/136
f 83/83/83 82/82/82 134/134/134 138/138/138
f 139/139/139 140/140/140 138/138/138 137/137/137
f 84/84/84 83/83/83 138/138/138 140/140/140
f 141/141/141 142/142/142 140/140/140 139/139/139
f 86/86/86 84/84/84 140/140/140 142/142/142
f 143/143/143 144/144/144 142/142/142 141/141/141
f 88/88/88 86/86/86 142/142/142 144/144/144
f 145/145/145 146/146/146 144/144/144 143/143/143
f 147/147/147 88/88/88 144/144/144 146/146/146
f 148/148/148 149/149/149 147/147/147 146/146/146
f 150/150/150 91/91/91 147/147/147 149/149/149
f 89/89/89 88/88/88 147/147/147 91/91/91
f 151/151/151 152/152/152 150/150/150 149/149/149
f 153/153/153 154/154/154 150/150/150 152/152/152
f 92/92/92 91/91/91 150/150/150 154/154/154
f 155/155/155 96/96/96 154/154/154 153/153/153
f 93/93/93 92/92/92 154/154/154 96/96/96
f 156/156/156 157/157/157 155/155/155 153/153/153
f 158/158/158 99/99/99 155/155/155 157/157/157
f 97/97/97 96/96/96 155/155/155 99/99/99
f 159/159/159 160/160/160 158/158/158 157/157/157
f 161/161/161 162/162/162 158/158/158 160/160/160
f 100/100/100 99/99/99 158/158/158 162/162/162
f 163/163/163 164/164/164 162/162/162 161/161/161
f 101/101/101 100/100/100 162/162/162 164/164/164
f 165/165/165 106/106/106 164/164/164 163/163/163
f 103/103/103 101/101/101 164/164/164 106/106/106
f 166/166/166 167/167/167 165/165/165 163/163/163
f 168/168/168 169/169/169 165/165/165 167/167/167
f 107/107/107 106/106/106 165/165/165 169/169/169
f 170/170/170 171/171/171 169/169/169 168/168/168
f 108/108/108 107/107/107 169/169/169 171/171/171
f 172/172/172 173/173/173 171/171/171 170/170/170
f 110/110/110 108/108/108 171/171/171 173/173/173
f 174/174/174 175/175/175 173/173/173 172/172/172
f 112/112/112 110/110/110 173/173/173 175/175/175
f 176/176/176 177/177/177 175/175/175 174/174/174
f 178/178/178 112/112/112 175/175/175 177/177/177
f 179/179/179 180/180/180 178/178/178 177/177/177
f 181/181/181 115/115/115 178/178/178 180/180/180
f 113/113/113 112/112/112 178/178/178 115/115/115
f 182/182/182 183/183/183 181/181/181 180/180/180
f 184/184/184 118/118/118 181/181/181 183/183/183
f 116/116/116 115/115/115 181/181/181 118/118/118
f 185/185/185 186/186/186 184/184/184 183/183/183
f 187/187/187 188/188/188 184/184/184 186/186/186
f 119/119/119 118/118/118 184/184/184 188/188/188
f 189/189/189 190/190/190 188/188/188 187/187/187
f 120/120/120 119/119/119 188/188/188 190/190/190
f 191/191/191 125/125/125 190/190/190 189/189/189
f 122/122/122 120/120/120 190/190/190 125/125/125
f 192/192/192 193/193/193 191/191/191 189/189/189
f 194/194/194 129/129/129 191/191/191 193/193/193
f 126/126/126 125/125/125 191/191/191 129/129/129
f 195/195/195 196/196/196 194/194/194 193/193/193
f 197/197/197 132/132/132 194/194/194 196/196/196
f 130/130/130 129/129/129 194/194/194 132/132/132
f 198/198/198 199/199/199 197/197/197 196/196/196
f 200/200/200 135/135/135 197/197/197 199/199/199
f 133/133/133 132/132/132 197/197/197 135/135/135
f 201/201/201 202/202/202 200/200/200 199/199/199
f 203/203/203 204/204/204 200/200/200 202/202/202
f 136/136/136 135/135/135 200/200/200 204/204/204
f 205/205/205 206/206/206 204/204/204 203/203/203
f 137/137/137 136/136/136 204/204/204 206/206/206
f 207/207/207 208/208/208 206/206/206 205/205/205
f 139/139/139 137/137/137 206/206/206 208/208/208
f 209/209/209 210/210/210 208/208/208 207/207/207
f 141/141/141 139/139/139 208/208/208 210/210/210
f 211/211/211 212/212/212 210/210/210 209/209/209
f 143/143/143 141/141/141 210/210/210 212/212/212
f 213/213/213 214/214/214 212/212/212 211/211/211
f 145/145/145 143/143/143 212/212/212 214/214/214
f 215/215/215 216/216/216 214/214/214 213/213/213
f 217/217/217 145/145/145 214/214/214 216/216/216
f 218/218/218 219/219/219 217/217/217 216/216/216
f 220/220/220 148/148/148 217/217/217 219/219/219
f 146/146/146 145/145/145 217/217/217 148/148/148
f 221/221/221 222/222/222 220/220/220 219/219/219
f 223/223/223 151/151/151 220/220/220 222/222/222
f 149/149/149 148/148/148 220/220/220 151/151/151
f 224/224/224 225/225/225 223/223/223 222/222/222
f 226/226/226 227/227/227 223/223/223 225/225/225
f 152/152/152 151/151/151 223/223/223 227/227/227
f 228/228/228 156/156/156 227/227/227 226/226/226
f 153/153/153 152/152/152 227/227/227 156/156/156
f 229/229/229 230/230/230 228/228/228 226/226/226
f 231/231/231 159/159/159 228/228/228 230/230/230
f 157/157/157 156/156/156 228/228/228 159/159/159
f 232/232/232 233/233/233 231/231/231 230/230/230
f 234/234/234 235/235/235 231/231/231 233/233/233
f 160/160/160 159/159/159 231/231/231 235/235/235
f 236/236/236 237/237/237 235/235/235 234/234/234
f 161/161/161 160/160/160 235/235/235 237/237/237
f 238/238/238 166/166/166 237/237/237 236/236/236
f 163/163/163 161/161/161 237/237/237 166/166/166
f 239/239/239 240/240/240 238/238/238 236/236/236
f 241/241/241 242/242/242 238/238/238 240/240/240
f 167/167/167 166/166/166 238/238/238 242/242/242
f 243/243/243 244/244/244 242/242/242 241/241/241
f 168/168/168 167/167/167 242/242/242 244/244/244
f 245/245/245 246/246/246 244/244/244 243/243/243
f 170/170/170 168/168/168 244/244/244 246/246/246
f 247/247/247 248/248/248 246/246/246 245/245/245
f 172/172/172 170/170/170 246/246/246 248/248/248
f 249/249/249 250/250/250 248/248/248 247/247/247
f 174/174/174 172/172/172 248/248/248 250/250/250
f 251/251/251 252/252/252 250/250/250 249/249/249
f 176/176/176 174/174/174 250/250/250 252/252/252
f 253/253/253 254/254/254 252/252/252 251/251/251
f 255/255/255 176/176/176 252/252/252 254/254/254
f 256/256/256 257/257/257 255/255/255 254/254/254
f 258/258/258 179/179/179 255/255/255 257/257/257
f 177/177/177 176/176/176 255/255/255 179/179/179
f 259/259/259 260/260/260 258/258/258 257/257/257
f 261/261/261 182/182/182 258/258/258 260/260/260
f 180/180/180 179/179/179 258/258/258 182/182/182
f 262/262/262 263/263/263 261/261/261 260/260/260
f 264/264/264 185/185/185 261/261/261 263/263/263
f 183/183/183 182/182/182 261/261/261 185/185/185
f 265/265/265 266/266/266 264/264/264 263/263/263
f 267/267/267 268/268/268 264/264/264 266/266/266
f 186/186/186 185/185/185 264/264/264 268/268/268
f 269/269/269 270/270/270 268/268/268 267/267/267
f 187/187/187 186/186/186 268/268/268 270/270/270
f 271/271/271 192/192/192 270/270/270 269/269/269
f 189/189/189 187/187/187 270/270/270 192/192/192
f 272/272/272 273/273/273 271/271/271 269/269/269
f 274/274/274 195/195/195 271/271/271 273/273/273
f 193/193/193 192/192/192 271/271/271 195/195/195
f 275/275/275 276/276/276 274/274/274 273/273/273
f 277/277/277 198/198/198 274/274/274 276/276/276
f 196/196/196 195/195/195 274/274/274 198/198/198
f 278/278/278 279/279/279 277/277/277 276/276/276
f 280/280/280 201/201/201 277/277/277 279/279/279
f 199/199/199 198/198/198 277/277/277 201/201/201
f 281/281/281 282/282/282 280/280/280 279/279/279
f 283/283/283 284/284/284 280/280/280 282/282/282
f 202/202/202 201/201/201 280/280/280 284/284/284
f 285/285/285 286/286/286 284/284/284 283/283/283
f 203/203/203 202/202/202 284/284/284 286/286/286
f 287/287/287 288/288/288 286/286/286 285/285/285
f 205/205/205 203/203/203 286/286/286 288/288/288
f 289/289/289 290/290/290 288/288/288 287/287/287
f 207/207/207 205/205/205 288/288/288 290/290/290
f 291/291/291 292/292/292 290/290/290 289/289/289
f 209/209/209 207/207/207 290/290/290 292/292/292
f 293/293/293 294/294/294 292/292/292 291/291/291
f 211/211/211 209/209/209 292/292/292 294/294/294
f 295/295/295 296/296/296 294/294/294 293/293/293
f 213/213/213 211/211/211 294/294/294 296/296/296
f 297/297/297 298/298/298 296/296/296 295/295/295
f 215/215/215 213/213/213 296/296/296 298/298/298
f 299/299/299 300/300/300 298/298/298 297/297/297
f 301/301/301 215/215/215 298/298/298 300/300/300
f 302/302/302 303/303/303 301/301/301 300/300/300
f 304/304/304 218/218/218 301/301/301 303/303/303
f 216/216/216 215/215/215 301/301/301 218/218/218
f 305/305/305 306/306/306 304/304/304 303/303/303
f 307/307/307 221/221/221 304/304/304 306/306/306
f 219/219/219 218/218/218 304/304/304 221/221/221
f 308/308/308 309/309/309 307/307/307 306/306/306
f 310/310/310 224/224/224 307/307/307 309/309/309
f 222/222/222 221/221/221 307/307/307 224/224/224
f 311/311/311 312/312/312 310/310/310 309/309/309
f 313/313/313 314/314/314 310/310/310 312/312/312
f 225/225/225 224/224/224 310/310/310 314/314/314
f 315/315/315 229/229/229 314/314/314 313/313/313
f 226/226/226 225/225/225 314/314/314 229/229/229
f 316/316/316 317/317/317 315/315/315 313/313/313
f 318/318/318 232/232/232 315/315/315 317/317/317
f 230/230/230 229/229/229 315/315/315 232/232/232
f 319/319/319 320/320/320 318/318/318 317/317/317
f 321/321/321 322/322/322 318/318/318 320/320/320
f 233/233/233 232/232/232 318/318/318 322/322/322
f 323/323/323 324/324/324 322/322/322 321/321/321
f 234/234/234 233/233/233 322/322/322 324/324/324
f 325/325/325 239/239/239 324/324/324 323/323/323
f 236/236/236 234/234/234 324/324/324 239/239/239
f 326/326/326 327/327/327 325/328/325 323/329/323
f 328/330/328 329/331/329 325/328/325 327/327/327
f 240/240/240 239/239/239 325/325/325 329/332/329
f 330/333/330 331/334/331 329/331/329 328/330/328
f 241/241/241 240/240/240 329/332/329 331/335/331
f 332/336/332 333/337/333 331/334/331 330/333/330
f 243/243/243 241/241/241 331/335/331 333/338/333
f 334/339/334 335/340/335 333/337/333 332/336/332
f 245/245/245 243/243/243 333/338/333 335/341/335
f 336/342/336 337/343/337 335/340/335 334/339/334
f 247/247/247 245/245/245 335/341/335 337/344/337
f 338/345/338 339/346/339 337/343/337 336/342/336
f 249/249/249 247/247/247 337/344/337 339/347/339
f 340/348/340 341/349/341 339/346/339 338/345/338
f 251/251/251 249/249/249 339/347/339 341/350/341
f 342/351/342 343/352/343 341/349/341 340/348/340
f 253/253/253 251/251/251 341/350/341 343/353/343
f 344/354/344 345/355/345 343/352/343 342/351/342
f 346/356/346 253/253/253 343/353/343 345/357/345
f 347/358/347 348/359/348 346/356/346 345/357/345
f 349/360/349 256/256/256 346/356/346 348/359/348
f 254/254/254 253/253/253 346/356/346 256/256/256
f 350/361/350 351/362/351 349/360/349 348/359/348
f 352/363/352 259/259/259 349/360/349 351/362/351
f 257/257/257 256/256/256 349/360/349 259/259/259
f 353/364/353 354/365/354 352/363/352 351/362/351
f 355/366/355 262/262/262 352/363/352 354/365/354
f 260/260/260 259/259/259 352/363/352 262/262/262
f 356/367/356 357/368/357 355/366/355 354/365/354
f 358/369/358 265/265/265 355/366/355 357/368/357
f 263/263/263 262/262/262 355/366/355 265/265/265
f 359/370/359 360/371/360 358/369/358 357/368/357
f 361/372/361 362/373/362 358/369/358 360/371/360
f 266/266/266 265/265/265 358/369/358 362/373/362
f 363/374/363 364/375/364 362/373/362 361/372/361
f 267/267/267 266/266/266 362/373/362 364/375/364
f 365/376/365 272/272/272 364/375/364 363/374/363
f 269/269/269 267/267/267 364/375/364 272/272/272
f 366/377/366 367/378/367 365/376/365 363/374/363
f 368/379/368 275/275/275 365/376/365 367/378/367
f 273/273/273 272/272/272 365/376/365 275/275/275
f 369/380/369 370/381/370 368/379/368 367/378/367
f 371/382/371 278/278/278 368/379/368 370/381/370
f 276/276/276 275/275/275 368/379/368 278/278/278
f 372/383/372 373/384/373 371/382/371 370/381/370
f 374/385/374 281/281/281 371/382/371 373/384/373
f 279/279/279 278/278/278 371/382/371 281/281/281
f 375/386/375 376/387/376 374/385/374 373/384/373
f 377/388/377 378/389/378 374/385/374 376/387/376
f 282/282/282 281/281/281 374/385/374 378/389/378
f 379/390/379 380/391/380 378/389/378 377/388/377
f 283/283/283 282/282/282 378/389/378 380/391/380
f 381/392/381 382/393/382 380/391/380 379/390/379
f 285/285/285 283/283/283 380/391/380 382/393/382
f 383/394/383 384/395/384 382/393/382 381/392/381
f 287/287/287 285/285/285 382/393/382 384/395/384
f 385/396/385 386/397/386 384/395/384 383/394/383
f 289/289/289 287/287/287 384/395/384 386/397/386
f 387/398/387 388/399/388 386/397/386 385/396/385
f 291/291/291 289/289/289 386/397/386 388/399/388
f 389/400/389 390/401/390 388/399/388 387/398/387
f 293/293/293 291/291/291 388/399/388 390/401/390
f 391/402/391 392/403/392 390/401/390 389/400/389
f 295/295/295 293/293/293 390/401/390 392/403/392
f 393/404/393 394/405/394 392/403/392 391/402/391
f 297/297/297 295/295/295 392/403/392 394/405/394
f 395/406/395 396/407/396 394/405/394 393/404/393
f 299/299/299 297/297/297 394/405/394 396/407/396
f 397/408/397 398/409/398 396/407/396 395/406/395
f 399/410/399 299/299/299 396/407/396 398/409/398
f 400/411/400 401/412/401 399/410/399 398/409/398
f 402/413/402 302/302/302 399/410/399 401/412/401
f 300/300/300 299/299/299 399/410/399 302/302/302
f 403/414/403 404/415/404 402/413/402 401/412/401
f 405/416/405 305/305/305 402/413/402 404/415/404
f 303/303/303 302/302/302 402/413/402 305/305/305
f 406/417/406 407/418/407 405/416/405 404/415/404
f 408/419/408 308/308/308 405/416/405 407/418/407
f 306/306/306 305/305/305 405/416/405 308/308/308
f 409/420/409 410/421/410 408/419/408 407/418/407
f 411/422/411 311/311/311 408/419/408 410/421/410
f 309/309/309 308/308/308 408/419/408 311/311/311
f 412/423/412 413/424/413 411/422/411 410/421/410
f 414/425/414 415/426/415 411/422/411 413/424/413
f 312/312/312 311/311/311 411/422/411 415/426/415
f 416/427/416 316/316/316 415/426/415 414/425/414
f 313/313/313 312/312/312 415/426/415 316/316/316
f 417/428/417 418/429/418 416/430/416 414/431/414
f 419/432/419 319/433/319 416/430/416 418/429/418
f 317/317/317 316/316/316 416/427/416 319/319/319
f 420/434/420 421/435/421 419/432/419 418/429/418
f 422/436/422 423/437/423 419/432/419 421/435/421
f 320/438/320 319/433/319 419/432/419 423/437/423
f 424/439/424 425/440/425 423/437/423 422/436/422
f 321/441/321 320/438/320 423/437/423 425/440/425
f 426/442/426 326/326/326 425/440/425 424/439/424
f 323/329/323 321/441/321 425/440/425 326/326/326
f 427/443/427 428/444/428 426/442/426 424/439/424
f 429/445/429 430/446/430 426/442/426 428/444/428
f 327/327/327 326/326/326 426/442/426 430/446/430
f 431/447/431 432/448/432 430/446/430 429/445/429
f 328/330/328 327/327/327 430/446/430 432/448/432
f 433/449/433 434/450/434 432/448/432 431/447/431
f 330/333/330 328/330/328 432/448/432 434/450/434
f 435/451/435 436/452/436 434/450/434 433/449/433
f 332/336/332 330/333/330 434/450/434 436/452/436
f 437/453/437 438/454/438 436/452/436 435/451/435
f 334/339/334 332/336/332 436/452/436 438/454/438
f 439/455/439 440/456/440 438/454/438 437/453/437
f 336/342/336 334/339/334 438/454/438 440/456/440
f 441/457/441 442/458/442 440/456/440 439/455/439
f 338/345/338 336/342/336 440/456/440 442/458/442
f 443/459/443 444/460/444 442/458/442 441/457/441
f 340/348/340 338/345/338 442/458/442 444/460/444
f 445/461/445 446/462/446 444/460/444 443/459/443
f 342/351/342 340/348/340 444/460/444 446/462/446
f 447/463/447 448/464/448 446/462/446 445/461/445
f 344/354/344 342/351/342 446/462/446 448/464/448
f 449/465/449 450/466/450 448/464/448 447/463/447
f 451/467/451 344/354/344 448/464/448 450/466/450
f 452/468/452 453/469/453 451/467/451 450/466/450
f 454/470/454 347/471/347 451/467/451 453/469/453
f 345/355/345 344/354/344 451/467/451 347/471/347
f 455/472/455 456/473/456 454/470/454 453/469/453
f 457/474/457 350/361/350 454/475/454 456/476/456
f 348/359/348 347/358/347 454/475/454 350/361/350
f 458/477/458 459/478/459 457/474/457 456/476/456
f 460/479/460 353/364/353 457/474/457 459/478/459
f 351/362/351 350/361/350 457/474/457 353/364/353
f 461/480/461 462/481/462 460/479/460 459/478/459
f 463/482/463 356/367/356 460/479/460 462/481/462
f 354/365/354 353/364/353 460/479/460 356/367/356
f 464/483/464 465/484/465 463/482/463 462/481/462
f 466/485/466 359/370/359 463/482/463 465/484/465
f 357/368/357 356/367/356 463/482/463 359/370/359
f 467/486/467 468/487/468 466/485/466 465/484/465
f 469/488/469 470/489/470 466/485/466 468/487/468
f 360/371/360 359/370/359 466/485/466 470/489/470
f 471/490/471 472/491/472 470/489/470 469/488/469
f 361/372/361 360/371/360 470/489/470 472/491/472
f 473/492/473 366/377/366 472/491/472 471/490/471
f 363/374/363 361/372/361 472/491/472 366/377/366
f 474/493/474 475/494/475 473/492/473 471/490/471
f 476/495/476 369/380/369 473/492/473 475/494/475
f 367/378/367 366/377/366 473/492/473 369/380/369
f 477/496/477 478/497/478 476/495/476 475/494/475
f 479/498/479 372/383/372 476/495/476 478/497/478
f 370/381/370 369/380/369 476/495/476 372/383/372
f 480/499/480 481/500/481 479/498/479 478/497/478
f 482/501/482 375/386/375 479/498/479 481/500/481
f 373/384/373 372/383/372 479/498/479 375/386/375
f 483/502/483 484/503/484 482/501/482 481/500/481
f 485/504/485 486/505/486 482/501/482 484/503/484
f 376/387/376 375/386/375 482/501/482 486/505/486
f 487/506/487 488/507/488 486/505/486 485/504/485
f 377/388/377 376/387/376 486/505/486 488/507/488
f 489/508/489 490/509/490 488/507/488 487/506/487
f 379/390/379 377/388/377 488/507/488 490/509/490
f 491/510/491 492/511/492 490/509/490 489/508/489
f 381/392/381 379/390/379 490/509/490 492/511/492
f 493/512/493 494/513/494 492/511/492 491/510/491
f 383/394/383 381/392/381 492/511/492 494/513/494
f 495/514/495 496/515/496 494/513/494 493/512/493
f 385/396/385 383/394/383 494/513/494 496/515/496
f 497/516/497 498/517/498 496/515/496 495/514/495
f 387/398/387 385/396/385 496/515/496 498/517/498
f 499/518/499 500/519/500 498/517/498 497/516/497
f 389/400/389 387/398/387 498/517/498 500/519/500
f 501/520/501 502/521/502 500/519/500 499/518/499
f 391/402/391 389/400/389 500/519/500 502/521/502
f 503/522/503 504/523/504 502/521/502 501/520/501
f 393/404/393 391/402/391 502/521/502 504/523/504
f 505/524/505 506/525/506 504/523/504 503/522/503
f 395/406/395 393/404/393 504/523/504 506/525/506
f 507/526/507 508/527/508 506/525/506 505/524/505
f 397/408/397 395/406/395 506/525/506 508/527/508
f 509/528/509 510/529/510 508/527/508 507/526/507
f 511/530/511 397/408/397 508/527/508 510/529/510
f 512/531/512 513/532/513 511/530/511 510/529/510
f 514/533/514 400/411/400 511/530/511 513/532/513
f 398/409/398 397/408/397 511/530/511 400/411/400
f 515/534/515 516/535/516 514/533/514 513/532/513
f 517/536/517 403/414/403 514/533/514 516/535/516
f 401/412/401 400/411/400 514/533/514 403/414/403
f 518/537/518 519/538/519 517/536/517 516/535/516
f 520/539/520 406/417/406 517/536/517 519/538/519
f 404/415/404 403/414/403 517/536/517 406/417/406
f 521/540/521 522/541/522 520/539/520 519/538/519
f 523/542/523 409/420/409 520/539/520 522/541/522
f 407/418/407 406/417/406 520/539/520 409/420/409
f 524/543/524 525/544/525 523/545/523 522/546/522
f 526/547/526 412/548/412 523/545/523 525/544/525
f 410/421/410 409/420/409 523/542/523 412/423/412
f 527/549/527 528/550/528 526/547/526 525/544/525
f 529/551/529 530/552/530 526/547/526 528/550/528
f 413/553/413 412/548/412 526/547/526 530/552/530
f 531/554/531 417/428/417 530/552/530 529/551/529
f 414/431/414 413/553/413 530/552/530 417/428/417
f 532/555/532 533/556/533 531/554/531 529/551/529
f 534/557/534 420/434/420 531/554/531 533/556/533
f 418/429/418 417/428/417 531/554/531 420/434/420
f 535/558/535 536/559/536 534/557/534 533/556/533
f 537/560/537 538/561/538 534/557/534 536/559/536
f 421/435/421 420/434/420 534/557/534 538/561/538
f 539/562/539 540/563/540 538/561/538 537/560/537
f 422/436/422 421/435/421 538/561/538 540/563/540
f 541/564/541 427/443/427 540/563/540 539/562/539
f 424/439/424 422/436/422 540/563/540 427/443/427
f 542/565/542 543/566/543 541/564/541 539/562/539
f 544/567/544 545/568/545 541/564/541 543/566/543
f 428/444/428 427/443/427 541/564/541 545/568/545
f 546/569/546 547/570/547 545/568/545 544/567/544
f 429/445/429 428/444/428 545/568/545 547/570/547
f 548/571/548 549/572/549 547/570/547 546/569/546
f 431/447/431 429/445/429 547/570/547 549/572/549
f 550/573/550 551/574/551 549/572/549 548/571/548
f 433/449/433 431/447/431 549/572/549 551/574/551
f 552/575/552 553/576/553 551/574/551 550/573/550
f 435/451/435 433/449/433 551/574/551 553/576/553
f 554/577/554 555/578/555 553/576/553 552/575/552
f 437/453/437 435/451/435 553/576/553 555/578/555
f 556/579/556 557/580/557 555/578/555 554/577/554
f 439/455/439 437/453/437 555/578/555 557/580/557
f 558/581/558 559/582/559 557/580/557 556/579/556
f 441/457/441 439/455/439 557/580/557 559/582/559
f 560/583/560 561/584/561 559/582/559 558/581/558
f 443/459/443 441/457/441 559/582/559 561/584/561
f 562/585/562 563/586/563 561/584/561 560/583/560
f 445/461/445 443/459/443 561/584/561 563/586/563
f 564/587/564 565/588/565 563/586/563 562/585/562
f 447/463/447 445/461/445 563/586/563 565/588/565
f 566/589/566 567/590/567 565/588/565 564/587/564
f 449/465/449 447/463/447 565/588/565 567/590/567
f 568/591/568 569/592/569 567/590/567 566/589/566
f 570/593/570 449/465/449 567/590/567 569/592/569
f 571/594/571 572/595/572 570/593/570 569/592/569
f 573/596/573 452/468/452 570/593/570 572/595/572
f 450/466/450 449/465/449 570/593/570 452/468/452
f 574/597/574 575/598/575 573/596/573 572/595/572
f 576/599/576 455/472/455 573/596/573 575/598/575
f 453/469/453 452/468/452 573/596/573 455/472/455
f 577/600/577 578/601/578 576/599/576 575/598/575
f 579/602/579 458/603/458 576/599/576 578/601/578
f 456/473/456 455/472/455 576/599/576 458/603/458
f 580/604/580 581/605/581 579/602/579 578/601/578
f 582/606/582 461/480/461 579/607/579 581/608/581
f 459/478/459 458/477/458 579/607/579 461/480/461
f 583/609/583 584/610/584 582/606/582 581/608/581
f 585/611/585 464/483/464 582/606/582 584/610/584
f 462/481/462 461/480/461 582/606/582 464/483/464
f 586/612/586 587/613/587 585/611/585 584/610/584
f 588/614/588 467/486/467 585/611/585 587/613/587
f 465/484/465 464/483/464 585/611/585 467/486/467
f 589/615/589 590/616/590 588/614/588 587/613/587
f 591/617/591 592/618/592 588/614/588 590/616/590
f 468/487/468 467/486/467 588/614/588 592/618/592
f 593/619/593 594/620/594 592/618/592 591/617/591
f 469/488/469 468/487/468 592/618/592 594/620/594
f 595/621/595 474/493/474 594/620/594 593/619/593
f 471/490/471 469/488/469 594/620/594 474/493/474
f 596/622/596 597/623/597 595/621/595 593/619/593
f 598/624/598 477/496/477 595/621/595 597/623/597
f 475/494/475 474/493/474 595/621/595 477/496/477
f 599/625/599 600/626/600 598/624/598 597/623/597
f 601/627/601 480/499/480 598/624/598 600/626/600
f 478/497/478 477/496/477 598/624/598 480/499/480
f 602/628/602 603/629/603 601/627/601 600/626/600
f 604/630/604 483/502/483 601/627/601 603/629/603
f 481/500/481 480/499/480 601/627/601 483/502/483
f 44/44/44 43/43/43 604/630/604 603/629/603
f 605/631/605 606/632/606 604/630/604 43/43/43
f 484/503/484 483/502/483 604/630/604 606/632/606
f 607/633/607 608/634/608 606/632/606 605/631/605
f 485/504/485 484/503/484 606/632/606 608/634/608
f 609/635/609 610/636/610 608/634/608 607/633/607
f 487/506/487 485/504/485 608/634/608 610/636/610
f 611/637/611 612/638/612 610/636/610 609/635/609
f 489/508/489 487/506/487 610/636/610 612/638/612
f 613/639/613 614/640/614 612/638/612 611/637/611
f 491/510/491 489/508/489 612/638/612 614/640/614
f 615/641/615 616/642/616 614/640/614 613/639/613
f 493/512/493 491/510/491 614/640/614 616/642/616
f 617/643/617 618/644/618 616/642/616 615/641/615
f 495/514/495 493/512/493 616/642/616 618/644/618
f 32/32/32 35/35/35 618/644/618 617/643/617
f 497/516/497 495/514/495 618/644/618 35/35/35
f 619/645/619 620/646/620 617/643/617 615/641/615
f 29/29/29 32/32/32 617/643/617 620/646/620
f 621/647/621 622/648/622 620/646/620 619/645/619
f 623/649/623 29/29/29 620/646/620 622/648/622
f 624/650/624 625/651/625 623/649/623 622/648/622
f 626/652/626 627/653/627 623/649/623 625/651/625
f 30/30/30 29/29/29 623/649/623 627/653/627
f 628/654/628 629/655/629 627/653/627 626/652/626
f 33/33/33 30/30/30 627/653/627 629/655/629
f 505/524/505 503/522/503 629/655/629 628/654/628
f 501/520/501 33/33/33 629/655/629 503/522/503
f 630/656/630 631/657/631 628/654/628 626/652/626
f 507/526/507 505/524/505 628/654/628 631/657/631
f 632/658/632 633/659/633 631/657/631 630/656/630
f 509/528/509 507/526/507 631/657/631 633/659/633
f 634/660/634 635/661/635 633/659/633 632/658/632
f 636/662/636 509/528/509 633/659/633 635/661/635
f 637/663/637 638/664/638 636/662/636 635/661/635
f 639/665/639 512/531/512 636/662/636 638/664/638
f 510/529/510 509/528/509 636/662/636 512/531/512
f 640/666/640 641/667/641 639/665/639 638/664/638
f 642/668/642 515/534/515 639/665/639 641/667/641
f 513/532/513 512/531/512 639/665/639 515/534/515
f 643/669/643 644/670/644 642/668/642 641/667/641
f 645/671/645 518/537/518 642/668/642 644/670/644
f 516/535/516 515/534/515 642/668/642 518/537/518
f 646/672/646 647/673/647 645/674/645 644/675/644
f 648/676/648 521/677/521 645/674/645 647/673/647
f 519/538/519 518/537/518 645/671/645 521/540/521
f 649/678/649 650/679/650 648/676/648 647/673/647
f 651/680/651 524/543/524 648/676/648 650/679/650
f 522/546/522 521/677/521 648/676/648 524/543/524
f 652/681/652 653/682/653 651/680/651 650/679/650
f 654/683/654 527/549/527 651/680/651 653/682/653
f 525/544/525 524/543/524 651/680/651 527/549/527
f 655/684/655 656/685/656 654/683/654 653/682/653
f 657/686/657 658/687/658 654/683/654 656/685/656
f 528/550/528 527/549/527 654/683/654 658/687/658
f 659/688/659 532/555/532 658/687/658 657/686/657
f 529/551/529 528/550/528 658/687/658 532/555/532
f 660/689/660 661/690/661 659/688/659 657/686/657
f 662/691/662 535/558/535 659/688/659 661/690/661
f 533/556/533 532/555/532 659/688/659 535/558/535
f 663/692/663 664/693/664 662/691/662 661/690/661
f 665/694/665 666/695/666 662/691/662 664/693/664
f 536/559/536 535/558/535 662/691/662 666/695/666
f 667/696/667 668/697/668 666/695/666 665/694/665
f 537/560/537 536/559/536 666/695/666 668/697/668
f 669/698/669 542/565/542 668/697/668 667/696/667
f 539/562/539 537/560/537 668/697/668 542/565/542
f 670/699/670 671/700/671 669/698/669 667/696/667
f 672/701/672 673/702/673 669/698/669 671/700/671
f 543/566/543 542/565/542 669/698/669 673/702/673
f 674/703/674 675/704/675 673/702/673 672/701/672
f 544/567/544 543/566/543 673/702/673 675/704/675
f 676/705/676 677/706/677 675/704/675 674/703/674
f 546/569/546 544/567/544 675/704/675 677/706/677
f 678/707/678 679/708/679 677/706/677 676/705/676
f 548/571/548 546/569/546 677/706/677 679/708/679
f 680/709/680 681/710/681 679/708/679 678/707/678
f 550/573/550 548/571/548 679/708/679 681/710/681
f 682/711/682 683/712/683 681/710/681 680/709/680
f 552/575/552 550/573/550 681/710/681 683/712/683
f 684/713/684 685/714/685 683/712/683 682/711/682
f 554/577/554 552/575/552 683/712/683 685/714/685
f 686/715/686 687/716/687 685/714/685 684/713/684
f 556/579/556 554/577/554 685/714/685 687/716/687
f 688/717/688 689/718/689 687/716/687 686/715/686
f 558/581/558 556/579/556 687/716/687 689/718/689
f 690/719/690 691/720/691 689/718/689 688/717/688
f 560/583/560 558/581/558 689/718/689 691/720/691
f 692/721/692 693/722/693 691/720/691 690/719/690
f 562/585/562 560/583/560 691/720/691 693/722/693
f 694/723/694 695/724/695 693/722/693 692/721/692
f 564/587/564 562/585/562 693/722/693 695/724/695
f 696/725/696 697/726/697 695/724/695 694/723/694
f 566/589/566 564/587/564 695/724/695 697/726/697
f 698/727/698 699/728/699 697/726/697 696/725/696
f 568/591/568 566/589/566 697/726/697 699/728/699
f 700/729/700 701/730/701 699/728/699 698/727/698
f 702/731/702 568/591/568 699/728/699 701/730/701
f 703/732/703 704/733/704 702/731/702 701/730/701
f 705/734/705 571/594/571 702/731/702 704/733/704
f 569/592/569 568/591/568 702/731/702 571/594/571
f 706/735/706 707/736/707 705/734/705 704/733/704
f 708/737/708 574/597/574 705/734/705 707/736/707
f 572/595/572 571/594/571 705/734/705 574/597/574
f 709/738/709 710/739/710 708/737/708 707/736/707
f 711/740/711 577/600/577 708/737/708 710/739/710
f 575/598/575 574/597/574 708/737/708 577/600/577
f 712/741/712 713/742/713 711/740/711 710/739/710
f 714/743/714 580/604/580 711/740/711 713/742/713
f 578/601/578 577/600/577 711/740/711 580/604/580
f 715/744/715 716/745/716 714/743/714 713/742/713
f 717/746/717 583/747/583 714/743/714 716/745/716
f 581/605/581 580/604/580 714/743/714 583/747/583
f 718/748/718 719/749/719 717/746/717 716/745/716
f 720/750/720 586/612/586 717/751/717 719/752/719
f 584/610/584 583/609/583 717/751/717 586/612/586
f 721/753/721 722/754/722 720/750/720 719/752/719
f 723/755/723 589/615/589 720/750/720 722/754/722
f 587/613/587 586/612/586 720/750/720 589/615/589
f 724/756/724 725/757/725 723/755/723 722/754/722
f 726/758/726 727/759/727 723/755/723 725/757/725
f 590/616/590 589/615/589 723/755/723 727/759/727
f 728/760/728 729/761/729 727/759/727 726/758/726
f 591/617/591 590/616/590 727/759/727 729/761/729
f 730/762/730 596/622/596 729/761/729 728/760/728
f 593/619/593 591/617/591 729/761/729 596/622/596
f 731/763/731 732/764/732 730/762/730 728/760/728
f 733/765/733 599/625/599 730/762/730 732/764/732
f 597/623/597 596/622/596 730/762/730 599/625/599
f 734/766/734 735/767/735 733/765/733 732/764/732
f 47/47/47 602/628/602 733/765/733 735/767/735
f 600/626/600 599/625/599 733/765/733 602/628/602
f 736/768/736 737/769/737 735/767/735 734/766/734
f 48/48/48 47/47/47 735/767/735 737/769/737
f 738/770/738 739/771/739 737/769/737 736/768/736
f 49/49/49 48/48/48 737/769/737 739/771/739
f 740/772/740 741/773/741 739/771/739 738/770/738
f 742/774/742 49/49/49 739/771/739 741/773/741
f 743/775/743 744/776/744 742/774/742 741/773/741
f 745/777/745 746/778/746 742/774/742 744/776/744
f 46/46/46 49/49/49 742/774/742 746/778/746
f 607/633/607 605/631/605 746/778/746 745/777/745
f 43/43/43 46/46/46 746/778/746 605/631/605
f 747/779/747 748/780/748 745/777/745 744/776/744
f 609/635/609 607/633/607 745/777/745 748/780/748
f 749/781/749 750/782/750 748/780/748 747/779/747
f 611/637/611 609/635/609 748/780/748 750/782/750
f 751/783/751 752/784/752 750/782/750 749/781/749
f 613/639/613 611/637/611 750/782/750 752/784/752
f 621/647/621 619/645/619 752/784/752 751/783/751
f 615/641/615 613/639/613 752/784/752 619/645/619
f 753/785/753 754/786/754 751/783/751 749/781/749
f 755/787/755 621/647/621 751/783/751 754/786/754
f 756/788/756 757/789/757 755/787/755 754/786/754
f 758/790/758 624/650/624 755/787/755 757/789/757
f 622/648/622 621/647/621 755/787/755 624/650/624
f 759/791/759 760/792/760 758/790/758 757/789/757
f 761/793/761 762/794/762 758/790/758 760/792/760
f 625/651/625 624/650/624 758/790/758 762/794/762
f 632/658/632 630/656/630 762/794/762 761/793/761
f 626/652/626 625/651/625 762/794/762 630/656/630
f 763/795/763 764/796/764 761/793/761 760/792/760
f 634/660/634 632/658/632 761/793/761 764/796/764
f 765/797/765 766/798/766 764/796/764 763/795/763
f 767/799/767 634/660/634 764/796/764 766/798/766
f 768/800/768 769/801/769 767/799/767 766/798/766
f 770/802/770 637/663/637 767/799/767 769/801/769
f 635/661/635 634/660/634 767/799/767 637/663/637
f 771/803/771 772/804/772 770/802/770 769/801/769
f 773/805/773 640/666/640 770/802/770 772/804/772
f 638/664/638 637/663/637 770/802/770 640/666/640
f 774/806/774 775/807/775 773/808/773 772/809/772
f 776/810/776 643/811/643 773/808/773 775/807/775
f 641/667/641 640/666/640 773/805/773 643/669/643
f 777/812/777 778/813/778 776/810/776 775/807/775
f 779/814/779 646/672/646 776/810/776 778/813/778
f 644/675/644 643/811/643 776/810/776 646/672/646
f 780/815/780 781/816/781 779/814/779 778/813/778
f 782/817/782 649/678/649 779/814/779 781/816/781
f 647/673/647 646/672/646 779/814/779 649/678/649
f 783/818/783 784/819/784 782/817/782 781/816/781
f 785/820/785 652/681/652 782/817/782 784/819/784
f 650/679/650 649/678/649 782/817/782 652/681/652
f 786/821/786 787/822/787 785/820/785 784/819/784
f 788/823/788 655/684/655 785/820/785 787/822/787
f 653/682/653 652/681/652 785/820/785 655/684/655
f 789/824/789 790/825/790 788/823/788 787/822/787
f 791/826/791 792/827/792 788/823/788 790/825/790
f 656/685/656 655/684/655 788/823/788 792/827/792
f 793/828/793 660/689/660 792/827/792 791/826/791
f 657/686/657 656/685/656 792/827/792 660/689/660
f 794/829/794 795/830/795 793/828/793 791/826/791
f 796/831/796 663/692/663 793/828/793 795/830/795
f 661/690/661 660/689/660 793/828/793 663/692/663
f 797/832/797 798/833/798 796/831/796 795/830/795
f 799/834/799 800/835/800 796/831/796 798/833/798
f 664/693/664 663/692/663 796/831/796 800/835/800
f 801/836/801 802/837/802 800/835/800 799/834/799
f 665/694/665 664/693/664 800/835/800 802/837/802
f 803/838/803 670/699/670 802/837/802 801/836/801
f 667/696/667 665/694/665 802/837/802 670/699/670
f 26/26/26 27/27/27 803/838/803 801/836/801
f 28/28/28 804/839/804 803/838/803 27/27/27
f 671/700/671 670/699/670 803/838/803 804/839/804
f 805/840/805 806/841/806 804/839/804 28/28/28
f 672/701/672 671/700/671 804/839/804 806/841/806
f 807/842/807 808/843/808 806/841/806 805/840/805
f 674/703/674 672/701/672 806/841/806 808/843/808
f 809/844/809 810/845/810 808/843/808 807/842/807
f 676/705/676 674/703/674 808/843/808 810/845/810
f 811/846/811 812/847/812 810/845/810 809/844/809
f 678/707/678 676/705/676 810/845/810 812/847/812
f 813/848/813 814/849/814 812/847/812 811/846/811
f 680/709/680 678/707/678 812/847/812 814/849/814
f 815/850/815 816/851/816 814/849/814 813/848/813
f 682/711/682 680/709/680 814/849/814 816/851/816
f 817/852/817 818/853/818 816/851/816 815/850/815
f 684/713/684 682/711/682 816/851/816 818/853/818
f 819/854/819 820/855/820 818/853/818 817/852/817
f 686/715/686 684/713/684 818/853/818 820/855/820
f 821/856/821 822/857/822 820/855/820 819/854/819
f 688/717/688 686/715/686 820/855/820 822/857/822
f 823/858/823 824/859/824 822/857/822 821/856/821
f 690/719/690 688/717/688 822/857/822 824/859/824
f 825/860/825 826/861/826 824/859/824 823/858/823
f 692/721/692 690/719/690 824/859/824 826/861/826
f 827/862/827 828/863/828 826/861/826 825/860/825
f 694/723/694 692/721/692 826/861/826 828/863/828
f 829/864/829 830/865/830 828/863/828 827/862/827
f 696/725/696 694/723/694 828/863/828 830/865/830
f 831/866/831 832/867/832 830/865/830 829/864/829
f 698/727/698 696/725/696 830/865/830 832/867/832
f 833/868/833 834/869/834 832/867/832 831/866/831
f 700/729/700 698/727/698 832/867/832 834/869/834
f 835/870/835 836/871/836 834/869/834 833/868/833
f 837/872/837 700/729/700 834/869/834 836/871/836
f 838/873/838 839/874/839 837/872/837 836/871/836
f 840/875/840 703/732/703 837/872/837 839/874/839
f 701/730/701 700/729/700 837/872/837 703/732/703
f 841/876/841 842/877/842 840/875/840 839/874/839
f 843/878/843 706/735/706 840/875/840 842/877/842
f 704/733/704 703/732/703 840/875/840 706/735/706
f 844/879/844 845/880/845 843/878/843 842/877/842
f 846/881/846 709/738/709 843/878/843 845/880/845
f 707/736/707 706/735/706 843/878/843 709/738/709
f 847/882/847 848/883/848 846/881/846 845/880/845
f 849/884/849 712/741/712 846/881/846 848/883/848
f 710/739/710 709/738/709 846/881/846 712/741/712
f 850/885/850 851/886/851 849/884/849 848/883/848
f 852/887/852 715/744/715 849/884/849 851/886/851
f 713/742/713 712/741/712 849/884/849 715/744/715
f 853/888/853 854/889/854 852/887/852 851/886/851
f 855/890/855 718/748/718 852/887/852 854/889/854
f 716/745/716 715/744/715 852/887/852 718/748/718
f 856/891/856 857/892/857 855/890/855 854/889/854
f 858/893/858 721/894/721 855/890/855 857/892/857
f 719/749/719 718/748/718 855/890/855 721/894/721
f 859/895/859 860/896/860 858/893/858 857/892/857
f 861/897/861 724/756/724 858/898/858 860/899/860
f 722/754/722 721/753/721 858/898/858 724/756/724
f 862/900/862 863/901/863 861/897/861 860/899/860
f 864/902/864 865/903/865 861/897/861 863/901/863
f 725/757/725 724/756/724 861/897/861 865/903/865
f 866/904/866 867/905/867 865/903/865 864/902/864
f 726/758/726 725/757/725 865/903/865 867/905/867
f 868/906/868 731/763/731 867/905/867 866/904/866
f 728/760/728 726/758/726 867/905/867 731/763/731
f 869/907/869 870/908/870 868/906/868 866/904/866
f 736/768/736 734/766/734 868/906/868 870/908/870
f 732/764/732 731/763/731 868/906/868 734/766/734
f 871/909/871 872/910/872 870/908/870 869/907/869
f 738/770/738 736/768/736 870/908/870 872/910/872
f 873/911/873 874/912/874 872/910/872 871/909/871
f 740/772/740 738/770/738 872/910/872 874/912/874
f 875/913/875 876/914/876 874/912/874 873/911/873
f 877/915/877 740/772/740 874/912/874 876/914/876
f 878/916/878 879/917/879 877/915/877 876/914/876
f 880/918/880 743/775/743 877/915/877 879/917/879
f 741/773/741 740/772/740 877/915/877 743/775/743
f 881/919/881 753/785/753 880/918/880 879/917/879
f 749/781/749 747/779/747 880/918/880 753/785/753
f 744/776/744 743/775/743 880/918/880 747/779/747
f 878/916/878 882/920/882 881/919/881 879/917/879
f 883/921/883 756/788/756 881/919/881 882/920/882
f 754/786/754 753/785/753 881/919/881 756/788/756
f 884/922/884 885/923/885 883/921/883 882/920/882
f 886/924/886 759/791/759 883/921/883 885/923/885
f 757/789/757 756/788/756 883/921/883 759/791/759
f 887/925/887 888/926/888 886/924/886 885/923/885
f 765/797/765 763/795/763 886/924/886 888/926/888
f 760/792/760 759/791/759 886/924/886 763/795/763
f 889/927/889 890/928/890 888/926/888 887/925/887
f 891/929/891 765/797/765 888/926/888 890/928/890
f 892/930/892 893/931/893 891/929/891 890/928/890
f 894/932/894 768/800/768 891/929/891 893/931/893
f 766/798/766 765/797/765 891/929/891 768/800/768
f 895/933/895 896/934/896 894/935/894 893/936/893
f 897/937/897 771/938/771 894/935/894 896/934/896
f 769/801/769 768/800/768 894/932/894 771/803/771
f 898/939/898 899/940/899 897/937/897 896/934/896
f 900/941/900 774/806/774 897/937/897 899/940/899
f 772/809/772 771/938/771 897/937/897 774/806/774
f 901/942/901 902/943/902 900/941/900 899/940/899
f 903/944/903 777/812/777 900/941/900 902/943/902
f 775/807/775 774/806/774 900/941/900 777/812/777
f 904/945/904 905/946/905 903/944/903 902/943/902
f 906/947/906 780/815/780 903/944/903 905/946/905
f 778/813/778 777/812/777 903/944/903 780/815/780
f 907/948/907 908/949/908 906/947/906 905/946/905
f 909/950/909 783/818/783 906/947/906 908/949/908
f 781/816/781 780/815/780 906/947/906 783/818/783
f 910/951/910 911/952/911 909/950/909 908/949/908
f 912/953/912 786/821/786 909/950/909 911/952/911
f 784/819/784 783/818/783 909/950/909 786/821/786
f 913/954/913 914/955/914 912/953/912 911/952/911
f 915/956/915 789/824/789 912/953/912 914/955/914
f 787/822/787 786/821/786 912/953/912 789/824/789
f 916/957/916 917/958/917 915/956/915 914/955/914
f 918/959/918 919/960/919 915/956/915 917/958/917
f 790/825/790 789/824/789 915/956/915 919/960/919
f 920/961/920 794/829/794 919/960/919 918/959/918
f 791/826/791 790/825/790 919/960/919 794/829/794
f 921/962/921 922/963/922 920/961/920 918/959/918
f 923/964/923 797/832/797 920/961/920 922/963/922
f 795/830/795 794/829/794 920/961/920 797/832/797
f 924/965/924 925/966/925 923/964/923 922/963/922
f 926/967/926 927/968/927 923/964/923 925/966/925
f 798/833/798 797/832/797 923/964/923 927/968/927
f 928/969/928 929/970/929 927/968/927 926/967/926
f 799/834/799 798/833/798 927/968/927 929/970/929
f 25/25/25 26/26/26 929/970/929 928/969/928
f 801/836/801 799/834/799 929/970/929 26/26/26
f 930/971/930 931/972/931 928/969/928 926/967/926
f 22/22/22 25/25/25 928/969/928 931/972/931
f 932/973/932 933/974/933 931/972/931 930/971/930
f 934/975/934 22/22/22 931/972/931 933/974/933
f 935/976/935 936/977/936 934/975/934 933/974/933
f 937/978/937 938/979/938 934/975/934 936/977/936
f 23/23/23 22/22/22 934/975/934 938/979/938
f 807/842/807 805/840/805 938/979/938 937/978/937
f 28/28/28 23/23/23 938/979/938 805/840/805
f 939/980/939 940/981/940 937/978/937 936/977/936
f 809/844/809 807/842/807 937/978/937 940/981/940
f 941/982/941 942/983/942 940/981/940 939/980/939
f 811/846/811 809/844/809 940/981/940 942/983/942
f 943/984/943 944/985/944 942/983/942 941/982/941
f 813/848/813 811/846/811 942/983/942 944/985/944
f 945/986/945 946/987/946 944/985/944 943/984/943
f 815/850/815 813/848/813 944/985/944 946/987/946
f 947/988/947 948/989/948 946/987/946 945/986/945
f 817/852/817 815/850/815 946/987/946 948/989/948
f 949/990/949 950/991/950 948/989/948 947/988/947
f 819/854/819 817/852/817 948/989/948 950/991/950
f 951/992/951 952/993/952 950/991/950 949/990/949
f 821/856/821 819/854/819 950/991/950 952/993/952
f 953/994/953 954/995/954 952/993/952 951/992/951
f 823/858/823 821/856/821 952/993/952 954/995/954
f 955/996/955 956/997/956 954/995/954 953/994/953
f 825/860/825 823/858/823 954/995/954 956/997/956
f 957/998/957 958/999/958 956/997/956 955/996/955
f 827/862/827 825/860/825 956/997/956 958/999/958
f 959/1000/959 960/1001/960 958/999/958 957/998/957
f 829/864/829 827/862/827 958/999/958 960/1001/960
f 961/1002/961 962/1003/962 960/1001/960 959/1000/959
f 831/866/831 829/864/829 960/1001/960 962/1003/962
f 8/8/8 963/1004/963 962/1003/962 961/1002/961
f 833/868/833 831/866/831 962/1003/962 963/1004/963
f 11/11/11 964/1005/964 963/1004/963 8/8/8
f 835/870/835 833/868/833 963/1004/963 964/1005/964
f 12/12/12 965/1006/965 964/1005/964 11/11/11
f 966/1007/966 835/870/835 964/1005/964 965/1006/965
f 967/1008/967 968/1009/968 966/1007/966 965/1006/965
f 969/1010/969 838/873/838 966/1007/966 968/1009/968
f 836/871/836 835/870/835 966/1007/966 838/873/838
f 970/1011/970 971/1012/971 969/1010/969 968/1009/968
f 972/1013/972 841/876/841 969/1010/969 971/1012/971
f 839/874/839 838/873/838 969/1010/969 841/876/841
f 973/1014/973 974/1015/974 972/1013/972 971/1012/971
f 975/1016/975 844/879/844 972/1013/972 974/1015/974
f 842/877/842 841/876/841 972/1013/972 844/879/844
f 976/1017/976 977/1018/977 975/1016/975 974/1015/974
f 978/1019/978 847/882/847 975/1016/975 977/1018/977
f 845/880/845 844/879/844 975/1016/975 847/882/847
f 979/1020/979 980/1021/980 978/1019/978 977/1018/977
f 981/1022/981 850/885/850 978/1019/978 980/1021/980
f 848/883/848 847/882/847 978/1019/978 850/885/850
f 982/1023/982 983/1024/983 981/1022/981 980/1021/980
f 984/1025/984 853/888/853 981/1022/981 983/1024/983
f 851/886/851 850/885/850 981/1022/981 853/888/853
f 985/1026/985 986/1027/986 984/1025/984 983/1024/983
f 987/1028/987 856/891/856 984/1025/984 986/1027/986
f 854/889/854 853/888/853 984/1025/984 856/891/856
f 988/1029/988 989/1030/989 987/1028/987 986/1027/986
f 990/1031/990 859/895/859 987/1028/987 989/1030/989
f 857/892/857 856/891/856 987/1028/987 859/895/859
f 991/1032/991 992/1033/992 990/1031/990 989/1030/989
f 993/1034/993 862/1035/862 990/1031/990 992/1033/992
f 860/896/860 859/895/859 990/1031/990 862/1035/862
f 994/1036/994 995/1037/995 993/1034/993 992/1033/992
f 996/1038/996 997/1039/997 993/1040/993 995/1041/995
f 863/901/863 862/900/862 993/1040/993 997/1039/997
f 998/1042/998 999/1043/999 997/1039/997 996/1038/996
f 864/902/864 863/901/863 997/1039/997 999/1043/999
f 871/909/871 869/907/869 999/1043/999 998/1042/998
f 866/904/866 864/902/864 999/1043/999 869/907/869
f 1000/1044/1000 1001/1045/1001 998/1042/998 996/1038/996
f 873/911/873 871/909/871 998/1042/998 1001/1045/1001
f 1002/1046/1002 1003/1047/1003 1001/1045/1001 1000/1044/1000
f 875/913/875 873/911/873 1001/1045/1001 1003/1047/1003
f 1004/1048/1004 1005/1049/1005 1003/1047/1003 1002/1046/1002
f 1006/1050/1006 875/913/875 1003/1047/1003 1005/1049/1005
f 1007/1051/1007 884/922/884 1006/1050/1006 1005/1049/1005
f 882/920/882 878/916/878 1006/1050/1006 884/922/884
f 876/914/876 875/913/875 1006/1050/1006 878/916/878
f 1004/1048/1004 1008/1052/1008 1007/1051/1007 1005/1049/1005
f 889/927/889 887/925/887 1007/1051/1007 1008/1052/1008
f 885/923/885 884/922/884 1007/1051/1007 887/925/887
f 1009/1053/1009 1010/1054/1010 1008/1052/1008 1004/1048/1004
f 1011/1055/1011 889/927/889 1008/1052/1008 1010/1054/1010
f 1012/1056/1012 1013/1057/1013 1011/1058/1011 1010/1059/1010
f 1014/1060/1014 892/1061/892 1011/1058/1011 1013/1057/1013
f 890/928/890 889/927/889 1011/1055/1011 892/930/892
f 1015/1062/1015 1016/1063/1016 1014/1060/1014 1013/1057/1013
f 1017/1064/1017 895/933/895 1014/1060/1014 1016/1063/1016
f 893/936/893 892/1061/892 1014/1060/1014 895/933/895
f 1018/1065/1018 1019/1066/1019 1017/1064/1017 1016/1063/1016
f 1020/1067/1020 898/939/898 1017/1064/1017 1019/1066/1019
f 896/934/896 895/933/895 1017/1064/1017 898/939/898
f 1021/1068/1021 1022/1069/1022 1020/1067/1020 1019/1066/1019
f 1023/1070/1023 901/942/901 1020/1067/1020 1022/1069/1022
f 899/940/899 898/939/898 1020/1067/1020 901/942/901
f 1024/1071/1024 1025/1072/1025 1023/1070/1023 1022/1069/1022
f 1026/1073/1026 904/945/904 1023/1070/1023 1025/1072/1025
f 902/943/902 901/942/901 1023/1070/1023 904/945/904
f 1027/1074/1027 1028/1075/1028 1026/1073/1026 1025/1072/1025
f 1029/1076/1029 907/948/907 1026/1073/1026 1028/1075/1028
f 905/946/905 904/945/904 1026/1073/1026 907/948/907
f 1030/1077/1030 1031/1078/1031 1029/1076/1029 1028/1075/1028
f 1032/1079/1032 910/951/910 1029/1076/1029 1031/1078/1031
f 908/949/908 907/948/907 1029/1076/1029 910/951/910
f 1033/1080/1033 1034/1081/1034 1032/1079/1032 1031/1078/1031
f 1035/1082/1035 913/954/913 1032/1079/1032 1034/1081/1034
f 911/952/911 910/951/910 1032/1079/1032 913/954/913
f 1036/1083/1036 1037/1084/1037 1035/1082/1035 1034/1081/1034
f 1038/1085/1038 916/957/916 1035/1082/1035 1037/1084/1037
f 914/955/914 913/954/913 1035/1082/1035 916/957/916
f 1039/1086/1039 1040/1087/1040 1038/1085/1038 1037/1084/1037
f 1041/1088/1041 1042/1089/1042 1038/1085/1038 1040/1087/1040
f 917/958/917 916/957/916 1038/1085/1038 1042/1089/1042
f 1043/1090/1043 921/962/921 1042/1089/1042 1041/1088/1041
f 918/959/918 917/958/917 1042/1089/1042 921/962/921
f 1044/1091/1044 1045/1092/1045 1043/1090/1043 1041/1088/1041
f 1046/1093/1046 924/965/924 1043/1090/1043 1045/1092/1045
f 922/963/922 921/962/921 1043/1090/1043 924/965/924
f 1047/1094/1047 1048/1095/1048 1046/1093/1046 1045/1092/1045
f 1049/1096/1049 1050/1097/1050 1046/1093/1046 1048/1095/1048
f 925/966/925 924/965/924 1046/1093/1046 1050/1097/1050
f 932/973/932 930/971/930 1050/1097/1050 1049/1096/1049
f 926/967/926 925/966/925 1050/1097/1050 930/971/930
f 1051/1098/1051 1052/1099/1052 1049/1096/1049 1048/1095/1048
f 1053/1100/1053 932/973/932 1049/1096/1049 1052/1099/1052
f 1054/1101/1054 1055/1102/1055 1053/1100/1053 1052/1099/1052
f 1056/1103/1056 935/976/935 1053/1100/1053 1055/1102/1055
f 933/974/933 932/973/932 1053/1100/1053 935/976/935
f 1057/1104/1057 1058/1105/1058 1056/1103/1056 1055/1102/1055
f 941/982/941 939/980/939 1056/1103/1056 1058/1105/1058
f 936/977/936 935/976/935 1056/1103/1056 939/980/939
f 1059/1106/1059 1060/1107/1060 1058/1105/1058 1057/1104/1057
f 943/984/943 941/982/941 1058/1105/1058 1060/1107/1060
f 1061/1108/1061 1062/1109/1062 1060/1107/1060 1059/1106/1059
f 945/986/945 943/984/943 1060/1107/1060 1062/1109/1062
f 1063/1110/1063 1064/1111/1064 1062/1109/1062 1061/1108/1061
f 947/988/947 945/986/945 1062/1109/1062 1064/1111/1064
f 1065/1112/1065 1066/1113/1066 1064/1111/1064 1063/1110/1063
f 949/990/949 947/988/947 1064/1111/1064 1066/1113/1066
f 1067/1114/1067 1068/1115/1068 1066/1113/1066 1065/1112/1065
f 951/992/951 949/990/949 1066/1113/1066 1068/1115/1068
f 1069/1116/1069 1070/1117/1070 1068/1115/1068 1067/1114/1067
f 953/994/953 951/992/951 1068/1115/1068 1070/1117/1070
f 1071/1118/1071 1072/1119/1072 1070/1117/1070 1069/1116/1069
f 955/996/955 953/994/953 1070/1117/1070 1072/1119/1072
f 1073/1120/1073 1074/1121/1074 1072/1119/1072 1071/1118/1071
f 957/998/957 955/996/955 1072/1119/1072 1074/1121/1074
f 1075/1122/1075 1076/1123/1076 1074/1121/1074 1073/1120/1073
f 959/1000/959 957/998/957 1074/1121/1074 1076/1123/1076
f 1077/1124/1077 1078/1125/1078 1076/1123/1076 1075/1122/1075
f 961/1002/961 959/1000/959 1076/1123/1076 1078/1125/1078
f 14/14/14 9/9/9 1078/1125/1078 1077/1124/1077
f 8/8/8 961/1002/961 1078/1125/1078 9/9/9
f 1079/1126/1079 1080/1127/1080 1077/1124/1077 1075/1122/1075
f 1081/1128/1081 14/14/14 1077/1124/1077 1080/1127/1080
f 1082/1129/1082 1083/1130/1083 1081/1128/1081 1080/1127/1080
f 1084/1131/1084 1085/1132/1085 1081/1128/1081 1083/1130/1083
f 13/13/13 14/14/14 1081/1128/1081 1085/1132/1085
f 1086/1133/1086 1087/1134/1087 1085/1132/1085 1084/1131/1084
f 12/12/12 13/13/13 1085/1132/1085 1087/1134/1087
f 1088/1135/1088 967/1008/967 1087/1134/1087 1086/1133/1086
f 965/1006/965 12/12/12 1087/1134/1087 967/1008/967
f 1089/1136/1089 1090/1137/1090 1088/1135/1088 1086/1133/1086
f 1091/1138/1091 970/1011/970 1088/1135/1088 1090/1137/1090
f 968/1009/968 967/1008/967 1088/1135/1088 970/1011/970
f 1092/1139/1092 1093/1140/1093 1091/1138/1091 1090/1137/1090
f 1094/1141/1094 973/1014/973 1091/1138/1091 1093/1140/1093
f 971/1012/971 970/1011/970 1091/1138/1091 973/1014/973
f 1095/1142/1095 1096/1143/1096 1094/1141/1094 1093/1140/1093
f 1097/1144/1097 976/1017/976 1094/1141/1094 1096/1143/1096
f 974/1015/974 973/1014/973 1094/1141/1094 976/1017/976
f 1098/1145/1098 1099/1146/1099 1097/1144/1097 1096/1143/1096
f 1100/1147/1100 979/1020/979 1097/1144/1097 1099/1146/1099
f 977/1018/977 976/1017/976 1097/1144/1097 979/1020/979
f 1101/1148/1101 1102/1149/1102 1100/1147/1100 1099/1146/1099
f 1103/1150/1103 982/1023/982 1100/1147/1100 1102/1149/1102
f 980/1021/980 979/1020/979 1100/1147/1100 982/1023/982
f 1104/1151/1104 1105/1152/1105 1103/1150/1103 1102/1149/1102
f 1106/1153/1106 985/1026/985 1103/1150/1103 1105/1152/1105
f 983/1024/983 982/1023/982 1103/1150/1103 985/1026/985
f 1107/1154/1107 1108/1155/1108 1106/1153/1106 1105/1152/1105
f 1109/1156/1109 988/1029/988 1106/1153/1106 1108/1155/1108
f 986/1027/986 985/1026/985 1106/1153/1106 988/1029/988
f 1110/1157/1110 1111/1158/1111 1109/1156/1109 1108/1155/1108
f 1112/1159/1112 991/1032/991 1109/1156/1109 1111/1158/1111
f 989/1030/989 988/1029/988 1109/1156/1109 991/1032/991
f 1113/1160/1113 1114/1161/1114 1112/1159/1112 1111/1158/1111
f 1115/1162/1115 994/1036/994 1112/1159/1112 1114/1161/1114
f 992/1033/992 991/1032/991 1112/1159/1112 994/1036/994
f 1116/1163/1116 1117/1164/1117 1115/1162/1115 1114/1161/1114
f 1118/1165/1118 1119/1166/1119 1115/1162/1115 1117/1164/1117
f 995/1037/995 994/1036/994 1115/1162/1115 1119/1166/1119
f 1002/1046/1002 1000/1044/1000 1119/1167/1119 1118/1168/1118
f 996/1038/996 995/1041/995 1119/1167/1119 1000/1044/1000
f 1120/1169/1120 1009/1170/1009 1118/1165/1118 1117/1164/1117
f 1004/1048/1004 1002/1046/1002 1118/1168/1118 1009/1053/1009
f 1116/1163/1116 1121/1171/1121 1120/1169/1120 1117/1164/1117
f 1122/1172/1122 1012/1056/1012 1120/1169/1120 1121/1171/1121
f 1010/1059/1010 1009/1170/1009 1120/1169/1120 1012/1056/1012
f 1123/1173/1123 1124/1174/1124 1122/1172/1122 1121/1171/1121
f 1125/1175/1125 1015/1062/1015 1122/1172/1122 1124/1174/1124
f 1013/1057/1013 1012/1056/1012 1122/1172/1122 1015/1062/1015
f 1126/1176/1126 1127/1177/1127 1125/1175/1125 1124/1174/1124
f 1128/1178/1128 1018/1065/1018 1125/1175/1125 1127/1177/1127
f 1016/1063/1016 1015/1062/1015 1125/1175/1125 1018/1065/1018
f 1129/1179/1129 1130/1180/1130 1128/1178/1128 1127/1177/1127
f 1131/1181/1131 1021/1068/1021 1128/1178/1128 1130/1180/1130
f 1019/1066/1019 1018/1065/1018 1128/1178/1128 1021/1068/1021
f 1132/1182/1132 1133/1183/1133 1131/1181/1131 1130/1180/1130
f 1134/1184/1134 1024/1071/1024 1131/1181/1131 1133/1183/1133
f 1022/1069/1022 1021/1068/1021 1131/1181/1131 1024/1071/1024
f 1135/1185/1135 1136/1186/1136 1134/1184/1134 1133/1183/1133
f 1137/1187/1137 1027/1074/1027 1134/1184/1134 1136/1186/1136
f 1025/1072/1025 1024/1071/1024 1134/1184/1134 1027/1074/1027
f 1138/1188/1138 1139/1189/1139 1137/1187/1137 1136/1186/1136
f 1140/1190/1140 1030/1077/1030 1137/1187/1137 1139/1189/1139
f 1028/1075/1028 1027/1074/1027 1137/1187/1137 1030/1077/1030
f 1141/1191/1141 1142/1192/1142 1140/1190/1140 1139/1189/1139
f 1143/1193/1143 1033/1080/1033 1140/1190/1140 1142/1192/1142
f 1031/1078/1031 1030/1077/1030 1140/1190/1140 1033/1080/1033
f 1144/1194/1144 1145/1195/1145 1143/1193/1143 1142/1192/1142
f 1146/1196/1146 1036/1083/1036 1143/1193/1143 1145/1195/1145
f 1034/1081/1034 1033/1080/1033 1143/1193/1143 1036/1083/1036
f 1147/1197/1147 1148/1198/1148 1146/1196/1146 1145/1195/1145
f 1149/1199/1149 1039/1086/1039 1146/1196/1146 1148/1198/1148
f 1037/1084/1037 1036/1083/1036 1146/1196/1146 1039/1086/1039
f 1150/1200/1150 1151/1201/1151 1149/1199/1149 1148/1198/1148
f 1152/1202/1152 1153/1203/1153 1149/1199/1149 1151/1201/1151
f 1040/1087/1040 1039/1086/1039 1149/1199/1149 1153/1203/1153
f 1154/1204/1154 1044/1091/1044 1153/1203/1153 1152/1202/1152
f 1041/1088/1041 1040/1087/1040 1153/1203/1153 1044/1091/1044
f 1155/1205/1155 1156/1206/1156 1154/1204/1154 1152/1202/1152
f 1157/1207/1157 1047/1094/1047 1154/1204/1154 1156/1206/1156
f 1045/1092/1045 1044/1091/1044 1154/1204/1154 1047/1094/1047
f 1158/1208/1158 1159/1209/1159 1157/1207/1157 1156/1206/1156
f 1160/1210/1160 1051/1098/1051 1157/1207/1157 1159/1209/1159
f 1048/1095/1048 1047/1094/1047 1157/1207/1157 1051/1098/1051
f 1161/1211/1161 1162/1212/1162 1160/1210/1160 1159/1209/1159
f 1163/1213/1163 1054/1101/1054 1160/1210/1160 1162/1212/1162
f 1052/1099/1052 1051/1098/1051 1160/1210/1160 1054/1101/1054
f 1164/1214/1164 1165/1215/1165 1163/1213/1163 1162/1212/1162
f 1059/1106/1059 1057/1104/1057 1163/1213/1163 1165/1215/1165
f 1055/1102/1055 1054/1101/1054 1163/1213/1163 1057/1104/1057
f 1166/1216/1166 1167/1217/1167 1165/1215/1165 1164/1214/1164
f 1061/1108/1061 1059/1106/1059 1165/1215/1165 1167/1217/1167
f 1168/1218/1168 1169/1219/1169 1167/1217/1167 1166/1216/1166
f 1063/1110/1063 1061/1108/1061 1167/1217/1167 1169/1219/1169
f 1170/1220/1170 1171/1221/1171 1169/1219/1169 1168/1218/1168
f 1065/1112/1065 1063/1110/1063 1169/1219/1169 1171/1221/1171
f 1172/1222/1172 1173/1223/1173 1171/1221/1171 1170/1220/1170
f 1067/1114/1067 1065/1112/1065 1171/1221/1171 1173/1223/1173
f 1174/1224/1174 1175/1225/1175 1173/1223/1173 1172/1222/1172
f 1069/1116/1069 1067/1114/1067 1173/1223/1173 1175/1225/1175
f 1176/1226/1176 1177/1227/1177 1175/1225/1175 1174/1224/1174
f 1071/1118/1071 1069/1116/1069 1175/1225/1175 1177/1227/1177
f 1178/1228/1178 1179/1229/1179 1177/1227/1177 1176/1226/1176
f 1073/1120/1073 1071/1118/1071 1177/1227/1177 1179/1229/1179
f 1180/1230/1180 1079/1126/1079 1179/1229/1179 1178/1228/1178
f 1075/1122/1075 1073/1120/1073 1179/1229/1179 1079/1126/1079
f 1181/1231/1181 1182/1232/1182 1180/1230/1180 1178/1228/1178
f 1183/1233/1183 1082/1129/1082 1180/1230/1180 1182/1232/1182
f 1080/1127/1080 1079/1126/1079 1180/1230/1180 1082/1129/1082
f 1184/1234/1184 1185/1235/1185 1183/1233/1183 1182/1232/1182
f 1186/1236/1186 1187/1237/1187 1183/1233/1183 1185/1235/1185
f 1083/1130/1083 1082/1129/1082 1183/1233/1183 1187/1237/1187
f 1188/1238/1188 1189/1239/1189 1187/1237/1187 1186/1236/1186
f 1084/1131/1084 1083/1130/1083 1187/1237/1187 1189/1239/1189
f 1190/1240/1190 1089/1136/1089 1189/1239/1189 1188/1238/1188
f 1086/1133/1086 1084/1131/1084 1189/1239/1189 1089/1136/1089
f 1191/1241/1191 1192/1242/1192 1190/1240/1190 1188/1238/1188
f 1193/1243/1193 1092/1139/1092 1190/1240/1190 1192/1242/1192
f 1090/1137/1090 1089/1136/1089 1190/1240/1190 1092/1139/1092
f 1194/1244/1194 1195/1245/1195 1193/1243/1193 1192/1242/1192
f 1196/1246/1196 1095/1142/1095 1193/1243/1193 1195/1245/1195
f 1093/1140/1093 1092/1139/1092 1193/1243/1193 1095/1142/1095
f 1197/1247/1197 1198/1248/1198 1196/1246/1196 1195/1245/1195
f 1199/1249/1199 1098/1145/1098 1196/1246/1196 1198/1248/1198
f 1096/1143/1096 1095/1142/1095 1196/1246/1196 1098/1145/1098
f 1200/1250/1200 1201/1251/1201 1199/1249/1199 1198/1248/1198
f 1202/1252/1202 1101/1148/1101 1199/1249/1199 1201/1251/1201
f 1099/1146/1099 1098/1145/1098 1199/1249/1199 1101/1148/1101
f 1203/1253/1203 1204/1254/1204 1202/1252/1202 1201/1251/1201
f 1205/1255/1205 1104/1151/1104 1202/1252/1202 1204/1254/1204
f 1102/1149/1102 1101/1148/1101 1202/1252/1202 1104/1151/1104
f 1206/1256/1206 1207/1257/1207 1205/1255/1205 1204/1254/1204
f 1208/1258/1208 1107/1154/1107 1205/1255/1205 1207/1257/1207
f 1105/1152/1105 1104/1151/1104 1205/1255/1205 1107/1154/1107
f 1209/1259/1209 1210/1260/1210 1208/1258/1208 1207/1257/1207
f 1211/1261/1211 1110/1157/1110 1208/1258/1208 1210/1260/1210
f 1108/1155/1108 1107/1154/1107 1208/1258/1208 1110/1157/1110
f 1212/1262/1212 1213/1263/1213 1211/1261/1211 1210/1260/1210
f 1214/1264/1214 1113/1160/1113 1211/1261/1211 1213/1263/1213
f 1111/1158/1111 1110/1157/1110 1211/1261/1211 1113/1160/1113
f 1215/1265/1215 1123/1173/1123 1214/1264/1214 1213/1263/1213
f 1121/1171/1121 1116/1163/1116 1214/1264/1214 1123/1173/1123
f 1114/1161/1114 1113/1160/1113 1214/1264/1214 1116/1163/1116
f 1212/1262/1212 1216/1266/1216 1215/1265/1215 1213/1263/1213
f 1217/1267/1217 1126/1176/1126 1215/1265/1215 1216/1266/1216
f 1124/1174/1124 1123/1173/1123 1215/1265/1215 1126/1176/1126
f 1218/1268/1218 1219/1269/1219 1217/1267/1217 1216/1266/1216
f 1220/1270/1220 1129/1179/1129 1217/1267/1217 1219/1269/1219
f 1127/1177/1127 1126/1176/1126 1217/1267/1217 1129/1179/1129
f 1221/1271/1221 1222/1272/1222 1220/1270/1220 1219/1269/1219
f 1223/1273/1223 1132/1182/1132 1220/1270/1220 1222/1272/1222
f 1130/1180/1130 1129/1179/1129 1220/1270/1220 1132/1182/1132
f 1224/1274/1224 1225/1275/1225 1223/1273/1223 1222/1272/1222
f 1226/1276/1226 1135/1185/1135 1223/1273/1223 1225/1275/1225
f 1133/1183/1133 1132/1182/1132 1223/1273/1223 1135/1185/1135
f 4/4/4 5/5/5 1226/1276/1226 1225/1275/1225
f 1227/1277/1227 1138/1188/1138 1226/1276/1226 5/5/5
f 1136/1186/1136 1135/1185/1135 1226/1276/1226 1138/1188/1138
f 6/6/6 1228/1278/1228 1227/1277/1227 5/5/5
f 1229/1279/1229 1141/1191/1141 1227/1277/1227 1228/1278/1228
f 1139/1189/1139 1138/1188/1138 1227/1277/1227 1141/1191/1141
f 1230/1280/1230 1231/1281/1231 1229/1279/1229 1228/1278/1228
f 1232/1282/1232 1144/1194/1144 1229/1279/1229 1231/1281/1231
f 1142/1192/1142 1141/1191/1141 1229/1279/1229 1144/1194/1144
f 1233/1283/1233 1234/1284/1234 1232/1282/1232 1231/1281/1231
f 1235/1285/1235 1147/1197/1147 1232/1282/1232 1234/1284/1234
f 1145/1195/1145 1144/1194/1144 1232/1282/1232 1147/1197/1147
f 1236/1286/1236 1237/1287/1237 1235/1285/1235 1234/1284/1234
f 1238/1288/1238 1150/1200/1150 1235/1285/1235 1237/1287/1237
f 1148/1198/1148 1147/1197/1147 1235/1285/1235 1150/1200/1150
f 1239/1289/1239 1240/1290/1240 1238/1288/1238 1237/1287/1237
f 1241/1291/1241 1242/1292/1242 1238/1288/1238 1240/1290/1240
f 1151/1201/1151 1150/1200/1150 1238/1288/1238 1242/1292/1242
f 1243/1293/1243 1155/1205/1155 1242/1292/1242 1241/1291/1241
f 1152/1202/1152 1151/1201/1151 1242/1292/1242 1155/1205/1155
f 1244/1294/1244 1245/1295/1245 1243/1293/1243 1241/1291/1241
f 1246/1296/1246 1158/1208/1158 1243/1293/1243 1245/1295/1245
f 1156/1206/1156 1155/1205/1155 1243/1293/1243 1158/1208/1158
f 1247/1297/1247 1248/1298/1248 1246/1296/1246 1245/1295/1245
f 1249/1299/1249 1161/1211/1161 1246/1296/1246 1248/1298/1248
f 1159/1209/1159 1158/1208/1158 1246/1296/1246 1161/1211/1161
f 1250/1300/1250 1251/1301/1251 1249/1299/1249 1248/1298/1248
f 1166/1216/1166 1164/1214/1164 1249/1299/1249 1251/1301/1251
f 1162/1212/1162 1161/1211/1161 1249/1299/1249 1164/1214/1164
f 1252/1302/1246 1253/1303/1252 1251/1301/1251 1250/1300/1250
f 1168/1218/1168 1166/1216/1166 1251/1301/1251 1253/1303/1252
f 1254/1304/1253 1255/1305/1254 1253/1303/1252 1252/1302/1246
f 1170/1220/1170 1168/1218/1168 1253/1303/1252 1255/1305/1254
f 21/21/21 1256/1306/1255 1255/1305/1254 1254/1304/1253
f 1172/1222/1172 1170/1220/1170 1255/1305/1254 1256/1306/1255
f 16/16/16 1257/1307/1256 1256/1306/1255 21/21/21
f 1174/1224/1174 1172/1222/1172 1256/1306/1255 1257/1307/1256
f 15/15/15 1258/1308/1257 1257/1307/1256 16/16/16
f 1176/1226/1176 1174/1224/1174 1257/1307/1256 1258/1308/1257
f 1259/1309/1258 1181/1231/1181 1258/1308/1257 15/15/15
f 1178/1228/1178 1176/1226/1176 1258/1308/1257 1181/1231/1181
f 18/18/18 1260/1310/1259 1259/1309/1258 15/15/15
f 1261/1311/1260 1184/1234/1184 1259/1309/1258 1260/1310/1259
f 1182/1232/1182 1181/1231/1181 1259/1309/1258 1184/1234/1184
f 1262/1312/786 1263/1313/1261 1261/1311/1260 1260/1310/1259
f 1264/1314/1262 1265/1315/1263 1261/1311/1260 1263/1313/1261
f 1185/1235/1185 1184/1234/1184 1261/1311/1260 1265/1315/1263
f 1266/1316/1264 1267/1317/1265 1265/1315/1263 1264/1314/1262
f 1186/1236/1186 1185/1235/1185 1265/1315/1263 1267/1317/1265
f 1268/1318/1266 1191/1241/1191 1267/1317/1265 1266/1316/1264
f 1188/1238/1188 1186/1236/1186 1267/1317/1265 1191/1241/1191
f 1269/1319/1267 1270/1320/1268 1268/1318/1266 1266/1316/1264
f 1271/1321/1269 1194/1244/1194 1268/1318/1266 1270/1320/1268
f 1192/1242/1192 1191/1241/1191 1268/1318/1266 1194/1244/1194
f 1272/1322/1270 1273/1323/1271 1271/1321/1269 1270/1320/1268
f 1274/1324/1272 1197/1247/1197 1271/1321/1269 1273/1323/1271
f 1195/1245/1195 1194/1244/1194 1271/1321/1269 1197/1247/1197
f 1275/1325/1273 1276/1326/1274 1274/1324/1272 1273/1323/1271
f 1277/1327/1275 1200/1250/1200 1274/1324/1272 1276/1326/1274
f 1198/1248/1198 1197/1247/1197 1274/1324/1272 1200/1250/1200
f 1278/1328/1276 1279/1329/1277 1277/1327/1275 1276/1326/1274
f 1280/1330/1278 1203/1253/1203 1277/1327/1275 1279/1329/1277
f 1201/1251/1201 1200/1250/1200 1277/1327/1275 1203/1253/1203
f 1281/1331/1279 1282/1332/1280 1280/1330/1278 1279/1329/1277
f 1283/1333/1281 1206/1256/1206 1280/1330/1278 1282/1332/1280
f 1204/1254/1204 1203/1253/1203 1280/1330/1278 1206/1256/1206
f 1284/1334/1282 1285/1335/1283 1283/1333/1281 1282/1332/1280
f 1286/1336/1284 1209/1259/1209 1283/1333/1281 1285/1335/1283
f 1207/1257/1207 1206/1256/1206 1283/1333/1281 1209/1259/1209
f 1287/1337/1285 1218/1268/1218 1286/1336/1284 1285/1335/1283
f 1216/1266/1216 1212/1262/1212 1286/1336/1284 1218/1268/1218
f 1210/1260/1210 1209/1259/1209 1286/1336/1284 1212/1262/1212
f 1284/1334/1282 1288/1338/1286 1287/1337/1285 1285/1335/1283
f 1289/1339/1287 1221/1271/1221 1287/1337/1285 1288/1338/1286
f 1219/1269/1219 1218/1268/1218 1287/1337/1285 1221/1271/1221
f 1290/1340/1288 1291/1341/1289 1289/1339/1287 1288/1338/1286
f 1/1/1 1224/1274/1224 1289/1339/1287 1291/1341/1289
f 1222/1272/1222 1221/1271/1221 1289/1339/1287 1224/1274/1224
f 1292/1342/1290 1293/1343/1291 1291/1341/1289 1290/1340/1288
f 2/2/2 1/1/1 1291/1341/1289 1293/1343/1291
f 1294/1344/1292 1295/1345/1293 1293/1343/1291 1292/1342/1290
f 7/7/7 2/2/2 1293/1343/1291 1295/1345/1293
f 1296/1346/1294 1297/1347/1295 1295/1345/1293 1294/1344/1292
f 1230/1280/1230 7/7/7 1295/1345/1293 1297/1347/1295
f 1298/1348/1296 1233/1283/1233 1297/1347/1295 1296/1346/1294
f 1231/1281/1231 1230/1280/1230 1297/1347/1295 1233/1283/1233
f 1299/1349/1297 1236/1286/1236 1298/1348/1296 1300/1350/1298
f 1234/1284/1234 1233/1283/1233 1298/1348/1296 1236/1286/1236
f 1301/1351/1299 1300/1350/1298 1298/1348/1296 1296/1346/1294
f 1302/1352/1300 1300/1350/1298 1301/1351/1299 1303/1353/1301
f 1294/1344/1292 1304/1354/1302 1301/1351/1299 1296/1346/1294
f 1305/1355/1303 1303/1353/1301 1301/1351/1299 1304/1354/1302
f 1306/1356/1304 1303/1353/1301 1305/1355/1303 1307/1357/1305
f 1308/1358/1306 1309/1359/1307 1305/1355/1303 1304/1354/1302
f 1278/1328/1276 1307/1357/1305 1305/1355/1303 1309/1359/1307
f 1310/1360/1308 1281/1331/1279 1309/1359/1307 1308/1358/1306
f 1279/1329/1277 1278/1328/1276 1309/1359/1307 1281/1331/1279
f 1292/1342/1290 1290/1340/1288 1310/1360/1308 1308/1358/1306
f 1288/1338/1286 1284/1334/1282 1310/1360/1308 1290/1340/1288
f 1282/1332/1280 1281/1331/1279 1310/1360/1308 1284/1334/1282
f 1294/1344/1292 1292/1342/1290 1308/1358/1306 1304/1354/1302
f 1311/1361/1309 1312/1362/1310 1306/1356/1304 1313/1363/1311
f 1302/1352/1300 1303/1353/1301 1306/1356/1304 1312/1362/1310
f 1275/1325/1273 1313/1363/1311 1306/1356/1304 1307/1357/1305
f 1314/1364/1312 1315/1365/1313 1312/1362/1310 1311/1361/1309
f 1316/1366/1314 1302/1352/1300 1312/1362/1310 1315/1365/1313
f 1317/1367/1315 1318/1368/1316 1316/1366/1314 1315/1365/1313
f 1239/1289/1239 1299/1349/1297 1316/1366/1314 1318/1368/1316
f 1300/1350/1298 1302/1352/1300 1316/1366/1314 1299/1349/1297
f 1319/1369/1317 1320/1370/1318 1318/1368/1316 1317/1367/1315
f 1240/1290/1240 1239/1289/1239 1318/1368/1316 1320/1370/1318
f 1321/1371/1319 1244/1294/1244 1320/1370/1318 1319/1369/1317
f 1241/1291/1241 1240/1290/1240 1320/1370/1318 1244/1294/1244
f 1322/1372/1320 1323/1373/1321 1321/1371/1319 1319/1369/1317
f 1324/1374/1322 1247/1297/1247 1321/1371/1319 1323/1373/1321
f 1245/1295/1245 1244/1294/1244 1321/1371/1319 1247/1297/1247
f 1325/1375/1323 1326/1376/1324 1324/1374/1322 1323/1373/1321
f 1252/1302/1246 1250/1300/1250 1324/1374/1322 1326/1376/1324
f 1248/1298/1248 1247/1297/1247 1324/1374/1322 1250/1300/1250
f 1327/1377/1325 1328/1378/1326 1326/1376/1324 1325/1375/1323
f 1254/1304/1253 1252/1302/1246 1326/1376/1324 1328/1378/1326
f 19/19/19 20/20/20 1328/1378/1326 1327/1377/1325
f 21/21/21 1254/1304/1253 1328/1378/1326 20/20/20
f 1329/1379/1327 1330/1380/1328 1327/1377/1325 1325/1375/1323
f 1262/1312/786 19/19/19 1327/1377/1325 1330/1380/1328
f 1331/1381/1329 1332/1382/1330 1330/1380/1328 1329/1379/1327
f 1263/1313/1261 1262/1312/786 1330/1380/1328 1332/1382/1330
f 1333/1383/1331 1334/1384/1332 1332/1382/1330 1331/1381/1329
f 1264/1314/1262 1263/1313/1261 1332/1382/1330 1334/1384/1332
f 1335/1385/1333 1269/1319/1267 1334/1384/1332 1333/1383/1331
f 1266/1316/1264 1264/1314/1262 1334/1384/1332 1269/1319/1267
f 1314/1364/1312 1311/1361/1309 1335/1385/1333 1333/1383/1331
f 1313/1363/1311 1272/1322/1270 1335/1385/1333 1311/1361/1309
f 1270/1320/1268 1269/1319/1267 1335/1385/1333 1272/1322/1270
f 1336/1386/1334 1314/1364/1312 1333/1383/1331 1331/1381/1329
f 1329/1379/1327 1322/1372/1320 1336/1386/1334 1331/1381/1329
f 1319/1369/1317 1317/1367/1315 1336/1386/1334 1322/1372/1320
f 1315/1365/1313 1314/1364/1312 1336/1386/1334 1317/1367/1315
f 1323/1373/1321 1322/1372/1320 1329/1379/1327 1325/1375/1323
f 1273/1323/1271 1272/1322/1270 1313/1363/1311 1275/1325/1273
f 1276/1326/1274 1275/1325/1273 1307/1357/1305 1278/1328/1276
f 1237/1287/1237 1236/1286/1236 1299/1349/1297 1239/1289/1239
f 18/18/18 19/19/19 1262/1312/786 1260/1310/1259
f 6/6/6 7/7/7 1230/1280/1230 1228/1278/1228
f 1/1/1 4/4/4 1225/1275/1225 1224/1274/1224
f 47/47/47 44/44/44 603/629/603 602/628/602
f 34/34/34 33/33/33 501/520/501 499/518/499
f 35/35/35 34/34/34 499/518/499 497/516/497
o root.1
v -0.148583 0.217312 -0.024588
v -0.149067 0.230244 -0.002438
v -0.137366 0.190265 -0.033630
v -0.138185 0.208667 -0.060983
v -0.174428 0.241285 -0.016015
v -0.167330 0.244974 -0.001316
v -0.192350 0.251378 0.022943
v -0.210258 0.243062 -0.003055
v -0.165331 0.220676 -0.057175
v -0.198562 0.228832 -0.039635
v -0.146484 0.210298 -0.110433
v -0.131530 0.200047 -0.183668
v -0.117721 0.200607 -0.107096
v -0.183810 0.220898 -0.099991
v -0.236776 0.216647 -0.091694
v -0.172064 0.213809 -0.177047
v -0.127707 0.213768 -0.210137
v -0.180761 0.220338 -0.246695
v -0.238828 0.209671 -0.161860
v -0.316290 0.189471 -0.166451
v -0.240525 0.209493 -0.235440
v -0.234126 0.208318 -0.303245
v -0.320406 0.186543 -0.246652
v -0.394283 0.184315 -0.262997
v -0.307620 0.185580 -0.327306
v -0.270859 0.192154 -0.402393
v -0.375984 0.189913 -0.357378
v -0.418872 0.200263 -0.371908
v -0.334282 0.203857 -0.444891
v -0.275773 0.214287 -0.518039
v -0.383649 0.218447 -0.468796
v -0.426918 0.240209 -0.480533
v -0.337052 0.239422 -0.557160
v -0.278545 0.260629 -0.646759
v -0.412074 0.297391 -0.563937
v -0.389799 0.313704 -0.644319
v -0.447264 0.326878 -0.528769
v -0.477019 0.354804 -0.586297
v -0.490272 0.361765 -0.552369
v -0.473122 0.364576 -0.631032
v -0.554874 0.399199 -0.582036
v -0.560387 0.390898 -0.559117
v -0.550576 0.412111 -0.606224
v -0.616169 0.454326 -0.568030
v -0.609418 0.453466 -0.548629
v -0.610570 0.466254 -0.583708
v -0.639018 0.507425 -0.534826
v -0.630405 0.550006 -0.481582
v -0.620590 0.502386 -0.520533
v -0.638892 0.518890 -0.551316
v -0.627270 0.533204 -0.567694
v -0.637105 0.563094 -0.494190
v -0.609531 0.588603 -0.428402
v -0.621724 0.574861 -0.509419
v -0.602105 0.587694 -0.526443
v -0.598899 0.599830 -0.444784
v -0.581955 0.612754 -0.463851
v -0.573440 0.607822 -0.402960
v -0.582358 0.595608 -0.392166
v -0.558526 0.622729 -0.418903
v -0.550761 0.603842 -0.372104
v -0.526378 0.588118 -0.349258
v -0.563007 0.593485 -0.362888
v -0.534960 0.618615 -0.386102
v -0.511607 0.639299 -0.406423
v -0.511578 0.601529 -0.363571
v -0.486579 0.576838 -0.351649
v -0.491041 0.625058 -0.386949
v -0.468466 0.600694 -0.370718
v -0.448512 0.653506 -0.417006
v -0.467624 0.666448 -0.433124
v -0.406955 0.654675 -0.424842
v -0.443141 0.631681 -0.397504
v -0.418619 0.622166 -0.393433
v -0.450334 0.578698 -0.363766
v -0.394331 0.600274 -0.377680
v -0.378414 0.623598 -0.338559
v -0.371953 0.662812 -0.418380
v -0.424668 0.543502 -0.361253
v -0.434523 0.569450 -0.363726
v -0.446996 0.536101 -0.355829
v -0.464003 0.556234 -0.347926
v -0.457117 0.503424 -0.344403
v -0.458724 0.470451 -0.358163
v -0.472990 0.488541 -0.348951
v -0.471294 0.536835 -0.334171
v -0.485437 0.511149 -0.328061
v -0.499201 0.562511 -0.337971
v -0.510187 0.552362 -0.323240
v -0.540419 0.578585 -0.337087
v -0.517159 0.544266 -0.327224
v -0.545037 0.566951 -0.340422
v -0.486366 0.516450 -0.317381
v -0.521049 0.535564 -0.352295
v -0.497019 0.514659 -0.345036
v -0.543005 0.552135 -0.362603
v -0.527588 0.524928 -0.379659
v -0.548677 0.541608 -0.387571
v -0.539925 0.514674 -0.414918
v -0.505291 0.508160 -0.369899
v -0.485671 0.494616 -0.359383
v -0.514313 0.495563 -0.403707
v -0.524206 0.480336 -0.443892
v -0.489975 0.479303 -0.390615
v -0.495081 0.459785 -0.434062
v -0.469709 0.468793 -0.375403
v -0.471055 0.437960 -0.426124
v -0.484817 0.407116 -0.464476
v -0.476442 0.413133 -0.403101
v -0.508828 0.390974 -0.371936
v -0.491003 0.381216 -0.433094
v -0.490080 0.349310 -0.447910
v -0.518819 0.353514 -0.383222
v -0.513531 0.313490 -0.387472
v -0.535468 0.332790 -0.285535
v -0.527162 0.379781 -0.289575
v -0.524800 0.320583 -0.180794
v -0.530815 0.288110 -0.287043
v -0.507913 0.253044 -0.288038
v -0.520956 0.280007 -0.183304
v -0.528905 0.284854 -0.112370
v -0.517700 0.240516 -0.181875
v -0.524948 0.249244 -0.088645
v -0.497250 0.219633 -0.178030
v -0.495236 0.234951 -0.077149
v -0.469862 0.207557 -0.174484
v -0.491372 0.222035 -0.286290
v -0.466325 0.202462 -0.278938
v -0.477119 0.238769 -0.388095
v -0.451169 0.216215 -0.381246
v -0.445489 0.271395 -0.475690
v -0.497087 0.273174 -0.390753
v -0.469627 0.312325 -0.462010
v -0.474534 0.350646 -0.502200
v -0.504940 0.369491 -0.523268
v -0.488337 0.377935 -0.482123
v -0.510523 0.398014 -0.503194
v -0.503925 0.434438 -0.480351
v -0.543963 0.428641 -0.519124
v -0.533583 0.456874 -0.489111
v -0.569444 0.462266 -0.517842
v -0.555454 0.404662 -0.535892
v -0.590141 0.461191 -0.531811
v -0.594969 0.498177 -0.509512
v -0.565364 0.484034 -0.498896
v -0.580686 0.527302 -0.467215
v -0.563240 0.534864 -0.421013
v -0.606321 0.540918 -0.474991
v -0.552992 0.504744 -0.456338
v -0.584482 0.553408 -0.423528
v -0.567784 0.559460 -0.391202
v -0.603117 0.571420 -0.423282
v -0.580713 0.578443 -0.390101
v -0.569979 0.584436 -0.357711
v -0.560212 0.565050 -0.370723
v -0.435392 0.192979 -0.271430
v -0.439359 0.196472 -0.172347
v -0.429104 0.197159 -0.083947
v -0.390271 0.184819 -0.171095
v -0.377006 0.185758 -0.087598
v -0.305661 0.194623 -0.086142
v -0.362010 0.187460 -0.004648
v -0.295593 0.201609 -0.002512
v -0.416934 0.197077 -0.004621
v -0.354693 0.189925 0.074486
v -0.292570 0.208371 0.068725
v -0.411156 0.200246 0.077492
v -0.352971 0.192803 0.155967
v -0.410667 0.203883 0.164839
v -0.294419 0.211462 0.138965
v -0.350675 0.193371 0.231150
v -0.345758 0.193412 0.294465
v -0.407121 0.204603 0.242505
v -0.286818 0.200904 0.214017
v -0.280008 0.198739 0.277393
v -0.233010 0.216107 0.204323
v -0.227894 0.210778 0.271461
v -0.189742 0.216426 0.198148
v -0.245744 0.220681 0.136365
v -0.238651 0.232258 0.047263
v -0.199856 0.218295 0.133420
v -0.222564 0.239052 0.077636
v -0.149440 0.209142 0.125771
v -0.132211 0.203139 0.080595
v -0.177805 0.225122 0.072541
v -0.147463 0.209197 0.196434
v -0.098236 0.197491 0.136839
v -0.110521 0.198409 0.208296
v -0.063179 0.185542 0.149802
v -0.093606 0.194510 0.085392
v -0.052902 0.177535 0.093801
v -0.083538 0.184011 0.045981
v -0.071125 0.173994 0.012695
v -0.028553 0.166644 0.041688
v -0.116280 0.195060 0.046746
v -0.101804 0.185420 0.016587
v -0.142347 0.197973 0.040705
v -0.153347 0.220892 0.032327
v -0.155611 0.205937 0.065664
v -0.129251 0.192335 0.016151
v -0.114577 0.183527 -0.011000
v -0.143249 0.217907 0.010879
v -0.123259 0.221846 -0.016801
v -0.154496 0.229042 0.032912
v -0.164636 0.230837 0.066095
v -0.160937 0.238930 0.029949
v -0.173269 0.250169 0.027696
v -0.164930 0.240938 0.063294
v -0.168850 0.236144 0.106135
v -0.179712 0.250581 0.058744
v -0.186226 0.253914 0.083850
v -0.200182 0.250918 0.060915
v -0.202308 0.248871 0.092400
v -0.196442 0.247632 0.111561
v -0.220889 0.239037 0.102828
v -0.205964 0.234214 0.101125
v -0.215540 0.238692 0.123595
v -0.212047 0.238978 0.126258
v -0.190452 0.235485 0.104429
v -0.109688 0.176622 -0.037437
v -0.090514 0.175398 -0.013594
v -0.076723 0.174357 -0.044619
v -0.055672 0.166454 -0.019364
v 0.004605 0.163858 -0.014242
v -0.036382 0.174328 -0.049957
v -0.011993 0.174545 -0.082436
v 0.020290 0.173145 -0.044904
v 0.059713 0.174444 -0.025701
v 0.039102 0.174987 -0.072304
v 0.061017 0.175422 -0.101743
v 0.077271 0.182178 -0.051926
v 0.094293 0.184165 -0.084349
v 0.104517 0.184989 -0.033515
v 0.089969 0.181186 -0.001842
v 0.125027 0.194630 -0.019739
v 0.119195 0.186268 -0.069226
v 0.129732 0.189754 -0.115832
v 0.141718 0.196031 -0.060293
v 0.152134 0.201715 -0.104954
v 0.147588 0.225305 -0.064301
v 0.137578 0.228465 -0.069954
v 0.158833 0.219494 -0.068113
v 0.109197 0.230341 -0.055493
v 0.126037 0.221041 -0.014694
v 0.143872 0.236908 -0.023265
v 0.152853 0.245710 0.045366
v 0.175817 0.232454 -0.004666
v 0.128500 0.242052 -0.055287
v 0.128270 0.247999 -0.009944
v 0.110329 0.247921 0.004986
v 0.148577 0.241745 0.029768
v 0.113131 0.248076 -0.039255
v 0.094291 0.245100 -0.021936
v 0.101311 0.246706 -0.056364
v 0.086964 0.233934 -0.072427
v 0.086559 0.245548 -0.042773
v 0.087235 0.235357 -0.046060
v 0.097054 0.235237 -0.020808
v 0.108260 0.232917 0.003508
v 0.112981 0.226677 -0.029448
v 0.123147 0.228028 0.024211
v 0.139387 0.231326 0.052915
v 0.128817 0.240575 0.034513
v 0.130132 0.209945 0.012380
v 0.113071 0.191085 0.009710
v 0.140667 0.211070 0.045427
v 0.109437 0.190611 0.046983
v 0.162365 0.229145 0.096256
v 0.109754 0.191050 0.106782
v 0.148585 0.232914 0.080096
v 0.222518 0.210073 0.100776
v 0.179677 0.220090 0.181259
v 0.137819 0.210019 0.183447
v 0.226168 0.210252 0.186567
v 0.193827 0.226827 0.250353
v 0.162638 0.219354 0.255991
v 0.204477 0.224335 0.308933
v 0.233342 0.211421 0.253326
v 0.236769 0.212401 0.302747
v 0.293602 0.195145 0.264737
v 0.289424 0.196664 0.312261
v 0.288322 0.195078 0.198112
v 0.366965 0.195053 0.281440
v 0.363133 0.193274 0.339444
v 0.366672 0.194455 0.209127
v 0.426109 0.209478 0.290031
v 0.468863 0.226280 0.291457
v 0.425097 0.206531 0.343936
v 0.426881 0.209748 0.210572
v 0.465994 0.226347 0.209121
v 0.425609 0.206069 0.113383
v 0.464072 0.221178 0.109969
v 0.367532 0.191781 0.113751
v 0.432191 0.202498 0.017246
v 0.471555 0.218559 0.014499
v 0.446259 0.202276 -0.075306
v 0.381033 0.189969 0.017373
v 0.296949 0.190130 0.014348
v 0.395432 0.188421 -0.074725
v 0.404913 0.187245 -0.163758
v 0.307384 0.185809 -0.073895
v 0.215557 0.208874 -0.082059
v 0.313855 0.183521 -0.157552
v 0.321662 0.182523 -0.247180
v 0.209724 0.207460 -0.163617
v 0.113714 0.229012 -0.156105
v 0.224332 0.200277 -0.248877
v 0.155306 0.222768 -0.218016
v 0.197132 0.218340 -0.151297
v 0.163327 0.228933 -0.169461
v 0.159614 0.219985 -0.147945
v 0.142143 0.225389 -0.158617
v 0.154737 0.215755 -0.121643
v 0.142103 0.217247 -0.134839
v 0.155827 0.216439 -0.120408
v 0.139060 0.216035 -0.139089
v 0.118504 0.226850 -0.163883
v 0.136666 0.210422 -0.146640
v 0.125901 0.220451 -0.162602
v 0.127756 0.195197 -0.141598
v 0.113079 0.186118 -0.119921
v 0.128420 0.196535 -0.154593
v 0.089886 0.183323 -0.132201
v 0.082316 0.184639 -0.183565
v 0.122502 0.223576 -0.181152
v 0.061932 0.191007 -0.231432
v -0.001668 0.176790 -0.201344
v 0.043058 0.175737 -0.148399
v -0.015314 0.174820 -0.162459
v 0.012826 0.174762 -0.115449
v -0.034195 0.174970 -0.118504
v -0.056347 0.174721 -0.077588
v -0.069618 0.175630 -0.114892
v -0.092945 0.175548 -0.069862
v -0.057483 0.175316 -0.166894
v -0.097140 0.183564 -0.109633
v -0.090150 0.179767 -0.170063
v -0.120751 0.188194 -0.064089
v -0.086771 0.181052 -0.194379
v -0.109572 0.187658 -0.169707
v -0.100313 0.187438 -0.208946
v -0.067129 0.185060 -0.230376
v -0.106789 0.202322 -0.218915
v -0.074413 0.199945 -0.245891
v -0.099747 0.223526 -0.210402
v -0.088732 0.222120 -0.238566
v -0.118365 0.213527 -0.202669
v -0.111622 0.218408 -0.253202
v -0.068643 0.217158 -0.272958
v -0.120805 0.212615 -0.306777
v -0.029105 0.207092 -0.319499
v -0.184446 0.226530 -0.301559
v -0.143935 0.203347 -0.380620
v -0.162394 0.200521 -0.475421
v -0.192175 0.211820 -0.376145
v -0.056728 0.198613 -0.395866
v 0.037832 0.193375 -0.409344
v -0.083137 0.195246 -0.498292
v -0.117625 0.214949 -0.605798
v 0.008907 0.189637 -0.514423
v -0.021572 0.213574 -0.626460
v 0.102154 0.194364 -0.522821
v 0.072735 0.217634 -0.635592
v 0.129103 0.197648 -0.419585
v 0.192094 0.205507 -0.529032
v 0.217078 0.196925 -0.427018
v 0.275165 0.219738 -0.542584
v 0.162076 0.228384 -0.637860
v 0.246844 0.245816 -0.636644
v 0.151464 0.268437 -0.736282
v 0.054447 0.257387 -0.742057
v 0.151273 0.331608 -0.804085
v 0.242618 0.284750 -0.717087
v 0.246351 0.345233 -0.776622
v 0.327177 0.307716 -0.693197
v 0.330344 0.363702 -0.745044
v 0.328217 0.273427 -0.631725
v 0.407650 0.339173 -0.669896
v 0.402667 0.311103 -0.616659
v 0.486951 0.380035 -0.638815
v 0.407754 0.387012 -0.711267
v 0.488723 0.417389 -0.671095
v 0.409397 0.452905 -0.741325
v 0.411422 0.522510 -0.750891
v 0.489298 0.469071 -0.696018
v 0.329319 0.438273 -0.779987
v 0.324949 0.519822 -0.789723
v 0.242797 0.425719 -0.813329
v 0.236064 0.517573 -0.823020
v 0.147854 0.416701 -0.842623
v 0.042908 0.410438 -0.859816
v 0.142330 0.517074 -0.850564
v 0.141542 0.610891 -0.829209
v 0.039692 0.517289 -0.866678
v -0.069253 0.515108 -0.861365
v 0.039777 0.615020 -0.841387
v 0.042436 0.680731 -0.815445
v -0.068986 0.614850 -0.836699
v -0.069906 0.681598 -0.809694
v -0.174378 0.609602 -0.815988
v -0.177152 0.675428 -0.783569
v -0.174266 0.510697 -0.836588
v -0.276725 0.598727 -0.783929
v -0.275474 0.506990 -0.801013
v -0.376213 0.587117 -0.743903
v -0.277624 0.666025 -0.747404
v -0.271141 0.706128 -0.703215
v -0.376247 0.655875 -0.694985
v -0.363405 0.698867 -0.644047
v -0.460530 0.641754 -0.633182
v -0.451084 0.685289 -0.571313
v -0.534064 0.621255 -0.582429
v -0.462404 0.577630 -0.691031
v -0.463153 0.510256 -0.713135
v -0.544957 0.575719 -0.648333
v -0.546505 0.517153 -0.663468
v -0.591973 0.562497 -0.610020
v -0.582956 0.524539 -0.634052
v -0.612214 0.547030 -0.586001
v -0.577341 0.602639 -0.549024
v -0.558871 0.629379 -0.486894
v -0.521138 0.654255 -0.517395
v -0.537063 0.641964 -0.439245
v -0.499313 0.669704 -0.469118
v -0.433191 0.704618 -0.520404
v -0.398072 0.689814 -0.467861
v -0.346000 0.719961 -0.595984
v -0.322819 0.722124 -0.546783
v -0.258218 0.729359 -0.664303
v -0.238012 0.740368 -0.638847
v -0.167651 0.736060 -0.725878
v -0.066938 0.736588 -0.767901
v -0.159003 0.748783 -0.705790
v -0.174854 0.713580 -0.750971
v -0.069164 0.715862 -0.787240
v 0.044387 0.714291 -0.794917
v 0.150712 0.708251 -0.773219
v 0.045285 0.734983 -0.776232
v 0.149607 0.730175 -0.749668
v 0.045465 0.748732 -0.757377
v -0.063831 0.750056 -0.749561
v 0.146839 0.744741 -0.729149
v 0.045121 0.755646 -0.737554
v -0.059769 0.755878 -0.729548
v 0.143661 0.752444 -0.711590
v 0.043765 0.755645 -0.716048
v 0.138720 0.754649 -0.692988
v 0.042238 0.747934 -0.694113
v -0.055612 0.754510 -0.708988
v -0.141971 0.752658 -0.673312
v -0.050524 0.745752 -0.687032
v -0.045241 0.733055 -0.660214
v -0.129403 0.745249 -0.653525
v -0.196099 0.747494 -0.594882
v -0.114772 0.734971 -0.632430
v -0.093495 0.723084 -0.600370
v -0.172799 0.739182 -0.576109
v -0.120132 0.722256 -0.551962
v -0.202379 0.735951 -0.481328
v -0.221362 0.729294 -0.399649
v -0.152180 0.722480 -0.461598
v -0.234876 0.748621 -0.498136
v -0.268177 0.745106 -0.515144
v -0.264648 0.735367 -0.430254
v -0.291146 0.696445 -0.359201
v -0.314174 0.717851 -0.451669
v -0.349784 0.699814 -0.462549
v -0.347943 0.687653 -0.396554
v -0.289310 0.726446 -0.532958
v -0.195920 0.758791 -0.644397
v -0.148943 0.753903 -0.686914
v -0.204090 0.760270 -0.612096
v -0.246767 0.701434 -0.329332
v -0.320017 0.666788 -0.236580
v -0.340712 0.660183 -0.322482
v -0.353117 0.640395 -0.243422
v -0.383424 0.608392 -0.143358
v -0.385989 0.609399 -0.254057
v -0.416059 0.557539 -0.257740
v -0.408183 0.571656 -0.154263
v -0.423466 0.539284 -0.064552
v -0.429355 0.530565 -0.156679
v -0.475733 0.471855 -0.134813
v -0.464325 0.500115 -0.069537
v -0.454671 0.459261 -0.036607
v -0.489478 0.439805 -0.070050
v -0.491515 0.412969 -0.039086
v -0.517280 0.382403 -0.056779
v -0.528653 0.331912 -0.044264
v -0.505235 0.372075 -0.036260
v -0.508644 0.406090 -0.109170
v -0.508020 0.433102 -0.204610
v -0.523501 0.347192 -0.092216
v -0.522669 0.370294 -0.183108
v -0.528104 0.309625 -0.092449
v -0.514955 0.281197 -0.041963
v -0.492579 0.276241 -0.049555
v -0.490801 0.266039 -0.009247
v -0.510318 0.323003 -0.048101
v -0.494292 0.309518 -0.013100
v -0.497217 0.296101 0.049861
v -0.489381 0.363477 -0.000455
v -0.478971 0.404630 0.034697
v -0.496409 0.338063 0.054851
v -0.492406 0.402451 -0.010616
v -0.467994 0.444769 0.020492
v -0.463504 0.440372 0.096043
v -0.427869 0.489203 0.033499
v -0.381956 0.528444 0.078574
v -0.434040 0.483759 0.108451
v -0.420739 0.507074 -0.018641
v -0.381225 0.544087 0.017505
v -0.386864 0.563734 -0.061508
v -0.335716 0.576335 0.054645
v -0.340480 0.594526 -0.031115
v -0.330569 0.556432 0.121036
v -0.275768 0.602957 0.105651
v -0.257475 0.575279 0.174300
v -0.285204 0.628874 0.012481
v -0.199855 0.614522 0.153291
v -0.182750 0.579653 0.204345
v -0.120314 0.617518 0.177798
v -0.210242 0.655541 0.063638
v -0.123617 0.662436 0.097077
v -0.214535 0.681090 -0.042443
v -0.289105 0.647480 -0.092366
v -0.210682 0.694456 -0.151968
v -0.120741 0.695706 -0.002893
v -0.110114 0.709131 -0.101783
v -0.031861 0.693196 0.021629
v 0.062572 0.691659 0.026734
v -0.019251 0.708598 -0.068164
v -0.032804 0.660134 0.116019
v -0.026364 0.620406 0.185854
v 0.067394 0.658636 0.117770
v 0.073006 0.617571 0.186482
v 0.157590 0.658023 0.097081
v 0.141943 0.692923 0.003370
v 0.159116 0.614750 0.171396
v 0.248364 0.643977 0.050516
v 0.247923 0.609667 0.129200
v 0.323932 0.606009 -0.005776
v 0.236975 0.673908 -0.049293
v 0.204260 0.699419 -0.175220
v 0.307929 0.637968 -0.102098
v 0.269396 0.673771 -0.220363
v 0.365503 0.616884 -0.130306
v 0.421742 0.551428 -0.144661
v 0.387239 0.557849 -0.045849
v 0.319297 0.670879 -0.251081
v 0.278292 0.697667 -0.322413
v 0.357417 0.638194 -0.270441
v 0.314890 0.684745 -0.357638
v 0.391917 0.607219 -0.311056
v 0.360982 0.668083 -0.377729
v 0.393629 0.601672 -0.362308
v 0.422035 0.542673 -0.317731
v 0.433999 0.536404 -0.199125
v 0.487442 0.457623 -0.136703
v 0.451367 0.509387 -0.250953
v 0.474556 0.464886 -0.319728
v 0.495520 0.450319 -0.205842
v 0.522390 0.386401 -0.184633
v 0.504150 0.428997 -0.293989
v 0.527600 0.382808 -0.279789
v 0.502258 0.413518 -0.348488
v 0.479614 0.431189 -0.370518
v 0.517016 0.383607 -0.367433
v 0.485731 0.403327 -0.407444
v 0.522485 0.346735 -0.377294
v 0.515090 0.305073 -0.383104
v 0.495373 0.376892 -0.433423
v 0.535262 0.330864 -0.276070
v 0.526510 0.281090 -0.281265
v 0.525571 0.323537 -0.182519
v 0.528022 0.328106 -0.107284
v 0.522085 0.275839 -0.182409
v 0.521045 0.238127 -0.179039
v 0.532360 0.286875 -0.104765
v 0.530316 0.253019 -0.099708
v 0.532878 0.289835 -0.062293
v 0.530593 0.327527 -0.059804
v 0.514618 0.286253 -0.044704
v 0.532906 0.268816 -0.066866
v 0.516145 0.269059 -0.052255
v 0.495997 0.314472 -0.037588
v 0.493735 0.227510 -0.077373
v 0.490093 0.250789 0.009189
v 0.493164 0.243648 0.099349
v 0.497131 0.291842 0.008096
v 0.495948 0.344650 0.016631
v 0.502011 0.278480 0.093598
v 0.512817 0.276768 0.199747
v 0.504542 0.319304 0.093578
v 0.497145 0.367484 0.108351
v 0.515883 0.314481 0.200204
v 0.509230 0.358383 0.205282
v 0.517041 0.308235 0.292496
v 0.509824 0.355442 0.297993
v 0.514383 0.273762 0.289294
v 0.515257 0.304673 0.365331
v 0.434345 0.325738 0.333303
v 0.508042 0.346415 0.375832
v 0.514165 0.268190 0.361483
v 0.435960 0.289878 0.330512
v 0.502046 0.240851 0.360571
v 0.434256 0.271271 0.339593
v 0.498822 0.244813 0.287868
v 0.476230 0.223608 0.365059
v 0.423477 0.255424 0.351279
v 0.355255 0.245934 0.367472
v 0.407436 0.237896 0.367109
v 0.352347 0.197562 0.387222
v 0.280216 0.202342 0.350937
v 0.284746 0.239224 0.358099
v 0.236730 0.214672 0.335359
v 0.208749 0.221557 0.340268
v 0.238638 0.237940 0.346272
v 0.207236 0.234761 0.349903
v 0.237715 0.260540 0.334479
v 0.196745 0.253056 0.343283
v 0.291322 0.269734 0.341878
v 0.231600 0.288401 0.326870
v 0.226948 0.320813 0.336843
v 0.185473 0.281079 0.338058
v 0.289308 0.297998 0.329410
v 0.285619 0.324639 0.334629
v 0.359058 0.303594 0.331081
v 0.355181 0.328438 0.336132
v 0.360034 0.277937 0.344250
v 0.350149 0.353027 0.350289
v 0.282311 0.349392 0.351191
v 0.343720 0.378622 0.369079
v 0.428096 0.353552 0.350727
v 0.415621 0.387370 0.375143
v 0.392214 0.425275 0.402330
v 0.490931 0.398987 0.397979
v 0.490060 0.408764 0.309144
v 0.456343 0.454199 0.424655
v 0.445350 0.474503 0.332583
v 0.395950 0.492394 0.457585
v 0.354287 0.457306 0.434438
v 0.331269 0.502764 0.482410
v 0.382938 0.527735 0.359402
v 0.280016 0.544265 0.380749
v 0.390002 0.524765 0.246649
v 0.443867 0.475995 0.233949
v 0.306622 0.552121 0.268076
v 0.394188 0.517667 0.158580
v 0.443347 0.472536 0.136740
v 0.320754 0.547005 0.195005
v 0.392681 0.514561 0.097659
v 0.449063 0.468722 0.047229
v 0.323353 0.547754 0.157217
v 0.395664 0.523562 0.050639
v 0.394375 0.535936 0.001230
v 0.457126 0.458822 -0.013291
v 0.322858 0.562454 0.120026
v 0.242305 0.581269 0.176700
v 0.325302 0.582389 0.063067
v 0.155042 0.582785 0.210184
v 0.238090 0.559161 0.210089
v 0.231184 0.546197 0.233429
v 0.144867 0.561239 0.251500
v 0.145259 0.535042 0.237653
v 0.066801 0.578542 0.258591
v 0.068090 0.554687 0.238207
v -0.017160 0.584179 0.259381
v 0.071428 0.590544 0.219502
v -0.021533 0.592410 0.221822
v -0.106562 0.585586 0.218510
v -0.092798 0.572260 0.257275
v -0.166062 0.557297 0.248035
v -0.085009 0.549256 0.234406
v -0.073666 0.505470 0.251382
v -0.154359 0.526035 0.245386
v -0.011552 0.559051 0.240044
v -0.005030 0.513426 0.249564
v 0.000286 0.468225 0.252320
v 0.069341 0.511232 0.247025
v 0.073324 0.476078 0.251635
v 0.148379 0.510567 0.256349
v 0.139289 0.511546 0.290434
v 0.221952 0.544327 0.278254
v 0.204814 0.540422 0.339355
v 0.187393 0.523955 0.377025
v 0.130030 0.506058 0.324931
v 0.167948 0.501113 0.401561
v 0.233378 0.520763 0.426471
v 0.284586 0.498021 0.494256
v 0.204270 0.500583 0.439785
v 0.174588 0.461303 0.452927
v 0.234669 0.491373 0.478271
v 0.257904 0.476792 0.479401
v 0.197558 0.458980 0.481205
v 0.220196 0.446413 0.486079
v 0.168554 0.395553 0.490519
v 0.151482 0.331321 0.491704
v 0.149361 0.397161 0.461662
v 0.187260 0.390224 0.482206
v 0.157191 0.335491 0.467489
v 0.176274 0.394544 0.448383
v 0.145932 0.347984 0.432974
v 0.211396 0.436446 0.460533
v 0.188398 0.398744 0.418809
v 0.160426 0.357580 0.394994
v 0.214404 0.396500 0.399810
v 0.234344 0.448311 0.443272
v 0.251754 0.442572 0.429845
v 0.281054 0.480370 0.468983
v 0.275931 0.429191 0.414066
v 0.313007 0.472374 0.452063
v 0.245949 0.387812 0.385031
v 0.307409 0.416832 0.400898
v 0.286020 0.379532 0.373744
v 0.343719 0.407308 0.390783
v 0.229930 0.351283 0.359189
v 0.191818 0.355546 0.373805
v 0.183969 0.319366 0.350721
v 0.146061 0.318003 0.376254
v 0.151069 0.277232 0.369325
v 0.132035 0.312791 0.419036
v 0.143757 0.297705 0.455086
v 0.134421 0.280023 0.404846
v 0.151734 0.255990 0.414947
v 0.170679 0.241049 0.415723
v 0.166994 0.249053 0.369971
v 0.187828 0.231756 0.369611
v 0.191747 0.217660 0.352550
v 0.172335 0.208978 0.381655
v 0.180982 0.216822 0.316358
v 0.162178 0.203624 0.330090
v 0.140314 0.199722 0.345985
v 0.137995 0.201583 0.269910
v 0.102970 0.199951 0.200572
v 0.114104 0.184758 0.288708
v 0.075374 0.179880 0.220550
v 0.085728 0.189827 0.301890
v 0.063290 0.219327 0.308246
v 0.114482 0.212561 0.357866
v 0.049662 0.168666 0.243108
v 0.014554 0.170708 0.195410
v 0.029617 0.211432 0.268771
v -0.003681 0.211339 0.250616
v 0.018848 0.264567 0.290113
v 0.016580 0.334442 0.305541
v 0.047585 0.265887 0.318680
v -0.010810 0.263866 0.281436
v -0.036079 0.264762 0.305624
v -0.012199 0.333411 0.305504
v -0.039359 0.325301 0.330137
v -0.022687 0.392197 0.314992
v -0.050651 0.381280 0.346348
v 0.013278 0.396621 0.316076
v -0.036705 0.432355 0.319624
v -0.070639 0.427671 0.354724
v 0.009162 0.435420 0.311967
v -0.043431 0.458238 0.315078
v 0.004732 0.451145 0.299830
v -0.085545 0.464101 0.355527
v -0.049508 0.476753 0.297949
v 0.004104 0.458833 0.281672
v -0.103723 0.489502 0.339121
v -0.065771 0.471780 0.272468
v -0.120118 0.502952 0.313175
v -0.163721 0.517908 0.358456
v -0.138484 0.506022 0.285454
v -0.203270 0.542973 0.322564
v -0.226120 0.543980 0.254836
v -0.240634 0.534402 0.399727
v -0.312625 0.553003 0.289486
v -0.321654 0.546802 0.212016
v -0.388374 0.525489 0.273168
v -0.322847 0.540169 0.389397
v -0.391282 0.520312 0.366709
v -0.335637 0.502440 0.479620
v -0.402617 0.488952 0.453632
v -0.264292 0.513489 0.455518
v -0.326034 0.482155 0.463390
v -0.309857 0.462005 0.440736
v -0.273222 0.495370 0.485463
v -0.377606 0.460613 0.435226
v -0.347965 0.438356 0.415701
v -0.416843 0.427267 0.403213
v -0.368104 0.408238 0.390727
v -0.458646 0.451366 0.422424
v -0.434522 0.391426 0.378355
v -0.489011 0.399350 0.398097
v -0.378434 0.381566 0.370709
v -0.449798 0.360723 0.358303
v -0.385262 0.356332 0.352493
v -0.506068 0.351361 0.379335
v -0.460234 0.332527 0.343199
v -0.513485 0.313574 0.367942
v -0.461795 0.302067 0.331773
v -0.389793 0.333056 0.336804
v -0.327570 0.331684 0.337582
v -0.392350 0.309819 0.328748
v -0.333450 0.305558 0.331440
v -0.393152 0.282949 0.339283
v -0.393472 0.254498 0.358360
v -0.334405 0.276547 0.347406
v -0.454272 0.282262 0.334836
v -0.452573 0.265054 0.342681
v -0.511084 0.259675 0.360207
v -0.498497 0.238186 0.360146
v -0.509010 0.258677 0.303887
v -0.514067 0.283833 0.362619
v -0.514967 0.287747 0.306707
v -0.515518 0.289625 0.236149
v -0.514948 0.320390 0.310032
v -0.506064 0.362244 0.314548
v -0.515738 0.324695 0.237570
v -0.506619 0.366828 0.240749
v -0.506996 0.328209 0.142134
v -0.496974 0.375008 0.155264
v -0.507041 0.291290 0.140067
v -0.501146 0.258119 0.146925
v -0.508009 0.259414 0.236030
v -0.492215 0.259044 0.055367
v -0.481787 0.233467 0.155994
v -0.450102 0.217960 0.162111
v -0.478953 0.228575 0.066468
v -0.485865 0.237230 0.237841
v -0.451294 0.220620 0.241296
v -0.490942 0.238291 0.303887
v -0.453738 0.219962 0.307502
v -0.403240 0.203440 0.305492
v -0.457529 0.217979 0.347983
v -0.439270 0.245131 0.356108
v -0.402624 0.199986 0.353226
v -0.397048 0.223352 0.379808
v -0.336827 0.192226 0.343073
v -0.323913 0.202796 0.380643
v -0.273857 0.200260 0.321338
v -0.266379 0.207812 0.355361
v -0.228625 0.208707 0.320620
v -0.229522 0.215552 0.350656
v -0.204754 0.211273 0.331307
v -0.193938 0.214018 0.271891
v -0.190326 0.211592 0.343069
v -0.209667 0.220390 0.357137
v -0.195076 0.224931 0.368790
v -0.199160 0.239762 0.350518
v -0.187120 0.261350 0.341188
v -0.178885 0.239539 0.369794
v -0.227397 0.240403 0.344005
v -0.270051 0.242551 0.353344
v -0.224394 0.265779 0.331407
v -0.220106 0.294653 0.326715
v -0.272595 0.270978 0.339260
v -0.270636 0.299740 0.328054
v -0.265177 0.326575 0.335920
v -0.216404 0.324994 0.340586
v -0.261850 0.350829 0.353430
v -0.322099 0.353563 0.352139
v -0.262215 0.378049 0.374630
v -0.217807 0.354119 0.363307
v -0.227201 0.387859 0.389010
v -0.187028 0.360069 0.378470
v -0.204651 0.399298 0.406163
v -0.179532 0.326573 0.353689
v -0.164081 0.364518 0.397454
v -0.149126 0.365635 0.421407
v -0.191625 0.410225 0.424517
v -0.151628 0.325989 0.373378
v -0.132961 0.323057 0.402291
v -0.149899 0.287839 0.363436
v -0.177619 0.291611 0.337203
v -0.162538 0.258983 0.366290
v -0.133379 0.287925 0.395940
v -0.146440 0.260728 0.400914
v -0.130837 0.294145 0.425138
v -0.139789 0.277088 0.438558
v -0.133777 0.316705 0.435531
v -0.143578 0.308171 0.460655
v -0.150851 0.351971 0.452890
v -0.190086 0.406046 0.473208
v -0.162510 0.344637 0.479051
v -0.148381 0.351759 0.487695
v -0.185931 0.400033 0.494755
v -0.206829 0.440482 0.496850
v -0.169639 0.403683 0.488484
v -0.192025 0.447518 0.486921
v -0.152574 0.407457 0.462300
v -0.173439 0.452336 0.461935
v -0.131356 0.412480 0.433924
v -0.133462 0.358373 0.459741
v -0.119948 0.318703 0.452264
v -0.112701 0.364495 0.425284
v -0.084163 0.372806 0.384835
v -0.100524 0.322999 0.413202
v -0.071366 0.321917 0.366902
v -0.095973 0.287342 0.405083
v -0.113413 0.294279 0.444177
v -0.101695 0.255860 0.401650
v -0.067920 0.272207 0.349630
v -0.076754 0.233950 0.338654
v -0.039964 0.218498 0.280730
v -0.093922 0.206869 0.331481
v -0.116525 0.193967 0.325752
v -0.120609 0.234640 0.401387
v -0.045668 0.187342 0.258769
v -0.069913 0.175603 0.243576
v -0.027651 0.174218 0.170601
v -0.088934 0.186172 0.226744
v -0.136872 0.193806 0.315568
v -0.157213 0.212471 0.393971
v -0.148902 0.199695 0.294994
v -0.182591 0.210997 0.369579
v -0.166848 0.208950 0.280372
v -0.179274 0.232630 0.400586
v -0.164746 0.243599 0.406140
v -0.162258 0.238687 0.448573
v -0.136780 0.251014 0.449771
v -0.145757 0.279328 0.481557
v -0.151677 0.264646 0.445546
v -0.133908 0.303537 0.482145
v -0.124659 0.290285 0.468818
v -0.133717 0.280795 0.479226
v -0.120696 0.262556 0.445447
v -0.109778 0.272744 0.433553
v -0.137997 0.223183 0.401285
v -0.004230 0.168896 0.109442
v 0.036384 0.175864 0.128804
v 0.016900 0.158102 0.048807
v 0.060378 0.169002 0.072464
v 0.021319 0.158430 0.024326
v 0.068588 0.173782 0.027815
v 0.047800 0.168808 -0.006150
v 0.073144 0.190075 0.147400
v 0.054382 0.187316 0.183486
v -0.103557 0.421528 0.397629
v -0.124471 0.463884 0.399698
v -0.151813 0.458131 0.434814
v -0.144781 0.494267 0.384953
v -0.174353 0.491329 0.425684
v -0.200109 0.517013 0.411976
v -0.196053 0.483433 0.457342
v -0.222092 0.503324 0.452711
v -0.212987 0.474531 0.484154
v -0.225905 0.461878 0.492772
v -0.234252 0.490277 0.481165
v -0.242719 0.474069 0.488809
v -0.237164 0.461308 0.455421
v -0.273599 0.476298 0.462841
v -0.260973 0.453486 0.435978
v -0.245127 0.423326 0.412987
v -0.287023 0.435660 0.417102
v -0.313602 0.421607 0.404158
v -0.271361 0.407482 0.396040
v -0.313025 0.398808 0.386496
v -0.317117 0.375772 0.368821
v -0.227891 0.438496 0.431880
v -0.221492 0.448398 0.450416
v -0.208854 0.436512 0.458338
v -0.225282 0.453840 0.470031
v -0.211180 0.436316 0.476233
v -0.190342 0.418430 0.449151
v -0.327497 0.243208 0.368282
v -0.449407 0.212703 0.074155
v -0.482481 0.230315 -0.011248
v -0.454769 0.209643 -0.005015
v -0.464398 0.210562 -0.079913
v -0.485040 0.392197 0.081633
v -0.475484 0.427143 0.168919
v -0.483351 0.419503 0.248931
v -0.435779 0.480917 0.180416
v -0.388856 0.518167 0.189965
v -0.438493 0.479964 0.263386
v -0.444557 0.472248 0.344770
v -0.486227 0.412839 0.324641
v -0.386246 0.519444 0.129783
v -0.326100 0.543032 0.168442
v -0.245643 0.554844 0.215260
v 0.059025 0.479575 0.288394
v 0.055664 0.467864 0.315434
v 0.055940 0.441499 0.330638
v 0.117399 0.487501 0.356256
v 0.100417 0.453449 0.375280
v 0.144316 0.461147 0.421407
v 0.084411 0.395469 0.380534
v 0.122934 0.397642 0.426748
v 0.077309 0.330845 0.376055
v 0.046156 0.394517 0.338363
v 0.040536 0.330206 0.334044
v 0.079301 0.278305 0.368154
v 0.110951 0.335178 0.426857
v 0.133177 0.333179 0.468023
v 0.106412 0.288152 0.421144
v 0.126800 0.270803 0.459833
v 0.108786 0.258050 0.411532
v 0.092330 0.239253 0.363203
v 0.127764 0.233362 0.405161
v 0.122309 0.260918 0.441207
v 0.130998 0.246173 0.432916
v 0.144331 0.239627 0.438466
v 0.151349 0.218219 0.397676
v 0.162442 0.224428 0.425863
v 0.165160 0.229768 0.446680
v 0.152314 0.280124 0.471293
v 0.489631 0.389944 -0.015709
v 0.464434 0.470685 -0.058341
v 0.514502 0.392960 -0.040939
v 0.445299 0.522185 -0.064988
v 0.482178 0.464778 -0.094346
v 0.517440 0.386647 -0.071937
v 0.518391 0.382072 -0.112648
v 0.515565 0.323345 -0.036175
v 0.475227 0.425023 0.034292
v 0.489295 0.381750 0.044016
v 0.476165 0.424986 0.122541
v 0.487451 0.413354 0.217062
v 0.497360 0.246270 0.202758
v 0.493054 0.217172 -0.172993
v 0.454144 0.200677 -0.168059
v 0.484054 0.208461 -0.277896
v 0.468624 0.229353 -0.380624
v 0.499922 0.245206 -0.282809
v 0.451095 0.196809 -0.269116
v 0.405227 0.186042 -0.259745
v 0.438399 0.206495 -0.372790
v 0.393814 0.192721 -0.360460
v 0.414409 0.230226 -0.474365
v 0.371307 0.213259 -0.461352
v 0.396855 0.274797 -0.557364
v 0.443883 0.261563 -0.474557
v 0.465858 0.303778 -0.462618
v 0.438315 0.316403 -0.534705
v 0.476593 0.354095 -0.584586
v 0.469324 0.345687 -0.510359
v 0.502271 0.365884 -0.539341
v 0.489966 0.372384 -0.486872
v 0.489064 0.403899 -0.462452
v 0.515264 0.389395 -0.507958
v 0.488904 0.342148 -0.449578
v 0.557402 0.420020 -0.533052
v 0.510950 0.429038 -0.479988
v 0.505306 0.456670 -0.427993
v 0.540982 0.456273 -0.492432
v 0.532045 0.482481 -0.432651
v 0.569442 0.489777 -0.490897
v 0.557710 0.513191 -0.433653
v 0.596730 0.521610 -0.484882
v 0.588648 0.462293 -0.531221
v 0.610495 0.494110 -0.520693
v 0.609164 0.445904 -0.556799
v 0.624746 0.478732 -0.542696
v 0.572034 0.397638 -0.554813
v 0.610002 0.450543 -0.577216
v 0.561184 0.403698 -0.584620
v 0.629091 0.481226 -0.562940
v 0.604207 0.462412 -0.594986
v 0.561146 0.422375 -0.610601
v 0.623932 0.492151 -0.579386
v 0.598805 0.480323 -0.613807
v 0.615976 0.507213 -0.597794
v 0.590562 0.498077 -0.630838
v 0.562421 0.448684 -0.636768
v 0.562624 0.487291 -0.654178
v 0.565785 0.529363 -0.655212
v 0.601267 0.522500 -0.621602
v 0.569794 0.570377 -0.641877
v 0.490469 0.524880 -0.701358
v 0.489635 0.574591 -0.683977
v 0.487143 0.620453 -0.645412
v 0.413138 0.582999 -0.735555
v 0.411376 0.638272 -0.697369
v 0.325362 0.591793 -0.776736
v 0.325342 0.650568 -0.742794
v 0.234681 0.601541 -0.806759
v 0.238008 0.662025 -0.775552
v 0.147239 0.673571 -0.799742
v 0.237783 0.698489 -0.741195
v 0.318552 0.688788 -0.703927
v 0.232241 0.723497 -0.709638
v 0.225127 0.736851 -0.687724
v 0.307797 0.714714 -0.666181
v 0.385909 0.707495 -0.614083
v 0.293764 0.728730 -0.634651
v 0.285846 0.732769 -0.608889
v 0.372770 0.720898 -0.567040
v 0.450510 0.701361 -0.509747
v 0.364418 0.709472 -0.511295
v 0.426942 0.693133 -0.469190
v 0.378393 0.675880 -0.455168
v 0.318699 0.718686 -0.529859
v 0.351177 0.704843 -0.452535
v 0.290416 0.729631 -0.535921
v 0.264905 0.736552 -0.610299
v 0.209458 0.746938 -0.660205
v 0.246961 0.740083 -0.607847
v 0.240524 0.752100 -0.607463
v 0.203104 0.752061 -0.648812
v 0.132746 0.751204 -0.673180
v 0.196414 0.754747 -0.631183
v 0.187251 0.740499 -0.580530
v 0.125943 0.740839 -0.647776
v 0.119161 0.727827 -0.596976
v 0.039650 0.733355 -0.663852
v 0.035623 0.717341 -0.609764
v -0.043858 0.718664 -0.610305
v 0.027678 0.707612 -0.519058
v 0.109953 0.716279 -0.508872
v 0.016110 0.708824 -0.410915
v -0.055568 0.710202 -0.533310
v -0.073995 0.709871 -0.432990
v -0.089148 0.711761 -0.322254
v 0.006279 0.712061 -0.292090
v -0.099138 0.711182 -0.203016
v -0.175557 0.712390 -0.366261
v -0.191082 0.703478 -0.262634
v -0.004737 0.712075 -0.163452
v 0.093504 0.711062 -0.126644
v 0.049174 0.706243 -0.047282
v 0.094283 0.711651 -0.278653
v 0.104047 0.713459 -0.402510
v 0.184797 0.707010 -0.303929
v 0.238727 0.696228 -0.325775
v 0.176200 0.717111 -0.404881
v 0.217242 0.727506 -0.414740
v 0.176066 0.729633 -0.509180
v 0.207644 0.759459 -0.533847
v 0.211492 0.753248 -0.553484
v 0.253113 0.742370 -0.480469
v 0.242561 0.752736 -0.546727
v 0.293775 0.734934 -0.454621
v 0.259199 0.733509 -0.394572
v 0.296961 0.719558 -0.374542
v 0.254799 0.722966 -0.351194
v 0.255242 0.716959 -0.327106
v 0.313725 0.717768 -0.446644
v 0.282529 0.745691 -0.545793
v 0.223513 0.756549 -0.587566
v 0.216729 0.743766 -0.671309
v 0.380249 0.647528 -0.400683
v 0.410588 0.674604 -0.445471
v 0.403745 0.644567 -0.415126
v 0.452459 0.662418 -0.428555
v 0.490895 0.627739 -0.391647
v 0.433153 0.645247 -0.412143
v 0.483257 0.671585 -0.444191
v 0.512350 0.667838 -0.473284
v 0.525538 0.641107 -0.413127
v 0.553116 0.616683 -0.388849
v 0.556085 0.637153 -0.449040
v 0.585175 0.613359 -0.432031
v 0.576116 0.620823 -0.492939
v 0.591167 0.601248 -0.533827
v 0.534053 0.651121 -0.512844
v 0.606922 0.596763 -0.479139
v 0.630064 0.574575 -0.470742
v 0.620869 0.578373 -0.520888
v 0.626947 0.558092 -0.556970
v 0.643211 0.556178 -0.515628
v 0.634852 0.521031 -0.512357
v 0.640674 0.536944 -0.545007
v 0.635146 0.517995 -0.562938
v 0.646899 0.522708 -0.538656
v 0.641103 0.507472 -0.548284
v 0.636230 0.501455 -0.533164
v 0.624547 0.533718 -0.580900
v 0.606232 0.552900 -0.604731
v 0.602890 0.580005 -0.574342
v 0.560511 0.600966 -0.602314
v 0.547921 0.628197 -0.555954
v 0.480590 0.659111 -0.594520
v 0.469504 0.686138 -0.550335
v 0.400598 0.680124 -0.651651
v 0.622312 0.549110 -0.474048
v 0.603566 0.570405 -0.418778
v 0.574420 0.577015 -0.368871
v 0.581315 0.543546 -0.427678
v 0.606999 0.595688 -0.419242
v 0.570927 0.598550 -0.372361
v 0.530964 0.581814 -0.343031
v 0.515246 0.599121 -0.362518
v 0.492681 0.556235 -0.337886
v 0.541362 0.563886 -0.336230
v 0.505625 0.539664 -0.322734
v 0.538899 0.551143 -0.352527
v 0.519177 0.531897 -0.349540
v 0.558957 0.551747 -0.381159
v 0.539854 0.524988 -0.386860
v 0.518033 0.497465 -0.386791
v 0.496913 0.507383 -0.349875
v 0.493481 0.474060 -0.386334
v 0.475937 0.484794 -0.354452
v 0.467376 0.455858 -0.385542
v 0.474291 0.434792 -0.425782
v 0.449670 0.484965 -0.347751
v 0.431916 0.509211 -0.356678
v 0.454650 0.500854 -0.351105
v 0.455875 0.534771 -0.347827
v 0.414698 0.549326 -0.349029
v 0.446990 0.559136 -0.360824
v 0.479552 0.576414 -0.356307
v 0.425392 0.601698 -0.378112
v 0.456633 0.611430 -0.381194
v 0.470713 0.519343 -0.330536
v 0.494354 0.262430 -0.385451
v 0.341091 0.241386 -0.557901
v 0.306643 0.199576 -0.440993
v 0.320999 0.185048 -0.342733
v 0.226313 0.198568 -0.331696
v 0.142893 0.209602 -0.329008
v 0.060321 0.197811 -0.328130
v 0.144241 0.210493 -0.280080
v 0.062110 0.208223 -0.287519
v 0.056058 0.201082 -0.257894
v -0.014252 0.213701 -0.275462
v -0.013396 0.203627 -0.255469
v -0.012799 0.189598 -0.238162
v -0.272391 0.668627 -0.206457
v -0.336932 0.617732 -0.129729
v -0.464135 0.491369 -0.235416
v -0.498493 0.431363 -0.299638
v -0.489270 0.427902 -0.346912
v -0.457201 0.485039 -0.312002
v -0.413602 0.552801 -0.324375
v -0.594545 0.501435 -0.619369
v -0.549598 0.469970 -0.654998
v -0.603232 0.481410 -0.600891
v -0.550168 0.434009 -0.632139
v -0.469955 0.395730 -0.668998
v -0.380111 0.355861 -0.706864
v -0.464793 0.448046 -0.700923
v -0.375203 0.427462 -0.746867
v -0.372249 0.507459 -0.761877
v -0.280621 0.411723 -0.788768
v -0.176293 0.405530 -0.827024
v -0.285282 0.329300 -0.742615
v -0.171951 0.317136 -0.783268
v -0.153405 0.252716 -0.703307
v -0.061515 0.316181 -0.810811
v -0.067535 0.406189 -0.854118
v 0.047377 0.321494 -0.817558
v -0.047098 0.252310 -0.732635
v -0.210256 0.217440 -0.567417
v -0.229261 0.201315 -0.362924
v -0.218513 0.198388 -0.449196
v -0.057241 0.176908 -0.202153
v 0.103482 0.194213 -0.222576
v 0.221635 0.212335 0.004917
v 0.287456 0.193768 0.108941
v 0.128112 0.235147 0.067851
v 0.111764 0.227417 -0.084252
v 0.101047 0.229628 -0.089302
v 0.104383 0.230647 -0.076145
v -0.032010 0.158530 0.010502
v -0.219842 0.242336 0.028791
v -0.233109 0.235607 0.029288
v -0.228986 0.237298 0.015698
v -0.235731 0.239126 -0.004600
v -0.486395 0.504822 -0.343208
v -0.055278 0.224517 0.007028
v -0.055264 0.224064 0.004198
v -0.058297 0.224120 0.008443
v -0.055264 0.224064 0.004198
v -0.058297 0.224120 0.008443
v -0.055278 0.224517 0.007028
v -0.066532 0.223786 -0.018827
v -0.082954 0.222642 -0.023769
v -0.089847 0.222502 -0.016981
v -0.098725 0.223041 -0.031488
v -0.123259 0.221846 -0.016801
v -0.120962 0.223662 -0.012135
v 0.016900 0.158102 0.048807
v 0.021319 0.158430 0.024326
v 0.019022 0.161752 0.036265
v -0.098725 0.223041 -0.031488
v -0.089847 0.222502 -0.016981
v -0.120962 0.223662 -0.012135
v -0.098725 0.223041 -0.031488
v -0.089847 0.222502 -0.016981
v -0.082954 0.222642 -0.023769
v 0.086964 0.233934 -0.072427
v 0.083546 0.233341 -0.085801
v 0.101047 0.229628 -0.089302
v -0.190452 0.235485 0.104429
v -0.201107 0.236106 0.121795
v -0.212047 0.238978 0.126258
vn -0.1924 -0.9175 0.3481
vn -0.4839 -0.7731 0.4101
vn -0.6097 -0.7833 0.1210
vn -0.3990 -0.8928 0.2093
vn -0.7414 -0.6511 0.1622
vn -0.6624 -0.7109 0.2363
vn -0.6075 -0.7622 -0.2235
vn -0.6427 -0.7605 -0.0924
vn -0.3135 -0.9363 0.1584
vn -0.3475 -0.9372 0.0283
vn 0.1111 -0.9875 0.1114
vn 0.1570 -0.9597 0.2330
vn 0.3748 -0.9260 0.0462
vn 0.0161 -0.9609 0.2763
vn -0.3307 -0.9418 0.0610
vn -0.5374 -0.8421 -0.0447
vn -0.0944 -0.9893 0.1112
vn -0.0713 -0.9968 -0.0371
vn -0.4269 -0.8683 -0.2527
vn -0.4687 -0.8827 -0.0347
vn 0.2754 -0.9531 0.1255
vn 0.2080 -0.9701 0.1252
vn 0.1854 -0.9821 0.0336
vn 0.0107 -0.9792 -0.2025
vn -0.3928 -0.6620 -0.6384
vn 0.0530 -0.9976 -0.0444
vn 0.0147 -0.9987 0.0490
vn 0.2218 -0.9751 -0.0067
vn 0.2415 -0.9687 0.0578
vn 0.1681 -0.9854 0.0253
vn 0.1384 -0.9903 0.0130
vn 0.2737 -0.9601 0.0567
vn 0.1029 -0.9945 -0.0175
vn 0.0686 -0.9947 0.0771
vn -0.0841 -0.9961 0.0260
vn -0.1051 -0.9942 -0.0220
vn -0.1077 -0.9855 -0.1314
vn 0.0739 -0.9952 -0.0644
vn 0.2580 -0.9618 0.0914
vn -0.1114 -0.9691 -0.2199
vn -0.2669 -0.9431 -0.1982
vn -0.2703 -0.9616 -0.0485
vn -0.2893 -0.8944 -0.3410
vn 0.0045 -0.9984 -0.0564
vn -0.1235 -0.9602 -0.2504
vn -0.3226 -0.8653 -0.3835
vn -0.5067 -0.8203 -0.2652
vn -0.5756 -0.6999 -0.4229
vn -0.5850 -0.7282 -0.3572
vn -0.3039 -0.8485 -0.4333
vn -0.1362 -0.9597 -0.2459
vn -0.4781 -0.7551 -0.4487
vn -0.5419 -0.7202 -0.4331
vn -0.5551 -0.8056 -0.2072
vn -0.5460 -0.8377 -0.0124
vn -0.7474 -0.6261 -0.2223
vn -0.7807 -0.4629 -0.4197
vn -0.6030 -0.7883 0.1226
vn -0.5993 -0.7474 -0.2869
vn -0.6091 -0.6295 -0.4825
vn -0.6891 -0.5908 0.4196
vn -0.8273 -0.5323 -0.1793
vn -0.7948 -0.3504 -0.4955
vn -0.5396 -0.5745 0.6155
vn -0.9102 -0.3612 0.2026
vn -0.9538 0.0455 -0.2970
vn -0.9463 0.3188 0.0533
vn -0.8062 -0.3738 0.4586
vn -0.5131 -0.6755 0.5295
vn -0.8555 0.2684 -0.4427
vn -0.7840 -0.2378 -0.5734
vn -0.7359 0.6508 -0.1867
vn -0.7602 -0.3768 0.5293
vn -0.8458 0.3908 0.3633
vn -0.6209 0.7812 0.0655
vn -0.8250 0.3572 -0.4378
vn -0.6900 0.6951 -0.2021
vn -0.6027 0.7979 0.0006
vn -0.7319 0.5084 0.4536
vn -0.5057 0.8082 0.3018
vn -0.4903 0.8337 0.2543
vn -0.5205 0.6129 0.5945
vn -0.2709 0.8051 0.5277
vn -0.2550 0.8065 0.5334
vn -0.2134 0.4923 0.8439
vn 0.0744 0.7057 0.7046
vn 0.0430 0.6781 0.7337
vn -0.2359 0.8240 0.5152
vn -0.4789 0.8523 0.2105
vn 0.0054 0.6974 0.7167
vn 0.1604 0.5548 0.8164
vn 0.2366 0.5292 0.8149
vn 0.2945 0.5013 0.8136
vn 0.1190 0.6175 0.7775
vn 0.0508 0.7297 0.6819
vn -0.1379 0.8581 0.4946
vn -0.0548 0.7295 0.6818
vn -0.1621 0.9043 0.3948
vn 0.0245 0.5907 0.8065
vn 0.2238 0.4175 0.8807
vn -0.5396 0.7229 0.4316
vn -0.5713 0.5928 0.5677
vn 0.2041 0.2793 0.9383
vn -0.4740 0.4554 0.7536
vn -0.8704 0.4924 -0.0023
vn -0.7969 0.5907 0.1263
vn -0.6109 0.7516 0.2488
vn 0.5317 0.0576 0.8450
vn 0.4077 0.3355 0.8492
vn -0.9220 0.1805 0.3426
vn 0.4643 -0.2099 0.8604
vn 0.4818 0.1814 0.8573
vn -0.3397 -0.6356 0.6933
vn -0.8186 -0.4150 0.3971
vn -0.1390 -0.4385 0.8879
vn 0.1738 0.3541 0.9189
vn -0.1736 -0.2010 0.9641
vn -0.4738 -0.3137 0.8228
vn -0.6542 -0.2706 0.7062
vn -0.6700 -0.6331 0.3878
vn -0.6712 -0.6437 0.3676
vn -0.6680 -0.6559 0.3516
vn -0.6570 -0.6383 0.4012
vn -0.6580 -0.6328 0.4081
vn -0.6552 -0.6309 0.4156
vn -0.6392 -0.6594 0.3958
vn -0.6633 -0.6367 0.3932
vn -0.6505 -0.6460 0.3994
vn -0.6515 -0.6502 0.3910
vn -0.6507 -0.6471 0.3973
vn -0.6577 -0.6651 0.3537
vn -0.6529 -0.6206 0.4343
vn -0.6475 -0.6325 0.4251
vn -0.6729 -0.5985 0.4347
vn -0.9290 -0.1927 0.3160
vn -0.9218 0.3734 -0.1042
vn -0.6927 -0.4446 0.5679
vn -0.9376 -0.0992 0.3333
vn -0.9591 0.2270 -0.1692
vn -0.8690 0.4317 -0.2417
vn -0.9495 0.1421 -0.2797
vn -0.8152 0.5342 -0.2235
vn -0.9171 -0.2170 -0.3344
vn -0.9341 -0.1504 -0.3237
vn -0.9376 -0.2950 0.1840
vn -0.9631 -0.2543 -0.0886
vn -0.9989 0.0241 -0.0395
vn -0.9552 0.2903 -0.0575
vn -0.9792 0.1989 0.0397
vn -0.9997 0.0145 0.0219
vn -0.9880 -0.1523 -0.0245
vn -0.8428 -0.4093 -0.3494
vn -0.8754 -0.4634 -0.1377
vn -0.8692 -0.4931 -0.0354
vn -0.9981 -0.0609 0.0043
vn -0.9982 -0.0299 0.0519
vn -0.8184 -0.5095 0.2657
vn -0.6154 -0.7880 0.0193
vn -0.6351 -0.7328 0.2441
vn -0.7063 -0.6951 -0.1342
vn -0.4336 -0.9001 0.0432
vn -0.4622 -0.8844 0.0648
vn -0.4446 -0.8918 -0.0837
vn -0.7539 -0.5745 -0.3188
vn -0.8360 -0.3694 -0.4058
vn -0.8111 -0.5784 -0.0869
vn -0.6249 -0.7093 0.3263
vn -0.6794 -0.4043 0.6123
vn -0.5571 -0.4104 0.7220
vn -0.5637 -0.5658 0.6018
vn -0.6271 -0.5283 0.5725
vn -0.5862 -0.5507 0.5942
vn -0.5210 -0.4507 0.7249
vn -0.4946 -0.4834 0.7223
vn -0.4816 -0.5738 0.6624
vn -0.5741 -0.6632 0.4802
vn -0.6008 -0.6648 0.4440
vn -0.6701 -0.6041 0.4314
vn -0.8219 -0.2589 0.5075
vn -0.7922 -0.0635 0.6070
vn -0.6920 -0.6070 0.3906
vn -0.2816 -0.9589 0.0346
vn -0.2747 -0.9606 0.0428
vn -0.0426 -0.9985 0.0334
vn 0.0149 -0.9991 0.0402
vn 0.3339 -0.9412 0.0518
vn -0.2519 -0.9666 0.0476
vn 0.3240 -0.9460 0.0090
vn 0.0546 -0.9976 0.0433
vn -0.2483 -0.9675 0.0485
vn 0.2554 -0.9657 -0.0468
vn 0.0258 -0.9997 0.0002
vn -0.2610 -0.9648 0.0315
vn -0.0291 -0.9994 -0.0186
vn -0.2601 -0.9655 0.0081
vn 0.1860 -0.9794 -0.0787
vn -0.2404 -0.9703 -0.0280
vn -0.0397 -0.9991 -0.0162
vn 0.1579 -0.9869 -0.0335
vn 0.1135 -0.9905 -0.0774
vn 0.1462 -0.9881 -0.0469
vn 0.1741 -0.9787 -0.1091
vn -0.0899 -0.9954 -0.0335
vn -0.0381 -0.9985 -0.0406
vn -0.0929 -0.9888 -0.1170
vn 0.3952 -0.9174 -0.0465
vn 0.3730 -0.9137 -0.1613
vn -0.2582 -0.9659 -0.0174
vn -0.2248 -0.9738 -0.0343
vn -0.8260 -0.1143 -0.5519
vn -0.5223 -0.8515 -0.0457
vn -0.2889 -0.9514 0.1068
vn -0.2991 -0.9507 0.0820
vn -0.3007 -0.9537 0.0010
vn -0.3163 -0.9454 -0.0780
vn -0.3136 -0.9492 -0.0254
vn -0.3153 -0.9450 -0.0874
vn -0.2947 -0.9530 0.0708
vn -0.2127 -0.9711 0.1081
vn -0.3148 -0.9382 0.1439
vn -0.2398 -0.9576 0.1598
vn -0.1567 -0.9874 0.0211
vn -0.2782 -0.9517 0.1296
vn -0.2751 -0.9467 0.1673
vn -0.5330 -0.8426 -0.0766
vn -0.5949 -0.7920 -0.1373
vn -0.8914 -0.2168 -0.3979
vn -0.7813 -0.5199 -0.3453
vn -0.5471 -0.8231 0.1520
vn -0.2177 -0.9726 0.0815
vn -0.9414 -0.1588 -0.2976
vn -0.7542 -0.6496 -0.0961
vn -0.7754 0.5359 -0.3341
vn -0.8693 -0.4646 -0.1689
vn -0.3072 -0.9508 -0.0412
vn -0.8281 -0.0025 -0.5606
vn -0.2290 -0.9675 -0.1071
vn -0.3086 0.7666 -0.5631
vn 0.2469 -0.9690 0.0094
vn 0.2013 -0.9718 -0.1228
vn 0.9748 0.0669 -0.2130
vn 0.8068 0.0827 -0.5850
vn -0.1117 -0.6526 -0.7495
vn 0.1146 0.9834 -0.1406
vn 0.9850 -0.1419 0.0979
vn -0.3773 -0.9235 0.0695
vn -0.0920 -0.9941 -0.0582
vn -0.1497 -0.9799 -0.1318
vn -0.0247 -0.9918 -0.1257
vn 0.0421 -0.9873 -0.1532
vn 0.0677 -0.9885 -0.1354
vn -0.0006 -0.9999 -0.0167
vn -0.0166 -0.9998 -0.0134
vn 0.0837 -0.9964 -0.0109
vn 0.1975 -0.9748 -0.1033
vn 0.1594 -0.9870 -0.0185
vn 0.2225 -0.9661 -0.1313
vn 0.1258 -0.9920 0.0051
vn 0.0233 -0.9997 -0.0121
vn 0.1556 -0.9877 0.0137
vn 0.2660 -0.9636 0.0281
vn 0.2701 -0.9625 0.0237
vn 0.3209 -0.9471 -0.0088
vn 0.5834 -0.8120 0.0166
vn 0.7373 -0.6539 0.1698
vn 0.7115 -0.6583 0.2458
vn 0.2741 -0.9572 -0.0928
vn 0.4872 -0.8583 -0.1612
vn 0.4790 -0.8752 -0.0680
vn 0.1448 -0.9568 0.2523
vn 0.2365 -0.7411 0.6283
vn 0.8610 0.4976 0.1048
vn 0.1984 0.9793 0.0402
vn -0.5639 0.2122 0.7981
vn 0.1577 0.9821 -0.1029
vn -0.3940 -0.9056 0.1568
vn -0.3612 -0.8818 0.3033
vn -0.3621 -0.9292 0.0736
vn 0.3123 0.9497 0.0235
vn -0.1472 -0.9870 -0.0639
vn -0.1178 -0.9930 0.0035
vn -0.1738 -0.9845 0.0233
vn 0.1500 -0.9835 -0.1015
vn -0.1154 -0.9851 0.1275
vn 0.7414 -0.5958 -0.3088
vn 0.5754 -0.7100 -0.4059
vn 0.7101 -0.6197 -0.3342
vn 0.7502 -0.6557 -0.0850
vn 0.1532 -0.9278 0.3401
vn 0.6549 0.1836 0.7330
vn 0.0151 0.2649 0.9642
vn 0.8948 0.4463 -0.0066
vn 0.7638 0.5784 -0.2864
vn 0.8377 0.4216 -0.3471
vn 0.8573 0.3617 -0.3662
vn 0.9872 -0.1034 -0.1211
vn 0.7666 0.5637 -0.3076
vn 0.9108 -0.3333 -0.2438
vn 0.8245 -0.1411 -0.5481
vn 0.4962 -0.8682 -0.0033
vn 0.3942 -0.9171 0.0598
vn 0.7519 -0.2628 -0.6046
vn 0.3379 -0.9412 -0.0057
vn 0.0323 -0.9994 0.0116
vn -0.2899 -0.9567 0.0263
vn -0.2766 -0.9609 -0.0144
vn -0.2625 -0.9643 0.0354
vn -0.0414 -0.9989 0.0231
vn 0.3365 -0.9387 -0.0746
vn -0.2943 -0.9546 0.0460
vn -0.0494 -0.9982 -0.0349
vn 0.3625 -0.9257 -0.1081
vn -0.3063 -0.9513 0.0334
vn -0.1342 -0.9909 0.0135
vn -0.1659 -0.9853 0.0420
vn -0.1347 -0.9907 0.0198
vn 0.1457 -0.9744 0.1714
vn 0.1134 -0.9935 -0.0068
vn 0.1157 -0.9932 0.0151
vn 0.3001 -0.9536 -0.0242
vn 0.3020 -0.8660 0.3985
vn 0.3119 -0.9500 0.0155
vn 0.4477 -0.8932 -0.0422
vn 0.3730 -0.4997 0.7818
vn 0.4675 -0.8840 0.0046
vn 0.5178 -0.8550 0.0292
vn 0.3081 -0.9503 0.0439
vn 0.1076 -0.9937 0.0326
vn 0.6083 -0.7912 0.0624
vn 0.3214 -0.9456 0.0503
vn 0.1226 -0.9916 0.0408
vn 0.3498 -0.9355 0.0504
vn 0.5958 -0.7891 0.1493
vn 0.1443 -0.9889 0.0367
vn -0.1399 -0.9901 0.0145
vn -0.1347 -0.9906 0.0232
vn -0.1119 -0.9933 0.0291
vn 0.3359 -0.9409 0.0436
vn 0.1532 -0.9879 0.0252
vn -0.0908 -0.9957 0.0198
vn -0.2027 -0.9779 0.0506
vn -0.2766 -0.9602 0.0381
vn -0.1948 -0.9800 0.0416
vn -0.0623 -0.9980 -0.0043
vn 0.1524 -0.9879 -0.0287
vn 0.2196 0.0204 -0.9754
vn -0.7176 -0.1331 -0.6836
vn -0.2881 -0.5881 -0.7558
vn 0.2112 -0.9715 -0.1076
vn -0.0238 -0.9916 0.1270
vn -0.0323 -0.9971 0.0693
vn -0.1065 -0.9940 -0.0232
vn 0.0920 -0.9728 -0.2127
vn 0.8226 -0.3124 -0.4752
vn 0.2919 -0.8579 -0.4228
vn 0.5729 -0.6602 -0.4856
vn 0.8517 -0.4990 0.1598
vn 0.8940 -0.1622 -0.4176
vn 0.8918 -0.4368 -0.1176
vn 0.5310 -0.8099 -0.2491
vn 0.6512 -0.6460 -0.3983
vn 0.2037 -0.9773 -0.0579
vn 0.1003 -0.9934 -0.0559
vn 0.3158 -0.9390 -0.1360
vn 0.4468 -0.8903 -0.0874
vn 0.4007 -0.8836 -0.2421
vn 0.2166 -0.9003 -0.3776
vn 0.0562 -0.9820 -0.1805
vn 0.0135 -0.8946 -0.4467
vn 0.0170 -0.9992 -0.0362
vn -0.0084 -0.9999 -0.0065
vn -0.2213 -0.9711 -0.0899
vn -0.1302 -0.9911 -0.0269
vn -0.0846 -0.9961 -0.0259
vn -0.4463 -0.8914 -0.0791
vn -0.3086 -0.9508 -0.0260
vn -0.2416 -0.9628 -0.1212
vn -0.0724 -0.9825 -0.1716
vn -0.4228 -0.8508 -0.3121
vn -0.7204 -0.3161 -0.6173
vn -0.1830 -0.8623 -0.4722
vn -0.3822 -0.5451 -0.7462
vn -0.4463 -0.6957 -0.5629
vn -0.3882 -0.8547 -0.3447
vn -0.0250 -0.9889 0.1462
vn -0.0829 -0.9895 0.1186
vn -0.0508 -0.9883 0.1436
vn -0.0779 -0.9898 0.1197
vn -0.0500 -0.9955 0.0811
vn 0.0751 -0.9890 0.1276
vn -0.0609 -0.9970 -0.0467
vn -0.0671 -0.9959 -0.0607
vn 0.0062 -0.9981 0.0610
vn 0.0182 -0.9920 0.1248
vn -0.0116 -0.9965 -0.0832
vn -0.1106 -0.9630 -0.2458
vn -0.0316 -0.9628 -0.2682
vn 0.0365 -0.9988 0.0320
vn 0.0621 -0.9914 -0.1155
vn 0.0638 -0.9539 -0.2932
vn 0.1489 -0.9348 -0.3224
vn 0.0982 -0.9800 -0.1730
vn -0.0021 -0.9989 -0.0458
vn 0.1685 -0.9473 -0.2723
vn 0.0711 -0.9821 -0.1746
vn 0.2407 -0.8962 -0.3728
vn 0.1888 -0.8207 -0.5393
vn 0.3016 -0.7784 -0.5506
vn 0.0631 -0.8527 -0.5185
vn 0.0657 -0.5987 -0.7983
vn 0.2261 -0.5657 -0.7930
vn 0.3424 -0.5363 -0.7715
vn 0.4046 -0.7321 -0.5480
vn 0.4226 -0.5099 -0.7492
vn 0.3795 -0.8271 -0.4147
vn 0.4920 -0.4832 -0.7241
vn 0.5034 -0.6947 -0.5137
vn 0.5344 -0.7712 -0.3460
vn 0.5434 -0.6843 -0.4862
vn 0.5632 -0.7956 -0.2233
vn 0.5334 -0.4751 -0.6998
vn 0.4133 -0.2381 -0.8789
vn 0.4843 -0.2439 -0.8402
vn 0.5240 -0.2370 -0.8181
vn 0.3865 0.0430 -0.9213
vn 0.4785 0.0488 -0.8767
vn 0.5218 0.0767 -0.8496
vn 0.3132 0.0572 -0.9480
vn 0.3400 -0.2321 -0.9113
vn 0.2327 -0.2355 -0.9436
vn 0.2132 0.0767 -0.9740
vn 0.0609 -0.2467 -0.9672
vn 0.0501 0.0891 -0.9948
vn 0.3030 0.3095 -0.9013
vn 0.2018 0.3103 -0.9290
vn 0.0472 0.3107 -0.9493
vn -0.1358 -0.2580 -0.9566
vn -0.1375 0.0816 -0.9871
vn -0.1309 0.3089 -0.9420
vn 0.0586 0.4637 -0.8841
vn 0.2247 0.4916 -0.8413
vn -0.1395 0.4776 -0.8674
vn -0.2860 0.5278 -0.7998
vn -0.2709 0.3078 -0.9121
vn -0.2787 0.0586 -0.9586
vn -0.3626 0.3189 -0.8757
vn -0.3732 0.5848 -0.7202
vn -0.3604 0.0349 -0.9321
vn -0.4375 0.0284 -0.8988
vn -0.4561 0.3552 -0.8159
vn -0.4608 0.6306 -0.6244
vn -0.3970 0.8213 -0.4097
vn -0.3537 0.7821 -0.5130
vn -0.2989 0.7077 -0.6402
vn -0.4961 0.6958 -0.5193
vn -0.4703 0.8324 -0.2932
vn -0.4947 0.4308 -0.7548
vn -0.5395 0.7484 -0.3858
vn -0.5533 0.8164 -0.1651
vn -0.5398 0.5095 -0.6701
vn -0.4942 0.0438 -0.8683
vn -0.5677 0.0614 -0.8210
vn -0.7062 0.0921 -0.7020
vn -0.7202 0.4702 -0.5101
vn -0.6319 0.7322 -0.2541
vn -0.7716 -0.0985 -0.6284
vn -0.5944 0.8016 -0.0641
vn -0.4105 0.8983 0.1566
vn -0.2986 0.9530 0.0514
vn -0.1957 0.9753 0.1027
vn -0.2604 0.9577 -0.1223
vn -0.2942 0.9118 -0.2864
vn -0.2737 0.9536 -0.1253
vn -0.2439 0.9086 -0.3389
vn -0.2846 0.8279 -0.4833
vn -0.1054 0.8989 -0.4252
vn -0.1424 0.7643 -0.6289
vn -0.1499 0.6356 -0.7573
vn 0.0724 0.6172 -0.7835
vn 0.0777 0.7491 -0.6579
vn 0.2532 0.6521 -0.7146
vn 0.2564 0.7684 -0.5863
vn 0.0693 0.8801 -0.4697
vn 0.2259 0.8741 -0.4300
vn -0.0384 0.9913 -0.1260
vn 0.0403 0.9815 -0.1869
vn 0.1547 0.9649 -0.2121
vn 0.0315 0.9829 0.1812
vn -0.0046 0.9913 0.1319
vn 0.0522 0.9986 0.0103
vn -0.0452 0.9357 0.3499
vn -0.0709 0.9803 0.1846
vn 0.0741 0.9280 0.3651
vn -0.0999 0.9848 -0.1418
vn 0.1404 0.9776 0.1566
vn 0.2195 0.9286 0.2992
vn 0.0785 0.9350 0.3458
vn 0.1978 0.9451 0.2603
vn -0.0637 0.9371 0.3432
vn -0.1145 0.9932 0.0206
vn 0.2297 0.9561 0.1822
vn 0.2572 0.9553 0.1461
vn 0.1981 0.9746 0.1048
vn 0.1709 0.9687 0.1802
vn 0.0704 0.9775 0.1987
vn 0.2171 0.9670 0.1337
vn 0.1745 0.9809 0.0859
vn 0.0588 0.9889 0.1368
vn -0.1828 0.9556 0.2312
vn 0.0193 0.9741 0.2252
vn 0.0306 0.9931 0.1135
vn -0.3216 0.9469 -0.0013
vn -0.4633 0.8779 0.1212
vn -0.3661 0.8877 0.2793
vn -0.1780 0.9596 0.2178
vn -0.3957 0.9178 -0.0330
vn -0.4160 0.8845 0.2114
vn -0.6101 0.7738 0.1706
vn -0.1588 0.9752 -0.1543
vn -0.4151 0.8921 0.1783
vn -0.3635 0.9185 0.1558
vn -0.6243 0.7735 0.1092
vn -0.8095 0.5869 0.0148
vn -0.7978 0.5994 0.0646
vn -0.6217 0.7603 0.1882
vn -0.4890 0.8412 0.2309
vn -0.8542 0.5192 -0.0283
vn -0.8199 0.5724 0.0040
vn -0.7444 0.6182 0.2523
vn -0.6397 0.7220 0.2634
vn -0.8175 0.5240 0.2389
vn -0.8143 0.5798 -0.0268
vn -0.8450 0.5345 0.0143
vn -0.8513 0.4601 0.2523
vn -0.7912 0.5270 0.3103
vn -0.7424 0.6078 0.2819
vn -0.8484 0.4232 0.3179
vn -0.8219 0.1587 0.5472
vn -0.8945 0.3176 0.3146
vn -0.9265 0.3737 0.0435
vn -0.4999 0.0164 0.8659
vn -0.8104 0.0634 0.5824
vn -0.9926 0.1213 -0.0017
vn -0.8915 0.4527 0.0155
vn -0.4974 -0.2224 0.8385
vn -0.7622 -0.3446 0.5480
vn -0.9816 -0.1844 0.0489
vn -0.8257 -0.5611 0.0593
vn -0.9891 -0.0798 0.1234
vn -0.9769 0.1249 0.1733
vn -0.9879 0.1365 -0.0741
vn -0.9955 -0.0501 -0.0808
vn -0.9596 -0.2768 -0.0509
vn -0.9610 0.2599 0.0943
vn -0.8645 0.4979 0.0692
vn -0.9331 0.2962 0.2040
vn -0.9496 0.3108 -0.0415
vn -0.8651 0.5016 -0.0030
vn -0.7224 0.6914 0.0149
vn -0.7491 0.6590 0.0680
vn -0.6402 0.7544 0.1450
vn -0.5541 0.8298 0.0661
vn -0.6842 0.6978 0.2120
vn -0.6001 0.7706 0.2146
vn -0.6143 0.7489 0.2486
vn -0.5366 0.7933 0.2875
vn -0.4908 0.7923 0.3624
vn -0.5366 0.8118 0.2304
vn -0.3855 0.8060 0.4491
vn -0.2373 0.8124 0.5326
vn -0.2965 0.8196 0.4903
vn -0.3382 0.8842 0.3222
vn -0.1493 0.8479 0.5088
vn -0.1448 0.8185 0.5560
vn -0.1401 0.9099 0.3904
vn -0.1282 0.9681 0.2151
vn -0.3444 0.9236 0.1686
vn -0.5103 0.8455 0.1572
vn -0.2952 0.9519 0.0819
vn -0.0968 0.9921 0.0793
vn -0.0118 0.9948 0.1016
vn -0.0230 0.9673 0.2525
vn -0.0299 0.9071 0.4199
vn 0.0392 0.9654 0.2578
vn 0.0551 0.9027 0.4267
vn 0.0252 0.9916 0.1267
vn 0.0760 0.8175 0.5709
vn -0.0306 0.8250 0.5642
vn 0.2066 0.8977 0.3892
vn 0.1718 0.9613 0.2153
vn 0.2095 0.8140 0.5418
vn 0.4390 0.8490 0.2941
vn 0.3864 0.9086 0.1586
vn 0.4220 0.8010 0.4247
vn 0.5989 0.7655 0.2354
vn 0.6083 0.7435 0.2780
vn 0.4859 0.8530 0.1904
vn 0.2692 0.9608 0.0667
vn 0.3087 0.9393 0.1496
vn 0.0785 0.9950 0.0618
vn 0.4434 0.8827 0.1558
vn 0.5974 0.7811 0.1817
vn 0.6688 0.6909 0.2746
vn 0.7646 0.6381 0.0904
vn 0.6846 0.7206 0.1097
vn 0.7673 0.5931 0.2441
vn 0.3485 0.8595 0.3740
vn -0.0370 0.9443 0.3270
vn 0.5864 0.7640 0.2692
vn 0.8159 0.5745 0.0648
vn 0.6770 0.6982 0.2328
vn 0.8131 0.5818 0.0189
vn 0.6281 0.6749 0.3872
vn 0.7398 0.5505 0.3869
vn 0.7429 0.4635 0.4830
vn 0.8697 0.4813 -0.1094
vn 0.8343 0.5473 -0.0661
vn 0.8715 0.4896 0.0283
vn 0.8646 0.4979 0.0677
vn 0.8657 0.5005 0.0053
vn 0.8261 0.3940 0.4028
vn 0.8148 0.5583 -0.1565
vn 0.8571 0.5053 -0.1001
vn 0.9597 0.2792 -0.0309
vn 0.9634 0.2640 0.0466
vn 0.9624 0.2713 0.0134
vn 0.8204 0.5279 -0.2197
vn 0.8397 0.5067 -0.1953
vn 0.8959 0.3823 -0.2261
vn 0.8993 0.4108 -0.1497
vn 0.9997 -0.0130 -0.0229
vn 0.9625 0.0681 -0.2624
vn 0.9681 0.1557 -0.1962
vn 0.9106 -0.2275 -0.3449
vn 0.9070 -0.2757 -0.3185
vn 0.9511 -0.2953 -0.0908
vn 0.9997 0.0180 0.0165
vn 0.9881 -0.1416 -0.0606
vn 0.9943 0.1006 -0.0344
vn 0.9977 -0.0002 -0.0674
vn 0.8798 -0.4661 0.0932
vn 0.8681 -0.4926 -0.0613
vn 0.8528 -0.5021 -0.1434
vn 0.9329 -0.0603 0.3551
vn 0.8672 -0.3523 0.3519
vn 0.9679 0.0896 0.2348
vn 0.6303 -0.0728 0.7729
vn 0.3714 -0.2319 0.8990
vn 0.7985 -0.3610 0.4819
vn 0.7773 -0.0609 0.6261
vn 0.9991 -0.0011 0.0427
vn 0.9258 -0.3659 0.0951
vn 0.8450 -0.5339 -0.0301
vn 0.9832 -0.1634 -0.0814
vn 0.8969 0.2729 0.3479
vn 0.9931 0.1109 -0.0374
vn 0.9941 0.0645 -0.0877
vn 0.7645 -0.6441 -0.0250
vn 0.9687 -0.2421 -0.0556
vn 0.9973 0.0447 -0.0586
vn 0.9627 0.2626 -0.0659
vn 0.9642 0.2613 -0.0456
vn 0.9669 0.2548 -0.0124
vn 0.9991 0.0428 0.0062
vn 0.9651 -0.2612 -0.0212
vn 0.9683 0.2493 0.0179
vn 0.6291 -0.1693 0.7586
vn 0.6045 -0.1375 0.7846
vn 0.6364 -0.1688 0.7527
vn -0.1943 -0.2956 0.9353
vn -0.1491 0.1222 0.9812
vn -0.1535 -0.5142 0.8438
vn 0.5956 -0.3931 0.7005
vn -0.0418 0.4125 0.9100
vn 0.7381 -0.6732 -0.0439
vn 0.0453 0.3576 0.9328
vn 0.1792 -0.0304 0.9833
vn -0.0649 0.4438 0.8938
vn 0.0068 0.4967 0.8679
vn -0.0029 -0.4903 0.8715
vn -0.2552 0.2528 0.9332
vn -0.3206 -0.7056 0.6320
vn -0.2625 -0.8210 0.5070
vn -0.1062 0.0647 0.9922
vn 0.1812 -0.8921 0.4139
vn 0.4119 0.0066 0.9112
vn -0.0292 0.3767 0.9259
vn 0.3645 0.4229 0.8296
vn -0.1346 0.4453 0.8852
vn 0.0918 0.0197 0.9956
vn 0.4516 0.0654 0.8898
vn -0.0480 0.0714 0.9963
vn 0.4281 -0.3806 0.8197
vn 0.1720 -0.4174 0.8923
vn 0.0318 -0.3914 0.9197
vn 0.0069 -0.3548 0.9349
vn 0.0036 0.1222 0.9925
vn 0.0193 -0.5565 0.8306
vn 0.0657 -0.5747 0.8158
vn 0.0311 -0.5943 0.8036
vn 0.0755 -0.6052 0.7925
vn -0.0875 -0.5637 0.8213
vn 0.6666 -0.0453 0.7440
vn 0.0010 -0.6090 0.7932
vn 0.0418 -0.6228 0.7812
vn 0.6524 0.1431 0.7442
vn 0.8927 0.4503 0.0183
vn 0.7438 0.6668 0.0467
vn 0.4330 0.8917 0.1318
vn 0.4655 0.2643 0.8447
vn 0.0733 -0.6686 0.7400
vn 0.1168 -0.7206 0.6834
vn 0.2423 0.2500 0.9374
vn 0.0216 0.9764 0.2150
vn 0.7476 0.6641 -0.0109
vn 0.4899 0.8718 -0.0013
vn 0.1050 0.9944 0.0096
vn 0.7462 0.6655 -0.0165
vn 0.5258 0.8503 -0.0243
vn 0.2370 0.9697 0.0586
vn 0.7822 0.6225 0.0255
vn 0.6131 0.7855 0.0845
vn 0.4213 0.8812 0.2147
vn 0.8133 0.5476 0.1965
vn 0.6917 0.7015 0.1717
vn 0.5565 0.7657 0.3226
vn 0.7145 0.6470 0.2662
vn 0.8122 0.5330 0.2370
vn 0.2681 0.8179 0.5090
vn 0.3642 0.7913 0.4911
vn 0.2064 0.8149 0.5416
vn 0.1582 0.3713 0.9149
vn 0.0220 0.8851 0.4649
vn -0.0487 0.3277 0.9435
vn 0.0475 0.3127 0.9486
vn -0.0274 -0.2023 0.9789
vn 0.1017 0.8655 0.4904
vn -0.0139 0.3414 0.9398
vn -0.0012 -0.2530 0.9675
vn -0.0353 0.8873 0.4599
vn -0.0502 0.3248 0.9444
vn -0.1029 0.5989 0.7942
vn 0.2333 0.6170 0.7516
vn 0.0703 -0.0504 0.9962
vn 0.3709 0.8828 0.2883
vn 0.1701 0.5567 0.8131
vn 0.0355 0.2234 0.9741
vn -0.0752 0.3558 0.9315
vn 0.0356 0.7523 0.6578
vn -0.2798 0.8099 0.5155
vn 0.3166 0.8594 0.4016
vn -0.2951 0.8240 0.4837
vn -0.3992 0.9114 0.0999
vn -0.2716 0.9573 0.0990
vn -0.2055 0.9760 0.0721
vn -0.4491 0.8799 0.1553
vn -0.3817 0.8799 0.2831
vn -0.2312 0.8903 0.3923
vn -0.5266 0.7255 0.4432
vn -0.5636 0.7090 0.4238
vn -0.4567 0.7376 0.4974
vn -0.2752 0.5189 0.8093
vn 0.0027 0.1736 0.9848
vn -0.6472 0.5019 0.5738
vn -0.6680 0.4695 0.5773
vn -0.3782 0.3761 0.8459
vn 0.4737 -0.3825 0.7933
vn 0.1946 -0.6081 0.7696
vn 0.1491 -0.7395 0.6565
vn -0.2593 0.1038 0.9602
vn 0.8189 -0.4252 0.3855
vn -0.7643 0.2931 0.5744
vn -0.7865 0.0750 0.6130
vn 0.0890 -0.1669 0.9819
vn 0.9541 -0.2888 -0.0790
vn 0.7299 -0.6808 0.0611
vn 0.8187 -0.5719 -0.0515
vn 0.9019 -0.4218 -0.0929
vn 0.5859 -0.6794 0.4417
vn 0.6745 -0.5770 0.4606
vn 0.4668 -0.7730 0.4297
vn 0.3464 -0.5925 0.7273
vn 0.2896 -0.6478 0.7046
vn 0.2227 -0.7194 0.6579
vn 0.1064 -0.6652 0.7391
vn 0.1428 -0.6182 0.7730
vn 0.0640 -0.6413 0.7646
vn 0.1681 -0.5917 0.7885
vn 0.7799 -0.2902 0.5546
vn 0.7975 0.2198 0.5618
vn 0.9950 -0.0964 -0.0272
vn 0.9513 0.2942 0.0921
vn 0.9572 0.1225 -0.2621
vn 0.8132 0.5789 -0.0606
vn 0.6740 0.6036 0.4260
vn 0.6916 0.0420 0.7211
vn 0.9512 0.1826 0.2487
vn 0.8253 0.1255 0.5506
vn 0.5858 -0.7711 0.2496
vn 0.4696 -0.8286 0.3047
vn 0.3765 -0.9261 -0.0232
vn 0.4375 -0.8891 -0.1343
vn 0.0020 -0.9676 0.2524
vn 0.2375 -0.9695 0.0600
vn -0.2836 -0.8945 0.3455
vn 0.3441 -0.9357 -0.0781
vn 0.3044 -0.9415 -0.1449
vn -0.1629 -0.9553 0.2469
vn -0.2989 -0.8516 0.4307
vn -0.4313 -0.7750 0.4619
vn -0.7169 -0.4770 0.5084
vn -0.6429 -0.4922 0.5869
vn -0.5214 -0.5592 0.6446
vn 0.0824 -0.9859 0.1458
vn 0.3135 -0.9445 -0.0978
vn 0.0688 -0.6550 0.7525
vn -0.4783 -0.3493 0.8057
vn 0.2306 -0.3919 0.8906
vn -0.7300 -0.2878 0.6199
vn -0.7338 -0.1117 0.6701
vn -0.4133 -0.1904 0.8904
vn 0.3380 -0.1915 0.9214
vn 0.6981 -0.2977 0.6512
vn 0.6111 -0.4769 0.6318
vn 0.7343 -0.1235 0.6675
vn 0.7341 0.0674 0.6756
vn 0.3926 -0.0001 0.9197
vn -0.2888 -0.0127 0.9573
vn 0.4703 0.2448 0.8479
vn 0.7158 0.2309 0.6590
vn -0.1592 0.2898 0.9437
vn 0.6461 0.5025 0.5745
vn 0.4936 0.5739 0.6535
vn -0.0333 0.7161 0.6972
vn -0.0264 0.9710 0.2378
vn 0.3645 0.9036 0.2250
vn 0.5008 0.8129 0.2973
vn 0.4338 0.8894 0.1443
vn 0.4382 0.8719 0.2185
vn 0.5452 0.7275 0.4166
vn 0.2638 0.9607 0.0862
vn 0.0938 0.9603 0.2628
vn -0.2069 0.9783 0.0085
vn -0.1215 0.9924 0.0186
vn 0.3861 0.8378 0.3860
vn 0.1560 0.9442 0.2902
vn -0.1506 0.9617 0.2289
vn -0.5049 0.8632 -0.0050
vn -0.5070 0.8616 -0.0259
vn -0.4949 0.8586 0.1337
vn 0.1014 0.8374 0.5370
vn -0.2125 0.4677 0.8579
vn -0.5128 0.2443 0.8230
vn -0.0712 -0.6596 0.7482
vn -0.0952 -0.5185 0.8498
vn -0.0829 0.0792 0.9934
vn -0.1739 -0.7344 0.6560
vn -0.0566 -0.7263 0.6851
vn -0.0400 -0.6667 0.7443
vn -0.6583 0.1333 0.7409
vn 0.0229 -0.5994 0.8001
vn -0.0278 -0.6112 0.7910
vn -0.0099 -0.5843 0.8114
vn 0.1178 -0.5583 0.8212
vn -0.6405 -0.0490 0.7664
vn -0.5918 -0.1709 0.7877
vn 0.2083 -0.5215 0.8274
vn 0.0099 -0.5596 0.8287
vn 0.2949 -0.3995 0.8680
vn 0.0213 -0.4255 0.9047
vn -0.5503 -0.2014 0.8103
vn -0.5520 -0.1185 0.8254
vn 0.2856 -0.0668 0.9560
vn -0.0036 0.0039 1.0000
vn -0.0328 -0.5781 0.8153
vn -0.0183 -0.4203 0.9072
vn 0.0119 0.0840 0.9964
vn 0.1303 0.2972 0.9459
vn -0.0555 0.4368 0.8978
vn 0.0485 0.4798 0.8760
vn 0.0479 0.3497 0.9356
vn -0.0701 0.5074 0.8589
vn 0.1305 0.4214 0.8974
vn -0.6152 -0.1960 0.7636
vn -0.4670 -0.4951 0.7326
vn -0.9011 -0.4325 -0.0305
vn -0.6148 -0.7872 -0.0481
vn -0.9955 -0.0944 0.0022
vn -0.9944 0.1032 0.0231
vn -0.9931 -0.1093 -0.0428
vn -0.8874 -0.4593 -0.0385
vn -0.9934 0.1088 -0.0364
vn -0.9581 0.2850 0.0288
vn -0.9522 0.3042 -0.0276
vn -0.9455 0.3166 -0.0760
vn -0.9880 0.1209 -0.0963
vn -0.9910 -0.0906 -0.0988
vn -0.9141 -0.4001 -0.0663
vn -0.6388 -0.7694 -0.0013
vn -0.5967 -0.8023 -0.0151
vn -0.7275 -0.6861 0.0069
vn -0.3921 -0.9193 0.0337
vn -0.3854 -0.9227 0.0033
vn -0.4088 -0.9114 0.0470
vn -0.3793 -0.9242 -0.0445
vn -0.3814 -0.7586 0.5282
vn -0.2835 -0.8870 0.3645
vn -0.1816 0.1695 0.9687
vn -0.1993 -0.1290 0.9714
vn -0.0088 -0.9837 0.1796
vn 0.1491 -0.4570 0.8769
vn 0.1699 -0.9823 0.0794
vn 0.2951 -0.5877 0.7533
vn 0.1467 -0.9854 0.0863
vn 0.0788 -0.5634 0.8224
vn -0.0210 -0.9911 0.1313
vn -0.3395 -0.4136 0.8448
vn -0.2705 -0.9522 0.1416
vn -0.2244 -0.9730 -0.0544
vn -0.8123 -0.0689 0.5791
vn -0.6350 0.6686 0.3871
vn -0.4095 0.5086 0.7573
vn -0.0206 0.3637 0.9313
vn -0.4230 0.3976 0.8143
vn -0.0214 0.3390 0.9405
vn -0.6996 0.5219 0.4879
vn 0.2229 0.3313 0.9168
vn 0.1577 0.4065 0.9000
vn -0.4793 -0.0463 0.8764
vn -0.1132 -0.0738 0.9908
vn 0.0536 0.0176 0.9984
vn -0.0468 -0.4453 0.8941
vn -0.1774 -0.4886 0.8543
vn -0.0844 -0.5963 0.7983
vn -0.1890 -0.6135 0.7668
vn -0.1005 -0.6088 0.7869
vn -0.0430 -0.5978 0.8005
vn -0.1960 -0.6220 0.7581
vn -0.3497 -0.6158 0.7060
vn -0.3314 -0.6447 0.6889
vn -0.4168 -0.4765 0.7741
vn -0.5526 -0.6853 0.4743
vn -0.5900 -0.6016 0.5384
vn -0.6961 -0.3833 0.6071
vn -0.7667 -0.6420 0.0046
vn -0.8409 -0.5314 0.1023
vn -0.9340 -0.2701 0.2339
vn -0.7858 0.0939 0.6113
vn -0.9487 0.1916 0.2514
vn -0.8028 0.5851 0.1147
vn -0.9241 0.3625 -0.1210
vn -0.9790 0.1633 -0.1223
vn -0.9622 -0.1303 -0.2392
vn -0.9927 -0.1055 -0.0578
vn -0.8434 -0.4368 0.3129
vn -0.8866 -0.3639 -0.2855
vn -0.8493 -0.5109 -0.1334
vn -0.5235 -0.3426 0.7801
vn 0.0986 0.0434 0.9942
vn 0.3659 -0.0199 0.9304
vn 0.5193 0.1885 0.8335
vn -0.7987 -0.5994 0.0538
vn -0.3234 -0.1733 0.9303
vn 0.5382 0.3895 0.7474
vn 0.8223 0.2245 0.5228
vn 0.7593 0.3095 0.5724
vn 0.6739 0.4492 0.5866
vn 0.6681 0.4546 0.5891
vn 0.7522 0.2646 0.6035
vn 0.8164 0.1544 0.5565
vn 0.8724 0.1352 0.4697
vn 0.8669 0.0461 0.4963
vn 0.7442 0.2425 0.6223
vn 0.7833 0.0896 0.6151
vn 0.8096 -0.0639 0.5835
vn 0.8992 -0.0334 0.4362
vn 0.8886 -0.1079 0.4458
vn 0.8057 -0.2315 0.5452
vn 0.8634 -0.2870 0.4149
vn 0.7975 -0.4100 0.4427
vn 0.7205 -0.4498 0.5278
vn 0.3535 -0.8137 0.4614
vn 0.5019 -0.7209 0.4779
vn 0.5856 -0.6774 0.4453
vn -0.0651 -0.9917 0.1112
vn 0.1331 -0.9449 0.2991
vn 0.3588 -0.8322 0.4227
vn -0.1150 -0.9931 0.0207
vn -0.1904 -0.9775 0.0903
vn -0.3130 -0.9481 -0.0566
vn -0.1519 -0.9194 0.3627
vn -0.5113 -0.8228 0.2481
vn -0.5886 -0.4466 0.6739
vn -0.9237 0.0100 0.3830
vn -0.7492 0.6543 0.1026
vn -0.8787 0.4769 -0.0210
vn 0.4606 -0.6986 0.5475
vn 0.5461 -0.3926 0.7400
vn -0.5124 -0.1362 0.8479
vn 0.8054 -0.1369 0.5767
vn 0.7378 -0.4832 0.4713
vn -0.0742 -0.9930 0.0921
vn 0.1911 -0.9735 0.1256
vn 0.0205 -0.9986 0.0491
vn 0.2709 -0.9581 0.0933
vn 0.3217 -0.9464 -0.0301
vn 0.1193 -0.9919 -0.0440
vn 0.2875 -0.9532 0.0930
vn 0.6635 0.4881 0.5670
vn 0.5478 0.6726 0.4975
vn 0.5403 0.6413 0.5448
vn 0.3424 0.8013 0.4907
vn 0.1799 0.5717 0.8005
vn 0.4034 0.5432 0.7364
vn -0.3544 -0.1881 0.9160
vn -0.3288 -0.3961 0.8573
vn -0.6853 -0.7048 0.1835
vn -0.4110 -0.8070 0.4240
vn -0.1646 -0.7418 0.6502
vn -0.0722 -0.6632 0.7449
vn -0.1851 -0.6405 0.7453
vn -0.3342 -0.6979 0.6334
vn -0.0969 -0.6138 0.7835
vn -0.0478 -0.6329 0.7728
vn -0.0484 -0.6062 0.7938
vn -0.5988 -0.7483 0.2854
vn -0.7396 -0.6730 0.0030
vn -0.4497 -0.8918 0.0499
vn -0.8693 0.4941 -0.0144
vn -0.8665 0.4975 -0.0397
vn -0.7233 0.6904 -0.0161
vn -0.7354 0.6776 -0.0080
vn -0.8840 0.4670 0.0223
vn -0.7479 0.6620 0.0486
vn -0.3837 0.9061 0.1780
vn -0.2013 0.9018 0.3825
vn -0.3575 0.9237 0.1378
vn -0.4844 0.7074 0.5146
vn -0.5763 0.3638 0.7318
vn -0.6829 0.4204 0.5974
vn -0.6607 0.0916 0.7450
vn -0.7553 0.1679 0.6336
vn -0.7715 0.2333 0.5919
vn -0.8025 -0.0260 0.5961
vn -0.8440 0.0761 0.5310
vn -0.8152 -0.2221 0.5349
vn -0.8779 -0.1128 0.4653
vn -0.5571 -0.3194 0.7666
vn -0.7918 -0.4359 0.4278
vn -0.7572 -0.4787 0.4444
vn -0.5323 -0.7380 0.4148
vn -0.5848 -0.6917 0.4238
vn -0.4923 -0.7576 0.4285
vn 0.2830 -0.8662 0.4118
vn 0.2145 -0.6414 0.7366
vn 0.9106 0.4133 0.0010
vn 0.8281 0.2900 0.4798
vn 0.9419 0.3143 0.1184
vn 0.8865 0.4620 -0.0273
vn 0.8838 0.4671 -0.0251
vn 0.5616 -0.8271 0.0221
vn 0.6205 -0.7752 -0.1184
vn 0.3239 -0.9444 -0.0564
vn 0.8246 -0.4624 -0.3260
vn 0.6894 -0.6606 -0.2971
vn 0.3855 -0.8931 -0.2319
vn 0.1655 -0.9744 -0.1522
vn 0.2261 -0.9286 -0.2942
vn 0.4863 -0.7797 -0.3944
vn 0.7260 -0.5395 -0.4264
vn 0.3213 -0.8673 -0.3802
vn 0.5492 -0.7331 -0.4011
vn 0.7138 -0.6351 -0.2952
vn 0.8172 -0.4053 -0.4098
vn 0.7730 -0.6201 -0.1341
vn 0.5876 -0.8008 0.1161
vn 0.6698 -0.5387 0.5110
vn 0.8967 -0.4278 0.1136
vn 0.9327 -0.1841 0.3101
vn 0.6974 -0.4807 0.5316
vn 0.6469 -0.7345 0.2051
vn 0.5819 -0.4883 0.6503
vn 0.6617 -0.5264 0.5340
vn 0.6380 -0.6294 0.4436
vn 0.9334 -0.1926 0.3028
vn 0.6903 -0.6037 0.3989
vn 0.5314 -0.5000 0.6838
vn 0.6251 -0.5779 0.5246
vn 0.6904 -0.5998 0.4045
vn 0.5586 -0.6334 0.5355
vn 0.6405 -0.6376 0.4281
vn 0.4868 -0.5793 0.6538
vn 0.7608 -0.5892 0.2722
vn 0.7225 -0.5565 0.4102
vn 0.9075 -0.3666 -0.2050
vn 0.7932 -0.5154 -0.3242
vn 0.5819 -0.7490 -0.3168
vn 0.6070 -0.6137 -0.5048
vn 0.7570 -0.4116 -0.5075
vn 0.8616 -0.1844 -0.4730
vn 0.7592 -0.3028 -0.5761
vn 0.6135 -0.4461 -0.6516
vn 0.8488 -0.0777 -0.5231
vn 0.7196 -0.1652 -0.6744
vn 0.7763 0.0366 -0.6293
vn 0.5992 -0.2064 -0.7735
vn 0.5987 0.0958 -0.7952
vn 0.5909 0.4697 -0.6559
vn 0.7777 0.3705 -0.5079
vn 0.5104 0.4300 -0.7447
vn 0.4874 0.3598 -0.7956
vn 0.4845 0.6094 -0.6276
vn 0.5028 0.6725 -0.5431
vn 0.5521 0.7180 -0.4239
vn 0.3858 0.3234 -0.8641
vn 0.3946 0.5795 -0.7131
vn 0.3210 0.5367 -0.7803
vn 0.3363 0.7073 -0.6218
vn 0.3790 0.7458 -0.5478
vn 0.3301 0.8157 -0.4751
vn 0.3334 0.8619 -0.3821
vn 0.2932 0.9022 -0.3164
vn 0.2457 0.9549 -0.1669
vn 0.3724 0.8743 -0.3114
vn 0.4518 0.7563 -0.4732
vn 0.2062 0.9783 -0.0196
vn 0.1904 0.9557 0.2243
vn 0.1594 0.9863 0.0430
vn 0.2303 0.9602 -0.1583
vn 0.3132 0.9470 0.0720
vn 0.4797 0.8489 -0.2221
vn 0.0603 0.9032 0.4250
vn -0.0212 0.8041 0.5941
vn 0.3091 0.8490 0.4286
vn 0.4833 0.8516 0.2028
vn 0.2747 0.9587 0.0744
vn 0.2477 0.9685 -0.0237
vn 0.5843 0.8062 -0.0927
vn 0.5871 0.7976 0.1383
vn 0.5269 0.8057 -0.2706
vn 0.1851 0.9801 -0.0717
vn 0.1497 0.9858 -0.0758
vn 0.3656 0.8955 -0.2539
vn 0.6146 0.7605 -0.2094
vn -0.0218 0.9998 0.0024
vn -0.1639 0.9538 0.2519
vn -0.1773 0.9689 0.1728
vn -0.2779 0.9564 0.0901
vn -0.0712 0.9971 0.0259
vn -0.0624 0.9797 0.1905
vn 0.0812 0.9946 0.0647
vn -0.0433 0.9977 0.0528
vn -0.1304 0.9890 0.0700
vn -0.0175 0.9998 -0.0078
vn -0.0493 0.9984 0.0288
vn 0.0594 0.9981 0.0185
vn -0.0061 0.9999 0.0155
vn -0.0042 1.0000 -0.0055
vn -0.0584 0.9980 0.0226
vn -0.0022 0.9998 0.0192
vn -0.1715 0.9818 0.0821
vn 0.0256 0.9995 0.0159
vn 0.1316 0.9883 0.0775
vn -0.0932 0.9871 0.1305
vn -0.1847 0.9571 0.2233
vn -0.2270 0.9727 0.0489
vn -0.3102 0.9444 0.1091
vn -0.2710 0.9625 -0.0081
vn 0.1234 0.9919 0.0316
vn 0.0798 0.9864 0.1435
vn -0.0393 0.9721 0.2314
vn 0.5142 0.8546 0.0725
vn 0.5278 0.8053 0.2700
vn -0.1405 0.9206 0.3642
vn -0.0083 0.7204 0.6935
vn 0.0991 0.7406 0.6646
vn -0.0792 0.6764 0.7323
vn 0.0012 0.7556 0.6550
vn 0.2214 0.8661 0.4482
vn 0.0044 0.7045 0.7097
vn 0.2888 0.8294 0.4782
vn -0.1235 0.5651 0.8157
vn 0.4653 0.8773 0.1177
vn 0.5386 0.8301 0.1440
vn 0.5727 0.8036 0.1621
vn 0.3117 0.8133 0.4914
vn -0.0435 0.6830 0.7291
vn 0.6586 0.7511 -0.0456
vn 0.6172 0.7825 -0.0822
vn 0.5704 0.8091 -0.1413
vn 0.6321 0.7502 -0.1941
vn 0.5673 0.7723 -0.2858
vn 0.7106 0.6836 -0.1668
vn 0.9591 0.2766 0.0594
vn 0.9289 0.2928 0.2268
vn 0.8230 0.4342 0.3663
vn 0.8035 0.4951 -0.3305
vn 0.6913 0.6466 -0.3226
vn 0.9432 0.2245 -0.2451
vn 0.7529 -0.4503 0.4800
vn 0.7684 -0.4160 0.4863
vn 0.9938 -0.1112 -0.0030
vn 0.9599 -0.2477 -0.1315
vn 0.8958 0.0333 -0.4431
vn 0.8674 0.1961 -0.4574
vn 0.7559 -0.5098 0.4106
vn 0.5168 0.7628 -0.3887
vn 0.7883 -0.3710 0.4909
vn 0.7429 -0.1703 0.6473
vn 0.5369 0.5631 0.6282
vn 0.6573 -0.6141 0.4368
vn 0.0779 0.5779 0.8123
vn 0.5084 -0.0640 0.8588
vn -0.3067 0.4735 0.8257
vn -0.2513 0.4908 0.8343
vn 0.1572 -0.1224 0.9799
vn 0.5995 -0.6105 0.5176
vn 0.6485 -0.6140 0.4500
vn 0.6804 -0.5806 0.4472
vn 0.6555 -0.5973 0.4621
vn 0.4517 -0.6240 0.6376
vn 0.3212 -0.6074 0.7266
vn 0.5392 -0.6793 0.4978
vn 0.9439 -0.1792 0.2772
vn 0.5519 0.4446 0.7055
vn -0.1474 -0.0895 0.9850
vn -0.3446 0.1951 0.9183
vn -0.1972 -0.1840 0.9629
vn -0.0787 0.3383 0.9377
vn 0.1123 0.5491 0.8282
vn -0.0131 -0.9971 -0.0751
vn -0.1076 -0.9942 0.0080
vn -0.0083 -0.9972 0.0746
vn 0.0204 -0.9991 0.0371
vn 0.0710 -0.9405 -0.3323
vn -0.1165 -0.7878 -0.6048
vn -0.1272 -0.9764 -0.1744
vn -0.8564 0.5037 -0.1133
vn -0.8362 0.5405 -0.0929
vn -0.6029 -0.2685 -0.7512
vn -0.6199 -0.4807 -0.6202
vn -0.5267 -0.5363 -0.6596
vn -0.5049 -0.2832 -0.8154
vn -0.4587 -0.5798 -0.6734
vn -0.4507 -0.2803 -0.8475
vn -0.3779 -0.2766 -0.8835
vn -0.3679 -0.6206 -0.6925
vn -0.2864 -0.2673 -0.9201
vn -0.2598 -0.6279 -0.7336
vn -0.1871 -0.8684 -0.4592
vn -0.1104 -0.6191 -0.7775
vn -0.0660 -0.8681 -0.4920
vn -0.5001 -0.0037 -0.8660
vn 0.8090 -0.5673 0.1541
vn 0.2478 -0.9686 0.0193
vn 0.2002 -0.9673 0.1558
vn 0.3334 -0.8102 -0.4821
vn 0.8850 0.4265 -0.1867
vn -0.9953 0.0302 0.0923
vn -0.2050 0.9420 -0.2657
vn 0.2050 -0.9420 0.2657
vn 0.9832 0.0401 0.1780
vn -0.9832 -0.0401 -0.1780
vn -0.0393 -0.9991 -0.0131
vn 0.0393 0.9991 0.0131
vn 0.9126 -0.3357 -0.2335
vn 0.9959 -0.0895 -0.0103
vn 0.9920 -0.1102 -0.0615
vn -0.1891 -0.9777 0.0917
vn 0.1891 0.9777 -0.0917
vn -0.7035 0.7004 -0.1207
vn 0.0302 0.3236 0.9457
vn -0.5986 -0.3421 0.7243
vt 0.329172 0.905811
vt 0.328227 0.891125
vt 0.333277 0.894707
vt 0.333716 0.902588
vt 0.322936 0.884391
vt 0.332162 0.887680
vt 0.381159 0.195234
vt 0.374012 0.192400
vt 0.372994 0.186065
vt 0.380683 0.188934
vt 0.379284 0.181942
vt 0.370105 0.181511
vt 0.338539 0.903784
vt 0.339029 0.908143
vt 0.335546 0.910874
vt 0.343969 0.911793
vt 0.325960 0.911256
vt 0.319990 0.902266
vt 0.391510 0.186316
vt 0.390916 0.193347
vt 0.375681 0.174032
vt 0.389222 0.177420
vt 0.407109 0.179855
vt 0.408660 0.189955
vt 0.404710 0.196171
vt 0.369229 0.165126
vt 0.388011 0.164726
vt 0.403270 0.164298
vt 0.416063 0.189137
vt 0.414885 0.191432
vt 0.423158 0.176535
vt 0.426892 0.192201
vt 0.419831 0.162615
vt 0.386790 0.147794
vt 0.403834 0.144889
vt 0.421138 0.143096
vt 0.435244 0.162780
vt 0.439815 0.144798
vt 0.435832 0.174862
vt 0.403678 0.127113
vt 0.423622 0.125301
vt 0.445842 0.128616
vt 0.457962 0.152469
vt 0.449391 0.162814
vt 0.467278 0.137196
vt 0.448815 0.118431
vt 0.425039 0.115436
vt 0.472691 0.125147
vt 0.469699 0.164168
vt 0.485533 0.149884
vt 0.494974 0.134454
vt 0.451192 0.110220
vt 0.475715 0.114017
vt 0.499892 0.112672
vt 0.518040 0.146322
vt 0.498390 0.164334
vt 0.519723 0.117743
vt 0.520586 0.095048
vt 0.509738 0.093953
vt 0.502625 0.089157
vt 0.494158 0.099911
vt 0.477109 0.105654
vt 0.509042 0.073013
vt 0.513916 0.074101
vt 0.520333 0.074249
vt 0.512057 0.056028
vt 0.516368 0.056677
vt 0.521399 0.055719
vt 0.509083 0.045998
vt 0.515209 0.043598
vt 0.520391 0.042849
vt 0.514136 0.030746
vt 0.509176 0.033457
vt 0.504388 0.036524
vt 0.526898 0.041580
vt 0.527237 0.055654
vt 0.521429 0.028849
vt 0.501476 0.026144
vt 0.504610 0.022613
vt 0.509994 0.019903
vt 0.534679 0.042562
vt 0.530063 0.028464
vt 0.518913 0.016417
vt 0.498097 0.018359
vt 0.501581 0.014908
vt 0.508101 0.010777
vt 0.491665 0.017620
vt 0.492771 0.012774
vt 0.501512 0.005774
vt 0.082480 0.354718
vt 0.086159 0.354654
vt 0.085587 0.360006
vt 0.082794 0.360304
vt 0.090688 0.354318
vt 0.089605 0.360198
vt 0.518769 0.003226
vt 0.527546 0.008918
vt 0.097272 0.355001
vt 0.096092 0.360703
vt 0.097213 0.348475
vt 0.091024 0.348429
vt 0.086640 0.349288
vt 0.105903 0.350022
vt 0.108227 0.355342
vt 0.106690 0.360975
vt 0.116179 0.351795
vt 0.122421 0.362009
vt 0.108540 0.345177
vt 0.096638 0.342739
vt 0.122850 0.347487
vt 0.107888 0.337343
vt 0.097178 0.339318
vt 0.093996 0.334727
vt 0.094788 0.327888
vt 0.113402 0.328031
vt 0.129893 0.341836
vt 0.090646 0.338683
vt 0.091299 0.343267
vt 0.081342 0.337887
vt 0.084394 0.339960
vt 0.087374 0.343715
vt 0.473039 0.044534
vt 0.474078 0.050795
vt 0.470594 0.048604
vt 0.470865 0.040940
vt 0.082818 0.343882
vt 0.081465 0.339815
vt 0.082320 0.349777
vt 0.081508 0.344318
vt 0.081012 0.349619
vt 0.485669 0.023993
vt 0.480332 0.028295
vt 0.478580 0.025635
vt 0.486001 0.021125
vt 0.486746 0.029091
vt 0.482564 0.032659
vt 0.477235 0.036603
vt 0.473075 0.033021
vt 0.480253 0.040698
vt 0.485066 0.037615
vt 0.489233 0.033299
vt 0.493393 0.036792
vt 0.489154 0.041993
vt 0.484014 0.046324
vt 0.476083 0.043541
vt 0.479177 0.049875
vt 0.475153 0.038954
vt 0.494019 0.046976
vt 0.489279 0.053004
vt 0.484168 0.058856
vt 0.478641 0.062653
vt 0.471939 0.064655
vt 0.489773 0.067960
vt 0.484002 0.073428
vt 0.475147 0.075552
vt 0.460925 0.067132
vt 0.459989 0.075764
vt 0.459955 0.056184
vt 0.458620 0.084544
vt 0.476587 0.083937
vt 0.486789 0.081205
vt 0.433464 0.083085
vt 0.434683 0.072822
vt 0.440628 0.063390
vt 0.416041 0.059652
vt 0.413926 0.072095
vt 0.411450 0.082894
vt 0.456405 0.093973
vt 0.431445 0.092829
vt 0.407062 0.093061
vt 0.400243 0.076431
vt 0.397750 0.069741
vt 0.393348 0.080768
vt 0.402661 0.100029
vt 0.387487 0.084265
vt 0.428821 0.100750
vt 0.336366 0.995926
vt 0.348260 0.979995
vt 0.351268 0.988964
vt 0.340453 0.999658
vt 0.401948 0.107336
vt 0.426316 0.108068
vt 0.453716 0.102665
vt 0.477439 0.094357
vt 0.489771 0.089853
vt 0.497488 0.083690
vt 0.493827 0.076612
vt 0.499878 0.067107
vt 0.504128 0.070763
vt 0.494712 0.061099
vt 0.499304 0.053404
vt 0.502355 0.057850
vt 0.506989 0.056451
vt 0.504029 0.048877
vt 0.499310 0.040572
vt 0.497354 0.031035
vt 0.492902 0.028235
vt 0.495917 0.022832
vt 0.491051 0.021019
vt 0.490201 0.026312
vt 0.402608 0.115018
vt 0.383891 0.118831
vt 0.382604 0.110646
vt 0.386385 0.131123
vt 0.369501 0.134564
vt 0.368882 0.149614
vt 0.369132 0.122340
vt 0.361881 0.931775
vt 0.368175 0.943132
vt 0.352583 0.949295
vt 0.350939 0.937912
vt 0.371928 0.954586
vt 0.355362 0.961612
vt 0.376017 0.924205
vt 0.384737 0.936861
vt 0.390189 0.949530
vt 0.400867 0.931172
vt 0.406708 0.944180
vt 0.393391 0.917415
vt 0.420607 0.939900
vt 0.415203 0.926800
vt 0.408123 0.912246
vt 0.387869 0.905134
vt 0.404164 0.900180
vt 0.372137 0.912486
vt 0.384530 0.895226
vt 0.402873 0.892267
vt 0.368815 0.901938
vt 0.352094 0.915017
vt 0.353364 0.911924
vt 0.366610 0.889167
vt 0.383053 0.884992
vt 0.355968 0.896763
vt 0.352795 0.890138
vt 0.355119 0.884559
vt 0.354807 0.874996
vt 0.367016 0.875345
vt 0.384435 0.875268
vt 0.368507 0.865785
vt 0.388036 0.868598
vt 0.354934 0.863965
vt 0.342292 0.858971
vt 0.345072 0.872259
vt 0.346604 0.880595
vt 0.335254 0.859104
vt 0.336535 0.868782
vt 0.339098 0.875724
vt 0.345658 0.886900
vt 0.339613 0.882490
vt 0.343031 0.892143
vt 0.338104 0.890583
vt 0.332516 0.878827
vt 0.331291 0.872756
vt 0.340910 0.894541
vt 0.339296 0.898321
vt 0.346191 0.896475
vt 0.342046 0.902367
vt 0.342445 0.905511
vt 0.345982 0.902743
vt 0.345807 0.906237
vt 0.350153 0.901149
vt 0.345346 0.908622
vt 0.348983 0.908031
vt 0.352155 0.906482
vt 0.350484 0.904968
vt 0.348782 0.905525
vt 0.352649 0.902617
vt 0.350809 0.904660
vt 0.325938 0.877930
vt 0.375380 0.199253
vt 0.377771 0.206757
vt 0.370950 0.204483
vt 0.369700 0.200291
vt 0.328851 0.864923
vt 0.379574 0.215991
vt 0.372291 0.212515
vt 0.327946 0.850766
vt 0.379556 0.229352
vt 0.372718 0.226617
vt 0.386927 0.220849
vt 0.385194 0.210624
vt 0.385774 0.232909
vt 0.376653 0.239518
vt 0.382745 0.243142
vt 0.372092 0.237224
vt 0.392508 0.236744
vt 0.394729 0.225817
vt 0.390242 0.246025
vt 0.388361 0.253005
vt 0.380293 0.250283
vt 0.372657 0.247805
vt 0.369867 0.253440
vt 0.378012 0.254792
vt 0.387759 0.259787
vt 0.398685 0.247795
vt 0.398526 0.253462
vt 0.398409 0.262629
vt 0.390223 0.270479
vt 0.385730 0.267198
vt 0.376130 0.259245
vt 0.379861 0.266320
vt 0.383989 0.267532
vt 0.380171 0.267339
vt 0.376210 0.275639
vt 0.378962 0.271132
vt 0.377617 0.279106
vt 0.377150 0.263338
vt 0.362331 0.273297
vt 0.365326 0.272970
vt 0.372280 0.272317
vt 0.350571 0.276025
vt 0.375491 0.270511
vt 0.373145 0.268186
vt 0.369992 0.267911
vt 0.365138 0.268290
vt 0.375573 0.268046
vt 0.378562 0.270224
vt 0.378838 0.269070
vt 0.381225 0.267927
vt 0.376570 0.267085
vt 0.373435 0.265820
vt 0.370087 0.264115
vt 0.365998 0.262951
vt 0.367435 0.258685
vt 0.359799 0.264706
vt 0.359169 0.260764
vt 0.360289 0.268245
vt 0.361449 0.253338
vt 0.348409 0.256953
vt 0.355420 0.271295
vt 0.179861 0.024838
vt 0.165616 0.023766
vt 0.180227 0.005820
vt 0.187513 0.017330
vt 0.377977 0.289707
vt 0.353910 0.293174
vt 0.196445 0.011248
vt 0.191804 0.000342
vt 0.193616 0.025082
vt 0.187543 0.031888
vt 0.203108 0.019281
vt 0.198860 0.030934
vt 0.192397 0.038571
vt 0.206654 0.025257
vt 0.223485 0.020125
vt 0.227364 0.026676
vt 0.217719 0.010538
vt 0.251263 0.030999
vt 0.247747 0.024416
vt 0.238784 0.008471
vt 0.277037 0.037663
vt 0.275665 0.042953
vt 0.329775 0.341846
vt 0.342881 0.331973
vt 0.347579 0.346687
vt 0.330476 0.351663
vt 0.294199 0.048293
vt 0.290060 0.054735
vt 0.349691 0.356543
vt 0.332213 0.361586
vt 0.370200 0.350143
vt 0.367176 0.340762
vt 0.363144 0.327295
vt 0.390383 0.346212
vt 0.387508 0.336378
vt 0.384291 0.324422
vt 0.407607 0.334529
vt 0.410908 0.346935
vt 0.404932 0.322552
vt 0.359568 0.309147
vt 0.379882 0.306138
vt 0.400335 0.303547
vt 0.427651 0.331783
vt 0.424303 0.320221
vt 0.419577 0.299977
vt 0.397419 0.283902
vt 0.420185 0.276019
vt 0.437918 0.274553
vt 0.439752 0.298037
vt 0.445508 0.316128
vt 0.410290 0.260184
vt 0.416437 0.266015
vt 0.407052 0.265552
vt 0.402337 0.272172
vt 0.427572 0.257726
vt 0.440069 0.253350
vt 0.417851 0.258396
vt 0.412717 0.256443
vt 0.403067 0.261467
vt 0.405620 0.258237
vt 0.405270 0.256824
vt 0.410122 0.253368
vt 0.405838 0.252023
vt 0.411292 0.251903
vt 0.404799 0.248816
vt 0.407061 0.247633
vt 0.400430 0.241615
vt 0.403342 0.231608
vt 0.413742 0.238859
vt 0.415616 0.250354
vt 0.424221 0.243616
vt 0.424523 0.234416
vt 0.414363 0.221146
vt 0.423070 0.217840
vt 0.404407 0.219317
vt 0.394413 0.214954
vt 0.382753 0.202225
vt 0.392900 0.206535
vt 0.404202 0.209300
vt 0.391453 0.199715
vt 0.404474 0.201345
vt 0.409411 0.202631
vt 0.411707 0.209392
vt 0.412301 0.199530
vt 0.415358 0.197338
vt 0.417668 0.206850
vt 0.421637 0.204352
vt 0.419052 0.195229
vt 0.424225 0.198792
vt 0.431958 0.202652
vt 0.438810 0.189609
vt 0.442946 0.211164
vt 0.455367 0.183107
vt 0.460512 0.203162
vt 0.453037 0.171719
vt 0.477031 0.176756
vt 0.483937 0.194901
vt 0.465791 0.224834
vt 0.447514 0.232116
vt 0.489834 0.216005
vt 0.509365 0.184854
vt 0.516550 0.206391
vt 0.470942 0.245856
vt 0.494569 0.237051
vt 0.521359 0.227662
vt 0.524790 0.247955
vt 0.499015 0.257620
vt 0.476132 0.266393
vt 0.504892 0.276683
vt 0.482284 0.286764
vt 0.527427 0.267737
vt 0.550612 0.242776
vt 0.548356 0.264808
vt 0.548875 0.220541
vt 0.573239 0.216929
vt 0.573645 0.241785
vt 0.567897 0.266535
vt 0.547318 0.285772
vt 0.564843 0.287781
vt 0.530620 0.287267
vt 0.562404 0.307583
vt 0.547401 0.306170
vt 0.532990 0.306589
vt 0.548121 0.327384
vt 0.533297 0.327420
vt 0.560058 0.328685
vt 0.583526 0.292242
vt 0.578560 0.312000
vt 0.573723 0.332003
vt 0.600989 0.298909
vt 0.593105 0.318972
vt 0.585288 0.338137
vt 0.609690 0.279347
vt 0.588066 0.273056
vt 0.592299 0.253045
vt 0.612089 0.266321
vt 0.273554 0.503904
vt 0.264864 0.483771
vt 0.300291 0.472201
vt 0.304824 0.493403
vt 0.260632 0.461028
vt 0.293592 0.449070
vt 0.305630 0.418076
vt 0.313631 0.436658
vt 0.282162 0.429412
vt 0.254627 0.439291
vt 0.224097 0.492713
vt 0.226578 0.466414
vt 0.223064 0.444369
vt 0.250934 0.423812
vt 0.277098 0.414085
vt 0.221058 0.428144
vt 0.191520 0.428655
vt 0.191425 0.445581
vt 0.195972 0.468863
vt 0.165268 0.442451
vt 0.162911 0.425411
vt 0.595695 0.140074
vt 0.584889 0.121039
vt 0.604569 0.108654
vt 0.616132 0.129866
vt 0.574189 0.100491
vt 0.589372 0.087952
vt 0.604506 0.074235
vt 0.614875 0.093456
vt 0.139459 0.401964
vt 0.164476 0.411835
vt 0.139772 0.417220
vt 0.191354 0.416981
vt 0.584409 0.047370
vt 0.589660 0.024339
vt 0.610359 0.058469
vt 0.575144 0.067554
vt 0.564859 0.034831
vt 0.557483 0.020891
vt 0.557652 0.052227
vt 0.561477 0.080902
vt 0.549106 0.063212
vt 0.541987 0.054197
vt 0.544618 0.044218
vt 0.543044 0.031241
vt 0.534455 0.055044
vt 0.535592 0.018198
vt 0.554394 0.010949
vt 0.545502 0.002875
vt 0.570501 0.000342
vt 0.584817 0.013712
vt 0.121550 0.376402
vt 0.145325 0.377593
vt 0.143417 0.389778
vt 0.121409 0.389148
vt 0.166600 0.401022
vt 0.170092 0.393786
vt 0.193752 0.403176
vt 0.192378 0.408960
vt 0.219074 0.407229
vt 0.219331 0.412562
vt 0.219909 0.419058
vt 0.248846 0.414721
vt 0.247649 0.408295
vt 0.273872 0.404566
vt 0.271100 0.397307
vt 0.246293 0.403008
vt 0.268829 0.391747
vt 0.218871 0.402327
vt 0.244994 0.398331
vt 0.266834 0.387553
vt 0.218657 0.397480
vt 0.243633 0.393542
vt 0.264627 0.383523
vt 0.241746 0.388428
vt 0.262115 0.379212
vt 0.218598 0.391917
vt 0.194919 0.398079
vt 0.195622 0.394545
vt 0.197488 0.389031
vt 0.218248 0.385005
vt 0.199895 0.382976
vt 0.239023 0.381018
vt 0.176670 0.384792
vt 0.178165 0.379695
vt 0.182575 0.373927
vt 0.193777 0.364837
vt 0.203116 0.374132
vt 0.215600 0.373341
vt 0.169477 0.354868
vt 0.180308 0.346745
vt 0.162512 0.361297
vt 0.152135 0.347076
vt 0.160383 0.337409
vt 0.169085 0.326337
vt 0.156272 0.366932
vt 0.141172 0.354385
vt 0.140479 0.330692
vt 0.149889 0.321770
vt 0.151414 0.372617
vt 0.132965 0.358379
vt 0.125192 0.323581
vt 0.180637 0.391624
vt 0.127488 0.302996
vt 0.136629 0.293586
vt 0.117838 0.305460
vt 0.107768 0.308376
vt 0.097075 0.284981
vt 0.106449 0.282113
vt 0.116009 0.277094
vt 0.094167 0.309717
vt 0.087028 0.285621
vt 0.089739 0.262905
vt 0.099168 0.261308
vt 0.077916 0.264747
vt 0.075780 0.302515
vt 0.070710 0.280461
vt 0.064027 0.264038
vt 0.071841 0.254541
vt 0.084627 0.250678
vt 0.058791 0.256254
vt 0.048994 0.255379
vt 0.050090 0.261085
vt 0.055322 0.272088
vt 0.036923 0.256294
vt 0.037634 0.259182
vt 0.387847 0.061916
vt 0.388700 0.053330
vt 0.395281 0.050381
vt 0.397075 0.062066
vt 0.434531 0.033482
vt 0.423341 0.047468
vt 0.403337 0.033878
vt 0.388050 0.071482
vt 0.384455 0.062779
vt 0.384915 0.073616
vt 0.023747 0.246925
vt 0.024998 0.253922
vt 0.013209 0.254308
vt 0.014551 0.245793
vt 0.034490 0.248506
vt 0.047307 0.246994
vt 0.039939 0.235673
vt 0.029403 0.236701
vt 0.019763 0.235501
vt 0.056896 0.239553
vt 0.067031 0.242045
vt 0.056288 0.249814
vt 0.052577 0.229776
vt 0.065045 0.225824
vt 0.077524 0.221772
vt 0.080478 0.238411
vt 0.093624 0.226968
vt 0.091442 0.214982
vt 0.096344 0.241701
vt 0.110690 0.253205
vt 0.108238 0.232073
vt 0.106070 0.215406
vt 0.121654 0.218357
vt 0.124138 0.241738
vt 0.121261 0.199593
vt 0.136320 0.188851
vt 0.136547 0.204258
vt 0.140530 0.227907
vt 0.152503 0.182601
vt 0.152843 0.195088
vt 0.157905 0.216534
vt 0.164317 0.240786
vt 0.144375 0.253504
vt 0.127755 0.267231
vt 0.150209 0.278992
vt 0.171541 0.263117
vt 0.190674 0.250891
vt 0.182727 0.230590
vt 0.176627 0.207616
vt 0.203254 0.224127
vt 0.198453 0.201627
vt 0.205083 0.242339
vt 0.194631 0.182888
vt 0.172893 0.188810
vt 0.219611 0.200926
vt 0.222197 0.224599
vt 0.214538 0.181036
vt 0.242944 0.205176
vt 0.246847 0.229625
vt 0.237403 0.184566
vt 0.264307 0.209354
vt 0.260540 0.192381
vt 0.267947 0.234960
vt 0.248850 0.261216
vt 0.267590 0.266322
vt 0.220386 0.257740
vt 0.280898 0.269966
vt 0.282401 0.236503
vt 0.282135 0.212047
vt 0.300287 0.230955
vt 0.292677 0.269636
vt 0.296263 0.213347
vt 0.276937 0.289421
vt 0.268137 0.292859
vt 0.289155 0.295371
vt 0.302107 0.277916
vt 0.300007 0.295981
vt 0.458363 0.426934
vt 0.468585 0.416783
vt 0.502304 0.419970
vt 0.500181 0.431261
vt 0.531958 0.426164
vt 0.529983 0.429887
vt 0.513415 0.419562
vt 0.502866 0.408312
vt 0.495787 0.406613
vt 0.478150 0.404418
vt 0.442797 0.403893
vt 0.432228 0.409287
vt 0.459242 0.395727
vt 0.499471 0.390042
vt 0.490128 0.386805
vt 0.479076 0.381118
vt 0.470117 0.373351
vt 0.447709 0.382676
vt 0.430190 0.387316
vt 0.489838 0.371698
vt 0.497882 0.373249
vt 0.489562 0.363078
vt 0.501563 0.361422
vt 0.463749 0.363593
vt 0.487684 0.354811
vt 0.503789 0.351662
vt 0.503109 0.342469
vt 0.484107 0.346245
vt 0.460184 0.352333
vt 0.441841 0.369039
vt 0.437832 0.358131
vt 0.425098 0.374903
vt 0.421970 0.364385
vt 0.418702 0.356456
vt 0.434256 0.349320
vt 0.456681 0.342679
vt 0.413205 0.365728
vt 0.412540 0.360771
vt 0.414595 0.374921
vt 0.408605 0.375105
vt 0.407676 0.364931
vt 0.407549 0.359852
vt 0.404383 0.371681
vt 0.394525 0.365564
vt 0.392992 0.354817
vt 0.374099 0.358287
vt 0.377264 0.366312
vt 0.405311 0.392205
vt 0.395925 0.379378
vt 0.379341 0.376369
vt 0.352872 0.364826
vt 0.355492 0.372708
vt 0.357475 0.381435
vt 0.379392 0.388561
vt 0.359591 0.391954
vt 0.392950 0.389713
vt 0.337413 0.385279
vt 0.337111 0.377989
vt 0.339020 0.396344
vt 0.304842 0.094369
vt 0.313929 0.090071
vt 0.319307 0.099194
vt 0.312717 0.109564
vt 0.322856 0.389066
vt 0.322715 0.382670
vt 0.288053 0.069489
vt 0.289559 0.064351
vt 0.307950 0.076852
vt 0.289050 0.076729
vt 0.301643 0.064090
vt 0.281743 0.056172
vt 0.335770 0.371364
vt 0.319991 0.378793
vt 0.276451 0.050988
vt 0.303269 0.050040
vt 0.270403 0.044835
vt 0.256318 0.041688
vt 0.258192 0.045894
vt 0.250191 0.035264
vt 0.232927 0.035934
vt 0.229370 0.031743
vt 0.208692 0.028981
vt 0.214981 0.033240
vt 0.203566 0.033494
vt 0.205910 0.035121
vt 0.220758 0.037132
vt 0.211746 0.038513
vt 0.238463 0.040300
vt 0.226738 0.041832
vt 0.214824 0.042648
vt 0.247331 0.046893
vt 0.222521 0.049376
vt 0.232827 0.048877
vt 0.247173 0.050322
vt 0.265812 0.056381
vt 0.266642 0.052892
vt 0.269023 0.063535
vt 0.249289 0.056200
vt 0.265167 0.067595
vt 0.250713 0.063708
vt 0.280636 0.079366
vt 0.293221 0.097058
vt 0.271468 0.083759
vt 0.262943 0.073455
vt 0.277997 0.099412
vt 0.298510 0.113807
vt 0.279499 0.118876
vt 0.260197 0.122008
vt 0.262019 0.099012
vt 0.259507 0.086398
vt 0.248377 0.087624
vt 0.248239 0.097249
vt 0.237204 0.122671
vt 0.281465 0.138416
vt 0.264722 0.145104
vt 0.244159 0.145949
vt 0.287900 0.155786
vt 0.271335 0.162710
vt 0.250363 0.161378
vt 0.380836 0.416910
vt 0.397299 0.413286
vt 0.388510 0.430271
vt 0.378298 0.432337
vt 0.276302 0.175735
vt 0.254151 0.169348
vt 0.408867 0.410653
vt 0.397279 0.430314
vt 0.280491 0.186459
vt 0.256657 0.178406
vt 0.283942 0.198356
vt 0.421883 0.413541
vt 0.405476 0.431746
vt 0.229516 0.162298
vt 0.232748 0.171770
vt 0.210736 0.169381
vt 0.204660 0.159397
vt 0.225835 0.156114
vt 0.203419 0.152584
vt 0.187506 0.164478
vt 0.185978 0.157393
vt 0.191410 0.173392
vt 0.169866 0.169265
vt 0.168930 0.161708
vt 0.171179 0.178248
vt 0.153691 0.172562
vt 0.137825 0.176324
vt 0.136982 0.167967
vt 0.152718 0.164747
vt 0.137141 0.155776
vt 0.152882 0.153206
vt 0.167691 0.150598
vt 0.184173 0.147521
vt 0.166632 0.139763
vt 0.182760 0.139547
vt 0.152229 0.143309
vt 0.202737 0.145592
vt 0.201765 0.137462
vt 0.220025 0.131585
vt 0.223293 0.145863
vt 0.200012 0.129203
vt 0.216367 0.122311
vt 0.227439 0.111830
vt 0.211509 0.115266
vt 0.196313 0.121294
vt 0.221091 0.107410
vt 0.228454 0.098135
vt 0.238928 0.096520
vt 0.213055 0.100975
vt 0.205176 0.107438
vt 0.219464 0.094766
vt 0.223649 0.089886
vt 0.232795 0.092206
vt 0.239158 0.089994
vt 0.210093 0.085471
vt 0.213569 0.082195
vt 0.204103 0.090306
vt 0.197855 0.080186
vt 0.202961 0.075480
vt 0.206969 0.071644
vt 0.224946 0.083395
vt 0.218656 0.075140
vt 0.212962 0.066069
vt 0.224804 0.070744
vt 0.219980 0.061342
vt 0.231750 0.081973
vt 0.226878 0.057760
vt 0.231681 0.067398
vt 0.236976 0.078701
vt 0.244587 0.074337
vt 0.239442 0.064301
vt 0.253827 0.073559
vt 0.235629 0.055952
vt 0.215472 0.053745
vt 0.210109 0.047493
vt 0.209288 0.059366
vt 0.206433 0.053753
vt 0.203259 0.064054
vt 0.201321 0.052947
vt 0.204176 0.042929
vt 0.198906 0.064715
vt 0.197774 0.051798
vt 0.199757 0.041506
vt 0.197314 0.039457
vt 0.192610 0.048840
vt 0.188031 0.045266
vt 0.183921 0.040056
vt 0.184654 0.052922
vt 0.177515 0.053322
vt 0.188596 0.056704
vt 0.176632 0.040344
vt 0.170888 0.048880
vt 0.166925 0.057149
vt 0.174185 0.060058
vt 0.180870 0.062489
vt 0.179089 0.070228
vt 0.170996 0.069153
vt 0.163959 0.068726
vt 0.160463 0.055245
vt 0.167553 0.045792
vt 0.158406 0.068886
vt 0.165128 0.082143
vt 0.160949 0.082884
vt 0.170817 0.080959
vt 0.169678 0.096179
vt 0.162742 0.098413
vt 0.157279 0.099258
vt 0.393832 0.844362
vt 0.407668 0.838411
vt 0.413289 0.843572
vt 0.402726 0.850865
vt 0.421458 0.827309
vt 0.426100 0.833284
vt 0.146840 0.111598
vt 0.149831 0.098672
vt 0.155939 0.113432
vt 0.163964 0.113087
vt 0.153200 0.123337
vt 0.142269 0.122097
vt 0.164310 0.122627
vt 0.138713 0.130534
vt 0.152009 0.129751
vt 0.164501 0.127479
vt 0.165308 0.131999
vt 0.152226 0.136072
vt 0.137083 0.138871
vt 0.136866 0.147331
vt 0.123107 0.146348
vt 0.124005 0.137232
vt 0.119602 0.160060
vt 0.120981 0.176582
vt 0.104078 0.193315
vt 0.099762 0.176384
vt 0.110408 0.140770
vt 0.104047 0.148244
vt 0.088371 0.158037
vt 0.083088 0.185119
vt 0.087899 0.202330
vt 0.074667 0.166841
vt 0.093192 0.138571
vt 0.077055 0.140804
vt 0.064590 0.149326
vt 0.061079 0.140229
vt 0.074856 0.135011
vt 0.088112 0.131702
vt 0.083000 0.127099
vt 0.072027 0.128098
vt 0.060119 0.130800
vt 0.051580 0.157466
vt 0.048194 0.145589
vt 0.049917 0.131598
vt 0.042191 0.131336
vt 0.038682 0.149005
vt 0.038922 0.164288
vt 0.028291 0.168805
vt 0.031263 0.151095
vt 0.035945 0.131842
vt 0.024850 0.152658
vt 0.030692 0.131400
vt 0.020431 0.170403
vt 0.014290 0.171658
vt 0.019530 0.152870
vt 0.026163 0.131979
vt 0.044605 0.113937
vt 0.040171 0.111431
vt 0.033895 0.113269
vt 0.016239 0.153101
vt 0.021918 0.129494
vt 0.030969 0.107827
vt 0.013910 0.151870
vt 0.017376 0.127095
vt 0.028568 0.100204
vt 0.009931 0.170281
vt 0.005640 0.167537
vt 0.008160 0.187098
vt 0.003493 0.185213
vt 0.014624 0.186827
vt 0.020981 0.184937
vt 0.016239 0.202257
vt 0.008989 0.203561
vt 0.025017 0.201325
vt 0.030802 0.183706
vt 0.035760 0.199018
vt 0.044387 0.215408
vt 0.032939 0.218996
vt 0.023483 0.220145
vt 0.013835 0.219960
vt 0.005161 0.220053
vt 0.000342 0.204218
vt 0.009970 0.235552
vt 0.410257 0.964191
vt 0.391804 0.967765
vt 0.391603 0.959392
vt 0.409044 0.955133
vt 0.372568 0.972265
vt 0.373112 0.964008
vt 0.423846 0.952199
vt 0.425210 0.961952
vt 0.433292 0.950997
vt 0.437970 0.961090
vt 0.431447 0.937379
vt 0.440480 0.947910
vt 0.444960 0.952423
vt 0.439375 0.934981
vt 0.425944 0.922413
vt 0.434183 0.917542
vt 0.418240 0.908484
vt 0.426090 0.904934
vt 0.416128 0.897694
vt 0.423618 0.896235
vt 0.417566 0.891455
vt 0.424430 0.891170
vt 0.419518 0.887309
vt 0.403958 0.885345
vt 0.426601 0.887139
vt 0.065548 0.067750
vt 0.072684 0.066373
vt 0.077360 0.069050
vt 0.067833 0.070643
vt 0.053694 0.073941
vt 0.056291 0.069074
vt 0.068475 0.074489
vt 0.055908 0.078560
vt 0.079115 0.073124
vt 0.041503 0.071247
vt 0.042076 0.080903
vt 0.043478 0.087756
vt 0.071616 0.079006
vt 0.058046 0.083128
vt 0.045795 0.093397
vt 0.051426 0.095932
vt 0.062597 0.088492
vt 0.056366 0.099842
vt 0.066967 0.094418
vt 0.062350 0.104649
vt 0.051162 0.114613
vt 0.072276 0.102612
vt 0.076366 0.093166
vt 0.080199 0.102941
vt 0.073204 0.085929
vt 0.085985 0.104755
vt 0.084017 0.094044
vt 0.081353 0.085721
vt 0.091321 0.107800
vt 0.091185 0.095212
vt 0.089348 0.086948
vt 0.080568 0.078745
vt 0.088646 0.080992
vt 0.089145 0.076036
vt 0.098720 0.082248
vt 0.095445 0.084011
vt 0.096967 0.088537
vt 0.103347 0.089811
vt 0.105208 0.098978
vt 0.098891 0.096367
vt 0.097562 0.108658
vt 0.102811 0.109514
vt 0.109058 0.091365
vt 0.109252 0.101105
vt 0.106660 0.110827
vt 0.095066 0.115130
vt 0.099121 0.117650
vt 0.103260 0.119278
vt 0.116239 0.104125
vt 0.113628 0.113159
vt 0.109725 0.122210
vt 0.117141 0.125118
vt 0.121100 0.116088
vt 0.125670 0.107238
vt 0.117642 0.097517
vt 0.127982 0.099554
vt 0.130828 0.119473
vt 0.135983 0.109370
vt 0.139572 0.098241
vt 0.118444 0.093486
vt 0.123822 0.091997
vt 0.437357 0.851060
vt 0.423918 0.848236
vt 0.433667 0.839328
vt 0.442332 0.843654
vt 0.119064 0.090372
vt 0.123039 0.087842
vt 0.433961 0.858238
vt 0.417971 0.856635
vt 0.394937 0.856031
vt 0.414121 0.863841
vt 0.431686 0.864778
vt 0.391354 0.862711
vt 0.412551 0.870164
vt 0.431148 0.869640
vt 0.376449 0.845270
vt 0.371950 0.856036
vt 0.410883 0.875537
vt 0.406715 0.879799
vt 0.428894 0.875371
vt 0.424964 0.883698
vt 0.441564 0.871258
vt 0.432897 0.880822
vt 0.087055 0.066969
vt 0.088577 0.071204
vt 0.101054 0.075754
vt 0.101290 0.080999
vt 0.442227 0.864958
vt 0.450175 0.859340
vt 0.450597 0.861552
vt 0.108590 0.086263
vt 0.113517 0.090044
vt 0.111297 0.086839
vt 0.442282 0.860645
vt 0.449330 0.856183
vt 0.441373 0.857138
vt 0.445554 0.854140
vt 0.356228 0.851323
vt 0.354441 0.840009
vt 0.342263 0.848807
vt 0.346330 0.837685
vt 0.336016 0.835605
vt 0.336555 0.847307
vt 0.328490 0.840465
vt 0.365958 0.243649
vt 0.355386 0.246846
vt 0.350556 0.827309
vt 0.356636 0.833752
vt 0.163937 0.040641
vt 0.172907 0.036139
vt 0.126442 0.128671
vt 0.113851 0.133134
vt 0.105866 0.129106
vt 0.101700 0.134461
vt 0.095832 0.129224
vt 0.099346 0.125134
vt 0.095604 0.122419
vt 0.092608 0.125682
vt 0.091456 0.118657
vt 0.086870 0.119449
vt 0.079145 0.119774
vt 0.069725 0.119476
vt 0.075704 0.111471
vt 0.082984 0.113135
vt 0.066472 0.111672
vt 0.061566 0.121246
vt 0.056185 0.117860
vt 0.087923 0.115206
vt 0.091219 0.113173
vt 0.026203 0.092128
vt 0.014230 0.120662
vt 0.008543 0.141626
vt 0.358218 0.969931
vt 0.358923 0.978839
vt 0.344938 0.975314
vt 0.049985 0.195974
vt 0.058127 0.211335
vt 0.073709 0.206909
vt 0.067969 0.190419
vt 0.043688 0.180903
vt 0.059631 0.174201
vt 0.104508 0.203631
vt 0.120723 0.187880
vt 0.179790 0.131243
vt 0.178267 0.124759
vt 0.176711 0.118715
vt 0.191890 0.113770
vt 0.172413 0.110032
vt 0.184443 0.104178
vt 0.196604 0.097192
vt 0.179113 0.092853
vt 0.190108 0.087484
vt 0.178919 0.080716
vt 0.187915 0.077070
vt 0.193478 0.068906
vt 0.185706 0.070543
vt 0.190245 0.068086
vt 0.186547 0.063454
vt 0.189691 0.064936
vt 0.191563 0.062646
vt 0.191933 0.057517
vt 0.194378 0.058080
vt 0.397175 0.400886
vt 0.413493 0.391060
vt 0.420604 0.389652
vt 0.303516 0.207024
vt 0.309657 0.212533
vt 0.380980 0.403114
vt 0.361033 0.405762
vt 0.299068 0.132053
vt 0.299279 0.149841
vt 0.314290 0.129536
vt 0.431099 0.341370
vt 0.452696 0.334146
vt 0.448997 0.326477
vt 0.480010 0.336231
vt 0.475547 0.327588
vt 0.471613 0.319578
vt 0.466940 0.309505
vt 0.489187 0.301357
vt 0.494242 0.311365
vt 0.498163 0.320723
vt 0.511878 0.292026
vt 0.516327 0.306620
vt 0.517220 0.321523
vt 0.501175 0.331885
vt 0.515970 0.333302
vt 0.526459 0.337836
vt 0.522217 0.346546
vt 0.514332 0.343488
vt 0.512193 0.353680
vt 0.519459 0.357638
vt 0.537742 0.351089
vt 0.533037 0.355714
vt 0.526559 0.363741
vt 0.514896 0.369510
vt 0.508333 0.364977
vt 0.520676 0.374851
vt 0.538802 0.367217
vt 0.532143 0.372649
vt 0.526082 0.381654
vt 0.537067 0.380787
vt 0.531583 0.389803
vt 0.542447 0.374612
vt 0.545304 0.363023
vt 0.547425 0.370958
vt 0.551868 0.369946
vt 0.549914 0.361877
vt 0.543450 0.347719
vt 0.550390 0.347378
vt 0.554762 0.360705
vt 0.556473 0.369075
vt 0.560790 0.359812
vt 0.559097 0.347946
vt 0.562274 0.367201
vt 0.566702 0.358410
vt 0.569205 0.364067
vt 0.568711 0.350150
vt 0.576973 0.355052
vt 0.581747 0.362063
vt 0.573188 0.370273
vt 0.595078 0.346492
vt 0.603943 0.329061
vt 0.614146 0.342309
vt 0.600876 0.358714
vt 0.586749 0.371395
vt 0.613457 0.310279
vt 0.624216 0.321619
vt 0.625041 0.294171
vt 0.633179 0.308260
vt 0.299786 0.402895
vt 0.292590 0.393535
vt 0.307917 0.384221
vt 0.316253 0.392146
vt 0.288579 0.384099
vt 0.308724 0.371274
vt 0.285283 0.378953
vt 0.302410 0.363330
vt 0.319307 0.382053
vt 0.317518 0.386163
vt 0.626863 0.391331
vt 0.611835 0.390527
vt 0.620512 0.369813
vt 0.633179 0.386338
vt 0.595516 0.403909
vt 0.623761 0.395459
vt 0.282302 0.375309
vt 0.299909 0.357343
vt 0.589300 0.398089
vt 0.599749 0.387373
vt 0.577078 0.408982
vt 0.561029 0.420031
vt 0.566508 0.424301
vt 0.574034 0.432655
vt 0.605948 0.405239
vt 0.308698 0.337443
vt 0.294919 0.356794
vt 0.302057 0.336316
vt 0.302819 0.315907
vt 0.295762 0.340212
vt 0.294254 0.317754
vt 0.288319 0.359859
vt 0.279832 0.373115
vt 0.277743 0.370604
vt 0.285252 0.359118
vt 0.291431 0.342930
vt 0.275356 0.366882
vt 0.258806 0.373417
vt 0.254129 0.361931
vt 0.269956 0.355529
vt 0.279968 0.355733
vt 0.234654 0.368687
vt 0.208312 0.356683
vt 0.227610 0.348839
vt 0.247126 0.342062
vt 0.218799 0.325479
vt 0.239930 0.318666
vt 0.197933 0.335530
vt 0.187777 0.311864
vt 0.209754 0.299778
vt 0.179152 0.285729
vt 0.199395 0.271628
vt 0.159708 0.303898
vt 0.230220 0.291514
vt 0.253708 0.291684
vt 0.257913 0.315309
vt 0.268582 0.315966
vt 0.274186 0.343915
vt 0.263064 0.339453
vt 0.275487 0.348537
vt 0.282380 0.345340
vt 0.281478 0.329599
vt 0.277274 0.310582
vt 0.289706 0.321951
vt 0.284310 0.304484
vt 0.274332 0.300234
vt 0.277609 0.296477
vt 0.535018 0.423520
vt 0.537070 0.421113
vt 0.551585 0.417928
vt 0.560099 0.412770
vt 0.536073 0.415027
vt 0.546813 0.411779
vt 0.525124 0.417186
vt 0.568596 0.405576
vt 0.555357 0.404737
vt 0.547455 0.403664
vt 0.537078 0.407810
vt 0.527637 0.411146
vt 0.553785 0.396245
vt 0.564428 0.396042
vt 0.577744 0.394652
vt 0.571293 0.387702
vt 0.583847 0.383560
vt 0.559831 0.388180
vt 0.553429 0.386387
vt 0.547068 0.391990
vt 0.541107 0.399642
vt 0.563945 0.381221
vt 0.572706 0.378228
vt 0.556862 0.380567
vt 0.542708 0.388161
vt 0.547384 0.381293
vt 0.553666 0.379586
vt 0.553297 0.376012
vt 0.558018 0.375384
vt 0.563986 0.373954
vt 0.549217 0.376413
vt 0.602860 0.373406
vt 0.622988 0.358130
vt 0.629226 0.336121
vt 0.537125 0.395651
vt 0.529332 0.400774
vt 0.532421 0.403993
vt 0.525876 0.394594
vt 0.523604 0.405151
vt 0.522403 0.400914
vt 0.515046 0.404105
vt 0.517662 0.408922
vt 0.515669 0.399325
vt 0.517074 0.393283
vt 0.521512 0.396864
vt 0.521369 0.388272
vt 0.515339 0.382427
vt 0.511587 0.389906
vt 0.506077 0.386862
vt 0.509745 0.378445
vt 0.503606 0.376304
vt 0.502866 0.398318
vt 0.504732 0.392856
vt 0.508526 0.401396
vt 0.510052 0.396206
vt 0.509666 0.408724
vt 0.522723 0.419826
vt 0.460521 0.293303
vt 0.455224 0.270245
vt 0.450892 0.251361
vt 0.438069 0.233373
vt 0.430943 0.233131
vt 0.428147 0.216745
vt 0.433132 0.215698
vt 0.447205 0.051517
vt 0.459759 0.040991
vt 0.457357 0.024697
vt 0.448258 0.022013
vt 0.082226 0.331352
vt 0.538278 0.068986
vt 0.528109 0.072638
vt 0.532660 0.093659
vt 0.547263 0.089002
vt 0.537937 0.117000
vt 0.556638 0.110809
vt 0.565883 0.133909
vt 0.545214 0.140345
vt 0.580265 0.158303
vt 0.557869 0.166484
vt 0.533919 0.174458
vt 0.568541 0.191545
vt 0.543519 0.197986
vt 0.583698 0.177375
vt 0.234274 0.513756
vt 0.200358 0.493077
vt 0.339879 0.303374
vt 0.340719 0.314491
vt 0.380267 0.267975
vt 0.346899 0.913902
vt 0.343162 0.913211
vt 0.365087 0.164526
vt 0.360973 0.159632
vt 0.337255 0.915553
vt 0.358289 0.146882
vt 0.473866 0.035396
vt 0.300696 0.516911
vt 0.301067 0.516272
vt 0.301067 0.517421
vt 0.301067 0.515589
vt 0.300696 0.515079
vt 0.301067 0.514439
vt 0.297460 0.529924
vt 0.299326 0.528901
vt 0.297460 0.533709
vt 0.300012 0.530917
vt 0.294166 0.521612
vt 0.296470 0.527477
vt 0.295374 0.527992
vt 0.294166 0.527915
vt 0.294993 0.528675
vt 0.296432 0.533960
vt 0.294993 0.531589
vt 0.296470 0.531184
vt 0.294166 0.518133
vt 0.296321 0.515067
vt 0.300012 0.520929
vt 0.300012 0.514439
vt 0.296311 0.539817
vt 0.298387 0.543073
vt 0.294993 0.541487
vt 0.298387 0.539334
vt 0.295850 0.534770
vt 0.298889 0.534644
vt 0.298889 0.538651
vt 0.294993 0.537682
vt 0.299553 0.528217
vt 0.297915 0.521612
vt 0.300012 0.525580
vt 0.297915 0.526102
s 1
f 1341/1387/1335 1337/1388/1336 1338/1389/1337 1342/1390/1338
f 1337/1388/1336 1339/1391/1339 1539/1392/1340 1338/1389/1337
f 1674/1393/1341 1339/1394/1339 1337/1395/1336 1340/1396/1342
f 1345/1397/1343 1340/1396/1342 1337/1395/1336 1341/1398/1335
f 1342/1390/1338 1543/1399/1344 1343/1400/1345 1341/1387/1335
f 1344/1401/1346 1341/1387/1335 1343/1400/1345 2587/1402/1347
f 1346/1403/1348 1345/1404/1343 1341/1387/1335 1344/1401/1346
f 1345/1397/1343 1347/1405/1349 1349/1406/1350 1340/1396/1342
f 1346/1407/1348 1350/1408/1351 1347/1405/1349 1345/1397/1343
f 1352/1409/1352 1348/1410/1353 1347/1405/1349 1350/1408/1351
f 1348/1410/1353 1676/1411/1354 1349/1406/1350 1347/1405/1349
f 2590/1412/1355 1351/1413/1356 1350/1408/1351 1346/1407/1348
f 1355/1414/1357 1352/1409/1352 1350/1408/1351 1351/1413/1356
f 1348/1410/1353 1352/1409/1352 1353/1415/1358 1683/1416/1359
f 1354/1417/1360 1684/1418/1361 1353/1415/1358 1352/1409/1352
f 1354/1417/1360 1352/1409/1352 1355/1414/1357 1357/1419/1362
f 1497/1420/1363 1356/1421/1364 1355/1414/1357 1351/1413/1356
f 1359/1422/1365 1357/1419/1362 1355/1414/1357 1356/1421/1364
f 1358/1423/1366 1357/1419/1362 1359/1422/1365 1361/1424/1367
f 1358/1423/1366 1688/1425/1368 1354/1417/1360 1357/1419/1362
f 1356/1421/1364 1495/1426/1369 1360/1427/1370 1359/1422/1365
f 1361/1424/1367 1359/1422/1365 1360/1427/1370 1363/1428/1371
f 1361/1424/1367 1362/1429/1372 2576/1430/1373 1358/1423/1366
f 1362/1429/1372 1361/1424/1367 1363/1428/1371 1365/1431/1374
f 1364/1432/1375 1363/1428/1371 1360/1427/1370 1492/1433/1376
f 1367/1434/1377 1365/1431/1374 1363/1428/1371 1364/1432/1375
f 2577/1435/1378 1362/1429/1372 1365/1431/1374 1366/1436/1379
f 1369/1437/1380 1366/1436/1379 1365/1431/1374 1367/1434/1377
f 1466/1438/1381 1368/1439/1382 1367/1434/1377 1364/1432/1375
f 1371/1440/1383 1369/1437/1380 1367/1434/1377 1368/1439/1382
f 1366/1436/1379 1369/1437/1380 1370/1441/1384 2575/1442/1385
f 1371/1440/1383 1372/1443/1386 1370/1441/1384 1369/1437/1380
f 1376/1444/1387 1372/1443/1386 1371/1440/1383 1374/1445/1388
f 1375/1446/1389 1374/1445/1388 1371/1440/1383 1373/1447/1390
f 1467/1448/1391 1373/1447/1390 1371/1440/1383 1368/1439/1382
f 1375/1446/1389 1378/1449/1392 1377/1450/1393 1374/1445/1388
f 1376/1444/1387 1374/1445/1388 1377/1450/1393 1379/1451/1394
f 1378/1449/1392 1381/1452/1395 1380/1453/1396 1377/1450/1393
f 1377/1450/1393 1380/1453/1396 1382/1454/1397 1379/1451/1394
f 1381/1452/1395 1385/1455/1398 1383/1456/1399 1380/1453/1396
f 1383/1456/1399 1386/1457/1400 1382/1454/1397 1380/1453/1396
f 1388/1458/1401 1386/1457/1400 1383/1456/1399 1384/1459/1402
f 1484/1460/1403 1384/1459/1402 1383/1456/1399 1385/1455/1398
f 1387/1461/1404 2559/1462/1405 1382/1454/1397 1386/1457/1400
f 1387/1461/1404 1386/1457/1400 1388/1458/1401 1390/1463/1406
f 1488/1464/1407 1389/1465/1408 1388/1458/1401 1384/1459/1402
f 1392/1466/1409 1390/1463/1406 1388/1458/1401 1389/1465/1408
f 1755/1467/1410 1387/1461/1404 1390/1463/1406 1391/1468/1411
f 1393/1469/1412 1391/1468/1411 1390/1463/1406 1392/1466/1409
f 1389/1465/1408 1395/1470/1413 1394/1471/1414 1392/1466/1409
f 1394/1471/1414 1396/1472/1415 1393/1469/1412 1392/1466/1409
f 1395/1470/1413 1399/1473/1416 1397/1474/1417 1394/1471/1414
f 1396/1472/1415 1394/1471/1414 1397/1474/1417 1400/1475/1418
f 1426/1476/1419 1398/1477/1420 1397/1478/1417 1399/1479/1416
f 1397/1478/1417 1398/1477/1420 1402/1480/1421 1400/1481/1418
f 1400/1475/1418 1401/1482/1422 1759/1483/1423 1396/1472/1415
f 1402/1480/1421 1404/1484/1424 1401/1485/1422 1400/1481/1418
f 1405/1486/1425 1404/1484/1424 1402/1480/1421 1403/1487/1426
f 1424/1488/1427 1403/1487/1426 1402/1480/1421 1398/1477/1420
f 1404/1484/1424 1405/1486/1425 1409/1489/1428 1406/1490/1429
f 1406/1490/1429 1407/1491/1430 1401/1485/1422 1404/1484/1424
f 1406/1490/1429 1408/1492/1431 1762/1493/1432 1407/1491/1430
f 1408/1492/1431 1406/1490/1429 1409/1489/1428 1410/1494/1433
f 1411/1495/1434 1410/1494/1433 1409/1489/1428 1405/1486/1425
f 1414/1496/1435 1408/1492/1431 1410/1494/1433 1412/1497/1436
f 1411/1495/1434 1416/1498/1437 1412/1497/1436 1410/1494/1433
f 1415/1499/1438 2556/1500/1439 1413/1501/1440 1412/1497/1436
f 1414/1496/1435 1412/1497/1436 1413/1501/1440 1804/1502/1441
f 1415/1499/1438 1412/1497/1436 1416/1498/1437 1417/1503/1442
f 1418/1504/1443 1417/1503/1442 1416/1498/1437 1411/1495/1434
f 1420/1505/1444 1415/1499/1438 1417/1503/1442 1419/1506/1445
f 1417/1503/1442 1418/1504/1443 1422/1507/1446 1419/1506/1445
f 1421/1508/1447 1442/1509/1448 1420/1510/1444 1419/1511/1445
f 1419/1506/1445 1422/1507/1446 1423/1512/1449 1421/1513/1447
f 1423/1512/1449 1422/1507/1446 1424/1488/1427 1425/1514/1450
f 1422/1507/1446 1418/1504/1443 1403/1487/1426 1424/1488/1427
f 1426/1476/1419 1425/1514/1450 1424/1488/1427 1398/1477/1420
f 1429/1515/1451 1423/1512/1449 1425/1514/1450 1427/1516/1452
f 1428/1517/1453 1427/1518/1452 1425/1519/1450 1426/1520/1419
f 1432/1521/1454 1430/1522/1455 1427/1518/1452 1428/1517/1453
f 1431/1523/1456 1429/1524/1451 1427/1518/1452 1430/1522/1455
f 1436/1525/1457 1431/1523/1456 1430/1522/1455 1433/1526/1458
f 1434/1527/1459 1433/1526/1458 1430/1522/1455 1432/1521/1454
f 1483/1528/1460 1435/1529/1461 1433/1526/1458 1434/1527/1459
f 1438/1530/1462 1436/1525/1457 1433/1526/1458 1435/1529/1461
f 1437/1531/1463 1436/1525/1457 1438/1530/1462 1440/1532/1464
f 1436/1525/1457 1437/1531/1463 2591/1533/1465 1431/1523/1456
f 1485/1534/1466 1439/1535/1467 1438/1530/1462 1435/1529/1461
f 1441/1536/1468 1440/1532/1464 1438/1530/1462 1439/1535/1467
f 1443/1537/1469 1442/1509/1448 1440/1532/1464 1441/1536/1468
f 1421/1508/1447 1437/1531/1463 1440/1532/1464 1442/1509/1448
f 1443/1537/1469 1445/1538/1470 1420/1510/1444 1442/1509/1448
f 1441/1536/1468 1474/1539/1471 1444/1540/1472 1443/1537/1469
f 1445/1538/1470 1443/1537/1469 1444/1540/1472 1447/1541/1473
f 1446/1542/1474 1445/1538/1470 1447/1541/1473 1449/1543/1475
f 1445/1538/1470 1446/1542/1474 2554/1544/1476 1420/1510/1444
f 1450/1545/1477 1449/1543/1475 1447/1541/1473 1448/1546/1478
f 1448/1546/1478 1447/1541/1473 1444/1540/1472 1472/1547/1479
f 1454/1548/1480 1451/1549/1481 1449/1543/1475 1450/1545/1477
f 1452/1550/1482 1446/1542/1474 1449/1543/1475 1451/1549/1481
f 1830/1551/1483 1452/1550/1482 1451/1549/1481 1453/1552/1484
f 1456/1553/1485 1453/1552/1484 1451/1549/1481 1454/1548/1480
f 1454/1548/1480 1450/1545/1477 1468/1554/1486 1455/1555/1487
f 1456/1553/1485 1454/1548/1480 1455/1555/1487 1458/1556/1488
f 1453/1552/1484 1456/1553/1485 1457/1557/1489 1831/1558/1490
f 1458/1556/1488 1459/1559/1491 1457/1557/1489 1456/1553/1485
f 1458/1556/1488 1460/1560/1492 1461/1561/1493 1459/1559/1491
f 1458/1556/1488 1455/1555/1487 1463/1562/1494 1460/1560/1492
f 1462/1563/1495 2300/1564/1496 1461/1565/1493 1460/1566/1492
f 1462/1567/1495 1460/1560/1492 1463/1562/1494 1464/1568/1497
f 1463/1562/1494 1465/1569/1498 1466/1438/1381 1464/1568/1497
f 1468/1554/1486 1465/1569/1498 1463/1562/1494 1455/1555/1487
f 1467/1448/1391 1368/1439/1382 1466/1438/1381 1465/1569/1498
f 1467/1448/1391 1465/1569/1498 1468/1554/1486 1469/1570/1499
f 1448/1546/1478 1469/1570/1499 1468/1554/1486 1450/1545/1477
f 1472/1547/1479 1470/1571/1500 1469/1570/1499 1448/1546/1478
f 1373/1447/1390 1467/1448/1391 1469/1570/1499 1470/1571/1500
f 1375/1446/1389 1373/1447/1390 1470/1571/1500 1471/1572/1501
f 1470/1571/1500 1472/1547/1479 1473/1573/1502 1471/1572/1501
f 1444/1540/1472 1474/1539/1471 1473/1573/1502 1472/1547/1479
f 1473/1573/1502 1475/1574/1503 1478/1575/1504 1471/1572/1501
f 1476/1576/1505 1475/1574/1503 1473/1573/1502 1474/1539/1471
f 1476/1576/1505 1481/1577/1506 1477/1578/1507 1475/1574/1503
f 1478/1575/1504 1475/1574/1503 1477/1578/1507 1479/1579/1508
f 1381/1452/1395 1378/1449/1392 1478/1575/1504 1479/1579/1508
f 1375/1446/1389 1471/1572/1501 1478/1575/1504 1378/1449/1392
f 1480/1580/1509 1479/1579/1508 1477/1578/1507 1481/1577/1506
f 1479/1579/1508 1480/1580/1509 1385/1455/1398 1381/1452/1395
f 1480/1580/1509 1481/1577/1506 1485/1534/1466 1482/1581/1510
f 1385/1455/1398 1480/1580/1509 1482/1581/1510 1484/1460/1403
f 1486/1582/1511 1484/1460/1403 1482/1581/1510 1483/1528/1460
f 1483/1528/1460 1482/1581/1510 1485/1534/1466 1435/1529/1461
f 1481/1577/1506 1476/1576/1505 1439/1535/1467 1485/1534/1466
f 1384/1459/1402 1484/1460/1403 1486/1582/1511 1488/1464/1407
f 1434/1527/1459 1487/1583/1512 1486/1582/1511 1483/1528/1460
f 1489/1584/1513 1488/1464/1407 1486/1582/1511 1487/1583/1512
f 1489/1584/1513 1395/1470/1413 1389/1465/1408 1488/1464/1407
f 1395/1470/1413 1489/1584/1513 1490/1585/1514 1399/1473/1416
f 1487/1583/1512 1491/1586/1515 1490/1585/1514 1489/1584/1513
f 1426/1520/1419 1399/1473/1416 1490/1585/1514 1428/1517/1453
f 1432/1521/1454 1428/1517/1453 1490/1585/1514 1491/1586/1515
f 1434/1527/1459 1432/1521/1454 1491/1586/1515 1487/1583/1512
f 1474/1539/1471 1441/1536/1468 1439/1535/1467 1476/1576/1505
f 1492/1433/1376 1464/1568/1497 1466/1438/1381 1364/1432/1375
f 1464/1568/1497 1492/1433/1376 1493/1587/1516 1462/1567/1495
f 1360/1427/1370 1495/1426/1369 1493/1587/1516 1492/1433/1376
f 1462/1567/1495 1493/1587/1516 1494/1588/1517 2300/1589/1496
f 1495/1426/1369 1496/1590/1518 1494/1588/1517 1493/1587/1516
f 1495/1426/1369 1356/1421/1364 1497/1420/1363 1496/1590/1518
f 1498/1591/1519 1496/1590/1518 1497/1420/1363 1499/1592/1520
f 1494/1588/1517 1496/1590/1518 1498/1591/1519 1500/1593/1521
f 1502/1594/1522 1501/1595/1523 1498/1596/1519 1499/1597/1520
f 1503/1598/1524 1500/1599/1521 1498/1596/1519 1501/1595/1523
f 1501/1595/1523 1502/1594/1522 1506/1600/1525 1504/1601/1526
f 1504/1601/1526 1505/1602/1527 1503/1598/1524 1501/1595/1523
f 1505/1602/1527 1504/1601/1526 1507/1603/1528 1509/1604/1529
f 1507/1603/1528 1504/1601/1526 1506/1600/1525 1510/1605/1530
f 2164/1606/1531 1509/1604/1529 1507/1603/1528 1508/1607/1532
f 1511/1608/1533 1508/1607/1532 1507/1603/1528 1510/1605/1530
f 1510/1605/1530 1512/1609/1534 1513/1610/1535 1511/1608/1533
f 1506/1600/1525 1515/1611/1536 1512/1609/1534 1510/1605/1530
f 1514/1612/1537 2176/1613/1538 1513/1610/1535 1512/1609/1534
f 1515/1611/1536 1517/1614/1539 1514/1612/1537 1512/1609/1534
f 1515/1611/1536 1516/1615/1540 1518/1616/1541 1517/1614/1539
f 1516/1615/1540 1515/1611/1536 1506/1600/1525 1502/1594/1522
f 1517/1614/1539 1519/1617/1542 1522/1618/1543 1514/1612/1537
f 1518/1616/1541 1521/1619/1544 1519/1617/1542 1517/1614/1539
f 1519/1617/1542 1521/1619/1544 1535/1620/1545 1520/1621/1546
f 1519/1617/1542 1520/1621/1546 1526/1622/1547 1523/1623/1548
f 1523/1623/1548 1524/1624/1549 1522/1618/1543 1519/1617/1542
f 1523/1623/1548 1525/1625/1550 2242/1626/1551 1524/1624/1549
f 1526/1622/1547 1527/1627/1552 1525/1625/1550 1523/1623/1548
f 1530/1628/1553 1527/1627/1552 1526/1622/1547 1528/1629/1554
f 1531/1630/1555 1528/1629/1554 1526/1622/1547 1520/1621/1546
f 2586/1631/1556 1530/1628/1553 1528/1629/1554 1529/1632/1557
f 1532/1633/1558 1529/1632/1557 1528/1629/1554 1531/1630/1555
f 1520/1621/1546 1535/1620/1545 1533/1634/1559 1531/1630/1555
f 1533/1634/1559 1536/1635/1560 1532/1633/1558 1531/1630/1555
f 1521/1619/1544 1534/1636/1561 1533/1634/1559 1535/1620/1545
f 1538/1637/1562 1536/1635/1560 1533/1634/1559 1534/1636/1561
f 1536/1635/1560 1537/1638/1563 1557/1639/1564 1532/1633/1558
f 1536/1635/1560 1538/1637/1562 1539/1392/1340 1537/1638/1563
f 1538/1637/1562 1338/1389/1337 1539/1392/1340
f 1538/1637/1562 1540/1640/1565 1542/1641/1566 1338/1389/1337
f 1538/1637/1562 1534/1636/1561 1540/1640/1565
f 1541/1642/1567 1544/1643/1568 1542/1641/1566 1540/1640/1565
f 1541/1642/1567 1540/1640/1565 1534/1636/1561 1521/1619/1544
f 1544/1643/1568 1546/1644/1569 1543/1399/1344 1542/1641/1566
f 1542/1641/1566 1543/1399/1344 1342/1390/1338 1338/1389/1337
f 1544/1643/1568 1545/1645/1570 1547/1646/1571 1546/1644/1569
f 1541/1642/1567 1555/1647/1572 1545/1645/1570 1544/1643/1568
f 1546/1644/1569 1548/1648/1573 1343/1400/1345 1543/1399/1344
f 1548/1648/1573 1546/1644/1569 1547/1646/1571 1549/1649/1574
f 1518/1616/1541 1548/1648/1573 1549/1649/1574 1551/1650/1575
f 1343/1400/1345 1548/1648/1573 1518/1616/1541 2587/1402/1347
f 1553/1651/1576 1551/1650/1575 1549/1649/1574 1550/1652/1577
f 1549/1649/1574 1547/1646/1571 1545/1645/1570 1550/1652/1577
f 1551/1650/1575 1552/1653/1578 1521/1619/1544 1518/1616/1541
f 1551/1650/1575 1553/1651/1576 1554/1654/1579 1552/1653/1578
f 1554/1654/1579 1553/1651/1576 1555/1647/1572
f 1545/1645/1570 1555/1647/1572 1553/1651/1576 1550/1652/1577
f 1555/1647/1572 1541/1642/1567 1521/1619/1544 1552/1653/1578
f 1555/1647/1572 1552/1653/1578 1554/1654/1579
f 1556/1655/1580 1537/1638/1563 1539/1392/1340 1339/1391/1339
f 1556/1656/1580 1558/1657/1581 1557/1658/1564 1537/1659/1563
f 1557/1639/1564 1559/1660/1582 1529/1632/1557 1532/1633/1558
f 1561/1661/1583 1559/1662/1582 1557/1658/1564 1558/1657/1581
f 1560/1663/1584 2586/1631/1556 1529/1632/1557 1559/1660/1582
f 1561/1661/1583 1563/1664/1585 1560/1665/1584 1559/1662/1582
f 1562/1666/1586 1561/1661/1583 1558/1657/1581 1668/1667/1587
f 1563/1664/1585 1561/1661/1583 1562/1666/1586 1565/1668/1588
f 1564/1669/1589 1563/1664/1585 1565/1668/1588 1567/1670/1590
f 1563/1664/1585 1564/1669/1589 2266/1671/1591 1560/1665/1584
f 1566/1672/1592 1565/1668/1588 1562/1666/1586 1666/1673/1593
f 1568/1674/1594 1567/1670/1590 1565/1668/1588 1566/1672/1592
f 1572/1675/1595 1569/1676/1596 1567/1670/1590 1568/1674/1594
f 1570/1677/1597 1564/1669/1589 1567/1670/1590 1569/1676/1596
f 1601/1678/1598 1570/1677/1597 1569/1676/1596 1571/1679/1599
f 1574/1680/1600 1571/1679/1599 1569/1676/1596 1572/1675/1595
f 1568/1674/1594 1657/1681/1601 1573/1682/1602 1572/1675/1595
f 1574/1680/1600 1572/1675/1595 1573/1682/1602 1575/1683/1603
f 1575/1683/1603 1578/1684/1604 1576/1685/1605 1574/1680/1600
f 1580/1686/1606 1571/1679/1599 1574/1680/1600 1576/1685/1605
f 1579/1687/1607 1576/1685/1605 1577/1688/1608 2585/1689/1609
f 1576/1685/1605 1581/1690/1610 1584/1691/1611 1577/1688/1608
f 1583/1692/1612 1581/1690/1610 1576/1685/1605 1578/1684/1604
f 1576/1685/1605 1579/1687/1607 1596/1693/1613 1580/1686/1606
f 1581/1690/1610 1582/1694/1614 1587/1695/1615 1585/1696/1616
f 1581/1690/1610 1583/1692/1612 1604/1697/1617 1582/1694/1614
f 1585/1696/1616 1588/1698/1618 1584/1691/1611 1581/1690/1610
f 1589/1699/1619 1588/1698/1618 1585/1696/1616 1586/1700/1620
f 1585/1696/1616 1587/1695/1615 1599/1701/1621 1586/1700/1620
f 1588/1698/1618 1589/1699/1619 1592/1702/1622 1590/1703/1623
f 1590/1703/1623 1577/1688/1608 1584/1691/1611 1588/1698/1618
f 1591/1704/1624 2583/1705/1625 1577/1688/1608 1590/1703/1623
f 1591/1704/1624 1590/1703/1623 1592/1702/1622 1593/1706/1626
f 1594/1707/1627 1593/1706/1626 1592/1702/1622 1589/1699/1619
f 1593/1706/1626 1594/1707/1627 1596/1693/1613 1579/1687/1607
f 1579/1687/1607 2585/1689/1609 1591/1704/1624 1593/1706/1626
f 1594/1707/1627 1589/1699/1619 1586/1700/1620 1595/1708/1628
f 1595/1708/1628 1580/1686/1606 1596/1693/1613 1594/1707/1627
f 1595/1708/1628 1586/1700/1620 1599/1701/1621 1597/1709/1629
f 1597/1709/1629 1600/1710/1630 1580/1686/1606 1595/1708/1628
f 1598/1711/1631 1602/1712/1632 1600/1710/1630 1597/1709/1629
f 1597/1709/1629 1599/1701/1621 2582/1713/1633 1598/1711/1631
f 1602/1712/1632 1603/1714/1634 1601/1678/1598 1600/1710/1630
f 1601/1678/1598 1571/1679/1599 1580/1686/1606 1600/1710/1630
f 1602/1712/1632 1604/1697/1617 1605/1715/1635 1603/1714/1634
f 1598/1711/1631 1606/1716/1636 1604/1697/1617 1602/1712/1632
f 1609/1717/1637 1605/1718/1635 1604/1719/1617 1608/1720/1638
f 1604/1697/1617 1606/1716/1636 2582/1713/1633 1582/1694/1614
f 2580/1721/1639 1607/1722/1640 1604/1697/1617 1583/1692/1612
f 1610/1723/1641 1608/1720/1638 1604/1719/1617 1607/1724/1640
f 1608/1720/1638 1611/1725/1642 1612/1726/1643 1609/1717/1637
f 1608/1720/1638 1610/1723/1641 1614/1727/1644 1611/1725/1642
f 1613/1728/1645 2067/1729/1646 1612/1726/1643 1611/1725/1642
f 1614/1727/1644 1615/1730/1647 1613/1728/1645 1611/1725/1642
f 1615/1730/1647 1614/1727/1644 1616/1731/1648 1617/1732/1649
f 1614/1727/1644 1610/1723/1641 1618/1733/1650 1616/1731/1648
f 1620/1734/1651 1617/1732/1649 1616/1731/1648 1619/1735/1652
f 1619/1735/1652 1616/1731/1648 1618/1733/1650 1621/1736/1653
f 1620/1734/1651 1619/1735/1652 1622/1737/1654 1624/1738/1655
f 1619/1739/1652 1621/1740/1653 1625/1741/1656 1622/1742/1654
f 1624/1738/1655 1622/1737/1654 1623/1743/1657 1945/1744/1658
f 1625/1741/1656 1626/1745/1659 1623/1746/1657 1622/1742/1654
f 1628/1747/1660 1626/1745/1659 1625/1741/1656 1627/1748/1661
f 1629/1749/1662 1627/1748/1661 1625/1741/1656 1621/1740/1653
f 1631/1750/1663 1628/1747/1660 1627/1748/1661 1630/1751/1664
f 1633/1752/1665 1630/1751/1664 1627/1748/1661 1629/1749/1662
f 1630/1751/1664 1632/1753/1666 1923/1754/1667 1631/1750/1663
f 1632/1753/1666 1630/1751/1664 1633/1752/1665 1635/1755/1668
f 1629/1749/1662 2581/1756/1669 1634/1757/1670 1633/1752/1665
f 1633/1752/1665 1634/1757/1670 1637/1758/1671 1635/1755/1668
f 2352/1759/1672 1632/1753/1666 1635/1755/1668 1636/1760/1673
f 1635/1755/1668 1637/1758/1671 1639/1761/1674 1636/1760/1673
f 2580/1721/1639 1638/1762/1675 1637/1758/1671 1634/1757/1670
f 1638/1762/1675 1641/1763/1676 1639/1761/1674 1637/1758/1671
f 1641/1763/1676 1643/1764/1677 1640/1765/1678 1639/1761/1674
f 1636/1760/1673 1639/1761/1674 1640/1765/1678 2357/1766/1679
f 1647/1767/1680 1645/1768/1681 1641/1763/1676 1642/1769/1682
f 1641/1763/1676 1638/1762/1675 1651/1770/1683 1642/1769/1682
f 1643/1764/1677 1641/1763/1676 1644/1771/1684 2544/1772/1685
f 1645/1768/1681 1646/1773/1686 1644/1771/1684 1641/1763/1676
f 1648/1774/1687 1646/1773/1686 1645/1768/1681 1647/1767/1680
f 1649/1775/1688 1647/1767/1680 1642/1769/1682 1651/1770/1683
f 1647/1767/1680 1649/1775/1688 1650/1776/1689 1648/1774/1687
f 1651/1770/1683 1575/1683/1603 1649/1775/1688
f 1652/1777/1690 1650/1776/1689 1649/1775/1688 1575/1683/1603
f 1578/1684/1604 1575/1683/1603 1651/1770/1683 1638/1762/1675
f 1650/1776/1689 1652/1777/1690 1653/1778/1691 1648/1774/1687
f 1653/1778/1691 1652/1777/1690 1654/1779/1692 1655/1780/1693
f 1575/1683/1603 1573/1682/1602 1654/1779/1692 1652/1777/1690
f 1655/1780/1693 1654/1779/1692 1656/1781/1694 1658/1782/1695
f 1657/1681/1601 1656/1781/1694 1654/1779/1692 1573/1682/1602
f 1657/1681/1601 1659/1783/1696 1658/1782/1695 1656/1781/1694
f 1664/1784/1697 1660/1785/1698 1658/1782/1695 1659/1783/1696
f 1661/1786/1699 1655/1780/1693 1658/1782/1695 1660/1785/1698
f 2579/1787/1700 1661/1786/1699 1660/1785/1698 1662/1788/1701
f 1662/1788/1701 1660/1785/1698 1663/1789/1702 2549/1790/1703
f 1660/1785/1698 1664/1784/1697 1665/1791/1704 1663/1789/1702
f 1665/1791/1704 1664/1784/1697 1666/1673/1593 1667/1792/1705
f 1664/1784/1697 1659/1783/1696 1566/1672/1592 1666/1673/1593
f 1667/1792/1705 1666/1673/1593 1562/1666/1586 1668/1667/1587
f 1668/1667/1587 1670/1793/1706 1669/1794/1707 1667/1792/1705
f 1669/1794/1707 1671/1795/1708 1665/1791/1704 1667/1792/1705
f 1674/1393/1341 1672/1796/1709 1669/1794/1707 1670/1793/1706
f 1673/1797/1710 1671/1795/1708 1669/1794/1707 1672/1796/1709
f 1676/1411/1354 1673/1797/1710 1672/1796/1709 1349/1406/1350
f 1340/1396/1342 1349/1406/1350 1672/1796/1709 1674/1393/1341
f 1339/1394/1339 1674/1393/1341 1670/1793/1706 1556/1656/1580
f 1671/1795/1708 1673/1797/1710 1675/1798/1711 2578/1799/1712
f 1676/1411/1354 1677/1800/1713 1675/1798/1711 1673/1797/1710
f 1677/1800/1713 1676/1411/1354 1348/1410/1353 1679/1801/1714
f 1678/1802/1715 1677/1800/1713 1679/1801/1714 1680/1803/1716
f 1678/1802/1715 2578/1799/1712 1675/1798/1711 1677/1800/1713
f 1680/1803/1716 1679/1801/1714 1681/1804/1717 1682/1805/1718
f 1683/1416/1359 1681/1804/1717 1679/1801/1714 1348/1410/1353
f 1682/1805/1718 1681/1804/1717 1684/1418/1361 1685/1806/1719
f 1683/1416/1359 1353/1415/1358 1684/1418/1361 1681/1804/1717
f 1686/1807/1720 1684/1418/1361 1354/1417/1360 1688/1425/1368
f 1687/1808/1721 1685/1806/1719 1684/1418/1361 1686/1807/1720
f 1687/1808/1721 1686/1807/1720 1689/1809/1722 1692/1810/1723
f 1688/1425/1368 1691/1811/1724 1689/1809/1722 1686/1807/1720
f 2577/1435/1378 1690/1812/1725 1689/1809/1722 1691/1811/1724
f 1689/1809/1722 1690/1812/1725 1694/1813/1726 1692/1810/1723
f 1693/1814/1727 2543/1815/1728 1687/1808/1721 1692/1810/1723
f 1693/1814/1727 1692/1810/1723 1694/1813/1726 1696/1816/1729
f 2575/1442/1385 1695/1817/1730 1694/1813/1726 1690/1812/1725
f 1694/1813/1726 1695/1817/1730 1697/1818/1731 1696/1816/1729
f 1700/1819/1732 1693/1814/1727 1696/1816/1729 1698/1820/1733
f 1698/1820/1733 1696/1816/1729 1697/1818/1731 1699/1821/1734
f 1698/1820/1733 1699/1821/1734 1704/1822/1735 1701/1823/1736
f 1701/1823/1736 1702/1824/1737 1700/1819/1732 1698/1820/1733
f 1703/1825/1738 2539/1826/1739 1702/1824/1737 1701/1823/1736
f 1703/1825/1738 1701/1823/1736 1704/1822/1735 1705/1827/1740
f 1705/1827/1740 1704/1822/1735 1706/1828/1741 1709/1829/1742
f 1699/1821/1734 1707/1830/1743 1706/1828/1741 1704/1822/1735
f 2573/1831/1744 1708/1832/1745 1706/1828/1741 1707/1830/1743
f 1706/1828/1741 1708/1832/1745 1710/1833/1746 1709/1829/1742
f 1711/1834/1747 1709/1829/1742 1710/1833/1746 1712/1835/1748
f 1711/1834/1747 1713/1836/1749 1705/1827/1740 1709/1829/1742
f 1717/1837/1750 1714/1838/1751 1711/1834/1747 1712/1835/1748
f 1714/1838/1751 1715/1839/1752 1713/1836/1749 1711/1834/1747
f 1714/1838/1751 1716/1840/1753 2366/1841/1754 1715/1839/1752
f 1716/1840/1753 1714/1838/1751 1717/1837/1750 1718/1842/1755
f 1717/1837/1750 1712/1835/1748 1722/1843/1756 1719/1844/1757
f 1721/1845/1758 1718/1842/1755 1717/1837/1750 1719/1844/1757
f 1722/1843/1756 1723/1846/1759 1720/1847/1760 1719/1844/1757
f 1721/1845/1758 1719/1844/1757 1720/1847/1760 2400/1848/1761
f 1725/1849/1762 1723/1846/1759 1722/1843/1756 1724/1850/1763
f 1710/1833/1746 1724/1850/1763 1722/1843/1756 1712/1835/1748
f 1725/1849/1762 1724/1850/1763 1726/1851/1764 1728/1852/1765
f 1726/1851/1764 1724/1850/1763 1710/1833/1746 1708/1832/1745
f 2573/1853/1744 1727/1854/1766 1726/1855/1764 1708/1856/1745
f 1730/1857/1767 1728/1858/1765 1726/1855/1764 1727/1854/1766
f 2407/1859/1768 1725/1860/1762 1728/1858/1765 1729/1861/1769
f 1732/1862/1770 1729/1861/1769 1728/1858/1765 1730/1857/1767
f 2572/1863/1771 1731/1864/1772 1730/1857/1767 1727/1854/1766
f 1730/1857/1767 1731/1864/1772 1734/1865/1773 1732/1862/1770
f 1729/1861/1769 1732/1862/1770 1733/1866/1774 2409/1867/1775
f 1734/1865/1773 1735/1868/1776 1733/1866/1774 1732/1862/1770
f 1737/1869/1777 1735/1868/1776 1734/1865/1773 1736/1870/1778
f 1738/1871/1779 1736/1870/1778 1734/1865/1773 1731/1864/1772
f 1739/1872/1780 1742/1873/1781 1737/1869/1777 1736/1870/1778
f 1738/1874/1779 1740/1875/1782 1739/1876/1780 1736/1877/1778
f 2565/1878/1783 1741/1879/1784 1739/1876/1780 1740/1875/1782
f 1744/1880/1785 1742/1881/1781 1739/1876/1780 1741/1879/1784
f 1745/1882/1786 1743/1883/1787 1742/1873/1781 1744/1884/1785
f 1743/1883/1787 1770/1885/1788 1737/1869/1777 1742/1873/1781
f 1744/1880/1785 1746/1886/1789 1747/1887/1790 1745/1888/1786
f 1744/1880/1785 1741/1879/1784 1749/1889/1791 1746/1886/1789
f 1748/1890/1792 1758/1891/1793 1747/1887/1790 1746/1886/1789
f 1749/1889/1791 1751/1892/1794 1748/1890/1792 1746/1886/1789
f 2565/1878/1783 1750/1893/1795 1749/1889/1791 1741/1879/1784
f 1752/1894/1796 1751/1892/1794 1749/1889/1791 1750/1893/1795
f 1751/1892/1794 1752/1894/1796 1754/1895/1797 1753/1896/1798
f 1753/1896/1798 1756/1897/1799 1748/1890/1792 1751/1892/1794
f 1755/1467/1410 1753/1896/1798 1754/1895/1797 2557/1898/1800
f 1753/1896/1798 1755/1467/1410 1391/1468/1411 1756/1897/1799
f 1757/1899/1801 1756/1897/1799 1391/1468/1411 1393/1469/1412
f 1757/1899/1801 1758/1891/1793 1748/1890/1792 1756/1897/1799
f 1758/1891/1793 1757/1899/1801 1759/1483/1423 1760/1900/1802
f 1759/1483/1423 1757/1899/1801 1393/1469/1412 1396/1472/1415
f 1407/1901/1430 1760/1900/1802 1759/1483/1423 1401/1482/1422
f 1760/1900/1802 1407/1901/1430 1762/1902/1432 1761/1903/1803
f 1760/1900/1802 1761/1903/1803 1747/1887/1790 1758/1891/1793
f 1761/1904/1803 1762/1493/1432 1764/1905/1804 1763/1906/1805
f 1747/1907/1790 1761/1904/1803 1763/1906/1805 1745/1882/1786
f 1765/1908/1806 1763/1906/1805 1764/1905/1804 1766/1909/1807
f 1743/1883/1787 1745/1882/1786 1763/1906/1805 1765/1908/1806
f 1766/1909/1807 1769/1910/1808 1767/1911/1809 1765/1908/1806
f 1765/1908/1806 1767/1911/1809 1770/1885/1788 1743/1883/1787
f 1769/1910/1808 1777/1912/1810 1768/1913/1811 1767/1911/1809
f 1768/1913/1811 1771/1914/1812 1770/1885/1788 1767/1911/1809
f 1771/1914/1812 1735/1868/1776 1737/1869/1777 1770/1885/1788
f 1771/1914/1812 1772/1915/1813 1733/1866/1774 1735/1868/1776
f 1772/1915/1813 1771/1914/1812 1768/1913/1811 1774/1916/1814
f 1733/1866/1774 1772/1915/1813 1773/1917/1815 2409/1867/1775
f 1774/1916/1814 1775/1918/1816 1773/1917/1815 1772/1915/1813
f 1775/1918/1816 1774/1916/1814 1776/1919/1817 1778/1920/1818
f 1776/1919/1817 1774/1916/1814 1768/1913/1811 1777/1912/1810
f 1780/1921/1819 1779/1922/1820 1776/1919/1817 1777/1912/1810
f 1781/1923/1821 1778/1920/1818 1776/1919/1817 1779/1922/1820
f 1779/1922/1820 1780/1921/1819 1785/1924/1822 1782/1925/1823
f 1782/1925/1823 1783/1926/1824 1781/1923/1821 1779/1922/1820
f 1784/1927/1825 2431/1928/1826 1783/1926/1824 1782/1925/1823
f 1785/1924/1822 1787/1929/1827 1784/1927/1825 1782/1925/1823
f 1807/1930/1828 1786/1931/1829 1785/1924/1822 1780/1921/1819
f 1789/1932/1830 1787/1929/1827 1785/1924/1822 1786/1931/1829
f 1788/1933/1831 1787/1929/1827 1789/1932/1830 1791/1934/1832
f 1788/1933/1831 2436/1935/1833 1784/1927/1825 1787/1929/1827
f 1808/1936/1834 1790/1937/1835 1789/1932/1830 1786/1931/1829
f 1793/1938/1836 1791/1934/1832 1789/1932/1830 1790/1937/1835
f 1793/1938/1836 1794/1939/1837 1792/1940/1838 1791/1934/1832
f 1788/1933/1831 1791/1934/1832 1792/1940/1838 2438/1941/1839
f 1793/1938/1836 1795/1942/1840 1797/1943/1841 1794/1939/1837
f 1790/1937/1835 1798/1944/1842 1795/1942/1840 1793/1938/1836
f 1800/1945/1843 1796/1946/1844 1795/1942/1840 1798/1944/1842
f 1796/1946/1844 2447/1947/1845 1797/1943/1841 1795/1942/1840
f 1808/1936/1834 1799/1948/1846 1798/1944/1842 1790/1937/1835
f 1802/1949/1847 1800/1945/1843 1798/1944/1842 1799/1948/1846
f 1800/1945/1843 1801/1950/1848 1809/1951/1849 1796/1946/1844
f 1801/1950/1848 1800/1945/1843 1802/1949/1847 1804/1502/1441
f 1805/1952/1850 1803/1953/1851 1802/1949/1847 1799/1948/1846
f 1414/1496/1435 1804/1502/1441 1802/1949/1847 1803/1953/1851
f 1811/1954/1852 1801/1950/1848 1804/1502/1441 1413/1501/1440
f 1762/1493/1432 1803/1953/1851 1805/1952/1850 1764/1905/1804
f 1414/1496/1435 1803/1953/1851 1762/1493/1432 1408/1492/1431
f 1808/1936/1834 1806/1955/1853 1805/1952/1850 1799/1948/1846
f 1766/1909/1807 1764/1905/1804 1805/1952/1850 1806/1955/1853
f 1769/1910/1808 1766/1909/1807 1806/1955/1853 1807/1930/1828
f 1786/1931/1829 1807/1930/1828 1806/1955/1853 1808/1936/1834
f 1769/1910/1808 1807/1930/1828 1780/1921/1819 1777/1912/1810
f 1809/1951/1849 1801/1950/1848 1810/1956/1854 2550/1957/1855
f 1801/1950/1848 1811/1954/1852 1812/1958/1856 1810/1956/1854
f 1413/1501/1440 1814/1959/1857 1812/1958/1856 1811/1954/1852
f 1816/1960/1858 1813/1961/1859 1812/1958/1856 1814/1959/1857
f 1812/1958/1856 1813/1961/1859 2551/1962/1860 1810/1956/1854
f 1814/1959/1857 1815/1963/1861 1818/1964/1862 1816/1960/1858
f 1815/1963/1861 1814/1959/1857 1413/1501/1440 2556/1500/1439
f 1813/1961/1859 1816/1960/1858 1817/1965/1863 1849/1966/1864
f 1817/1965/1863 1816/1960/1858 1818/1964/1862 1820/1967/1865
f 2552/1968/1866 1819/1969/1867 1818/1964/1862 1815/1963/1861
f 1818/1964/1862 1819/1969/1867 1822/1970/1868 1820/1967/1865
f 1821/1971/1869 1847/1972/1870 1817/1965/1863 1820/1967/1865
f 1821/1971/1869 1820/1967/1865 1822/1970/1868 1823/1973/1871
f 1826/1974/1872 1823/1973/1871 1822/1970/1868 1824/1975/1873
f 1822/1970/1868 1819/1969/1867 1827/1976/1874 1824/1975/1873
f 1835/1977/1875 1826/1974/1872 1824/1975/1873 1825/1978/1876
f 1825/1979/1876 1824/1980/1873 1827/1981/1874 1829/1982/1877
f 2552/1983/1866 1828/1984/1878 1827/1981/1874 1819/1985/1867
f 1827/1981/1874 1828/1984/1878 1830/1551/1483 1829/1982/1877
f 1829/1982/1877 1831/1558/1490 1832/1986/1879 1825/1979/1876
f 1831/1558/1490 1829/1982/1877 1830/1551/1483 1453/1552/1484
f 1457/1557/1489 1459/1559/1491 1832/1986/1879 1831/1558/1490
f 1835/1987/1875 1825/1979/1876 1832/1986/1879 1833/1988/1880
f 1832/1986/1879 1459/1559/1491 1461/1561/1493 1833/1988/1880
f 1834/1989/1881 1833/1990/1880 1461/1991/1493 2298/1992/1882
f 1833/1990/1880 1834/1989/1881 1836/1993/1883 1835/1977/1875
f 1826/1974/1872 1835/1977/1875 1836/1993/1883 1838/1994/1884
f 1840/1995/1885 1838/1994/1884 1836/1993/1883 1837/1996/1886
f 1836/1993/1883 1834/1989/1881 2156/1997/1887 1837/1996/1886
f 1839/1998/1888 1842/1999/1889 1841/2000/1890 1838/1994/1884
f 1840/1995/1885 2301/2001/1891 1839/1998/1888 1838/1994/1884
f 1826/1974/1872 1838/1994/1884 1841/2000/1890 1823/1973/1871
f 1823/1973/1871 1841/2000/1890 1842/1999/1889 1821/1971/1869
f 1842/1999/1889 1843/2002/1892 1846/2003/1893 1844/2004/1894
f 1843/2002/1892 1842/1999/1889 1839/1998/1888 2301/2001/1891
f 1821/1971/1869 1842/1999/1889 1844/2004/1894 1847/1972/1870
f 1845/2005/1895 1844/2004/1894 1846/2003/1893 2309/2006/1896
f 1844/2004/1894 1845/2005/1895 1848/2007/1897 1847/1972/1870
f 1848/2007/1897 1849/1966/1864 1817/1965/1863 1847/1972/1870
f 1851/2008/1898 1849/1966/1864 1848/2007/1897 1850/2009/1899
f 1852/2010/1900 1850/2009/1899 1848/2007/1897 1845/2005/1895
f 1850/2009/1899 1853/2011/1901 1855/2012/1902 1851/2008/1898
f 1853/2011/1901 1850/2009/1899 1852/2010/1900 1854/2013/1903
f 1854/2013/1903 1857/2014/1904 1856/2015/1905 1853/2011/1901
f 1855/2012/1902 1853/2011/1901 1856/2015/1905 1859/2016/1906
f 1856/2015/1905 1857/2014/1904 2007/2017/1907 1858/2018/1908
f 1860/2019/1909 1859/2016/1906 1856/2015/1905 1858/2018/1908
f 1859/2016/1906 1860/2019/1909 1864/2020/1910 1861/2021/1911
f 1861/2021/1911 1862/2022/1912 1855/2012/1902 1859/2016/1906
f 1861/2021/1911 1863/2023/1913 2550/1957/1855 1862/2022/1912
f 1864/2020/1910 1865/2024/1914 1863/2023/1913 1861/2021/1911
f 1868/2025/1915 1865/2024/1914 1864/2020/1910 1866/2026/1916
f 1869/2027/1917 1866/2026/1916 1864/2020/1910 1860/2019/1909
f 1867/2028/1918 1866/2026/1916 1869/2027/1917 1871/2029/1919
f 1866/2026/1916 1867/2028/1918 2451/2030/1920 1868/2025/1915
f 1872/2031/1921 1871/2029/1919 1869/2027/1917 1870/2032/1922
f 1858/2018/1908 1870/2032/1922 1869/2027/1917 1860/2019/1909
f 1867/2028/1918 1871/2029/1919 1873/2033/1923 1874/2034/1924
f 1873/2033/1923 1871/2029/1919 1872/2031/1921 1875/2035/1925
f 1874/2034/1924 1873/2033/1923 1876/2036/1926 1879/2037/1927
f 1873/2033/1923 1875/2035/1925 1877/2038/1928 1876/2036/1926
f 1878/2039/1929 1876/2036/1926 1877/2038/1928 1996/2040/1930
f 1881/2041/1931 1879/2037/1927 1876/2036/1926 1878/2039/1929
f 1880/2042/1932 1879/2037/1927 1881/2041/1931 1882/2043/1933
f 1879/2037/1927 1880/2042/1932 2450/2044/1934 1874/2034/1924
f 1886/2045/1935 1882/2043/1933 1881/2041/1931 1883/2046/1936
f 1885/2047/1937 1883/2046/1936 1881/2041/1931 1878/2039/1929
f 1884/2048/1938 1888/2049/1939 1886/2045/1935 1883/2046/1936
f 1885/2047/1937 2341/2050/1940 1884/2048/1938 1883/2046/1936
f 1882/2043/1933 1886/2045/1935 1887/2051/1941 2455/2052/1942
f 1886/2045/1935 1888/2049/1939 1889/2053/1943 1887/2051/1941
f 1889/2053/1943 1888/2049/1939 1890/2054/1944 1891/2055/1945
f 1884/2056/1938 1894/2057/1946 1890/2058/1944 1888/2059/1939
f 2472/2060/1947 1891/2061/1945 1890/2058/1944 1892/2062/1948
f 2531/2063/1949 1892/2062/1948 1890/2058/1944 1893/2064/1950
f 1890/2058/1944 1894/2057/1946 1896/2065/1951 1893/2064/1950
f 1895/2066/1952 1894/2057/1946 1884/2056/1938 2342/2067/1953
f 1894/2057/1946 1895/2066/1952 1898/2068/1954 1896/2065/1951
f 2527/2069/1955 1893/2064/1950 1896/2065/1951 1897/2070/1956
f 1897/2070/1956 1896/2065/1951 1898/2068/1954 1900/2071/1957
f 1901/2072/1958 1900/2071/1957 1898/2068/1954 1899/2073/1959
f 1898/2068/1954 1895/2066/1952 2344/2074/1960 1899/2073/1959
f 1897/2070/1956 1900/2071/1957 1902/2075/1961 1903/2076/1962
f 1901/2072/1958 1904/2077/1963 1902/2075/1961 1900/2071/1957
f 1905/2078/1964 1903/2076/1962 1902/2075/1961 1904/2077/1963
f 1904/2077/1963 1901/2072/1958 1909/2079/1965 1906/2080/1966
f 1905/2078/1964 1904/2077/1963 1906/2080/1966 1908/2081/1967
f 2372/2082/1968 1908/2081/1967 1906/2080/1966 1907/2083/1969
f 1907/2083/1969 1906/2080/1966 1909/2079/1965 1910/2084/1970
f 1909/2079/1965 1901/2072/1958 1899/2073/1959 1911/2085/1971
f 1909/2079/1965 1911/2085/1971 1913/2086/1972 1910/2084/1970
f 1899/2073/1959 2344/2074/1960 1912/2087/1973 1911/2085/1971
f 1912/2087/1973 1915/2088/1974 1913/2086/1972 1911/2085/1971
f 1916/2089/1975 1914/2090/1976 1913/2086/1972 1915/2088/1974
f 1913/2086/1972 1914/2090/1976 2355/2091/1977 1910/2084/1970
f 1915/2088/1974 1917/2092/1978 1920/2093/1979 1916/2089/1975
f 1917/2092/1978 1915/2088/1974 1912/2087/1973 1918/2094/1980
f 1918/2094/1980 2345/2095/1981 1919/2096/1982 1917/2092/1978
f 1920/2093/1979 1917/2092/1978 1919/2096/1982 1921/2097/1983
f 1923/1754/1667 1916/2089/1975 1920/2093/1979 1921/2097/1983
f 1922/2098/1984 1921/2097/1983 1919/2096/1982 2345/2095/1981
f 1921/2097/1983 1922/2098/1984 1926/2099/1985 1924/2100/1986
f 1924/2100/1986 1631/1750/1663 1923/1754/1667 1921/2097/1983
f 1924/2100/1986 1925/2101/1987 1628/1747/1660 1631/1750/1663
f 1924/2100/1986 1926/2099/1985 1928/2102/1988 1925/2101/1987
f 2338/2103/1989 1927/2104/1990 1926/2099/1985 1922/2098/1984
f 1927/2104/1990 1930/2105/1991 1928/2102/1988 1926/2099/1985
f 2350/2106/1992 1925/2101/1987 1928/2102/1988 1929/2107/1993
f 1928/2102/1988 1930/2105/1991 1932/2108/1994 1929/2107/1993
f 1930/2105/1991 1931/2109/1995 1933/2110/1996 1932/2108/1994
f 1930/2105/1991 1927/2104/1990 2347/2111/1997 1931/2109/1995
f 1929/2107/1993 1932/2108/1994 1934/2112/1998 1936/2113/1999
f 1933/2110/1996 1935/2114/2000 1934/2112/1998 1932/2108/1994
f 1939/2115/2001 1937/2116/2002 1934/2117/1998 1935/2118/2000
f 1934/2112/1998 1937/2119/2002 1940/2120/2003 1936/2113/1999
f 1937/2116/2002 1938/2121/2004 1941/2122/2005 1940/2123/2003
f 1937/2116/2002 1939/2115/2001 1970/2124/2006 1938/2121/2004
f 1942/2125/2007 1940/2123/2003 1941/2122/2005 1943/2126/2008
f 1944/2127/2009 1936/2113/1999 1940/2120/2003 1942/2128/2007
f 1946/2129/2010 1945/1744/1658 1942/2125/2007 1943/2126/2008
f 1942/2125/2007 1945/1744/1658 1623/1743/1657 1944/2130/2009
f 1945/1744/1658 1946/2129/2010 1948/2131/2011 1624/1738/1655
f 1947/2132/2012 1946/2129/2010 1943/2126/2008 1966/2133/2013
f 1947/2132/2012 1949/2134/2014 1948/2131/2011 1946/2129/2010
f 1620/1734/1651 1624/1738/1655 1948/2131/2011 1949/2134/2014
f 1947/2132/2012 1951/2135/2015 1950/2136/2016 1949/2134/2014
f 1949/2134/2014 1950/2136/2016 1617/1732/1649 1620/1734/1651
f 1952/2137/2017 1615/1730/1647 1617/1732/1649 1950/2136/2016
f 1954/2138/2018 1952/2137/2017 1950/2136/2016 1951/2135/2015
f 1952/2137/2017 1953/2139/2019 1613/1728/1645 1615/1730/1647
f 1954/2138/2018 1955/2140/2020 1953/2139/2019 1952/2137/2017
f 1956/2141/2021 1957/2142/2022 1955/2140/2020 1954/2138/2018
f 1956/2141/2021 1954/2138/2018 1951/2135/2015 1958/2143/2023
f 1957/2142/2022 1956/2141/2021 1959/2144/2024 1961/2145/2025
f 1959/2144/2024 1956/2141/2021 1958/2143/2023 1962/2146/2026
f 2055/2147/2027 1961/2145/2025 1959/2144/2024 1960/2148/2028
f 1963/2149/2029 1960/2148/2028 1959/2144/2024 1962/2146/2026
f 1965/2150/2030 1963/2149/2029 1962/2146/2026 1964/2151/2031
f 1964/2151/2031 1962/2146/2026 1958/2143/2023 1966/2133/2013
f 1938/2121/2004 1965/2150/2030 1964/2151/2031 1941/2122/2005
f 1943/2126/2008 1941/2122/2005 1964/2151/2031 1966/2133/2013
f 1966/2133/2013 1958/2143/2023 1951/2135/2015 1947/2132/2012
f 1965/2150/2030 1967/2152/2032 1968/2153/2033 1963/2149/2029
f 1938/2121/2004 1970/2124/2006 1967/2152/2032 1965/2150/2030
f 1969/2154/2034 2051/2155/2035 1968/2153/2033 1967/2152/2032
f 1971/2156/2036 1969/2154/2034 1967/2152/2032 1970/2124/2006
f 1973/2157/2037 1971/2156/2036 1970/2124/2006 1939/2115/2001
f 1971/2156/2036 1972/2158/2038 2052/2159/2039 1969/2154/2034
f 1972/2158/2038 1971/2156/2036 1973/2157/2037 1975/2160/2040
f 1935/2118/2000 1974/2161/2041 1973/2157/2037 1939/2115/2001
f 1976/2162/2042 1975/2160/2040 1973/2157/2037 1974/2161/2041
f 1980/2163/2043 1977/2164/2044 1975/2160/2040 1976/2162/2042
f 1978/2165/2045 1972/2158/2038 1975/2160/2040 1977/2164/2044
f 2048/2166/2046 1978/2165/2045 1977/2164/2044 1979/2167/2047
f 1981/2168/2048 1979/2167/2047 1977/2164/2044 1980/2163/2043
f 1983/2169/2049 1982/2170/2050 1980/2163/2043 1976/2162/2042
f 1984/2171/2051 1981/2168/2048 1980/2163/2043 1982/2170/2050
f 1986/2172/2052 1985/2173/2053 1982/2170/2050 1983/2169/2049
f 1987/2174/2054 1984/2171/2051 1982/2170/2050 1985/2173/2053
f 1986/2175/2052 1989/2176/2055 1988/2177/2056 1985/2178/2053
f 1988/2179/2056 1990/2180/2057 1987/2174/2054 1985/2173/2053
f 1993/2181/2058 1991/2182/2059 1988/2177/2056 1989/2176/2055
f 1988/2179/2056 1991/2183/2059 1994/2184/2060 1990/2180/2057
f 1992/2185/2061 1996/2040/1930 1994/2184/2060 1991/2183/2059
f 1991/2182/2059 1993/2181/2058 2339/2186/2062 1992/2187/2061
f 1998/2188/2063 1990/2180/2057 1994/2184/2060 1995/2189/2064
f 1994/2184/2060 1996/2040/1930 1877/2038/1928 1995/2189/2064
f 1992/2185/2061 1885/2047/1937 1878/2039/1929 1996/2040/1930
f 1998/2188/2063 1995/2189/2064 1997/2190/2065 2000/2191/2066
f 1877/2038/1928 1875/2035/1925 1997/2190/2065 1995/2189/2064
f 1998/2188/2063 1999/2192/2067 1987/2174/2054 1990/2180/2057
f 2000/2191/2066 2001/2193/2068 1999/2192/2067 1998/2188/2063
f 2002/2194/2069 2003/2195/2070 2001/2193/2068 2000/2191/2066
f 2002/2194/2069 2000/2191/2066 1997/2190/2065 2005/2196/2071
f 2004/2197/2072 2013/2198/2073 2003/2195/2070 2002/2194/2069
f 2004/2197/2072 2002/2194/2069 2005/2196/2071 2006/2199/2074
f 2006/2199/2074 2005/2196/2071 1872/2031/1921 1870/2032/1922
f 1997/2190/2065 1875/2035/1925 1872/2031/1921 2005/2196/2071
f 1870/2032/1922 1858/2018/1908 2007/2017/1907 2006/2199/2074
f 2006/2199/2074 2007/2017/1907 2008/2200/2075 2004/2197/2072
f 1857/2014/1904 2009/2201/2076 2008/2200/2075 2007/2017/1907
f 2009/2201/2076 2012/2202/2077 2010/2203/2078 2008/2200/2075
f 2008/2200/2075 2010/2203/2078 2013/2198/2073 2004/2197/2072
f 2103/2204/2079 2011/2205/2080 2010/2203/2078 2012/2202/2077
f 2011/2205/2080 2014/2206/2081 2013/2198/2073 2010/2203/2078
f 2014/2206/2081 2016/2207/2082 2003/2195/2070 2013/2198/2073
f 2014/2206/2081 2015/2208/2083 2017/2209/2084 2016/2207/2082
f 2014/2206/2081 2011/2205/2080 2100/2210/2085 2015/2208/2083
f 2016/2207/2082 2018/2211/2086 2001/2193/2068 2003/2195/2070
f 2018/2211/2086 2016/2207/2082 2017/2209/2084 2019/2212/2087
f 2021/2213/2088 2020/2214/2089 2018/2211/2086 2019/2212/2087
f 2018/2211/2086 2020/2214/2089 1999/2192/2067 2001/2193/2068
f 2020/2214/2089 1984/2171/2051 1987/2174/2054 1999/2192/2067
f 2020/2214/2089 2021/2213/2088 1981/2168/2048 1984/2171/2051
f 2021/2213/2088 2019/2212/2087 2023/2215/2090 2022/2216/2091
f 2022/2216/2091 2025/2217/2092 1981/2168/2048 2021/2213/2088
f 2024/2218/2093 2022/2216/2091 2023/2215/2090 2315/2219/2094
f 2025/2217/2092 2022/2216/2091 2024/2218/2093 2027/2220/2095
f 2025/2217/2092 2027/2220/2095 2029/2221/2096 2026/2222/2097
f 2026/2222/2097 1979/2167/2047 1981/2168/2048 2025/2217/2092
f 2028/2223/2098 2027/2220/2095 2024/2218/2093 2317/2224/2099
f 2029/2221/2096 2027/2220/2095 2028/2223/2098 2031/2225/2100
f 2032/2226/2101 2030/2227/2102 2029/2221/2096 2031/2225/2100
f 2046/2228/2103 2026/2222/2097 2029/2221/2096 2030/2227/2102
f 2031/2225/2100 2033/2229/2104 2036/2230/2105 2032/2226/2101
f 2033/2229/2104 2031/2225/2100 2028/2223/2098 2035/2231/2106
f 2035/2231/2106 2325/2232/2107 2034/2233/2108 2033/2229/2104
f 2034/2233/2108 2037/2234/2109 2036/2230/2105 2033/2229/2104
f 2040/2235/2110 2032/2226/2101 2036/2230/2105 2038/2236/2111
f 2036/2230/2105 2037/2234/2109 2039/2237/2112 2038/2236/2111
f 2041/2238/2113 2038/2236/2111 2039/2237/2112 2042/2239/2114
f 2044/2240/2115 2040/2235/2110 2038/2236/2111 2041/2238/2113
f 2042/2239/2114 2054/2241/2116 2043/2242/2117 2041/2238/2113
f 2044/2240/2115 2041/2238/2113 2043/2242/2117 2045/2243/2118
f 2044/2240/2115 2045/2243/2118 2046/2228/2103 2030/2227/2102
f 2030/2227/2102 2032/2226/2101 2040/2235/2110 2044/2240/2115
f 2047/2244/2119 2048/2166/2046 2046/2228/2103 2045/2243/2118
f 2043/2242/2117 2049/2245/2120 2047/2244/2119 2045/2243/2118
f 1978/2165/2045 2048/2166/2046 2047/2244/2119 2050/2246/2121
f 2051/2155/2035 2050/2246/2121 2047/2244/2119 2049/2245/2120
f 2051/2155/2035 1969/2154/2034 2052/2159/2039 2050/2246/2121
f 1978/2165/2045 2050/2246/2121 2052/2159/2039 1972/2158/2038
f 1968/2153/2033 2051/2155/2035 2049/2245/2120 2053/2247/2122
f 2054/2241/2116 2053/2247/2122 2049/2245/2120 2043/2242/2117
f 2054/2241/2116 2055/2147/2027 1960/2148/2028 2053/2247/2122
f 1960/2148/2028 1963/2149/2029 1968/2153/2033 2053/2247/2122
f 2054/2241/2116 2042/2239/2114 2056/2248/2123 2055/2147/2027
f 2055/2147/2027 2056/2248/2123 2057/2249/2124 1961/2145/2025
f 2058/2250/2125 2060/2251/2126 2057/2249/2124 2056/2248/2123
f 2039/2237/2112 2058/2250/2125 2056/2248/2123 2042/2239/2114
f 2059/2252/2127 2058/2250/2125 2039/2237/2112 2037/2234/2109
f 2059/2252/2127 2061/2253/2128 2060/2251/2126 2058/2250/2125
f 2060/2251/2126 2061/2253/2128 2063/2254/2129 2057/2249/2124
f 2061/2253/2128 2059/2252/2127 2337/2255/2130 2062/2256/2131
f 2062/2256/2131 2064/2257/2132 2063/2254/2129 2061/2253/2128
f 2063/2254/2129 2064/2257/2132 1955/2140/2020 1957/2142/2022
f 1961/2145/2025 2057/2249/2124 2063/2254/2129 1957/2142/2022
f 2064/2257/2132 2065/2258/2133 1953/2139/2019 1955/2140/2020
f 2064/2257/2132 2062/2256/2131 2066/2259/2134 2065/2258/2133
f 2067/1729/1646 2065/2258/2133 2066/2259/2134 2068/2260/2135
f 2065/2258/2133 2067/1729/1646 1613/1728/1645 1953/2139/2019
f 2067/1729/1646 2068/2260/2135 2070/2261/2136 1612/1726/1643
f 2068/2260/2135 2069/2262/2137 2072/2263/2138 2070/2261/2136
f 2069/2262/2137 2068/2260/2135 2066/2259/2134 2334/2264/2139
f 1609/1717/1637 1612/1726/1643 2070/2261/2136 2071/2265/2140
f 2071/2265/2140 2070/2261/2136 2072/2263/2138 2073/2266/2141
f 2077/2267/2142 2073/2266/2141 2072/2263/2138 2074/2268/2143
f 2072/2263/2138 2069/2262/2137 2076/2269/2144 2074/2268/2143
f 2076/2269/2144 2329/2270/2145 2075/2271/2146 2074/2268/2143
f 2077/2267/2142 2074/2268/2143 2075/2271/2146 2079/2272/2147
f 2077/2267/2142 2078/2273/2148 2268/2274/2149 2073/2266/2141
f 2079/2272/2147 2080/2275/2150 2078/2273/2148 2077/2267/2142
f 2080/2275/2150 2079/2272/2147 2081/2276/2151 2084/2277/2152
f 2075/2271/2146 2083/2278/2153 2081/2276/2151 2079/2272/2147
f 2322/2279/2154 2082/2280/2155 2081/2276/2151 2083/2278/2153
f 2081/2276/2151 2082/2280/2155 2086/2281/2156 2084/2277/2152
f 2080/2282/2150 2084/2283/2152 2085/2284/2157 2235/2285/2158
f 2086/2286/2156 2087/2287/2159 2085/2284/2157 2084/2283/2152
f 2089/2288/2160 2087/2289/2159 2086/2281/2156 2088/2290/2161
f 2090/2291/2162 2088/2290/2161 2086/2281/2156 2082/2280/2155
f 2089/2288/2160 2088/2290/2161 2091/2292/2163 2092/2293/2164
f 2088/2290/2161 2090/2291/2162 2093/2294/2165 2091/2292/2163
f 2096/2295/2166 2092/2293/2164 2091/2292/2163 2094/2296/2167
f 2094/2296/2167 2091/2292/2163 2093/2294/2165 2095/2297/2168
f 2094/2296/2167 2095/2297/2168 2098/2298/2169 2097/2299/2170
f 2094/2296/2167 2097/2299/2170 2099/2300/2171 2096/2295/2166
f 2098/2298/2169 2015/2208/2083 2100/2210/2085 2097/2299/2170
f 2100/2210/2085 2101/2301/2172 2099/2300/2171 2097/2299/2170
f 2103/2204/2079 2101/2301/2172 2100/2210/2085 2011/2205/2080
f 2101/2301/2172 2102/2302/2173 2272/2303/2174 2099/2300/2171
f 2101/2301/2172 2103/2204/2079 2104/2304/2175 2102/2302/2173
f 2012/2202/2077 2105/2305/2176 2104/2304/2175 2103/2204/2079
f 2104/2304/2175 2105/2305/2176 2108/2306/2177 2107/2307/2178
f 2274/2308/2179 2102/2302/2173 2104/2304/2175 2106/2309/2180
f 2106/2309/2180 2104/2304/2175 2107/2307/2178 2110/2310/2181
f 2109/2311/2182 2107/2307/2178 2108/2306/2177 2305/2312/2183
f 2111/2313/2184 2110/2310/2181 2107/2307/2178 2109/2311/2182
f 2114/2314/2185 2106/2309/2180 2110/2310/2181 2112/2315/2186
f 2113/2316/2187 2112/2315/2186 2110/2310/2181 2111/2313/2184
f 2113/2316/2187 2118/2317/2188 2115/2318/2189 2112/2315/2186
f 2115/2318/2189 2117/2319/2190 2114/2314/2185 2112/2315/2186
f 2282/2320/2191 2117/2319/2190 2115/2318/2189 2116/2321/2192
f 2119/2322/2193 2116/2321/2192 2115/2318/2189 2118/2317/2188
f 2122/2323/2194 2120/2324/2195 2118/2317/2188 2113/2316/2187
f 2121/2325/2196 2119/2322/2193 2118/2317/2188 2120/2324/2195
f 2125/2326/2197 2121/2325/2196 2120/2324/2195 2123/2327/2198
f 2124/2328/2199 2123/2327/2198 2120/2324/2195 2122/2323/2194
f 2123/2327/2198 2124/2328/2199 2128/2329/2200 2126/2330/2201
f 2126/2330/2201 2127/2331/2202 2125/2326/2197 2123/2327/2198
f 2127/2331/2202 2126/2330/2201 2129/2332/2203 2132/2333/2204
f 2128/2329/2200 2130/2334/2205 2129/2332/2203 2126/2330/2201
f 2129/2332/2203 2130/2334/2205 2144/2335/2206 2131/2336/2207
f 2134/2337/2208 2132/2333/2204 2129/2332/2203 2131/2336/2207
f 2192/2338/2209 2127/2331/2202 2132/2333/2204 2133/2339/2210
f 2135/2340/2211 2133/2339/2210 2132/2333/2204 2134/2337/2208
f 2131/2336/2207 2139/2341/2212 2136/2342/2213 2134/2337/2208
f 2135/2340/2211 2134/2337/2208 2136/2342/2213 2138/2343/2214
f 2140/2344/2215 2137/2345/2216 2136/2342/2213 2139/2341/2212
f 2136/2342/2213 2137/2345/2216 2296/2346/2217 2138/2343/2214
f 2139/2341/2212 2131/2336/2207 2144/2335/2206 2141/2347/2218
f 2142/2348/2219 2140/2344/2215 2139/2341/2212 2141/2347/2218
f 2142/2348/2219 2141/2347/2218 2143/2349/2220 2162/2350/2221
f 2144/2335/2206 2145/2351/2222 2143/2349/2220 2141/2347/2218
f 2147/2352/2223 2145/2351/2222 2144/2335/2206 2130/2334/2205
f 2146/2353/2224 2155/2354/2225 2143/2349/2220 2145/2351/2222
f 2145/2351/2222 2147/2352/2223 2149/2355/2226 2146/2353/2224
f 2147/2352/2223 2130/2334/2205 2128/2329/2200 2148/2356/2227
f 2149/2355/2226 2147/2352/2223 2148/2356/2227 2150/2357/2228
f 2152/2358/2229 2151/2359/2230 2149/2355/2226 2150/2357/2228
f 2153/2360/2231 2146/2353/2224 2149/2355/2226 2151/2359/2230
f 2301/2001/1891 1840/1995/1885 2151/2359/2230 2152/2358/2229
f 1840/1995/1885 1837/1996/1886 2153/2360/2231 2151/2359/2230
f 2155/2354/2225 2146/2353/2224 2153/2360/2231 2154/2361/2232
f 2156/1997/1887 2154/2361/2232 2153/2360/2231 1837/1996/1886
f 2154/2361/2232 2157/2362/2233 2160/2363/2234 2155/2354/2225
f 2157/2362/2233 2154/2361/2232 2156/1997/1887 2159/2364/2235
f 2160/2365/2234 2157/2366/2233 2158/2367/2236 2161/2368/2237
f 2159/2369/2235 2297/2370/2238 2158/2367/2236 2157/2366/2233
f 2163/2371/2239 2162/2372/2221 2160/2365/2234 2161/2368/2237
f 2143/2349/2220 2155/2354/2225 2160/2363/2234 2162/2350/2221
f 2165/2373/2240 2142/2374/2219 2162/2372/2221 2163/2371/2239
f 2165/2373/2240 2163/2371/2239 2164/1606/1531 2167/2375/2241
f 2161/2368/2237 1509/1604/1529 2164/1606/1531 2163/2371/2239
f 2142/2374/2219 2165/2373/2240 2166/2376/2242 2140/2377/2215
f 2167/2375/2241 2168/2378/2243 2166/2376/2242 2165/2373/2240
f 2168/2378/2243 2167/2375/2241 2169/2379/2244 2170/2380/2245
f 2169/2379/2244 2167/2375/2241 2164/1606/1531 1508/1607/1532
f 2169/2379/2244 2171/2381/2246 2172/2382/2247 2170/2380/2245
f 1508/1607/1532 1511/1608/1533 2171/2381/2246 2169/2379/2244
f 2173/2383/2248 2174/2384/2249 2172/2382/2247 2171/2381/2246
f 1513/1610/1535 2173/2383/2248 2171/2381/2246 1511/1608/1533
f 2173/2383/2248 2175/2385/2250 2178/2386/2251 2174/2384/2249
f 2175/2385/2250 2173/2383/2248 1513/1610/1535 2176/1613/1538
f 2177/2387/2252 2175/2385/2250 2176/1613/1538 2247/2388/2253
f 2177/2387/2252 2179/2389/2254 2178/2386/2251 2175/2385/2250
f 2178/2390/2251 2179/2391/2254 2182/2392/2255 2180/2393/2256
f 2183/2394/2257 2174/2395/2249 2178/2390/2251 2180/2393/2256
f 2181/2396/2258 2185/2397/2259 2183/2394/2257 2180/2393/2256
f 2180/2393/2256 2182/2392/2255 2206/2398/2260 2181/2396/2258
f 2172/2399/2247 2174/2395/2249 2183/2394/2257 2184/2400/2261
f 2187/2401/2262 2184/2400/2261 2183/2394/2257 2185/2397/2259
f 2181/2396/2258 2205/2402/2263 2186/2403/2264 2185/2397/2259
f 2187/2401/2262 2185/2397/2259 2186/2403/2264 2188/2404/2265
f 2188/2404/2265 2135/2340/2211 2138/2343/2214 2187/2401/2262
f 2187/2401/2262 2138/2343/2214 2296/2346/2217 2184/2400/2261
f 2188/2404/2265 2189/2405/2266 2133/2339/2210 2135/2340/2211
f 2186/2403/2264 2190/2406/2267 2189/2405/2266 2188/2404/2265
f 2191/2407/2268 2192/2338/2209 2133/2339/2210 2189/2405/2266
f 2194/2408/2269 2191/2407/2268 2189/2405/2266 2190/2406/2267
f 2191/2407/2268 2193/2409/2270 2289/2410/2271 2192/2338/2209
f 2194/2408/2269 2195/2411/2272 2193/2409/2270 2191/2407/2268
f 2196/2412/2273 2197/2413/2274 2195/2411/2272 2194/2408/2269
f 2190/2406/2267 2198/2414/2275 2196/2412/2273 2194/2408/2269
f 2201/2415/2276 2197/2413/2274 2196/2412/2273 2199/2416/2277
f 2202/2417/2278 2199/2416/2277 2196/2412/2273 2198/2414/2275
f 2295/2418/2279 2201/2415/2276 2199/2416/2277 2200/2419/2280
f 2203/2420/2281 2200/2419/2280 2199/2416/2277 2202/2417/2278
f 2202/2417/2278 2198/2414/2275 2205/2402/2263 2204/2421/2282
f 2203/2420/2281 2202/2417/2278 2204/2421/2282 2207/2422/2283
f 2206/2398/2260 2204/2421/2282 2205/2402/2263 2181/2396/2258
f 2208/2423/2284 2207/2422/2283 2204/2421/2282 2206/2398/2260
f 2208/2423/2284 2210/2424/2285 2209/2425/2286 2207/2422/2283
f 2203/2420/2281 2207/2422/2283 2209/2425/2286 2211/2426/2287
f 2212/2427/2288 2211/2426/2287 2209/2425/2286 2210/2424/2285
f 2212/2427/2288 2215/2428/2289 2213/2429/2290 2211/2426/2287
f 2211/2426/2287 2213/2429/2290 2200/2419/2280 2203/2420/2281
f 2214/2430/2291 2295/2418/2279 2200/2419/2280 2213/2429/2290
f 2217/2431/2292 2214/2430/2291 2213/2429/2290 2215/2428/2289
f 2215/2428/2289 2212/2427/2288 2254/2432/2293 2216/2433/2294
f 2216/2433/2294 2219/2434/2295 2217/2431/2292 2215/2428/2289
f 2294/2435/2296 2214/2430/2291 2217/2431/2292 2218/2436/2297
f 2220/2437/2298 2218/2436/2297 2217/2431/2292 2219/2434/2295
f 2216/2433/2294 2224/2438/2299 2221/2439/2300 2219/2434/2295
f 2221/2439/2300 2222/2440/2301 2220/2437/2298 2219/2434/2295
f 2271/2441/2302 2222/2440/2301 2221/2439/2300 2223/2442/2303
f 2226/2443/2304 2223/2442/2303 2221/2439/2300 2224/2438/2299
f 2224/2438/2299 2216/2433/2294 2254/2432/2293 2225/2444/2305
f 2225/2444/2305 2228/2445/2306 2226/2443/2304 2224/2438/2299
f 2269/2446/2307 2223/2442/2303 2226/2443/2304 2227/2447/2308
f 2229/2448/2309 2227/2447/2308 2226/2443/2304 2228/2445/2306
f 2231/2449/2310 2230/2450/2311 2228/2445/2306 2225/2444/2305
f 2230/2451/2311 2233/2452/2312 2229/2453/2309 2228/2454/2306
f 2230/2450/2311 2231/2449/2310 2258/2455/2313 2232/2456/2314
f 2230/2451/2311 2232/2457/2314 2234/2458/2315 2233/2452/2312
f 2085/2284/2157 2087/2287/2159 2229/2453/2309 2233/2452/2312
f 2234/2458/2315 2235/2285/2158 2085/2284/2157 2233/2452/2312
f 2239/2459/2316 2235/2285/2158 2234/2458/2315 2236/2460/2317
f 2238/2461/2318 2236/2460/2317 2234/2458/2315 2232/2457/2314
f 2240/2462/2319 2239/2459/2316 2236/2460/2317 2237/2463/2320
f 2259/2464/2321 2237/2463/2320 2236/2460/2317 2238/2461/2318
f 2235/2285/2158 2239/2459/2316 2078/2465/2148 2080/2282/2150
f 2240/2462/2319 2241/2466/2322 2078/2465/2148 2239/2459/2316
f 2241/2466/2322 2240/2462/2319 2242/1626/1551 1525/1625/1550
f 2242/1626/1551 2240/2462/2319 2237/2463/2320 2243/2467/2323
f 2245/2468/2324 1524/1624/1549 2242/1626/1551 2243/2467/2323
f 2244/2469/2325 2243/2467/2323 2237/2463/2320 2259/2464/2321
f 2243/2467/2323 2244/2469/2325 2246/2470/2326 2245/2468/2324
f 2247/2388/2253 2245/2468/2324 2246/2470/2326 2177/2387/2252
f 2245/2468/2324 2247/2388/2253 1522/1618/1543 1524/1624/1549
f 1522/1618/1543 2247/2388/2253 2176/1613/1538 1514/1612/1537
f 2250/2471/2327 2248/2472/2328 2246/2470/2326 2244/2469/2325
f 2179/2389/2254 2177/2387/2252 2246/2470/2326 2248/2472/2328
f 2248/2473/2328 2249/2474/2329 2182/2392/2255 2179/2391/2254
f 2249/2474/2329 2248/2473/2328 2250/2475/2327 2253/2476/2330
f 2259/2464/2321 2251/2477/2331 2250/2471/2327 2244/2469/2325
f 2251/2477/2331 2256/2478/2332 2252/2479/2333 2250/2471/2327
f 2253/2476/2330 2250/2475/2327 2252/2480/2333 2254/2432/2293
f 2253/2476/2330 2254/2432/2293 2212/2427/2288 2210/2424/2285
f 2210/2424/2285 2208/2423/2284 2249/2474/2329 2253/2476/2330
f 2255/2481/2334 2254/2432/2293 2252/2480/2333 2256/2482/2332
f 2231/2449/2310 2225/2444/2305 2254/2432/2293 2255/2481/2334
f 2256/2478/2332 2251/2477/2331 2257/2483/2335 2255/2484/2334
f 2255/2484/2334 2257/2483/2335 2258/2485/2313 2231/2486/2310
f 2238/2461/2318 2232/2457/2314 2258/2485/2313 2257/2483/2335
f 2257/2483/2335 2251/2477/2331 2259/2464/2321 2238/2461/2318
f 2249/2474/2329 2208/2423/2284 2206/2398/2260 2182/2392/2255
f 2260/2487/2336 2241/2466/2322 1525/1625/1550 1527/1627/1552
f 2260/2487/2336 2261/2488/2337 2078/2465/2148 2241/2466/2322
f 2261/2488/2337 2260/2487/2336 2262/2489/2338 2263/2490/2339
f 1527/1627/1552 1530/1628/1553 2262/2489/2338 2260/2487/2336
f 2265/2491/2340 2263/2490/2339 2262/2489/2338 2264/2492/2341
f 2262/2489/2338 1530/1628/1553 2264/2492/2341
f 2265/2491/2340 2264/2492/2341 1560/1663/1584 2266/2493/1591
f 2586/1631/1556 1560/1663/1584 2264/2492/2341 1530/1628/1553
f 2265/2494/2340 1603/1714/1634 1605/1715/1635 2263/2495/2339
f 1603/1714/1634 2265/2494/2340 1570/1677/1597 1601/1678/1598
f 1570/1677/1597 2265/2494/2340 2266/1671/1591 1564/1669/1589
f 2261/2488/2337 2263/2490/2339 1605/2496/1635 2267/2497/2342
f 2261/2498/2337 2267/2499/2342 2268/2274/2149 2078/2273/2148
f 2267/2499/2342 1605/1718/1635 1609/1717/1637 2071/2265/2140
f 2071/2265/2140 2073/2266/2141 2268/2274/2149 2267/2499/2342
f 2089/2288/2160 2227/2447/2308 2229/2448/2309 2087/2289/2159
f 2227/2447/2308 2089/2288/2160 2092/2293/2164 2269/2446/2307
f 2223/2442/2303 2269/2446/2307 2270/2500/2343 2271/2441/2302
f 2270/2500/2343 2269/2446/2307 2092/2293/2164 2096/2295/2166
f 2099/2300/2171 2272/2303/2174 2270/2500/2343 2096/2295/2166
f 2273/2501/2344 2271/2441/2302 2270/2500/2343 2272/2303/2174
f 2102/2302/2173 2274/2308/2179 2273/2501/2344 2272/2303/2174
f 2222/2440/2301 2271/2441/2302 2273/2501/2344 2275/2502/2345
f 2276/2503/2346 2275/2502/2345 2273/2501/2344 2274/2308/2179
f 2279/2504/2347 2277/2505/2348 2275/2502/2345 2276/2503/2346
f 2275/2502/2345 2277/2505/2348 2220/2437/2298 2222/2440/2301
f 2277/2505/2348 2278/2506/2349 2218/2436/2297 2220/2437/2298
f 2277/2505/2348 2279/2504/2347 2280/2507/2350 2278/2506/2349
f 2117/2319/2190 2282/2320/2191 2280/2507/2350 2279/2504/2347
f 2279/2504/2347 2276/2503/2346 2114/2314/2185 2117/2319/2190
f 2293/2508/2351 2278/2506/2349 2280/2507/2350 2281/2509/2352
f 2283/2510/2353 2281/2509/2352 2280/2507/2350 2282/2320/2191
f 2283/2510/2353 2282/2320/2191 2116/2321/2192 2285/2511/2354
f 2281/2509/2352 2283/2510/2353 2284/2512/2355 2290/2513/2356
f 2285/2511/2354 2287/2514/2357 2284/2512/2355 2283/2510/2353
f 2116/2321/2192 2119/2322/2193 2286/2515/2358 2285/2511/2354
f 2287/2514/2357 2285/2511/2354 2286/2515/2358 2288/2516/2359
f 2287/2514/2357 2288/2516/2359 2289/2410/2271 2193/2409/2270
f 2284/2512/2355 2287/2514/2357 2193/2409/2270 2195/2411/2272
f 2121/2325/2196 2288/2516/2359 2286/2515/2358 2119/2322/2193
f 2288/2516/2359 2121/2325/2196 2125/2326/2197 2289/2410/2271
f 2192/2338/2209 2289/2410/2271 2125/2326/2197 2127/2331/2202
f 2197/2413/2274 2290/2513/2356 2284/2512/2355 2195/2411/2272
f 2281/2509/2352 2290/2513/2356 2291/2517/2360 2293/2508/2351
f 2197/2413/2274 2201/2415/2276 2291/2517/2360 2290/2513/2356
f 2293/2508/2351 2291/2517/2360 2292/2518/2361 2294/2435/2296
f 2291/2517/2360 2201/2415/2276 2295/2418/2279 2292/2518/2361
f 2293/2508/2351 2294/2435/2296 2218/2436/2297 2278/2506/2349
f 2294/2435/2296 2292/2518/2361 2295/2418/2279 2214/2430/2291
f 2274/2308/2179 2106/2309/2180 2114/2314/2185 2276/2503/2346
f 2198/2414/2275 2190/2406/2267 2186/2403/2264 2205/2402/2263
f 2296/2346/2217 2170/2519/2245 2172/2399/2247 2184/2400/2261
f 2168/2520/2243 2170/2519/2245 2296/2346/2217 2137/2345/2216
f 2137/2345/2216 2140/2344/2215 2166/2521/2242 2168/2520/2243
f 1509/1604/1529 2161/2368/2237 2158/2367/2236 1505/1602/1527
f 2298/1992/1882 2159/2364/2235 2156/1997/1887 1834/1989/1881
f 2299/2522/2362 2297/2370/2238 2159/2369/2235 2298/2523/1882
f 2299/2522/2362 2298/2523/1882 1461/1565/1493 2300/1564/1496
f 2299/2522/2362 2300/1564/1496 1494/2524/1517 1500/1599/1521
f 2299/2522/2362 1500/1599/1521 1503/1598/1524 2297/2370/2238
f 2158/2367/2236 2297/2370/2238 1503/1598/1524 1505/1602/1527
f 2303/2525/2363 2302/2526/2364 2152/2358/2229 2150/2357/2228
f 1843/2002/1892 2301/2001/1891 2152/2358/2229 2302/2526/2364
f 1846/2003/1893 1843/2002/1892 2302/2526/2364 2304/2527/2365
f 2306/2528/2366 2304/2527/2365 2302/2526/2364 2303/2525/2363
f 2305/2312/2183 2309/2006/1896 1846/2003/1893 2304/2527/2365
f 2305/2312/2183 2304/2527/2365 2306/2528/2366 2109/2311/2182
f 2308/2529/2367 2307/2530/2368 2306/2528/2366 2303/2525/2363
f 2111/2313/2184 2109/2311/2182 2306/2528/2366 2307/2530/2368
f 2124/2328/2199 2122/2323/2194 2307/2530/2368 2308/2529/2367
f 2113/2316/2187 2111/2313/2184 2307/2530/2368 2122/2323/2194
f 2308/2529/2367 2148/2356/2227 2128/2329/2200 2124/2328/2199
f 2303/2525/2363 2150/2357/2228 2148/2356/2227 2308/2529/2367
f 2309/2006/1896 2305/2312/2183 2108/2306/2177 2310/2531/2369
f 2309/2006/1896 2310/2531/2369 1852/2010/1900 1845/2005/1895
f 2311/2532/2370 1854/2013/1903 1852/2010/1900 2310/2531/2369
f 2108/2306/2177 2105/2305/2176 2311/2532/2370 2310/2531/2369
f 1857/2014/1904 1854/2013/1903 2311/2532/2370 2009/2201/2076
f 2012/2202/2077 2009/2201/2076 2311/2532/2370 2105/2305/2176
f 2017/2209/2084 2015/2208/2083 2098/2298/2169 2312/2533/2371
f 2313/2534/2372 2312/2533/2371 2098/2298/2169 2095/2297/2168
f 2023/2215/2090 2019/2212/2087 2017/2209/2084 2312/2533/2371
f 2313/2534/2372 2315/2219/2094 2023/2215/2090 2312/2533/2371
f 2314/2535/2373 2316/2536/2374 2315/2219/2094 2313/2534/2372
f 2313/2534/2372 2095/2297/2168 2093/2294/2165 2314/2535/2373
f 2316/2536/2374 2317/2224/2099 2024/2218/2093 2315/2219/2094
f 2316/2536/2374 2314/2535/2373 2321/2537/2375 2318/2538/2376
f 2318/2538/2376 2319/2539/2377 2317/2224/2099 2316/2536/2374
f 2318/2538/2376 2320/2540/2378 2324/2541/2379 2319/2539/2377
f 2321/2537/2375 2322/2279/2154 2320/2540/2378 2318/2538/2376
f 2093/2294/2165 2090/2291/2162 2321/2537/2375 2314/2535/2373
f 2082/2280/2155 2322/2279/2154 2321/2537/2375 2090/2291/2162
f 2083/2278/2153 2323/2542/2380 2320/2540/2378 2322/2279/2154
f 2323/2542/2380 2326/2543/2381 2324/2541/2379 2320/2540/2378
f 2326/2543/2381 2327/2544/2382 2325/2232/2107 2324/2541/2379
f 2319/2539/2377 2324/2541/2379 2325/2232/2107 2035/2231/2106
f 2327/2544/2382 2326/2543/2381 2328/2545/2383 2331/2546/2384
f 2328/2545/2383 2326/2543/2381 2323/2542/2380 2329/2270/2145
f 2328/2545/2383 2329/2270/2145 2076/2269/2144 2330/2547/2385
f 2332/2548/2386 2331/2546/2384 2328/2545/2383 2330/2547/2385
f 2333/2549/2387 2327/2544/2382 2331/2546/2384 2332/2548/2386
f 2334/2264/2139 2333/2549/2387 2332/2548/2386 2330/2547/2385
f 2334/2264/2139 2066/2259/2134 2335/2550/2388 2333/2549/2387
f 2335/2550/2388 2336/2551/2389 2327/2544/2382 2333/2549/2387
f 2066/2259/2134 2062/2256/2131 2336/2551/2389 2335/2550/2388
f 2337/2255/2130 2327/2544/2382 2336/2551/2389 2062/2256/2131
f 2334/2264/2139 2330/2547/2385 2076/2269/2144 2069/2262/2137
f 2323/2542/2380 2083/2278/2153 2075/2271/2146 2329/2270/2145
f 2327/2544/2382 2337/2255/2130 2034/2233/2108 2325/2232/2107
f 2059/2252/2127 2037/2234/2109 2034/2233/2108 2337/2255/2130
f 2319/2539/2377 2035/2231/2106 2028/2223/2098 2317/2224/2099
f 1979/2167/2047 2026/2222/2097 2046/2228/2103 2048/2166/2046
f 1989/2176/2055 2346/2552/2390 2338/2103/1989 1993/2181/2058
f 2339/2186/2062 1993/2181/2058 2338/2103/1989 2340/2553/2391
f 2343/2554/2392 2342/2067/1953 2339/2186/2062 2340/2553/2391
f 1885/2047/1937 1992/2185/2061 2339/2555/2062 2341/2050/1940
f 1884/2048/1938 2341/2050/1940 2339/2555/2062 2342/2556/1953
f 2342/2067/1953 2343/2554/2392 2344/2074/1960 1895/2066/1952
f 2345/2095/1981 1918/2094/1980 2343/2554/2392 2340/2553/2391
f 2343/2554/2392 1918/2094/1980 1912/2087/1973 2344/2074/1960
f 2345/2095/1981 2340/2553/2391 2338/2103/1989 1922/2098/1984
f 2347/2111/1997 1927/2104/1990 2338/2103/1989 2346/2552/2390
f 2346/2552/2390 1989/2176/2055 1986/2175/2052 2348/2557/2393
f 2348/2557/2393 1931/2109/1995 2347/2111/1997 2346/2552/2390
f 2348/2557/2393 2349/2558/2394 1933/2110/1996 1931/2109/1995
f 1986/2172/2052 1983/2169/2049 2349/2559/2394 2348/2560/2393
f 1976/2162/2042 1974/2161/2041 2349/2559/2394 1983/2169/2049
f 1974/2161/2041 1935/2118/2000 1933/2561/1996 2349/2559/2394
f 1936/2113/1999 1944/2127/2009 2350/2106/1992 1929/2107/1993
f 1623/1746/1657 1626/1745/1659 2350/2106/1992 1944/2127/2009
f 1628/1747/1660 1925/2101/1987 2350/2106/1992 1626/1745/1659
f 1914/2090/1976 1916/2089/1975 1923/1754/1667 2351/2562/2395
f 2352/1759/1672 2351/2562/2395 1923/1754/1667 1632/1753/1666
f 1914/2090/1976 2351/2562/2395 2353/2563/2396 2355/2091/1977
f 2351/2562/2395 2352/1759/1672 2356/2564/2397 2353/2563/2396
f 2537/2565/2398 2355/2091/1977 2353/2563/2396 2354/2566/2399
f 2354/2566/2399 2353/2563/2396 2356/2564/2397 2358/2567/2400
f 2359/2568/2401 2358/2567/2400 2356/2564/2397 2357/1766/1679
f 2356/2564/2397 2352/1759/1672 1636/1760/1673 2357/1766/1679
f 2359/2568/2401 2361/2569/2402 2360/2570/2403 2358/2567/2400
f 2354/2566/2399 2358/2567/2400 2360/2570/2403 2363/2571/2404
f 2360/2570/2403 2361/2569/2402 2538/2572/2405 2362/2573/2406
f 2365/2574/2407 2363/2571/2404 2360/2570/2403 2362/2573/2406
f 2537/2565/2398 2354/2566/2399 2363/2571/2404 2364/2575/2408
f 2367/2576/2409 2364/2575/2408 2363/2571/2404 2365/2574/2407
f 2362/2573/2406 1715/1839/1752 2366/1841/1754 2365/2574/2407
f 2367/2576/2409 2365/2574/2407 2366/1841/1754 2368/2577/2410
f 2367/2576/2409 2368/2577/2410 2371/2578/2411 2369/2579/2412
f 2369/2579/2412 2372/2082/1968 2364/2575/2408 2367/2576/2409
f 2370/2580/2413 2369/2579/2412 2371/2578/2411 2374/2581/2414
f 2369/2579/2412 2370/2580/2413 1908/2081/1967 2372/2082/1968
f 1907/2083/1969 2537/2565/2398 2364/2575/2408 2372/2082/1968
f 2385/2582/2415 2373/2583/2416 2371/2578/2411 2368/2577/2410
f 2371/2578/2411 2373/2583/2416 2376/2584/2417 2374/2581/2414
f 2374/2581/2414 2375/2585/2418 2526/2586/2419 2370/2580/2413
f 2376/2584/2417 2377/2587/2420 2375/2585/2418 2374/2581/2414
f 2373/2583/2416 2381/2588/2421 2378/2589/2422 2376/2584/2417
f 2376/2584/2417 2378/2589/2422 2379/2590/2423 2377/2587/2420
f 2380/2591/2424 2509/2592/2425 2379/2590/2423 2378/2589/2422
f 2381/2588/2421 2382/2593/2426 2380/2591/2424 2378/2589/2422
f 2382/2593/2426 2381/2588/2421 2383/2594/2427 2384/2595/2428
f 2373/2583/2416 2385/2582/2415 2383/2594/2427 2381/2588/2421
f 2388/2596/2429 2384/2595/2428 2383/2594/2427 2386/2597/2430
f 2387/2598/2431 2386/2597/2430 2383/2594/2427 2385/2582/2415
f 2386/2597/2430 2387/2598/2431 2390/2599/2432 2389/2600/2433
f 2388/2596/2429 2386/2597/2430 2389/2600/2433 2391/2601/2434
f 2392/2602/2435 2389/2600/2433 2390/2599/2432 2395/2603/2436
f 2393/2604/2437 2391/2601/2434 2389/2600/2433 2392/2602/2435
f 2393/2604/2437 2392/2602/2435 2394/2605/2438 2398/2606/2439
f 2395/2603/2436 2396/2607/2440 2394/2605/2438 2392/2602/2435
f 2396/2607/2440 2395/2603/2436 1718/1842/1755 1721/1845/1758
f 2390/2599/2432 1716/1840/1753 1718/1842/1755 2395/2603/2436
f 2397/2608/2441 2396/2607/2440 1721/1845/1758 2400/1848/1761
f 2397/2608/2441 2398/2606/2439 2394/2605/2438 2396/2607/2440
f 2398/2606/2439 2397/2608/2441 2399/2609/2442 2499/2610/2443
f 2397/2608/2441 2400/1848/1761 2401/2611/2444 2399/2609/2442
f 1720/1847/1760 2403/2612/2445 2401/2611/2444 2400/1848/1761
f 2404/2613/2446 2402/2614/2447 2401/2611/2444 2403/2612/2445
f 2401/2611/2444 2402/2614/2447 2501/2615/2448 2399/2609/2442
f 2403/2612/2445 2405/2616/2449 2406/2617/2450 2404/2613/2446
f 2405/2616/2449 2403/2612/2445 1720/1847/1760 1723/1846/1759
f 1723/1846/1759 1725/1849/1762 2407/2618/1768 2405/2616/2449
f 2406/2617/2450 2405/2616/2449 2407/2618/1768 2408/2619/2451
f 2409/1867/1775 2408/2620/2451 2407/1859/1768 1729/1861/1769
f 2408/2620/2451 2409/1867/1775 1773/1917/1815 2410/2621/2452
f 2410/2621/2452 2411/2622/2453 2406/2623/2450 2408/2620/2451
f 2411/2622/2453 2410/2621/2452 2412/2624/2454 2414/2625/2455
f 1773/1917/1815 1775/1918/1816 2412/2624/2454 2410/2621/2452
f 1778/1920/1818 2413/2626/2456 2412/2624/2454 1775/1918/1816
f 2412/2624/2454 2413/2626/2456 2416/2627/2457 2414/2625/2455
f 2414/2625/2455 2415/2628/2458 2505/2629/2459 2411/2622/2453
f 2416/2630/2457 2418/2631/2460 2415/2632/2458 2414/2633/2455
f 2420/2634/2461 2418/2631/2460 2416/2630/2457 2417/2635/2462
f 2471/2636/2463 2417/2637/2462 2416/2627/2457 2413/2626/2456
f 2418/2631/2460 2419/2638/2464 2504/2639/2465 2415/2632/2458
f 2419/2638/2464 2418/2631/2460 2420/2634/2461 2421/2640/2466
f 2473/2641/2467 2421/2640/2466 2420/2634/2461 2422/2642/2468
f 2424/2643/2469 2422/2642/2468 2420/2634/2461 2423/2644/2470
f 2420/2645/2461 2417/2637/2462 2426/2646/2471 2423/2647/2470
f 2424/2648/2469 2423/2647/2470 2425/2649/2472 2468/2650/2473
f 2425/2649/2472 2423/2647/2470 2426/2646/2471 2428/2651/2474
f 2417/2637/2462 2471/2636/2463 2427/2652/2475 2426/2646/2471
f 2428/2651/2474 2426/2646/2471 2427/2652/2475 2430/2653/2476
f 2429/2654/2477 2469/2655/2478 2425/2649/2472 2428/2651/2474
f 2428/2651/2474 2430/2653/2476 2432/2656/2479 2429/2654/2477
f 2431/1928/1826 2430/2653/2476 2427/2652/2475 1783/1926/1824
f 2431/1928/1826 2434/2657/2480 2432/2656/2479 2430/2653/2476
f 2435/2658/2481 2433/2659/2482 2432/2656/2479 2434/2657/2480
f 2432/2656/2479 2433/2659/2482 2470/2660/2483 2429/2654/2477
f 2434/2657/2480 2431/1928/1826 1784/1927/1825 2436/1935/1833
f 2435/2658/2481 2434/2657/2480 2436/1935/1833 2437/2661/2484
f 2438/1941/1839 2437/2661/2484 2436/1935/1833 1788/1933/1831
f 2442/2662/2485 2439/2663/2486 2437/2661/2484 2438/1941/1839
f 2440/2664/2487 2435/2658/2481 2437/2661/2484 2439/2663/2486
f 2441/2665/2488 2453/2666/2489 2440/2664/2487 2439/2663/2486
f 2443/2667/2490 2441/2665/2488 2439/2663/2486 2442/2662/2485
f 2442/2662/2485 1794/1939/1837 1797/1943/1841 2443/2667/2490
f 2442/2662/2485 2438/1941/1839 1792/1940/1838 1794/1939/1837
f 1797/1943/1841 2447/1947/1845 2444/2668/2491 2443/2667/2490
f 2441/2665/2488 2443/2667/2490 2444/2668/2491 2445/2669/2492
f 2445/2669/2492 2444/2668/2491 2446/2670/2493 2449/2671/2494
f 2447/1947/1845 2448/2672/2495 2446/2670/2493 2444/2668/2491
f 2447/1947/1845 1796/1946/1844 1809/1951/1849 2448/2672/2495
f 2448/2672/2495 1809/1951/1849 2550/1957/1855 1863/2023/1913
f 2446/2670/2493 2448/2672/2495 1863/2023/1913 1865/2024/1914
f 1868/2025/1915 2449/2671/2494 2446/2670/2493 1865/2024/1914
f 2449/2671/2494 1868/2025/1915 2451/2030/1920 2450/2044/1934
f 2445/2669/2492 2449/2671/2494 2450/2044/1934 2452/2673/2496
f 1874/2034/1924 2450/2044/1934 2451/2030/1920 1867/2028/1918
f 2454/2674/2497 2452/2673/2496 2450/2044/1934 1880/2042/1932
f 2445/2669/2492 2452/2673/2496 2453/2666/2489 2441/2665/2488
f 2452/2673/2496 2454/2674/2497 2456/2675/2498 2453/2666/2489
f 1882/2043/1933 2455/2052/1942 2454/2674/2497 1880/2042/1932
f 2455/2052/1942 2457/2676/2499 2456/2675/2498 2454/2674/2497
f 2459/2677/2500 2458/2678/2501 2456/2675/2498 2457/2676/2499
f 2456/2675/2498 2458/2678/2501 2440/2664/2487 2453/2666/2489
f 2433/2659/2482 2458/2678/2501 2459/2677/2500 2460/2679/2502
f 2433/2659/2482 2435/2658/2481 2440/2664/2487 2458/2678/2501
f 2462/2680/2503 2460/2679/2502 2459/2677/2500 2461/2681/2504
f 2457/2676/2499 2464/2682/2505 2461/2681/2504 2459/2677/2500
f 2462/2680/2503 2461/2681/2504 2463/2683/2506 2469/2655/2478
f 2464/2682/2505 2465/2684/2507 2463/2683/2506 2461/2681/2504
f 2457/2676/2499 2455/2052/1942 2466/2685/2508 2464/2682/2505
f 2465/2684/2507 2464/2682/2505 2466/2685/2508 2467/2686/2509
f 2466/2685/2508 2455/2052/1942 1887/2051/1941 2467/2686/2509
f 2467/2686/2509 1887/2051/1941 1889/2053/1943 2465/2684/2507
f 1889/2053/1943 2468/2650/2473 2463/2683/2506 2465/2684/2507
f 2463/2683/2506 2468/2650/2473 2425/2649/2472 2469/2655/2478
f 2469/2655/2478 2429/2654/2477 2470/2660/2483 2462/2680/2503
f 2424/2648/2469 2468/2650/2473 1889/2053/1943 1891/2055/1945
f 2470/2660/2483 2433/2659/2482 2460/2679/2502 2462/2680/2503
f 2427/2652/2475 2471/2636/2463 1781/1923/1821 1783/1926/1824
f 2413/2626/2456 1778/1920/1818 1781/1923/1821 2471/2636/2463
f 2424/2643/2469 1891/2061/1945 2472/2060/1947 2422/2642/2468
f 2473/2641/2467 2422/2642/2468 2472/2060/1947 2474/2687/2510
f 2473/2641/2467 2474/2687/2510 2477/2688/2511 2475/2689/2512
f 2473/2641/2467 2475/2689/2512 2478/2690/2513 2421/2640/2466
f 2475/2689/2512 2476/2691/2514 2480/2692/2515 2478/2690/2513
f 2476/2691/2514 2475/2689/2512 2477/2688/2511 2535/2693/2516
f 2421/2640/2466 2478/2690/2513 2479/2694/2517 2419/2638/2464
f 2480/2692/2515 2482/2695/2518 2479/2694/2517 2478/2690/2513
f 2483/2696/2519 2482/2695/2518 2480/2692/2515 2481/2697/2520
f 2513/2698/2521 2481/2697/2520 2480/2692/2515 2476/2691/2514
f 2482/2695/2518 2483/2696/2519 2487/2699/2522 2484/2700/2523
f 2484/2700/2523 2486/2701/2524 2479/2694/2517 2482/2695/2518
f 2486/2701/2524 2484/2700/2523 2485/2702/2525 2502/2703/2526
f 2485/2702/2525 2484/2700/2523 2487/2699/2522 2489/2704/2527
f 2491/2705/2528 2489/2704/2527 2487/2699/2522 2488/2706/2529
f 2487/2699/2522 2483/2696/2519 2510/2707/2530 2488/2706/2529
f 2490/2708/2531 2500/2709/2532 2485/2702/2525 2489/2704/2527
f 2491/2705/2528 2493/2710/2533 2490/2708/2531 2489/2704/2527
f 2491/2705/2528 2488/2706/2529 2506/2711/2534 2492/2712/2535
f 2491/2705/2528 2492/2712/2535 2495/2713/2536 2493/2710/2533
f 2495/2713/2536 2496/2714/2537 2494/2715/2538 2493/2710/2533
f 2490/2708/2531 2493/2710/2533 2494/2715/2538 2498/2716/2539
f 2495/2713/2536 2492/2712/2535 2497/2717/2540 2496/2714/2537
f 2496/2714/2537 2388/2596/2429 2391/2601/2434 2494/2715/2538
f 2497/2717/2540 2384/2595/2428 2388/2596/2429 2496/2714/2537
f 2497/2717/2540 2492/2712/2535 2382/2593/2426 2384/2595/2428
f 2498/2716/2539 2494/2715/2538 2391/2601/2434 2393/2604/2437
f 2398/2606/2439 2499/2610/2443 2498/2716/2539 2393/2604/2437
f 2500/2709/2532 2490/2708/2531 2498/2716/2539 2499/2610/2443
f 2499/2610/2443 2399/2609/2442 2501/2615/2448 2500/2709/2532
f 2501/2615/2448 2502/2703/2526 2485/2702/2525 2500/2709/2532
f 2503/2718/2541 2502/2703/2526 2501/2615/2448 2402/2614/2447
f 2502/2703/2526 2503/2718/2541 2504/2639/2465 2486/2701/2524
f 2402/2614/2447 2404/2613/2446 2505/2719/2459 2503/2718/2541
f 2504/2639/2465 2503/2718/2541 2505/2719/2459 2415/2632/2458
f 2505/2719/2459 2404/2613/2446 2406/2617/2450 2411/2720/2453
f 2479/2694/2517 2486/2701/2524 2504/2639/2465 2419/2638/2464
f 2382/2593/2426 2492/2712/2535 2506/2711/2534 2380/2591/2424
f 2506/2711/2534 2507/2721/2542 2509/2592/2425 2380/2591/2424
f 2510/2707/2530 2507/2721/2542 2506/2711/2534 2488/2706/2529
f 2508/2722/2543 2507/2721/2542 2510/2707/2530 2511/2723/2544
f 2508/2722/2543 2519/2724/2545 2509/2592/2425 2507/2721/2542
f 2481/2697/2520 2511/2723/2544 2510/2707/2530 2483/2696/2519
f 2508/2722/2543 2511/2723/2544 2512/2725/2546 2515/2726/2547
f 2511/2723/2544 2481/2697/2520 2513/2698/2521 2512/2725/2546
f 2514/2727/2548 2512/2725/2546 2513/2698/2521 2533/2728/2549
f 2516/2729/2550 2515/2726/2547 2512/2725/2546 2514/2727/2548
f 2516/2729/2550 2518/2730/2551 2517/2731/2552 2515/2726/2547
f 2508/2722/2543 2515/2726/2547 2517/2731/2552 2519/2724/2545
f 2520/2732/2553 2519/2724/2545 2517/2731/2552 2518/2730/2551
f 2519/2724/2545 2520/2732/2553 2379/2590/2423 2509/2592/2425
f 2379/2590/2423 2520/2732/2553 2521/2733/2554 2377/2587/2420
f 2518/2730/2551 2522/2734/2555 2521/2733/2554 2520/2732/2553
f 2524/2735/2556 2523/2736/2557 2521/2733/2554 2522/2734/2555
f 2521/2733/2554 2523/2736/2557 2375/2585/2418 2377/2587/2420
f 2523/2736/2557 2524/2735/2556 2527/2069/1955 2525/2737/2558
f 2523/2736/2557 2525/2737/2558 2526/2586/2419 2375/2585/2418
f 1903/2076/1962 1905/2078/1964 2526/2586/2419 2525/2737/2558
f 1903/2076/1962 2525/2737/2558 2527/2069/1955 1897/2070/1956
f 2527/2069/1955 2528/2738/2559 2531/2063/1949 1893/2064/1950
f 2529/2739/2560 2528/2738/2559 2527/2069/1955 2524/2735/2556
f 2530/2740/2561 2528/2738/2559 2529/2739/2560 2536/2741/2562
f 2528/2738/2559 2530/2740/2561 2532/2742/2563 2531/2063/1949
f 1892/2062/1948 2531/2063/1949 2532/2742/2563 2534/2743/2564
f 2535/2693/2516 2534/2743/2564 2532/2742/2563 2533/2728/2549
f 2532/2742/2563 2530/2740/2561 2514/2727/2548 2533/2728/2549
f 2534/2743/2564 2535/2693/2516 2477/2688/2511 2474/2687/2510
f 2534/2743/2564 2474/2687/2510 2472/2060/1947 1892/2062/1948
f 2535/2693/2516 2533/2728/2549 2513/2698/2521 2476/2691/2514
f 2536/2741/2562 2516/2729/2550 2514/2727/2548 2530/2740/2561
f 2518/2730/2551 2516/2729/2550 2536/2741/2562 2522/2734/2555
f 2522/2734/2555 2536/2741/2562 2529/2739/2560 2524/2735/2556
f 2526/2586/2419 1905/2078/1964 1908/2081/1967 2370/2580/2413
f 2366/1841/1754 1716/1840/1753 2390/2599/2432 2387/2598/2431
f 2385/2582/2415 2368/2577/2410 2366/1841/1754 2387/2598/2431
f 1907/2083/1969 1910/2084/1970 2355/2091/1977 2537/2565/2398
f 1715/1839/1752 2362/2573/2406 2538/2572/2405 1713/1836/1749
f 2539/1826/1739 1703/1825/1738 2538/2572/2405 2361/2569/2402
f 2538/2572/2405 1703/1825/1738 1705/1827/1740 1713/1836/1749
f 2361/2569/2402 2359/2568/2401 2540/2744/2565 2539/1826/1739
f 2540/2744/2565 2541/2745/2566 1702/1824/1737 2539/1826/1739
f 2357/1766/1679 1640/1765/1678 2540/2744/2565 2359/2568/2401
f 1643/1764/1677 2541/2745/2566 2540/2744/2565 1640/1765/1678
f 2541/2745/2566 2542/2746/2567 1700/1819/1732 1702/1824/1737
f 2541/2745/2566 1643/1764/1677 2544/1772/1685 2542/2746/2567
f 2543/1815/1728 1693/1814/1727 1700/1819/1732 2542/2746/2567
f 2543/1815/1728 2542/2746/2567 2544/1772/1685 2545/2747/2568
f 2546/2748/2569 2545/2747/2568 2544/1772/1685 1644/1771/1684
f 2545/2747/2568 2546/2748/2569 2548/2749/2570 2547/2750/2571
f 2545/2747/2568 2547/2750/2571 1687/1808/1721 2543/1815/1728
f 1682/1805/1718 1685/1806/1719 1687/1808/1721 2547/2750/2571
f 1682/1805/1718 2547/2750/2571 2548/2749/2570 1680/1803/1716
f 2546/2748/2569 1662/1788/1701 2549/1790/1703 2548/2749/2570
f 1680/1803/1716 2548/2749/2570 2549/1790/1703 1678/1802/1715
f 1678/1802/1715 2549/1790/1703 1663/1789/1702 2578/1799/1712
f 2546/2748/2569 1644/1771/1684 2579/1787/1700 1662/1788/1701
f 2550/1957/1855 1810/1956/1854 2551/1962/1860 1862/2022/1912
f 2551/1962/1860 1851/2008/1898 1855/2012/1902 1862/2022/1912
f 1849/1966/1864 1851/2008/1898 2551/1962/1860 1813/1961/1859
f 2553/2751/2572 1452/1550/1482 1830/1551/1483 1828/1984/1878
f 2553/2751/2572 1828/1984/1878 2552/1983/1866 2555/2752/2573
f 1452/1550/1482 2553/2751/2572 2554/1544/1476 1446/1542/1474
f 2555/2752/2573 1420/1510/1444 2554/1544/1476 2553/2751/2572
f 2556/2753/1439 2555/2752/2573 2552/1983/1866 1815/2754/1861
f 2556/1500/1439 1415/1499/1438 1420/1505/1444 2555/2755/2573
f 2557/1898/1800 2559/1462/1405 1387/1461/1404 1755/1467/1410
f 2557/1898/1800 2558/2756/2574 2560/2757/2575 2559/1462/1405
f 2558/2756/2574 2557/1898/1800 1754/1895/1797 1752/1894/1796
f 1382/1454/1397 2559/1462/1405 2560/2757/2575 1379/1451/1394
f 1376/1444/1387 1379/1451/1394 2560/2757/2575 2561/2758/2576
f 2560/2757/2575 2558/2756/2574 2563/2759/2577 2561/2758/2576
f 1372/1443/1386 1376/1444/1387 2561/2758/2576 2562/2760/2578
f 2562/2760/2578 2561/2758/2576 2563/2759/2577 2564/2761/2579
f 2558/2756/2574 1752/1894/1796 1750/1893/1795 2563/2759/2577
f 2564/2761/2579 2563/2759/2577 1750/1893/1795 2565/1878/1783
f 1740/1875/1782 2566/2762/2580 2564/2761/2579 2565/1878/1783
f 2568/2763/2581 2562/2760/2578 2564/2761/2579 2566/2762/2580
f 1738/1874/1779 2567/2764/2582 2566/2762/2580 1740/1875/1782
f 2569/2765/2583 2568/2763/2581 2566/2762/2580 2567/2764/2582
f 2569/2765/2583 2570/2766/2584 1370/1441/1384 2568/2763/2581
f 2562/2760/2578 2568/2763/2581 1370/1441/1384 1372/1443/1386
f 2570/2766/2584 2569/2765/2583 2571/2767/2585 2574/2768/2586
f 2571/2767/2585 2569/2765/2583 2567/2764/2582 2572/2769/1771
f 1727/1854/1766 2573/1853/1744 2571/2770/2585 2572/1863/1771
f 1707/1830/1743 2574/2768/2586 2571/2767/2585 2573/1831/1744
f 1695/1817/1730 2570/2766/2584 2574/2768/2586 1697/1818/1731
f 1699/1821/1734 1697/1818/1731 2574/2768/2586 1707/1830/1743
f 1731/1864/1772 2572/1863/1771 2567/2771/2582 1738/1871/1779
f 1695/1817/1730 2575/1442/1385 1370/1441/1384 2570/2766/2584
f 1366/1436/1379 2575/1442/1385 1690/1812/1725 2577/1435/1378
f 1688/1425/1368 1358/1423/1366 2576/1430/1373 1691/1811/1724
f 2577/1435/1378 1691/1811/1724 2576/1430/1373 1362/1429/1372
f 2578/1799/1712 1663/1789/1702 1665/1791/1704 1671/1795/1708
f 1670/1793/1706 1668/1667/1587 1558/1657/1581 1556/1656/1580
f 1646/1773/1686 1661/1786/1699 2579/1787/1700 1644/1771/1684
f 1646/1773/1686 1648/1774/1687 1655/1780/1693 1661/1786/1699
f 1657/1681/1601 1568/1674/1594 1566/1672/1592 1659/1783/1696
f 1653/1778/1691 1655/1780/1693 1648/1774/1687
f 2580/1721/1639 1583/1692/1612 1578/1684/1604 1638/1762/1675
f 1607/1722/1640 2580/1721/1639 1634/1757/1670 2581/1756/1669
f 1610/2772/1641 1607/1722/1640 2581/1756/1669 1618/2773/1650
f 1621/1740/1653 1618/2773/1650 2581/1756/1669 1629/1749/1662
f 1606/1716/1636 1598/1711/1631 2582/1713/1633
f 1587/1695/1615 1582/1694/1614 2582/1713/1633 1599/1701/1621
f 1591/1704/1624 2584/2774/2587 2583/1705/1625
f 1591/1704/1624 2585/1689/1609 2584/2774/2587
f 2584/2774/2587 2585/1689/1609 1577/1688/1608 2583/1705/1625
f 2588/2775/2588 2587/1402/1347 1518/1616/1541 1516/1615/1540
f 2589/2776/2589 1344/1401/1346 2587/1402/1347
f 2589/2776/2589 2587/1402/1347 2588/2775/2588
f 2589/2776/2589 2588/2775/2588 1516/1615/1540
f 2590/1412/1355 2589/2777/2589 1516/2778/1540
f 1346/1403/1348 1344/1401/1346 2589/2776/2589 2590/2779/1355
f 2590/1412/1355 1516/2778/1540 1502/2780/1522 1499/1592/1520
f 2590/1412/1355 1499/1592/1520 1497/1420/1363 1351/1413/1356
f 1437/1531/1463 1421/1508/1447 1423/2781/1449 2591/1533/1465
f 1431/1523/1456 2591/1533/1465 1423/2781/1449 1429/1524/1451
f 1411/1495/1434 1405/1486/1425 1403/1487/1426 1418/1504/1443
f 2592/2782/2590 2594/2783/2590 2593/2784/2590
f 2595/2785/2590 2597/2786/2590 2596/2787/2590
f 2599/2788/2591 2600/2789/2592 2598/2790/2593
f 2598/2790/2593 2600/2789/2592 2599/2791/2591
f 2601/2792/2594 2602/2793/2594 2603/2794/2594
f 2601/2792/2595 2603/2794/2595 2602/2795/2595
f 2604/2796/2596 2605/2797/2596 2606/2798/2596
f 2604/2796/2597 2606/2799/2597 2605/2797/2597
f 2607/2800/2598 2608/2801/2598 2609/2802/2598
f 2607/2803/2599 2609/2802/2599 2608/2801/2599
f 2612/2804/2600 2610/2805/2601 2611/2806/2602
f 2610/2805/2601 2612/2804/2600 2611/2807/2602
f 2613/2808/2603 2614/2809/2603 2615/2810/2603
f 2613/2808/2604 2615/2810/2604 2614/2811/2604
f 2618/2812/2605 2616/2813/2606 2617/2814/2607
f 2616/2813/2606 2618/2812/2605 2617/2815/2607
o root.2
v 0.086961 1.011537 -0.490756
v 0.086730 1.030074 -0.504611
v 0.109694 1.007592 -0.491850
v 0.085611 0.994227 -0.481118
v 0.057779 1.005240 -0.489584
v 0.067229 0.991764 -0.480584
v 0.051298 0.988109 -0.487449
v 0.059290 1.025469 -0.503367
v 0.044563 1.008442 -0.493026
v 0.047063 1.001945 -0.496526
v 0.066326 0.980030 -0.490599
v 0.083077 1.004522 -0.505759
v 0.055057 1.023887 -0.507524
v 0.023880 1.009332 -0.500675
v 0.023837 1.020658 -0.505214
v 0.003596 1.011288 -0.500389
v 0.023114 1.013231 -0.494459
v 0.012279 1.017038 -0.507554
v -0.002323 1.018198 -0.496053
v 0.031339 1.020824 -0.500512
v 0.046887 1.025457 -0.500429
v -0.009252 1.016857 -0.507805
v -0.021764 1.016763 -0.495117
v -0.045867 1.015682 -0.499326
v -0.015287 1.010409 -0.498773
v -0.030481 1.008623 -0.504774
v -0.031288 1.005656 -0.492636
v -0.043579 0.998667 -0.492271
v -0.035846 0.995663 -0.496170
v -0.055767 1.012521 -0.506651
v -0.045168 0.986958 -0.490133
v -0.049104 0.980257 -0.483655
v -0.035590 0.997189 -0.497291
v -0.054576 0.962177 -0.475130
v -0.053560 0.967192 -0.481650
v -0.058480 0.963455 -0.481099
v -0.058480 0.963455 -0.481099
v -0.045854 0.994765 -0.490309
v -0.055663 0.961789 -0.474429
v -0.079305 0.965395 -0.472949
v -0.084460 0.987956 -0.479368
v -0.098980 0.975524 -0.475877
v -0.101010 0.999836 -0.485417
v -0.066708 1.004568 -0.487512
v -0.088390 1.012094 -0.492166
v -0.081313 1.027275 -0.503148
v -0.104018 1.013349 -0.495373
v -0.108907 1.005054 -0.490562
v -0.104819 1.023934 -0.502706
v -0.120169 1.006563 -0.495881
v -0.081676 1.039549 -0.517708
v -0.100300 1.016410 -0.510862
v -0.106044 1.004125 -0.504538
v -0.080370 1.020087 -0.513012
v -0.086100 0.994133 -0.501355
v -0.097522 0.968652 -0.486461
v -0.082092 0.955311 -0.468947
v -0.110016 0.986814 -0.495595
v -0.084580 0.960262 -0.482169
v -0.124642 0.988594 -0.488372
v 0.083085 1.021183 -0.513136
v 0.057304 1.035313 -0.511013
v 0.084903 1.039977 -0.520022
v 0.117372 1.023246 -0.503639
v 0.108116 1.016837 -0.510856
v 0.123688 1.013052 -0.505726
v 0.107193 0.990672 -0.499064
v 0.112297 0.996856 -0.486196
v 0.097676 0.973078 -0.489618
v 0.081880 0.988934 -0.497817
v 0.083797 0.976944 -0.491348
v 0.077737 0.968823 -0.486487
v 0.093897 0.968209 -0.486622
v 0.072052 0.953974 -0.476981
v 0.074630 0.965904 -0.472995
v 0.100699 0.973625 -0.475672
v 0.059496 0.966143 -0.480091
v 0.098002 0.982426 -0.477277
v 0.118374 0.949235 -0.500726
v 0.124296 0.938478 -0.459943
v 0.088593 0.946255 -0.485479
v 0.094562 0.978265 -0.530005
v 0.151897 0.937769 -0.525126
v 0.184468 0.894492 -0.561595
v 0.151737 0.917643 -0.457006
v 0.133265 0.970612 -0.566444
v 0.157407 0.937189 -0.614076
v 0.107695 1.012336 -0.598083
v 0.137249 0.984882 -0.649600
v 0.074527 1.044110 -0.620287
v 0.071850 1.016610 -0.548907
v 0.043725 1.039174 -0.558132
v 0.039930 0.997282 -0.514306
v 0.025298 0.987358 -0.479085
v 0.063059 0.967709 -0.503812
v 0.018997 1.012786 -0.516921
v -0.008113 1.015479 -0.518213
v 0.008503 0.996805 -0.482693
v -0.010839 0.995175 -0.482016
v 0.003604 0.995984 -0.451155
v -0.000539 0.970233 -0.436018
v 0.020178 0.989625 -0.455851
v -0.012738 0.993063 -0.454727
v -0.019978 0.974810 -0.445653
v -0.026971 0.983158 -0.474684
v -0.047046 1.004719 -0.522778
v -0.015262 0.952866 -0.459152
v 0.013704 0.934881 -0.434579
v -0.045884 0.929078 -0.446088
v -0.067037 0.963456 -0.502919
v 0.029714 0.961034 -0.469356
v 0.050064 0.935172 -0.459306
v 0.021715 0.971736 -0.445994
v 0.070540 0.931418 -0.435210
v 0.083517 0.919153 -0.414918
v 0.009312 0.927751 -0.412768
v 0.099984 0.940228 -0.461905
v 0.011837 0.918961 -0.395495
v -0.062643 0.927635 -0.422799
v 0.014813 0.894044 -0.388663
v 0.024016 0.862761 -0.361320
v -0.073133 0.904764 -0.400149
v 0.094001 0.899723 -0.400410
v 0.108568 0.867941 -0.387074
v 0.119644 0.821529 -0.379167
v 0.176321 0.880732 -0.462477
v 0.187242 0.826377 -0.467348
v 0.196108 0.829447 -0.569636
v 0.182351 0.775282 -0.471129
v 0.191729 0.790189 -0.589318
v 0.117519 0.773595 -0.377419
v 0.167295 0.733433 -0.478818
v 0.103363 0.731762 -0.383518
v 0.132121 0.704931 -0.478102
v 0.180402 0.765485 -0.623232
v 0.177503 0.828546 -0.668024
v 0.139365 0.770963 -0.706212
v 0.154555 0.714967 -0.604504
v 0.113711 0.733556 -0.702391
v 0.111700 0.699343 -0.589638
v 0.055723 0.684092 -0.575535
v 0.089068 0.691007 -0.489023
v 0.076074 0.708040 -0.684842
v 0.015971 0.726511 -0.739746
v 0.029540 0.690061 -0.655370
v -0.015485 0.682431 -0.623464
v -0.027134 0.707648 -0.703236
v -0.075078 0.697211 -0.640565
v -0.081021 0.733104 -0.724309
v -0.130283 0.716190 -0.650676
v -0.124892 0.772793 -0.724964
v -0.038118 0.750996 -0.767117
v 0.000515 0.778503 -0.791628
v -0.083574 0.791645 -0.772610
v -0.042139 0.817364 -0.798337
v -0.119050 0.845112 -0.762414
v -0.138273 0.909819 -0.737911
v -0.151593 0.827442 -0.707081
v -0.070061 0.865141 -0.797811
v -0.013366 0.874270 -0.812011
v -0.084096 0.930363 -0.782649
v -0.014527 0.937915 -0.801749
v -0.083853 0.990969 -0.747223
v -0.014517 1.000232 -0.766836
v -0.071961 1.034745 -0.689083
v -0.133732 0.966608 -0.706568
v -0.156684 0.929288 -0.656546
v -0.113280 1.010129 -0.657489
v -0.075974 1.037268 -0.599626
v -0.137420 0.970783 -0.621899
v -0.101810 1.001381 -0.567781
v -0.150470 0.933009 -0.589594
v -0.169538 0.917513 -0.554478
v -0.170528 0.895847 -0.625226
v -0.117088 0.962488 -0.544359
v -0.135361 0.944352 -0.517518
v -0.137751 0.932487 -0.467346
v -0.095460 0.945553 -0.486012
v -0.109112 0.940238 -0.460968
v -0.173390 0.896595 -0.478525
v -0.127444 0.868122 -0.401561
v -0.192805 0.842080 -0.502368
v -0.150828 0.820243 -0.412012
v -0.185398 0.862380 -0.589988
v -0.189572 0.781154 -0.523249
v -0.175563 0.737608 -0.532366
v -0.188729 0.802262 -0.615230
v -0.152521 0.768930 -0.420741
v -0.136318 0.726957 -0.430054
v -0.083653 0.765685 -0.359349
v -0.084464 0.802333 -0.358450
v -0.022173 0.772148 -0.338067
v -0.072049 0.732257 -0.365949
v -0.017345 0.741553 -0.343966
v -0.050343 0.707371 -0.379426
v -0.015511 0.718738 -0.356719
v -0.014317 0.691978 -0.399849
v -0.103829 0.700855 -0.444478
v -0.059826 0.686609 -0.460387
v -0.144057 0.707239 -0.542557
v -0.089609 0.692008 -0.550808
v -0.017449 0.676659 -0.559118
v -0.004831 0.677298 -0.479932
v 0.044938 0.679950 -0.508958
v 0.034042 0.685957 -0.430146
v 0.073357 0.702227 -0.401884
v 0.020140 0.709626 -0.366139
v 0.036658 0.738556 -0.347441
v 0.040864 0.774978 -0.340368
v 0.036362 0.816798 -0.343078
v -0.028805 0.807458 -0.340841
v -0.042651 0.852086 -0.358006
v -0.083142 0.837869 -0.365480
v -0.168354 0.766742 -0.643559
v -0.194199 0.810299 -0.657112
v -0.180516 0.828472 -0.671071
v -0.198610 0.828671 -0.680310
v -0.188507 0.828458 -0.636168
v -0.199875 0.840429 -0.656113
v -0.175173 0.861982 -0.636943
v -0.197711 0.861261 -0.659258
v -0.195813 0.888474 -0.652782
v -0.206762 0.854453 -0.685019
v -0.202635 0.884020 -0.676081
v -0.179582 0.873673 -0.680526
v -0.168347 0.878614 -0.667313
v -0.054299 1.051327 -0.632559
v -0.030657 1.047097 -0.570501
v 0.007741 1.048686 -0.563013
v -0.016803 1.060490 -0.630962
v -0.014129 1.044737 -0.705641
v 0.030722 1.059545 -0.630893
v 0.047990 1.040059 -0.702434
v 0.101380 1.019171 -0.681714
v 0.058994 0.993685 -0.760751
v 0.062108 0.930540 -0.794421
v 0.119598 0.972979 -0.730288
v 0.154264 0.941891 -0.688248
v 0.125815 0.910895 -0.759132
v 0.115136 0.842853 -0.769174
v 0.159074 0.890806 -0.709738
v 0.177090 0.879354 -0.674646
v 0.153557 0.827352 -0.713044
v 0.192251 0.878890 -0.685525
v 0.168471 0.905880 -0.649971
v 0.196855 0.873432 -0.648330
v 0.195787 0.859207 -0.656281
v 0.207743 0.876558 -0.667669
v 0.184143 0.871464 -0.628677
v 0.196074 0.825111 -0.630030
v 0.193387 0.840899 -0.654661
v 0.212096 0.835865 -0.660272
v 0.212064 0.857253 -0.668294
v 0.196302 0.824814 -0.676657
v 0.194369 0.847310 -0.686300
v 0.191331 0.808563 -0.651653
v 0.089369 0.789041 -0.770647
v 0.052149 0.864139 -0.805391
v 0.030638 0.815701 -0.801020
v -0.010300 0.836667 -0.807772
v 0.055254 0.751377 -0.763108
v 0.046887 1.025457 -0.500429
v 0.055057 1.023887 -0.507524
v 0.056901 1.035127 -0.510967
v 0.059290 1.025469 -0.503367
v 0.059856 1.021902 -0.508843
v 0.057304 1.035313 -0.511013
v 0.057779 1.005240 -0.489584
v 0.049769 0.996022 -0.489364
v 0.051298 0.988109 -0.487449
vn 0.0308 0.5386 0.8420
vn 0.0577 0.7153 0.6965
vn -0.1749 0.7096 0.6826
vn -0.2292 0.3859 0.8936
vn 0.5544 0.3265 0.7655
vn 0.6504 0.7078 0.2758
vn 0.0261 0.4128 0.9104
vn 0.1195 0.2835 0.9515
vn -0.2209 0.3220 0.9206
vn -0.9512 -0.2475 0.1843
vn -0.5820 -0.7730 -0.2523
vn -0.0833 0.8917 0.4448
vn -0.1788 -0.0960 0.9792
vn -0.2580 -0.4724 -0.8428
vn -0.8440 -0.5226 0.1207
vn -0.0731 -0.4155 -0.9066
vn -0.0837 -0.4327 -0.8976
vn -0.4494 0.2401 -0.8605
vn -0.0288 -0.3179 -0.9477
vn -0.1300 -0.9670 -0.2191
vn -0.4599 0.5933 -0.6606
vn -0.2723 0.0600 0.9604
vn -0.0314 -0.9984 0.0462
vn 0.0600 0.4331 -0.8993
vn 0.0096 0.5646 0.8253
vn -0.1783 0.8734 0.4533
vn -0.0987 0.2600 -0.9605
vn 0.1761 -0.1398 -0.9744
vn -0.1081 0.8194 0.5630
vn 0.1892 -0.9106 0.3674
vn 0.3635 0.8447 0.3929
vn 0.4394 -0.4580 0.7728
vn 0.5146 -0.8574 0.0004
vn 0.0006 -0.3023 -0.9532
vn 0.4396 0.0531 -0.8966
vn -0.2362 0.3710 0.8981
vn -0.2745 0.4555 0.8468
vn 0.2119 -0.6028 -0.7693
vn 0.2469 -0.4664 -0.8494
vn 0.8254 0.5277 -0.2005
vn -0.3131 0.8573 0.4087
vn -0.2343 0.7432 0.6267
vn -0.0813 0.5082 0.8574
vn 0.3056 -0.8072 -0.5050
vn -0.1511 -0.9848 -0.0854
vn -0.5388 0.1764 -0.8238
vn -0.0000 -1.0000 -0.0000
vn 0.0676 0.3392 0.9383
vn 0.1214 0.4236 0.8977
vn -0.2925 -0.8315 0.4722
vn -0.0543 0.2968 0.9534
vn -0.4451 -0.1379 0.8848
vn -0.1579 0.4475 0.8802
vn -0.9396 -0.1995 0.2783
vn -0.0280 0.5551 0.8313
vn 0.1459 0.7840 0.6033
vn -0.6655 0.7463 -0.0116
vn -0.1731 0.5740 0.8003
vn -0.2497 0.5038 0.8269
vn -0.9286 0.3709 -0.0082
vn 0.0515 0.7979 -0.6005
vn -0.3557 -0.2429 -0.9025
vn -0.3473 -0.1213 -0.9299
vn -0.0290 -0.2515 -0.9674
vn 0.0300 -0.4590 -0.8880
vn -0.4444 -0.7935 -0.4159
vn -0.4041 -0.5780 -0.7090
vn -0.1137 -0.7977 -0.5922
vn 0.0969 0.8161 -0.5697
vn -0.6430 0.6952 -0.3214
vn 0.2972 -0.2541 -0.9204
vn 0.9148 -0.0761 -0.3968
vn 0.7616 -0.0366 0.6471
vn 0.5713 -0.5441 -0.6145
vn 0.6549 -0.4876 0.5773
vn 0.4877 -0.6364 -0.5976
vn -0.0598 -0.4794 -0.8755
vn 0.0052 -0.6314 -0.7755
vn 0.3433 -0.7423 -0.5755
vn -0.1902 -0.9382 0.2892
vn -0.1321 -0.0006 0.9912
vn 0.3213 0.8588 0.3990
vn 0.6476 0.6198 0.4434
vn 0.7199 0.6672 0.1914
vn 0.3696 0.8576 0.3576
vn 0.1424 0.8818 0.4496
vn 0.0164 0.9484 0.3168
vn 0.4604 0.7057 0.5386
vn 0.4088 0.6574 0.6330
vn 0.7307 0.6379 0.2432
vn 0.8544 0.3382 0.3945
vn 0.9278 0.3717 0.0328
vn 0.8873 0.4612 0.0077
vn 0.8251 0.5633 -0.0437
vn 0.6873 0.6924 0.2196
vn 0.4929 0.6930 0.5261
vn 0.4818 0.8729 0.0773
vn 0.6060 0.7555 -0.2489
vn 0.3202 0.8356 0.4463
vn 0.4561 0.6466 0.6114
vn 0.2253 0.7960 0.5618
vn 0.6553 0.6577 0.3714
vn 0.2026 0.9358 0.2886
vn 0.6047 0.4422 0.6624
vn -0.2808 0.9029 0.3253
vn -0.1161 0.8366 0.5354
vn 0.0278 0.9151 0.4022
vn 0.1024 0.8419 0.5298
vn 0.6779 0.6176 0.3988
vn -0.4467 0.8004 0.3998
vn -0.7696 0.1347 0.6242
vn -0.0686 -0.2000 0.9774
vn 0.6790 -0.1901 0.7091
vn -0.6953 0.5135 0.5029
vn -0.3972 0.3756 0.8373
vn -0.4441 0.6884 0.5734
vn -0.4623 0.6671 0.5842
vn -0.0884 0.9159 0.3915
vn -0.0054 0.9336 0.3582
vn 0.0183 0.8848 0.4656
vn 0.1399 0.8861 0.4418
vn -0.1929 0.9218 0.3363
vn 0.0473 0.9342 0.3535
vn 0.0226 0.7300 0.6830
vn 0.2211 0.7259 0.6513
vn -0.1146 0.8429 0.5258
vn 0.0346 0.5611 0.8270
vn 0.3422 0.5421 0.7675
vn -0.2820 0.5855 0.7600
vn 0.0991 0.4807 0.8713
vn 0.4832 0.3828 0.7874
vn -0.1642 0.4410 0.8824
vn 0.1934 0.2107 0.9582
vn 0.6069 0.1253 0.7848
vn 0.9333 0.0441 0.3565
vn 0.9988 0.0382 0.0293
vn 0.6409 -0.1606 0.7506
vn 0.9183 -0.2407 0.3144
vn 0.9598 -0.2773 -0.0427
vn 0.8352 -0.4743 -0.2784
vn 0.8165 -0.5311 0.2265
vn 0.5565 -0.5220 0.6464
vn 0.3320 -0.8439 0.4215
vn 0.5190 -0.8381 0.1678
vn 0.6147 -0.7710 -0.1664
vn 0.8274 -0.1764 -0.5332
vn 0.4194 -0.4383 -0.7950
vn 0.7375 -0.4208 -0.5283
vn 0.7969 -0.5407 -0.2695
vn 0.5066 -0.7143 -0.4828
vn 0.3013 -0.9467 -0.1141
vn 0.2420 -0.9036 -0.3535
vn 0.2576 -0.9639 0.0678
vn 0.1780 -0.9810 -0.0770
vn 0.0881 -0.9643 -0.2496
vn 0.1542 -0.9879 0.0185
vn 0.0590 -0.8253 -0.5616
vn 0.2853 -0.6380 -0.7153
vn -0.1084 -0.9043 -0.4128
vn -0.0701 -0.9964 -0.0472
vn -0.0701 -0.9841 -0.1630
vn -0.2303 -0.9472 -0.2231
vn -0.5406 -0.7824 -0.3092
vn -0.3978 -0.7423 -0.5393
vn -0.2149 -0.6560 -0.7235
vn -0.7995 -0.4981 -0.3357
vn -0.6853 -0.4403 -0.5800
vn -0.4986 -0.3845 -0.7769
vn -0.2638 -0.2661 -0.9271
vn -0.0013 -0.4814 -0.8765
vn -0.7087 -0.1077 -0.6972
vn -0.4207 -0.0196 -0.9070
vn -0.8005 -0.1462 -0.5812
vn -0.6723 0.5191 -0.5278
vn -0.8181 0.1767 -0.5473
vn -0.4883 0.2859 -0.8245
vn -0.0757 0.0309 -0.9966
vn -0.0556 -0.1727 -0.9834
vn -0.0829 0.3310 -0.9400
vn -0.4920 0.6063 -0.6247
vn -0.0860 0.6586 -0.7476
vn -0.8116 0.4669 -0.3513
vn -0.4428 0.8398 -0.3143
vn -0.0847 0.9026 -0.4220
vn -0.7303 0.6777 -0.0853
vn -0.9009 0.4132 -0.1329
vn -0.8528 0.5122 0.1020
vn -0.5316 0.8179 0.2201
vn -0.6621 0.6368 0.3952
vn -0.3646 0.9309 -0.0235
vn -0.9182 0.3961 -0.0078
vn -0.8490 0.5256 0.0550
vn -0.6264 0.7031 0.3366
vn -0.5401 0.8221 0.1802
vn -0.8391 0.5440 0.0024
vn -0.9696 0.2322 -0.0769
vn -0.4957 0.7717 0.3985
vn -0.8264 0.4492 0.3395
vn -0.1670 0.9107 0.3778
vn -0.6067 0.3591 0.7092
vn -0.9737 0.1034 0.2031
vn -0.7921 0.0365 0.6093
vn -0.9712 -0.2091 0.1139
vn -0.8132 -0.2412 0.5297
vn -0.9749 -0.1987 -0.1003
vn -0.8367 -0.5459 0.0446
vn -0.6868 -0.5886 0.4265
vn -0.4385 -0.5067 0.7423
vn -0.5017 -0.1913 0.8436
vn -0.4727 0.0637 0.8789
vn -0.1361 -0.0928 0.9863
vn -0.1457 0.1679 0.9750
vn -0.1157 -0.3765 0.9192
vn -0.2721 -0.8002 0.5344
vn -0.0977 -0.6716 0.7345
vn -0.4132 -0.8745 0.2538
vn -0.0650 -0.9380 0.3404
vn 0.1188 -0.7683 0.6289
vn -0.1971 -0.9717 0.1303
vn -0.5401 -0.8413 -0.0212
vn -0.2505 -0.9674 -0.0359
vn -0.0222 -0.9969 0.0749
vn 0.1181 -0.9691 0.2164
vn 0.2341 -0.4206 0.8765
vn 0.2465 -0.0756 0.9662
vn -0.4141 0.2921 0.8621
vn -0.8896 -0.4032 -0.2145
vn -0.3386 -0.2804 -0.8982
vn -0.9784 0.0960 0.1830
vn -0.5641 -0.5432 -0.6219
vn -0.7193 -0.1378 -0.6809
vn -0.9261 -0.0047 0.3771
vn -0.9357 0.1634 0.3127
vn -0.8864 0.0196 0.4625
vn -0.8392 0.4948 0.2258
vn -0.6040 0.6219 -0.4985
vn -0.0157 0.4484 -0.8937
vn -0.2545 0.8888 0.3813
vn -0.1119 0.9935 -0.0190
vn 0.1789 0.9837 -0.0148
vn 0.2697 0.8775 -0.3965
vn 0.6815 0.5176 -0.5174
vn 0.3221 0.6254 -0.7107
vn 0.3351 0.2876 -0.8972
vn 0.6999 0.1845 -0.6900
vn 0.8886 0.3843 -0.2503
vn 0.8866 0.1211 -0.4464
vn 0.6433 -0.1294 -0.7546
vn 0.2978 -0.0270 -0.9542
vn 0.9027 0.4195 -0.0959
vn 0.6974 0.5415 -0.4695
vn 0.5074 -0.3790 -0.7739
vn 0.0222 0.6384 -0.7694
vn 0.0937 -0.1954 -0.9762
vn 0.8402 0.3935 0.3732
vn 0.7972 0.6035 0.0172
vn 0.9403 0.3376 0.0428
vn 0.7955 0.2785 0.5381
vn 0.7587 -0.0583 0.6488
vn 0.9999 0.0082 -0.0127
vn 0.9994 -0.0135 0.0312
vn 0.9830 -0.1604 0.0898
vn 0.2937 -0.6735 -0.6783
vn 0.1911 -0.2652 -0.9451
vn -0.9559 0.2787 0.0927
vn 0.8143 0.5621 -0.1452
vn 0.7624 -0.6456 0.0440
vn 0.9827 0.1840 -0.0183
vn -0.9827 -0.1840 0.0183
vn 0.2570 0.9631 0.0802
vn -0.4661 0.8798 0.0932
vn -0.0999 0.9866 0.1288
vt 0.312960 0.594790
vt 0.313122 0.589445
vt 0.319307 0.586207
vt 0.319307 0.595404
vt 0.306845 0.593529
vt 0.307176 0.589627
vt 0.311672 0.599843
vt 0.304985 0.598520
vt 0.317092 0.600786
vt 0.309941 0.529296
vt 0.315466 0.528337
vt 0.312680 0.532734
vt 0.307635 0.532710
vt 0.311706 0.538434
vt 0.308951 0.534608
vt 0.314858 0.538276
vt 0.307354 0.524452
vt 0.310516 0.523801
vt 0.301899 0.524680
vt 0.303846 0.522962
vt 0.307580 0.580007
vt 0.317859 0.578419
vt 0.319120 0.582609
vt 0.310397 0.583075
vt 0.307450 0.544927
vt 0.307055 0.542140
vt 0.314173 0.539653
vt 0.313017 0.546020
vt 0.305131 0.539298
vt 0.306052 0.540085
vt 0.304767 0.547196
vt 0.305005 0.544138
vt 0.302150 0.544832
vt 0.301899 0.542719
vt 0.308578 0.540400
vt 0.302186 0.548205
vt 0.656779 0.379352
vt 0.657235 0.381927
vt 0.652771 0.389069
vt 0.653004 0.384736
vt 0.653592 0.381811
vt 0.656883 0.376948
vt 0.647829 0.390728
vt 0.649472 0.384975
vt 0.654925 0.393459
vt 0.653508 0.396099
vt 0.656942 0.390848
vt 0.656734 0.385289
vt 0.647061 0.395018
vt 0.657134 0.396066
vt 0.658319 0.401124
vt 0.656169 0.405421
vt 0.655853 0.401928
vt 0.655992 0.400187
vt 0.658270 0.405372
vt 0.660509 0.406311
vt 0.661148 0.407546
vt 0.657135 0.408704
vt 0.304360 0.569606
vt 0.312320 0.577736
vt 0.301948 0.575347
vt 0.299028 0.570400
vt 0.313204 0.572043
vt 0.316382 0.574728
vt 0.311370 0.572273
vt 0.308166 0.568391
vt 0.302684 0.564775
vt 0.306845 0.563136
vt 0.299132 0.562596
vt 0.637371 0.393317
vt 0.633862 0.391378
vt 0.639815 0.389295
vt 0.644273 0.385579
vt 0.299028 0.555903
vt 0.303042 0.556635
vt 0.302078 0.560782
vt 0.303178 0.562092
vt 0.305218 0.560360
vt 0.302825 0.548889
vt 0.307632 0.557999
vt 0.306303 0.555072
vt 0.309802 0.552466
vt 0.313583 0.558846
vt 0.318315 0.551533
vt 0.319307 0.572766
vt 0.310954 0.567113
vt 0.309304 0.561902
vt 0.313342 0.569168
vt 0.634294 0.396065
vt 0.661148 0.376587
vt 0.660460 0.380338
vt 0.312724 0.586010
vt 0.318091 0.584603
vt 0.307042 0.586807
vt 0.304614 0.589546
vt 0.303865 0.594238
vt 0.298290 0.589397
vt 0.301770 0.582392
vt 0.302213 0.599016
vt 0.298974 0.596769
vt 0.303410 0.516630
vt 0.307094 0.516006
vt 0.306433 0.519664
vt 0.308263 0.519771
vt 0.308476 0.516700
vt 0.312923 0.514439
vt 0.311581 0.521023
vt 0.313914 0.522014
vt 0.315634 0.517267
vt 0.319307 0.522963
vt 0.201671 0.630835
vt 0.210008 0.624241
vt 0.205852 0.643243
vt 0.198391 0.643513
vt 0.192815 0.642272
vt 0.195960 0.634953
vt 0.189932 0.656925
vt 0.186015 0.650544
vt 0.195713 0.663235
vt 0.841453 0.798057
vt 0.849989 0.784278
vt 0.862725 0.788417
vt 0.855735 0.799031
vt 0.857152 0.766662
vt 0.865509 0.772079
vt 0.866120 0.753372
vt 0.872794 0.765373
vt 0.177487 0.666309
vt 0.181451 0.674923
vt 0.165572 0.679919
vt 0.183257 0.687121
vt 0.168118 0.691867
vt 0.164994 0.668879
vt 0.178792 0.657671
vt 0.167198 0.660308
vt 0.176195 0.653620
vt 0.169716 0.654780
vt 0.180709 0.644561
vt 0.163286 0.652174
vt 0.158460 0.657787
vt 0.154422 0.666766
vt 0.170922 0.650295
vt 0.174746 0.650706
vt 0.167675 0.649824
vt 0.167332 0.646524
vt 0.171628 0.646053
vt 0.175337 0.647177
vt 0.161272 0.647685
vt 0.166613 0.640932
vt 0.148036 0.652268
vt 0.146661 0.642741
vt 0.161723 0.633574
vt 0.176148 0.629779
vt 0.176037 0.635172
vt 0.185018 0.637816
vt 0.144306 0.635600
vt 0.189237 0.631287
vt 0.176930 0.625135
vt 0.191949 0.625524
vt 0.159427 0.627200
vt 0.177551 0.618383
vt 0.193978 0.618336
vt 0.159220 0.619705
vt 0.179607 0.608116
vt 0.194173 0.606680
vt 0.168189 0.603874
vt 0.209270 0.607610
vt 0.181589 0.593643
vt 0.196450 0.592122
vt 0.214330 0.596629
vt 0.827178 0.779698
vt 0.829327 0.802607
vt 0.196921 0.578846
vt 0.213416 0.570755
vt 0.814847 0.767809
vt 0.812939 0.794903
vt 0.807523 0.756918
vt 0.798728 0.786944
vt 0.192408 0.566961
vt 0.203809 0.550906
vt 0.183572 0.557873
vt 0.183457 0.542597
vt 0.179324 0.521870
vt 0.188827 0.514439
vt 0.827002 0.742750
vt 0.824868 0.753316
vt 0.814033 0.738096
vt 0.823108 0.761649
vt 0.805068 0.732299
vt 0.796661 0.753513
vt 0.166383 0.527256
vt 0.136701 0.520914
vt 0.143181 0.514999
vt 0.172029 0.542519
vt 0.147178 0.533813
vt 0.124390 0.529073
vt 0.158486 0.541091
vt 0.097057 0.520357
vt 0.106480 0.514439
vt 0.096163 0.526402
vt 0.133033 0.544204
vt 0.118215 0.538148
vt 0.104085 0.547005
vt 0.095900 0.563570
vt 0.084192 0.547940
vt 0.805937 0.703818
vt 0.800494 0.692184
vt 0.806657 0.681346
vt 0.813226 0.692284
vt 0.087698 0.584269
vt 0.077003 0.565860
vt 0.822277 0.682298
vt 0.815259 0.670084
vt 0.829381 0.691704
vt 0.820606 0.700948
vt 0.811769 0.714150
vt 0.835535 0.673070
vt 0.840800 0.685937
vt 0.831216 0.659643
vt 0.846277 0.650678
vt 0.854103 0.667236
vt 0.857186 0.683996
vt 0.841995 0.698695
vt 0.833625 0.698940
vt 0.856087 0.700052
vt 0.872794 0.684391
vt 0.871353 0.701466
vt 0.871580 0.669232
vt 0.113410 0.672960
vt 0.125447 0.683400
vt 0.108180 0.691601
vt 0.093549 0.676770
vt 0.109507 0.660966
vt 0.091221 0.659330
vt 0.087582 0.637105
vt 0.096404 0.644488
vt 0.080076 0.655098
vt 0.109370 0.648228
vt 0.129078 0.661158
vt 0.128273 0.650295
vt 0.128482 0.668889
vt 0.096296 0.632570
vt 0.109670 0.636331
vt 0.127643 0.640712
vt 0.128892 0.633265
vt 0.113998 0.627642
vt 0.097755 0.615573
vt 0.137994 0.626471
vt 0.128766 0.617748
vt 0.145229 0.629942
vt 0.148234 0.608881
vt 0.119047 0.606213
vt 0.141956 0.598634
vt 0.114328 0.591828
vt 0.139245 0.587383
vt 0.091699 0.597654
vt 0.115100 0.580556
vt 0.139756 0.576792
vt 0.159561 0.576549
vt 0.158506 0.583838
vt 0.158951 0.592338
vt 0.171081 0.582905
vt 0.170228 0.591688
vt 0.170903 0.576121
vt 0.160528 0.569228
vt 0.169273 0.570751
vt 0.141388 0.567720
vt 0.163860 0.561400
vt 0.174818 0.566063
vt 0.146272 0.558355
vt 0.116401 0.569519
vt 0.122302 0.557180
vt 0.153294 0.549957
vt 0.168577 0.553123
vt 0.180338 0.571643
vt 0.182658 0.581670
vt 0.159681 0.600676
vt 0.084443 0.592588
vt 0.080254 0.590150
vt 0.837473 0.626729
vt 0.832441 0.636621
vt 0.826550 0.642693
vt 0.822665 0.635625
vt 0.831810 0.644164
vt 0.835907 0.644314
vt 0.831548 0.648954
vt 0.834774 0.639833
vt 0.839812 0.634243
vt 0.838948 0.639642
vt 0.847272 0.631099
vt 0.846645 0.640191
vt 0.842463 0.643842
vt 0.841051 0.647635
vt 0.088424 0.630313
vt 0.813127 0.650644
vt 0.144126 0.663619
vt 0.138160 0.673425
vt 0.150563 0.679024
vt 0.145413 0.691027
vt 0.161613 0.706191
vt 0.135281 0.701400
vt 0.853114 0.716882
vt 0.867911 0.718872
vt 0.862913 0.735277
vt 0.847959 0.733027
vt 0.854613 0.749119
vt 0.871689 0.746491
vt 0.842432 0.746231
vt 0.832803 0.728667
vt 0.838910 0.712799
vt 0.848354 0.761492
vt 0.841760 0.756270
vt 0.821045 0.721825
vt 0.837879 0.758053
vt 0.831325 0.758509
vt 0.839802 0.765578
vt 0.837731 0.762490
vt 0.842832 0.772005
vt 0.831952 0.766605
vt 0.836386 0.766313
vt 0.833718 0.762778
vt 0.826008 0.768918
vt 0.829305 0.763825
vt 0.827206 0.758776
vt 0.828434 0.707919
vt 0.295809 0.544196
vt 0.298387 0.543757
vt 0.295809 0.546605
vt 0.298201 0.546371
vt 0.295809 0.548532
vt 0.296687 0.547386
vt 0.298128 0.550062
vt 0.298128 0.547288
vt 0.300523 0.539334
vt 0.299070 0.543119
vt 0.299070 0.540432
vt 0.300867 0.541124
s 1
f 2619/2816/2608 2620/2817/2609 2626/2818/2610 2623/2819/2611
f 2619/2816/2608 2621/2820/2612 2682/2821/2613 2620/2817/2609
f 2621/2820/2612 2619/2816/2608 2622/2822/2614 2696/2823/2615
f 2623/2819/2611 2624/2824/2616 2622/2822/2614 2619/2816/2608
f 2625/2825/2617 2624/2826/2616 2623/2827/2611
f 2623/2827/2611 2628/2828/2618 2625/2825/2617
f 2639/2829/2619 2627/2830/2620 2623/2827/2611 2626/2831/2610
f 2623/2827/2611 2627/2830/2620 2628/2828/2618
f 2628/2828/2618 2629/2832/2621 2695/2833/2622 2625/2825/2617
f 2628/2828/2618 2630/2834/2623 2688/2835/2624 2629/2832/2621
f 2630/2836/2623 2628/2837/2618 2631/2838/2625 2679/2839/2626
f 2632/2840/2627 2633/2841/2628 2631/2842/2625 2628/2843/2618
f 2632/2844/2627 2628/2828/2618 2627/2830/2620 2635/2845/2629
f 2634/2846/2630 2636/2847/2631 2633/2841/2628 2632/2840/2627
f 2632/2844/2627 2635/2845/2629 2637/2848/2632 2634/2849/2630
f 2639/2829/2619 2638/2850/2633 2635/2845/2629 2627/2830/2620
f 2636/2847/2631 2640/2851/2634 2637/2848/2632 2635/2845/2629
f 2633/2841/2628 2636/2847/2631 2635/2845/2629 2638/2850/2633
f 2638/2850/2633 2639/2829/2619 2631/2842/2625 2633/2841/2628
f 2631/2842/2625 2639/2829/2619 2626/2831/2610
f 2637/2852/2632 2640/2853/2634 2644/2854/2635 2641/2855/2636
f 2643/2856/2637 2634/2857/2630 2637/2852/2632 2641/2855/2636
f 2644/2854/2635 2642/2858/2638 2641/2855/2636
f 2641/2855/2636 2642/2858/2638 2645/2859/2639 2643/2856/2637
f 2647/2860/2640 2646/2861/2641 2644/2854/2635 2645/2862/2639
f 2643/2863/2637 2645/2862/2639 2644/2854/2635 2640/2853/2634
f 2648/2864/2642 2642/2858/2638 2644/2854/2635 2646/2861/2641
f 2646/2861/2641 2647/2860/2640 2656/2865/2643 2650/2866/2644
f 2653/2867/2645 2648/2864/2642 2646/2861/2641 2649/2868/2646
f 2651/2869/2647 2649/2868/2646 2646/2861/2641
f 2650/2866/2644 2651/2869/2647 2646/2861/2641
f 2652/2870/2648 2653/2867/2645 2649/2868/2646 2651/2869/2647
f 2652/2870/2648 2651/2869/2647 2650/2866/2644 2654/2871/2649
f 2653/2867/2645 2652/2870/2648 2655/2872/2650 2657/2873/2651
s 0
f 2655/2872/2652 2652/2870/2653 2654/2871/2654
s 1
f 2654/2871/2649 2650/2866/2644 2656/2865/2643 2655/2872/2650
f 2659/2874/2655 2655/2875/2650 2656/2876/2643 2662/2877/2656
f 2675/2878/2657 2657/2879/2651 2655/2875/2650 2658/2880/2658
f 2660/2881/2659 2658/2880/2658 2655/2875/2650 2659/2874/2655
f 2659/2874/2655 2661/2882/2660 2678/2883/2661 2660/2881/2659
f 2662/2877/2656 2663/2884/2662 2661/2882/2660 2659/2874/2655
f 2642/2858/2638 2664/2885/2663 2663/2886/2662 2662/2887/2656
f 2662/2887/2656 2656/2888/2643 2645/2859/2639 2642/2858/2638
f 2663/2884/2662 2664/2889/2663 2667/2890/2664 2665/2891/2665
f 2661/2882/2660 2663/2884/2662 2665/2891/2665 2666/2892/2666
f 2666/2892/2666 2665/2891/2665 2667/2890/2664 2668/2893/2667
f 2664/2889/2663 2669/2894/2668 2667/2890/2664
f 2671/2895/2669 2668/2893/2667 2667/2890/2664 2670/2896/2670
f 2669/2894/2668 2672/2897/2671 2670/2896/2670 2667/2890/2664
f 2673/2898/2672 2671/2895/2669 2670/2896/2670 2672/2897/2671
f 2672/2897/2671 2669/2894/2668 2648/2899/2642
f 2648/2899/2642 2653/2900/2645 2673/2898/2672 2672/2897/2671
f 2673/2898/2672 2674/2901/2673 2676/2902/2674 2671/2895/2669
f 2673/2898/2672 2653/2900/2645 2677/2903/2675 2674/2901/2673
f 2677/2903/2675 2675/2878/2657 2674/2901/2673
f 2658/2880/2658 2660/2881/2659 2674/2901/2673 2675/2878/2657
f 2678/2883/2661 2676/2902/2674 2674/2901/2673 2660/2881/2659
f 2675/2878/2657 2677/2903/2675 2653/2900/2645 2657/2879/2651
f 2671/2895/2669 2676/2902/2674 2678/2883/2661 2668/2893/2667
f 2678/2883/2661 2661/2882/2660 2666/2892/2666 2668/2893/2667
f 2664/2885/2663 2642/2858/2638 2648/2864/2642 2669/2904/2668
f 2645/2862/2639 2656/2865/2643 2647/2860/2640
f 2636/2905/2631 2634/2906/2630 2643/2863/2637 2640/2853/2634
f 2681/2907/2676 2679/2839/2626 2631/2838/2625 2680/2908/2677
f 2626/2818/2610 2680/2908/2677 2631/2838/2625
f 2681/2907/2676 2680/2908/2677 2626/2818/2610 2620/2817/2609
f 2679/2839/2626 2681/2907/2676 2682/2821/2613 2683/2909/2678
f 2682/2821/2613 2681/2907/2676 2620/2817/2609
f 2684/2910/2679 2683/2909/2678 2682/2821/2613 2621/2820/2612
f 2630/2836/2623 2679/2839/2626 2683/2909/2678 2684/2910/2679
f 2684/2910/2679 2621/2820/2612 2686/2911/2680 2685/2912/2681
f 2684/2910/2679 2685/2912/2681 2688/2913/2624 2630/2836/2623
f 2685/2912/2681 2686/2911/2680 2694/2914/2682 2687/2915/2683
f 2685/2916/2681 2687/2917/2683 2689/2918/2684 2688/2835/2624
f 2629/2832/2621 2688/2835/2624 2689/2918/2684 2690/2919/2685
f 2689/2918/2684 2687/2917/2683 2691/2920/2686 2690/2919/2685
f 2690/2919/2685 2691/2920/2686 2694/2921/2682 2692/2922/2687
f 2690/2919/2685 2692/2922/2687 2695/2833/2622 2629/2832/2621
f 2695/2833/2622 2692/2922/2687 2693/2923/2688
f 2693/2923/2688 2692/2922/2687 2694/2921/2682 2696/2924/2615
f 2625/2825/2617 2695/2833/2622 2693/2923/2688 2624/2826/2616
f 2621/2820/2612 2696/2823/2615 2694/2914/2682 2686/2911/2680
f 2691/2920/2686 2687/2917/2683 2694/2921/2682
f 2622/2925/2614 2624/2826/2616 2693/2923/2688 2696/2924/2615
f 2698/2926/2689 2703/2927/2690 2701/2928/2691 2697/2929/2692
f 2697/2929/2692 2699/2930/2693 2735/2931/2694 2698/2926/2689
f 2699/2930/2693 2697/2929/2692 2700/2932/2695 2713/2933/2696
f 2697/2929/2692 2701/2928/2691 2704/2934/2697 2700/2932/2695
f 2744/2935/2698 2702/2936/2699 2701/2937/2691 2703/2938/2690
f 2702/2936/2699 2705/2939/2700 2704/2940/2697 2701/2937/2691
f 2704/2940/2697 2705/2939/2700 2707/2941/2701 2706/2942/2702
f 2709/2943/2703 2700/2932/2695 2704/2934/2697 2706/2944/2702
f 2708/2945/2704 2706/2944/2702 2707/2946/2701 2852/2947/2705
f 2708/2945/2704 2710/2948/2706 2709/2943/2703 2706/2944/2702
f 2711/2949/2707 2713/2933/2696 2700/2932/2695 2709/2943/2703
f 2714/2950/2708 2711/2949/2707 2709/2943/2703 2710/2948/2706
f 2712/2951/2709 2711/2949/2707 2714/2950/2708 2716/2952/2710
f 2711/2949/2707 2712/2951/2709 2729/2953/2711 2713/2933/2696
f 2717/2954/2712 2716/2952/2710 2714/2950/2708 2715/2955/2713
f 2847/2956/2714 2715/2955/2713 2714/2950/2708 2710/2948/2706
f 2716/2952/2710 2718/2957/2715 2720/2958/2716 2712/2951/2709
f 2716/2952/2710 2717/2954/2712 2721/2959/2717 2718/2957/2715
f 2718/2957/2715 2721/2959/2717 2722/2960/2718 2719/2961/2719
f 2719/2961/2719 2731/2962/2720 2720/2958/2716 2718/2957/2715
f 2717/2954/2712 2723/2963/2721 2722/2960/2718 2721/2959/2717
f 2725/2964/2722 2719/2961/2719 2722/2960/2718 2723/2963/2721
f 2717/2954/2712 2715/2955/2713 2724/2965/2723 2723/2963/2721
f 2724/2965/2723 2728/2966/2724 2725/2964/2722 2723/2963/2721
f 2719/2961/2719 2725/2964/2722 2729/2953/2711 2731/2962/2720
f 2727/2967/2725 2734/2968/2726 2726/2969/2727 2725/2964/2722
f 2726/2969/2727 2730/2970/2728 2729/2953/2711 2725/2964/2722
f 2796/2971/2729 2727/2967/2725 2725/2964/2722 2728/2966/2724
f 2699/2930/2693 2713/2933/2696 2729/2953/2711 2730/2970/2728
f 2729/2953/2711 2712/2951/2709 2720/2958/2716 2731/2962/2720
f 2732/2972/2730 2730/2970/2728 2726/2969/2727 2734/2968/2726
f 2730/2970/2728 2732/2972/2730 2735/2931/2694 2699/2930/2693
f 2732/2972/2730 2734/2968/2726 2736/2973/2731 2733/2974/2732
f 2733/2974/2732 2698/2926/2689 2735/2931/2694 2732/2972/2730
f 2727/2967/2725 2737/2975/2733 2736/2973/2731 2734/2968/2726
f 2736/2973/2731 2738/2976/2734 2741/2977/2735 2733/2974/2732
f 2736/2973/2731 2737/2975/2733 2740/2978/2736 2738/2976/2734
f 2739/2979/2737 2742/2980/2738 2741/2977/2735 2738/2976/2734
f 2739/2979/2737 2738/2976/2734 2740/2978/2736 2830/2981/2739
f 2698/2926/2689 2733/2974/2732 2741/2977/2735 2703/2927/2690
f 2741/2977/2735 2742/2980/2738 2744/2982/2698 2703/2927/2690
f 2742/2980/2738 2739/2979/2737 2828/2983/2740 2743/2984/2741
f 2743/2984/2741 2745/2985/2742 2744/2982/2698 2742/2980/2738
f 2746/2986/2743 2702/2936/2699 2744/2935/2698 2745/2987/2742
f 2749/2988/2744 2747/2989/2745 2745/2985/2742 2743/2984/2741
f 2748/2990/2746 2746/2986/2743 2745/2987/2742 2747/2991/2745
f 2753/2992/2747 2748/2990/2746 2747/2991/2745 2750/2993/2748
f 2751/2994/2749 2750/2995/2748 2747/2989/2745 2749/2988/2744
f 2824/2996/2750 2752/2997/2751 2750/2995/2748 2751/2994/2749
f 2756/2998/2752 2753/2999/2747 2750/2995/2748 2752/2997/2751
f 2861/3000/2753 2754/3001/2754 2753/2992/2747 2755/3002/2755
f 2748/2990/2746 2753/2992/2747 2754/3001/2754 2874/3003/2756
f 2757/3004/2757 2755/3002/2755 2753/2992/2747 2756/3005/2752
f 2756/2998/2752 2758/3006/2758 2761/3007/2759 2757/3008/2757
f 2758/3006/2758 2756/2998/2752 2752/2997/2751 2760/3009/2760
f 2759/3010/2761 2763/3011/2762 2761/3007/2759 2758/3006/2758
f 2758/3006/2758 2760/3009/2760 2822/3012/2763 2759/3010/2761
f 2757/3008/2757 2761/3007/2759 2762/3013/2764 2879/3014/2765
f 2763/3011/2762 2765/3015/2766 2762/3013/2764 2761/3007/2759
f 2759/3010/2761 2820/3016/2767 2764/3017/2768 2763/3011/2762
f 2765/3015/2766 2763/3011/2762 2764/3017/2768 2766/3018/2769
f 2766/3018/2769 2768/3019/2770 2767/3020/2771 2765/3015/2766
f 2762/3021/2764 2765/3022/2766 2767/3023/2771 2770/3024/2772
f 2767/3020/2771 2768/3019/2770 2832/3025/2773 2769/3026/2774
f 2772/3027/2775 2770/3024/2772 2767/3023/2771 2769/3028/2774
f 2773/3029/2776 2771/3030/2777 2770/3024/2772 2772/3027/2775
f 2771/3030/2777 2879/3031/2765 2762/3021/2764 2770/3024/2772
f 2773/3029/2776 2772/3027/2775 2774/3032/2778 2777/3033/2779
f 2769/3028/2774 2776/3034/2780 2774/3032/2778 2772/3027/2775
f 2776/3034/2780 2844/3035/2781 2775/3036/2782 2774/3032/2778
f 2777/3033/2779 2774/3032/2778 2775/3036/2782 2779/3037/2783
f 2777/3033/2779 2778/3038/2784 2878/3039/2785 2773/3029/2776
f 2778/3038/2784 2777/3033/2779 2779/3037/2783 2780/3040/2786
f 2779/3037/2783 2781/3041/2787 2782/3042/2788 2780/3040/2786
f 2775/3036/2782 2784/3043/2789 2781/3041/2787 2779/3037/2783
f 2783/3044/2790 2849/3045/2791 2782/3046/2788 2781/3047/2787
f 2786/3048/2792 2783/3044/2790 2781/3047/2787 2784/3049/2789
f 2844/3050/2781 2785/3051/2793 2784/3049/2789 2775/3052/2782
f 2788/3053/2794 2786/3048/2792 2784/3049/2789 2785/3051/2793
f 2787/3054/2795 2786/3048/2792 2788/3053/2794 2789/3055/2796
f 2786/3048/2792 2787/3054/2795 2845/3056/2797 2783/3044/2790
f 2792/3057/2798 2790/3058/2799 2788/3053/2794 2785/3051/2793
f 2793/3059/2800 2789/3055/2796 2788/3053/2794 2790/3058/2799
f 2794/3060/2801 2793/3059/2800 2790/3058/2799 2791/3061/2802
f 2790/3058/2799 2792/3057/2798 2802/3062/2803 2791/3061/2802
f 2793/3059/2800 2728/2966/2724 2724/2965/2723 2789/3055/2796
f 2728/2966/2724 2793/3059/2800 2794/3060/2801 2796/2971/2729
f 2795/3063/2804 2794/3060/2801 2791/3061/2802 2798/3064/2805
f 2794/3060/2801 2795/3063/2804 2797/3065/2806 2796/2971/2729
f 2727/2967/2725 2796/2971/2729 2797/3065/2806 2737/2975/2733
f 2797/3065/2806 2795/3063/2804 2740/2978/2736 2737/2975/2733
f 2798/3064/2805 2799/3066/2807 2740/2978/2736 2795/3063/2804
f 2799/3066/2807 2798/3064/2805 2800/3067/2808 2801/3068/2809
f 2798/3064/2805 2791/3061/2802 2802/3062/2803 2800/3067/2808
f 2800/3067/2808 2803/3069/2810 2806/3070/2811 2801/3068/2809
f 2800/3067/2808 2802/3062/2803 2805/3071/2812 2803/3069/2810
f 2803/3069/2810 2804/3072/2813 2807/3073/2814 2806/3070/2811
f 2803/3069/2810 2805/3071/2812 2832/3025/2773 2804/3072/2813
f 2807/3073/2814 2811/3074/2815 2808/3075/2816 2806/3070/2811
f 2801/3068/2809 2806/3070/2811 2808/3075/2816 2809/3076/2817
f 2809/3076/2817 2808/3075/2816 2810/3077/2818 2829/3078/2819
f 2811/3074/2815 2812/3079/2820 2810/3077/2818 2808/3075/2816
f 2811/3074/2815 2813/3080/2821 2814/3081/2822 2812/3079/2820
f 2813/3080/2821 2811/3074/2815 2807/3073/2814 2816/3082/2823
f 2815/3083/2824 2825/3084/2825 2814/3081/2822 2813/3080/2821
f 2815/3083/2824 2813/3080/2821 2816/3082/2823 2817/3085/2826
f 2818/3086/2827 2816/3082/2823 2807/3073/2814 2804/3072/2813
f 2819/3087/2828 2817/3085/2826 2816/3082/2823 2818/3086/2827
f 2818/3086/2827 2804/3072/2813 2832/3025/2773 2768/3019/2770
f 2766/3018/2769 2819/3087/2828 2818/3086/2827 2768/3019/2770
f 2819/3087/2828 2766/3018/2769 2764/3017/2768 2820/3016/2767
f 2820/3016/2767 2821/3088/2829 2817/3085/2826 2819/3087/2828
f 2820/3016/2767 2759/3010/2761 2822/3012/2763 2821/3088/2829
f 2823/3089/2830 2821/3088/2829 2822/3012/2763 2760/3009/2760
f 2823/3089/2830 2815/3083/2824 2817/3085/2826 2821/3088/2829
f 2823/3089/2830 2760/3009/2760 2752/2997/2751 2824/2996/2750
f 2815/3083/2824 2823/3089/2830 2824/2996/2750 2825/3084/2825
f 2826/3090/2831 2825/3084/2825 2824/2996/2750 2751/2994/2749
f 2826/3090/2831 2812/3079/2820 2814/3081/2822 2825/3084/2825
f 2812/3079/2820 2826/3090/2831 2827/3091/2832 2810/3077/2818
f 2827/3091/2832 2826/3090/2831 2751/2994/2749 2749/2988/2744
f 2829/3078/2819 2810/3077/2818 2827/3091/2832 2828/2983/2740
f 2743/2984/2741 2828/2983/2740 2827/3091/2832 2749/2988/2744
f 2830/2981/2739 2829/3078/2819 2828/2983/2740 2739/2979/2737
f 2829/3078/2819 2830/2981/2739 2831/3092/2833 2809/3076/2817
f 2740/2978/2736 2799/3066/2807 2831/3092/2833 2830/2981/2739
f 2801/3068/2809 2809/3076/2817 2831/3092/2833 2799/3066/2807
f 2833/3093/2834 2834/3094/2835 2832/3025/2773 2805/3071/2812
f 2802/3095/2803 2836/3096/2836 2833/3097/2834 2805/3098/2812
f 2835/3099/2837 2841/3100/2838 2834/3101/2835 2833/3097/2834
f 2836/3096/2836 2837/3102/2839 2835/3099/2837 2833/3097/2834
f 2837/3102/2839 2836/3096/2836 2838/3103/2840 2839/3104/2841
f 2802/3095/2803 2792/3105/2798 2838/3103/2840 2836/3096/2836
f 2838/3103/2840 2792/3105/2798 2840/3106/2842 2839/3104/2841
f 2839/3104/2841 2841/3100/2838 2835/3099/2837 2837/3102/2839
f 2839/3104/2841 2840/3106/2842 2842/3107/2843 2841/3100/2838
f 2841/3100/2838 2842/3107/2843 2843/3108/2844 2834/3101/2835
f 2842/3107/2843 2840/3106/2842 2844/3035/2781 2843/3108/2844
f 2834/3101/2835 2843/3108/2844 2844/3035/2781 2776/3034/2780
f 2792/3057/2798 2785/3051/2793 2844/3050/2781 2840/3109/2842
f 2776/3034/2780 2769/3028/2774 2832/3110/2773 2834/3101/2835
f 2787/3054/2795 2789/3055/2796 2724/2965/2723 2846/3111/2845
f 2846/3111/2845 2848/3112/2846 2845/3056/2797 2787/3054/2795
f 2847/2956/2714 2846/3111/2845 2724/2965/2723 2715/2955/2713
f 2846/3111/2845 2847/2956/2714 2850/3113/2847 2848/3112/2846
f 2849/3045/2791 2848/3112/2846 2850/3113/2847 2851/3114/2848
f 2849/3045/2791 2783/3044/2790 2845/3056/2797 2848/3112/2846
f 2852/2947/2705 2851/3114/2848 2850/3113/2847 2708/2945/2704
f 2850/3113/2847 2847/2956/2714 2710/2948/2706 2708/2945/2704
f 2851/3114/2848 2852/2947/2705 2855/3115/2849 2853/3116/2850
f 2782/3046/2788 2849/3045/2791 2851/3114/2848 2853/3116/2850
f 2854/3117/2851 2780/3040/2786 2782/3042/2788 2853/3118/2850
f 2853/3118/2850 2855/3119/2849 2857/3120/2852 2854/3117/2851
f 2707/2941/2701 2856/3121/2853 2855/3119/2849 2852/3122/2705
f 2856/3121/2853 2859/3123/2854 2857/3120/2852 2855/3119/2849
f 2859/3123/2854 2861/3000/2753 2858/3124/2855 2857/3120/2852
f 2854/3117/2851 2857/3120/2852 2858/3124/2855 2876/3125/2856
f 2856/3121/2853 2863/3126/2857 2860/3127/2858 2859/3123/2854
f 2861/3000/2753 2859/3123/2854 2860/3127/2858 2754/3001/2754
f 2861/3000/2753 2755/3002/2755 2875/3128/2859 2858/3124/2855
f 2754/3001/2754 2860/3127/2858 2862/3129/2860 2873/3130/2861
f 2860/3127/2858 2864/3131/2862 2866/3132/2863 2862/3129/2860
f 2860/3127/2858 2863/3126/2857 2867/3133/2864 2864/3131/2862
f 2867/3133/2864 2869/3134/2865 2865/3135/2866 2864/3131/2862
f 2865/3135/2866 2871/3136/2867 2866/3132/2863 2864/3131/2862
f 2705/2939/2700 2702/2936/2699 2867/3133/2864 2863/3126/2857
f 2746/2986/2743 2868/3137/2868 2867/3133/2864 2702/2936/2699
f 2868/3137/2868 2870/3138/2869 2869/3134/2865 2867/3133/2864
f 2865/3135/2866 2869/3134/2865 2870/3138/2869 2871/3136/2867
f 2873/3130/2861 2871/3136/2867 2870/3138/2869 2872/3139/2870
f 2874/3003/2756 2872/3139/2870 2870/3138/2869 2868/3137/2868
f 2754/3001/2754 2873/3130/2861 2872/3139/2870 2874/3003/2756
f 2868/3137/2868 2746/2986/2743 2748/2990/2746 2874/3003/2756
f 2873/3130/2861 2862/3129/2860 2866/3132/2863 2871/3136/2867
f 2863/3126/2857 2856/3121/2853 2707/2941/2701 2705/2939/2700
f 2876/3125/2856 2858/3124/2855 2875/3128/2859 2877/3140/2871
f 2876/3125/2856 2877/3140/2871 2878/3039/2785 2778/3038/2784
f 2876/3125/2856 2778/3038/2784 2780/3040/2786 2854/3117/2851
f 2877/3140/2871 2875/3128/2859 2879/3031/2765 2771/3030/2777
f 2771/3030/2777 2773/3029/2776 2878/3039/2785 2877/3140/2871
f 2755/3002/2755 2757/3004/2757 2879/3031/2765 2875/3128/2859
f 2881/3141/2872 2882/3142/2873 2880/3143/2874
f 2880/3143/2874 2882/3142/2873 2881/3144/2872
f 2883/3145/2875 2884/3146/2875 2885/3147/2875
f 2883/3148/2876 2885/3147/2876 2884/3146/2876
f 2888/3149/2877 2886/3150/2878 2887/3151/2879
f 2886/3150/2878 2888/3149/2877 2887/3152/2879
o root.3
v -0.837058 0.261000 0.019026
v -0.803679 0.262145 0.033516
v -0.830604 0.220540 0.024946
v -0.827300 0.314233 -0.003314
v -0.837944 0.247656 -0.015753
v -0.858411 0.234832 -0.034098
v -0.834650 0.303427 -0.038813
v -0.826264 0.214172 -0.018259
v -0.815313 0.202627 -0.007613
v -0.815569 0.185172 -0.039573
v -0.843236 0.198399 -0.024678
v -0.837617 0.181233 -0.044112
v -0.860663 0.219743 -0.064512
v -0.841686 0.215748 -0.083995
v -0.857511 0.275104 -0.087127
v -0.858903 0.260245 -0.111560
v -0.852152 0.293426 -0.056444
v -0.826195 0.338396 -0.140650
v -0.833009 0.315647 -0.167476
v -0.806506 0.361288 -0.110658
v -0.752381 0.375732 -0.216093
v -0.734028 0.395151 -0.190708
v -0.757671 0.353209 -0.236675
v -0.698308 0.441590 -0.323696
v -0.705681 0.406900 -0.344757
v -0.640712 0.502602 -0.438015
v -0.675087 0.471915 -0.295590
v -0.613306 0.530440 -0.406105
v -0.642403 0.488336 -0.269543
v -0.576129 0.544489 -0.376134
v -0.604260 0.479970 -0.257281
v -0.702600 0.410061 -0.165205
v -0.767991 0.378550 -0.078884
v -0.659479 0.410234 -0.148560
v -0.693498 0.391515 -0.068075
v -0.620776 0.388026 -0.147828
v -0.644151 0.372386 -0.070036
v -0.576122 0.446971 -0.263347
v -0.601154 0.349015 -0.154600
v -0.616210 0.306483 -0.161885
v -0.557235 0.399880 -0.279838
v -0.634694 0.336706 -0.078193
v -0.647649 0.302550 -0.086163
v -0.627848 0.333028 -0.025947
v -0.644053 0.304068 -0.032514
v -0.630809 0.327557 0.014713
v -0.645609 0.359005 -0.018242
v -0.640982 0.338549 0.027181
v -0.693721 0.366525 -0.016831
v -0.702099 0.352003 -0.004024
v -0.663401 0.352830 0.022926
v -0.766652 0.369187 -0.025277
v -0.756824 0.353697 -0.008796
v -0.744302 0.324198 -0.010824
v -0.798237 0.310787 0.011358
v -0.770424 0.294040 0.004328
v -0.778767 0.246975 0.021276
v -0.761176 0.273329 -0.016190
v -0.777011 0.259785 -0.040458
v -0.776135 0.228413 -0.007687
v -0.737879 0.303336 -0.026626
v -0.706142 0.309777 -0.012696
v -0.734662 0.285330 -0.050406
v -0.689232 0.296466 -0.038722
v -0.740674 0.265311 -0.092305
v -0.682734 0.280310 -0.092534
v -0.752995 0.248701 -0.139177
v -0.792075 0.238733 -0.083445
v -0.820776 0.208918 -0.087337
v -0.797722 0.221602 -0.121660
v -0.810999 0.188085 -0.115861
v -0.807186 0.214664 -0.149073
v -0.814307 0.188830 -0.138990
v -0.835644 0.223434 -0.162155
v -0.768662 0.245661 -0.171743
v -0.696884 0.274195 -0.217496
v -0.795732 0.260742 -0.191504
v -0.822150 0.286392 -0.188674
v -0.726046 0.294607 -0.242881
v -0.657614 0.340901 -0.352426
v -0.748820 0.324776 -0.247739
v -0.690735 0.371241 -0.355418
v -0.634669 0.429784 -0.475130
v -0.594289 0.390538 -0.472830
v -0.597560 0.475747 -0.548380
v -0.651572 0.468350 -0.462537
v -0.610872 0.519261 -0.535201
v -0.603337 0.553106 -0.504846
v -0.559385 0.542454 -0.568296
v -0.558746 0.503523 -0.586476
v -0.516451 0.546298 -0.577789
v -0.553756 0.572460 -0.541082
v -0.540788 0.597368 -0.508543
v -0.499956 0.565385 -0.560192
v -0.464626 0.531880 -0.567043
v -0.484968 0.585925 -0.525289
v -0.479872 0.597465 -0.474526
v -0.441210 0.549409 -0.525033
v -0.429102 0.497516 -0.507432
v -0.435403 0.558276 -0.468468
v -0.449174 0.544707 -0.405967
v -0.422121 0.513707 -0.467708
v -0.432859 0.488420 -0.427189
v -0.441439 0.448620 -0.468588
v -0.494753 0.451092 -0.373070
v -0.501652 0.404366 -0.407795
v -0.509330 0.502731 -0.352099
v -0.540196 0.536037 -0.356817
v -0.496426 0.585935 -0.411338
v -0.549129 0.600110 -0.432895
v -0.525092 0.606716 -0.477150
v -0.590996 0.586926 -0.467168
v -0.560284 0.355849 -0.298325
v -0.520515 0.373226 -0.433133
v -0.589871 0.328149 -0.316861
v -0.464699 0.426042 -0.512457
v -0.550909 0.366443 -0.456185
v -0.507558 0.419302 -0.540120
v -0.618616 0.322659 -0.337106
v -0.500808 0.468678 -0.578800
v -0.560526 0.438916 -0.546075
v -0.545676 0.468771 -0.576628
v -0.455569 0.479899 -0.550975
v -0.503899 0.517578 -0.591220
v -0.665602 0.276286 -0.178427
v -0.858788 0.242422 -0.143156
v -0.858911 0.201869 -0.111328
v -0.846304 0.190545 -0.138334
v -0.845141 0.189619 -0.099752
v -0.840158 0.180916 -0.119847
v -0.802129 0.216517 -0.036746
v -0.665509 0.297032 0.007662
v -0.641446 0.309600 0.019333
v -0.673829 0.308481 0.029634
v -0.652838 0.321629 0.037922
v -0.686119 0.328491 0.030000
v -0.708055 0.332470 -0.001496
v -0.670898 0.340962 0.036021
v -0.794388 0.204004 0.001756
v -0.797991 0.215266 0.026206
v -0.816630 0.208969 0.020280
v -0.805983 0.229330 0.037995
vn -0.8272 0.1413 0.5439
vn 0.0478 0.2291 0.9722
vn -0.0274 0.4282 0.9033
vn -0.7206 0.5361 0.4396
vn -0.7234 -0.4174 0.5500
vn 0.0433 -0.1756 0.9835
vn -0.9181 0.0254 0.3955
vn -0.4813 -0.6048 0.6344
vn -0.8052 0.5241 0.2774
vn -0.8586 0.4284 0.2814
vn -0.8812 -0.0240 0.4722
vn -0.5158 -0.5039 0.6929
vn -0.0114 -0.9954 0.0956
vn -0.2905 -0.8484 0.4425
vn 0.2696 -0.9588 0.0894
vn 0.6698 -0.7179 -0.1897
vn -0.4380 -0.8976 0.0498
vn -0.9092 -0.3769 -0.1769
vn -0.7324 -0.6808 0.0096
vn -0.9779 0.1979 -0.0668
vn -0.9910 0.0817 -0.1062
vn -0.7960 0.5810 -0.1700
vn -0.8443 0.3582 -0.3986
vn -0.6484 0.7595 0.0518
vn -0.8329 0.2628 -0.4871
vn -0.7555 0.6208 -0.2095
vn -0.6014 0.7988 0.0158
vn -0.6552 0.7487 0.1004
vn -0.8406 0.5280 -0.1210
vn -0.9170 0.1044 -0.3850
vn -0.9135 0.1080 -0.3922
vn -0.8590 0.4992 -0.1137
vn -0.6925 0.7059 0.1492
vn -0.3263 0.9117 0.2497
vn -0.3116 0.8764 0.3673
vn -0.3094 0.8356 0.4539
vn 0.2557 0.7566 0.6017
vn 0.2170 0.6931 0.6874
vn 0.1858 0.8789 0.4394
vn -0.4072 0.8955 0.1797
vn 0.0706 0.9521 0.2976
vn 0.6643 0.6863 0.2961
vn 0.7248 0.5117 0.4613
vn 0.7141 0.3651 0.5973
vn 0.9836 -0.0472 0.1742
vn 0.9319 -0.0465 0.3598
vn 0.8995 -0.0775 0.4300
vn 0.6719 -0.7234 0.1587
vn 0.7537 -0.6319 0.1808
vn 0.8156 -0.5461 0.1909
vn 0.6497 -0.7602 0.0032
vn 0.9997 0.0156 0.0203
vn 0.6033 0.7685 0.2130
vn 0.9584 -0.0149 0.2851
vn 0.6162 -0.6832 0.3919
vn 0.6446 0.4586 0.6117
vn 0.0022 0.8920 0.4521
vn 0.0539 0.8381 0.5429
vn -0.0708 0.4724 0.8785
vn -0.3414 0.5561 0.7578
vn -0.3588 0.8293 0.4283
vn -0.2206 0.3913 0.8934
vn 0.1869 -0.1810 0.9656
vn -0.5081 -0.1389 0.8500
vn 0.6275 0.0109 0.7785
vn 0.7659 -0.0998 0.6351
vn 0.8665 -0.4973 -0.0433
vn 0.8580 -0.4320 0.2779
vn 0.3511 -0.6718 0.6523
vn 0.7445 -0.6663 -0.0417
vn 0.3616 -0.8572 0.3668
vn -0.3276 -0.7459 0.5800
vn 0.1061 -0.9533 0.2829
vn 0.3920 -0.8869 0.2444
vn 0.3353 -0.9196 0.2046
vn 0.6878 -0.7124 0.1397
vn 0.4189 -0.9068 0.0482
vn 0.4098 -0.9122 -0.0027
vn 0.7294 -0.6778 0.0930
vn 0.5660 -0.7888 0.2399
vn 0.5987 -0.7875 0.1462
vn 0.4614 -0.7221 -0.5155
vn 0.4531 -0.6980 -0.5545
vn 0.2340 -0.8853 -0.4018
vn -0.3770 -0.4474 -0.8110
vn -0.4797 -0.6968 -0.5332
vn -0.2513 -0.5613 -0.7886
vn 0.1159 -0.9353 -0.3343
vn -0.3100 -0.7095 -0.6329
vn -0.9269 -0.0511 -0.3718
vn -0.6999 -0.0447 -0.7128
vn -0.6715 -0.2726 -0.6890
vn -0.3963 -0.7487 -0.5315
vn 0.0483 -0.9394 -0.3394
vn -0.7239 -0.4120 -0.5534
vn -0.7108 -0.4048 -0.5752
vn -0.3847 -0.7226 -0.5744
vn -0.6700 -0.2599 -0.6954
vn -0.3327 -0.6346 -0.6975
vn -0.7995 0.2815 -0.5306
vn -0.7543 0.5875 -0.2930
vn -0.3601 0.7460 -0.5602
vn -0.4392 0.4940 -0.7504
vn -0.3869 -0.0247 -0.9218
vn -0.0164 0.5542 -0.8322
vn 0.1996 0.1157 -0.9730
vn 0.1822 0.7075 -0.6828
vn -0.2049 0.9114 -0.3570
vn -0.6311 0.7757 0.0004
vn 0.3494 0.8332 -0.4286
vn 0.6292 0.2533 -0.7349
vn 0.8084 0.4308 -0.4012
vn 0.8465 0.5290 0.0601
vn 0.4353 0.9003 0.0067
vn 0.0044 0.9990 -0.0441
vn 0.9552 -0.1250 -0.2681
vn 0.7394 -0.2967 -0.6044
vn 0.9979 0.0403 0.0514
vn 0.2928 0.7948 0.5316
vn 0.7193 0.3774 0.5832
vn 0.8925 -0.1878 0.4102
vn 0.8592 -0.5069 0.0692
vn 0.6359 0.2505 0.7300
vn 0.8066 -0.2276 0.5455
vn 0.7770 -0.5764 0.2531
vn -0.2267 0.9131 0.3388
vn 0.4914 -0.8683 -0.0668
vn 0.5474 -0.8333 -0.0769
vn 0.6704 -0.6704 -0.3180
vn 0.0696 -0.9085 -0.4121
vn 0.1870 -0.7605 -0.6218
vn 0.2608 -0.4345 -0.8621
vn -0.2249 -0.4716 -0.8526
vn -0.9144 -0.3790 0.1424
vn -0.2262 -0.9701 0.0874
vn -0.3203 -0.7462 0.5836
vn 0.5156 -0.8521 0.0902
vn 0.0105 -0.9735 0.2286
vn -0.2888 -0.6484 0.7044
vn 0.2977 -0.2209 0.9288
vn -0.6556 -0.0330 0.7544
vn 0.4013 -0.6229 0.6715
vt 0.745271 0.442422
vt 0.753469 0.441090
vt 0.755157 0.453540
vt 0.748149 0.454801
vt 0.741715 0.434075
vt 0.751069 0.433339
vt 0.736595 0.444884
vt 0.733479 0.437102
vt 0.740512 0.458140
vt 0.734528 0.458246
vt 0.728690 0.445582
vt 0.724722 0.437733
vt 0.272002 0.520908
vt 0.268581 0.523118
vt 0.265981 0.517489
vt 0.268836 0.514439
vt 0.273412 0.527834
vt 0.266792 0.530793
vt 0.277955 0.526660
vt 0.278084 0.521386
vt 0.720206 0.448754
vt 0.719238 0.437747
vt 0.280156 0.532568
vt 0.282565 0.530218
vt 0.726566 0.460334
vt 0.720265 0.462248
vt 0.715461 0.451407
vt 0.730566 0.480134
vt 0.724155 0.480667
vt 0.739828 0.479648
vt 0.724514 0.505916
vt 0.732254 0.505146
vt 0.741499 0.504783
vt 0.741059 0.536634
vt 0.730779 0.535520
vt 0.721921 0.534698
vt 0.718286 0.566493
vt 0.727739 0.567012
vt 0.738660 0.567528
vt 0.752096 0.505323
vt 0.750829 0.537463
vt 0.750004 0.567929
vt 0.759649 0.538590
vt 0.759354 0.567823
vt 0.763129 0.507522
vt 0.751447 0.480353
vt 0.766625 0.488116
vt 0.777317 0.492207
vt 0.773543 0.509881
vt 0.768882 0.539869
vt 0.218888 0.566156
vt 0.227493 0.565393
vt 0.230742 0.584201
vt 0.220900 0.584272
vt 0.218168 0.615274
vt 0.230867 0.616139
vt 0.235955 0.562957
vt 0.240547 0.581170
vt 0.242225 0.615831
vt 0.228963 0.553097
vt 0.222125 0.554497
vt 0.215319 0.555264
vt 0.218474 0.546319
vt 0.222040 0.544305
vt 0.215014 0.544012
vt 0.781911 0.481162
vt 0.772581 0.476760
vt 0.783006 0.471724
vt 0.788030 0.472253
vt 0.762028 0.466795
vt 0.773092 0.471862
vt 0.758240 0.470257
vt 0.783828 0.467981
vt 0.766695 0.461905
vt 0.773602 0.467227
vt 0.763351 0.452745
vt 0.251416 0.519054
vt 0.255109 0.523781
vt 0.246389 0.529398
vt 0.241653 0.523780
vt 0.259816 0.527989
vt 0.251066 0.534214
vt 0.239838 0.533915
vt 0.243628 0.538788
vt 0.257343 0.537776
vt 0.248080 0.544268
vt 0.235865 0.541153
vt 0.233707 0.535930
vt 0.237899 0.548524
vt 0.256525 0.551331
vt 0.244995 0.559164
vt 0.266759 0.542088
vt 0.265733 0.558209
vt 0.253558 0.577027
vt 0.272930 0.548415
vt 0.275749 0.536530
vt 0.278577 0.543729
vt 0.280147 0.547738
vt 0.278396 0.552617
vt 0.272803 0.562724
vt 0.285671 0.552754
vt 0.285126 0.544896
vt 0.280872 0.564254
vt 0.264377 0.581091
vt 0.273673 0.584479
vt 0.712805 0.466630
vt 0.717971 0.479856
vt 0.711474 0.477648
vt 0.708973 0.468931
vt 0.287155 0.565893
vt 0.282296 0.586438
vt 0.271383 0.615610
vt 0.260879 0.614859
vt 0.281528 0.615760
vt 0.713356 0.533937
vt 0.717383 0.505350
vt 0.709217 0.566083
vt 0.282254 0.649373
vt 0.270727 0.648970
vt 0.281749 0.671896
vt 0.270904 0.670949
vt 0.718368 0.588654
vt 0.708973 0.587587
vt 0.727483 0.587852
vt 0.729352 0.602987
vt 0.720082 0.603284
vt 0.709900 0.602190
vt 0.721909 0.614014
vt 0.713130 0.616090
vt 0.730687 0.616169
vt 0.738605 0.602180
vt 0.737581 0.586961
vt 0.747391 0.613577
vt 0.725004 0.626045
vt 0.242823 0.698998
vt 0.231843 0.707989
vt 0.218253 0.700017
vt 0.230181 0.692177
vt 0.221810 0.685169
vt 0.215125 0.693028
vt 0.746327 0.598420
vt 0.754605 0.602969
vt 0.235760 0.681428
vt 0.247375 0.686921
vt 0.227406 0.676485
vt 0.767082 0.603657
vt 0.758565 0.588073
vt 0.769607 0.588619
vt 0.215014 0.664170
vt 0.226853 0.664477
vt 0.237625 0.666974
vt 0.216274 0.643083
vt 0.229010 0.644040
vt 0.241828 0.646034
vt 0.769024 0.567790
vt 0.747895 0.586524
vt 0.252683 0.614363
vt 0.251460 0.646537
vt 0.248176 0.671596
vt 0.259837 0.647230
vt 0.259105 0.671831
vt 0.260151 0.685814
vt 0.271504 0.681428
vt 0.277889 0.686631
vt 0.260231 0.697811
vt 0.710221 0.455441
vt 0.290302 0.537934
vt 0.293482 0.550226
vt 0.283734 0.542216
vt 0.283796 0.539217
vt 0.264152 0.522730
vt 0.227512 0.543657
vt 0.225573 0.538782
vt 0.220003 0.539580
vt 0.218484 0.535453
vt 0.226789 0.533902
vt 0.780991 0.465841
vt 0.215197 0.537556
vt 0.260966 0.518943
vt 0.257880 0.516014
s 1
f 2889/3153/2880 2890/3154/2881 2943/3155/2882 2892/3156/2883
f 2889/3153/2880 2891/3157/2884 3030/3158/2885 2890/3154/2881
f 2891/3157/2884 2889/3153/2880 2893/3159/2886 2896/3160/2887
f 2893/3159/2886 2889/3153/2880 2892/3156/2883 2895/3161/2888
f 2893/3159/2886 2895/3161/2888 2905/3162/2889 2894/3163/2890
f 2894/3163/2890 2899/3164/2891 2896/3160/2887 2893/3159/2886
f 2896/3165/2887 2897/3166/2892 3029/3167/2893 2891/3168/2884
f 2898/3169/2894 3019/3170/2895 2897/3166/2892 2896/3165/2887
f 2900/3171/2896 2898/3169/2894 2896/3165/2887 2899/3172/2891
f 2901/3173/2897 2900/3174/2896 2899/3164/2891 2894/3163/2890
f 2902/3175/2898 2898/3169/2894 2900/3171/2896 2901/3176/2897
f 2894/3163/2890 2905/3162/2889 2903/3177/2899 2901/3173/2897
f 2901/3173/2897 2903/3177/2899 2904/3178/2900 2902/3179/2898
f 2906/3180/2901 2907/3181/2902 2904/3178/2900 2903/3177/2899
f 2905/3162/2889 2908/3182/2903 2906/3180/2901 2903/3177/2899
f 2911/3183/2904 2907/3181/2902 2906/3180/2901 2909/3184/2905
f 2910/3185/2906 2909/3184/2905 2906/3180/2901 2908/3182/2903
f 2910/3185/2906 2915/3186/2907 2912/3187/2908 2909/3184/2905
f 2912/3187/2908 2913/3188/2909 2911/3183/2904 2909/3184/2905
f 2974/3189/2910 2913/3188/2909 2912/3187/2908 2914/3190/2911
f 2916/3191/2912 2914/3190/2911 2912/3187/2908 2915/3186/2907
f 2910/3185/2906 2920/3192/2913 2917/3193/2914 2915/3186/2907
f 2917/3193/2914 2918/3194/2915 2916/3191/2912 2915/3186/2907
f 2919/3195/2916 2996/3196/2917 2918/3194/2915 2917/3193/2914
f 2920/3192/2913 2922/3197/2918 2919/3195/2916 2917/3193/2914
f 2910/3185/2906 2908/3182/2903 2921/3198/2919 2920/3192/2913
f 2922/3197/2918 2920/3192/2913 2921/3198/2919 2923/3199/2920
f 2923/3199/2920 2925/3200/2921 2924/3201/2922 2922/3197/2918
f 2919/3195/2916 2922/3197/2918 2924/3201/2922 2926/3202/2923
f 2925/3203/2921 2930/3204/2924 2927/3205/2925 2924/3206/2922
f 2926/3207/2923 2924/3206/2922 2927/3205/2925 2929/3208/2926
f 2931/3209/2927 2928/3210/2928 2927/3205/2925 2930/3204/2924
f 2927/3205/2925 2928/3210/2928 3001/3211/2929 2929/3208/2926
f 2933/3212/2930 2931/3209/2927 2930/3204/2924 2932/3213/2931
f 2935/3214/2932 2932/3213/2931 2930/3204/2924 2925/3203/2921
f 2933/3212/2930 2932/3213/2931 2934/3215/2933 3021/3216/2934
f 2935/3214/2932 2936/3217/2935 2934/3215/2933 2932/3213/2931
f 2935/3218/2932 2937/3219/2936 2939/3220/2937 2936/3221/2935
f 2925/3200/2921 2923/3199/2920 2937/3219/2936 2935/3218/2932
f 2941/3222/2938 2938/3223/2939 2937/3219/2936 2940/3224/2940
f 2938/3223/2939 3026/3225/2941 2939/3220/2937 2937/3219/2936
f 2921/3198/2919 2940/3224/2940 2937/3219/2936 2923/3199/2920
f 2940/3224/2940 2892/3156/2883 2943/3155/2882 2941/3222/2938
f 2892/3156/2883 2940/3224/2940 2921/3198/2919 2895/3161/2888
f 2938/3223/2939 2941/3222/2938 2942/3226/2942 3025/3227/2943
f 2941/3222/2938 2943/3155/2882 2944/3228/2944 2942/3226/2942
f 2890/3229/2881 2945/3230/2945 2944/3231/2944 2943/3232/2882
f 2945/3230/2945 2948/3233/2946 2946/3234/2947 2944/3231/2944
f 2942/3235/2942 2944/3231/2944 2946/3234/2947 2949/3236/2948
f 2948/3233/2946 3019/3170/2895 2947/3237/2949 2946/3234/2947
f 2949/3236/2948 2946/3234/2947 2947/3237/2949 2951/3238/2950
f 2950/3239/2951 3025/3240/2943 2942/3235/2942 2949/3236/2948
f 2949/3236/2948 2951/3238/2950 2952/3241/2952 2950/3239/2951
f 2953/3242/2953 2954/3243/2954 2952/3241/2952 2951/3238/2950
f 2953/3242/2953 2951/3238/2950 2947/3237/2949 2956/3244/2955
f 2953/3242/2953 2955/3245/2956 3013/3246/2957 2954/3243/2954
f 2955/3245/2956 2953/3242/2953 2956/3244/2955 2958/3247/2958
f 2958/3247/2958 2956/3244/2955 2957/3248/2959 2959/3249/2960
f 2947/3237/2949 3019/3170/2895 2957/3248/2959 2956/3244/2955
f 2958/3247/2958 2959/3249/2960 2961/3250/2961 2960/3251/2962
f 2963/3252/2963 2955/3245/2956 2958/3247/2958 2960/3251/2962
f 2962/3253/2964 2960/3251/2962 2961/3250/2961 3016/3254/2965
f 2960/3251/2962 2962/3253/2964 2965/3255/2966 2963/3252/2963
f 2963/3252/2963 2964/3256/2967 3013/3246/2957 2955/3245/2956
f 2963/3252/2963 2965/3255/2966 2967/3257/2968 2964/3256/2967
f 3014/3258/2969 2966/3259/2970 2965/3260/2966 2962/3261/2964
f 2966/3262/2970 2969/3263/2971 2967/3257/2968 2965/3255/2966
f 2964/3256/2967 2967/3257/2968 2968/3264/2972 3007/3265/2973
f 2969/3263/2971 2970/3266/2974 2968/3264/2972 2967/3257/2968
f 2970/3267/2974 2969/3268/2971 2911/3183/2904 2913/3188/2909
f 2966/3259/2970 2907/3181/2902 2911/3183/2904 2969/3268/2971
f 2913/3188/2909 2974/3189/2910 2971/3269/2975 2970/3267/2974
f 2970/3266/2974 2971/3270/2975 2972/3271/2976 2968/3264/2972
f 2973/3272/2977 3009/3273/2978 2972/3271/2976 2971/3270/2975
f 2975/3274/2979 2973/3275/2977 2971/3269/2975 2974/3189/2910
f 2914/3190/2911 2976/3276/2980 2975/3274/2979 2974/3189/2910
f 2980/3277/2981 2977/3278/2982 2975/3274/2979 2976/3276/2980
f 2978/3279/2983 2973/3275/2977 2975/3274/2979 2977/3278/2982
f 2978/3279/2983 2977/3278/2982 2979/3280/2984 3012/3281/2985
f 2980/3277/2981 2982/3282/2986 2979/3280/2984 2977/3278/2982
f 2981/3283/2987 2980/3277/2981 2976/3276/2980 3000/3284/2988
f 2982/3282/2986 2980/3277/2981 2981/3283/2987 2984/3285/2989
f 2983/3286/2990 3012/3281/2985 2979/3280/2984 2982/3282/2986
f 2983/3287/2990 2982/3288/2986 2984/3289/2989 2986/3290/2991
f 2988/3291/2992 2986/3290/2991 2984/3289/2989 2985/3292/2993
f 2984/3285/2989 2981/3283/2987 2999/3293/2994 2985/3294/2993
f 2986/3290/2991 2987/3295/2995 3011/3296/2996 2983/3287/2990
f 2986/3290/2991 2988/3291/2992 2990/3297/2997 2987/3295/2995
f 2988/3298/2992 2985/3294/2993 2997/3299/2998 2989/3300/2999
f 2989/3301/2999 2991/3302/3000 2990/3297/2997 2988/3291/2992
f 2992/3303/3001 2987/3295/2995 2990/3297/2997 2991/3302/3000
f 2991/3302/3000 2989/3301/2999 2995/3304/3002 2993/3305/3003
f 2992/3303/3001 2991/3302/3000 2993/3305/3003 2994/3306/3004
f 3001/3211/2929 2994/3306/3004 2993/3305/3003 2929/3208/2926
f 2929/3208/2926 2993/3305/3003 2995/3304/3002 2926/3207/2923
f 2989/3300/2999 2997/3299/2998 2996/3196/2917 2995/3307/3002
f 2926/3202/2923 2995/3307/3002 2996/3196/2917 2919/3195/2916
f 2997/3299/2998 2998/3308/3005 2918/3194/2915 2996/3196/2917
f 2997/3299/2998 2985/3294/2993 2999/3293/2994 2998/3308/3005
f 3000/3284/2988 2998/3308/3005 2999/3293/2994 2981/3283/2987
f 2998/3308/3005 3000/3284/2988 2916/3191/2912 2918/3194/2915
f 2976/3276/2980 2914/3190/2911 2916/3191/2912 3000/3284/2988
f 3003/3309/3006 3002/3310/3007 2994/3306/3004 3001/3211/2929
f 3004/3311/3008 2992/3303/3001 2994/3306/3004 3002/3310/3007
f 3003/3309/3006 3007/3265/2973 3005/3312/3009 3002/3310/3007
f 3005/3312/3009 3006/3313/3010 3004/3311/3008 3002/3310/3007
f 3009/3273/2978 3006/3313/3010 3005/3312/3009 2972/3271/2976
f 2968/3264/2972 2972/3271/2976 3005/3312/3009 3007/3265/2973
f 3013/3246/2957 2964/3256/2967 3007/3265/2973 3003/3309/3006
f 3008/3314/3011 3011/3296/2996 3004/3311/3008 3006/3313/3010
f 3006/3313/3010 3009/3273/2978 3010/3315/3012 3008/3314/3011
f 2973/3272/2977 2978/3316/2983 3010/3315/3012 3009/3273/2978
f 3012/3317/2985 3008/3314/3011 3010/3315/3012 2978/3316/2983
f 3012/3317/2985 2983/3287/2990 3011/3296/2996 3008/3314/3011
f 2987/3295/2995 2992/3303/3001 3004/3311/3008 3011/3296/2996
f 2928/3210/2928 3013/3246/2957 3003/3309/3006 3001/3211/2929
f 2931/3209/2927 2954/3243/2954 3013/3246/2957 2928/3210/2928
f 2966/3259/2970 3014/3258/2969 2904/3178/2900 2907/3181/2902
f 2904/3178/2900 3014/3258/2969 3015/3318/3013 2902/3179/2898
f 2962/3253/2964 3016/3254/2965 3015/3319/3013 3014/3320/2969
f 3015/3319/3013 3016/3254/2965 3018/3321/3014 3017/3322/3015
f 3015/3319/3013 3017/3322/3015 2957/3248/2959 2902/3175/2898
f 2957/3248/2959 3017/3322/3015 3018/3321/3014 2959/3249/2960
f 3018/3321/3014 3016/3254/2965 2961/3250/2961 2959/3249/2960
f 2898/3169/2894 2902/3175/2898 2957/3248/2959 3019/3170/2895
f 2948/3233/2946 3027/3323/3016 2897/3166/2892 3019/3170/2895
f 2931/3209/2927 2933/3212/2930 2952/3241/2952 2954/3243/2954
f 2950/3239/2951 2952/3241/2952 3020/3324/3017 3022/3325/3018
f 2933/3212/2930 3021/3216/2934 3020/3324/3017 2952/3241/2952
f 3023/3326/3019 3022/3325/3018 3020/3324/3017 3021/3216/2934
f 3023/3326/3019 3026/3327/2941 3024/3328/3020 3022/3325/3018
f 2950/3239/2951 3022/3325/3018 3024/3328/3020 3025/3240/2943
f 2938/3223/2939 3025/3227/2943 3024/3329/3020 3026/3225/2941
f 3023/3326/3019 2936/3217/2935 2939/3330/2937 3026/3327/2941
f 3023/3326/3019 3021/3216/2934 2934/3215/2933 2936/3217/2935
f 2945/3230/2945 3028/3331/3021 3027/3323/3016 2948/3233/2946
f 3027/3323/3016 3028/3331/3021 3029/3167/2893 2897/3166/2892
f 3029/3167/2893 3028/3331/3021 3030/3332/2885 2891/3168/2884
f 2945/3230/2945 2890/3229/2881 3030/3332/2885 3028/3331/3021
f 2905/3162/2889 2895/3161/2888 2921/3198/2919 2908/3182/2903
o root.4
v 0.774132 0.257187 0.012285
v 0.800341 0.272682 0.027760
v 0.795009 0.218615 0.027733
v 0.774296 0.242856 -0.021153
v 0.758797 0.299608 -0.007275
v 0.750310 0.283859 -0.030783
v 0.729072 0.321621 -0.016117
v 0.782102 0.320851 0.004766
v 0.738136 0.342543 -0.009301
v 0.811815 0.334705 -0.001390
v 0.831893 0.273445 0.016871
v 0.748618 0.368305 -0.019839
v 0.830903 0.332056 -0.034303
v 0.839345 0.316920 -0.056813
v 0.840236 0.265256 -0.016787
v 0.747678 0.383388 -0.068811
v 0.684109 0.389730 -0.057190
v 0.784473 0.372451 -0.094927
v 0.678381 0.418790 -0.163869
v 0.644907 0.411278 -0.155139
v 0.706442 0.413381 -0.179502
v 0.608029 0.499432 -0.282169
v 0.639183 0.499740 -0.297559
v 0.537056 0.558177 -0.377442
v 0.581476 0.478780 -0.277308
v 0.503355 0.537541 -0.365133
v 0.561231 0.445236 -0.285440
v 0.480124 0.500009 -0.367481
v 0.612311 0.385365 -0.157104
v 0.547127 0.403302 -0.302649
v 0.471164 0.455468 -0.392670
v 0.597936 0.347391 -0.163831
v 0.551201 0.363915 -0.321714
v 0.613308 0.308113 -0.169824
v 0.576946 0.337008 -0.332562
v 0.473182 0.418298 -0.425380
v 0.428697 0.484125 -0.484607
v 0.486913 0.388301 -0.455719
v 0.514839 0.377872 -0.482576
v 0.447509 0.464477 -0.523749
v 0.480449 0.453264 -0.556684
v 0.443499 0.525179 -0.544672
v 0.478865 0.514327 -0.581928
v 0.428075 0.537864 -0.497235
v 0.463196 0.569338 -0.534542
v 0.483842 0.587959 -0.519869
v 0.451698 0.576729 -0.490239
v 0.494315 0.558368 -0.565672
v 0.507036 0.585173 -0.535597
v 0.537937 0.548401 -0.572900
v 0.589520 0.531709 -0.552866
v 0.541055 0.577727 -0.540782
v 0.529437 0.509066 -0.594450
v 0.527596 0.455909 -0.571542
v 0.580614 0.496177 -0.573084
v 0.568469 0.461301 -0.560162
v 0.625585 0.455162 -0.499892
v 0.596713 0.422230 -0.503671
v 0.635665 0.486334 -0.487694
v 0.685844 0.389053 -0.377902
v 0.745017 0.333457 -0.256194
v 0.659650 0.361838 -0.378329
v 0.696013 0.421168 -0.366158
v 0.751417 0.358283 -0.246639
v 0.688886 0.452151 -0.347045
v 0.627029 0.516191 -0.464891
v 0.746877 0.380151 -0.228101
v 0.668997 0.480976 -0.322481
v 0.731684 0.398446 -0.204557
v 0.605676 0.543846 -0.434081
v 0.573542 0.562898 -0.400875
v 0.580327 0.590611 -0.486507
v 0.548392 0.605423 -0.453739
v 0.545072 0.594360 -0.513237
v 0.589564 0.560649 -0.520554
v 0.521014 0.601348 -0.501609
v 0.488141 0.598934 -0.489015
v 0.501914 0.599314 -0.435167
v 0.457022 0.574404 -0.430463
v 0.429530 0.535548 -0.439478
v 0.427150 0.492606 -0.445428
v 0.807853 0.357971 -0.128100
v 0.855695 0.298964 -0.085325
v 0.822005 0.337388 -0.155305
v 0.826290 0.315658 -0.178605
v 0.852238 0.277488 -0.109349
v 0.845412 0.227092 -0.092935
v 0.863178 0.260175 -0.132313
v 0.851769 0.240308 -0.153470
v 0.860021 0.208677 -0.107248
v 0.847249 0.189896 -0.101509
v 0.856852 0.201126 -0.130078
v 0.842240 0.182068 -0.128949
v 0.831506 0.221718 -0.162785
v 0.816764 0.182041 -0.128546
v 0.826625 0.202452 -0.091246
v 0.807652 0.214262 -0.149274
v 0.798661 0.221467 -0.118656
v 0.772753 0.250335 -0.181880
v 0.796220 0.266851 -0.195357
v 0.756032 0.245943 -0.155795
v 0.704188 0.286605 -0.242839
v 0.626127 0.337591 -0.369766
v 0.728274 0.308682 -0.255288
v 0.679302 0.276724 -0.217125
v 0.660230 0.278402 -0.176834
v 0.596185 0.330058 -0.349669
v 0.688787 0.286998 -0.066190
v 0.746739 0.256247 -0.121004
v 0.743564 0.272926 -0.065096
v 0.798874 0.231887 -0.084607
v 0.792905 0.237928 -0.051253
v 0.806581 0.196653 -0.070965
v 0.827906 0.178203 -0.057905
v 0.810162 0.206093 -0.030211
v 0.795451 0.205897 -0.009720
v 0.833105 0.221059 -0.010686
v 0.837925 0.184921 -0.034844
v 0.852924 0.206544 -0.030003
v 0.854434 0.251945 -0.036522
v 0.853895 0.199923 -0.064402
v 0.862430 0.237960 -0.068006
v 0.823036 0.205585 0.003015
v 0.834074 0.229300 0.027566
v 0.807893 0.237333 0.040142
v 0.821276 0.212772 0.023934
v 0.665996 0.295337 -0.010701
v 0.648864 0.306013 -0.068844
v 0.716054 0.304779 -0.031991
v 0.689379 0.300755 -0.002260
v 0.701969 0.320826 0.004290
v 0.664792 0.308429 0.032021
v 0.651944 0.322923 0.037832
v 0.679731 0.317442 0.032692
v 0.655262 0.302041 0.019493
v 0.641379 0.313181 0.023404
v 0.631928 0.329055 0.016876
v 0.637542 0.304596 -0.016295
v 0.626287 0.332516 -0.015763
v 0.644827 0.356939 -0.010208
v 0.635766 0.334911 -0.068799
v 0.641740 0.366646 -0.062834
v 0.643002 0.341256 0.027321
v 0.680040 0.362318 -0.004187
v 0.664919 0.350793 0.026436
v 0.701503 0.344753 0.003471
v 0.672143 0.335552 0.038392
v 0.709127 0.367637 -0.018344
v 0.553639 0.390822 -0.499562
v 0.816753 0.290791 -0.193096
vn -0.1626 0.2678 0.9497
vn -0.1756 0.2816 0.9433
vn -0.6174 -0.2025 0.7601
vn -0.8153 -0.1455 0.5605
vn -0.5045 -0.5685 0.6498
vn -0.0606 -0.0248 0.9979
vn -0.8411 -0.5401 0.0290
vn -0.4804 -0.8751 -0.0584
vn -0.6635 -0.6259 0.4100
vn -0.0099 -0.8479 0.5301
vn 0.0261 -0.4474 0.8939
vn 0.0446 0.2079 0.9771
vn 0.2006 0.7849 0.5862
vn 0.4779 0.6156 0.6267
vn 0.7287 0.2741 0.6276
vn 0.9279 0.1498 0.3413
vn 0.7390 0.6269 0.2466
vn 0.2843 0.9318 0.2257
vn 0.8257 0.5271 0.2010
vn 0.9175 0.1058 0.3834
vn 0.5357 0.8411 0.0749
vn -0.1544 0.9231 0.3523
vn 0.1344 0.7851 0.6045
vn -0.3733 0.7993 0.4709
vn 0.1158 0.9225 0.3683
vn 0.4431 0.8777 0.1825
vn -0.0016 0.8359 0.5489
vn -0.4580 0.5848 0.6696
vn 0.4401 0.8480 0.2954
vn -0.0637 0.8056 0.5891
vn 0.4096 0.8394 0.3571
vn -0.4803 0.5223 0.7046
vn -0.7342 0.1077 0.6703
vn -0.7591 0.2211 0.6122
vn -0.7936 0.4171 0.4430
vn -0.8332 -0.2654 0.4851
vn -0.8767 -0.1623 0.4529
vn -0.9367 -0.0962 0.3366
vn -0.8260 -0.5211 0.2150
vn -0.7964 -0.5547 0.2409
vn -0.7506 -0.6381 0.1718
vn -0.4322 -0.9000 0.0565
vn -0.5345 -0.8451 -0.0126
vn -0.6749 -0.7335 -0.0803
vn -0.9373 -0.1997 0.2855
vn -0.9612 -0.2699 -0.0575
vn -0.8256 -0.4280 -0.3678
vn -0.4709 -0.5507 -0.6892
vn -0.2975 -0.8643 -0.4055
vn -0.1963 -0.9489 -0.2473
vn -0.4736 0.0454 -0.8796
vn -0.8233 0.1292 -0.5528
vn -0.9497 0.2581 -0.1772
vn -0.5846 0.6448 -0.4923
vn -0.2525 0.6033 -0.7565
vn -0.7015 0.7055 -0.1004
vn -0.3440 0.8590 -0.3791
vn -0.0898 0.8371 -0.5396
vn -0.3309 0.9381 -0.1024
vn 0.2647 0.7601 -0.5934
vn 0.2189 0.5604 -0.7988
vn 0.0765 0.0236 -0.9968
vn 0.5809 -0.0882 -0.8092
vn 0.6920 0.3832 -0.6118
vn 0.7052 0.5965 -0.3832
vn 0.0358 -0.5594 -0.8281
vn 0.4324 -0.5184 -0.7377
vn 0.7676 -0.2732 -0.5798
vn 0.5067 -0.6013 -0.6178
vn 0.8952 0.1815 -0.4071
vn 0.7760 -0.3238 -0.5413
vn 0.5244 -0.6372 -0.5647
vn 0.9189 0.1485 -0.3655
vn 0.7117 -0.2289 -0.6641
vn 0.8441 0.2507 -0.4740
vn 0.4404 -0.6051 -0.6632
vn 0.7780 0.5878 -0.2219
vn 0.8512 0.5064 -0.1378
vn 0.8549 0.4887 -0.1741
vn 0.7367 0.6732 0.0643
vn 0.7057 0.7062 0.0568
vn 0.6447 0.7643 -0.0156
vn 0.2732 0.9421 0.1945
vn 0.6120 0.7823 -0.1157
vn 0.2687 0.8727 -0.4077
vn 0.0012 0.9684 -0.2492
vn -0.1937 0.9137 0.3572
vn -0.6251 0.6657 0.4076
vn -0.9116 0.2438 0.3309
vn 0.6882 0.7214 -0.0771
vn 0.7951 0.5613 -0.2297
vn 0.9332 0.3592 -0.0109
vn 0.9705 0.2300 -0.0724
vn 0.8249 0.3354 -0.4550
vn 0.9843 0.1557 -0.0835
vn 0.9798 -0.1784 0.0909
vn 0.9919 -0.0798 -0.0991
vn 0.9001 -0.2419 0.3622
vn 0.6627 -0.0833 -0.7442
vn 0.7776 -0.1616 -0.6076
vn 0.8430 -0.3995 -0.3602
vn 0.4310 -0.7056 0.5626
vn 0.3191 -0.9115 -0.2596
vn -0.1200 -0.9928 0.0030
vn 0.2728 -0.5061 -0.8182
vn -0.5182 -0.8449 -0.1331
vn -0.4248 -0.7680 -0.4793
vn -0.6991 -0.7137 0.0427
vn -0.1171 -0.8361 -0.5360
vn 0.3125 -0.5053 -0.8044
vn -0.3876 -0.9173 -0.0913
vn 0.1076 -0.8612 -0.4967
vn -0.2417 -0.9487 -0.2036
vn 0.2253 -0.8510 -0.4743
vn -0.4346 -0.8889 0.1445
vn 0.1660 -0.7892 -0.5913
vn -0.2800 -0.9388 0.2007
vn -0.6873 -0.7238 0.0602
vn -0.4833 -0.8428 0.2369
vn -0.7250 -0.6880 0.0326
vn -0.7817 -0.6223 -0.0409
vn -0.6621 -0.7345 -0.1486
vn -0.5041 -0.8542 0.1275
vn 0.7899 -0.5527 -0.2657
vn -0.0408 -0.9969 -0.0678
vn 0.1600 -0.8711 0.4644
vn 0.7624 -0.4673 0.4476
vn 0.3999 -0.9075 0.1289
vn 0.7320 -0.4152 0.5402
vn 0.7530 -0.2206 0.6199
vn 0.3286 -0.7794 0.5334
vn 0.3873 -0.8457 0.3673
vn -0.1068 -0.9835 0.1462
vn -0.7127 -0.7015 0.0008
vn 0.6286 -0.3945 0.6702
vn 0.5668 -0.3331 0.7535
vn 0.0890 -0.6821 0.7258
vn -0.2193 -0.9041 0.3669
vn -0.3538 -0.1296 0.9263
vn -0.6845 -0.5368 0.4934
vn 0.2865 0.2907 0.9129
vn -0.5887 0.5269 0.6130
vn -0.9323 0.0549 0.3574
vn -0.9983 0.0478 0.0329
vn -0.9882 -0.0674 0.1378
vn -0.6191 0.7543 0.2186
vn -0.7371 0.6172 0.2752
vn 0.0029 0.8820 0.4712
vn 0.0094 0.8028 0.5962
vn 0.4673 0.3988 0.7890
vt 0.038835 0.524252
vt 0.044629 0.529696
vt 0.041059 0.534580
vt 0.034308 0.529050
vt 0.027690 0.522775
vt 0.032044 0.519392
vt 0.030317 0.535447
vt 0.022769 0.528344
vt 0.039496 0.542117
vt 0.048189 0.546219
vt 0.050119 0.540676
vt 0.730676 0.663784
vt 0.726675 0.660187
vt 0.730261 0.653293
vt 0.737488 0.654016
vt 0.735236 0.668395
vt 0.744444 0.654617
vt 0.748839 0.639995
vt 0.740576 0.640301
vt 0.757630 0.642174
vt 0.751997 0.656683
vt 0.741768 0.678038
vt 0.758335 0.657635
vt 0.764307 0.642997
vt 0.752209 0.676509
vt 0.728909 0.684423
vt 0.727907 0.672997
vt 0.735395 0.707708
vt 0.743504 0.705577
vt 0.751163 0.703955
vt 0.747746 0.741021
vt 0.740886 0.741653
vt 0.754962 0.739758
vt 0.749489 0.770988
vt 0.757864 0.770695
vt 0.741556 0.771661
vt 0.067163 0.654543
vt 0.067407 0.625585
vt 0.073652 0.629450
vt 0.076320 0.655289
vt 0.726167 0.710184
vt 0.733014 0.740374
vt 0.057377 0.656085
vt 0.055970 0.626170
vt 0.057005 0.590226
vt 0.066219 0.590998
vt 0.048071 0.658777
vt 0.045156 0.626148
vt 0.048099 0.586649
vt 0.036486 0.581120
vt 0.036095 0.623578
vt 0.039050 0.660239
vt 0.059126 0.674251
vt 0.053018 0.680395
vt 0.043478 0.685077
vt 0.031983 0.686219
vt 0.030905 0.662026
vt 0.029755 0.623833
vt 0.034571 0.700528
vt 0.051512 0.697142
vt 0.061446 0.689139
vt 0.061050 0.705080
vt 0.045609 0.711695
vt 0.070870 0.692292
vt 0.779616 0.813067
vt 0.761036 0.815603
vt 0.760504 0.809371
vt 0.769911 0.807101
vt 0.748203 0.806232
vt 0.756344 0.801855
vt 0.775904 0.800609
vt 0.785727 0.803742
vt 0.795977 0.804135
vt 0.793881 0.816807
vt 0.794706 0.790516
vt 0.786392 0.789827
vt 0.778049 0.788125
vt 0.019492 0.686910
vt 0.012614 0.697824
vt 0.005354 0.685842
vt 0.011916 0.680532
vt 0.003620 0.662474
vt 0.012084 0.661429
vt 0.792315 0.768293
vt 0.785539 0.768848
vt 0.007352 0.630349
vt 0.014765 0.625260
vt 0.787319 0.734177
vt 0.780162 0.735079
vt 0.782127 0.701962
vt 0.775672 0.702664
vt 0.788980 0.700525
vt 0.792656 0.731031
vt 0.768649 0.702840
vt 0.772794 0.736573
vt 0.777786 0.769549
vt 0.768315 0.769982
vt 0.763938 0.738044
vt 0.760480 0.703105
vt 0.760927 0.787012
vt 0.769561 0.787058
vt 0.769528 0.797615
vt 0.763633 0.800095
vt 0.752147 0.789496
vt 0.743848 0.792319
vt 0.066390 0.676376
vt 0.074980 0.676882
vt 0.761855 0.677319
vt 0.770104 0.677430
vt 0.766924 0.658277
vt 0.774107 0.659348
vt 0.777097 0.678095
vt 0.781081 0.660239
vt 0.779892 0.648150
vt 0.772576 0.645872
vt 0.786873 0.649265
vt 0.783732 0.678774
vt 0.787463 0.662576
vt 0.791560 0.653290
vt 0.000342 0.540287
vt 0.002067 0.536224
vt 0.006668 0.539165
vt 0.002542 0.544938
vt 0.783808 0.641890
vt 0.787927 0.644282
vt 0.793633 0.664053
vt 0.795977 0.652437
vt 0.004309 0.555836
vt 0.006785 0.546599
vt 0.009558 0.554679
vt 0.010967 0.541998
vt 0.015015 0.551467
vt 0.013820 0.568055
vt 0.007415 0.569623
vt 0.019978 0.564977
vt 0.019877 0.589593
vt 0.012035 0.591464
vt 0.027810 0.586595
vt 0.022608 0.625363
vt 0.026691 0.559177
vt 0.022266 0.662441
vt 0.047134 0.557219
vt 0.055610 0.563647
vt 0.035871 0.549412
vt 0.019578 0.545292
vt 0.024545 0.539975
vt 0.014702 0.538263
vt 0.018974 0.531292
vt 0.004328 0.533748
vt 0.010695 0.533342
vt 0.010725 0.528405
vt 0.014798 0.523314
vt 0.018265 0.523680
vt 0.009392 0.523176
vt 0.761622 0.633062
vt 0.769779 0.634342
vt 0.777108 0.638801
vt 0.752924 0.630191
vt 0.755686 0.626729
vt 0.760350 0.628082
vt 0.021978 0.519156
vt 0.024421 0.514439
vt 0.743409 0.631168
vt 0.057576 0.545694
vt 0.059827 0.550119
vt 0.063928 0.554454
vt 0.057157 0.540636
vt 0.065013 0.539489
vt 0.066256 0.542701
vt 0.066405 0.545860
vt 0.071585 0.543058
vt 0.069742 0.547230
vt 0.073896 0.539364
vt 0.076231 0.548390
vt 0.072788 0.549967
vt 0.069371 0.556764
vt 0.062237 0.567234
vt 0.075753 0.557993
vt 0.069660 0.568542
vt 0.720545 0.673562
vt 0.719715 0.689184
vt 0.714560 0.678193
vt 0.708973 0.671101
vt 0.713382 0.669485
vt 0.722562 0.667917
vt 0.712081 0.665698
vt 0.712846 0.662718
vt 0.720315 0.663021
vt 0.076320 0.542686
vt 0.790463 0.679010
s 1
f 3032/3333/3022 3038/3334/3023 3035/3335/3024 3031/3336/3025
f 3031/3336/3025 3033/3337/3026 3155/3338/3027 3032/3333/3022
f 3033/3337/3026 3031/3336/3025 3034/3339/3028 3146/3340/3029
f 3035/3335/3024 3036/3341/3030 3034/3339/3028 3031/3336/3025
f 3159/3342/3031 3036/3341/3030 3035/3335/3024 3037/3343/3032
f 3039/3344/3033 3037/3345/3032 3035/3346/3024 3038/3347/3023
f 3042/3348/3034 3039/3344/3033 3038/3347/3023 3040/3349/3035
f 3041/3350/3036 3040/3349/3035 3038/3347/3023 3032/3351/3022
f 3040/3349/3035 3041/3350/3036 3045/3352/3037 3043/3353/3038
f 3040/3349/3035 3043/3353/3038 3046/3354/3039 3042/3348/3034
f 3044/3355/3040 3043/3353/3038 3045/3352/3037 3150/3356/3041
f 3044/3355/3040 3048/3357/3042 3046/3354/3039 3043/3353/3038
f 3046/3354/3039 3047/3358/3043 3178/3359/3044 3042/3348/3034
f 3050/3360/3045 3047/3358/3043 3046/3354/3039 3049/3361/3046
f 3051/3362/3047 3049/3361/3046 3046/3354/3039 3048/3357/3042
f 3050/3360/3045 3049/3361/3046 3052/3363/3048 3055/3364/3049
f 3049/3361/3046 3051/3362/3047 3053/3365/3050 3052/3363/3048
f 3054/3366/3051 3052/3363/3048 3053/3365/3050 3101/3367/3052
f 3056/3368/3053 3055/3364/3049 3052/3363/3048 3054/3366/3051
f 3058/3369/3054 3057/3370/3055 3055/3371/3049 3056/3372/3053
f 3059/3373/3056 3050/3360/3045 3055/3364/3049 3057/3374/3055
f 3058/3369/3054 3061/3375/3057 3060/3376/3058 3057/3370/3055
f 3060/3376/3058 3062/3377/3059 3059/3378/3056 3057/3370/3055
f 3061/3375/3057 3066/3379/3060 3063/3380/3061 3060/3376/3058
f 3063/3380/3061 3064/3381/3062 3062/3377/3059 3060/3376/3058
f 3136/3382/3063 3064/3381/3062 3063/3380/3061 3065/3383/3064
f 3068/3384/3065 3065/3383/3064 3063/3380/3061 3066/3379/3060
f 3066/3379/3060 3061/3375/3057 3111/3385/3066 3067/3386/3067
f 3066/3379/3060 3067/3386/3067 3070/3387/3068 3068/3384/3065
f 3070/3387/3068 3071/3388/3069 3069/3389/3070 3068/3384/3065
f 3065/3383/3064 3068/3384/3065 3069/3389/3070 3137/3390/3071
f 3073/3391/3072 3071/3388/3069 3070/3387/3068 3072/3392/3073
f 3074/3393/3074 3072/3392/3073 3070/3387/3068 3067/3386/3067
f 3075/3394/3075 3078/3395/3076 3073/3391/3072 3072/3392/3073
f 3077/3396/3077 3075/3394/3075 3072/3392/3073 3074/3393/3074
f 3078/3397/3076 3075/3398/3075 3076/3399/3078 3079/3400/3079
f 3077/3401/3077 3107/3402/3080 3076/3399/3078 3075/3398/3075
f 3079/3400/3079 3082/3403/3081 3080/3404/3082 3078/3397/3076
f 3080/3404/3082 3083/3405/3083 3073/3406/3072 3078/3397/3076
f 3085/3407/3084 3083/3405/3083 3080/3404/3082 3081/3408/3085
f 3105/3409/3086 3081/3408/3085 3080/3404/3082 3082/3403/3081
f 3084/3410/3087 3071/3388/3069 3073/3391/3072 3083/3411/3083
f 3083/3411/3083 3085/3412/3084 3086/3413/3088 3084/3410/3087
f 3087/3414/3089 3088/3415/3090 3086/3413/3088 3085/3412/3084
f 3087/3416/3089 3085/3407/3084 3081/3408/3085 3089/3417/3091
f 3088/3415/3090 3087/3414/3089 3090/3418/3092 3092/3419/3093
f 3090/3420/3092 3087/3416/3089 3089/3417/3091 3093/3421/3094
f 3091/3422/3095 3090/3420/3092 3093/3421/3094 3094/3423/3096
f 3090/3420/3092 3091/3422/3095 3134/3424/3097 3092/3425/3093
f 3097/3426/3098 3094/3423/3096 3093/3421/3094 3095/3427/3099
f 3095/3427/3099 3093/3421/3094 3089/3417/3091 3096/3428/3100
f 3095/3427/3099 3096/3428/3100 3100/3429/3101 3098/3430/3102
f 3098/3430/3102 3099/3431/3103 3097/3426/3098 3095/3427/3099
f 3053/3365/3050 3051/3362/3047 3099/3431/3103 3098/3430/3102
f 3100/3429/3101 3101/3367/3052 3053/3365/3050 3098/3430/3102
f 3103/3432/3104 3101/3367/3052 3100/3429/3101 3102/3433/3105
f 3105/3409/3086 3102/3433/3105 3100/3429/3101 3096/3428/3100
f 3103/3432/3104 3102/3433/3105 3104/3434/3106 3106/3435/3107
f 3105/3409/3086 3082/3403/3081 3104/3434/3106 3102/3433/3105
f 3096/3428/3100 3089/3417/3091 3081/3408/3085 3105/3409/3086
f 3079/3400/3079 3106/3435/3107 3104/3434/3106 3082/3403/3081
f 3106/3435/3107 3107/3402/3080 3108/3436/3108 3103/3432/3104
f 3106/3435/3107 3079/3400/3079 3076/3399/3078 3107/3402/3080
f 3077/3401/3077 3109/3437/3109 3108/3436/3108 3107/3402/3080
f 3108/3436/3108 3109/3437/3109 3056/3368/3053 3054/3366/3051
f 3101/3367/3052 3103/3432/3104 3108/3436/3108 3054/3366/3051
f 3074/3393/3074 3110/3438/3110 3109/3439/3109 3077/3396/3077
f 3110/3438/3110 3058/3369/3054 3056/3372/3053 3109/3439/3109
f 3058/3369/3054 3110/3438/3110 3111/3385/3066 3061/3375/3057
f 3074/3393/3074 3067/3386/3067 3111/3385/3066 3110/3438/3110
f 3112/3440/3111 3114/3441/3112 3097/3426/3098 3099/3431/3103
f 3051/3362/3047 3048/3357/3042 3112/3440/3111 3099/3431/3103
f 3044/3355/3040 3113/3442/3113 3112/3440/3111 3048/3357/3042
f 3116/3443/3114 3114/3441/3112 3112/3440/3111 3113/3442/3113
f 3115/3444/3115 3094/3423/3096 3097/3426/3098 3114/3441/3112
f 3114/3441/3112 3116/3443/3114 3118/3445/3116 3115/3444/3115
f 3117/3446/3117 3116/3443/3114 3113/3442/3113 3152/3447/3118
f 3117/3446/3117 3120/3448/3119 3118/3445/3116 3116/3443/3114
f 3180/3449/3120 3115/3444/3115 3118/3445/3116 3119/3450/3121
f 3118/3445/3116 3120/3448/3119 3122/3451/3122 3119/3450/3121
f 3122/3452/3122 3120/3453/3119 3121/3454/3123 3123/3455/3124
f 3120/3448/3119 3117/3446/3117 3126/3456/3125 3121/3457/3123
f 3124/3458/3126 3119/3450/3121 3122/3451/3122 3123/3459/3124
f 3124/3460/3126 3123/3455/3124 3125/3461/3127 3127/3462/3128
f 3121/3454/3123 3126/3463/3125 3125/3461/3127 3123/3455/3124
f 3128/3464/3129 3127/3462/3128 3125/3461/3127 3126/3463/3125
f 3124/3460/3126 3127/3462/3128 3129/3465/3130 3130/3466/3131
f 3128/3464/3129 3131/3467/3132 3129/3465/3130 3127/3462/3128
f 3129/3465/3130 3132/3468/3133 3134/3469/3097 3130/3466/3131
f 3131/3467/3132 3135/3470/3134 3132/3468/3133 3129/3465/3130
f 3135/3470/3134 3137/3390/3071 3133/3471/3135 3132/3468/3133
f 3133/3471/3135 3092/3419/3093 3134/3469/3097 3132/3468/3133
f 3135/3470/3134 3136/3382/3063 3065/3383/3064 3137/3390/3071
f 3131/3467/3132 3139/3472/3136 3136/3382/3063 3135/3470/3134
f 3069/3389/3070 3179/3473/3137 3133/3471/3135 3137/3390/3071
f 3064/3381/3062 3136/3382/3063 3138/3474/3138 3158/3475/3139
f 3139/3472/3136 3140/3476/3140 3138/3474/3138 3136/3382/3063
f 3140/3476/3140 3139/3472/3136 3141/3477/3141 3142/3478/3142
f 3139/3472/3136 3131/3467/3132 3128/3464/3129 3141/3477/3141
f 3141/3477/3141 3143/3479/3143 3145/3480/3144 3142/3478/3142
f 3141/3477/3141 3128/3464/3129 3126/3463/3125 3143/3479/3143
f 3126/3463/3125 3151/3481/3145 3144/3482/3146 3143/3479/3143
f 3144/3482/3146 3148/3483/3147 3145/3480/3144 3143/3479/3143
f 3034/3339/3028 3142/3478/3142 3145/3480/3144 3146/3340/3029
f 3145/3480/3144 3147/3484/3148 3153/3485/3149 3146/3340/3029
f 3148/3483/3147 3149/3486/3150 3147/3484/3148 3145/3480/3144
f 3151/3481/3145 3149/3486/3150 3148/3483/3147 3144/3482/3146
f 3150/3356/3041 3045/3352/3037 3147/3487/3148 3149/3488/3150
f 3149/3488/3150 3151/3489/3145 3152/3447/3118 3150/3356/3041
f 3152/3447/3118 3151/3489/3145 3126/3456/3125 3117/3446/3117
f 3150/3356/3041 3152/3447/3118 3113/3442/3113 3044/3355/3040
f 3147/3487/3148 3154/3490/3151 3156/3491/3152 3153/3492/3149
f 3154/3490/3151 3147/3487/3148 3045/3352/3037 3041/3350/3036
f 3156/3493/3152 3154/3494/3151 3155/3338/3027 3033/3337/3026
f 3041/3350/3036 3032/3351/3022 3155/3495/3027 3154/3490/3151
f 3146/3340/3029 3153/3485/3149 3156/3493/3152 3033/3337/3026
f 3036/3341/3030 3140/3476/3140 3142/3478/3142 3034/3339/3028
f 3036/3341/3030 3159/3342/3031 3138/3474/3138 3140/3476/3140
f 3160/3496/3153 3157/3497/3154 3138/3474/3138 3159/3342/3031
f 3168/3498/3155 3158/3475/3139 3138/3474/3138 3157/3497/3154
f 3160/3496/3153 3159/3342/3031 3037/3343/3032 3161/3499/3156
f 3160/3496/3153 3161/3499/3156 3164/3500/3157 3162/3501/3158
f 3160/3496/3153 3162/3501/3158 3165/3502/3159 3157/3497/3154
f 3163/3503/3160 3166/3504/3161 3165/3502/3159 3162/3501/3158
f 3163/3503/3160 3162/3501/3158 3164/3500/3157 3177/3505/3162
f 3168/3498/3155 3157/3497/3154 3165/3502/3159 3166/3504/3161
f 3163/3503/3160 3173/3506/3163 3167/3507/3164 3166/3504/3161
f 3168/3498/3155 3166/3504/3161 3167/3507/3164 3169/3508/3165
f 3168/3498/3155 3169/3508/3165 3171/3509/3166 3158/3475/3139
f 3169/3508/3165 3170/3510/3167 3172/3511/3168 3171/3509/3166
f 3170/3510/3167 3169/3508/3165 3167/3507/3164 3173/3506/3163
f 3171/3509/3166 3172/3511/3168 3059/3378/3056 3062/3377/3059
f 3064/3381/3062 3158/3475/3139 3171/3509/3166 3062/3377/3059
f 3174/3512/3169 3047/3358/3043 3172/3513/3168 3170/3514/3167
f 3047/3358/3043 3050/3360/3045 3059/3373/3056 3172/3513/3168
f 3170/3514/3167 3173/3515/3163 3175/3516/3170 3174/3512/3169
f 3176/3517/3171 3174/3512/3169 3175/3516/3170 3177/3518/3162
f 3174/3512/3169 3176/3517/3171 3178/3359/3044 3047/3358/3043
f 3176/3517/3171 3177/3518/3162 3164/3519/3157 3161/3520/3156
f 3176/3517/3171 3161/3520/3156 3037/3345/3032 3039/3344/3033
f 3042/3348/3034 3178/3359/3044 3176/3517/3171 3039/3344/3033
f 3163/3503/3160 3177/3505/3162 3175/3521/3170 3173/3506/3163
f 3134/3424/3097 3091/3422/3095 3180/3449/3120 3130/3522/3131
f 3088/3415/3090 3092/3419/3093 3133/3471/3135 3179/3473/3137
f 3179/3473/3137 3084/3410/3087 3086/3413/3088 3088/3415/3090
f 3084/3410/3087 3179/3473/3137 3069/3389/3070 3071/3388/3069
f 3124/3458/3126 3130/3522/3131 3180/3449/3120 3119/3450/3121
f 3094/3423/3096 3115/3444/3115 3180/3449/3120 3091/3422/3095
o root.5
v -0.203529 0.414110 0.318075
v -0.159633 0.407797 0.350625
v -0.217727 0.460036 0.341723
v -0.250703 0.418563 0.297999
v -0.186127 0.348479 0.318597
v -0.190618 0.275228 0.338306
v -0.236353 0.353470 0.291017
v -0.144524 0.342613 0.355906
v -0.160300 0.269804 0.374095
v -0.128484 0.338249 0.410479
v -0.148723 0.281108 0.411192
v -0.163082 0.319918 0.459198
v -0.141777 0.404237 0.412462
v -0.178344 0.374154 0.472784
v -0.176843 0.453043 0.413214
v -0.183550 0.446499 0.356185
v -0.225239 0.484454 0.407915
v -0.208158 0.425038 0.479156
v -0.251598 0.462647 0.479007
v -0.248695 0.379137 0.545627
v -0.288250 0.409532 0.550273
v -0.218071 0.337054 0.533985
v -0.286179 0.313284 0.620389
v -0.262926 0.281078 0.610361
v -0.326610 0.247813 0.699948
v -0.319222 0.337414 0.624730
v -0.349682 0.268332 0.701653
v -0.358022 0.350010 0.619954
v -0.334518 0.423636 0.543717
v -0.378977 0.280660 0.697640
v -0.397707 0.349541 0.605986
v -0.432440 0.334328 0.585355
v -0.382041 0.418240 0.525867
v -0.409943 0.282974 0.688500
v -0.428988 0.251546 0.769387
v -0.438232 0.273993 0.675310
v -0.454325 0.244619 0.756435
v -0.459673 0.254377 0.661158
v -0.473562 0.227525 0.744535
v -0.472149 0.226920 0.647104
v -0.461292 0.305476 0.562919
v -0.475397 0.269882 0.544121
v -0.459143 0.354819 0.475214
v -0.459495 0.393022 0.403276
v -0.475361 0.309444 0.451110
v -0.425470 0.393736 0.501502
v -0.422825 0.439453 0.428462
v -0.370311 0.470681 0.452317
v -0.406178 0.458017 0.358249
v -0.349617 0.485937 0.381204
v -0.378503 0.435606 0.303037
v -0.449806 0.417046 0.338794
v -0.425213 0.396554 0.299363
v -0.471012 0.373220 0.336800
v -0.462460 0.351642 0.310586
v -0.474212 0.344893 0.380434
v -0.476857 0.305830 0.359340
v -0.475755 0.268426 0.432547
v -0.461301 0.272360 0.339247
v -0.440020 0.322521 0.294403
v -0.422196 0.249365 0.325487
v -0.461331 0.235591 0.417470
v -0.431983 0.210679 0.405442
v -0.465997 0.203957 0.517595
v -0.476532 0.235186 0.529323
v -0.469349 0.171554 0.624582
v -0.443035 0.180232 0.510314
v -0.412951 0.164071 0.508265
v -0.452923 0.149695 0.617439
v -0.479822 0.119177 0.700269
v -0.430355 0.135890 0.615031
v -0.401420 0.128448 0.617877
v -0.459383 0.100414 0.700612
v -0.494843 0.074096 0.757332
v -0.433473 0.087449 0.705643
v -0.466698 0.063433 0.767384
v -0.405644 0.080464 0.715372
v -0.371786 0.128817 0.626616
v -0.378777 0.085255 0.731355
v -0.439114 0.061700 0.781078
v -0.456843 0.075404 0.823923
v -0.415098 0.069973 0.797170
v -0.436175 0.077077 0.826663
v -0.399177 0.087687 0.813147
v -0.433377 0.089625 0.845053
v -0.359356 0.103119 0.750885
v -0.389307 0.110518 0.827489
v -0.348472 0.126097 0.768916
v -0.426277 0.107145 0.860142
v -0.384181 0.136092 0.838962
v -0.342942 0.152437 0.784291
v -0.385178 0.162254 0.846681
v -0.422066 0.128239 0.872069
v -0.455801 0.124476 0.882356
v -0.422208 0.150749 0.880855
v -0.457289 0.143647 0.892726
v -0.427563 0.174207 0.886493
v -0.439055 0.195524 0.885427
v -0.393266 0.188432 0.849991
v -0.463171 0.164541 0.897889
v -0.484438 0.162316 0.886973
v -0.469741 0.186423 0.893107
v -0.468828 0.214568 0.873316
v -0.489174 0.182174 0.881389
v -0.501557 0.173487 0.868432
v -0.490852 0.211133 0.860245
v -0.479808 0.236887 0.817823
v -0.507414 0.196671 0.845266
v -0.500603 0.218520 0.803211
v -0.517765 0.175949 0.831607
v -0.508934 0.158643 0.857213
v -0.523402 0.151208 0.817845
v -0.513733 0.193545 0.789026
v -0.521998 0.164047 0.773697
v -0.485885 0.202058 0.732263
v -0.492167 0.173544 0.719603
v -0.475122 0.198537 0.634984
v -0.491114 0.144417 0.706819
v -0.523304 0.131999 0.759998
v -0.523144 0.125808 0.807593
v -0.515693 0.100037 0.753870
v -0.516296 0.102253 0.804914
v -0.500558 0.084557 0.808248
v -0.509578 0.107531 0.832465
v -0.512036 0.121441 0.840951
v -0.497309 0.100882 0.841449
v -0.480497 0.094541 0.846093
v -0.497826 0.115533 0.856515
v -0.480035 0.110167 0.864387
v -0.498596 0.131648 0.865847
v -0.497459 0.148405 0.872534
v -0.512852 0.139472 0.847297
v -0.480343 0.126583 0.877103
v -0.481522 0.144326 0.885002
v -0.495441 0.161434 0.876873
v -0.456812 0.107004 0.868076
v -0.459148 0.091157 0.849679
v -0.479380 0.076622 0.814921
v -0.452563 0.241115 0.831092
v -0.427231 0.230637 0.840753
v -0.400704 0.247967 0.782188
v -0.446170 0.214000 0.873315
v -0.407232 0.211840 0.847300
v -0.374368 0.232519 0.792571
v -0.356062 0.208820 0.797217
v -0.345133 0.180732 0.793935
v -0.311639 0.223388 0.694610
v -0.305252 0.196453 0.685901
v -0.252059 0.244925 0.596750
v -0.309749 0.172016 0.673607
v -0.323088 0.151078 0.657708
v -0.255571 0.210364 0.579947
v -0.272850 0.183028 0.560530
v -0.207542 0.243620 0.496270
v -0.203034 0.288351 0.517492
v -0.171394 0.265810 0.440815
v -0.228219 0.211376 0.472307
v -0.260427 0.195146 0.445832
v -0.191203 0.232533 0.412163
v -0.221716 0.223187 0.379620
v -0.262940 0.223464 0.348579
v -0.298567 0.186850 0.422058
v -0.237619 0.280997 0.307210
v -0.315129 0.225608 0.327455
v -0.294712 0.284172 0.286413
v -0.343576 0.183169 0.405682
v -0.370515 0.233087 0.320648
v -0.391452 0.190640 0.399700
v -0.350927 0.288447 0.279859
v -0.343236 0.345124 0.269400
v -0.402350 0.299350 0.283578
v -0.383800 0.334329 0.272752
v -0.403987 0.363116 0.279401
v -0.356575 0.394302 0.277000
v -0.301724 0.414331 0.283982
v -0.324194 0.463808 0.317147
v -0.288887 0.353547 0.274600
v -0.267292 0.471691 0.331548
v -0.285604 0.495492 0.398284
v -0.308455 0.479795 0.470681
v -0.376239 0.156368 0.512406
v -0.337224 0.158502 0.523500
v -0.301763 0.166769 0.540403
v -0.344628 0.136489 0.640853
vn 0.7872 0.3475 -0.5094
vn 0.8539 -0.0596 -0.5171
vn 0.5768 -0.0553 -0.8150
vn 0.4956 0.3324 -0.8024
vn 0.4133 0.7409 -0.5293
vn 0.6372 0.6544 -0.4072
vn 0.3025 0.3820 -0.8733
vn 0.1703 0.8074 -0.5648
vn 0.3885 -0.0188 -0.9212
vn 0.7597 -0.5407 -0.3612
vn 0.5462 -0.4886 -0.6804
vn 0.3795 -0.4370 -0.8155
vn 0.9139 0.3610 0.1859
vn 0.9884 -0.0534 0.1423
vn 0.8899 -0.4383 0.1261
vn 0.8408 -0.0920 0.5334
vn 0.8163 -0.4866 0.3113
vn 0.7621 0.2378 0.6023
vn 0.6978 0.6920 0.1848
vn 0.6085 0.5190 0.6003
vn 0.3876 0.9181 0.0827
vn 0.3377 0.7749 0.5343
vn 0.5922 0.4411 0.6743
vn 0.3069 0.6504 0.6949
vn 0.7657 0.2005 0.6111
vn 0.3237 0.6246 0.7107
vn 0.6062 0.4268 0.6711
vn 0.7848 0.1869 0.5909
vn 0.6939 0.4613 0.5530
vn 0.8533 0.1832 0.4882
vn 0.4252 0.6986 0.5755
vn -0.0427 0.7419 0.6692
vn 0.0721 0.8402 0.5374
vn -0.0778 0.7697 0.6336
vn -0.4427 0.7421 0.5033
vn -0.4042 0.7365 0.5425
vn -0.2913 0.8506 0.4377
vn -0.7093 0.6067 0.3588
vn -0.6823 0.6231 0.3824
vn -0.6156 0.7303 0.2961
vn 0.2184 0.8955 0.3879
vn -0.1291 0.9622 0.2399
vn -0.4939 0.8667 0.0702
vn -0.8488 0.5072 0.1490
vn -0.7665 0.6361 -0.0886
vn -0.8769 0.4237 0.2270
vn -0.9681 0.2497 0.0198
vn -0.8915 0.4042 -0.2046
vn -0.9824 0.1665 0.0852
vn -0.8923 0.3995 0.2101
vn -0.9869 0.1462 0.0678
vn -0.6822 0.7008 0.2086
vn -0.8811 0.4537 0.1337
vn -0.9867 0.1626 0.0061
vn -0.4049 0.8644 0.2980
vn -0.7512 0.5877 -0.3005
vn -0.5286 0.8180 -0.2267
vn -0.2683 0.9538 -0.1354
vn -0.0702 0.7741 -0.6291
vn -0.2781 0.6447 -0.7121
vn -0.4887 0.4319 -0.7581
vn -0.7964 0.1008 -0.5963
vn -0.9250 0.2828 -0.2537
vn -0.9655 -0.1342 -0.2230
vn -0.9844 -0.1605 -0.0718
vn -0.7583 -0.4502 -0.4716
vn -0.8191 -0.5225 -0.2369
vn -0.5842 -0.1550 -0.7967
vn -0.3019 -0.3404 -0.8905
vn -0.4428 -0.6434 -0.6245
vn -0.5434 -0.7604 -0.3557
vn -0.6166 -0.7399 -0.2690
vn -0.8679 -0.4638 -0.1778
vn -0.9915 -0.1226 -0.0437
vn -0.9154 -0.3234 -0.2399
vn -0.9949 -0.0030 -0.1009
vn -0.6772 -0.6486 -0.3474
vn -0.2603 -0.8815 -0.3939
vn -0.3258 -0.9002 -0.2891
vn -0.3722 -0.8471 -0.3793
vn -0.7100 -0.4766 -0.5184
vn -0.9008 -0.0971 -0.4233
vn -0.3982 -0.7618 -0.5110
vn -0.0237 -0.9669 -0.2540
vn -0.0701 -0.9305 -0.3596
vn -0.1086 -0.8954 -0.4319
vn -0.2125 -0.9687 -0.1286
vn -0.5319 -0.8065 -0.2580
vn -0.8386 -0.4384 -0.3234
vn 0.1880 -0.9345 -0.3021
vn 0.0524 -0.9983 0.0236
vn 0.2171 -0.9313 -0.2923
vn 0.4887 -0.8579 -0.1588
vn 0.5105 -0.8542 -0.0987
vn 0.3622 -0.9060 0.2191
vn -0.0856 -0.9111 0.4032
vn -0.3103 -0.8947 0.3212
vn 0.1864 -0.8730 0.4508
vn 0.5833 -0.7090 0.3963
vn 0.2726 -0.7591 0.5912
vn 0.7360 -0.6668 0.1175
vn 0.6824 -0.5234 0.5102
vn 0.4039 -0.6019 0.6889
vn 0.8405 -0.4631 0.2813
vn 0.8862 -0.2130 0.4116
vn 0.7402 -0.3049 0.5992
vn 0.4963 -0.4092 0.7657
vn 0.7487 -0.0284 0.6623
vn 0.8588 0.1021 0.5020
vn 0.5367 -0.1718 0.8261
vn 0.0437 -0.5171 0.8548
vn -0.0029 -0.6702 0.7421
vn 0.0382 -0.3192 0.9469
vn -0.0726 -0.0305 0.9969
vn 0.4907 0.1382 0.8603
vn 0.6803 0.2922 0.6721
vn 0.3227 0.4569 0.8289
vn -0.2226 0.3412 0.9132
vn 0.5292 0.5919 0.6079
vn -0.6419 0.2667 0.7189
vn -0.5559 -0.0699 0.8283
vn -0.4616 -0.3045 0.8332
vn -0.2192 0.7149 0.6640
vn -0.6174 0.6254 0.4771
vn 0.2064 0.7080 0.6754
vn -0.8209 0.1485 0.5514
vn -0.7352 -0.0448 0.6764
vn -0.8549 0.4168 0.3088
vn -0.7797 0.6249 -0.0383
vn -0.4984 0.8564 0.1350
vn -0.0953 0.9410 0.3248
vn -0.9516 0.2209 0.2138
vn -0.9006 0.4109 -0.1417
vn -0.8847 0.0068 0.4662
vn -0.8929 -0.1313 0.4307
vn -0.9864 0.0446 0.1579
vn -0.9521 0.2208 -0.2115
vn -0.9311 0.2005 -0.3048
vn -0.9576 -0.0430 -0.2848
vn -0.8693 -0.4718 0.1473
vn -0.9791 -0.1622 0.1229
vn -0.5921 -0.7715 0.2329
vn -0.5684 -0.6606 0.4905
vn -0.7923 -0.4855 0.3696
vn -0.8545 -0.3079 0.4185
vn -0.6221 -0.4939 0.6075
vn -0.3313 -0.7683 0.5478
vn -0.3472 -0.6335 0.6915
vn -0.6940 -0.3145 0.6477
vn -0.3958 -0.4757 0.7856
vn -0.7314 -0.1726 0.6598
vn -0.0764 -0.7948 0.6021
vn 0.2758 0.8289 0.4867
vn 0.5177 0.7013 0.4901
vn 0.7361 0.4197 0.5310
vn 0.9166 -0.1394 0.3747
vn 0.8758 -0.1197 0.4675
vn 0.8682 -0.4458 0.2180
vn 0.8365 -0.4642 0.2912
vn 0.7217 -0.6915 0.0316
vn 0.6502 -0.7553 0.0820
vn 0.8253 -0.4670 0.3176
vn 0.8600 -0.1093 0.4984
vn 0.6221 -0.7795 0.0729
vn 0.6283 -0.7754 -0.0626
vn 0.3771 -0.9153 -0.1415
vn 0.4187 -0.8300 -0.3685
vn 0.4113 -0.9069 -0.0919
vn 0.2842 -0.7947 -0.5364
vn 0.2202 -0.9384 -0.2662
vn 0.0256 -0.9354 -0.3526
vn 0.1025 -0.7650 -0.6359
vn 0.1877 -0.4089 -0.8931
vn -0.1558 -0.7261 -0.6697
vn -0.0312 -0.3988 -0.9165
vn 0.0052 -0.0168 -0.9998
vn 0.1999 0.0002 -0.9798
vn -0.1791 -0.0603 -0.9820
vn -0.3191 0.1589 -0.9343
vn -0.0996 0.3167 -0.9433
vn 0.1071 0.3852 -0.9166
vn 0.0505 0.9982 -0.0335
vn -0.0391 0.9073 0.4187
vn 0.2131 -0.9584 -0.1897
vt 0.103044 0.734088
vt 0.089383 0.741200
vt 0.095566 0.724411
vt 0.111514 0.720922
vt 0.120054 0.725562
vt 0.112555 0.731693
vt 0.121589 0.707005
vt 0.130713 0.722576
vt 0.101807 0.707449
vt 0.234402 0.867839
vt 0.229478 0.851375
vt 0.240780 0.855118
vt 0.246804 0.871902
vt 0.260279 0.872917
vt 0.253371 0.856665
vt 0.102232 0.748629
vt 0.090477 0.755632
vt 0.079609 0.764944
vt 0.077003 0.757190
vt 0.091651 0.769667
vt 0.078763 0.775170
vt 0.103822 0.765302
vt 0.113288 0.744360
vt 0.115917 0.760849
vt 0.123672 0.740768
vt 0.127514 0.757418
vt 0.119622 0.779661
vt 0.131213 0.777455
vt 0.107066 0.782477
vt 0.132934 0.800217
vt 0.122577 0.801877
vt 0.112342 0.803903
vt 0.126885 0.824696
vt 0.119644 0.826617
vt 0.134742 0.822894
vt 0.143369 0.799144
vt 0.143139 0.821595
vt 0.142550 0.775677
vt 0.154180 0.775260
vt 0.153955 0.797867
vt 0.151521 0.820486
vt 0.167228 0.774875
vt 0.164873 0.797001
vt 0.160003 0.820067
vt 0.145118 0.841362
vt 0.151589 0.839798
vt 0.157605 0.838338
vt 0.168202 0.820558
vt 0.163069 0.838845
vt 0.176405 0.797125
vt 0.176272 0.823343
vt 0.168769 0.838853
vt 0.301816 0.777010
vt 0.292247 0.780862
vt 0.281552 0.759806
vt 0.289099 0.758336
vt 0.312260 0.796585
vt 0.300782 0.800395
vt 0.181336 0.774959
vt 0.166612 0.756496
vt 0.181336 0.756447
vt 0.315864 0.815202
vt 0.305050 0.817305
vt 0.152764 0.755667
vt 0.174023 0.740406
vt 0.161530 0.739123
vt 0.148678 0.738222
vt 0.143884 0.720904
vt 0.157838 0.723609
vt 0.170563 0.729068
vt 0.305546 0.847239
vt 0.300488 0.835343
vt 0.305917 0.829295
vt 0.311830 0.834384
vt 0.296772 0.820437
vt 0.291047 0.803764
vt 0.289597 0.824417
vt 0.283072 0.807494
vt 0.293439 0.839260
vt 0.285386 0.843490
vt 0.281389 0.829265
vt 0.275012 0.811414
vt 0.267798 0.789422
vt 0.275543 0.786762
vt 0.283692 0.784047
vt 0.267020 0.765209
vt 0.274209 0.762700
vt 0.260138 0.767668
vt 0.265821 0.815329
vt 0.260013 0.792139
vt 0.253533 0.769741
vt 0.256075 0.748729
vt 0.262342 0.747153
vt 0.249932 0.750021
vt 0.251272 0.794723
vt 0.246089 0.771814
vt 0.243287 0.750585
vt 0.241994 0.734996
vt 0.248250 0.734579
vt 0.254847 0.734402
vt 0.236524 0.750997
vt 0.235268 0.734415
vt 0.238541 0.773305
vt 0.230770 0.774166
vt 0.229536 0.751081
vt 0.228620 0.734582
vt 0.235074 0.723919
vt 0.241791 0.723852
vt 0.229499 0.725692
vt 0.222176 0.734148
vt 0.226408 0.722289
vt 0.222412 0.750664
vt 0.215113 0.734010
vt 0.221893 0.719436
vt 0.215668 0.750486
vt 0.121543 0.852231
vt 0.128372 0.866544
vt 0.122456 0.869422
vt 0.115444 0.854390
vt 0.135607 0.876398
vt 0.130969 0.878733
vt 0.133477 0.863820
vt 0.127367 0.849906
vt 0.140316 0.874416
vt 0.145636 0.885563
vt 0.137439 0.887286
vt 0.149206 0.879715
vt 0.151833 0.876008
vt 0.144366 0.870966
vt 0.138558 0.861126
vt 0.148517 0.868272
vt 0.154697 0.871942
vt 0.143505 0.858356
vt 0.159965 0.872318
vt 0.158300 0.876193
vt 0.156847 0.879500
vt 0.155095 0.865011
vt 0.159820 0.864522
vt 0.150925 0.864216
vt 0.164543 0.872326
vt 0.162822 0.875895
vt 0.164052 0.863865
vt 0.165593 0.852515
vt 0.159655 0.853076
vt 0.153909 0.854096
vt 0.168218 0.863828
vt 0.172247 0.851396
vt 0.168685 0.873062
vt 0.173421 0.874041
vt 0.174557 0.867579
vt 0.266837 0.731087
vt 0.265006 0.721256
vt 0.269883 0.719139
vt 0.272660 0.728775
vt 0.275504 0.742154
vt 0.268981 0.744572
vt 0.260877 0.733412
vt 0.253613 0.723686
vt 0.259179 0.722632
vt 0.247964 0.723585
vt 0.247369 0.716900
vt 0.252824 0.717790
vt 0.256381 0.715649
vt 0.249591 0.713204
vt 0.240496 0.716570
vt 0.242136 0.712245
vt 0.252675 0.710102
vt 0.262206 0.714092
vt 0.243067 0.708867
vt 0.164447 0.878007
vt 0.166904 0.880916
vt 0.156358 0.882700
vt 0.231273 0.711410
vt 0.229964 0.708673
vt 0.233476 0.717333
vt 0.148588 0.855608
vt 0.138858 0.844310
vt 0.133054 0.847061
vt 0.112835 0.829190
vt 0.102591 0.806785
vt 0.106459 0.831708
vt 0.093494 0.810223
vt 0.223289 0.774626
vt 0.216383 0.774831
vt 0.223592 0.799404
vt 0.215014 0.799938
vt 0.082808 0.790513
vt 0.094472 0.786428
vt 0.225944 0.821696
vt 0.215932 0.822383
vt 0.228589 0.837664
vt 0.218449 0.837938
vt 0.235660 0.821322
vt 0.238332 0.839466
vt 0.232605 0.798479
vt 0.220862 0.846819
vt 0.249011 0.840243
vt 0.245618 0.820880
vt 0.255677 0.818794
vt 0.260535 0.838338
vt 0.265743 0.854342
vt 0.271224 0.834286
vt 0.276321 0.849345
vt 0.282662 0.860100
vt 0.273301 0.869644
vt 0.288344 0.852235
vt 0.296270 0.852065
vt 0.292865 0.865633
vt 0.307757 0.864311
vt 0.284334 0.879671
vt 0.302464 0.878392
vt 0.271647 0.885688
vt 0.134620 0.706875
vt 0.135410 0.738975
vt 0.139657 0.755679
vt 0.241814 0.796889
s 1
f 3182/3523/3172 3188/3524/3173 3185/3525/3174 3181/3526/3175
f 3181/3526/3175 3183/3527/3176 3196/3528/3177 3182/3523/3172
f 3183/3527/3176 3181/3526/3175 3184/3529/3178 3358/3530/3179
f 3184/3529/3178 3181/3526/3175 3185/3525/3174 3187/3531/3180
f 3188/3532/3173 3189/3533/3181 3186/3534/3182 3185/3535/3174
f 3187/3536/3180 3185/3535/3174 3186/3534/3182 3343/3537/3183
f 3188/3524/3173 3182/3523/3172 3193/3538/3184 3190/3539/3185
f 3188/3524/3173 3190/3539/3185 3191/3540/3186 3189/3541/3181
f 3192/3542/3187 3336/3543/3188 3191/3540/3186 3190/3539/3185
f 3192/3542/3187 3190/3539/3185 3193/3538/3184 3194/3544/3189
f 3193/3538/3184 3195/3545/3190 3198/3546/3191 3194/3544/3189
f 3196/3528/3177 3195/3545/3190 3193/3538/3184 3182/3523/3172
f 3197/3547/3192 3195/3545/3190 3196/3528/3177 3183/3527/3176
f 3195/3545/3190 3197/3547/3192 3199/3548/3193 3198/3546/3191
f 3200/3549/3194 3198/3546/3191 3199/3548/3193 3201/3550/3195
f 3202/3551/3196 3194/3544/3189 3198/3546/3191 3200/3549/3194
f 3201/3550/3195 3206/3552/3197 3203/3553/3198 3200/3549/3194
f 3202/3551/3196 3200/3549/3194 3203/3553/3198 3204/3554/3199
f 3203/3553/3198 3205/3555/3200 3327/3556/3201 3204/3554/3199
f 3207/3557/3202 3205/3555/3200 3203/3553/3198 3206/3552/3197
f 3208/3558/3203 3210/3559/3204 3207/3557/3202 3206/3552/3197
f 3201/3550/3195 3209/3560/3205 3208/3558/3203 3206/3552/3197
f 3213/3561/3206 3211/3562/3207 3208/3558/3203 3209/3560/3205
f 3214/3563/3208 3210/3559/3204 3208/3558/3203 3211/3562/3207
f 3226/3564/3209 3212/3565/3210 3211/3562/3207 3213/3561/3206
f 3212/3565/3210 3216/3566/3211 3214/3563/3208 3211/3562/3207
f 3321/3567/3212 3210/3559/3204 3214/3563/3208 3215/3568/3213
f 3217/3569/3214 3215/3568/3213 3214/3563/3208 3216/3566/3211
f 3217/3569/3214 3216/3566/3211 3218/3570/3215 3219/3571/3216
f 3212/3565/3210 3221/3572/3217 3218/3570/3215 3216/3566/3211
f 3218/3570/3215 3220/3573/3218 3295/3574/3219 3219/3571/3216
f 3221/3575/3217 3222/3576/3220 3220/3577/3218 3218/3578/3215
f 3221/3575/3217 3223/3579/3221 3225/3580/3222 3222/3576/3220
f 3212/3565/3210 3226/3564/3209 3223/3581/3221 3221/3572/3217
f 3227/3582/3223 3224/3583/3224 3223/3581/3221 3226/3564/3209
f 3224/3584/3224 3236/3585/3225 3225/3580/3222 3223/3579/3221
f 3213/3561/3206 3228/3586/3226 3227/3582/3223 3226/3564/3209
f 3232/3587/3227 3224/3583/3224 3227/3582/3223 3229/3588/3228
f 3230/3589/3229 3229/3588/3228 3227/3582/3223 3228/3586/3226
f 3356/3590/3230 3231/3591/3231 3229/3588/3228 3230/3589/3229
f 3233/3592/3232 3232/3587/3227 3229/3588/3228 3231/3591/3231
f 3233/3593/3232 3235/3594/3233 3234/3595/3234 3232/3596/3227
f 3224/3584/3224 3232/3596/3227 3234/3595/3234 3236/3585/3225
f 3237/3597/3235 3236/3585/3225 3234/3595/3234 3235/3594/3233
f 3236/3585/3225 3237/3597/3235 3238/3598/3236 3225/3580/3222
f 3238/3598/3236 3237/3597/3235 3239/3599/3237 3242/3600/3238
f 3235/3594/3233 3240/3601/3239 3239/3599/3237 3237/3597/3235
f 3240/3601/3239 3351/3602/3240 3241/3603/3241 3239/3599/3237
f 3242/3600/3238 3239/3599/3237 3241/3603/3241 3243/3604/3242
f 3242/3600/3238 3243/3604/3242 3247/3605/3243 3244/3606/3244
f 3244/3606/3244 3245/3607/3245 3238/3598/3236 3242/3600/3238
f 3244/3606/3244 3246/3608/3246 3297/3609/3247 3245/3607/3245
f 3247/3605/3243 3249/3610/3248 3246/3608/3246 3244/3606/3244
f 3348/3611/3249 3248/3612/3250 3247/3605/3243 3243/3604/3242
f 3251/3613/3251 3249/3610/3248 3247/3605/3243 3248/3612/3250
f 3250/3614/3252 3298/3615/3253 3246/3608/3246 3249/3610/3248
f 3249/3610/3248 3251/3613/3251 3253/3616/3254 3250/3614/3252
f 3248/3612/3250 3361/3617/3255 3252/3618/3256 3251/3613/3251
f 3252/3618/3256 3255/3619/3257 3253/3616/3254 3251/3613/3251
f 3256/3620/3258 3254/3621/3259 3253/3616/3254 3255/3619/3257
f 3253/3616/3254 3254/3621/3259 3301/3622/3260 3250/3614/3252
f 3256/3620/3258 3255/3619/3257 3257/3623/3261 3260/3624/3262
f 3257/3623/3261 3255/3619/3257 3252/3618/3256 3258/3625/3263
f 3258/3625/3263 3364/3626/3264 3259/3627/3265 3257/3623/3261
f 3260/3624/3262 3257/3623/3261 3259/3627/3265 3262/3628/3266
f 3260/3624/3262 3261/3629/3267 3318/3630/3268 3256/3620/3258
f 3260/3624/3262 3262/3628/3266 3263/3631/3269 3261/3629/3267
f 3264/3632/3270 3265/3633/3271 3263/3631/3269 3262/3628/3266
f 3264/3632/3270 3262/3628/3266 3259/3627/3265 3266/3634/3272
f 3265/3633/3271 3264/3632/3270 3267/3635/3273 3269/3636/3274
f 3267/3635/3273 3264/3632/3270 3266/3634/3272 3268/3637/3275
f 3271/3638/3276 3270/3639/3277 3267/3640/3273 3268/3641/3275
f 3273/3642/3278 3269/3643/3274 3267/3640/3273 3270/3639/3277
f 3272/3644/3279 3270/3639/3277 3271/3638/3276 3326/3645/3280
f 3270/3639/3277 3272/3644/3279 3275/3646/3281 3273/3642/3278
f 3269/3643/3274 3273/3642/3278 3274/3647/3282 3316/3648/3283
f 3274/3647/3282 3273/3642/3278 3275/3646/3281 3276/3649/3284
f 3280/3650/3285 3276/3649/3284 3275/3646/3281 3277/3651/3286
f 3275/3646/3281 3272/3644/3279 3279/3652/3287 3277/3651/3286
f 3278/3653/3288 3282/3654/3289 3280/3650/3285 3277/3651/3286
f 3277/3651/3286 3279/3652/3287 3323/3655/3290 3278/3653/3288
f 3284/3656/3291 3281/3657/3292 3280/3650/3285 3282/3654/3289
f 3281/3657/3292 3314/3658/3293 3276/3649/3284 3280/3650/3285
f 3282/3654/3289 3283/3659/3294 3286/3660/3295 3284/3656/3291
f 3282/3654/3289 3278/3653/3288 3322/3661/3296 3283/3659/3294
f 3284/3656/3291 3285/3662/3297 3315/3663/3298 3281/3657/3292
f 3285/3662/3297 3284/3656/3291 3286/3660/3295 3288/3664/3299
f 3289/3665/3300 3288/3664/3299 3286/3660/3295 3287/3666/3301
f 3286/3660/3295 3283/3659/3294 3319/3667/3302 3287/3666/3301
f 3290/3668/3303 3288/3664/3299 3289/3665/3300 3293/3669/3304
f 3285/3662/3297 3288/3664/3299 3290/3668/3303 3291/3670/3305
f 3312/3671/3306 3291/3670/3305 3290/3668/3303 3292/3672/3307
f 3294/3673/3308 3292/3674/3307 3290/3675/3303 3293/3676/3304
f 3295/3574/3219 3293/3669/3304 3289/3665/3300 3219/3571/3216
f 3294/3673/3308 3293/3676/3304 3295/3677/3219 3296/3678/3309
f 3297/3609/3247 3296/3678/3309 3295/3677/3219 3220/3577/3218
f 3298/3615/3253 3296/3678/3309 3297/3609/3247 3246/3608/3246
f 3299/3679/3310 3294/3673/3308 3296/3678/3309 3298/3615/3253
f 3298/3615/3253 3250/3614/3252 3301/3622/3260 3299/3679/3310
f 3301/3622/3260 3302/3680/3311 3300/3681/3312 3299/3679/3310
f 3294/3673/3308 3299/3679/3310 3300/3681/3312 3292/3674/3307
f 3303/3682/3313 3302/3680/3311 3301/3622/3260 3254/3621/3259
f 3303/3682/3313 3306/3683/3314 3304/3684/3315 3302/3680/3311
f 3300/3681/3312 3302/3680/3311 3304/3684/3315 3305/3685/3316
f 3308/3686/3317 3305/3685/3316 3304/3684/3315 3306/3683/3314
f 3303/3682/3313 3318/3630/3268 3307/3687/3318 3306/3683/3314
f 3308/3686/3317 3306/3683/3314 3307/3687/3318 3309/3688/3319
f 3305/3685/3316 3308/3686/3317 3310/3689/3320 3312/3690/3306
f 3310/3689/3320 3308/3686/3317 3309/3688/3319 3313/3691/3321
f 3314/3658/3293 3311/3692/3322 3310/3693/3320 3313/3694/3321
f 3291/3670/3305 3312/3671/3306 3310/3693/3320 3311/3692/3322
f 3314/3658/3293 3313/3694/3321 3274/3647/3282 3276/3649/3284
f 3309/3688/3319 3316/3695/3283 3274/3696/3282 3313/3691/3321
f 3314/3658/3293 3281/3657/3292 3315/3663/3298 3311/3692/3322
f 3312/3690/3306 3292/3674/3307 3300/3681/3312 3305/3685/3316
f 3291/3670/3305 3311/3692/3322 3315/3663/3298 3285/3662/3297
f 3307/3687/3318 3317/3697/3323 3316/3695/3283 3309/3688/3319
f 3265/3633/3271 3269/3636/3274 3316/3695/3283 3317/3697/3323
f 3317/3697/3323 3261/3629/3267 3263/3631/3269 3265/3633/3271
f 3261/3629/3267 3317/3697/3323 3307/3687/3318 3318/3630/3268
f 3254/3621/3259 3256/3620/3258 3318/3630/3268 3303/3682/3313
f 3222/3576/3220 3245/3607/3245 3297/3609/3247 3220/3577/3218
f 3217/3569/3214 3219/3571/3216 3289/3665/3300 3287/3666/3301
f 3287/3666/3301 3319/3667/3302 3215/3568/3213 3217/3569/3214
f 3320/3698/3324 3321/3567/3212 3215/3568/3213 3319/3667/3302
f 3283/3659/3294 3322/3661/3296 3320/3698/3324 3319/3667/3302
f 3324/3699/3325 3321/3567/3212 3320/3698/3324 3323/3655/3290
f 3278/3653/3288 3323/3655/3290 3320/3698/3324 3322/3661/3296
f 3325/3700/3326 3324/3699/3325 3323/3655/3290 3279/3652/3287
f 3325/3700/3326 3205/3555/3200 3207/3557/3202 3324/3699/3325
f 3321/3567/3212 3324/3699/3325 3207/3557/3202 3210/3559/3204
f 3326/3645/3280 3325/3700/3326 3279/3652/3287 3272/3644/3279
f 3325/3700/3326 3326/3645/3280 3327/3556/3201 3205/3555/3200
f 3327/3556/3201 3326/3645/3280 3271/3638/3276 3328/3701/3327
f 3329/3702/3328 3204/3554/3199 3327/3556/3201 3328/3701/3327
f 3328/3701/3327 3330/3703/3329 3332/3704/3330 3329/3702/3328
f 3330/3703/3329 3328/3701/3327 3271/3638/3276 3268/3641/3275
f 3268/3637/3275 3266/3634/3272 3331/3705/3331 3330/3706/3329
f 3331/3705/3331 3333/3707/3332 3332/3708/3330 3330/3706/3329
f 3332/3704/3330 3334/3709/3333 3335/3710/3334 3329/3702/3328
f 3333/3707/3332 3337/3711/3335 3334/3712/3333 3332/3708/3330
f 3336/3543/3188 3192/3542/3187 3335/3710/3334 3334/3709/3333
f 3339/3713/3336 3336/3714/3188 3334/3712/3333 3337/3711/3335
f 3339/3713/3336 3337/3711/3335 3338/3715/3337 3340/3716/3338
f 3333/3707/3332 3363/3717/3339 3338/3715/3337 3337/3711/3335
f 3189/3533/3181 3339/3713/3336 3340/3716/3338 3186/3534/3182
f 3339/3713/3336 3189/3533/3181 3191/3718/3186 3336/3714/3188
f 3341/3719/3340 3340/3716/3338 3338/3715/3337 3342/3720/3341
f 3343/3537/3183 3186/3534/3182 3340/3716/3338 3341/3719/3340
f 3342/3720/3341 3346/3721/3342 3344/3722/3343 3341/3719/3340
f 3341/3719/3340 3344/3722/3343 3345/3723/3344 3343/3537/3183
f 3347/3724/3345 3349/3725/3346 3345/3723/3344 3344/3722/3343
f 3346/3721/3342 3348/3611/3249 3347/3724/3345 3344/3722/3343
f 3243/3604/3242 3241/3603/3241 3347/3724/3345 3348/3611/3249
f 3351/3602/3240 3349/3725/3346 3347/3724/3345 3241/3603/3241
f 3349/3725/3346 3350/3726/3347 3357/3727/3348 3345/3723/3344
f 3349/3725/3346 3351/3602/3240 3352/3728/3349 3350/3726/3347
f 3240/3601/3239 3353/3729/3350 3352/3728/3349 3351/3602/3240
f 3354/3730/3351 3350/3726/3347 3352/3728/3349 3353/3729/3350
f 3353/3729/3350 3233/3593/3232 3231/3731/3231 3354/3730/3351
f 3353/3729/3350 3240/3601/3239 3235/3594/3233 3233/3593/3232
f 3354/3730/3351 3355/3732/3352 3357/3727/3348 3350/3726/3347
f 3355/3732/3352 3354/3730/3351 3231/3731/3231 3356/3733/3230
f 3357/3727/3348 3355/3732/3352 3184/3734/3178 3187/3536/3180
f 3356/3590/3230 3358/3530/3179 3184/3529/3178 3355/3735/3352
f 3343/3537/3183 3345/3723/3344 3357/3727/3348 3187/3536/3180
f 3358/3530/3179 3356/3590/3230 3230/3589/3229 3359/3736/3353
f 3183/3527/3176 3358/3530/3179 3359/3736/3353 3197/3547/3192
f 3199/3548/3193 3197/3547/3192 3359/3736/3353 3360/3737/3354
f 3360/3737/3354 3359/3736/3353 3230/3589/3229 3228/3586/3226
f 3209/3560/3205 3201/3550/3195 3199/3548/3193 3360/3737/3354
f 3228/3586/3226 3213/3561/3206 3209/3560/3205 3360/3737/3354
f 3361/3617/3255 3248/3612/3250 3348/3611/3249 3346/3721/3342
f 3346/3721/3342 3342/3720/3341 3362/3738/3355 3361/3617/3255
f 3362/3738/3355 3258/3625/3263 3252/3618/3256 3361/3617/3255
f 3364/3626/3264 3258/3625/3263 3362/3738/3355 3363/3717/3339
f 3338/3715/3337 3363/3717/3339 3362/3738/3355 3342/3720/3341
f 3363/3717/3339 3333/3707/3332 3331/3705/3331 3364/3626/3264
f 3259/3627/3265 3364/3626/3264 3331/3705/3331 3266/3634/3272
f 3335/3710/3334 3192/3542/3187 3194/3544/3189 3202/3551/3196
f 3204/3554/3199 3329/3702/3328 3335/3710/3334 3202/3551/3196
f 3222/3576/3220 3225/3580/3222 3238/3598/3236 3245/3607/3245
o root.6
v 0.224031 0.482892 0.383587
v 0.174503 0.454093 0.388886
v 0.215251 0.458871 0.342194
v 0.242869 0.482138 0.441422
v 0.287892 0.491400 0.371044
v 0.308130 0.493790 0.426251
v 0.271064 0.469176 0.327334
v 0.353765 0.477011 0.351088
v 0.375300 0.478562 0.401939
v 0.332092 0.456749 0.310212
v 0.411445 0.440126 0.327487
v 0.453638 0.378578 0.310877
v 0.433863 0.442404 0.373180
v 0.383969 0.423266 0.296188
v 0.352913 0.402212 0.279057
v 0.417950 0.365137 0.284960
v 0.364656 0.359381 0.270929
v 0.431738 0.300825 0.295425
v 0.467868 0.312540 0.317465
v 0.441966 0.249259 0.344724
v 0.378054 0.292104 0.280672
v 0.397771 0.231700 0.331607
v 0.314535 0.288060 0.281775
v 0.301528 0.360751 0.272723
v 0.341637 0.220954 0.331381
v 0.253589 0.282663 0.299245
v 0.287697 0.217705 0.346574
v 0.243588 0.358068 0.288141
v 0.202247 0.276823 0.329200
v 0.191014 0.351322 0.315189
v 0.165873 0.272731 0.363380
v 0.242737 0.217467 0.375753
v 0.210490 0.222616 0.404640
v 0.286729 0.183902 0.453105
v 0.327558 0.156005 0.553941
v 0.253192 0.194985 0.477601
v 0.328200 0.177485 0.433140
v 0.361946 0.150895 0.540359
v 0.372281 0.178580 0.422415
v 0.413768 0.192335 0.421329
v 0.399079 0.153134 0.532438
v 0.430194 0.164410 0.531348
v 0.419983 0.123860 0.638891
v 0.452369 0.083960 0.713983
v 0.392375 0.120188 0.645373
v 0.444533 0.134396 0.637526
v 0.463128 0.152214 0.641296
v 0.476533 0.099017 0.708462
v 0.495695 0.122743 0.710185
v 0.507942 0.083787 0.762771
v 0.512087 0.094453 0.804072
v 0.520919 0.110349 0.763148
v 0.483695 0.067545 0.770245
v 0.494855 0.082581 0.812731
v 0.458723 0.062849 0.782274
v 0.434362 0.065359 0.797764
v 0.473951 0.077875 0.821810
v 0.425917 0.074040 0.723413
v 0.398318 0.073098 0.739120
v 0.365760 0.123284 0.656805
v 0.374120 0.086344 0.759411
v 0.413710 0.078805 0.815046
v 0.342365 0.133774 0.672780
v 0.358793 0.109952 0.779693
v 0.325619 0.152379 0.690150
v 0.400611 0.101477 0.832250
v 0.351672 0.139414 0.797054
v 0.353097 0.170726 0.808271
v 0.317135 0.175549 0.704445
v 0.393778 0.129195 0.846016
v 0.431855 0.124389 0.876040
v 0.393395 0.158412 0.855022
v 0.430291 0.149695 0.886285
v 0.400900 0.187539 0.858110
v 0.363184 0.200959 0.812268
v 0.419013 0.214141 0.854913
v 0.435654 0.176992 0.891115
v 0.469521 0.165336 0.896102
v 0.451735 0.200445 0.887130
v 0.479571 0.182767 0.889280
v 0.464792 0.214153 0.875169
v 0.486050 0.205190 0.871463
v 0.442456 0.231082 0.848338
v 0.469372 0.235794 0.838140
v 0.407210 0.245200 0.797382
v 0.436740 0.250747 0.784473
v 0.381927 0.227709 0.808080
v 0.375485 0.265198 0.718187
v 0.348486 0.248815 0.721906
v 0.343855 0.326482 0.642516
v 0.404536 0.271170 0.710223
v 0.432253 0.266432 0.698647
v 0.381777 0.333465 0.633813
v 0.356779 0.406082 0.557831
v 0.419212 0.326622 0.616898
v 0.402545 0.396522 0.534584
v 0.449952 0.305736 0.595763
v 0.442615 0.367610 0.505816
v 0.471079 0.275123 0.574487
v 0.454450 0.251470 0.685928
v 0.480337 0.227703 0.759109
v 0.468668 0.228118 0.672622
v 0.492132 0.205597 0.747584
v 0.474607 0.201686 0.660127
v 0.477123 0.242330 0.555260
v 0.473207 0.175521 0.649104
v 0.499964 0.179729 0.735200
v 0.523829 0.163620 0.786358
v 0.502788 0.152135 0.721422
v 0.525198 0.137806 0.772656
v 0.522992 0.124587 0.806899
v 0.512524 0.109898 0.828780
v 0.522396 0.144110 0.821334
v 0.521207 0.109634 0.792887
v 0.511657 0.126910 0.844863
v 0.518227 0.163629 0.835761
v 0.517763 0.187566 0.800372
v 0.510762 0.181430 0.848992
v 0.507569 0.144421 0.858434
v 0.500773 0.160332 0.870448
v 0.490361 0.131791 0.873674
v 0.465915 0.124976 0.881821
v 0.486187 0.149016 0.883150
v 0.493515 0.114480 0.859541
v 0.495682 0.098596 0.840396
v 0.470337 0.107037 0.865361
v 0.438881 0.101948 0.860785
v 0.474433 0.092104 0.845979
v 0.448803 0.085741 0.842783
v 0.454288 0.075354 0.824467
v 0.464858 0.145226 0.892776
v 0.483055 0.161530 0.888124
v 0.491738 0.172407 0.880373
v 0.500173 0.195525 0.861434
v 0.491538 0.226603 0.825663
v 0.461413 0.243974 0.771392
v 0.507421 0.208700 0.812818
v 0.472458 0.209633 0.544051
v 0.469745 0.242338 0.441348
v 0.456104 0.183366 0.535427
v 0.447030 0.214169 0.429042
v 0.476938 0.280109 0.457089
v 0.470340 0.272704 0.363442
v 0.477274 0.307230 0.387269
v 0.469600 0.359263 0.406881
v 0.476629 0.328982 0.347906
v 0.469332 0.380338 0.353854
v 0.440476 0.413463 0.433225
v 0.469886 0.324678 0.477515
v 0.391158 0.451938 0.462866
v 0.332347 0.467407 0.488101
v 0.275359 0.454411 0.500275
v 0.230174 0.419955 0.502512
v 0.311198 0.397137 0.569360
v 0.270468 0.373380 0.567737
v 0.236129 0.335429 0.556659
v 0.308798 0.307280 0.642302
v 0.282833 0.279464 0.634801
v 0.329243 0.226387 0.719745
v 0.267728 0.246747 0.623171
v 0.265375 0.214607 0.608556
v 0.216511 0.290779 0.541035
v 0.318484 0.201728 0.714278
v 0.214929 0.248953 0.521914
v 0.178651 0.319555 0.481366
v 0.143781 0.339890 0.436554
v 0.177491 0.272939 0.460630
v 0.197980 0.372464 0.495637
v 0.159666 0.396804 0.442788
v 0.192144 0.445930 0.445985
v 0.139864 0.409401 0.389644
v 0.161404 0.409287 0.349466
v 0.126425 0.344928 0.389535
v 0.149339 0.276190 0.398627
v 0.150839 0.345771 0.348660
v 0.152831 0.291258 0.430857
v 0.188127 0.240735 0.433769
v 0.228111 0.215959 0.501121
v 0.275046 0.187263 0.591974
v 0.296700 0.167341 0.572759
v 0.179450 0.443342 0.356907
v 0.201737 0.416510 0.320207
v 0.254129 0.424129 0.299259
v 0.309197 0.417539 0.284462
vn -0.3659 0.9236 -0.1147
vn -0.6859 0.7274 -0.0220
vn -0.6224 0.6281 0.4670
vn -0.3144 0.8870 0.3383
vn -0.4074 0.7112 -0.5728
vn -0.6144 0.6171 -0.4915
vn -0.0362 0.9719 -0.2325
vn -0.1624 0.7665 -0.6214
vn 0.0724 0.9821 0.1739
vn 0.4135 0.9094 0.0453
vn 0.2482 0.9037 -0.3489
vn 0.0835 0.7199 -0.6891
vn 0.7099 0.7013 -0.0644
vn 0.5088 0.7034 -0.4964
vn 0.2935 0.5353 -0.7920
vn 0.4050 0.1637 -0.8996
vn 0.7174 0.3284 -0.6144
vn 0.9227 0.3601 -0.1377
vn 0.0984 0.3396 -0.9354
vn -0.0883 0.3956 -0.9141
vn 0.1211 0.0596 -0.9908
vn 0.4729 -0.3083 -0.8254
vn 0.1715 -0.3647 -0.9152
vn 0.8153 -0.1631 -0.5556
vn 0.8752 -0.3926 -0.2827
vn 0.5764 -0.6366 -0.5124
vn 0.2920 -0.7269 -0.6216
vn 0.0099 -0.7769 -0.6296
vn -0.1017 -0.3925 -0.9141
vn -0.1509 0.0287 -0.9881
vn -0.3574 0.0065 -0.9339
vn -0.3227 -0.4352 -0.8405
vn -0.2106 -0.8061 -0.5530
vn -0.3564 -0.8377 -0.4138
vn -0.4959 -0.4898 -0.7171
vn -0.5488 -0.0386 -0.8351
vn -0.6846 -0.5418 -0.4877
vn -0.7718 -0.0692 -0.6321
vn -0.5179 -0.8305 -0.2050
vn -0.4940 -0.8686 -0.0384
vn -0.2982 -0.9359 -0.1874
vn -0.1317 -0.9503 -0.2821
vn -0.3147 -0.9372 -0.1504
vn -0.1071 -0.9683 -0.2256
vn -0.5353 -0.8445 -0.0176
vn 0.1679 -0.9461 -0.2769
vn 0.1124 -0.9308 -0.3479
vn 0.4022 -0.8433 -0.3565
vn 0.4733 -0.8328 -0.2873
vn 0.4990 -0.7537 -0.4277
vn 0.1870 -0.8905 -0.4147
vn -0.0999 -0.9276 -0.3599
vn 0.2287 -0.8592 -0.4577
vn 0.5323 -0.6643 -0.5248
vn -0.0425 -0.9382 -0.3435
vn 0.7511 -0.6176 -0.2335
vn 0.7983 -0.4737 -0.3720
vn 0.8155 -0.3021 -0.4937
vn 0.6944 -0.6820 -0.2297
vn 0.3758 -0.9194 -0.1158
vn 0.9227 -0.2858 -0.2588
vn 0.7803 -0.5931 0.1986
vn 0.4973 -0.8124 0.3044
vn 0.9457 -0.3179 0.0676
vn 0.1215 -0.9924 0.0212
vn 0.2526 -0.8871 0.3863
vn -0.1506 -0.9686 0.1978
vn -0.3488 -0.9235 -0.1594
vn 0.0240 -0.9056 0.4235
vn -0.3758 -0.8926 -0.2491
vn -0.4166 -0.8195 0.3936
vn -0.6284 -0.7748 0.0692
vn -0.6339 -0.7700 -0.0726
vn -0.5773 -0.6122 0.5403
vn -0.7902 -0.5500 0.2704
vn -0.8231 -0.5532 0.1286
vn -0.8605 -0.2873 0.4206
vn -0.9146 -0.2661 0.3044
vn -0.6774 -0.3686 0.6366
vn -0.8559 0.0285 0.5163
vn -0.8979 0.0622 0.4358
vn -0.7132 -0.0719 0.6972
vn -0.4497 -0.1986 0.8708
vn -0.3814 -0.4766 0.7920
vn -0.2464 -0.6787 0.6919
vn -0.3880 0.1787 0.9042
vn -0.6477 0.2913 0.7040
vn -0.7540 0.3684 0.5438
vn -0.4572 0.6288 0.6290
vn -0.5496 0.6743 0.4932
vn -0.1359 0.5144 0.8467
vn 0.0937 -0.3126 0.9453
vn 0.1806 -0.0130 0.9835
vn 0.4165 0.2812 0.8646
vn 0.5085 0.5924 0.6249
vn 0.0950 0.7259 0.6812
vn -0.1324 0.8566 0.4987
vn 0.2961 0.8972 0.3276
vn -0.2520 0.8918 0.3759
vn 0.1200 0.9696 0.2131
vn 0.1414 0.8971 0.4187
vn -0.2279 0.8288 0.5111
vn -0.5530 0.6355 0.5387
vn -0.1700 0.7031 0.6905
vn -0.5015 0.5302 0.6837
vn 0.2074 0.7665 0.6079
vn 0.4993 0.8199 0.2800
vn 0.4825 0.8749 0.0418
vn 0.5471 0.7013 0.4571
vn 0.2162 0.7590 0.6141
vn -0.1843 0.6870 0.7029
vn 0.5622 0.6888 0.4577
vn 0.7731 0.6208 0.1303
vn 0.7913 0.5349 0.2960
vn 0.7995 0.5227 0.2959
vn 0.9454 0.2907 0.1474
vn 0.9506 0.2786 0.1368
vn 0.9279 0.3728 0.0014
vn 0.7394 0.6655 -0.1015
vn 0.8655 0.4576 -0.2039
vn 0.9148 0.2890 -0.2820
vn 0.9835 0.1420 -0.1120
vn 0.9998 0.0135 0.0130
vn 0.9470 -0.2993 -0.1163
vn 0.9619 -0.1286 -0.2414
vn 0.9233 0.0626 -0.3790
vn 0.9301 0.3636 -0.0524
vn 0.9703 0.2117 -0.1171
vn 0.9816 0.0310 -0.1882
vn 0.9735 -0.1723 0.1501
vn 0.9772 -0.0255 0.2108
vn 0.8464 -0.2779 0.4544
vn 0.8210 -0.4379 0.3663
vn 0.9528 0.1128 0.2817
vn 0.8376 -0.1395 0.5281
vn 0.8396 0.5424 0.0297
vn 0.8958 0.2588 0.3612
vn 0.8022 -0.0189 0.5967
vn 0.5771 -0.2393 0.7808
vn 0.5754 -0.3795 0.7245
vn 0.5636 -0.5285 0.6349
vn 0.1910 -0.6715 0.7160
vn 0.1278 -0.5215 0.8436
vn 0.5453 -0.6700 0.5038
vn 0.2501 -0.7804 0.5730
vn -0.0845 -0.8161 0.5717
vn 0.5709 -0.0948 0.8155
vn 0.7161 0.1078 0.6896
vn 0.7723 0.4238 0.4733
vn 0.6401 0.7513 0.1604
vn 0.9169 -0.3689 -0.1523
vn 1.0000 -0.0094 -0.0024
vn 0.6750 -0.6787 -0.2894
vn 0.9995 -0.0196 -0.0244
vn 0.9866 0.0484 -0.1556
vn 0.9524 0.2817 0.1168
vn 0.7916 0.5630 0.2376
vn 0.5294 0.7721 0.3516
vn 0.1709 0.8575 0.4852
vn -0.2366 0.7607 0.6045
vn -0.5480 0.5226 0.6531
vn -0.5144 0.5026 0.6948
vn -0.7286 0.2706 0.6292
vn -0.7276 0.2991 0.6174
vn -0.7270 0.2631 0.6342
vn -0.7760 0.3682 0.5121
vn -0.8486 -0.0101 0.5289
vn -0.8573 0.0152 0.5146
vn -0.8756 -0.3156 0.3656
vn -0.8603 -0.3408 0.3791
vn -0.8255 -0.0308 0.5636
vn -0.8333 -0.3737 0.4073
vn -0.8855 -0.0197 0.4643
vn -0.7977 0.3236 0.5090
vn -0.8585 -0.3376 0.3860
vn -0.9954 -0.0405 -0.0866
vn -0.9196 0.3914 -0.0333
vn -0.7294 0.3300 -0.5993
vn -0.8600 -0.5087 -0.0394
vn -0.4941 0.3436 -0.7986
vn -0.7204 -0.6837 0.1163
vn -0.7287 -0.6620 0.1756
vn -0.7570 -0.6293 0.1758
vn -0.2926 0.4013 -0.8680
vt 0.807417 0.943585
vt 0.797479 0.940765
vt 0.796661 0.924574
vt 0.809343 0.931478
vt 0.806988 0.957703
vt 0.799497 0.950728
vt 0.820798 0.949912
vt 0.820985 0.962096
vt 0.823476 0.936236
vt 0.838654 0.940367
vt 0.836574 0.952931
vt 0.836131 0.964965
vt 0.854390 0.943213
vt 0.852527 0.954367
vt 0.851277 0.964381
vt 0.868235 0.962481
vt 0.869276 0.952277
vt 0.869452 0.942539
vt 0.850112 0.974037
vt 0.837189 0.977358
vt 0.861139 0.974696
vt 0.892714 0.465833
vt 0.892517 0.482360
vt 0.883322 0.474615
vt 0.883486 0.457423
vt 0.883450 0.946087
vt 0.884365 0.953677
vt 0.891623 0.933160
vt 0.897003 0.938163
vt 0.892128 0.500359
vt 0.883276 0.495034
vt 0.873203 0.490474
vt 0.871583 0.469121
vt 0.870495 0.450657
vt 0.857253 0.447319
vt 0.859190 0.467221
vt 0.862165 0.487807
vt 0.851595 0.488175
vt 0.847292 0.468727
vt 0.843768 0.452323
vt 0.837608 0.472192
vt 0.832431 0.458635
vt 0.841917 0.489141
vt 0.840038 0.508131
vt 0.850129 0.509053
vt 0.860851 0.511069
vt 0.844462 0.532272
vt 0.853579 0.534590
vt 0.834922 0.530713
vt 0.862550 0.537632
vt 0.870442 0.513437
vt 0.879442 0.517208
vt 0.870014 0.540452
vt 0.858564 0.561519
vt 0.852182 0.559224
vt 0.845198 0.557136
vt 0.847841 0.578182
vt 0.853799 0.579441
vt 0.841401 0.577379
vt 0.877136 0.543659
vt 0.864446 0.564222
vt 0.860019 0.580953
vt 0.853146 0.593584
vt 0.846695 0.592623
vt 0.858944 0.594049
vt 0.851035 0.603159
vt 0.845164 0.602849
vt 0.901372 0.831249
vt 0.898013 0.836302
vt 0.896391 0.829421
vt 0.900147 0.826279
vt 0.839941 0.592393
vt 0.837680 0.601226
vt 0.833015 0.591690
vt 0.834491 0.576943
vt 0.832651 0.598958
vt 0.837912 0.555462
vt 0.825065 0.591200
vt 0.827020 0.576471
vt 0.830187 0.554507
vt 0.817095 0.590202
vt 0.819470 0.575906
vt 0.822556 0.553683
vt 0.812069 0.575218
vt 0.815440 0.552732
vt 0.808889 0.589575
vt 0.805025 0.574075
vt 0.808630 0.551938
vt 0.801632 0.587608
vt 0.800523 0.598550
vt 0.809346 0.599964
vt 0.817900 0.600391
vt 0.850697 0.813258
vt 0.859154 0.807406
vt 0.862850 0.811264
vt 0.856416 0.818410
vt 0.795339 0.586003
vt 0.798439 0.572869
vt 0.845739 0.830491
vt 0.858323 0.824755
vt 0.850729 0.834933
vt 0.865359 0.816463
vt 0.873979 0.803291
vt 0.873036 0.809085
vt 0.873745 0.814178
vt 0.872715 0.820312
vt 0.867778 0.820128
vt 0.862997 0.827437
vt 0.867822 0.829488
vt 0.855701 0.839295
vt 0.861742 0.842478
vt 0.854713 0.859057
vt 0.847520 0.856079
vt 0.840639 0.852417
vt 0.837375 0.875899
vt 0.828343 0.872054
vt 0.846497 0.879617
vt 0.862126 0.861572
vt 0.867443 0.844588
vt 0.856321 0.883067
vt 0.836955 0.901271
vt 0.826652 0.896486
vt 0.848361 0.905925
vt 0.869657 0.863481
vt 0.866509 0.886292
vt 0.861250 0.909857
vt 0.876841 0.888613
vt 0.874821 0.912602
vt 0.877411 0.864751
vt 0.873152 0.845942
vt 0.878892 0.846956
vt 0.885151 0.847794
vt 0.884995 0.865805
vt 0.886203 0.890495
vt 0.894669 0.890854
vt 0.892044 0.866390
vt 0.891590 0.848738
vt 0.881959 0.833624
vt 0.887021 0.834947
vt 0.892233 0.836065
vt 0.898330 0.849321
vt 0.898452 0.866756
vt 0.893255 0.827694
vt 0.889200 0.825971
vt 0.891419 0.819331
vt 0.895847 0.821526
vt 0.884974 0.824165
vt 0.886874 0.816907
vt 0.877269 0.832379
vt 0.880568 0.822754
vt 0.882372 0.815901
vt 0.880480 0.810256
vt 0.885700 0.810707
vt 0.891500 0.812420
vt 0.890839 0.805477
vt 0.882025 0.804524
vt 0.898175 0.816896
vt 0.899229 0.811529
vt 0.822575 0.607116
vt 0.812389 0.607363
vt 0.826416 0.600535
vt 0.831535 0.605642
vt 0.840215 0.608657
vt 0.902380 0.821575
vt 0.877459 0.810746
vt 0.877973 0.814689
vt 0.876617 0.821146
vt 0.872440 0.831152
vt 0.803701 0.606724
vt 0.899795 0.888671
vt 0.895967 0.915273
vt 0.886334 0.913791
vt 0.887347 0.521103
vt 0.892714 0.526140
vt 0.884189 0.544362
vt 0.902380 0.920748
vt 0.883624 0.930214
vt 0.880490 0.940316
vt 0.872329 0.930179
vt 0.857497 0.928447
vt 0.842293 0.925280
vt 0.828173 0.921002
vt 0.816944 0.917121
vt 0.807959 0.910593
vt 0.816034 0.892526
vt 0.797779 0.503983
vt 0.800540 0.527348
vt 0.791847 0.527928
vt 0.788713 0.507239
vt 0.800342 0.904808
vt 0.805543 0.894044
vt 0.801954 0.551244
vt 0.795672 0.549905
vt 0.809341 0.504806
vt 0.809198 0.527661
vt 0.817942 0.528337
vt 0.820397 0.505990
vt 0.811853 0.488271
vt 0.823101 0.489864
vt 0.799550 0.485771
vt 0.815378 0.475130
vt 0.807373 0.467746
vt 0.823255 0.480688
vt 0.799827 0.461312
vt 0.794253 0.476146
vt 0.822832 0.465718
vt 0.816808 0.455449
vt 0.810255 0.449168
vt 0.823285 0.443795
vt 0.827911 0.448590
vt 0.830470 0.476755
vt 0.837043 0.438337
vt 0.832634 0.489552
vt 0.830340 0.507307
vt 0.826137 0.529552
vt 0.824497 0.436876
vt 0.820813 0.976406
vt 0.806735 0.970130
vt 0.854631 0.433339
vt 0.872046 0.436768
vt 0.881853 0.445606
vt 0.835386 0.849434
s 1
f 3365/3739/3356 3366/3740/3357 3534/3741/3358 3368/3742/3359
f 3365/3739/3356 3367/3743/3360 3545/3744/3361 3366/3740/3357
f 3367/3743/3360 3365/3739/3356 3369/3745/3362 3371/3746/3363
f 3369/3745/3362 3365/3739/3356 3368/3742/3359 3370/3747/3364
f 3373/3748/3365 3372/3749/3366 3369/3745/3362 3370/3747/3364
f 3374/3750/3367 3371/3746/3363 3369/3745/3362 3372/3749/3366
f 3377/3751/3368 3375/3752/3369 3372/3749/3366 3373/3748/3365
f 3378/3753/3370 3374/3750/3367 3372/3749/3366 3375/3752/3369
f 3380/3754/3371 3378/3753/3370 3375/3752/3369 3376/3755/3372
f 3511/3756/3373 3376/3755/3372 3375/3752/3369 3377/3751/3368
f 3374/3750/3367 3378/3753/3370 3379/3757/3374 3548/3758/3375
f 3380/3754/3371 3381/3759/3376 3379/3757/3374 3378/3753/3370
f 3380/3760/3371 3382/3761/3377 3385/3762/3378 3381/3763/3376
f 3376/3755/3372 3383/3764/3379 3382/3765/3377 3380/3754/3371
f 3383/3764/3379 3507/3766/3380 3384/3767/3381 3382/3765/3377
f 3385/3762/3378 3382/3761/3377 3384/3768/3381 3386/3769/3382
f 3389/3770/3383 3387/3771/3384 3385/3762/3378 3386/3769/3382
f 3388/3772/3385 3381/3763/3376 3385/3762/3378 3387/3771/3384
f 3392/3773/3386 3388/3772/3385 3387/3771/3384 3390/3774/3387
f 3391/3775/3388 3390/3774/3387 3387/3771/3384 3389/3770/3383
f 3390/3774/3387 3391/3775/3388 3396/3776/3389 3393/3777/3390
f 3393/3777/3390 3394/3778/3391 3392/3773/3386 3390/3774/3387
f 3395/3779/3392 3539/3780/3393 3394/3778/3391 3393/3777/3390
f 3396/3776/3389 3397/3781/3394 3395/3779/3392 3393/3777/3390
f 3400/3782/3395 3397/3781/3394 3396/3776/3389 3398/3783/3396
f 3401/3784/3397 3398/3783/3396 3396/3776/3389 3391/3775/3388
f 3399/3785/3398 3398/3783/3396 3401/3784/3397 3402/3786/3399
f 3398/3783/3396 3399/3785/3398 3544/3787/3400 3400/3782/3395
f 3405/3788/3401 3402/3786/3399 3401/3784/3397 3403/3789/3402
f 3389/3770/3383 3403/3789/3402 3401/3784/3397 3391/3775/3388
f 3386/3769/3382 3404/3790/3403 3403/3789/3402 3389/3770/3383
f 3404/3790/3403 3406/3791/3404 3405/3788/3401 3403/3789/3402
f 3410/3792/3405 3407/3793/3406 3405/3788/3401 3406/3791/3404
f 3409/3794/3407 3402/3786/3399 3405/3788/3401 3407/3793/3406
f 3408/3795/3408 3407/3793/3406 3410/3792/3405 3412/3796/3409
f 3407/3793/3406 3408/3795/3408 3422/3797/3410 3409/3794/3407
f 3504/3798/3411 3411/3799/3412 3410/3792/3405 3406/3791/3404
f 3413/3800/3413 3412/3796/3409 3410/3792/3405 3411/3799/3412
f 3412/3796/3409 3414/3801/3414 3417/3802/3415 3408/3795/3408
f 3414/3801/3414 3412/3796/3409 3413/3800/3413 3416/3803/3416
f 3414/3801/3414 3415/3804/3417 3418/3805/3418 3417/3802/3415
f 3414/3806/3414 3416/3807/3416 3478/3808/3419 3415/3809/3417
f 3419/3810/3420 3417/3802/3415 3418/3805/3418 3421/3811/3421
f 3422/3797/3410 3408/3795/3408 3417/3802/3415 3419/3810/3420
f 3420/3812/3422 3423/3813/3423 3422/3797/3410 3419/3810/3420
f 3419/3810/3420 3421/3811/3421 3494/3814/3424 3420/3812/3422
f 3424/3815/3425 3409/3794/3407 3422/3797/3410 3423/3813/3423
f 3420/3812/3422 3426/3816/3426 3425/3817/3427 3423/3813/3423
f 3425/3817/3427 3427/3818/3428 3424/3815/3425 3423/3813/3423
f 3426/3816/3426 3430/3819/3429 3428/3820/3430 3425/3817/3427
f 3427/3818/3428 3425/3817/3427 3428/3820/3430 3429/3821/3431
f 3428/3820/3430 3431/3822/3432 3433/3823/3433 3429/3821/3431
f 3428/3820/3430 3430/3819/3429 3434/3824/3434 3431/3822/3432
f 3433/3823/3433 3431/3822/3432 3432/3825/3435 3527/3826/3436
f 3432/3825/3435 3431/3822/3432 3434/3824/3434 3436/3827/3437
f 3437/3828/3438 3436/3827/3437 3434/3824/3434 3435/3829/3439
f 3434/3824/3434 3430/3819/3429 3491/3830/3440 3435/3829/3439
f 3436/3831/3437 3437/3832/3438 3441/3833/3441 3438/3834/3442
f 3438/3835/3442 3439/3836/3443 3432/3825/3435 3436/3827/3437
f 3439/3837/3443 3438/3834/3442 3440/3838/3444 3451/3839/3445
f 3441/3833/3441 3443/3840/3446 3440/3838/3444 3438/3834/3442
f 3495/3841/3447 3442/3842/3448 3441/3833/3441 3437/3832/3438
f 3444/3843/3449 3443/3840/3446 3441/3833/3441 3442/3842/3448
f 3444/3843/3449 3446/3844/3450 3445/3845/3451 3443/3840/3446
f 3443/3840/3446 3445/3845/3451 3447/3846/3452 3440/3838/3444
f 3445/3845/3451 3446/3844/3450 3448/3847/3453 3447/3846/3452
f 3449/3848/3454 3447/3846/3452 3448/3847/3453 3450/3849/3455
f 3451/3839/3445 3440/3838/3444 3447/3846/3452 3449/3848/3454
f 3455/3850/3456 3452/3851/3457 3449/3848/3454 3450/3849/3455
f 3453/3852/3458 3451/3839/3445 3449/3848/3454 3452/3851/3457
f 3452/3851/3457 3454/3853/3459 3521/3854/3460 3453/3852/3458
f 3454/3853/3459 3452/3851/3457 3455/3850/3456 3457/3855/3461
f 3456/3856/3462 3455/3850/3456 3450/3849/3455 3500/3857/3463
f 3455/3850/3456 3456/3856/3462 3459/3858/3464 3457/3855/3461
f 3457/3855/3461 3458/3859/3465 3518/3860/3466 3454/3853/3459
f 3459/3858/3464 3460/3861/3467 3458/3859/3465 3457/3855/3461
f 3464/3862/3468 3461/3863/3469 3459/3858/3464 3456/3856/3462
f 3462/3864/3470 3460/3861/3467 3459/3858/3464 3461/3863/3469
f 3461/3863/3469 3463/3865/3471 3513/3866/3472 3462/3864/3470
f 3463/3865/3471 3461/3863/3469 3464/3862/3468 3466/3867/3473
f 3500/3857/3463 3465/3868/3474 3464/3862/3468 3456/3856/3462
f 3467/3869/3475 3466/3867/3473 3464/3862/3468 3465/3868/3474
f 3471/3870/3476 3468/3871/3477 3466/3867/3473 3467/3869/3475
f 3469/3872/3478 3463/3865/3471 3466/3867/3473 3468/3871/3477
f 3502/3873/3479 3469/3872/3478 3468/3871/3477 3470/3874/3480
f 3468/3871/3477 3471/3870/3476 3473/3875/3481 3470/3874/3480
f 3467/3869/3475 3481/3876/3482 3472/3877/3483 3471/3870/3476
f 3472/3877/3483 3474/3878/3484 3473/3875/3481 3471/3870/3476
f 3474/3878/3484 3416/3807/3416 3413/3879/3413 3473/3875/3481
f 3470/3874/3480 3473/3875/3481 3413/3879/3413 3411/3880/3412
f 3475/3881/3485 3474/3878/3484 3472/3877/3483 3477/3882/3486
f 3474/3878/3484 3475/3881/3485 3478/3808/3419 3416/3807/3416
f 3477/3882/3486 3479/3883/3487 3476/3884/3488 3475/3881/3485
f 3476/3884/3488 3415/3809/3417 3478/3808/3419 3475/3881/3485
f 3479/3883/3487 3477/3882/3486 3480/3885/3489 3483/3886/3490
f 3480/3885/3489 3477/3882/3486 3472/3877/3483 3481/3876/3482
f 3501/3887/3491 3482/3888/3492 3480/3885/3489 3481/3876/3482
f 3484/3889/3493 3483/3886/3490 3480/3885/3489 3482/3888/3492
f 3487/3890/3494 3485/3891/3495 3483/3886/3490 3484/3889/3493
f 3488/3892/3496 3479/3883/3487 3483/3886/3490 3485/3891/3495
f 3490/3893/3497 3488/3892/3496 3485/3891/3495 3486/3894/3498
f 3495/3841/3447 3486/3894/3498 3485/3891/3495 3487/3890/3494
f 3488/3892/3496 3489/3895/3499 3476/3884/3488 3479/3883/3487
f 3489/3895/3499 3488/3892/3496 3490/3893/3497 3492/3896/3500
f 3435/3829/3439 3491/3830/3440 3490/3897/3497 3486/3898/3498
f 3493/3899/3501 3492/3900/3500 3490/3897/3497 3491/3830/3440
f 3492/3900/3500 3493/3899/3501 3494/3814/3424 3421/3811/3421
f 3492/3900/3500 3421/3811/3421 3418/3805/3418 3489/3901/3499
f 3426/3816/3426 3420/3812/3422 3494/3814/3424 3493/3899/3501
f 3426/3816/3426 3493/3899/3501 3491/3830/3440 3430/3819/3429
f 3418/3902/3418 3415/3809/3417 3476/3884/3488 3489/3895/3499
f 3495/3841/3447 3487/3890/3494 3496/3903/3502 3442/3842/3448
f 3484/3889/3493 3497/3904/3503 3496/3903/3502 3487/3890/3494
f 3444/3843/3449 3442/3842/3448 3496/3903/3502 3497/3904/3503
f 3484/3889/3493 3482/3888/3492 3498/3905/3504 3497/3904/3503
f 3444/3843/3449 3497/3904/3503 3498/3905/3504 3446/3844/3450
f 3482/3888/3492 3501/3887/3491 3499/3906/3505 3498/3905/3504
f 3446/3844/3450 3498/3905/3504 3499/3906/3505 3448/3847/3453
f 3450/3849/3455 3448/3847/3453 3499/3906/3505 3500/3857/3463
f 3499/3906/3505 3501/3887/3491 3465/3868/3474 3500/3857/3463
f 3481/3876/3482 3467/3869/3475 3465/3868/3474 3501/3887/3491
f 3486/3898/3498 3495/3907/3447 3437/3828/3438 3435/3829/3439
f 3504/3908/3411 3502/3873/3479 3470/3874/3480 3411/3880/3412
f 3502/3873/3479 3503/3909/3506 3506/3910/3507 3469/3872/3478
f 3504/3798/3411 3505/3911/3508 3503/3912/3506 3502/3913/3479
f 3505/3911/3508 3504/3798/3411 3406/3791/3404 3404/3790/3403
f 3384/3767/3381 3507/3766/3380 3503/3909/3506 3505/3914/3508
f 3404/3790/3403 3386/3769/3382 3384/3768/3381 3505/3911/3508
f 3507/3766/3380 3508/3915/3509 3506/3910/3507 3503/3909/3506
f 3507/3766/3380 3383/3764/3379 3510/3916/3510 3508/3915/3509
f 3508/3915/3509 3509/3917/3511 3513/3866/3472 3506/3910/3507
f 3509/3917/3511 3508/3915/3509 3510/3916/3510 3511/3756/3373
f 3376/3755/3372 3511/3756/3373 3510/3916/3510 3383/3764/3379
f 3509/3917/3511 3511/3756/3373 3377/3751/3368 3512/3918/3512
f 3513/3866/3472 3509/3917/3511 3512/3918/3512 3462/3864/3470
f 3469/3872/3478 3506/3910/3507 3513/3866/3472 3463/3865/3471
f 3460/3861/3467 3462/3864/3470 3512/3918/3512 3514/3919/3513
f 3514/3919/3513 3512/3918/3512 3377/3751/3368 3373/3748/3365
f 3514/3919/3513 3515/3920/3514 3458/3859/3465 3460/3861/3467
f 3370/3747/3364 3515/3920/3514 3514/3919/3513 3373/3748/3365
f 3515/3920/3514 3370/3747/3364 3368/3742/3359 3516/3921/3515
f 3515/3920/3514 3516/3921/3515 3518/3860/3466 3458/3859/3465
f 3517/3922/3516 3519/3923/3517 3518/3860/3466 3516/3921/3515
f 3516/3921/3515 3368/3742/3359 3534/3741/3358 3517/3922/3516
f 3518/3860/3466 3519/3923/3517 3521/3854/3460 3454/3853/3459
f 3520/3924/3518 3522/3925/3519 3521/3926/3460 3519/3927/3517
f 3519/3923/3517 3517/3922/3516 3532/3928/3520 3520/3929/3518
f 3521/3926/3460 3522/3925/3519 3523/3930/3521 3453/3931/3458
f 3522/3925/3519 3520/3924/3518 3526/3932/3522 3524/3933/3523
f 3524/3933/3523 3527/3826/3436 3523/3930/3521 3522/3925/3519
f 3524/3933/3523 3525/3934/3524 3433/3823/3433 3527/3826/3436
f 3524/3933/3523 3526/3932/3522 3528/3935/3525 3525/3934/3524
f 3523/3930/3521 3527/3826/3436 3432/3825/3435 3439/3836/3443
f 3529/3936/3526 3531/3937/3527 3528/3935/3525 3526/3932/3522
f 3532/3938/3520 3529/3936/3526 3526/3932/3522 3520/3924/3518
f 3530/3939/3528 3529/3936/3526 3532/3938/3520 3533/3940/3529
f 3529/3936/3526 3530/3939/3528 3540/3941/3530 3531/3937/3527
f 3534/3942/3358 3533/3940/3529 3532/3938/3520 3517/3943/3516
f 3537/3944/3531 3530/3939/3528 3533/3940/3529 3535/3945/3532
f 3535/3945/3532 3533/3940/3529 3534/3942/3358 3366/3946/3357
f 3535/3945/3532 3366/3946/3357 3545/3947/3361 3536/3948/3533
f 3535/3945/3532 3536/3948/3533 3539/3780/3393 3537/3944/3531
f 3537/3944/3531 3538/3949/3534 3540/3941/3530 3530/3939/3528
f 3538/3949/3534 3537/3944/3531 3539/3780/3393 3395/3779/3392
f 3536/3948/3533 3546/3950/3535 3394/3778/3391 3539/3780/3393
f 3541/3951/3536 3531/3937/3527 3540/3941/3530 3538/3949/3534
f 3541/3951/3536 3538/3949/3534 3395/3779/3392 3397/3781/3394
f 3531/3937/3527 3541/3951/3536 3542/3952/3537 3528/3935/3525
f 3397/3781/3394 3400/3782/3395 3542/3952/3537 3541/3951/3536
f 3525/3934/3524 3528/3935/3525 3542/3952/3537 3543/3953/3538
f 3542/3952/3537 3400/3782/3395 3544/3787/3400 3543/3953/3538
f 3543/3953/3538 3429/3821/3431 3433/3823/3433 3525/3934/3524
f 3429/3821/3431 3543/3953/3538 3544/3787/3400 3427/3818/3428
f 3544/3787/3400 3399/3785/3398 3424/3815/3425 3427/3818/3428
f 3546/3950/3535 3536/3948/3533 3545/3947/3361 3367/3954/3360
f 3367/3743/3360 3371/3746/3363 3547/3955/3539 3546/3956/3535
f 3546/3950/3535 3547/3957/3539 3392/3773/3386 3394/3778/3391
f 3374/3750/3367 3548/3758/3375 3547/3955/3539 3371/3746/3363
f 3548/3958/3375 3388/3772/3385 3392/3773/3386 3547/3957/3539
f 3388/3772/3385 3548/3958/3375 3379/3959/3374 3381/3763/3376
f 3451/3839/3445 3453/3852/3458 3523/3960/3521 3439/3837/3443
f 3402/3786/3399 3409/3794/3407 3424/3815/3425 3399/3785/3398
o root.7
v 0.527773 0.273625 0.882010
v 0.478113 0.280954 0.869219
v 0.510416 0.263005 0.857415
v 0.524789 0.261343 0.921058
v 0.568152 0.204825 0.861338
v 0.569135 0.123972 0.832358
v 0.552850 0.193112 0.827216
v 0.549428 0.222868 0.901907
v 0.582363 0.219170 0.892559
v 0.555643 0.127197 0.853004
v 0.548584 0.183477 0.885251
v 0.506260 0.171736 0.888836
v 0.535680 0.130686 0.860726
v 0.495384 0.112632 0.859426
v 0.502999 0.074166 0.820839
v 0.445127 0.110245 0.864795
v 0.397551 0.107422 0.870041
v 0.447792 0.173341 0.898280
v 0.444810 0.061102 0.822814
v 0.476904 0.055462 0.789598
v 0.409481 0.055008 0.764235
v 0.390351 0.077636 0.824636
v 0.364725 0.118943 0.807204
v 0.380572 0.072985 0.784623
v 0.366054 0.092134 0.764235
v 0.381009 0.076365 0.727951
v 0.351908 0.110029 0.750860
v 0.349351 0.104676 0.728664
v 0.344017 0.138994 0.767038
v 0.348966 0.196635 0.790749
v 0.334895 0.152261 0.742282
v 0.365371 0.154761 0.742139
v 0.351201 0.205810 0.768695
v 0.440269 0.253421 0.767669
v 0.374587 0.197148 0.763668
v 0.440238 0.226493 0.758675
v 0.402187 0.184953 0.756973
v 0.399610 0.155822 0.742988
v 0.433126 0.196453 0.754937
v 0.442262 0.164804 0.744175
v 0.439346 0.120795 0.720826
v 0.481739 0.182456 0.733523
v 0.480097 0.132013 0.714664
v 0.503834 0.187746 0.744903
v 0.519182 0.187822 0.776930
v 0.503361 0.123732 0.733085
v 0.488409 0.086834 0.733558
v 0.524285 0.121480 0.772083
v 0.520532 0.083552 0.784159
v 0.554004 0.141812 0.811656
v 0.454578 0.061425 0.741979
v 0.475624 0.107883 0.703732
v 0.441887 0.083507 0.706384
v 0.442707 0.258938 0.805501
v 0.464088 0.284333 0.838044
v 0.400764 0.240006 0.829985
v 0.356259 0.179190 0.811721
v 0.442820 0.268465 0.871678
v 0.388165 0.205573 0.865644
v 0.372605 0.178485 0.910738
v 0.412153 0.235564 0.885180
v 0.367226 0.165242 0.849867
v 0.373065 0.125461 0.861512
v 0.394476 0.235675 0.937894
v 0.434720 0.288216 0.953455
v 0.464684 0.299996 0.950972
v 0.496603 0.229507 0.919703
v 0.521771 0.211162 0.905481
v 0.399863 0.147635 0.891270
v 0.491270 0.280053 0.859117
v 0.393009 0.119091 0.720798
v 0.369893 0.125632 0.724209
vn 0.6323 0.7620 -0.1399
vn -0.0067 0.9993 -0.0370
vn 0.1182 0.7375 0.6649
vn 0.6362 0.3656 0.6794
vn 0.5097 0.6803 -0.5267
vn 0.3404 0.8540 -0.3935
vn 0.9445 0.3076 -0.1151
vn 0.7355 0.3872 -0.5561
vn 0.6538 0.1492 0.7418
vn 0.6927 0.0981 0.7145
vn 0.6522 -0.5729 0.4964
vn 0.9161 -0.3595 -0.1776
vn 0.8278 0.0422 -0.5594
vn 0.2636 -0.3391 0.9031
vn 0.2315 -0.5338 0.8133
vn 0.1667 -0.4509 0.8768
vn 0.1722 -0.5752 0.7997
vn 0.2175 -0.3893 0.8951
vn 0.3609 -0.8170 0.4498
vn 0.1268 -0.4516 0.8832
vn 0.0851 -0.5927 0.8009
vn 0.0200 -0.9021 0.4310
vn -0.2928 -0.6373 0.7129
vn -0.5203 -0.7454 0.4168
vn -0.0723 -0.5167 0.8531
vn 0.3077 -0.9512 -0.0241
vn 0.7068 -0.6670 -0.2358
vn 0.1983 -0.9037 -0.3795
vn -0.2640 -0.9598 -0.0954
vn -0.6659 -0.7272 0.1667
vn -0.9036 -0.3269 0.2770
vn -0.7907 -0.5971 0.1353
vn -0.8323 -0.3660 0.4163
vn -0.4624 -0.6285 -0.6255
vn -0.8561 -0.4838 0.1816
vn -0.7268 -0.3530 -0.5891
vn -0.9466 -0.2003 0.2526
vn -0.8383 0.1978 -0.5080
vn -0.8706 0.4563 0.1840
vn -0.9384 0.2221 0.2649
vn -0.6578 0.6330 -0.4081
vn -0.0684 0.4364 -0.8972
vn -0.1258 0.2510 -0.9598
vn -0.0937 0.3460 -0.9335
vn -0.0745 0.9589 -0.2737
vn 0.0531 0.8623 -0.5035
vn -0.0893 0.3316 -0.9392
vn -0.2215 0.2338 -0.9467
vn -0.0911 0.3198 -0.9431
vn -0.0364 0.4615 -0.8864
vn -0.2218 0.3683 -0.9028
vn 0.0788 0.3532 -0.9322
vn -0.2135 0.3509 -0.9118
vn -0.1093 0.2454 -0.9632
vn 0.2301 0.2418 -0.9427
vn 0.7837 -0.0447 -0.6195
vn 0.6554 0.4257 -0.6239
vn 0.7514 0.4345 -0.4966
vn 0.8376 -0.0871 -0.5393
vn 0.6282 -0.5538 -0.5465
vn 0.2947 -0.0913 -0.9512
vn -0.0137 -0.4162 -0.9092
vn 0.0072 0.9336 -0.3582
vn -0.5523 0.8285 -0.0923
vn -0.7149 0.6908 0.1087
vn -0.8790 0.4650 0.1055
vn -0.9739 0.1520 0.1687
vn -0.7918 0.6093 -0.0424
vn -0.7384 -0.1137 0.6647
vn -0.6895 0.1622 0.7058
vn -0.4357 0.5295 0.7278
vn 0.1963 -0.3693 0.9083
vt 0.070459 0.741049
vt 0.069131 0.755073
vt 0.057359 0.742811
vt 0.057811 0.729435
vt 0.028271 0.822058
vt 0.023159 0.826460
vt 0.019146 0.822566
vt 0.018858 0.819194
vt 0.037909 0.837960
vt 0.031415 0.843545
vt 0.053716 0.720123
vt 0.063308 0.712538
vt 0.045084 0.835085
vt 0.045084 0.856161
vt 0.039733 0.856098
vt 0.033257 0.854907
vt 0.039346 0.720789
vt 0.053435 0.712379
vt 0.020048 0.725739
vt 0.015543 0.722934
vt 0.032167 0.729882
vt 0.013959 0.735949
vt 0.044840 0.725976
vt 0.000342 0.737011
vt 0.029707 0.741921
vt 0.013968 0.747865
vt 0.001406 0.755557
vt 0.017302 0.758750
vt 0.008382 0.767713
vt 0.025926 0.755146
vt 0.039604 0.874424
vt 0.040522 0.887835
vt 0.032400 0.881051
vt 0.030976 0.870469
vt 0.021225 0.885487
vt 0.023489 0.895556
vt 0.040545 0.900545
vt 0.029092 0.902735
vt 0.005744 0.778159
vt 0.017188 0.775851
vt 0.009546 0.785347
vt 0.021838 0.764614
vt 0.004252 0.799484
vt 0.000342 0.784571
vt 0.013839 0.788832
vt 0.014166 0.794163
vt 0.021214 0.786295
vt 0.024490 0.792009
vt 0.035380 0.784649
vt 0.032424 0.779318
vt 0.037909 0.789147
vt 0.028921 0.796836
vt 0.019962 0.798751
vt 0.040557 0.793751
vt 0.061881 0.778082
vt 0.060685 0.787615
vt 0.057665 0.794447
vt 0.049337 0.802271
vt 0.041584 0.799263
vt 0.033862 0.802697
vt 0.042819 0.808530
vt 0.052231 0.815568
vt 0.026251 0.811101
vt 0.020524 0.802819
vt 0.031076 0.818510
vt 0.016850 0.867382
vt 0.010460 0.868827
vt 0.008307 0.856836
vt 0.013153 0.853994
vt 0.000505 0.839015
vt 0.000342 0.845083
vt 0.005027 0.831796
vt 0.019791 0.850053
vt 0.025684 0.863471
vt 0.019286 0.875915
vt 0.010952 0.874868
vt 0.011055 0.884240
vt 0.020615 0.816924
vt 0.012871 0.809969
vt 0.011265 0.898542
vt 0.011497 0.823586
vt 0.060038 0.762026
vt 0.066786 0.766944
vt 0.050579 0.773556
vt 0.040747 0.767660
vt 0.029943 0.770545
vt 0.049113 0.762966
vt 0.033497 0.759189
vt 0.044024 0.753565
vt 0.053848 0.746705
vt 0.046667 0.732136
vt 0.069770 0.756880
s 1
f 3549/3961/3540 3550/3962/3541 3614/3963/3542 3552/3964/3543
f 3549/3965/3540 3551/3966/3544 3618/3967/3545 3550/3968/3541
f 3551/3966/3544 3549/3965/3540 3553/3969/3546 3555/3970/3547
f 3552/3964/3543 3556/3971/3548 3553/3972/3546 3549/3961/3540
f 3557/3973/3549 3558/3974/3550 3554/3975/3551 3553/3969/3546
f 3553/3969/3546 3554/3975/3551 3598/3976/3552 3555/3970/3547
f 3556/3971/3548 3559/3977/3553 3557/3978/3549 3553/3972/3546
f 3557/3978/3549 3559/3977/3553 3561/3979/3554 3558/3980/3550
f 3560/3981/3555 3562/3982/3556 3561/3979/3554 3559/3977/3553
f 3559/3977/3553 3556/3971/3548 3616/3983/3557 3560/3981/3555
f 3563/3984/3558 3558/3980/3550 3561/3979/3554 3562/3982/3556
f 3562/3982/3556 3560/3981/3555 3566/3985/3559 3564/3986/3560
f 3563/3984/3558 3562/3982/3556 3564/3986/3560 3567/3987/3561
f 3564/3986/3560 3565/3988/3562 3570/3989/3563 3567/3987/3561
f 3565/3988/3562 3564/3986/3560 3566/3985/3559 3617/3990/3564
f 3563/3991/3558 3567/3992/3561 3568/3993/3565 3597/3994/3566
f 3599/3995/3567 3568/3993/3565 3567/3992/3561 3569/3996/3568
f 3567/3992/3561 3570/3997/3563 3572/3998/3569 3569/3996/3568
f 3572/3999/3569 3570/3989/3563 3571/4000/3570 3573/4001/3571
f 3565/3988/3562 3611/4002/3572 3571/4000/3570 3570/3989/3563
f 3572/3999/3569 3573/4001/3571 3574/4003/3573 3569/4004/3568
f 3575/4005/3574 3576/4006/3575 3574/4003/3573 3573/4001/3571
f 3575/4005/3574 3573/4001/3571 3571/4000/3570 3577/4007/3576
f 3579/4008/3577 3576/4006/3575 3575/4005/3574 3577/4007/3576
f 3578/4009/3578 3577/4007/3576 3571/4000/3570 3605/4010/3579
f 3578/4009/3578 3581/4011/3580 3579/4008/3577 3577/4007/3576
f 3579/4008/3577 3580/4012/3581 3620/4013/3582 3576/4006/3575
f 3583/4014/3583 3580/4012/3581 3579/4008/3577 3581/4011/3580
f 3581/4011/3580 3578/4009/3578 3602/4015/3584 3582/4016/3585
f 3582/4016/3585 3584/4017/3586 3583/4014/3583 3581/4011/3580
f 3583/4014/3583 3584/4017/3586 3587/4018/3587 3585/4019/3588
f 3580/4012/3581 3583/4014/3583 3585/4019/3588 3586/4020/3589
f 3586/4020/3589 3585/4019/3588 3587/4018/3587 3588/4021/3590
f 3590/4022/3591 3588/4021/3590 3587/4018/3587 3584/4017/3586
f 3589/4023/3592 3619/4024/3593 3586/4020/3589 3588/4021/3590
f 3589/4023/3592 3588/4021/3590 3590/4022/3591 3591/4025/3594
f 3594/4026/3595 3591/4027/3594 3590/4028/3591 3592/4029/3596
f 3582/4030/3585 3592/4029/3596 3590/4028/3591 3584/4031/3586
f 3602/4032/3584 3593/4033/3597 3592/4029/3596 3582/4030/3585
f 3596/4034/3598 3594/4026/3595 3592/4029/3596 3593/4033/3597
f 3597/3994/3566 3595/4035/3599 3594/4026/3595 3596/4034/3598
f 3594/4026/3595 3595/4035/3599 3600/4036/3600 3591/4027/3594
f 3597/3994/3566 3596/4034/3598 3598/3976/3552 3554/3975/3551
f 3593/4033/3597 3555/3970/3547 3598/3976/3552 3596/4034/3598
f 3563/3991/3558 3597/3994/3566 3554/3975/3551 3558/3974/3550
f 3595/4035/3599 3597/3994/3566 3568/3993/3565 3599/3995/3567
f 3599/3995/3567 3601/4037/3601 3600/4036/3600 3595/4035/3599
f 3589/4023/3592 3591/4025/3594 3600/4038/3600 3601/4039/3601
f 3589/4023/3592 3601/4039/3601 3574/4003/3573 3619/4024/3593
f 3599/3995/3567 3569/3996/3568 3574/4040/3573 3601/4037/3601
f 3593/4033/3597 3602/4032/3584 3551/3966/3544 3555/3970/3547
f 3603/4041/3602 3618/3967/3545 3551/3966/3544 3602/4032/3584
f 3606/4042/3603 3603/4043/3602 3602/4015/3584 3604/4044/3604
f 3605/4010/3579 3604/4044/3604 3602/4015/3584 3578/4009/3578
f 3607/4045/3605 3604/4044/3604 3605/4010/3579 3610/4046/3606
f 3604/4044/3604 3607/4045/3605 3609/4047/3607 3606/4042/3603
f 3609/4047/3607 3607/4045/3605 3608/4048/3608 3612/4049/3609
f 3608/4048/3608 3607/4045/3605 3610/4046/3606 3611/4002/3572
f 3610/4046/3606 3605/4010/3579 3571/4000/3570 3611/4002/3572
f 3611/4002/3572 3565/3988/3562 3617/3990/3564 3608/4048/3608
f 3612/4049/3609 3613/4050/3610 3606/4042/3603 3609/4047/3607
f 3608/4048/3608 3617/3990/3564 3566/3985/3559 3612/4049/3609
f 3613/4050/3610 3612/4049/3609 3566/3985/3559 3615/4051/3611
f 3613/4050/3610 3614/3963/3542 3550/3962/3541 3606/4042/3603
f 3615/4051/3611 3552/3964/3543 3614/3963/3542 3613/4050/3610
f 3566/3985/3559 3560/3981/3555 3616/3983/3557 3615/4051/3611
f 3552/3964/3543 3615/4051/3611 3616/3983/3557 3556/3971/3548
f 3606/4042/3603 3550/3962/3541 3618/4052/3545 3603/4043/3602
f 3620/4013/3582 3619/4024/3593 3574/4003/3573 3576/4006/3575
f 3586/4020/3589 3619/4024/3593 3620/4013/3582 3580/4012/3581
o root.8
v -0.492850 0.253446 0.809274
v -0.484337 0.299560 0.852749
v -0.520050 0.248216 0.838949
v -0.445728 0.257300 0.822515
v -0.517222 0.198690 0.782440
v -0.463716 0.251473 0.768374
v -0.499143 0.204430 0.751579
v -0.406050 0.248612 0.784739
v -0.446080 0.230396 0.757277
v -0.471200 0.199640 0.743009
v -0.410860 0.224088 0.767307
v -0.427705 0.185615 0.753439
v -0.365223 0.180616 0.757052
v -0.377193 0.132623 0.728417
v -0.393224 0.170431 0.751720
v -0.339475 0.167623 0.775561
v -0.357704 0.145878 0.810682
v -0.363050 0.091725 0.742655
v -0.395257 0.082209 0.703320
v -0.395832 0.056396 0.785885
v -0.364285 0.097912 0.769536
v -0.380097 0.077556 0.791718
v -0.379389 0.095003 0.822848
v -0.371982 0.121071 0.879957
v -0.406341 0.070158 0.835447
v -0.398721 0.125093 0.879921
v -0.443024 0.068265 0.831654
v -0.427231 0.053783 0.767023
v -0.434608 0.124896 0.874206
v -0.497789 0.070527 0.816895
v -0.517435 0.086227 0.776978
v -0.543803 0.107080 0.843503
v -0.481615 0.124817 0.868222
v -0.470109 0.063536 0.744385
v -0.493288 0.091676 0.734355
v -0.453273 0.089044 0.703615
v -0.483113 0.106877 0.704780
v -0.442031 0.130436 0.726770
v -0.479606 0.137097 0.718093
v -0.399590 0.127308 0.725511
v -0.504313 0.128710 0.732621
v -0.520632 0.125304 0.765832
v -0.543940 0.141708 0.798304
v -0.543660 0.211474 0.831393
v -0.552742 0.111593 0.814433
v -0.580928 0.201517 0.868449
v -0.569036 0.197293 0.887024
v -0.527992 0.288940 0.914597
v -0.481456 0.301374 0.932532
v -0.508747 0.281652 0.886872
v -0.533041 0.269097 0.922888
v -0.517446 0.238265 0.917790
v -0.489100 0.280651 0.938695
v -0.487697 0.243657 0.928022
v -0.462427 0.279652 0.945246
v -0.446218 0.274469 0.946575
v -0.458392 0.244836 0.934140
v -0.454262 0.297523 0.943675
v -0.434150 0.277177 0.920129
v -0.433285 0.286751 0.951750
v -0.415532 0.258437 0.940414
v -0.434859 0.249060 0.938449
v -0.380322 0.177709 0.904577
v -0.409143 0.187332 0.910093
v -0.380566 0.218694 0.851418
v -0.376640 0.224859 0.806335
v -0.455906 0.276220 0.869759
v -0.497213 0.290873 0.862682
v -0.472898 0.297529 0.875017
v -0.469076 0.290591 0.905121
v -0.441323 0.266873 0.855033
v -0.451264 0.289255 0.873903
v -0.455147 0.291649 0.851273
v -0.438873 0.186070 0.906222
v -0.481730 0.186209 0.901002
v -0.526447 0.190430 0.894759
v -0.519801 0.133283 0.866349
vn -0.4421 0.7433 -0.5020
vn -0.3269 0.9279 -0.1790
vn 0.5189 0.7698 -0.3717
vn 0.3026 0.9145 -0.2686
vn -0.7428 0.5646 -0.3598
vn -0.6132 0.7874 -0.0628
vn -0.7841 0.3658 -0.5014
vn -0.7371 0.4308 -0.5207
vn 0.4350 0.8388 -0.3275
vn -0.1746 0.8045 -0.5678
vn -0.6042 0.4126 -0.6817
vn 0.1671 0.4186 -0.8926
vn -0.0241 0.3567 -0.9339
vn 0.3384 0.4607 -0.8205
vn 0.1931 0.3209 -0.9272
vn 0.4412 0.4208 -0.7927
vn 0.0453 0.4229 -0.9050
vn 0.9544 0.2117 -0.2104
vn 0.8177 -0.4238 -0.3895
vn 0.4544 0.3060 -0.8366
vn 0.1894 0.4140 -0.8904
vn 0.8093 0.5699 0.1425
vn 0.9805 -0.0437 0.1918
vn 0.8846 -0.4287 0.1835
vn 0.3301 -0.3717 -0.8677
vn 0.4493 -0.8879 0.0992
vn 0.0535 -0.9920 -0.1145
vn 0.8154 -0.5320 0.2283
vn 0.7962 -0.5036 0.3355
vn 0.2306 -0.8145 0.5324
vn 0.6894 -0.1085 0.7162
vn 0.6885 -0.4708 0.5517
vn 0.0538 -0.5740 0.8171
vn -0.1190 -0.5388 0.8340
vn -0.1211 -0.8474 0.5169
vn -0.3588 -0.8805 0.3097
vn -0.3083 -0.9001 -0.3078
vn -0.1411 -0.5534 0.8209
vn -0.8766 -0.4285 -0.2187
vn -0.7311 -0.6004 -0.3240
vn -0.5476 -0.6658 0.5068
vn -0.6994 -0.5004 -0.5104
vn -0.1822 -0.5247 0.8316
vn -0.3995 -0.0657 -0.9144
vn -0.0986 -0.3249 -0.9406
vn 0.1631 0.4159 -0.8947
vn -0.1767 0.3118 -0.9336
vn -0.7773 0.0545 -0.6267
vn -0.8515 -0.0401 -0.5228
vn -0.8114 0.0961 -0.5765
vn -0.9841 0.1570 -0.0830
vn -0.7032 -0.2209 0.6758
vn -0.5967 0.7808 0.1851
vn -0.3965 0.8597 -0.3220
vn -0.5952 0.0742 0.8001
vn 0.2309 0.9398 -0.2521
vn -0.1233 0.9252 0.3589
vn -0.3201 0.0711 0.9447
vn -0.2197 -0.4227 0.8792
vn -0.2399 -0.3503 0.9054
vn -0.2014 -0.3586 0.9115
vn -0.1439 -0.3854 0.9114
vn -0.2291 -0.0425 0.9725
vn 0.2063 0.8203 0.5334
vn -0.0347 -0.3806 0.9241
vn -0.1230 -0.2135 0.9692
vn 0.5148 0.4735 0.7146
vn 0.6442 0.7454 -0.1714
vn 0.6673 0.1399 0.7315
vn -0.0277 -0.4252 0.9047
vn 0.8560 0.5034 0.1181
vn 0.7317 0.6788 0.0623
vn 0.4640 0.6610 0.5897
vn -0.0335 0.6720 0.7398
vn 0.6690 0.3783 0.6398
vn -0.1113 -0.4557 0.8831
vn -0.1460 -0.4491 0.8815
vt 0.464536 0.843877
vt 0.477714 0.833542
vt 0.478038 0.841303
vt 0.474136 0.849741
vt 0.713039 0.864134
vt 0.718735 0.870626
vt 0.712349 0.880087
vt 0.708973 0.878344
vt 0.724030 0.853531
vt 0.725925 0.866053
vt 0.471772 0.860777
vt 0.461707 0.854087
vt 0.719750 0.847353
vt 0.708973 0.854872
vt 0.461980 0.861264
vt 0.454579 0.865178
vt 0.451280 0.860325
vt 0.467564 0.866071
vt 0.460588 0.873271
vt 0.472244 0.878851
vt 0.466522 0.879825
vt 0.478493 0.881306
vt 0.478165 0.898447
vt 0.469485 0.892157
vt 0.465027 0.892983
vt 0.479542 0.865658
vt 0.487973 0.881253
vt 0.483877 0.894844
vt 0.466941 0.907872
vt 0.493442 0.902302
vt 0.493922 0.908742
vt 0.491382 0.897215
vt 0.496398 0.890355
vt 0.504986 0.893660
vt 0.503352 0.865001
vt 0.503551 0.878382
vt 0.509467 0.877624
vt 0.517384 0.878685
vt 0.512769 0.896977
vt 0.767698 0.834274
vt 0.772093 0.852452
vt 0.760772 0.849051
vt 0.754171 0.832540
vt 0.771757 0.871991
vt 0.762614 0.869380
vt 0.746610 0.854397
vt 0.748529 0.843393
vt 0.751139 0.860094
vt 0.745496 0.834380
vt 0.755183 0.868910
vt 0.740519 0.829170
vt 0.744599 0.823868
vt 0.756374 0.817491
vt 0.728962 0.825934
vt 0.731784 0.832507
vt 0.456685 0.887985
vt 0.454823 0.899844
vt 0.718515 0.841077
vt 0.716313 0.831319
vt 0.735772 0.836892
vt 0.738953 0.843723
vt 0.738764 0.853363
vt 0.735562 0.873698
vt 0.738997 0.877847
vt 0.723637 0.890934
vt 0.717362 0.884996
vt 0.729529 0.890566
vt 0.714155 0.898303
vt 0.724503 0.898526
vt 0.731466 0.899714
vt 0.747090 0.881421
vt 0.739181 0.892025
vt 0.743434 0.897446
vt 0.516403 0.843044
vt 0.506916 0.836097
vt 0.507308 0.830954
vt 0.517384 0.838701
vt 0.502300 0.835055
vt 0.499495 0.829836
vt 0.509839 0.845947
vt 0.507567 0.839952
vt 0.503973 0.839596
vt 0.497518 0.840930
vt 0.491856 0.834239
vt 0.503967 0.845712
vt 0.509127 0.861578
vt 0.488480 0.860587
vt 0.482025 0.846783
vt 0.485363 0.840924
vt 0.482621 0.831197
vt 0.485650 0.827309
vt 0.481295 0.836475
vt 0.482476 0.840766
vt 0.516073 0.860895
vt 0.764214 0.888993
vt 0.755871 0.885501
vt 0.749748 0.900584
s 1
f 3621/4053/3612 3622/4054/3613 3693/4055/3614 3624/4056/3615
f 3621/4057/3612 3623/4058/3616 3688/4059/3617 3622/4060/3613
f 3625/4061/3618 3664/4062/3619 3623/4058/3616 3621/4057/3612
f 3621/4053/3612 3624/4056/3615 3628/4063/3620 3626/4064/3621
f 3627/4065/3622 3625/4061/3618 3621/4057/3612 3626/4066/3621
f 3626/4064/3621 3629/4067/3623 3630/4068/3624 3627/4069/3622
f 3628/4063/3620 3631/4070/3625 3629/4067/3623 3626/4064/3621
f 3629/4067/3623 3631/4070/3625 3632/4071/3626 3630/4068/3624
f 3631/4070/3625 3633/4072/3627 3635/4073/3628 3632/4071/3626
f 3628/4063/3620 3636/4074/3629 3633/4072/3627 3631/4070/3625
f 3636/4074/3629 3638/4075/3630 3634/4076/3631 3633/4072/3627
f 3634/4076/3631 3660/4077/3632 3635/4073/3628 3633/4072/3627
f 3636/4074/3629 3628/4063/3620 3686/4078/3633 3637/4079/3634
f 3636/4074/3629 3637/4079/3634 3641/4080/3635 3638/4075/3630
f 3634/4076/3631 3638/4075/3630 3639/4081/3636 3660/4077/3632
f 3640/4082/3637 3648/4083/3638 3639/4081/3636 3638/4075/3630
f 3642/4084/3639 3640/4082/3637 3638/4075/3630 3641/4080/3635
f 3637/4079/3634 3643/4085/3640 3642/4084/3639 3641/4080/3635
f 3645/4086/3641 3640/4082/3637 3642/4084/3639 3643/4085/3640
f 3637/4079/3634 3683/4087/3642 3644/4088/3643 3643/4085/3640
f 3645/4086/3641 3643/4085/3640 3644/4088/3643 3646/4089/3644
f 3649/4090/3645 3647/4091/3646 3645/4086/3641 3646/4089/3644
f 3647/4091/3646 3648/4083/3638 3640/4082/3637 3645/4086/3641
f 3648/4092/3638 3647/4093/3646 3650/4094/3647 3654/4095/3648
f 3649/4096/3645 3653/4097/3649 3650/4094/3647 3647/4093/3646
f 3665/4098/3650 3651/4099/3651 3650/4094/3647 3652/4100/3652
f 3655/4101/3653 3654/4095/3648 3650/4094/3647 3651/4099/3651
f 3650/4094/3647 3653/4097/3649 3697/4102/3654 3652/4100/3652
f 3654/4095/3648 3655/4101/3653 3657/4103/3655 3656/4104/3656
f 3654/4095/3648 3656/4104/3656 3639/4105/3636 3648/4092/3638
f 3658/4106/3657 3656/4104/3656 3657/4103/3655 3659/4107/3658
f 3658/4108/3657 3660/4077/3632 3639/4081/3636 3656/4109/3656
f 3659/4107/3658 3630/4110/3624 3632/4111/3626 3658/4106/3657
f 3658/4108/3657 3632/4071/3626 3635/4073/3628 3660/4077/3632
f 3661/4112/3659 3627/4065/3622 3630/4110/3624 3659/4107/3658
f 3661/4112/3659 3659/4107/3658 3657/4103/3655 3655/4101/3653
f 3625/4061/3618 3627/4065/3622 3661/4112/3659 3662/4113/3660
f 3651/4099/3651 3662/4113/3660 3661/4112/3659 3655/4101/3653
f 3651/4099/3651 3665/4098/3650 3663/4114/3661 3662/4113/3660
f 3662/4113/3660 3663/4114/3661 3664/4062/3619 3625/4061/3618
f 3665/4098/3650 3666/4115/3662 3664/4062/3619 3663/4114/3661
f 3666/4115/3662 3665/4098/3650 3652/4100/3652 3667/4116/3663
f 3664/4062/3619 3666/4115/3662 3668/4117/3664 3670/4118/3665
f 3667/4116/3663 3671/4119/3666 3668/4117/3664 3666/4115/3662
f 3690/4120/3667 3670/4118/3665 3668/4117/3664 3669/4121/3668
f 3668/4117/3664 3671/4119/3666 3673/4122/3669 3669/4121/3668
f 3667/4116/3663 3696/4123/3670 3672/4124/3671 3671/4119/3666
f 3673/4122/3669 3671/4119/3666 3672/4124/3671 3674/4125/3672
f 3677/4126/3673 3675/4127/3674 3673/4128/3669 3674/4129/3672
f 3678/4130/3675 3669/4131/3668 3673/4128/3669 3675/4127/3674
f 3677/4126/3673 3682/4132/3676 3676/4133/3677 3675/4127/3674
f 3675/4127/3674 3676/4133/3677 3680/4134/3678 3678/4130/3675
f 3679/4135/3679 3690/4136/3667 3669/4131/3668 3678/4130/3675
f 3679/4135/3679 3678/4130/3675 3680/4134/3678 3681/4137/3680
f 3682/4132/3676 3681/4137/3680 3680/4134/3678 3676/4133/3677
f 3682/4132/3676 3684/4138/3681 3683/4087/3642 3681/4137/3680
f 3681/4137/3680 3683/4087/3642 3685/4139/3682 3679/4135/3679
f 3646/4089/3644 3644/4088/3643 3683/4087/3642 3684/4138/3681
f 3637/4079/3634 3686/4078/3633 3685/4139/3682 3683/4087/3642
f 3685/4139/3682 3686/4078/3633 3691/4140/3683 3687/4141/3684
f 3690/4136/3667 3679/4135/3679 3685/4139/3682 3687/4141/3684
f 3690/4136/3667 3687/4141/3684 3688/4142/3617 3670/4143/3665
f 3689/4144/3685 3622/4054/3613 3688/4142/3617 3687/4141/3684
f 3687/4141/3684 3691/4140/3683 3692/4145/3686 3689/4144/3685
f 3628/4063/3620 3624/4056/3615 3691/4140/3683 3686/4078/3633
f 3691/4140/3683 3624/4056/3615 3693/4055/3614 3692/4145/3686
f 3693/4055/3614 3622/4054/3613 3689/4144/3685 3692/4145/3686
f 3664/4062/3619 3670/4118/3665 3688/4059/3617 3623/4058/3616
f 3694/4146/3687 3649/4090/3645 3646/4089/3644 3684/4138/3681
f 3682/4132/3676 3677/4126/3673 3694/4146/3687 3684/4138/3681
f 3653/4097/3649 3649/4096/3645 3694/4147/3687 3695/4148/3688
f 3674/4125/3672 3695/4148/3688 3694/4147/3687 3677/4149/3673
f 3695/4148/3688 3674/4125/3672 3672/4124/3671 3696/4123/3670
f 3695/4148/3688 3696/4123/3670 3697/4102/3654 3653/4097/3649
f 3667/4116/3663 3652/4100/3652 3697/4102/3654 3696/4123/3670
