# Blender 4.3.2
# www.blender.org
o model
v -0.000155 0.967132 0.276335
v -0.000155 1.008981 0.276668
v -0.022236 1.008936 0.269108
v -0.022823 0.971536 0.262414
v -0.020904 0.948416 0.250829
v -0.000155 0.942425 0.261479
v -0.000155 0.701372 0.013365
v -0.000155 0.701074 0.046495
v -0.007487 0.699785 0.045750
v -0.004320 0.695663 0.022341
v -0.000155 0.692675 0.001035
v -0.004655 0.688229 0.018592
v -0.006644 0.674122 0.019256
v -0.004361 0.667610 -0.005487
v -0.000155 0.884144 0.241472
v -0.000155 0.904337 0.242126
v -0.017378 0.904395 0.242090
v -0.013605 0.890064 0.241403
v -0.000155 1.379852 0.039469
v -0.000155 1.389468 0.032532
v -0.009769 1.387272 0.034309
v -0.006011 1.376704 0.042973
v -0.002109 1.369139 0.049606
v -0.000155 1.370278 0.046114
v -0.110642 1.578647 -0.060270
v -0.114120 1.590280 -0.063358
v -0.114378 1.567678 -0.071448
v -0.107816 1.552283 -0.062056
v -0.105642 1.561682 -0.043010
v -0.106367 1.580986 -0.033739
v -0.099160 1.547426 -0.053435
v -0.003438 1.672793 0.055637
v -0.000155 1.677391 0.053230
v -0.000155 1.686112 0.048882
v -0.014182 1.682481 0.047648
v -0.001370 1.666019 0.056910
v -0.000155 1.670778 0.057146
v -0.000155 1.671130 0.055370
v -0.020600 1.675441 0.051413
v -0.010968 1.665333 0.057351
v -0.009724 1.550664 0.119705
v -0.012283 1.548274 0.111348
v -0.000155 1.542808 0.108756
v -0.000155 1.547388 0.122096
v -0.015375 1.620431 0.083725
v -0.000155 1.625393 0.085268
v -0.000155 1.639600 0.076050
v -0.014699 1.639316 0.074675
v -0.009921 1.595082 0.098631
v -0.000155 1.598673 0.101322
v -0.018805 1.600221 0.075132
v -0.014570 1.584114 0.090538
v -0.035236 1.625272 0.075352
v -0.034611 1.607440 0.068246
v -0.034561 1.639072 0.069066
v -0.000155 1.693169 0.036981
v -0.017786 1.692250 0.036749
v -0.039497 1.688111 0.034870
v -0.030868 1.682485 0.047013
v -0.028731 1.678239 0.055396
v -0.049472 1.678787 0.030207
v -0.047172 1.676476 0.031572
v -0.043870 1.678035 0.038457
v -0.061162 1.663082 0.018708
v -0.056312 1.659725 0.029730
v -0.053493 1.682942 0.022836
v -0.036914 1.677153 0.046594
v -0.041593 1.696624 0.012582
v -0.057734 1.684253 0.008599
v -0.014649 1.651081 0.064899
v -0.000155 1.650514 0.067009
v -0.000155 1.659807 0.058632
v -0.031030 1.669216 0.052788
v -0.032556 1.651626 0.059777
v -0.044239 1.661965 0.040997
v -0.051983 1.647730 0.049648
v -0.020669 1.562330 0.099211
v -0.018881 1.566479 0.086677
v -0.017773 1.544988 0.091014
v -0.016776 1.547206 0.101512
v -0.020548 1.541904 0.085639
v -0.022895 1.573834 0.073695
v -0.000155 1.534947 0.093338
v -0.000155 1.541712 0.093521
v -0.038238 1.577646 0.065430
v -0.038401 1.541059 0.073037
v -0.052703 1.606908 0.059838
v -0.061151 1.617430 0.061563
v -0.077346 1.590275 0.038092
v -0.058970 1.586212 0.056168
v -0.079525 1.667773 -0.115522
v -0.082694 1.676615 -0.090376
v -0.059682 1.686877 -0.091183
v -0.062274 1.674282 -0.124584
v -0.066738 1.652923 -0.143135
v -0.087832 1.650610 -0.122551
v -0.100778 1.655342 -0.091242
v -0.132433 0.247133 0.002078
v -0.114853 0.238999 0.000780
v -0.116992 0.267848 0.003394
v -0.132714 0.268247 0.003951
v -0.135094 0.247414 -0.001931
v -0.131302 0.223320 0.001607
v -0.125232 0.218809 0.001660
v -0.050111 0.000833 -0.135294
v -0.044195 0.001366 -0.125999
v -0.052315 0.000770 -0.113140
v -0.062957 0.000734 -0.118994
v -0.074751 0.000687 -0.125837
v -0.059812 0.001444 -0.137313
v -0.039695 0.000834 -0.130414
v -0.101149 0.011941 -0.039520
v -0.109658 0.009928 -0.011591
v -0.122766 0.009261 -0.019572
v -0.110072 0.007497 -0.044926
v -0.097430 0.000703 -0.063685
v -0.084237 0.001131 -0.053658
v -0.069805 0.002660 -0.037224
v -0.082986 0.010423 -0.023471
v -0.094944 0.011566 -0.004730
v -0.189881 0.037959 0.142614
v -0.178929 0.039218 0.131147
v -0.192563 0.042734 0.119932
v -0.203818 0.042537 0.134977
v -0.192824 0.031222 0.147914
v -0.172827 0.031250 0.139355
v -0.211135 0.036335 0.144400
v -0.231748 0.044033 0.103779
v -0.240745 0.041992 0.102379
v -0.236306 0.042480 0.121973
v -0.226785 0.044526 0.115068
v -0.215832 0.044412 0.097463
v -0.225980 0.042918 0.086432
v -0.235855 0.038536 0.076237
v -0.107226 0.013349 0.042688
v -0.101966 0.032340 0.040314
v -0.117480 0.019828 0.073378
v -0.116738 0.008392 0.071990
v -0.125014 0.002082 0.067936
v -0.112171 0.006007 0.032134
v -0.182508 0.000526 0.134965
v -0.174475 0.000052 0.151763
v -0.206799 0.000088 0.159800
v -0.199265 0.000448 0.136995
v -0.161954 0.000806 0.103280
v -0.147071 0.001639 0.111903
v -0.175658 0.000721 0.096030
v -0.245952 0.000000 0.045391
v -0.244806 0.011521 0.057421
v -0.236550 0.010367 0.036039
v -0.239030 0.000333 0.038941
v -0.256155 0.000211 0.080181
v -0.251409 0.010725 0.088902
v -0.232825 0.000576 0.062141
v -0.240432 0.000436 0.101791
v -0.227506 0.000474 0.118781
v -0.242780 0.000202 0.143838
v -0.255557 0.000331 0.117965
v -0.210536 0.000668 0.076096
v -0.203655 0.001019 0.022378
v -0.188315 0.000900 0.034263
v -0.214193 0.001871 0.010471
v -0.060000 0.019028 -0.042301
v -0.073862 0.024706 -0.024894
v -0.054774 0.002395 -0.068085
v -0.043225 0.012544 -0.066563
v -0.069826 0.001109 -0.076189
v -0.037328 0.008684 -0.123890
v -0.041986 0.000985 -0.110710
v -0.047249 0.015509 -0.143004
v -0.034200 0.012744 -0.111234
v -0.033844 0.000304 -0.112969
v -0.039819 0.030439 -0.128884
v -0.034733 0.031903 -0.112286
v -0.034581 0.006650 -0.089495
v -0.046590 0.001342 -0.091547
v -0.033634 0.019851 -0.090349
v -0.086038 0.069825 0.002751
v -0.099809 0.084762 0.012219
v -0.110900 0.062078 0.039944
v -0.102603 0.048633 0.040087
v -0.081983 0.046176 0.002937
v -0.066807 0.046470 -0.023354
v -0.066633 0.069133 -0.025936
v -0.076240 0.092076 -0.003513
v -0.093271 0.099099 0.007751
v -0.062309 0.086954 -0.026514
v -0.155773 0.013238 -0.102618
v -0.149614 0.004389 -0.109213
v -0.161387 0.006881 -0.074403
v -0.166413 0.019743 -0.078145
v -0.169103 0.038826 -0.075547
v -0.153736 0.025042 -0.111878
v -0.142495 0.002619 -0.118741
v -0.092110 0.001418 -0.158845
v -0.093599 0.009596 -0.165993
v -0.075675 0.009552 -0.163368
v -0.080910 0.001042 -0.154258
v -0.126466 0.001051 -0.111737
v -0.137082 0.001141 -0.093143
v -0.166770 0.068203 -0.062705
v -0.156959 0.052338 -0.108828
v -0.181285 0.039410 -0.048766
v -0.177664 0.058659 -0.040868
v -0.170493 0.079718 -0.021806
v -0.160705 0.094650 -0.028431
v -0.166552 0.092640 -0.059948
v -0.154278 0.072367 -0.102675
v -0.165736 0.116027 -0.028805
v -0.129834 0.146948 0.002766
v -0.133257 0.150317 -0.005059
v -0.142268 0.133376 0.002458
v -0.134717 0.137326 0.008957
v -0.146253 0.113255 0.006221
v -0.136307 0.112244 0.015794
v -0.118180 0.128710 0.013636
v -0.111878 0.141023 0.004480
v -0.122178 0.110138 0.017525
v -0.119514 0.156539 -0.001805
v -0.128486 0.160025 0.000703
v -0.102915 0.164228 0.010023
v -0.101726 0.158573 0.004095
v -0.090567 0.163540 0.009706
v -0.097906 0.171899 0.013345
v -0.111623 0.167407 0.011953
v -0.114911 0.162217 0.004380
v -0.107385 0.177353 0.015511
v -0.138911 0.169137 0.003994
v -0.143761 0.167436 -0.005365
v -0.127532 0.173587 0.015907
v -0.120783 0.170545 0.014056
v -0.117069 0.181188 0.016281
v -0.126474 0.184419 0.016237
v -0.133609 0.170343 0.012387
v -0.124829 0.165207 0.007450
v -0.137181 0.185136 0.014229
v -0.071157 0.187866 -0.000476
v -0.079630 0.193820 0.003290
v -0.085324 0.176782 0.009094
v -0.076170 0.161010 0.004563
v -0.059052 0.209148 -0.012075
v -0.072042 0.221882 -0.004314
v -0.064287 0.165591 -0.007401
v -0.134253 0.200207 0.010051
v -0.145028 0.201639 -0.000136
v -0.145282 0.183766 0.005941
v -0.124712 0.198557 0.009779
v -0.144731 0.221130 -0.007203
v -0.145801 0.245588 -0.010326
v -0.173947 0.201092 -0.062160
v -0.166858 0.176669 -0.072978
v -0.168998 0.189633 -0.038862
v -0.174214 0.214628 -0.042007
v -0.178622 0.233247 -0.065732
v -0.178970 0.224403 -0.105369
v -0.166014 0.190613 -0.109229
v -0.171970 0.239624 -0.045511
v -0.121040 0.295865 0.008006
v -0.136407 0.288641 0.006602
v -0.143423 0.305851 0.004641
v -0.145484 0.274236 -0.005968
v -0.142006 0.359953 0.025081
v -0.135797 0.350237 0.021912
v -0.131733 0.375873 0.031952
v -0.147110 0.400014 0.044225
v -0.157621 0.414347 0.046439
v -0.149831 0.382512 0.031565
v -0.135786 0.413204 0.050070
v -0.156448 0.445552 0.055831
v -0.162689 0.524087 0.075139
v -0.162489 0.524231 0.075202
v -0.162345 0.524152 0.075273
v -0.162323 0.523210 0.075122
v -0.162004 0.524756 0.075374
v -0.163282 0.524714 0.075076
v -0.009411 0.755633 0.190811
v -0.025765 0.752352 0.177094
v -0.000155 0.742177 0.178750
v -0.000155 0.748570 0.190069
v -0.017151 0.782533 0.204643
v -0.046933 0.786345 0.198306
v -0.027353 0.733467 0.151930
v -0.000155 0.731765 0.159479
v -0.169929 0.601849 0.096887
v -0.184846 0.598527 0.088735
v -0.161411 0.595570 0.095574
v -0.170901 0.630870 0.104508
v -0.183029 0.552126 0.074071
v -0.157696 0.547658 0.082283
v -0.184819 0.637471 0.100307
v -0.203456 0.641603 0.090428
v -0.173599 0.634207 0.104434
v -0.165253 0.664853 0.114059
v -0.190453 0.676154 0.108389
v -0.034630 0.727920 -0.181641
v -0.020029 0.713385 -0.150195
v -0.028485 0.699333 -0.150837
v -0.061619 0.715259 -0.190286
v -0.027493 0.744779 -0.202133
v -0.013909 0.722085 -0.153204
v -0.066495 0.749552 -0.217285
v -0.143570 0.762404 0.155989
v -0.108972 0.739699 0.142265
v -0.078792 0.747792 0.161300
v -0.098442 0.779977 0.180940
v -0.106118 0.820733 0.193640
v -0.151875 0.813518 0.171917
v -0.190714 0.814529 0.151369
v -0.191665 0.768727 0.140167
v -0.191874 0.725119 0.123436
v -0.156386 0.718476 0.132851
v -0.121818 0.711653 0.132428
v -0.032641 0.911719 0.246004
v -0.036644 0.903186 0.242751
v -0.019827 0.915048 0.246727
v -0.037963 0.920732 0.231738
v -0.057572 0.909416 0.225174
v -0.019942 0.924456 0.239955
v -0.172378 0.884375 0.181831
v -0.158924 0.882086 0.173584
v -0.149777 0.894753 0.186335
v -0.170282 0.898074 0.182849
v -0.182977 0.900462 0.180240
v -0.183441 0.887844 0.176642
v -0.182651 0.887102 0.167254
v -0.182533 0.903795 0.166268
v -0.054625 0.891459 0.223833
v -0.028110 0.885160 0.238800
v -0.102574 0.911118 0.211550
v -0.103106 0.897440 0.209796
v -0.040160 0.926683 0.228597
v -0.060655 0.921653 0.224083
v -0.099491 0.921813 0.211468
v -0.020644 0.933979 0.236645
v -0.000155 0.922969 0.243956
v -0.000155 0.929371 0.244466
v -0.057700 0.927448 0.233420
v -0.156934 0.923248 0.182390
v -0.166506 0.912420 0.181781
v -0.144501 0.906793 0.191346
v -0.139088 0.918660 0.194532
v -0.132697 0.927358 0.193350
v -0.149771 0.931232 0.180978
v -0.176298 0.927648 0.182610
v -0.181501 0.915446 0.183251
v -0.285461 0.899864 0.050463
v -0.275527 0.908184 0.063046
v -0.279887 0.918761 0.041780
v -0.278910 0.904504 0.042604
v -0.173781 0.933305 0.170494
v -0.182265 0.918870 0.167883
v -0.059037 0.942299 0.247752
v -0.060599 0.969725 0.260477
v -0.289832 0.925518 0.003797
v -0.290054 0.911039 0.002890
v -0.292171 0.881270 0.000401
v -0.278585 0.877101 0.043080
v -0.160413 0.943247 0.191050
v -0.175880 0.964148 0.194455
v -0.187792 0.955172 0.176123
v -0.150276 0.934752 0.190593
v -0.135184 0.935474 0.200325
v -0.141652 0.949052 0.207258
v -0.202683 0.942125 0.146456
v -0.199830 0.924741 0.153444
v -0.201227 0.953158 0.158181
v -0.225405 0.944280 0.123757
v -0.224712 0.933744 0.125483
v -0.224376 0.972962 0.148763
v -0.233723 0.961773 0.139507
v -0.236404 0.957464 0.124242
v -0.210347 0.985571 0.171152
v -0.276256 0.949058 0.055617
v -0.279429 0.930848 0.066633
v -0.256528 0.924909 0.088206
v -0.251511 0.940829 0.088422
v -0.252581 0.953758 0.098315
v -0.279082 0.961725 0.071630
v -0.277847 0.952512 0.032072
v -0.280040 0.935909 0.039893
v -0.294950 0.954668 0.005468
v -0.289389 0.939707 0.002739
v -0.294091 0.957733 0.014217
v -0.252171 0.969500 0.111300
v -0.252205 0.984048 0.124996
v -0.294752 0.954049 -0.034511
v -0.292233 0.941313 -0.042170
v -0.288931 0.976537 0.048992
v -0.304681 0.987159 0.033731
v -0.302385 0.967827 -0.027158
v -0.285989 0.947551 -0.093296
v -0.284731 0.938401 -0.095275
v -0.291702 0.955819 -0.094845
v -0.247901 1.010670 0.134072
v -0.219181 1.029758 0.162863
v -0.274104 1.028242 0.097393
v -0.273575 1.005620 0.100531
v -0.099661 1.518307 -0.042038
v -0.102540 1.532005 -0.036791
v -0.102449 1.542093 -0.022041
v -0.058701 1.632284 0.056342
v -0.078259 1.616416 0.032617
v -0.095849 1.609298 0.015381
v -0.096355 1.579711 0.008574
v -0.078950 1.547993 0.040825
v -0.059536 1.546505 0.062191
v -0.091615 1.544488 0.011756
v -0.106631 1.561119 -0.076834
v -0.100961 1.529998 -0.063878
v -0.285057 0.992662 0.075248
v -0.288685 1.007386 0.073688
v -0.276697 0.984550 0.093735
v -0.107998 1.593361 -0.063600
v -0.109122 1.604074 -0.027249
v -0.105786 1.591371 -0.093583
v -0.101157 1.559231 -0.090598
v -0.017576 1.184929 0.206157
v -0.000155 1.179439 0.218568
v -0.000155 1.196912 0.207431
v -0.010240 1.202734 0.200187
v -0.022232 1.141194 0.238422
v -0.000155 1.141931 0.243605
v -0.012440 1.229820 0.177468
v -0.020603 1.221355 0.168941
v -0.042629 1.186123 0.203447
v -0.055427 1.143328 0.233516
v -0.039509 1.221837 0.169038
v -0.015499 1.401871 0.024477
v -0.029981 1.415350 0.018605
v -0.035648 1.415176 0.032587
v -0.023871 1.402454 0.039809
v -0.013261 1.423336 0.025418
v -0.027924 1.430925 0.024152
v -0.014823 1.391165 0.043661
v -0.000155 1.401241 0.024717
v -0.000155 1.420773 0.025685
v -0.044787 1.462651 0.047286
v -0.031115 1.456969 0.053729
v -0.036032 1.468209 0.069638
v -0.052134 1.471400 0.051616
v -0.056150 1.465533 0.034211
v -0.043689 1.454511 0.033999
v -0.028567 1.445702 0.035723
v -0.095672 1.511775 -0.011984
v -0.106114 1.575389 -0.010304
v -0.096283 1.526475 -0.079855
v -0.026018 1.406402 0.050527
v -0.010741 1.388298 0.051065
v -0.093613 1.504755 -0.045047
v -0.090444 1.493219 -0.009000
v -0.070089 1.471057 0.015155
v -0.054394 1.454221 0.020278
v -0.066227 1.477886 0.036790
v -0.066109 1.456226 0.005419
v -0.054496 1.443332 0.011672
v -0.074821 1.494591 0.041119
v -0.083134 1.492001 0.019810
v -0.083252 1.478789 -0.011330
v -0.078981 1.468853 -0.013612
v -0.006184 1.380084 0.051847
v -0.000155 1.371024 0.054639
v -0.000155 1.368912 0.053024
v -0.035358 1.401994 0.046437
v -0.051471 1.413279 0.052864
v -0.050681 1.415825 0.043865
v -0.045536 1.407084 0.031585
v -0.039293 1.420744 0.049407
v -0.062098 1.390834 0.036312
v -0.044496 1.372742 0.055983
v -0.063169 1.397685 0.029767
v -0.051514 1.431378 0.042770
v -0.064080 1.420726 0.049006
v -0.072748 1.403232 0.051960
v -0.069336 1.394090 0.065053
v -0.061430 1.406677 0.048761
v -0.069656 1.414259 0.013764
v -0.068531 1.406767 0.020424
v -0.055451 1.412322 0.021903
v -0.062944 1.416991 0.015133
v -0.073010 1.419162 0.018952
v -0.076486 1.409218 0.022447
v -0.071902 1.390669 0.048516
v -0.067278 1.396577 0.050120
v -0.072287 1.391230 0.063208
v -0.078703 1.391199 0.053616
v -0.072334 1.397003 0.041661
v -0.068659 1.405501 0.038673
v -0.076673 1.393870 0.038241
v -0.074291 1.403615 0.031729
v -0.241197 1.255010 0.001512
v -0.243668 1.228168 0.000336
v -0.230769 1.232319 0.031579
v -0.234003 1.255712 0.030589
v -0.243089 1.231675 -0.042333
v -0.251040 1.216464 -0.040734
v -0.240839 1.299228 0.026759
v -0.247790 1.301486 0.014384
v -0.256707 1.307290 0.012473
v -0.247010 1.269313 -0.005507
v -0.245716 1.243530 -0.045112
v -0.076628 1.402789 0.028511
v -0.071334 1.413830 0.026413
v -0.079438 1.409792 0.036599
v -0.086292 1.420623 0.017526
v -0.090357 1.409233 0.019686
v -0.082219 1.391581 0.035210
v -0.101572 1.402345 0.017098
v -0.115454 1.396120 0.021690
v -0.083357 1.372483 0.050603
v -0.105985 1.308026 -0.244911
v -0.049297 1.311721 -0.243275
v -0.046586 1.254476 -0.245808
v -0.091432 1.245110 -0.245611
v -0.158287 1.264812 -0.240826
v -0.186257 1.296373 -0.237278
v -0.156829 1.338270 -0.240252
v -0.141322 1.223080 -0.236455
v -0.142860 1.381286 -0.225393
v -0.092776 1.369739 -0.229614
v -0.047230 1.364752 -0.230691
v -0.101735 1.440328 -0.163362
v -0.134953 1.453437 -0.114982
v -0.120598 1.457544 -0.115972
v -0.088421 1.445553 -0.150012
v -0.043915 1.441490 -0.170525
v -0.046328 1.434119 -0.180396
v -0.147303 1.441447 -0.157567
v -0.157986 1.456966 -0.111399
v -0.093181 1.413174 -0.201567
v -0.141400 1.417766 -0.196849
v -0.046251 1.410942 -0.204080
v -0.307331 1.321872 0.003743
v -0.300088 1.309581 -0.002349
v -0.286641 1.315999 0.003282
v -0.301144 1.331759 0.007749
v -0.318132 1.345882 0.009406
v -0.321373 1.330966 0.002702
v -0.319548 1.311912 -0.007760
v -0.278836 1.334737 0.009247
v -0.269736 1.313729 0.003643
v -0.273556 1.337877 0.016027
v -0.292540 1.348096 0.006804
v -0.289022 1.336378 0.005455
v -0.312645 1.363481 0.006585
v -0.278592 1.392802 -0.000876
v -0.263839 1.376744 0.008226
v -0.247254 1.384252 0.009047
v -0.265395 1.413795 -0.015206
v -0.305963 1.387453 0.000728
v -0.277998 1.369614 0.013991
v -0.303188 1.412737 -0.021385
v -0.754045 1.335907 0.005062
v -0.753742 1.327020 0.003147
v -0.736834 1.337938 0.004937
v -0.740676 1.347392 0.005640
v -0.757692 1.339789 -0.001123
v -0.759346 1.327779 -0.001629
v -0.749043 1.323848 -0.001070
v -0.735434 1.331700 -0.001486
v -0.754488 1.323846 -0.005504
v -0.738778 1.330067 -0.010412
v -0.759771 1.331136 -0.007249
v -0.754424 1.340232 -0.011405
v -0.756151 1.327554 -0.010174
v -0.746249 1.334168 -0.015329
v -0.729120 1.357444 -0.023979
v -0.723238 1.358361 -0.032532
v -0.715987 1.351634 -0.027854
v -0.729820 1.346731 -0.019845
v -0.734719 1.368611 -0.023210
v -0.733787 1.366419 -0.038045
v -0.739558 1.353402 -0.015260
v -0.729295 1.368427 -0.004825
v -0.719418 1.380076 -0.010096
v -0.732783 1.382585 -0.019302
v -0.743386 1.354993 -0.002465
v -0.754236 1.383752 -0.025627
v -0.754974 1.373058 -0.030127
v -0.754255 1.371315 -0.042855
v -0.693840 1.361204 -0.066566
v -0.683568 1.362353 -0.055130
v -0.704662 1.356621 -0.039819
v -0.713842 1.360485 -0.046491
v -0.726643 1.365945 -0.067920
v -0.725333 1.364797 -0.080518
v -0.692024 1.359186 -0.083889
v -0.729873 1.366774 -0.052739
v -0.718436 1.396305 -0.028547
v -0.704912 1.390644 -0.018812
v -0.675683 1.398075 -0.029454
v -0.679675 1.404376 -0.036556
v -0.681993 1.408933 -0.046863
v -0.719725 1.401571 -0.041292
v -0.753248 1.393544 -0.032220
v -0.754403 1.394349 -0.043850
v -0.790368 1.379510 -0.111375
v -0.779228 1.379467 -0.114954
v -0.780194 1.372028 -0.110464
v -0.788826 1.375006 -0.108358
v -0.787796 1.378438 -0.102451
v -0.788404 1.384110 -0.107308
v -0.779462 1.386326 -0.109041
v -0.779934 1.382005 -0.098291
v -0.797549 1.382814 -0.095103
v -0.797388 1.391303 -0.088513
v -0.779081 1.391840 -0.089883
v -0.756422 1.387219 -0.100769
v -0.756478 1.387632 -0.110860
v -0.756361 1.392400 -0.091179
v -0.755930 1.370213 -0.110901
v -0.755583 1.372314 -0.099615
v -0.755264 1.373960 -0.089964
v -0.778707 1.373945 -0.088806
v -0.797505 1.375213 -0.088093
v -0.808808 1.384386 -0.093524
v -0.807779 1.390227 -0.086482
v -0.808283 1.377128 -0.085968
v -0.818566 1.386974 -0.036042
v -0.817022 1.376715 -0.042199
v -0.802748 1.373885 -0.037298
v -0.803370 1.384950 -0.030778
v -0.801832 1.393146 -0.039409
v -0.817030 1.392174 -0.044540
v -0.799817 1.390036 -0.050174
v -0.814490 1.381723 -0.053461
v -0.809419 1.384760 -0.077193
v -0.796707 1.378418 -0.078681
v -0.797468 1.374696 -0.069239
v -0.814341 1.377122 -0.068619
v -0.827192 1.380835 -0.067520
v -0.825145 1.387440 -0.072336
v -0.796520 1.389486 -0.078582
v -0.800131 1.376244 -0.049903
v -0.816473 1.391419 -0.058759
v -0.828211 1.384576 -0.060600
v -0.815631 1.378541 -0.059845
v -0.798704 1.376149 -0.058733
v -0.798758 1.393411 -0.058515
v -0.814492 1.393668 -0.067063
v -0.797123 1.393841 -0.068806
v -0.827038 1.391898 -0.066354
v -0.778949 1.394638 -0.057331
v -0.778179 1.394406 -0.068751
v -0.778106 1.391700 -0.079532
v -0.755516 1.395765 -0.068191
v -0.755789 1.393769 -0.079955
v -0.723171 1.403499 -0.069120
v -0.723963 1.401357 -0.082437
v -0.724579 1.398409 -0.094756
v -0.686334 1.409220 -0.088763
v -0.686764 1.406222 -0.101921
v -0.686856 1.401030 -0.112908
v -0.724981 1.395220 -0.105550
v -0.686597 1.391822 -0.120430
v -0.725011 1.389102 -0.114877
v -0.686482 1.380215 -0.122869
v -0.724851 1.378884 -0.117801
v -0.756112 1.379081 -0.116459
v -0.724948 1.369238 -0.113554
v -0.686956 1.368733 -0.119386
v -0.687998 1.360435 -0.109880
v -0.725161 1.364723 -0.103642
v -0.689463 1.358168 -0.097331
v -0.725069 1.364250 -0.092420
v -0.754321 1.374619 -0.079919
v -0.753430 1.373393 -0.068144
v -0.777343 1.373456 -0.068566
v -0.777606 1.375912 -0.079209
v -0.753578 1.374252 -0.056116
v -0.777665 1.374630 -0.057204
v -0.778333 1.372876 -0.046287
v -0.779254 1.372042 -0.033078
v -0.779780 1.383620 -0.027492
v -0.779806 1.393137 -0.035137
v -0.779405 1.391870 -0.046981
v -0.755240 1.396272 -0.056251
v -0.722296 1.403582 -0.054435
v -0.683305 1.411269 -0.059803
v -0.685345 1.411090 -0.074677
v -0.637939 1.415598 -0.067345
v -0.639511 1.415868 -0.081490
v -0.640475 1.413852 -0.095788
v -0.591781 1.421588 -0.083522
v -0.591930 1.418820 -0.099517
v -0.592012 1.412664 -0.113235
v -0.640732 1.409928 -0.108794
v -0.591909 1.402939 -0.124018
v -0.640471 1.402700 -0.119310
v -0.591909 1.389453 -0.129820
v -0.640296 1.391854 -0.125415
v -0.592551 1.374836 -0.130622
v -0.640510 1.379742 -0.126629
v -0.593953 1.361201 -0.127102
v -0.641399 1.367882 -0.123246
v -0.595535 1.350304 -0.120066
v -0.642798 1.359088 -0.115431
v -0.596416 1.344376 -0.108960
v -0.643461 1.354914 -0.104117
v -0.596351 1.342593 -0.095379
v -0.643277 1.354301 -0.091544
v -0.595631 1.342525 -0.081216
v -0.642836 1.354830 -0.077052
v -0.594491 1.343358 -0.067482
v -0.641329 1.355252 -0.065478
v -0.592603 1.346790 -0.054429
v -0.638848 1.357201 -0.052454
v -0.676056 1.364356 -0.045483
v -0.635478 1.363688 -0.042075
v -0.670846 1.369220 -0.035159
v -0.686974 1.360830 -0.023140
v -0.694450 1.355509 -0.032489
v -0.699098 1.350369 -0.010495
v -0.705949 1.347153 -0.020447
v -0.716850 1.342609 -0.003985
v -0.721106 1.341467 -0.013357
v -0.700067 1.361125 -0.002929
v -0.717749 1.349910 0.003606
v -0.707784 1.372854 -0.003194
v -0.722804 1.360578 0.004047
v -0.687140 1.371107 -0.015169
v -0.694335 1.382309 -0.013466
v -0.669083 1.377855 -0.028618
v -0.670993 1.388295 -0.026424
v -0.632388 1.374155 -0.035979
v -0.631192 1.385905 -0.034274
v -0.631693 1.397743 -0.036847
v -0.587114 1.380746 -0.037333
v -0.587748 1.394027 -0.039137
v -0.588859 1.405480 -0.044990
v -0.634267 1.406855 -0.043520
v -0.590057 1.413800 -0.054762
v -0.635894 1.412830 -0.054464
v -0.591083 1.419658 -0.068127
v -0.542587 1.418409 -0.049509
v -0.542940 1.424764 -0.063557
v -0.542704 1.427164 -0.080985
v -0.494679 1.424835 -0.064148
v -0.496241 1.427344 -0.081424
v -0.497619 1.423942 -0.100816
v -0.542844 1.423972 -0.099397
v -0.498438 1.415296 -0.117835
v -0.543225 1.415819 -0.115636
v -0.499028 1.402311 -0.130392
v -0.543794 1.404018 -0.127615
v -0.499658 1.385826 -0.136026
v -0.544409 1.388069 -0.133700
v -0.499771 1.368959 -0.135813
v -0.545013 1.371375 -0.133771
v -0.499394 1.353868 -0.131248
v -0.545849 1.356437 -0.129734
v -0.498980 1.341858 -0.123426
v -0.546812 1.344418 -0.122412
v -0.498865 1.333443 -0.112951
v -0.547578 1.336762 -0.111812
v -0.498810 1.329678 -0.099449
v -0.547600 1.333755 -0.098085
v -0.498234 1.329265 -0.084952
v -0.546948 1.333648 -0.082970
v -0.497277 1.331218 -0.070993
v -0.545812 1.335170 -0.068111
v -0.495990 1.336811 -0.058646
v -0.543876 1.340731 -0.054863
v -0.494650 1.347374 -0.049441
v -0.541718 1.351185 -0.045164
v -0.590096 1.355375 -0.045232
v -0.540106 1.365322 -0.038565
v -0.587927 1.367515 -0.039570
v -0.539757 1.381058 -0.034884
v -0.493824 1.361721 -0.043787
v -0.493888 1.378765 -0.042918
v -0.491787 1.394371 -0.039119
v -0.540719 1.395852 -0.034688
v -0.491793 1.408232 -0.041536
v -0.541846 1.408873 -0.039227
v -0.493086 1.418763 -0.050704
v -0.456432 1.400995 -0.048752
v -0.457464 1.412608 -0.056383
v -0.459363 1.420728 -0.069127
v -0.438142 1.408921 -0.058207
v -0.439499 1.417278 -0.071207
v -0.441217 1.420814 -0.088881
v -0.462011 1.423779 -0.086193
v -0.442418 1.418022 -0.108104
v -0.464231 1.420483 -0.104853
v -0.443545 1.409582 -0.125113
v -0.465564 1.411977 -0.121441
v -0.443702 1.396657 -0.136661
v -0.465982 1.398979 -0.133419
v -0.441443 1.381209 -0.142352
v -0.464670 1.383216 -0.139071
v -0.436755 1.364961 -0.140893
v -0.462146 1.366779 -0.138413
v -0.429677 1.350717 -0.134517
v -0.458946 1.352880 -0.132743
v -0.421347 1.339200 -0.125209
v -0.454080 1.341706 -0.123869
v -0.415577 1.332037 -0.114391
v -0.451423 1.335218 -0.113287
v -0.412102 1.328342 -0.102303
v -0.450691 1.332171 -0.100998
v -0.410879 1.327855 -0.089979
v -0.449914 1.331916 -0.088477
v -0.411802 1.330497 -0.077322
v -0.449532 1.333896 -0.076205
v -0.414781 1.336342 -0.065978
v -0.448682 1.338530 -0.065615
v -0.419015 1.344937 -0.056497
v -0.450256 1.346168 -0.056619
v -0.424818 1.356389 -0.049955
v -0.452881 1.357589 -0.049949
v -0.430914 1.369803 -0.046495
v -0.454901 1.372573 -0.046262
v -0.434692 1.383538 -0.046365
v -0.455948 1.387269 -0.046006
v -0.436788 1.396811 -0.050046
v -0.420911 1.382856 -0.044827
v -0.425060 1.396016 -0.049029
v -0.427602 1.408024 -0.057641
v -0.416858 1.396316 -0.046958
v -0.419386 1.407582 -0.056795
v -0.421062 1.416035 -0.070863
v -0.429207 1.416425 -0.071215
v -0.421793 1.419667 -0.089410
v -0.430140 1.419982 -0.089396
v -0.422012 1.417073 -0.110200
v -0.430885 1.417247 -0.109476
v -0.422067 1.408532 -0.127898
v -0.430714 1.408533 -0.126843
v -0.420001 1.395440 -0.139704
v -0.429293 1.395694 -0.138507
v -0.416467 1.379860 -0.144460
v -0.425817 1.380244 -0.143631
v -0.409550 1.364347 -0.146732
v -0.419937 1.364781 -0.142167
v -0.400829 1.345262 -0.142879
v -0.411103 1.350324 -0.136191
v -0.392981 1.330236 -0.134832
v -0.400149 1.338578 -0.127567
v -0.387429 1.317678 -0.122785
v -0.392218 1.329788 -0.116573
v -0.384737 1.310456 -0.107197
v -0.389008 1.324798 -0.103910
v -0.384165 1.308974 -0.089748
v -0.387505 1.323594 -0.089875
v -0.386093 1.314201 -0.071950
v -0.389216 1.327183 -0.076281
v -0.390061 1.325361 -0.056608
v -0.394246 1.334734 -0.063396
v -0.396080 1.338447 -0.046231
v -0.400609 1.345152 -0.053240
v -0.402982 1.353997 -0.039095
v -0.408635 1.357148 -0.047300
v -0.408787 1.369444 -0.037611
v -0.415598 1.370034 -0.044534
v -0.412485 1.383216 -0.040677
v -0.412304 1.366077 -0.027370
v -0.413466 1.383045 -0.031393
v -0.414239 1.398376 -0.040858
v -0.414140 1.385617 -0.020678
v -0.414482 1.402239 -0.033254
v -0.414606 1.414494 -0.048303
v -0.414649 1.410158 -0.052997
v -0.414613 1.423838 -0.066823
v -0.414992 1.418020 -0.069405
v -0.414671 1.428040 -0.089106
v -0.415420 1.421122 -0.089141
v -0.414647 1.424685 -0.112975
v -0.415239 1.417746 -0.110952
v -0.414494 1.414711 -0.133698
v -0.415199 1.409935 -0.129955
v -0.414250 1.400190 -0.149694
v -0.414079 1.396903 -0.143903
v -0.413282 1.381452 -0.161222
v -0.412946 1.379579 -0.152194
v -0.411173 1.357739 -0.167828
v -0.411069 1.360217 -0.154350
v -0.408086 1.328886 -0.166989
v -0.407511 1.335459 -0.151309
v -0.403828 1.302189 -0.157053
v -0.403256 1.315746 -0.140786
v -0.400589 1.281818 -0.139270
v -0.399435 1.301835 -0.127146
v -0.398490 1.269244 -0.115602
v -0.396996 1.293227 -0.109748
v -0.398502 1.267985 -0.089008
v -0.396104 1.292605 -0.090381
v -0.400875 1.277208 -0.060011
v -0.398818 1.298815 -0.068617
v -0.403701 1.296891 -0.036221
v -0.402738 1.312512 -0.050066
v -0.408427 1.320156 -0.021464
v -0.407085 1.328012 -0.036860
v -0.411646 1.344018 -0.014744
v -0.410025 1.347795 -0.029296
v -0.413362 1.365351 -0.014699
v -0.361882 1.340504 -0.003528
v -0.360072 1.361778 0.001101
v -0.358325 1.377933 -0.001518
v -0.357882 1.396150 -0.013750
v -0.356621 1.413307 -0.033318
v -0.303706 1.435673 -0.056202
v -0.356983 1.429742 -0.061547
v -0.302829 1.444655 -0.091572
v -0.357784 1.436149 -0.089845
v -0.306813 1.438017 -0.123253
v -0.359883 1.431627 -0.115921
v -0.313798 1.422190 -0.148315
v -0.362043 1.419330 -0.138880
v -0.320039 1.400679 -0.168334
v -0.364405 1.401665 -0.157379
v -0.324223 1.375350 -0.180601
v -0.366560 1.379249 -0.170081
v -0.326179 1.348022 -0.184735
v -0.367238 1.353524 -0.175431
v -0.325365 1.320146 -0.179979
v -0.365837 1.325221 -0.172200
v -0.321543 1.294673 -0.166133
v -0.362427 1.299242 -0.160262
v -0.316242 1.275730 -0.144212
v -0.358134 1.279726 -0.140775
v -0.312350 1.265156 -0.117416
v -0.354605 1.268527 -0.116313
v -0.310394 1.264479 -0.087732
v -0.352435 1.267838 -0.088496
v -0.311120 1.273197 -0.056566
v -0.353237 1.276774 -0.058440
v -0.315194 1.288783 -0.027362
v -0.356878 1.295140 -0.030157
v -0.360543 1.319395 -0.011771
v -0.281808 1.267001 -0.053129
v -0.285078 1.284807 -0.022558
v -0.266216 1.260028 -0.049521
v -0.271480 1.281474 -0.014722
v -0.253410 1.253914 -0.047972
v -0.255854 1.279471 -0.013115
v -0.254015 1.242084 -0.086559
v -0.244957 1.234191 -0.086061
v -0.266788 1.249910 -0.086344
v -0.265669 1.249394 -0.120098
v -0.252639 1.240894 -0.121393
v -0.282306 1.258287 -0.086999
v -0.282334 1.258721 -0.118521
v -0.283948 1.268392 -0.147483
v -0.263938 1.259059 -0.150788
v -0.264163 1.276851 -0.178522
v -0.247346 1.266415 -0.181992
v -0.250201 1.251607 -0.153025
v -0.287372 1.286530 -0.173171
v -0.289350 1.313355 -0.191113
v -0.260298 1.304090 -0.201740
v -0.252729 1.336748 -0.213694
v -0.218840 1.322295 -0.227518
v -0.235927 1.290355 -0.210782
v -0.288509 1.342979 -0.198146
v -0.285116 1.372048 -0.195247
v -0.245688 1.368718 -0.213595
v -0.239196 1.398817 -0.200995
v -0.193244 1.394062 -0.217596
v -0.202987 1.358102 -0.230315
v -0.280024 1.398891 -0.182708
v -0.274231 1.422505 -0.160717
v -0.234578 1.426687 -0.176278
v -0.233373 1.445908 -0.140059
v -0.189110 1.452534 -0.152874
v -0.188812 1.426643 -0.190431
v -0.269032 1.437353 -0.130144
v -0.267002 1.443848 -0.093213
v -0.235700 1.453440 -0.097090
v -0.236757 1.450497 -0.052560
v -0.200287 1.459794 -0.058669
v -0.194308 1.464672 -0.105273
v -0.266428 1.440043 -0.054150
v -0.236218 1.432115 -0.011548
v -0.229751 1.396268 0.018795
v -0.201553 1.406687 0.013326
v -0.204935 1.441264 -0.019110
v -0.168902 1.412877 -0.002518
v -0.167220 1.440255 -0.033925
v -0.162678 1.458862 -0.068530
v -0.145223 1.439767 -0.039912
v -0.143923 1.451588 -0.074124
v -0.131988 1.441452 -0.041713
v -0.131075 1.456129 -0.075300
v -0.119584 1.441501 -0.043877
v -0.116533 1.454472 -0.076605
v -0.107987 1.452427 -0.113779
v -0.107175 1.450284 -0.078204
v -0.097671 1.451627 -0.112593
v -0.074021 1.450201 -0.142035
v -0.082015 1.447460 -0.146284
v -0.038720 1.450851 -0.160728
v -0.043158 1.444396 -0.166364
v -0.000155 1.450377 -0.166453
v -0.000155 1.445617 -0.169655
v -0.000155 1.439015 -0.177831
v -0.000155 1.430559 -0.186841
v -0.000155 1.409145 -0.205879
v -0.000155 1.363253 -0.230893
v -0.000155 1.311688 -0.243028
v -0.000155 1.256569 -0.245799
v -0.000155 1.197980 -0.244721
v -0.043315 1.195953 -0.243862
v -0.000155 1.142236 -0.254161
v -0.043216 1.140943 -0.253010
v -0.087020 1.136847 -0.248854
v -0.086415 1.188682 -0.239840
v -0.132816 1.130616 -0.239895
v -0.131544 1.177763 -0.229561
v -0.177812 1.125195 -0.223270
v -0.172608 1.168394 -0.211154
v -0.181452 1.207182 -0.213242
v -0.205962 1.163918 -0.185891
v -0.208732 1.200243 -0.183526
v -0.221075 1.227010 -0.185794
v -0.196536 1.239808 -0.216902
v -0.235862 1.248837 -0.185944
v -0.214452 1.268775 -0.216615
v -0.234512 1.220300 -0.154410
v -0.243155 1.238624 -0.155298
v -0.244301 1.217874 -0.120806
v -0.243071 1.233132 -0.121533
v -0.247518 1.222589 -0.084688
v -0.241698 1.197884 -0.118543
v -0.250206 1.204341 -0.082446
v -0.247273 1.171407 -0.119216
v -0.255327 1.182025 -0.080821
v -0.256290 1.194195 -0.039443
v -0.273575 1.145307 -0.080155
v -0.272508 1.160282 -0.035773
v -0.263376 1.173335 0.007083
v -0.249371 1.205360 0.001527
v -0.245591 1.182772 0.046501
v -0.234837 1.210975 0.036662
v -0.217700 1.193219 0.082587
v -0.209772 1.216862 0.072736
v -0.209285 1.237099 0.066990
v -0.175150 1.224805 0.103574
v -0.178488 1.246512 0.101963
v -0.187038 1.278640 0.083519
v -0.214295 1.261533 0.060352
v -0.206820 1.315662 0.056123
v -0.227348 1.301615 0.044060
v -0.220271 1.355022 0.037827
v -0.239712 1.346599 0.027584
v -0.248161 1.343483 0.018166
v -0.260063 1.342308 0.019613
v -0.177574 1.336470 0.059898
v -0.191365 1.369266 0.034683
v -0.145012 1.354109 0.057357
v -0.160237 1.383620 0.028011
v -0.115582 1.364740 0.053603
v -0.135361 1.391497 0.023995
v -0.145427 1.417756 -0.007487
v -0.129264 1.420398 -0.009617
v -0.115486 1.422493 -0.011484
v -0.102990 1.424783 -0.012110
v -0.108874 1.440785 -0.045649
v -0.095742 1.434243 -0.010264
v -0.101312 1.447236 -0.045413
v -0.100563 1.455197 -0.078489
v -0.096861 1.456522 -0.044918
v -0.096265 1.463644 -0.077991
v -0.087406 1.467039 -0.111479
v -0.091759 1.458534 -0.112670
v -0.067519 1.467820 -0.140090
v -0.071528 1.459319 -0.142420
v -0.034902 1.467360 -0.160470
v -0.037337 1.458677 -0.163835
v -0.000155 1.467122 -0.166551
v -0.000155 1.458678 -0.170038
v -0.000155 1.092122 -0.270420
v -0.000155 1.043205 -0.278763
v -0.043979 1.042605 -0.277667
v -0.044285 1.091238 -0.269023
v -0.090571 1.040673 -0.273289
v -0.089923 1.088433 -0.264762
v -0.140350 1.037296 -0.262598
v -0.138034 1.083964 -0.254733
v -0.190663 1.033530 -0.243792
v -0.186353 1.079551 -0.236606
v -0.237517 1.031490 -0.212947
v -0.229734 1.077451 -0.207732
v -0.216750 1.122270 -0.197277
v -0.263574 1.080203 -0.168885
v -0.246764 1.124531 -0.163322
v -0.230767 1.164922 -0.154729
v -0.265325 1.132903 -0.122936
v -0.227569 1.197344 -0.152134
v -0.284717 1.088358 -0.124166
v -0.293843 1.102062 -0.076886
v -0.299170 1.040855 -0.120143
v -0.308285 1.055245 -0.067744
v -0.305763 1.076728 -0.016019
v -0.292375 1.119654 -0.028597
v -0.292091 1.097093 0.031296
v -0.280450 1.136224 0.017269
v -0.268204 1.111832 0.072883
v -0.258697 1.149104 0.059071
v -0.239347 1.122034 0.109267
v -0.228828 1.160250 0.095751
v -0.206373 1.130696 0.141582
v -0.194150 1.172597 0.127148
v -0.182328 1.205110 0.112612
v -0.156363 1.182608 0.154166
v -0.144318 1.214295 0.137517
v -0.141130 1.237289 0.132764
v -0.104819 1.219948 0.158304
v -0.103015 1.251235 0.144809
v -0.112638 1.285528 0.119620
v -0.143194 1.266483 0.120457
v -0.128845 1.320903 0.088161
v -0.159820 1.298993 0.091279
v -0.083125 1.298223 0.116159
v -0.097744 1.333531 0.084381
v -0.051927 1.305845 0.113652
v -0.063172 1.342075 0.081562
v -0.022006 1.310521 0.113361
v -0.024881 1.347522 0.080824
v -0.044569 1.265342 0.144794
v -0.020822 1.270140 0.145012
v -0.011087 1.277104 0.151448
v -0.008170 1.313125 0.120206
v -0.000155 1.347870 0.100601
v -0.000155 1.277331 0.156404
v -0.000155 1.304824 0.127688
v -0.000155 1.482297 -0.156013
v -0.031143 1.481633 -0.150756
v -0.030690 1.488417 -0.149442
v -0.000155 1.487771 -0.155261
v -0.000155 1.475782 -0.162416
v -0.033020 1.475792 -0.156337
v -0.063574 1.476030 -0.137000
v -0.059170 1.481074 -0.132732
v -0.077478 1.479589 -0.106189
v -0.077782 1.487826 -0.105236
v -0.058611 1.488509 -0.132032
v -0.082870 1.474777 -0.109391
v -0.092339 1.471624 -0.076695
v -0.084798 1.476968 -0.075203
v -0.085102 1.469999 -0.045471
v -0.086052 1.479451 -0.043960
v -0.086131 1.486126 -0.073909
v -0.092456 1.464778 -0.044693
v -0.085657 1.453560 -0.010300
v -0.078640 1.458864 -0.014582
v -0.090560 1.444292 -0.009691
v -0.080508 1.433228 0.016343
v -0.074570 1.444888 0.013552
v -0.063061 1.438935 0.030057
v -0.057511 1.437777 0.017084
v -0.068538 1.448312 0.005602
v -0.071695 1.425820 0.034710
v -0.046459 1.426258 0.024950
v -0.043647 1.430163 0.014371
v -0.042098 1.442310 0.022340
v -0.089098 1.488939 -0.042856
v -0.088598 1.494894 -0.072965
v -0.080777 1.496496 -0.106089
v -0.091477 1.504948 -0.072906
v -0.084337 1.507255 -0.107492
v -0.063583 1.507649 -0.138271
v -0.060981 1.497472 -0.134853
v -0.033511 1.506603 -0.157120
v -0.031867 1.496467 -0.152507
v -0.000155 1.506422 -0.163612
v -0.000155 1.496130 -0.158973
v -0.035351 1.522743 -0.162715
v -0.000155 1.522311 -0.169162
v -0.000155 1.702222 0.018738
v -0.000155 1.711508 -0.013957
v -0.026198 1.708766 -0.014641
v -0.020330 1.701693 0.016818
v -0.049264 1.696402 -0.016484
v -0.032565 1.709088 -0.053789
v -0.055745 1.692849 -0.052879
v -0.076973 1.683256 -0.052094
v -0.068101 1.682571 -0.017400
v -0.100775 1.664471 -0.051808
v -0.091962 1.668626 -0.016337
v -0.079787 1.669219 0.009300
v -0.108794 1.640308 -0.018278
v -0.097111 1.641450 0.004176
v -0.084132 1.639508 0.020069
v -0.069678 1.639605 0.031935
v -0.104381 1.607681 -0.002437
v -0.113339 1.632986 -0.054514
v -0.110417 1.626035 -0.094229
v -0.094748 1.622468 -0.125433
v -0.095596 1.588285 -0.123786
v -0.071281 1.623516 -0.151729
v -0.072256 1.587696 -0.153335
v -0.069806 1.549508 -0.148862
v -0.093640 1.552373 -0.117331
v -0.066639 1.523682 -0.143125
v -0.089266 1.523692 -0.110254
v -0.037240 1.549911 -0.169124
v -0.039123 1.588994 -0.173151
v -0.000155 1.589716 -0.179953
v -0.000155 1.550165 -0.176034
v -0.038792 1.626746 -0.169602
v -0.000155 1.628571 -0.175704
v -0.000155 1.714429 -0.054497
v -0.000155 1.707308 -0.097006
v -0.033992 1.701960 -0.094919
v -0.000155 1.687747 -0.134622
v -0.034542 1.683584 -0.131422
v -0.000155 1.661614 -0.161537
v -0.036452 1.658294 -0.156395
v -0.000155 0.999691 -0.274726
v -0.000155 0.969326 -0.260356
v -0.039177 0.966370 -0.263070
v -0.041507 0.999053 -0.274513
v -0.086111 0.965898 -0.257489
v -0.088651 0.997446 -0.269780
v -0.135949 0.966392 -0.248530
v -0.138985 0.995885 -0.259937
v -0.186008 0.966150 -0.232708
v -0.189565 0.993788 -0.241774
v -0.232050 0.965479 -0.203128
v -0.237873 0.992582 -0.210935
v -0.271216 0.966563 -0.158392
v -0.277076 0.992938 -0.165899
v -0.275249 1.032813 -0.169887
v -0.305164 0.998928 -0.112883
v -0.302297 0.969058 -0.103920
v -0.312104 0.985946 -0.042654
v -0.313825 1.013205 -0.054234
v -0.307127 1.006441 0.017520
v -0.310456 1.036357 0.001375
v -0.293481 1.026568 0.063648
v -0.295680 1.058953 0.047418
v -0.272868 1.071845 0.086594
v -0.247059 1.074358 0.122201
v -0.215964 1.085476 0.153276
v -0.186753 1.043013 0.191526
v -0.181500 1.091786 0.184076
v -0.170416 1.138346 0.171716
v -0.143704 1.095725 0.212417
v -0.131552 1.142797 0.198711
v -0.116267 1.185355 0.179453
v -0.092295 1.144546 0.220311
v -0.075780 1.187214 0.196234
v -0.068201 1.221535 0.167427
v -0.072504 1.259837 0.145256
v -0.104132 1.098020 0.236855
v -0.063429 1.098989 0.253319
v -0.109043 1.051295 0.246440
v -0.064534 1.053076 0.264419
v -0.022281 1.053823 0.267300
v -0.023080 1.097532 0.257846
v -0.000155 1.055086 0.274960
v -0.000155 1.099509 0.264920
v -0.000155 0.956725 -0.248643
v -0.000155 0.940330 -0.248479
v -0.036410 0.940110 -0.248404
v -0.038064 0.952008 -0.251299
v -0.082665 0.940992 -0.245708
v -0.084900 0.953221 -0.248635
v -0.133206 0.943742 -0.236618
v -0.133772 0.955069 -0.239453
v -0.180447 0.945459 -0.219077
v -0.182262 0.953707 -0.222960
v -0.222385 0.946366 -0.190641
v -0.224801 0.952536 -0.193963
v -0.259709 0.946044 -0.148439
v -0.262973 0.952704 -0.150709
v -0.223186 0.935745 -0.191279
v -0.259675 0.936229 -0.149033
v -0.223895 0.924773 -0.192419
v -0.259666 0.925261 -0.150625
v -0.284568 0.926816 -0.098111
v -0.259131 0.913068 -0.151890
v -0.283956 0.913785 -0.100550
v -0.293704 0.914692 -0.046325
v -0.293216 0.929011 -0.044399
v -0.287389 0.885748 -0.106060
v -0.296766 0.885069 -0.050975
v -0.293325 0.840485 -0.111983
v -0.301321 0.839397 -0.056155
v -0.294758 0.835307 -0.004616
v -0.292777 0.792914 -0.059359
v -0.287329 0.790135 -0.009431
v -0.274712 0.785121 0.037789
v -0.280683 0.829632 0.042098
v -0.254464 0.780490 0.080666
v -0.259641 0.824529 0.084376
v -0.262050 0.877758 0.077117
v -0.226599 0.775399 0.115223
v -0.228272 0.819398 0.122771
v -0.225958 0.863755 0.125200
v -0.186203 0.857755 0.156827
v -0.192234 0.888786 0.153616
v -0.226189 0.898027 0.125930
v -0.257687 0.906453 0.085095
v -0.197742 0.909307 0.154467
v -0.226704 0.917499 0.127899
v -0.245292 0.736508 0.074324
v -0.221359 0.730919 0.103352
v -0.235507 0.690077 0.069084
v -0.214292 0.683577 0.093613
v -0.227458 0.645996 0.066034
v -0.247029 0.651229 0.031610
v -0.236900 0.606307 0.030743
v -0.216607 0.602281 0.063334
v -0.254201 0.696558 0.031807
v -0.264449 0.701932 -0.012632
v -0.258979 0.656320 -0.011568
v -0.263978 0.741706 0.033866
v -0.274779 0.746411 -0.012314
v -0.278361 0.749916 -0.060471
v -0.266490 0.705487 -0.059065
v -0.259282 0.707404 -0.105638
v -0.252229 0.663327 -0.102357
v -0.261366 0.660539 -0.057288
v -0.272841 0.750771 -0.110126
v -0.250545 0.750930 -0.157469
v -0.236941 0.708696 -0.147924
v -0.287837 0.793444 -0.112905
v -0.263805 0.793060 -0.164690
v -0.225566 0.793302 -0.207096
v -0.213191 0.751324 -0.194928
v -0.268219 0.840227 -0.164595
v -0.231668 0.840766 -0.208590
v -0.185044 0.842813 -0.239619
v -0.177936 0.794056 -0.235617
v -0.263528 0.884995 -0.158074
v -0.228305 0.884839 -0.200510
v -0.184598 0.885195 -0.230816
v -0.135927 0.885824 -0.248175
v -0.134343 0.845600 -0.255660
v -0.223314 0.912533 -0.192708
v -0.180790 0.910672 -0.220833
v -0.134334 0.904496 -0.239630
v -0.086706 0.902215 -0.246682
v -0.087398 0.885239 -0.253662
v -0.181323 0.923223 -0.221218
v -0.134157 0.918632 -0.239570
v -0.083827 0.913131 -0.246308
v -0.038540 0.912736 -0.247325
v -0.042863 0.902127 -0.247136
v -0.133614 0.931532 -0.238116
v -0.082379 0.926911 -0.247506
v -0.036790 0.925418 -0.250024
v -0.000155 0.925939 -0.250219
v -0.000155 0.912797 -0.247662
v -0.000155 0.901655 -0.246968
v -0.000155 0.884404 -0.253366
v -0.000155 0.849756 -0.257807
v -0.040785 0.849903 -0.258349
v -0.042485 0.884709 -0.253536
v -0.085094 0.848346 -0.259215
v -0.034729 0.794657 -0.245436
v -0.077116 0.797460 -0.248588
v -0.126716 0.795902 -0.247636
v -0.118471 0.751879 -0.226375
v -0.167416 0.751936 -0.219063
v -0.113200 0.713607 -0.208052
v -0.159171 0.711846 -0.202552
v -0.201403 0.710371 -0.181216
v -0.153777 0.671192 -0.192372
v -0.194024 0.668744 -0.173002
v -0.228742 0.665998 -0.141916
v -0.188287 0.626398 -0.166993
v -0.221657 0.622655 -0.137287
v -0.244765 0.618659 -0.099259
v -0.212706 0.580474 -0.132368
v -0.233867 0.575183 -0.095827
v -0.241751 0.570463 -0.054065
v -0.253190 0.615060 -0.055553
v -0.237556 0.565453 -0.009982
v -0.249917 0.610746 -0.010665
v -0.224863 0.560408 0.027829
v -0.223862 0.520537 -0.010758
v -0.212329 0.515905 0.022364
v -0.198348 0.512260 0.044005
v -0.207651 0.556193 0.054211
v -0.179906 0.507959 0.059145
v -0.201013 0.472608 0.015578
v -0.188583 0.470247 0.035268
v -0.170339 0.468175 0.051004
v -0.192554 0.429490 0.006722
v -0.182314 0.425689 0.025957
v -0.170315 0.423055 0.040061
v -0.185518 0.389702 -0.009203
v -0.175470 0.386224 0.008438
v -0.163490 0.385125 0.021928
v -0.170669 0.343896 -0.009154
v -0.159593 0.340815 0.003430
v -0.146598 0.340267 0.014162
v -0.166539 0.305986 -0.020399
v -0.156566 0.303821 -0.008265
v -0.163373 0.271934 -0.028001
v -0.155217 0.272647 -0.016840
v -0.164088 0.242673 -0.031533
v -0.155173 0.244244 -0.019990
v -0.165665 0.220001 -0.028027
v -0.155541 0.221144 -0.016682
v -0.164780 0.199186 -0.020563
v -0.154962 0.201555 -0.009249
v -0.161546 0.182082 -0.016390
v -0.153596 0.183030 -0.003529
v -0.149665 0.164706 -0.017616
v -0.158090 0.158489 -0.034585
v -0.155902 0.136607 -0.032740
v -0.143309 0.145501 -0.017748
v -0.166510 0.174006 -0.036343
v -0.169008 0.154660 -0.072398
v -0.171200 0.134732 -0.066289
v -0.166825 0.105525 -0.107849
v -0.165736 0.088724 -0.105924
v -0.171031 0.113943 -0.062174
v -0.166519 0.130200 -0.112396
v -0.154568 0.115230 -0.143376
v -0.152439 0.094254 -0.143308
v -0.169981 0.161057 -0.115709
v -0.159972 0.150517 -0.145534
v -0.141994 0.148646 -0.165304
v -0.135958 0.111133 -0.165233
v -0.159708 0.189231 -0.141708
v -0.146115 0.191438 -0.162928
v -0.124723 0.193070 -0.176794
v -0.119590 0.148879 -0.177140
v -0.169252 0.227920 -0.139145
v -0.152189 0.233760 -0.161751
v -0.130018 0.237907 -0.176874
v -0.104617 0.240915 -0.183405
v -0.100277 0.194841 -0.181990
v -0.156975 0.280653 -0.158420
v -0.134761 0.284832 -0.175569
v -0.108802 0.288423 -0.183478
v -0.082427 0.291285 -0.181777
v -0.079167 0.243213 -0.181023
v -0.140983 0.332254 -0.172804
v -0.114443 0.336748 -0.181511
v -0.087029 0.339871 -0.180302
v -0.061523 0.341354 -0.170310
v -0.058343 0.292943 -0.171570
v -0.121330 0.384082 -0.175910
v -0.092253 0.387451 -0.175020
v -0.065586 0.388756 -0.165430
v -0.044749 0.388915 -0.148646
v -0.041066 0.341705 -0.153111
v -0.095589 0.432035 -0.167170
v -0.067624 0.433612 -0.157856
v -0.045713 0.433531 -0.141102
v -0.031046 0.432549 -0.118733
v -0.031752 0.388178 -0.125633
v -0.067468 0.475745 -0.152964
v -0.043930 0.476752 -0.136622
v -0.027844 0.477007 -0.113805
v -0.020604 0.476734 -0.085685
v -0.024469 0.431105 -0.091319
v -0.041996 0.520402 -0.136741
v -0.025678 0.522489 -0.112843
v -0.017884 0.523695 -0.083789
v -0.017773 0.523542 -0.049133
v -0.020462 0.475409 -0.053138
v -0.021571 0.568158 -0.114469
v -0.012992 0.570688 -0.083837
v -0.013141 0.571829 -0.047021
v -0.016983 0.567855 -0.007944
v -0.022058 0.520495 -0.012190
v -0.009558 0.610729 -0.083672
v -0.009546 0.607279 -0.046084
v -0.012809 0.608583 -0.007046
v -0.017590 0.611806 0.020774
v -0.028238 0.567045 0.020240
v -0.007065 0.629981 -0.045615
v -0.009391 0.632954 -0.007671
v -0.013069 0.640738 0.021287
v -0.022301 0.647429 0.048962
v -0.027679 0.612006 0.047102
v -0.006925 0.650179 -0.006868
v -0.009685 0.659226 0.020812
v -0.017432 0.667690 0.047971
v -0.031767 0.677551 0.074059
v -0.037230 0.653266 0.073437
v -0.014260 0.680748 0.046715
v -0.028334 0.690995 0.073281
v -0.050302 0.706136 0.100439
v -0.056484 0.690459 0.099700
v -0.011150 0.692111 0.045099
v -0.022061 0.703610 0.074433
v -0.038213 0.716356 0.108098
v -0.059879 0.730140 0.137485
v -0.077767 0.725003 0.123311
v -0.011157 0.706082 0.080728
v -0.020843 0.719382 0.118802
v -0.000155 0.706712 0.083417
v -0.000155 0.720187 0.124154
v -0.000155 0.794278 -0.244430
v -0.000155 0.746045 -0.201773
v -0.000155 0.724597 -0.156001
v -0.000155 0.714798 -0.119359
v -0.006001 0.706917 -0.108011
v -0.087612 0.702007 0.121963
v -0.137820 0.655385 0.114494
v -0.098478 0.659500 0.112461
v -0.063031 0.657972 0.097243
v -0.103798 0.603581 0.097858
v -0.069099 0.608458 0.087385
v -0.044170 0.611145 0.069481
v -0.079659 0.558128 0.078154
v -0.054985 0.560800 0.065092
v -0.036702 0.564618 0.043023
v -0.069891 0.508244 0.058334
v -0.051739 0.514125 0.038745
v -0.034222 0.516969 0.021496
v -0.055416 0.465000 0.033599
v -0.037773 0.469115 0.012543
v -0.025549 0.472664 -0.017905
v -0.040300 0.423289 0.003508
v -0.029115 0.426768 -0.024717
v -0.024375 0.429396 -0.059109
v -0.033312 0.383436 -0.033992
v -0.027971 0.386013 -0.065588
v -0.027066 0.387426 -0.097710
v -0.023108 0.342101 -0.070102
v -0.022916 0.342440 -0.100899
v -0.027780 0.341888 -0.129436
v -0.021372 0.294300 -0.100547
v -0.026762 0.293800 -0.128866
v -0.038944 0.293437 -0.153700
v -0.028206 0.245146 -0.125911
v -0.038902 0.245186 -0.152018
v -0.056585 0.244642 -0.170353
v -0.038916 0.197648 -0.148842
v -0.054703 0.197521 -0.167926
v -0.075996 0.196454 -0.179147
v -0.051649 0.152966 -0.165392
v -0.072145 0.151907 -0.177394
v -0.095627 0.150445 -0.181140
v -0.069136 0.112020 -0.175576
v -0.091320 0.110977 -0.180189
v -0.113816 0.109453 -0.176775
v -0.087479 0.080695 -0.176525
v -0.108494 0.084548 -0.175670
v -0.131285 0.089089 -0.165880
v -0.101969 0.067400 -0.162455
v -0.119569 0.075542 -0.153280
v -0.144646 0.078080 -0.138648
v -0.121112 0.052020 -0.157611
v -0.140137 0.061470 -0.137928
v -0.118211 0.030485 -0.157776
v -0.139606 0.039552 -0.140558
v -0.114898 0.014017 -0.158862
v -0.137675 0.018471 -0.141307
v -0.107851 0.003838 -0.152018
v -0.128181 0.002338 -0.138151
v -0.096888 0.001309 -0.142744
v -0.114374 0.000895 -0.128445
v -0.101305 0.000703 -0.119618
v -0.112977 0.000688 -0.102757
v -0.086421 0.000762 -0.133933
v -0.087354 0.000642 -0.110233
v -0.072061 0.001498 -0.147522
v -0.062450 0.007557 -0.154981
v -0.078090 0.020666 -0.164839
v -0.063720 0.019434 -0.158435
v -0.081527 0.037633 -0.165602
v -0.065533 0.034451 -0.159308
v -0.051029 0.031674 -0.146558
v -0.067724 0.061324 -0.159681
v -0.053204 0.060095 -0.149495
v -0.041290 0.059705 -0.133565
v -0.033949 0.060698 -0.114021
v -0.049857 0.080179 -0.158543
v -0.036941 0.081121 -0.140101
v -0.029724 0.083441 -0.116726
v -0.028304 0.085999 -0.091200
v -0.034011 0.064199 -0.091631
v -0.034744 0.112992 -0.144058
v -0.026884 0.113045 -0.119112
v -0.026083 0.111650 -0.090612
v -0.030032 0.113603 -0.064423
v -0.031168 0.088687 -0.065740
v -0.028430 0.151912 -0.119846
v -0.027750 0.150208 -0.089390
v -0.030291 0.151470 -0.063523
v -0.034983 0.159172 -0.040385
v -0.035614 0.117675 -0.040496
v -0.027158 0.195003 -0.092821
v -0.027191 0.195808 -0.069680
v -0.036405 0.200632 -0.049585
v -0.049482 0.207702 -0.033645
v -0.051602 0.165587 -0.024153
v -0.023837 0.245126 -0.073340
v -0.032950 0.246632 -0.053910
v -0.038502 0.248908 -0.033337
v -0.051852 0.253574 -0.015844
v -0.026899 0.293464 -0.047209
v -0.037971 0.293363 -0.026992
v -0.053731 0.293676 -0.011695
v -0.072709 0.293254 -0.001125
v -0.069185 0.257628 -0.005891
v -0.041232 0.336642 -0.019942
v -0.058582 0.333476 -0.002712
v -0.077929 0.331397 0.007987
v -0.094439 0.331029 0.013214
v -0.089781 0.293153 0.004579
v -0.061028 0.376388 0.011006
v -0.081428 0.374364 0.022768
v -0.097940 0.374071 0.028407
v -0.111784 0.374217 0.030866
v -0.109509 0.332144 0.015847
v -0.081223 0.417087 0.040174
v -0.099835 0.416035 0.046742
v -0.114771 0.415624 0.049743
v -0.126516 0.416677 0.051002
v -0.123797 0.375752 0.032262
v -0.098739 0.459453 0.055600
v -0.115545 0.458219 0.057602
v -0.129120 0.457626 0.057841
v -0.142265 0.453537 0.056941
v -0.113786 0.503855 0.069822
v -0.132191 0.500164 0.069145
v -0.154057 0.495816 0.066817
v -0.109257 0.554332 0.084345
v -0.134925 0.549686 0.083976
v -0.136507 0.600453 0.098975
v -0.092184 0.505530 0.066779
v -0.078530 0.461112 0.049380
v -0.058290 0.419760 0.025309
v -0.043702 0.379921 -0.008717
v -0.029078 0.339690 -0.041332
v -0.021131 0.293962 -0.071670
v -0.023487 0.245393 -0.098483
v -0.029883 0.196271 -0.121040
v -0.036525 0.153324 -0.146467
v -0.049139 0.112636 -0.163098
v -0.067029 0.079597 -0.170287
v -0.084318 0.063210 -0.164287
v -0.099977 0.042886 -0.166152
v -0.096400 0.022787 -0.166116
v -0.126176 0.333065 0.016769
v -0.105707 0.294913 0.007066
v -0.101930 0.263591 0.002232
v -0.086196 0.260233 -0.000383
v -0.100869 0.232941 0.000397
v -0.087065 0.227457 -0.000942
v -0.102204 0.206205 0.004824
v -0.090694 0.200637 0.004779
v -0.104417 0.189054 0.011805
v -0.094114 0.183705 0.011028
v -0.114609 0.194346 0.010989
v -0.113352 0.212173 0.003582
v -0.063187 0.125835 -0.004432
v -0.045540 0.122490 -0.019535
v -0.066326 0.103797 -0.000292
v -0.048528 0.097568 -0.018916
v -0.037128 0.093052 -0.041753
v -0.048747 0.082375 -0.049656
v -0.041581 0.070311 -0.070779
v -0.050993 0.060890 -0.047947
v -0.039042 0.048734 -0.068519
v -0.032936 0.038561 -0.090874
v -0.041458 0.028522 -0.068067
v -0.054599 0.038376 -0.046270
v -0.086417 0.112499 0.010297
v -0.082132 0.129014 0.002041
v -0.097648 0.134894 0.004318
v -0.103521 0.121280 0.014055
v -0.089944 0.151250 0.001758
v -0.103977 0.152307 -0.001893
v -0.109048 0.105619 0.014586
v -0.124109 0.099102 0.021809
v -0.112972 0.092249 0.018428
v -0.133328 0.082092 0.041231
v -0.120729 0.074071 0.042258
v -0.150055 0.062889 0.068555
v -0.136874 0.054548 0.073133
v -0.126479 0.044342 0.074689
v -0.159776 0.040934 0.105444
v -0.149904 0.032759 0.110303
v -0.144871 0.023811 0.112695
v -0.119169 0.032698 0.075049
v -0.142668 0.013430 0.113633
v -0.172300 0.021857 0.142648
v -0.173710 0.012830 0.144047
v -0.172508 0.007646 0.150576
v -0.138998 0.006159 0.116523
v -0.200994 0.012865 0.151129
v -0.203851 0.009228 0.156519
v -0.219080 0.016229 0.147692
v -0.222652 0.010792 0.153079
v -0.225005 0.000093 0.156003
v -0.212312 0.000497 0.128974
v -0.238503 0.011157 0.141571
v -0.234011 0.019373 0.138215
v -0.245065 0.021325 0.120767
v -0.249261 0.011141 0.119616
v -0.250326 0.022684 0.094732
v -0.242350 0.032899 0.122192
v -0.247838 0.034042 0.098578
v -0.242012 0.030996 0.069516
v -0.244561 0.022211 0.064360
v -0.230166 0.032269 0.042366
v -0.233794 0.022375 0.038559
v -0.212832 0.038655 0.013434
v -0.216639 0.026026 0.008809
v -0.216881 0.011897 0.007412
v -0.196478 0.032966 -0.021206
v -0.193640 0.017540 -0.022167
v -0.189106 0.005340 -0.021000
v -0.178378 0.003916 -0.012249
v -0.176706 0.022761 -0.049199
v -0.171366 0.010450 -0.049200
v -0.159806 0.008852 -0.043292
v -0.148053 0.008798 -0.035784
v -0.166066 0.003746 -0.002671
v -0.148368 0.004760 -0.067707
v -0.135234 0.006070 -0.060980
v -0.122853 0.006154 -0.053087
v -0.135804 0.008981 -0.028132
v -0.124390 0.000832 -0.082430
v -0.111347 0.000700 -0.072953
v -0.099213 0.000645 -0.093242
v -0.084705 0.000732 -0.084364
v -0.073576 0.000686 -0.102259
v -0.060298 0.000863 -0.095905
v -0.139024 0.004695 0.015553
v -0.152953 0.004125 0.006628
v -0.155272 0.000899 0.054604
v -0.171705 0.000875 0.045504
v -0.191312 0.000703 0.087151
v -0.139736 0.001108 0.061873
v -0.124644 0.005454 0.023398
v -0.193031 0.048048 -0.015363
v -0.205334 0.049750 0.022025
v -0.184580 0.062975 -0.003640
v -0.194348 0.060243 0.035190
v -0.175105 0.078766 0.012788
v -0.161810 0.095360 -0.001215
v -0.161956 0.086119 0.026611
v -0.150209 0.100424 0.011759
v -0.153853 0.110495 -0.007245
v -0.153427 0.128608 -0.009308
v -0.147506 0.085859 0.035339
v -0.138287 0.100643 0.019191
v -0.180588 0.067451 0.049785
v -0.165058 0.067927 0.060536
v -0.201219 0.053058 0.074083
v -0.186488 0.052162 0.087556
v -0.172345 0.047453 0.097944
v -0.204682 0.044088 0.108978
v -0.217010 0.044185 0.124854
v -0.226285 0.040364 0.134519
v -0.231310 0.030501 0.137608
v -0.215853 0.026538 0.147112
v -0.197114 0.022701 0.150311
v -0.213681 0.048154 0.060406
v -0.223272 0.040893 0.049613
v -0.005179 0.646183 -0.044750
v -0.003604 0.660710 -0.041177
v -0.005536 0.657583 -0.080832
v -0.004503 0.671390 -0.078052
v -0.002898 0.685166 -0.072023
v -0.000155 0.677428 -0.029202
v -0.013487 0.669956 -0.114619
v -0.011277 0.684654 -0.112563
v -0.008498 0.696770 -0.109216
v -0.000155 0.699525 -0.068653
v -0.032604 0.678322 -0.148078
v -0.014984 0.645419 -0.114662
v -0.035473 0.646066 -0.147339
v -0.067871 0.640771 -0.173806
v -0.066604 0.679527 -0.179568
v -0.107980 0.633561 -0.187373
v -0.111098 0.674713 -0.196033
v -0.149515 0.629153 -0.184664
v -0.103828 0.593462 -0.178694
v -0.144490 0.588391 -0.176476
v -0.181711 0.584939 -0.160302
v -0.139019 0.548776 -0.168327
v -0.174348 0.544521 -0.153438
v -0.202564 0.539476 -0.128075
v -0.166827 0.504714 -0.149221
v -0.192821 0.498828 -0.126490
v -0.210173 0.491561 -0.095285
v -0.221762 0.533032 -0.094005
v -0.216111 0.483828 -0.056592
v -0.228506 0.526659 -0.053842
v -0.211153 0.476398 -0.013994
v -0.206066 0.442878 -0.063271
v -0.201089 0.434876 -0.021712
v -0.199067 0.402633 -0.073103
v -0.194133 0.395103 -0.034047
v -0.193265 0.360353 -0.083902
v -0.189116 0.353477 -0.047990
v -0.180659 0.348130 -0.025414
v -0.184195 0.311997 -0.058960
v -0.175647 0.308477 -0.035368
v -0.178419 0.270287 -0.065772
v -0.171129 0.271162 -0.042646
v -0.180568 0.271866 -0.100821
v -0.187412 0.316861 -0.093671
v -0.179759 0.321896 -0.127760
v -0.172989 0.276068 -0.133193
v -0.186909 0.366271 -0.120015
v -0.171456 0.372340 -0.147825
v -0.163495 0.327079 -0.154358
v -0.193578 0.409482 -0.110202
v -0.178755 0.416486 -0.138714
v -0.155406 0.423113 -0.157792
v -0.148691 0.378620 -0.166667
v -0.200641 0.450866 -0.100830
v -0.185054 0.458403 -0.130184
v -0.160750 0.464809 -0.150585
v -0.130243 0.469922 -0.161868
v -0.126674 0.428544 -0.167795
v -0.134083 0.509698 -0.162337
v -0.098235 0.514069 -0.163709
v -0.097246 0.473593 -0.162449
v -0.100233 0.554060 -0.170109
v -0.065467 0.559746 -0.159681
v -0.066429 0.517512 -0.154086
v -0.066097 0.600839 -0.166968
v -0.036634 0.607455 -0.144610
v -0.039199 0.564492 -0.140416
v -0.017569 0.611010 -0.115363
v -0.007082 0.639525 -0.082097
v -0.180854 0.934461 -0.219998
v -0.061136 1.007878 0.267348
v -0.109146 1.006656 0.248094
v -0.107598 0.969754 0.242699
v -0.150089 0.971783 0.215407
v -0.104625 0.943739 0.233098
v -0.151851 1.005015 0.220564
v -0.186937 0.998300 0.193433
v -0.149987 1.048591 0.220054
v -0.101948 0.929177 0.221350
v -0.000155 1.230940 0.178522
v -0.065482 1.423964 0.021841
v -0.056422 1.421034 0.031513
v -0.063935 1.414450 0.036232
v -0.078556 1.516047 0.043473
v -0.089616 1.513498 0.019285
v -0.058875 1.515928 0.062076
v -0.058040 1.497848 0.060251
v -0.033689 1.499101 0.075023
v -0.039672 1.515595 0.079698
v -0.057209 1.482889 0.056672
v -0.037123 1.482863 0.076892
v -0.019380 1.482963 0.089046
v -0.015659 1.500045 0.082006
v -0.019369 1.463277 0.080341
v -0.000155 1.461413 0.084750
v -0.000155 1.482580 0.093501
v -0.015739 1.453083 0.057456
v -0.000155 1.451722 0.059078
v -0.013909 1.440348 0.036411
v -0.000155 1.437911 0.036275
v -0.000155 1.499108 0.083993
v -0.000155 1.512315 0.093355
v -0.019799 1.514154 0.090559
v -0.104906 0.885272 0.207024
v -0.104326 0.877702 0.197725
v -0.052442 0.867941 0.212090
v -0.054043 0.877896 0.220162
v -0.024482 0.858377 0.223878
v -0.027265 0.868582 0.234897
v -0.000155 0.857656 0.227550
v -0.000155 0.868313 0.234854
v -0.000155 0.885229 0.239941
v -0.000155 0.816987 0.222532
v -0.000155 0.838665 0.223776
v -0.021657 0.839926 0.217296
v -0.019718 0.819370 0.214750
v -0.000155 0.778766 0.209339
v -0.058509 0.844586 0.212863
v -0.058647 0.821945 0.209935
v -0.105686 0.847455 0.197755
v -0.103684 0.864922 0.197756
v -0.142332 0.866175 0.180867
v -0.151518 0.848659 0.176336
v -0.055430 0.858605 0.212762
v -0.022635 0.851390 0.217670
v -0.000155 0.850702 0.222765
v -0.000155 0.915436 0.247258
v -0.162323 0.523210 0.075122
v -0.162004 0.524756 0.075374
v -0.163282 0.524714 0.075076
v -0.089512 0.025441 -0.000738
v -0.000155 1.542301 0.099368
v -0.014918 1.565982 0.106408
v -0.010473 1.570307 0.115409
v -0.000155 1.572088 0.120430
v -0.000155 1.372285 0.057210
v -0.000155 1.662999 0.064686
v 0.022513 0.971536 0.262414
v 0.021926 1.008936 0.269108
v 0.020594 0.948416 0.250829
v 0.004010 0.695663 0.022341
v 0.007177 0.699785 0.045750
v 0.004051 0.667610 -0.005487
v 0.006334 0.674122 0.019256
v 0.004345 0.688229 0.018592
v 0.013295 0.890064 0.241403
v 0.017068 0.904395 0.242090
v 0.005701 1.376704 0.042973
v 0.009459 1.387272 0.034309
v 0.001799 1.369139 0.049606
v 0.107506 1.552283 -0.062056
v 0.114068 1.567678 -0.071448
v 0.113810 1.590280 -0.063358
v 0.110332 1.578647 -0.060270
v 0.106057 1.580986 -0.033739
v 0.105332 1.561682 -0.043010
v 0.098850 1.547426 -0.053435
v 0.013872 1.682481 0.047648
v 0.003128 1.672793 0.055637
v 0.001060 1.666019 0.056910
v 0.010658 1.665333 0.057351
v 0.020290 1.675441 0.051413
v 0.011973 1.548274 0.111348
v 0.009414 1.550664 0.119705
v 0.014389 1.639316 0.074675
v 0.015065 1.620431 0.083725
v 0.009611 1.595082 0.098631
v 0.014260 1.584114 0.090538
v 0.018495 1.600221 0.075132
v 0.034301 1.607440 0.068246
v 0.034926 1.625272 0.075352
v 0.034251 1.639072 0.069066
v 0.017476 1.692250 0.036749
v 0.030558 1.682485 0.047013
v 0.039187 1.688111 0.034870
v 0.028421 1.678239 0.055396
v 0.043560 1.678035 0.038457
v 0.046862 1.676476 0.031572
v 0.049162 1.678787 0.030207
v 0.056002 1.659725 0.029730
v 0.060852 1.663082 0.018708
v 0.053183 1.682942 0.022836
v 0.036604 1.677153 0.046594
v 0.057424 1.684253 0.008599
v 0.041283 1.696624 0.012582
v 0.014339 1.651081 0.064899
v 0.032246 1.651626 0.059777
v 0.030720 1.669216 0.052788
v 0.043929 1.661965 0.040997
v 0.051673 1.647730 0.049648
v 0.016466 1.547206 0.101512
v 0.017463 1.544988 0.091014
v 0.018571 1.566479 0.086677
v 0.020359 1.562330 0.099211
v 0.022585 1.573834 0.073695
v 0.020238 1.541904 0.085639
v 0.038091 1.541059 0.073037
v 0.037928 1.577646 0.065430
v 0.058660 1.586212 0.056168
v 0.077036 1.590275 0.038092
v 0.060841 1.617430 0.061563
v 0.052393 1.606908 0.059838
v 0.061964 1.674282 -0.124584
v 0.059372 1.686877 -0.091183
v 0.082384 1.676615 -0.090376
v 0.079215 1.667773 -0.115522
v 0.087522 1.650610 -0.122551
v 0.066428 1.652923 -0.143135
v 0.100468 1.655342 -0.091242
v 0.132404 0.268247 0.003951
v 0.116682 0.267848 0.003394
v 0.114543 0.238999 0.000780
v 0.132123 0.247133 0.002078
v 0.134784 0.247414 -0.001931
v 0.124922 0.218809 0.001660
v 0.130992 0.223320 0.001607
v 0.062647 0.000734 -0.118994
v 0.052005 0.000770 -0.113140
v 0.043885 0.001366 -0.125999
v 0.049801 0.000833 -0.135294
v 0.059502 0.001444 -0.137313
v 0.074441 0.000687 -0.125837
v 0.039385 0.000834 -0.130414
v 0.109762 0.007497 -0.044926
v 0.122456 0.009261 -0.019572
v 0.109348 0.009928 -0.011591
v 0.100839 0.011941 -0.039520
v 0.083927 0.001131 -0.053658
v 0.097120 0.000703 -0.063685
v 0.082676 0.010423 -0.023471
v 0.069495 0.002660 -0.037224
v 0.094634 0.011566 -0.004730
v 0.203508 0.042537 0.134977
v 0.192253 0.042734 0.119932
v 0.178619 0.039218 0.131147
v 0.189571 0.037959 0.142614
v 0.172517 0.031250 0.139355
v 0.192514 0.031222 0.147914
v 0.210825 0.036335 0.144400
v 0.226475 0.044526 0.115068
v 0.235996 0.042480 0.121973
v 0.240435 0.041992 0.102379
v 0.231438 0.044033 0.103779
v 0.225670 0.042918 0.086432
v 0.215522 0.044412 0.097463
v 0.235545 0.038536 0.076237
v 0.116428 0.008392 0.071990
v 0.117170 0.019828 0.073378
v 0.101656 0.032340 0.040314
v 0.106916 0.013349 0.042688
v 0.111861 0.006007 0.032134
v 0.124704 0.002082 0.067936
v 0.198955 0.000448 0.136995
v 0.206489 0.000088 0.159800
v 0.174165 0.000052 0.151763
v 0.182198 0.000526 0.134965
v 0.146761 0.001639 0.111903
v 0.161644 0.000806 0.103280
v 0.175348 0.000721 0.096030
v 0.238720 0.000333 0.038941
v 0.236240 0.010367 0.036039
v 0.244496 0.011521 0.057421
v 0.245642 0.000000 0.045391
v 0.251099 0.010725 0.088902
v 0.255845 0.000211 0.080181
v 0.232515 0.000576 0.062141
v 0.255247 0.000331 0.117965
v 0.242470 0.000202 0.143838
v 0.227196 0.000474 0.118781
v 0.240122 0.000436 0.101791
v 0.210226 0.000668 0.076096
v 0.188005 0.000900 0.034263
v 0.203345 0.001019 0.022378
v 0.213883 0.001871 0.010471
v 0.073552 0.024706 -0.024894
v 0.059690 0.019028 -0.042301
v 0.042915 0.012544 -0.066563
v 0.054464 0.002395 -0.068085
v 0.069516 0.001109 -0.076189
v 0.041676 0.000985 -0.110710
v 0.037018 0.008684 -0.123890
v 0.046939 0.015509 -0.143004
v 0.033534 0.000304 -0.112969
v 0.033890 0.012744 -0.111234
v 0.034423 0.031903 -0.112286
v 0.039509 0.030439 -0.128884
v 0.046280 0.001342 -0.091547
v 0.034271 0.006650 -0.089495
v 0.033324 0.019851 -0.090349
v 0.102293 0.048633 0.040087
v 0.110590 0.062078 0.039944
v 0.099499 0.084762 0.012219
v 0.085728 0.069825 0.002751
v 0.066323 0.069133 -0.025936
v 0.066497 0.046470 -0.023354
v 0.081673 0.046176 0.002937
v 0.092961 0.099099 0.007751
v 0.075930 0.092076 -0.003513
v 0.061999 0.086954 -0.026514
v 0.166103 0.019743 -0.078145
v 0.161077 0.006881 -0.074403
v 0.149304 0.004389 -0.109213
v 0.155463 0.013238 -0.102618
v 0.153426 0.025042 -0.111878
v 0.168793 0.038826 -0.075547
v 0.142185 0.002619 -0.118741
v 0.080600 0.001042 -0.154258
v 0.075365 0.009552 -0.163368
v 0.093289 0.009596 -0.165993
v 0.091800 0.001418 -0.158845
v 0.136772 0.001141 -0.093143
v 0.126156 0.001051 -0.111737
v 0.156649 0.052338 -0.108828
v 0.166460 0.068203 -0.062705
v 0.177354 0.058659 -0.040868
v 0.180975 0.039410 -0.048766
v 0.160395 0.094650 -0.028431
v 0.170183 0.079718 -0.021806
v 0.153968 0.072367 -0.102675
v 0.166242 0.092640 -0.059948
v 0.165426 0.116027 -0.028805
v 0.134407 0.137326 0.008957
v 0.141958 0.133376 0.002458
v 0.132947 0.150317 -0.005059
v 0.129524 0.146948 0.002766
v 0.135997 0.112244 0.015794
v 0.145943 0.113255 0.006221
v 0.111568 0.141023 0.004480
v 0.117870 0.128710 0.013636
v 0.121868 0.110138 0.017525
v 0.128176 0.160025 0.000703
v 0.119204 0.156539 -0.001805
v 0.097596 0.171899 0.013345
v 0.090257 0.163540 0.009706
v 0.101416 0.158573 0.004095
v 0.102605 0.164228 0.010023
v 0.114601 0.162217 0.004380
v 0.111313 0.167407 0.011953
v 0.107075 0.177353 0.015511
v 0.143451 0.167436 -0.005365
v 0.138601 0.169137 0.003994
v 0.126164 0.184419 0.016237
v 0.116759 0.181188 0.016281
v 0.120473 0.170545 0.014056
v 0.127222 0.173587 0.015907
v 0.124519 0.165207 0.007450
v 0.133299 0.170343 0.012387
v 0.136871 0.185136 0.014229
v 0.075860 0.161010 0.004563
v 0.085014 0.176782 0.009094
v 0.079320 0.193820 0.003290
v 0.070847 0.187866 -0.000476
v 0.071732 0.221882 -0.004314
v 0.058742 0.209148 -0.012075
v 0.063977 0.165591 -0.007401
v 0.144972 0.183766 0.005941
v 0.144718 0.201639 -0.000136
v 0.133943 0.200207 0.010051
v 0.124402 0.198557 0.009779
v 0.144421 0.221130 -0.007203
v 0.145491 0.245588 -0.010326
v 0.173904 0.214628 -0.042007
v 0.168688 0.189633 -0.038862
v 0.166548 0.176669 -0.072978
v 0.173637 0.201092 -0.062160
v 0.165704 0.190613 -0.109229
v 0.178660 0.224403 -0.105369
v 0.178312 0.233247 -0.065732
v 0.171660 0.239624 -0.045511
v 0.136097 0.288641 0.006602
v 0.120730 0.295865 0.008006
v 0.145174 0.274236 -0.005968
v 0.143113 0.305851 0.004641
v 0.131423 0.375873 0.031952
v 0.135487 0.350237 0.021912
v 0.141696 0.359953 0.025081
v 0.149521 0.382512 0.031565
v 0.157311 0.414347 0.046439
v 0.146800 0.400014 0.044225
v 0.135476 0.413204 0.050070
v 0.156138 0.445552 0.055831
v 0.162035 0.524152 0.075273
v 0.162179 0.524231 0.075202
v 0.162379 0.524087 0.075139
v 0.162972 0.524714 0.075076
v 0.161694 0.524756 0.075374
v 0.162013 0.523210 0.075122
v 0.025455 0.752352 0.177094
v 0.009101 0.755633 0.190811
v 0.046623 0.786345 0.198306
v 0.016841 0.782533 0.204643
v 0.027043 0.733467 0.151930
v 0.170591 0.630870 0.104508
v 0.161101 0.595570 0.095574
v 0.184536 0.598527 0.088735
v 0.169619 0.601849 0.096887
v 0.157386 0.547658 0.082283
v 0.182719 0.552126 0.074071
v 0.203146 0.641603 0.090428
v 0.184509 0.637471 0.100307
v 0.173289 0.634207 0.104434
v 0.190143 0.676154 0.108389
v 0.164943 0.664853 0.114059
v 0.061309 0.715259 -0.190286
v 0.028175 0.699333 -0.150837
v 0.019719 0.713385 -0.150195
v 0.034320 0.727920 -0.181641
v 0.013599 0.722085 -0.153204
v 0.027183 0.744779 -0.202133
v 0.066185 0.749552 -0.217285
v 0.098132 0.779977 0.180940
v 0.078482 0.747792 0.161300
v 0.108662 0.739699 0.142265
v 0.143260 0.762404 0.155989
v 0.151565 0.813518 0.171917
v 0.105808 0.820733 0.193640
v 0.191355 0.768727 0.140167
v 0.190404 0.814529 0.151369
v 0.156076 0.718476 0.132851
v 0.191564 0.725119 0.123436
v 0.121508 0.711653 0.132428
v 0.019517 0.915048 0.246727
v 0.036334 0.903186 0.242751
v 0.032331 0.911719 0.246004
v 0.057262 0.909416 0.225174
v 0.037653 0.920732 0.231738
v 0.019632 0.924456 0.239955
v 0.169972 0.898074 0.182849
v 0.149467 0.894753 0.186335
v 0.158614 0.882086 0.173584
v 0.172068 0.884375 0.181831
v 0.183131 0.887844 0.176642
v 0.182667 0.900462 0.180240
v 0.182341 0.887102 0.167254
v 0.182223 0.903795 0.166268
v 0.027800 0.885160 0.238800
v 0.054315 0.891459 0.223833
v 0.102796 0.897440 0.209796
v 0.102264 0.911118 0.211550
v 0.060345 0.921653 0.224083
v 0.039850 0.926683 0.228597
v 0.099181 0.921813 0.211468
v 0.020334 0.933979 0.236645
v 0.057390 0.927448 0.233420
v 0.138778 0.918660 0.194532
v 0.144191 0.906793 0.191346
v 0.166196 0.912420 0.181781
v 0.156624 0.923248 0.182390
v 0.149461 0.931232 0.180978
v 0.132387 0.927358 0.193350
v 0.181191 0.915446 0.183251
v 0.175988 0.927648 0.182610
v 0.278600 0.904504 0.042604
v 0.279577 0.918761 0.041780
v 0.275217 0.908184 0.063046
v 0.285151 0.899864 0.050463
v 0.173471 0.933305 0.170494
v 0.181955 0.918870 0.167883
v 0.058727 0.942299 0.247752
v 0.060289 0.969725 0.260477
v 0.289744 0.911039 0.002890
v 0.289522 0.925518 0.003797
v 0.278275 0.877101 0.043080
v 0.291861 0.881270 0.000401
v 0.187482 0.955172 0.176123
v 0.175570 0.964148 0.194455
v 0.160103 0.943247 0.191050
v 0.149966 0.934752 0.190593
v 0.134874 0.935474 0.200325
v 0.141342 0.949052 0.207258
v 0.199520 0.924741 0.153444
v 0.202373 0.942125 0.146456
v 0.200917 0.953158 0.158181
v 0.224402 0.933744 0.125483
v 0.225095 0.944280 0.123757
v 0.233413 0.961773 0.139507
v 0.224066 0.972962 0.148763
v 0.236094 0.957464 0.124242
v 0.210037 0.985571 0.171152
v 0.251201 0.940829 0.088422
v 0.256218 0.924909 0.088206
v 0.279119 0.930848 0.066633
v 0.275946 0.949058 0.055617
v 0.278772 0.961725 0.071630
v 0.252271 0.953758 0.098315
v 0.279730 0.935909 0.039893
v 0.277537 0.952512 0.032072
v 0.289079 0.939707 0.002739
v 0.294640 0.954668 0.005468
v 0.293781 0.957733 0.014217
v 0.251861 0.969500 0.111300
v 0.251895 0.984048 0.124996
v 0.291923 0.941313 -0.042170
v 0.294442 0.954049 -0.034511
v 0.302075 0.967827 -0.027158
v 0.304371 0.987159 0.033731
v 0.288621 0.976537 0.048992
v 0.284421 0.938401 -0.095275
v 0.285679 0.947551 -0.093296
v 0.291392 0.955819 -0.094845
v 0.247591 1.010670 0.134072
v 0.218871 1.029758 0.162863
v 0.273265 1.005620 0.100531
v 0.273794 1.028242 0.097393
v 0.102230 1.532005 -0.036791
v 0.099351 1.518307 -0.042038
v 0.102139 1.542093 -0.022041
v 0.077949 1.616416 0.032617
v 0.058391 1.632284 0.056342
v 0.096045 1.579711 0.008574
v 0.095539 1.609298 0.015381
v 0.059225 1.546505 0.062191
v 0.078640 1.547993 0.040825
v 0.091305 1.544488 0.011756
v 0.100651 1.529998 -0.063878
v 0.106321 1.561119 -0.076834
v 0.288375 1.007386 0.073688
v 0.284747 0.992662 0.075248
v 0.276387 0.984550 0.093735
v 0.108812 1.604074 -0.027249
v 0.107688 1.593361 -0.063600
v 0.100847 1.559231 -0.090598
v 0.105476 1.591371 -0.093583
v 0.009930 1.202734 0.200187
v 0.017266 1.184929 0.206157
v 0.021922 1.141194 0.238422
v 0.020293 1.221355 0.168941
v 0.012130 1.229820 0.177468
v 0.055117 1.143328 0.233516
v 0.042319 1.186123 0.203447
v 0.039199 1.221837 0.169038
v 0.023561 1.402454 0.039809
v 0.035338 1.415176 0.032587
v 0.029671 1.415350 0.018605
v 0.015189 1.401871 0.024477
v 0.027614 1.430925 0.024152
v 0.012951 1.423336 0.025418
v 0.014513 1.391165 0.043661
v 0.051824 1.471400 0.051616
v 0.035722 1.468209 0.069638
v 0.030805 1.456969 0.053729
v 0.044477 1.462651 0.047286
v 0.043379 1.454511 0.033999
v 0.055840 1.465533 0.034211
v 0.028257 1.445702 0.035723
v 0.095362 1.511775 -0.011984
v 0.105804 1.575389 -0.010304
v 0.095973 1.526475 -0.079855
v 0.010431 1.388298 0.051065
v 0.025708 1.406402 0.050527
v 0.090134 1.493219 -0.009000
v 0.093303 1.504755 -0.045047
v 0.065917 1.477886 0.036790
v 0.054084 1.454221 0.020278
v 0.069779 1.471057 0.015155
v 0.054186 1.443332 0.011672
v 0.065799 1.456226 0.005419
v 0.082824 1.492001 0.019810
v 0.074511 1.494591 0.041119
v 0.082942 1.478789 -0.011330
v 0.078671 1.468853 -0.013612
v 0.005874 1.380084 0.051847
v 0.045226 1.407084 0.031585
v 0.050371 1.415825 0.043865
v 0.051161 1.413279 0.052864
v 0.035048 1.401994 0.046437
v 0.038983 1.420744 0.049407
v 0.044186 1.372742 0.055983
v 0.061788 1.390834 0.036312
v 0.062859 1.397685 0.029767
v 0.063769 1.420726 0.049006
v 0.051204 1.431378 0.042770
v 0.069026 1.394090 0.065053
v 0.072438 1.403232 0.051960
v 0.061120 1.406677 0.048761
v 0.062634 1.416991 0.015133
v 0.055141 1.412322 0.021903
v 0.068221 1.406767 0.020424
v 0.069346 1.414259 0.013764
v 0.076176 1.409218 0.022447
v 0.072700 1.419162 0.018952
v 0.078393 1.391199 0.053616
v 0.071977 1.391230 0.063208
v 0.066968 1.396577 0.050120
v 0.071592 1.390669 0.048516
v 0.068349 1.405501 0.038673
v 0.072024 1.397003 0.041661
v 0.076363 1.393870 0.038241
v 0.073981 1.403615 0.031729
v 0.233693 1.255712 0.030589
v 0.230459 1.232319 0.031579
v 0.243358 1.228168 0.000336
v 0.240887 1.255010 0.001512
v 0.250730 1.216464 -0.040734
v 0.242779 1.231675 -0.042333
v 0.247480 1.301486 0.014384
v 0.240529 1.299228 0.026759
v 0.246700 1.269313 -0.005507
v 0.256397 1.307290 0.012473
v 0.245406 1.243530 -0.045112
v 0.076318 1.402789 0.028511
v 0.071024 1.413830 0.026413
v 0.079128 1.409792 0.036599
v 0.090047 1.409233 0.019686
v 0.085982 1.420623 0.017526
v 0.083047 1.372483 0.050603
v 0.115144 1.396120 0.021690
v 0.101262 1.402345 0.017098
v 0.081909 1.391581 0.035210
v 0.091122 1.245110 -0.245611
v 0.046276 1.254476 -0.245808
v 0.048987 1.311721 -0.243275
v 0.105675 1.308026 -0.244911
v 0.156519 1.338270 -0.240252
v 0.185947 1.296373 -0.237278
v 0.157977 1.264812 -0.240826
v 0.141012 1.223080 -0.236455
v 0.092466 1.369739 -0.229614
v 0.142550 1.381286 -0.225393
v 0.046920 1.364752 -0.230691
v 0.088111 1.445553 -0.150012
v 0.120288 1.457544 -0.115972
v 0.134643 1.453437 -0.114982
v 0.101425 1.440328 -0.163362
v 0.046018 1.434119 -0.180396
v 0.043605 1.441490 -0.170525
v 0.157676 1.456966 -0.111399
v 0.146993 1.441447 -0.157567
v 0.141090 1.417766 -0.196849
v 0.092871 1.413174 -0.201567
v 0.045941 1.410942 -0.204080
v 0.300834 1.331759 0.007749
v 0.286331 1.315999 0.003282
v 0.299778 1.309581 -0.002349
v 0.307021 1.321872 0.003743
v 0.321063 1.330966 0.002702
v 0.317822 1.345882 0.009406
v 0.319238 1.311912 -0.007760
v 0.273246 1.337877 0.016027
v 0.269426 1.313729 0.003643
v 0.278526 1.334737 0.009247
v 0.288712 1.336378 0.005455
v 0.292230 1.348096 0.006804
v 0.312335 1.363481 0.006585
v 0.265085 1.413795 -0.015206
v 0.246944 1.384252 0.009047
v 0.263529 1.376744 0.008226
v 0.278282 1.392802 -0.000876
v 0.277688 1.369614 0.013991
v 0.305653 1.387453 0.000728
v 0.302878 1.412737 -0.021385
v 0.740366 1.347392 0.005640
v 0.736524 1.337938 0.004937
v 0.753432 1.327020 0.003147
v 0.753735 1.335907 0.005062
v 0.759036 1.327779 -0.001629
v 0.757382 1.339789 -0.001123
v 0.735124 1.331700 -0.001486
v 0.748733 1.323848 -0.001070
v 0.754178 1.323846 -0.005504
v 0.738468 1.330067 -0.010412
v 0.754114 1.340232 -0.011405
v 0.759461 1.331136 -0.007249
v 0.755841 1.327554 -0.010174
v 0.745939 1.334168 -0.015329
v 0.729510 1.346731 -0.019845
v 0.715677 1.351634 -0.027854
v 0.722928 1.358361 -0.032532
v 0.728810 1.357444 -0.023979
v 0.733477 1.366419 -0.038045
v 0.734409 1.368611 -0.023210
v 0.739248 1.353402 -0.015260
v 0.732473 1.382585 -0.019302
v 0.719108 1.380076 -0.010096
v 0.728985 1.368427 -0.004825
v 0.743076 1.354993 -0.002465
v 0.754664 1.373058 -0.030127
v 0.753926 1.383752 -0.025627
v 0.753945 1.371315 -0.042855
v 0.713532 1.360485 -0.046491
v 0.704352 1.356621 -0.039819
v 0.683258 1.362353 -0.055130
v 0.693530 1.361204 -0.066566
v 0.691714 1.359186 -0.083889
v 0.725023 1.364797 -0.080518
v 0.726333 1.365945 -0.067920
v 0.729563 1.366774 -0.052739
v 0.704602 1.390644 -0.018812
v 0.718126 1.396305 -0.028547
v 0.679365 1.404376 -0.036556
v 0.675373 1.398075 -0.029454
v 0.719415 1.401571 -0.041292
v 0.681683 1.408933 -0.046863
v 0.752938 1.393544 -0.032220
v 0.754093 1.394349 -0.043850
v 0.788516 1.375006 -0.108358
v 0.779884 1.372028 -0.110464
v 0.778918 1.379467 -0.114954
v 0.790058 1.379510 -0.111375
v 0.788094 1.384110 -0.107308
v 0.787486 1.378438 -0.102451
v 0.779152 1.386326 -0.109041
v 0.779624 1.382005 -0.098291
v 0.778771 1.391840 -0.089883
v 0.797078 1.391303 -0.088513
v 0.797239 1.382814 -0.095103
v 0.756168 1.387632 -0.110860
v 0.756112 1.387219 -0.100769
v 0.756051 1.392400 -0.091179
v 0.755273 1.372314 -0.099615
v 0.755620 1.370213 -0.110901
v 0.778397 1.373945 -0.088806
v 0.754954 1.373960 -0.089964
v 0.797195 1.375213 -0.088093
v 0.807469 1.390227 -0.086482
v 0.808498 1.384386 -0.093524
v 0.807973 1.377128 -0.085968
v 0.803060 1.384950 -0.030778
v 0.802438 1.373885 -0.037298
v 0.816712 1.376715 -0.042199
v 0.818256 1.386974 -0.036042
v 0.816720 1.392174 -0.044540
v 0.801522 1.393146 -0.039409
v 0.814180 1.381723 -0.053461
v 0.799507 1.390036 -0.050174
v 0.796397 1.378418 -0.078681
v 0.809109 1.384760 -0.077193
v 0.814031 1.377122 -0.068619
v 0.797158 1.374696 -0.069239
v 0.824835 1.387440 -0.072336
v 0.826882 1.380835 -0.067520
v 0.796210 1.389486 -0.078582
v 0.799821 1.376244 -0.049903
v 0.815321 1.378541 -0.059845
v 0.827901 1.384576 -0.060600
v 0.816163 1.391419 -0.058759
v 0.798394 1.376149 -0.058733
v 0.798448 1.393411 -0.058515
v 0.796813 1.393841 -0.068806
v 0.814182 1.393668 -0.067063
v 0.826728 1.391898 -0.066354
v 0.777869 1.394406 -0.068751
v 0.778639 1.394638 -0.057331
v 0.777796 1.391700 -0.079532
v 0.755479 1.393769 -0.079955
v 0.755206 1.395765 -0.068191
v 0.723653 1.401357 -0.082437
v 0.722861 1.403499 -0.069120
v 0.724269 1.398409 -0.094756
v 0.686454 1.406222 -0.101921
v 0.686024 1.409220 -0.088763
v 0.724671 1.395220 -0.105550
v 0.686546 1.401030 -0.112908
v 0.724701 1.389102 -0.114877
v 0.686287 1.391822 -0.120430
v 0.724541 1.378884 -0.117801
v 0.686172 1.380215 -0.122869
v 0.755802 1.379081 -0.116459
v 0.724638 1.369238 -0.113554
v 0.686646 1.368733 -0.119386
v 0.724851 1.364723 -0.103642
v 0.687688 1.360435 -0.109880
v 0.724759 1.364250 -0.092420
v 0.689153 1.358168 -0.097331
v 0.754011 1.374619 -0.079919
v 0.753120 1.373393 -0.068144
v 0.777296 1.375912 -0.079209
v 0.777033 1.373456 -0.068566
v 0.777355 1.374630 -0.057204
v 0.753268 1.374252 -0.056116
v 0.778023 1.372876 -0.046287
v 0.778944 1.372042 -0.033078
v 0.779470 1.383620 -0.027492
v 0.779496 1.393137 -0.035137
v 0.779095 1.391870 -0.046981
v 0.754930 1.396272 -0.056251
v 0.721986 1.403582 -0.054435
v 0.682995 1.411269 -0.059803
v 0.685035 1.411090 -0.074677
v 0.639201 1.415868 -0.081490
v 0.637629 1.415598 -0.067345
v 0.640165 1.413852 -0.095788
v 0.591620 1.418820 -0.099517
v 0.591471 1.421588 -0.083522
v 0.640422 1.409928 -0.108794
v 0.591702 1.412664 -0.113235
v 0.640161 1.402700 -0.119310
v 0.591599 1.402939 -0.124018
v 0.639986 1.391854 -0.125415
v 0.591599 1.389453 -0.129820
v 0.640200 1.379742 -0.126629
v 0.592241 1.374836 -0.130622
v 0.641089 1.367882 -0.123246
v 0.593643 1.361201 -0.127102
v 0.642488 1.359088 -0.115431
v 0.595225 1.350304 -0.120066
v 0.643151 1.354914 -0.104117
v 0.596106 1.344376 -0.108960
v 0.642967 1.354301 -0.091544
v 0.596041 1.342593 -0.095379
v 0.642526 1.354830 -0.077052
v 0.595321 1.342525 -0.081216
v 0.641019 1.355252 -0.065478
v 0.594181 1.343358 -0.067482
v 0.638538 1.357201 -0.052454
v 0.592293 1.346790 -0.054429
v 0.675746 1.364356 -0.045483
v 0.670536 1.369220 -0.035159
v 0.635168 1.363688 -0.042075
v 0.694140 1.355509 -0.032489
v 0.686664 1.360830 -0.023140
v 0.705639 1.347153 -0.020447
v 0.698788 1.350369 -0.010495
v 0.720796 1.341467 -0.013357
v 0.716540 1.342609 -0.003985
v 0.717439 1.349910 0.003606
v 0.699757 1.361125 -0.002929
v 0.722494 1.360578 0.004047
v 0.707474 1.372854 -0.003194
v 0.694025 1.382309 -0.013466
v 0.686830 1.371107 -0.015169
v 0.670683 1.388295 -0.026424
v 0.668773 1.377855 -0.028618
v 0.630882 1.385905 -0.034274
v 0.632078 1.374155 -0.035979
v 0.631383 1.397743 -0.036847
v 0.587438 1.394027 -0.039137
v 0.586804 1.380746 -0.037333
v 0.633957 1.406855 -0.043520
v 0.588549 1.405480 -0.044990
v 0.635584 1.412830 -0.054464
v 0.589747 1.413800 -0.054762
v 0.590773 1.419658 -0.068127
v 0.542630 1.424764 -0.063557
v 0.542277 1.418409 -0.049509
v 0.542394 1.427164 -0.080985
v 0.495931 1.427344 -0.081424
v 0.494369 1.424835 -0.064148
v 0.542534 1.423972 -0.099397
v 0.497309 1.423942 -0.100816
v 0.542915 1.415819 -0.115636
v 0.498128 1.415296 -0.117835
v 0.543484 1.404018 -0.127615
v 0.498718 1.402311 -0.130392
v 0.544099 1.388069 -0.133700
v 0.499348 1.385826 -0.136026
v 0.544703 1.371375 -0.133771
v 0.499461 1.368959 -0.135813
v 0.545539 1.356437 -0.129734
v 0.499084 1.353868 -0.131248
v 0.546502 1.344418 -0.122412
v 0.498670 1.341858 -0.123426
v 0.547268 1.336762 -0.111812
v 0.498555 1.333443 -0.112951
v 0.547290 1.333755 -0.098085
v 0.498500 1.329678 -0.099449
v 0.546638 1.333648 -0.082970
v 0.497924 1.329265 -0.084952
v 0.545502 1.335170 -0.068111
v 0.496967 1.331218 -0.070993
v 0.543566 1.340731 -0.054863
v 0.495680 1.336811 -0.058646
v 0.541408 1.351185 -0.045164
v 0.494340 1.347374 -0.049441
v 0.589786 1.355375 -0.045232
v 0.587617 1.367515 -0.039570
v 0.539796 1.365322 -0.038565
v 0.539447 1.381058 -0.034884
v 0.493578 1.378765 -0.042918
v 0.493514 1.361721 -0.043787
v 0.540409 1.395852 -0.034688
v 0.491477 1.394371 -0.039119
v 0.541536 1.408873 -0.039227
v 0.491483 1.408232 -0.041536
v 0.492776 1.418763 -0.050704
v 0.457154 1.412608 -0.056383
v 0.456122 1.400995 -0.048752
v 0.459053 1.420728 -0.069127
v 0.439189 1.417278 -0.071207
v 0.437832 1.408921 -0.058207
v 0.461701 1.423779 -0.086193
v 0.440907 1.420814 -0.088881
v 0.463921 1.420483 -0.104853
v 0.442108 1.418022 -0.108104
v 0.465254 1.411977 -0.121441
v 0.443235 1.409582 -0.125113
v 0.465672 1.398979 -0.133419
v 0.443392 1.396657 -0.136661
v 0.464360 1.383216 -0.139071
v 0.441133 1.381209 -0.142352
v 0.461836 1.366779 -0.138413
v 0.436445 1.364961 -0.140893
v 0.458636 1.352880 -0.132743
v 0.429367 1.350717 -0.134517
v 0.453770 1.341706 -0.123869
v 0.421037 1.339200 -0.125209
v 0.451113 1.335218 -0.113287
v 0.415267 1.332037 -0.114391
v 0.450381 1.332171 -0.100998
v 0.411792 1.328342 -0.102303
v 0.449604 1.331916 -0.088477
v 0.410569 1.327855 -0.089979
v 0.449222 1.333896 -0.076205
v 0.411492 1.330497 -0.077322
v 0.448372 1.338530 -0.065615
v 0.414471 1.336342 -0.065978
v 0.449946 1.346168 -0.056619
v 0.418705 1.344937 -0.056497
v 0.452571 1.357589 -0.049949
v 0.424508 1.356389 -0.049955
v 0.454591 1.372573 -0.046262
v 0.430604 1.369803 -0.046495
v 0.455638 1.387269 -0.046006
v 0.434382 1.383538 -0.046365
v 0.436478 1.396811 -0.050046
v 0.424750 1.396016 -0.049029
v 0.420601 1.382856 -0.044827
v 0.427292 1.408024 -0.057641
v 0.419076 1.407582 -0.056795
v 0.416548 1.396316 -0.046958
v 0.428897 1.416425 -0.071215
v 0.420752 1.416035 -0.070863
v 0.429830 1.419982 -0.089396
v 0.421483 1.419667 -0.089410
v 0.430575 1.417247 -0.109476
v 0.421702 1.417073 -0.110200
v 0.430404 1.408533 -0.126843
v 0.421757 1.408532 -0.127898
v 0.428983 1.395694 -0.138507
v 0.419691 1.395440 -0.139704
v 0.425507 1.380244 -0.143631
v 0.416157 1.379860 -0.144460
v 0.419627 1.364781 -0.142167
v 0.409240 1.364347 -0.146732
v 0.410793 1.350324 -0.136191
v 0.400519 1.345262 -0.142879
v 0.399839 1.338578 -0.127567
v 0.392671 1.330236 -0.134832
v 0.391908 1.329788 -0.116573
v 0.387119 1.317678 -0.122785
v 0.388698 1.324798 -0.103910
v 0.384427 1.310456 -0.107197
v 0.387195 1.323594 -0.089875
v 0.383855 1.308974 -0.089748
v 0.388906 1.327183 -0.076281
v 0.385783 1.314201 -0.071950
v 0.393936 1.334734 -0.063396
v 0.389751 1.325361 -0.056608
v 0.400299 1.345152 -0.053240
v 0.395770 1.338447 -0.046231
v 0.408325 1.357148 -0.047300
v 0.402672 1.353997 -0.039095
v 0.415288 1.370034 -0.044534
v 0.408477 1.369444 -0.037611
v 0.412175 1.383216 -0.040677
v 0.413156 1.383045 -0.031393
v 0.411994 1.366077 -0.027370
v 0.413929 1.398376 -0.040858
v 0.414172 1.402239 -0.033254
v 0.413830 1.385617 -0.020678
v 0.414339 1.410158 -0.052997
v 0.414296 1.414494 -0.048303
v 0.414682 1.418020 -0.069405
v 0.414303 1.423838 -0.066823
v 0.415110 1.421122 -0.089141
v 0.414361 1.428040 -0.089106
v 0.414929 1.417746 -0.110952
v 0.414337 1.424685 -0.112975
v 0.414889 1.409935 -0.129955
v 0.414184 1.414711 -0.133698
v 0.413769 1.396903 -0.143903
v 0.413940 1.400190 -0.149694
v 0.412636 1.379579 -0.152194
v 0.412972 1.381452 -0.161222
v 0.410759 1.360217 -0.154350
v 0.410863 1.357739 -0.167828
v 0.407201 1.335459 -0.151309
v 0.407776 1.328886 -0.166989
v 0.402946 1.315746 -0.140786
v 0.403518 1.302189 -0.157053
v 0.399125 1.301835 -0.127146
v 0.400279 1.281818 -0.139270
v 0.396686 1.293227 -0.109748
v 0.398180 1.269244 -0.115602
v 0.395794 1.292605 -0.090381
v 0.398192 1.267985 -0.089008
v 0.398508 1.298815 -0.068617
v 0.400565 1.277208 -0.060011
v 0.402428 1.312512 -0.050066
v 0.403391 1.296891 -0.036221
v 0.406775 1.328012 -0.036860
v 0.408117 1.320156 -0.021464
v 0.409715 1.347795 -0.029296
v 0.411336 1.344018 -0.014744
v 0.413052 1.365351 -0.014699
v 0.359762 1.361778 0.001101
v 0.361572 1.340504 -0.003528
v 0.358015 1.377933 -0.001518
v 0.357572 1.396150 -0.013750
v 0.356311 1.413307 -0.033318
v 0.356673 1.429742 -0.061547
v 0.303396 1.435673 -0.056202
v 0.357474 1.436149 -0.089845
v 0.302519 1.444655 -0.091572
v 0.359573 1.431627 -0.115921
v 0.306503 1.438017 -0.123253
v 0.361733 1.419330 -0.138880
v 0.313488 1.422190 -0.148315
v 0.364095 1.401665 -0.157379
v 0.319729 1.400679 -0.168334
v 0.366250 1.379249 -0.170081
v 0.323913 1.375350 -0.180601
v 0.366928 1.353524 -0.175431
v 0.325869 1.348022 -0.184735
v 0.365527 1.325221 -0.172200
v 0.325055 1.320146 -0.179979
v 0.362117 1.299242 -0.160262
v 0.321233 1.294673 -0.166133
v 0.357824 1.279726 -0.140775
v 0.315932 1.275730 -0.144212
v 0.354295 1.268527 -0.116313
v 0.312040 1.265156 -0.117416
v 0.352125 1.267838 -0.088496
v 0.310084 1.264479 -0.087732
v 0.352927 1.276774 -0.058440
v 0.310810 1.273197 -0.056566
v 0.356568 1.295140 -0.030157
v 0.314884 1.288783 -0.027362
v 0.360233 1.319395 -0.011771
v 0.284768 1.284807 -0.022558
v 0.281498 1.267001 -0.053129
v 0.271170 1.281474 -0.014722
v 0.265906 1.260028 -0.049521
v 0.255544 1.279471 -0.013115
v 0.253100 1.253914 -0.047972
v 0.244647 1.234191 -0.086061
v 0.253705 1.242084 -0.086559
v 0.266478 1.249910 -0.086344
v 0.252329 1.240894 -0.121393
v 0.265359 1.249394 -0.120098
v 0.281996 1.258287 -0.086999
v 0.282024 1.258721 -0.118521
v 0.263628 1.259059 -0.150788
v 0.283638 1.268392 -0.147483
v 0.249891 1.251607 -0.153025
v 0.247036 1.266415 -0.181992
v 0.263853 1.276851 -0.178522
v 0.287062 1.286530 -0.173171
v 0.259988 1.304090 -0.201740
v 0.289040 1.313355 -0.191113
v 0.235617 1.290355 -0.210782
v 0.218530 1.322295 -0.227518
v 0.252419 1.336748 -0.213694
v 0.288199 1.342979 -0.198146
v 0.245378 1.368718 -0.213595
v 0.284806 1.372048 -0.195247
v 0.202677 1.358102 -0.230315
v 0.192934 1.394062 -0.217596
v 0.238886 1.398817 -0.200995
v 0.279714 1.398891 -0.182708
v 0.234268 1.426687 -0.176278
v 0.273921 1.422505 -0.160717
v 0.188502 1.426643 -0.190431
v 0.188800 1.452534 -0.152874
v 0.233063 1.445908 -0.140059
v 0.268722 1.437353 -0.130144
v 0.235390 1.453440 -0.097090
v 0.266692 1.443848 -0.093213
v 0.193998 1.464672 -0.105273
v 0.199977 1.459794 -0.058669
v 0.236447 1.450497 -0.052560
v 0.266118 1.440043 -0.054150
v 0.235908 1.432115 -0.011548
v 0.204625 1.441264 -0.019110
v 0.201243 1.406687 0.013326
v 0.229441 1.396268 0.018795
v 0.166910 1.440255 -0.033925
v 0.168592 1.412877 -0.002518
v 0.162368 1.458862 -0.068530
v 0.143613 1.451588 -0.074124
v 0.144913 1.439767 -0.039912
v 0.130765 1.456129 -0.075300
v 0.131678 1.441452 -0.041713
v 0.116223 1.454472 -0.076605
v 0.119274 1.441501 -0.043877
v 0.107677 1.452427 -0.113779
v 0.097361 1.451627 -0.112593
v 0.106865 1.450284 -0.078204
v 0.081705 1.447460 -0.146284
v 0.073711 1.450201 -0.142035
v 0.042848 1.444396 -0.166364
v 0.038410 1.450851 -0.160728
v 0.043005 1.195953 -0.243862
v 0.042906 1.140943 -0.253010
v 0.086105 1.188682 -0.239840
v 0.086710 1.136847 -0.248854
v 0.131234 1.177763 -0.229561
v 0.132506 1.130616 -0.239895
v 0.172298 1.168394 -0.211154
v 0.177502 1.125195 -0.223270
v 0.181142 1.207182 -0.213242
v 0.208422 1.200243 -0.183526
v 0.205652 1.163918 -0.185891
v 0.196226 1.239808 -0.216902
v 0.220765 1.227010 -0.185794
v 0.214142 1.268775 -0.216615
v 0.235552 1.248837 -0.185944
v 0.242845 1.238624 -0.155298
v 0.234202 1.220300 -0.154410
v 0.242761 1.233132 -0.121533
v 0.243991 1.217874 -0.120806
v 0.247208 1.222589 -0.084688
v 0.249896 1.204341 -0.082446
v 0.241388 1.197884 -0.118543
v 0.255017 1.182025 -0.080821
v 0.246963 1.171407 -0.119216
v 0.255980 1.194195 -0.039443
v 0.272198 1.160282 -0.035773
v 0.273265 1.145307 -0.080155
v 0.249061 1.205360 0.001527
v 0.263066 1.173335 0.007083
v 0.234527 1.210975 0.036662
v 0.245281 1.182772 0.046501
v 0.209462 1.216862 0.072736
v 0.217390 1.193219 0.082587
v 0.208975 1.237099 0.066990
v 0.178178 1.246512 0.101963
v 0.174840 1.224805 0.103574
v 0.213985 1.261533 0.060352
v 0.186728 1.278640 0.083519
v 0.227038 1.301615 0.044060
v 0.206510 1.315662 0.056123
v 0.239402 1.346599 0.027584
v 0.219961 1.355022 0.037827
v 0.247851 1.343483 0.018166
v 0.259753 1.342308 0.019613
v 0.191055 1.369266 0.034683
v 0.177264 1.336470 0.059898
v 0.159927 1.383620 0.028011
v 0.144702 1.354109 0.057357
v 0.135051 1.391497 0.023995
v 0.115272 1.364740 0.053603
v 0.145117 1.417756 -0.007487
v 0.128954 1.420398 -0.009617
v 0.115176 1.422493 -0.011484
v 0.102680 1.424783 -0.012110
v 0.108564 1.440785 -0.045649
v 0.101002 1.447236 -0.045413
v 0.095432 1.434243 -0.010264
v 0.100253 1.455197 -0.078489
v 0.095955 1.463644 -0.077991
v 0.096551 1.456522 -0.044918
v 0.091449 1.458534 -0.112670
v 0.087096 1.467039 -0.111479
v 0.071218 1.459319 -0.142420
v 0.067209 1.467820 -0.140090
v 0.037027 1.458677 -0.163835
v 0.034592 1.467360 -0.160470
v 0.043975 1.091238 -0.269023
v 0.043669 1.042605 -0.277667
v 0.089613 1.088433 -0.264762
v 0.090261 1.040673 -0.273289
v 0.137724 1.083964 -0.254733
v 0.140040 1.037296 -0.262598
v 0.186043 1.079551 -0.236606
v 0.190353 1.033530 -0.243792
v 0.229424 1.077451 -0.207732
v 0.237207 1.031490 -0.212947
v 0.216440 1.122270 -0.197277
v 0.246454 1.124531 -0.163322
v 0.263264 1.080203 -0.168885
v 0.230457 1.164922 -0.154729
v 0.265015 1.132903 -0.122936
v 0.227259 1.197344 -0.152134
v 0.284407 1.088358 -0.124166
v 0.293533 1.102062 -0.076886
v 0.307975 1.055245 -0.067744
v 0.298860 1.040855 -0.120143
v 0.292065 1.119654 -0.028597
v 0.305453 1.076728 -0.016019
v 0.280140 1.136224 0.017269
v 0.291781 1.097093 0.031296
v 0.258387 1.149104 0.059071
v 0.267894 1.111832 0.072883
v 0.228518 1.160250 0.095751
v 0.239037 1.122034 0.109267
v 0.193840 1.172597 0.127148
v 0.206063 1.130696 0.141582
v 0.182018 1.205110 0.112612
v 0.144008 1.214295 0.137517
v 0.156053 1.182608 0.154166
v 0.140820 1.237289 0.132764
v 0.102705 1.251235 0.144809
v 0.104509 1.219948 0.158304
v 0.142884 1.266483 0.120457
v 0.112328 1.285528 0.119620
v 0.159510 1.298993 0.091279
v 0.128535 1.320903 0.088161
v 0.097434 1.333531 0.084381
v 0.082815 1.298223 0.116159
v 0.062862 1.342075 0.081562
v 0.051617 1.305845 0.113652
v 0.024571 1.347522 0.080824
v 0.021696 1.310521 0.113361
v 0.020512 1.270140 0.145012
v 0.044259 1.265342 0.144794
v 0.007860 1.313125 0.120206
v 0.010777 1.277104 0.151448
v 0.030380 1.488417 -0.149442
v 0.030833 1.481633 -0.150756
v 0.032710 1.475792 -0.156337
v 0.058860 1.481074 -0.132732
v 0.063264 1.476030 -0.137000
v 0.058301 1.488509 -0.132032
v 0.077472 1.487826 -0.105236
v 0.077168 1.479589 -0.106189
v 0.082560 1.474777 -0.109391
v 0.084488 1.476968 -0.075203
v 0.092029 1.471624 -0.076695
v 0.085821 1.486126 -0.073909
v 0.085742 1.479451 -0.043960
v 0.084792 1.469999 -0.045471
v 0.092146 1.464778 -0.044693
v 0.078330 1.458864 -0.014582
v 0.085347 1.453560 -0.010300
v 0.090250 1.444292 -0.009691
v 0.074260 1.444888 0.013552
v 0.080198 1.433228 0.016343
v 0.068228 1.448312 0.005602
v 0.057201 1.437777 0.017084
v 0.062751 1.438935 0.030057
v 0.071385 1.425820 0.034710
v 0.043337 1.430163 0.014371
v 0.046149 1.426258 0.024950
v 0.041788 1.442310 0.022340
v 0.088288 1.494894 -0.072965
v 0.088788 1.488939 -0.042856
v 0.080467 1.496496 -0.106089
v 0.084027 1.507255 -0.107492
v 0.091167 1.504948 -0.072906
v 0.060671 1.497472 -0.134853
v 0.063273 1.507649 -0.138271
v 0.031557 1.496467 -0.152507
v 0.033201 1.506603 -0.157120
v 0.035041 1.522743 -0.162715
v 0.020020 1.701693 0.016818
v 0.025888 1.708766 -0.014641
v 0.048954 1.696402 -0.016484
v 0.055435 1.692849 -0.052879
v 0.032255 1.709088 -0.053789
v 0.067791 1.682571 -0.017400
v 0.076663 1.683256 -0.052094
v 0.091652 1.668626 -0.016337
v 0.100465 1.664471 -0.051808
v 0.079477 1.669219 0.009300
v 0.096801 1.641450 0.004176
v 0.108484 1.640308 -0.018278
v 0.083822 1.639508 0.020069
v 0.069368 1.639605 0.031935
v 0.104071 1.607681 -0.002437
v 0.113029 1.632986 -0.054514
v 0.110107 1.626035 -0.094229
v 0.094438 1.622468 -0.125433
v 0.095286 1.588285 -0.123786
v 0.071946 1.587696 -0.153335
v 0.070971 1.623516 -0.151729
v 0.093330 1.552373 -0.117331
v 0.069496 1.549508 -0.148862
v 0.088956 1.523692 -0.110254
v 0.066329 1.523682 -0.143125
v 0.036930 1.549911 -0.169124
v 0.038813 1.588994 -0.173151
v 0.038482 1.626746 -0.169602
v 0.033682 1.701960 -0.094919
v 0.034232 1.683584 -0.131422
v 0.036142 1.658294 -0.156395
v 0.041197 0.999053 -0.274513
v 0.038867 0.966370 -0.263070
v 0.088341 0.997446 -0.269780
v 0.085801 0.965898 -0.257489
v 0.138675 0.995885 -0.259937
v 0.135639 0.966392 -0.248530
v 0.189255 0.993788 -0.241774
v 0.185698 0.966150 -0.232708
v 0.237563 0.992582 -0.210935
v 0.231740 0.965479 -0.203128
v 0.276766 0.992938 -0.165899
v 0.270906 0.966563 -0.158392
v 0.274939 1.032813 -0.169887
v 0.304854 0.998928 -0.112883
v 0.301987 0.969058 -0.103920
v 0.313515 1.013205 -0.054234
v 0.311794 0.985946 -0.042654
v 0.310146 1.036357 0.001375
v 0.306817 1.006441 0.017520
v 0.295370 1.058953 0.047418
v 0.293171 1.026568 0.063648
v 0.272558 1.071845 0.086594
v 0.246749 1.074358 0.122201
v 0.215654 1.085476 0.153276
v 0.181190 1.091786 0.184076
v 0.186443 1.043013 0.191526
v 0.170106 1.138346 0.171716
v 0.131242 1.142797 0.198711
v 0.143394 1.095725 0.212417
v 0.115957 1.185355 0.179453
v 0.075470 1.187214 0.196234
v 0.091985 1.144546 0.220311
v 0.067891 1.221535 0.167427
v 0.072194 1.259837 0.145256
v 0.103822 1.098020 0.236855
v 0.063119 1.098989 0.253319
v 0.064224 1.053076 0.264419
v 0.108733 1.051295 0.246440
v 0.022770 1.097532 0.257846
v 0.021971 1.053823 0.267300
v 0.037754 0.952008 -0.251299
v 0.036100 0.940110 -0.248404
v 0.084590 0.953221 -0.248635
v 0.082355 0.940992 -0.245708
v 0.133462 0.955069 -0.239453
v 0.132896 0.943742 -0.236618
v 0.181952 0.953707 -0.222960
v 0.180137 0.945459 -0.219077
v 0.224491 0.952536 -0.193963
v 0.222075 0.946366 -0.190641
v 0.262663 0.952704 -0.150709
v 0.259399 0.946044 -0.148439
v 0.259365 0.936229 -0.149033
v 0.222876 0.935745 -0.191279
v 0.259356 0.925261 -0.150625
v 0.223585 0.924773 -0.192419
v 0.284258 0.926816 -0.098111
v 0.283646 0.913785 -0.100550
v 0.258821 0.913068 -0.151890
v 0.292906 0.929011 -0.044399
v 0.293394 0.914692 -0.046325
v 0.296456 0.885069 -0.050975
v 0.287079 0.885748 -0.106060
v 0.301011 0.839397 -0.056155
v 0.293015 0.840485 -0.111983
v 0.294448 0.835307 -0.004616
v 0.287019 0.790135 -0.009431
v 0.292467 0.792914 -0.059359
v 0.280373 0.829632 0.042098
v 0.274402 0.785121 0.037789
v 0.259331 0.824529 0.084376
v 0.254154 0.780490 0.080666
v 0.261740 0.877758 0.077117
v 0.227962 0.819398 0.122771
v 0.226289 0.775399 0.115223
v 0.225648 0.863755 0.125200
v 0.185893 0.857755 0.156827
v 0.225879 0.898027 0.125930
v 0.191924 0.888786 0.153616
v 0.257377 0.906453 0.085095
v 0.226394 0.917499 0.127899
v 0.197432 0.909307 0.154467
v 0.221049 0.730919 0.103352
v 0.244982 0.736508 0.074324
v 0.213982 0.683577 0.093613
v 0.235197 0.690077 0.069084
v 0.227148 0.645996 0.066034
v 0.216297 0.602281 0.063334
v 0.236590 0.606307 0.030743
v 0.246719 0.651229 0.031610
v 0.253891 0.696558 0.031807
v 0.258669 0.656320 -0.011568
v 0.264139 0.701932 -0.012632
v 0.263668 0.741706 0.033866
v 0.274469 0.746411 -0.012314
v 0.266180 0.705487 -0.059065
v 0.278051 0.749916 -0.060471
v 0.261056 0.660539 -0.057288
v 0.251919 0.663327 -0.102357
v 0.258972 0.707404 -0.105638
v 0.272531 0.750771 -0.110126
v 0.236631 0.708696 -0.147924
v 0.250235 0.750930 -0.157469
v 0.287527 0.793444 -0.112905
v 0.263495 0.793060 -0.164690
v 0.212881 0.751324 -0.194928
v 0.225256 0.793302 -0.207096
v 0.267909 0.840227 -0.164595
v 0.231358 0.840766 -0.208590
v 0.177626 0.794056 -0.235617
v 0.184734 0.842813 -0.239619
v 0.227995 0.884839 -0.200510
v 0.263218 0.884995 -0.158074
v 0.184288 0.885195 -0.230816
v 0.134033 0.845600 -0.255660
v 0.135617 0.885824 -0.248175
v 0.180480 0.910672 -0.220833
v 0.223004 0.912533 -0.192708
v 0.134024 0.904496 -0.239630
v 0.087088 0.885239 -0.253662
v 0.086396 0.902215 -0.246682
v 0.133847 0.918632 -0.239570
v 0.181013 0.923223 -0.221218
v 0.083517 0.913131 -0.246308
v 0.042553 0.902127 -0.247136
v 0.038230 0.912736 -0.247325
v 0.082069 0.926911 -0.247506
v 0.133304 0.931532 -0.238116
v 0.036480 0.925418 -0.250024
v 0.042175 0.884709 -0.253536
v 0.040475 0.849903 -0.258349
v 0.084784 0.848346 -0.259215
v 0.076806 0.797460 -0.248588
v 0.034419 0.794657 -0.245436
v 0.126406 0.795902 -0.247636
v 0.118161 0.751879 -0.226375
v 0.167106 0.751936 -0.219063
v 0.158861 0.711846 -0.202552
v 0.112890 0.713607 -0.208052
v 0.201093 0.710371 -0.181216
v 0.193714 0.668744 -0.173002
v 0.153467 0.671192 -0.192372
v 0.228432 0.665998 -0.141916
v 0.221347 0.622655 -0.137287
v 0.187977 0.626398 -0.166993
v 0.244455 0.618659 -0.099259
v 0.233557 0.575183 -0.095827
v 0.212396 0.580474 -0.132368
v 0.252880 0.615060 -0.055553
v 0.241441 0.570463 -0.054065
v 0.249607 0.610746 -0.010665
v 0.237246 0.565453 -0.009982
v 0.224553 0.560408 0.027829
v 0.212019 0.515905 0.022364
v 0.223552 0.520537 -0.010758
v 0.207341 0.556193 0.054211
v 0.198038 0.512260 0.044005
v 0.179596 0.507959 0.059145
v 0.188273 0.470247 0.035268
v 0.200703 0.472608 0.015578
v 0.170029 0.468175 0.051004
v 0.182004 0.425689 0.025957
v 0.192244 0.429490 0.006722
v 0.170005 0.423055 0.040061
v 0.175160 0.386224 0.008438
v 0.185208 0.389702 -0.009203
v 0.163180 0.385125 0.021928
v 0.159283 0.340815 0.003430
v 0.170359 0.343896 -0.009154
v 0.146288 0.340267 0.014162
v 0.156256 0.303821 -0.008265
v 0.166229 0.305986 -0.020399
v 0.154907 0.272647 -0.016840
v 0.163063 0.271934 -0.028001
v 0.154863 0.244244 -0.019990
v 0.163778 0.242673 -0.031533
v 0.155231 0.221144 -0.016682
v 0.165355 0.220001 -0.028027
v 0.154652 0.201555 -0.009249
v 0.164470 0.199186 -0.020563
v 0.153286 0.183030 -0.003529
v 0.161236 0.182082 -0.016390
v 0.149355 0.164706 -0.017616
v 0.142999 0.145501 -0.017748
v 0.155592 0.136607 -0.032740
v 0.157780 0.158489 -0.034585
v 0.166200 0.174006 -0.036343
v 0.170890 0.134732 -0.066289
v 0.168698 0.154660 -0.072398
v 0.170721 0.113943 -0.062174
v 0.165426 0.088724 -0.105924
v 0.166515 0.105525 -0.107849
v 0.166209 0.130200 -0.112396
v 0.152129 0.094254 -0.143308
v 0.154258 0.115230 -0.143376
v 0.169671 0.161057 -0.115709
v 0.159662 0.150517 -0.145534
v 0.135648 0.111133 -0.165233
v 0.141684 0.148646 -0.165304
v 0.159398 0.189231 -0.141708
v 0.145805 0.191438 -0.162928
v 0.119280 0.148879 -0.177140
v 0.124413 0.193070 -0.176794
v 0.151879 0.233760 -0.161751
v 0.168942 0.227920 -0.139145
v 0.129708 0.237907 -0.176874
v 0.099967 0.194841 -0.181990
v 0.104307 0.240915 -0.183405
v 0.134451 0.284832 -0.175569
v 0.156665 0.280653 -0.158420
v 0.108492 0.288423 -0.183478
v 0.078857 0.243213 -0.181023
v 0.082117 0.291285 -0.181777
v 0.114133 0.336748 -0.181511
v 0.140673 0.332254 -0.172804
v 0.086719 0.339871 -0.180302
v 0.058033 0.292943 -0.171570
v 0.061213 0.341354 -0.170310
v 0.091943 0.387451 -0.175020
v 0.121020 0.384082 -0.175910
v 0.065276 0.388756 -0.165430
v 0.040756 0.341705 -0.153111
v 0.044439 0.388915 -0.148646
v 0.067314 0.433612 -0.157856
v 0.095279 0.432035 -0.167170
v 0.045403 0.433531 -0.141102
v 0.031442 0.388178 -0.125633
v 0.030736 0.432549 -0.118733
v 0.043620 0.476752 -0.136622
v 0.067158 0.475745 -0.152964
v 0.027534 0.477007 -0.113805
v 0.024159 0.431105 -0.091319
v 0.020294 0.476734 -0.085685
v 0.025368 0.522489 -0.112843
v 0.041686 0.520402 -0.136741
v 0.017574 0.523695 -0.083789
v 0.020151 0.475409 -0.053138
v 0.017463 0.523542 -0.049133
v 0.012682 0.570688 -0.083837
v 0.021261 0.568158 -0.114469
v 0.012831 0.571829 -0.047021
v 0.021748 0.520495 -0.012190
v 0.016673 0.567855 -0.007944
v 0.009236 0.607279 -0.046084
v 0.009248 0.610729 -0.083672
v 0.012499 0.608583 -0.007046
v 0.027928 0.567045 0.020240
v 0.017280 0.611806 0.020774
v 0.009081 0.632954 -0.007671
v 0.006755 0.629981 -0.045615
v 0.012759 0.640738 0.021287
v 0.027369 0.612006 0.047102
v 0.021991 0.647429 0.048962
v 0.009375 0.659226 0.020812
v 0.006615 0.650179 -0.006868
v 0.017122 0.667690 0.047971
v 0.036920 0.653266 0.073437
v 0.031457 0.677551 0.074059
v 0.013950 0.680748 0.046715
v 0.028024 0.690995 0.073281
v 0.056174 0.690459 0.099700
v 0.049992 0.706136 0.100439
v 0.021751 0.703610 0.074433
v 0.010840 0.692111 0.045099
v 0.037903 0.716356 0.108098
v 0.077457 0.725003 0.123311
v 0.059569 0.730140 0.137485
v 0.020533 0.719382 0.118802
v 0.010847 0.706082 0.080728
v 0.005691 0.706917 -0.108011
v 0.087302 0.702007 0.121963
v 0.098168 0.659500 0.112461
v 0.137510 0.655385 0.114494
v 0.062721 0.657972 0.097243
v 0.068789 0.608458 0.087385
v 0.103488 0.603581 0.097858
v 0.043860 0.611145 0.069481
v 0.054675 0.560800 0.065092
v 0.079349 0.558128 0.078154
v 0.036392 0.564618 0.043023
v 0.051429 0.514125 0.038745
v 0.069581 0.508244 0.058334
v 0.033912 0.516969 0.021496
v 0.037463 0.469115 0.012543
v 0.055106 0.465000 0.033599
v 0.025239 0.472664 -0.017905
v 0.028805 0.426768 -0.024717
v 0.039990 0.423289 0.003508
v 0.024065 0.429396 -0.059109
v 0.027661 0.386013 -0.065588
v 0.033002 0.383436 -0.033992
v 0.026756 0.387426 -0.097710
v 0.022606 0.342440 -0.100899
v 0.022798 0.342101 -0.070102
v 0.027470 0.341888 -0.129436
v 0.026452 0.293800 -0.128866
v 0.021062 0.294300 -0.100547
v 0.038634 0.293437 -0.153700
v 0.038592 0.245186 -0.152018
v 0.027896 0.245146 -0.125911
v 0.056275 0.244642 -0.170353
v 0.054393 0.197521 -0.167926
v 0.038606 0.197648 -0.148842
v 0.075686 0.196454 -0.179147
v 0.071835 0.151907 -0.177394
v 0.051339 0.152966 -0.165392
v 0.095317 0.150445 -0.181140
v 0.091010 0.110977 -0.180189
v 0.068826 0.112020 -0.175576
v 0.113506 0.109453 -0.176775
v 0.108184 0.084548 -0.175670
v 0.087169 0.080695 -0.176525
v 0.130975 0.089089 -0.165880
v 0.119259 0.075542 -0.153280
v 0.101659 0.067400 -0.162455
v 0.144336 0.078080 -0.138648
v 0.139827 0.061470 -0.137928
v 0.120802 0.052020 -0.157611
v 0.139296 0.039552 -0.140558
v 0.117901 0.030485 -0.157776
v 0.137365 0.018471 -0.141307
v 0.114588 0.014017 -0.158862
v 0.127871 0.002338 -0.138151
v 0.107541 0.003838 -0.152018
v 0.114064 0.000895 -0.128445
v 0.096578 0.001309 -0.142744
v 0.112667 0.000688 -0.102757
v 0.100995 0.000703 -0.119618
v 0.086111 0.000762 -0.133933
v 0.087044 0.000642 -0.110233
v 0.071751 0.001498 -0.147522
v 0.062140 0.007557 -0.154981
v 0.063410 0.019434 -0.158435
v 0.077780 0.020666 -0.164839
v 0.065223 0.034451 -0.159308
v 0.081217 0.037633 -0.165602
v 0.050719 0.031674 -0.146558
v 0.052894 0.060095 -0.149495
v 0.067414 0.061324 -0.159681
v 0.040980 0.059705 -0.133565
v 0.033639 0.060698 -0.114021
v 0.036631 0.081121 -0.140101
v 0.049547 0.080179 -0.158543
v 0.029414 0.083441 -0.116726
v 0.033701 0.064199 -0.091631
v 0.027994 0.085999 -0.091200
v 0.026574 0.113045 -0.119112
v 0.034434 0.112992 -0.144058
v 0.025773 0.111650 -0.090612
v 0.030858 0.088687 -0.065740
v 0.029722 0.113603 -0.064423
v 0.027440 0.150208 -0.089390
v 0.028120 0.151912 -0.119846
v 0.029981 0.151470 -0.063523
v 0.035304 0.117675 -0.040496
v 0.034673 0.159172 -0.040385
v 0.026881 0.195808 -0.069680
v 0.026848 0.195003 -0.092821
v 0.036095 0.200632 -0.049585
v 0.051292 0.165587 -0.024153
v 0.049172 0.207702 -0.033645
v 0.032640 0.246632 -0.053910
v 0.023527 0.245126 -0.073340
v 0.038192 0.248908 -0.033337
v 0.051542 0.253574 -0.015844
v 0.037661 0.293363 -0.026992
v 0.026589 0.293464 -0.047209
v 0.053421 0.293676 -0.011695
v 0.068875 0.257628 -0.005891
v 0.072399 0.293254 -0.001125
v 0.058272 0.333476 -0.002712
v 0.040922 0.336642 -0.019942
v 0.077619 0.331397 0.007987
v 0.089471 0.293153 0.004579
v 0.094129 0.331029 0.013214
v 0.081118 0.374364 0.022768
v 0.060718 0.376388 0.011006
v 0.097630 0.374071 0.028407
v 0.109199 0.332144 0.015847
v 0.111474 0.374217 0.030866
v 0.099525 0.416035 0.046742
v 0.080913 0.417087 0.040174
v 0.114461 0.415624 0.049743
v 0.123487 0.375752 0.032262
v 0.126206 0.416677 0.051002
v 0.115235 0.458219 0.057602
v 0.098429 0.459453 0.055600
v 0.128810 0.457626 0.057841
v 0.141955 0.453537 0.056941
v 0.131881 0.500164 0.069145
v 0.113476 0.503855 0.069822
v 0.153747 0.495816 0.066817
v 0.134615 0.549686 0.083976
v 0.108947 0.554332 0.084345
v 0.136197 0.600453 0.098975
v 0.091874 0.505530 0.066779
v 0.078220 0.461112 0.049380
v 0.057980 0.419760 0.025309
v 0.043392 0.379921 -0.008717
v 0.028768 0.339690 -0.041332
v 0.020821 0.293962 -0.071670
v 0.023177 0.245393 -0.098483
v 0.029573 0.196271 -0.121040
v 0.036215 0.153324 -0.146467
v 0.048829 0.112636 -0.163098
v 0.066719 0.079597 -0.170287
v 0.084008 0.063210 -0.164287
v 0.099667 0.042886 -0.166152
v 0.096090 0.022787 -0.166116
v 0.125866 0.333065 0.016769
v 0.105397 0.294913 0.007066
v 0.101620 0.263591 0.002232
v 0.085886 0.260233 -0.000383
v 0.086755 0.227457 -0.000942
v 0.100559 0.232941 0.000397
v 0.090384 0.200637 0.004779
v 0.101894 0.206205 0.004824
v 0.093804 0.183705 0.011028
v 0.104107 0.189054 0.011805
v 0.114299 0.194346 0.010989
v 0.113042 0.212173 0.003582
v 0.045230 0.122490 -0.019535
v 0.062877 0.125835 -0.004432
v 0.048218 0.097568 -0.018916
v 0.066016 0.103797 -0.000292
v 0.036818 0.093052 -0.041753
v 0.048437 0.082375 -0.049656
v 0.041271 0.070311 -0.070779
v 0.038732 0.048734 -0.068519
v 0.050683 0.060890 -0.047947
v 0.032626 0.038561 -0.090874
v 0.041148 0.028522 -0.068067
v 0.054289 0.038376 -0.046270
v 0.086107 0.112499 0.010297
v 0.081822 0.129014 0.002041
v 0.103211 0.121280 0.014055
v 0.097338 0.134894 0.004318
v 0.089634 0.151250 0.001758
v 0.103667 0.152307 -0.001893
v 0.108738 0.105619 0.014586
v 0.112662 0.092249 0.018428
v 0.123799 0.099102 0.021809
v 0.120419 0.074071 0.042258
v 0.133018 0.082092 0.041231
v 0.136564 0.054548 0.073133
v 0.149745 0.062889 0.068555
v 0.126169 0.044342 0.074689
v 0.149594 0.032759 0.110303
v 0.159466 0.040934 0.105444
v 0.118859 0.032698 0.075049
v 0.144561 0.023811 0.112695
v 0.142358 0.013430 0.113633
v 0.173400 0.012830 0.144047
v 0.171990 0.021857 0.142648
v 0.138688 0.006159 0.116523
v 0.172198 0.007646 0.150576
v 0.203541 0.009228 0.156519
v 0.200684 0.012865 0.151129
v 0.222342 0.010792 0.153079
v 0.218770 0.016229 0.147692
v 0.224695 0.000093 0.156003
v 0.212002 0.000497 0.128974
v 0.238192 0.011157 0.141571
v 0.233701 0.019373 0.138215
v 0.248951 0.011141 0.119616
v 0.244755 0.021325 0.120767
v 0.250016 0.022684 0.094732
v 0.247528 0.034042 0.098578
v 0.242040 0.032899 0.122192
v 0.244251 0.022211 0.064360
v 0.241702 0.030996 0.069516
v 0.233484 0.022375 0.038559
v 0.229856 0.032269 0.042366
v 0.216329 0.026026 0.008809
v 0.212522 0.038655 0.013434
v 0.216571 0.011897 0.007412
v 0.193330 0.017540 -0.022167
v 0.196168 0.032966 -0.021206
v 0.188796 0.005340 -0.021000
v 0.178068 0.003916 -0.012249
v 0.171056 0.010450 -0.049200
v 0.176396 0.022761 -0.049199
v 0.159496 0.008852 -0.043292
v 0.165756 0.003746 -0.002671
v 0.147743 0.008798 -0.035784
v 0.148058 0.004760 -0.067707
v 0.134924 0.006070 -0.060980
v 0.135494 0.008981 -0.028132
v 0.122543 0.006154 -0.053087
v 0.124080 0.000832 -0.082430
v 0.111037 0.000700 -0.072953
v 0.098903 0.000645 -0.093242
v 0.084395 0.000732 -0.084364
v 0.073266 0.000686 -0.102259
v 0.059988 0.000863 -0.095905
v 0.152643 0.004125 0.006628
v 0.138714 0.004695 0.015553
v 0.171395 0.000875 0.045504
v 0.154962 0.000899 0.054604
v 0.191002 0.000703 0.087151
v 0.139426 0.001108 0.061873
v 0.124334 0.005454 0.023398
v 0.192721 0.048048 -0.015363
v 0.184270 0.062975 -0.003640
v 0.205024 0.049750 0.022025
v 0.174795 0.078766 0.012788
v 0.194038 0.060243 0.035190
v 0.161500 0.095360 -0.001215
v 0.149899 0.100424 0.011759
v 0.161646 0.086119 0.026611
v 0.153543 0.110495 -0.007245
v 0.153117 0.128608 -0.009308
v 0.137977 0.100643 0.019191
v 0.147196 0.085859 0.035339
v 0.164748 0.067927 0.060536
v 0.180278 0.067451 0.049785
v 0.186178 0.052162 0.087556
v 0.200909 0.053058 0.074083
v 0.172035 0.047453 0.097944
v 0.204372 0.044088 0.108978
v 0.216700 0.044185 0.124854
v 0.225975 0.040364 0.134519
v 0.215543 0.026538 0.147112
v 0.231000 0.030501 0.137608
v 0.196804 0.022701 0.150311
v 0.213371 0.048154 0.060406
v 0.222962 0.040893 0.049613
v 0.004869 0.646183 -0.044750
v 0.003294 0.660710 -0.041177
v 0.004193 0.671390 -0.078052
v 0.005226 0.657583 -0.080832
v 0.002588 0.685166 -0.072023
v 0.010967 0.684654 -0.112563
v 0.013177 0.669956 -0.114619
v 0.008188 0.696770 -0.109216
v 0.032294 0.678322 -0.148078
v 0.035163 0.646066 -0.147339
v 0.014674 0.645419 -0.114662
v 0.066294 0.679527 -0.179568
v 0.067561 0.640771 -0.173806
v 0.110788 0.674713 -0.196033
v 0.107670 0.633561 -0.187373
v 0.149205 0.629153 -0.184664
v 0.144180 0.588391 -0.176476
v 0.103518 0.593462 -0.178694
v 0.181401 0.584939 -0.160302
v 0.174038 0.544521 -0.153438
v 0.138709 0.548776 -0.168327
v 0.202254 0.539476 -0.128075
v 0.192511 0.498828 -0.126490
v 0.166517 0.504714 -0.149221
v 0.221452 0.533032 -0.094005
v 0.209863 0.491561 -0.095285
v 0.228196 0.526659 -0.053842
v 0.215801 0.483828 -0.056592
v 0.210843 0.476398 -0.013994
v 0.200779 0.434876 -0.021712
v 0.205756 0.442878 -0.063271
v 0.193823 0.395103 -0.034047
v 0.198757 0.402633 -0.073103
v 0.188806 0.353477 -0.047990
v 0.192955 0.360353 -0.083902
v 0.180349 0.348130 -0.025414
v 0.175337 0.308477 -0.035368
v 0.183885 0.311997 -0.058960
v 0.170819 0.271162 -0.042646
v 0.178109 0.270287 -0.065772
v 0.180258 0.271866 -0.100821
v 0.187102 0.316861 -0.093671
v 0.172679 0.276068 -0.133193
v 0.179449 0.321896 -0.127760
v 0.186599 0.366271 -0.120015
v 0.163185 0.327079 -0.154358
v 0.171146 0.372340 -0.147825
v 0.193268 0.409482 -0.110202
v 0.178445 0.416486 -0.138714
v 0.148381 0.378620 -0.166667
v 0.155096 0.423113 -0.157792
v 0.184744 0.458403 -0.130184
v 0.200331 0.450866 -0.100830
v 0.160440 0.464809 -0.150585
v 0.126364 0.428544 -0.167795
v 0.129933 0.469922 -0.161868
v 0.133773 0.509698 -0.162337
v 0.096936 0.473593 -0.162449
v 0.097925 0.514069 -0.163709
v 0.099923 0.554060 -0.170109
v 0.066119 0.517512 -0.154086
v 0.065157 0.559746 -0.159681
v 0.065787 0.600839 -0.166968
v 0.038889 0.564492 -0.140416
v 0.036324 0.607455 -0.144610
v 0.017259 0.611010 -0.115363
v 0.006772 0.639525 -0.082097
v 0.180544 0.934461 -0.219998
v 0.060826 1.007878 0.267348
v 0.107288 0.969754 0.242699
v 0.108836 1.006656 0.248094
v 0.104315 0.943739 0.233098
v 0.149779 0.971783 0.215407
v 0.151541 1.005015 0.220564
v 0.186627 0.998300 0.193433
v 0.149677 1.048591 0.220054
v 0.101638 0.929177 0.221350
v 0.063625 1.414450 0.036232
v 0.056112 1.421034 0.031513
v 0.065172 1.423964 0.021841
v 0.089306 1.513498 0.019285
v 0.078246 1.516047 0.043473
v 0.058565 1.515928 0.062076
v 0.057730 1.497848 0.060251
v 0.039362 1.515595 0.079698
v 0.033379 1.499101 0.075023
v 0.056899 1.482889 0.056672
v 0.036813 1.482863 0.076892
v 0.015349 1.500045 0.082006
v 0.019070 1.482963 0.089046
v 0.019059 1.463277 0.080341
v 0.015429 1.453083 0.057456
v 0.013599 1.440348 0.036411
v 0.019489 1.514154 0.090559
v 0.104596 0.885272 0.207024
v 0.104016 0.877702 0.197725
v 0.053733 0.877896 0.220162
v 0.052132 0.867941 0.212090
v 0.026955 0.868582 0.234897
v 0.024172 0.858377 0.223878
v 0.019408 0.819370 0.214750
v 0.021347 0.839926 0.217296
v 0.058337 0.821945 0.209935
v 0.058199 0.844586 0.212863
v 0.105376 0.847455 0.197755
v 0.151208 0.848659 0.176336
v 0.142022 0.866175 0.180867
v 0.103374 0.864922 0.197756
v 0.055120 0.858605 0.212762
v 0.022325 0.851390 0.217670
v 0.162972 0.524714 0.075076
v 0.161694 0.524756 0.075374
v 0.162013 0.523210 0.075122
v 0.089202 0.025441 -0.000738
v 0.014608 1.565982 0.106408
v 0.010163 1.570307 0.115409
vn -0.0000 -0.2979 0.9546
vn -0.0000 -0.0218 0.9998
vn -0.2237 -0.0412 0.9738
vn -0.2645 -0.2892 0.9200
vn -0.2525 -0.5810 0.7738
vn -0.0000 -0.6297 0.7768
vn -0.0000 -0.9019 0.4320
vn -0.0000 -0.9899 0.1415
vn 0.5271 -0.8196 0.2246
vn 0.8381 -0.5143 0.1819
vn -0.0000 -0.7908 0.6121
vn 0.9520 -0.2126 0.2200
vn 0.9590 -0.1727 0.2249
vn 0.9778 -0.1786 0.1095
vn -0.0000 -0.3147 0.9492
vn -0.0000 -0.2292 0.9734
vn -0.0018 -0.2576 0.9663
vn -0.0510 -0.2640 0.9632
vn -0.0000 0.6289 0.7775
vn -0.0000 0.5832 0.8123
vn 0.4751 0.6654 0.5757
vn 0.6570 0.6444 0.3914
vn 0.4666 0.8823 0.0623
vn -0.0000 0.7377 0.6751
vn -0.9390 -0.1697 0.2991
vn -0.9369 0.1555 -0.3130
vn -0.9248 0.0256 -0.3796
vn -0.9601 -0.2784 0.0261
vn -0.9815 -0.1721 0.0834
vn -0.9942 -0.0506 0.0950
vn -0.9847 -0.0611 0.1635
vn -0.0443 0.3769 0.9252
vn -0.0000 0.4572 0.8894
vn -0.0000 0.6662 0.7458
vn -0.0998 0.6705 0.7352
vn -0.4504 0.5687 0.6883
vn -0.0000 0.3930 0.9195
vn -0.0000 0.3315 0.9435
vn 0.0267 0.4579 0.8886
vn -0.1135 0.4172 0.9017
vn -0.6422 -0.3324 0.6907
vn -0.7093 -0.5837 0.3952
vn -0.0000 -0.9718 0.2359
vn -0.0000 -0.5717 0.8205
vn -0.4414 0.2479 0.8624
vn -0.0000 0.4862 0.8738
vn -0.0000 0.5632 0.8263
vn -0.1818 0.5384 0.8229
vn -0.7040 0.3448 0.6208
vn -0.0000 0.5269 0.8499
vn -0.7235 -0.0476 0.6887
vn -0.9313 0.1728 0.3207
vn -0.4266 0.0862 0.9003
vn -0.4250 -0.2068 0.8812
vn -0.3747 0.4966 0.7829
vn -0.0000 0.8509 0.5253
vn -0.1401 0.8466 0.5135
vn -0.4831 0.7012 0.5243
vn -0.3284 0.6474 0.6878
vn -0.2288 0.4415 0.8676
vn -0.7673 0.2954 0.5693
vn -0.7687 0.2834 0.5734
vn -0.7171 0.3133 0.6226
vn -0.6316 0.4107 0.6576
vn -0.7044 0.4370 0.5593
vn -0.6798 0.5244 0.5127
vn -0.6863 0.2916 0.6663
vn -0.4568 0.8484 0.2676
vn -0.6027 0.7129 0.3586
vn -0.1201 0.5640 0.8170
vn -0.0000 0.6021 0.7984
vn -0.0000 -0.0161 0.9999
vn -0.4437 0.3246 0.8353
vn -0.3796 0.5294 0.7587
vn -0.6963 0.3668 0.6169
vn -0.6318 0.5138 0.5803
vn -0.9739 0.0597 0.2189
vn -0.9600 0.1129 0.2561
vn -0.7817 -0.4112 0.4689
vn -0.7606 -0.5957 0.2581
vn -0.5690 0.0606 0.8201
vn -0.7122 0.1243 0.6909
vn -0.0000 -0.1105 0.9939
vn -0.0000 -0.7871 0.6169
vn -0.4328 0.0892 0.8971
vn -0.5021 0.1673 0.8485
vn -0.4629 -0.2042 0.8626
vn -0.6605 0.0230 0.7505
vn -0.7816 0.0149 0.6236
vn -0.5530 -0.0002 0.8332
vn -0.5999 0.6790 -0.4232
vn -0.5846 0.7828 -0.2133
vn -0.4604 0.8614 -0.2146
vn -0.4669 0.7355 -0.4909
vn -0.5422 0.4643 -0.7004
vn -0.7411 0.4213 -0.5227
vn -0.8386 0.4863 -0.2455
vn -0.3530 -0.0527 0.9341
vn 0.0200 -0.0009 0.9998
vn 0.0287 -0.1186 0.9925
vn -0.3284 -0.1447 0.9334
vn -0.4323 0.1378 0.8911
vn 0.0137 0.2015 0.9794
vn -0.6314 -0.0473 0.7740
vn 0.0114 -0.9997 -0.0194
vn 0.3761 -0.9223 -0.0891
vn 0.1008 -0.9949 -0.0093
vn 0.0075 -0.9999 -0.0097
vn 0.0051 -0.9998 -0.0193
vn 0.0716 -0.9827 -0.1706
vn 0.7056 -0.6170 -0.3485
vn -0.0361 -0.9777 0.2071
vn 0.1011 -0.9944 -0.0318
vn 0.0977 -0.9952 -0.0046
vn -0.0050 -0.9781 0.2083
vn -0.0421 -0.9855 0.1645
vn -0.0697 -0.9809 0.1818
vn 0.3340 -0.8043 0.4915
vn 0.3617 -0.8166 0.4498
vn 0.4852 -0.8547 0.1846
vn 0.2093 0.8215 0.5305
vn 0.3110 0.8704 0.3818
vn 0.0983 0.9755 0.1966
vn 0.0299 0.9396 0.3410
vn 0.1652 0.4810 0.8610
vn 0.5078 0.5288 0.6801
vn -0.1633 0.6303 0.7590
vn -0.1524 0.9868 -0.0548
vn -0.5487 0.8359 -0.0136
vn -0.5137 0.8003 0.3094
vn -0.0922 0.9939 0.0612
vn -0.1349 0.9886 0.0676
vn -0.2822 0.9578 -0.0553
vn -0.5399 0.8233 -0.1751
vn 0.8467 -0.4675 0.2539
vn 0.9128 -0.0863 0.3991
vn 0.8852 0.0647 0.4607
vn 0.8325 -0.4434 0.3322
vn 0.3352 -0.9394 0.0723
vn 0.4611 -0.8854 0.0589
vn 0.0098 -0.9999 -0.0108
vn 0.3028 -0.7360 0.6055
vn -0.0114 -0.5578 0.8299
vn 0.0012 -0.9999 -0.0125
vn 0.0239 -0.9997 0.0013
vn 0.3160 -0.9279 0.1978
vn 0.0053 -1.0000 -0.0030
vn -0.7687 -0.5287 -0.3600
vn -0.8973 0.3258 -0.2979
vn -0.8499 0.1164 -0.5140
vn -0.6032 -0.6877 -0.4041
vn -0.8542 -0.5016 -0.1371
vn -0.9452 0.3205 -0.0624
vn 0.0145 -0.9999 -0.0018
vn 0.0086 -1.0000 -0.0017
vn 0.0047 -1.0000 -0.0055
vn -0.6646 -0.5010 0.5544
vn -0.8546 -0.4855 0.1841
vn 0.0039 -1.0000 -0.0037
vn 0.0105 -0.9990 -0.0442
vn 0.0221 -0.9993 -0.0297
vn -0.4528 -0.7893 -0.4147
vn 0.7642 -0.2852 0.5785
vn 0.7574 -0.3029 0.5784
vn 0.3764 -0.8926 0.2480
vn 0.8019 -0.3900 0.4527
vn 0.0347 -0.9990 0.0290
vn 0.8878 -0.2935 -0.3545
vn 0.3259 -0.9434 -0.0613
vn 0.7818 -0.0772 -0.6187
vn 0.9755 -0.0898 -0.2009
vn 0.7701 -0.6100 -0.1865
vn 0.9079 0.0053 -0.4192
vn 0.9844 -0.0000 -0.1757
vn 0.8178 -0.5224 0.2414
vn 0.2089 -0.9670 0.1456
vn 0.9866 -0.0380 0.1589
vn 0.7856 0.0878 0.6125
vn 0.6113 0.2299 0.7572
vn 0.6746 0.4565 0.5801
vn 0.8170 0.2532 0.5181
vn 0.8747 -0.0904 0.4762
vn 0.8349 -0.1029 0.5407
vn 0.8351 -0.0617 0.5466
vn 0.5767 -0.3606 0.7330
vn 0.4044 -0.1271 0.9057
vn 0.6764 -0.4935 0.5467
vn -0.8882 -0.2666 -0.3742
vn -0.6291 -0.7160 -0.3026
vn -0.5995 -0.7903 -0.1266
vn -0.9098 -0.2602 -0.3234
vn -0.9360 0.0175 -0.3517
vn -0.8930 -0.1245 -0.4325
vn -0.5349 -0.7935 -0.2902
vn -0.0959 -0.8831 -0.4593
vn -0.1144 -0.4036 -0.9078
vn 0.2994 -0.4385 -0.8474
vn 0.1066 -0.9327 -0.3447
vn -0.0646 -0.9977 -0.0217
vn -0.1187 -0.9925 0.0304
vn -0.9506 0.1915 -0.2445
vn -0.9179 0.0815 -0.3884
vn -0.9020 0.0850 -0.4233
vn -0.8642 0.4046 -0.2990
vn -0.8404 0.5204 -0.1511
vn -0.9742 0.2072 0.0897
vn -0.9913 -0.1204 0.0535
vn -0.9506 -0.1456 -0.2743
vn -0.9521 0.1024 0.2883
vn -0.2802 0.5021 0.8182
vn -0.6880 0.1155 0.7165
vn -0.7308 0.4063 0.5485
vn -0.3856 0.4803 0.7878
vn -0.7231 0.3335 0.6050
vn -0.3668 0.3253 0.8716
vn 0.0704 0.3587 0.9308
vn 0.0928 0.4503 0.8880
vn 0.0616 0.2288 0.9715
vn -0.0928 -0.1972 0.9759
vn -0.3496 -0.5031 0.7903
vn -0.0554 -0.5917 0.8042
vn -0.1549 -0.6332 0.7583
vn 0.1372 -0.3773 0.9159
vn 0.1722 -0.1786 0.9687
vn -0.0471 -0.5722 0.8188
vn -0.1233 -0.7312 0.6710
vn 0.1238 -0.0350 0.9917
vn -0.5917 -0.5166 0.6190
vn -0.6802 -0.4515 0.5774
vn -0.1183 -0.3412 0.9325
vn -0.0181 -0.5172 0.8557
vn 0.0871 0.0744 0.9934
vn -0.0478 0.1466 0.9880
vn -0.4099 -0.5282 0.7436
vn -0.1545 -0.7642 0.6262
vn -0.4864 0.0627 0.8715
vn 0.6071 0.0531 0.7929
vn 0.4187 0.1557 0.8947
vn 0.3865 0.0318 0.9217
vn 0.4298 -0.0852 0.8989
vn 0.7252 -0.0087 0.6885
vn 0.4050 0.0649 0.9120
vn 0.7178 0.0270 0.6957
vn -0.3037 0.3460 0.8877
vn -0.6523 0.2643 0.7104
vn -0.7377 -0.0824 0.6701
vn 0.0581 0.3642 0.9295
vn -0.6324 0.1847 0.7523
vn -0.6630 -0.0160 0.7484
vn -0.9816 -0.1846 0.0490
vn -0.9984 -0.0564 0.0021
vn -0.9755 -0.1155 0.1871
vn -0.9592 -0.0328 0.2809
vn -0.9909 -0.0722 0.1135
vn -0.9801 -0.1551 -0.1237
vn -0.9822 -0.1201 -0.1442
vn -0.9329 0.0274 0.3591
vn -0.0437 -0.1779 0.9831
vn -0.3783 -0.1886 0.9063
vn -0.4875 -0.2301 0.8423
vn -0.6789 -0.1629 0.7159
vn -0.2166 -0.4178 0.8823
vn -0.2139 -0.3925 0.8945
vn -0.0032 -0.4004 0.9163
vn -0.0235 -0.2983 0.9542
vn -0.3515 -0.6155 0.7054
vn -0.2574 -0.7129 0.6523
vn -0.0000 -0.8216 0.5700
vn -0.0000 -0.7280 0.6856
vn -0.3059 -0.4299 0.8495
vn -0.2339 -0.4572 0.8581
vn -0.1427 -0.8733 0.4659
vn -0.0000 -0.8844 0.4667
vn -0.2979 -0.3220 0.8986
vn -0.4947 -0.2767 0.8238
vn -0.1548 -0.3018 0.9407
vn -0.2022 -0.2533 0.9460
vn -0.4957 -0.2899 0.8187
vn -0.2029 -0.2932 0.9343
vn -0.4310 -0.2371 0.8706
vn -0.6114 -0.2386 0.7545
vn -0.3420 -0.2335 0.9102
vn -0.2078 -0.2646 0.9417
vn -0.4436 -0.2481 0.8612
vn 0.4711 -0.6477 -0.5988
vn 0.7229 -0.4971 -0.4800
vn 0.7419 -0.3370 -0.5796
vn 0.4151 -0.4634 -0.7829
vn 0.1749 -0.7196 -0.6720
vn 0.4115 -0.8044 -0.4286
vn 0.1774 -0.5561 -0.8119
vn -0.2662 -0.4095 0.8726
vn -0.0217 -0.5798 0.8145
vn -0.1633 -0.7284 0.6654
vn -0.2677 -0.4787 0.8362
vn -0.3471 -0.2313 0.9089
vn -0.4145 -0.2081 0.8859
vn -0.5278 -0.1401 0.8377
vn -0.4788 -0.2720 0.8347
vn -0.4546 -0.2948 0.8405
vn -0.1832 -0.3417 0.9218
vn 0.0855 -0.3432 0.9354
vn -0.3158 0.2002 0.9275
vn -0.4177 -0.0846 0.9046
vn -0.1258 0.1501 0.9806
vn -0.4568 0.3422 0.8211
vn -0.4125 -0.0056 0.9110
vn -0.2992 0.4069 0.8631
vn -0.2186 -0.7279 0.6499
vn -0.3576 -0.4026 0.8426
vn -0.3157 -0.3426 0.8849
vn -0.1643 -0.1822 0.9694
vn -0.7761 -0.0352 0.6297
vn -0.7637 -0.5245 0.3765
vn -0.7689 -0.3709 0.5208
vn -0.9139 -0.0250 0.4052
vn -0.4399 -0.2277 0.8687
vn -0.2740 -0.2567 0.9268
vn -0.3609 0.0271 0.9322
vn -0.3582 -0.1446 0.9224
vn -0.1818 -0.3937 0.9011
vn -0.2366 -0.4081 0.8818
vn -0.3839 -0.3533 0.8531
vn -0.2799 -0.3661 0.8875
vn -0.0000 0.3561 0.9345
vn -0.0503 -0.7726 0.6329
vn -0.2515 0.3968 0.8828
vn -0.1552 -0.0063 0.9879
vn -0.4125 -0.0286 0.9105
vn -0.4358 0.1998 0.8776
vn -0.5102 -0.2496 0.8230
vn -0.4808 -0.1566 0.8627
vn -0.4653 0.4889 0.7379
vn -0.6782 0.1386 0.7217
vn -0.9985 -0.0008 0.0554
vn -0.8809 -0.0288 0.4724
vn -0.9855 0.0179 0.1685
vn -0.9927 0.1078 0.0538
vn -0.6891 -0.0114 0.7246
vn -0.8478 0.1826 0.4979
vn -0.1272 -0.5602 0.8185
vn -0.1841 -0.2945 0.9377
vn -0.9856 0.0193 0.1679
vn -0.9837 0.0211 0.1785
vn -0.9789 0.0475 0.1985
vn -0.9480 -0.0694 0.3107
vn -0.4781 -0.5887 0.6518
vn -0.5864 -0.3504 0.7303
vn -0.6323 -0.4473 0.6326
vn -0.4135 -0.7064 0.5745
vn -0.4562 -0.6628 0.5937
vn -0.4954 -0.4951 0.7137
vn -0.6700 -0.2164 0.7101
vn -0.6520 0.1070 0.7507
vn -0.6217 -0.4720 0.6251
vn -0.7260 -0.3683 0.5807
vn -0.7459 0.0629 0.6631
vn -0.6602 -0.2632 0.7035
vn -0.6686 -0.4409 0.5989
vn -0.7080 -0.5429 0.4518
vn -0.6951 -0.1996 0.6907
vn -0.9359 -0.1465 0.3202
vn -0.8878 0.0953 0.4503
vn -0.7563 0.0899 0.6480
vn -0.7797 -0.0784 0.6212
vn -0.7209 -0.4376 0.5374
vn -0.8253 -0.4055 0.3930
vn -0.8192 -0.5406 0.1916
vn -0.9827 0.0489 0.1787
vn -0.9209 -0.3702 0.1224
vn -0.9815 -0.0667 0.1797
vn -0.7107 -0.6916 0.1288
vn -0.7419 -0.4290 0.5154
vn -0.7628 -0.2172 0.6091
vn -0.9313 -0.3635 -0.0230
vn -0.9966 -0.0607 -0.0559
vn -0.8846 -0.3451 0.3137
vn -0.9324 -0.2499 0.2611
vn -0.9140 -0.4024 0.0513
vn -0.9186 -0.3121 -0.2425
vn -0.9570 0.0119 -0.2897
vn -0.8003 -0.5737 -0.1742
vn -0.7545 0.0103 0.6562
vn -0.7132 0.0636 0.6981
vn -0.8325 0.0934 0.5460
vn -0.8313 -0.0688 0.5515
vn -0.9710 -0.2377 0.0259
vn -0.9915 -0.0790 0.1029
vn -0.9831 -0.1327 0.1259
vn -0.6836 0.3802 0.6230
vn -0.7826 0.1718 0.5983
vn -0.8145 0.0575 0.5773
vn -0.8786 -0.0658 0.4730
vn -0.8172 0.0364 0.5752
vn -0.5925 0.0981 0.7995
vn -0.9251 -0.0494 0.3765
vn -0.9235 -0.1762 -0.3407
vn -0.9363 -0.3084 -0.1682
vn -0.8948 -0.2104 0.3938
vn -0.8979 -0.0664 0.4352
vn -0.8250 -0.2688 0.4971
vn -0.9819 0.0306 -0.1870
vn -0.9910 -0.0189 0.1326
vn -0.9694 -0.0959 -0.2259
vn -0.9589 -0.1629 -0.2323
vn -0.2527 0.5810 0.7736
vn -0.0000 0.5613 0.8276
vn -0.0000 0.5449 0.8385
vn -0.4784 0.5342 0.6969
vn -0.1780 0.4996 0.8478
vn -0.0000 0.5062 0.8624
vn -0.5237 0.4703 0.7103
vn -0.4128 0.5292 0.7413
vn -0.0962 0.6392 0.7630
vn -0.1790 0.5005 0.8470
vn -0.0566 0.5871 0.8075
vn 0.2999 0.4608 0.8353
vn 0.1768 0.4097 0.8949
vn 0.6769 0.7262 0.1206
vn 0.7360 0.6708 0.0910
vn -0.1951 -0.3127 0.9296
vn -0.4062 -0.4149 0.8142
vn 0.8057 0.5900 0.0521
vn -0.0000 0.2787 0.9604
vn -0.0000 -0.2723 0.9622
vn -0.5588 -0.7296 0.3942
vn -0.4418 -0.7956 0.4145
vn -0.5640 -0.6071 0.5597
vn -0.6516 -0.6049 0.4577
vn -0.6710 -0.6275 0.3950
vn -0.5602 -0.6752 0.4799
vn -0.4115 -0.6998 0.5838
vn -0.9653 -0.2167 0.1460
vn -0.9651 -0.1007 0.2416
vn -0.9419 -0.2682 -0.2022
vn 0.5263 0.4241 0.7370
vn 0.5445 0.3572 0.7589
vn -0.9464 -0.3193 -0.0494
vn -0.9213 -0.3686 0.1238
vn -0.7885 -0.5162 0.3343
vn -0.6729 -0.5423 0.5031
vn -0.7441 -0.5252 0.4129
vn -0.7889 -0.1723 0.5899
vn -0.4154 0.0442 0.9086
vn -0.7987 -0.3204 0.5094
vn -0.8693 -0.3921 0.3009
vn -0.8917 -0.4261 0.1527
vn -0.9340 -0.2367 0.2676
vn 0.6225 0.6587 0.4225
vn -0.0000 0.7579 -0.6524
vn -0.0000 0.8403 -0.5421
vn -0.3189 -0.0048 0.9478
vn 0.0155 -0.3076 0.9514
vn -0.2460 -0.9544 -0.1690
vn -0.8136 -0.0029 0.5813
vn 0.4964 0.5619 0.6617
vn -0.2261 0.5830 0.7804
vn -0.1052 0.5817 0.8066
vn -0.2530 0.5816 0.7731
vn 0.2408 0.8313 0.5010
vn -0.4095 0.5520 0.7264
vn -0.7155 0.4167 0.5607
vn 0.2922 -0.1466 0.9450
vn 0.6523 -0.6755 -0.3438
vn 0.1988 0.1051 0.9744
vn 0.0799 0.6290 0.7733
vn -0.7018 0.0052 0.7123
vn -0.4094 -0.2146 0.8867
vn 0.7678 -0.5612 0.3091
vn 0.9727 0.0923 0.2131
vn 0.4357 -0.8638 -0.2529
vn 0.7497 -0.6297 -0.2037
vn -0.0649 -0.4855 0.8718
vn -0.6653 -0.6665 0.3364
vn 0.6203 -0.6309 -0.4660
vn 0.7312 -0.4905 -0.4741
vn -0.4860 -0.7701 -0.4132
vn 0.4363 -0.6445 -0.6279
vn -0.9609 -0.1059 0.2560
vn -0.9636 0.1904 0.1879
vn -0.8962 0.1015 0.4319
vn -0.8928 -0.0732 0.4445
vn -0.9949 0.0935 0.0385
vn -0.9675 0.2530 0.0028
vn -0.8065 -0.0798 0.5859
vn -0.7218 -0.2246 0.6547
vn -0.5561 -0.3629 0.7477
vn -0.8365 -0.3884 0.3865
vn -0.9218 -0.3494 0.1682
vn -0.1531 0.2723 0.9500
vn 0.6659 -0.5488 -0.5054
vn -0.9121 0.1566 0.3789
vn -0.7934 0.3284 0.5125
vn -0.5615 0.4413 0.6999
vn -0.1710 0.6427 0.7468
vn -0.2101 0.7132 0.6687
vn -0.1120 0.7325 0.6715
vn -0.1045 0.6782 0.7274
vn -0.0254 0.1001 -0.9947
vn 0.0062 0.1379 -0.9904
vn -0.0066 -0.0025 -1.0000
vn -0.0614 -0.0572 -0.9965
vn -0.2307 -0.1312 -0.9641
vn -0.2808 -0.0945 -0.9551
vn -0.0779 0.1731 -0.9818
vn -0.2552 -0.1657 -0.9526
vn 0.0044 0.4568 -0.8896
vn 0.0157 0.3983 -0.9171
vn 0.0047 0.3691 -0.9294
vn -0.0519 0.8774 -0.4770
vn -0.0529 0.9840 -0.1703
vn -0.0196 0.9877 -0.1550
vn -0.0269 0.9430 -0.3316
vn -0.0760 0.8428 -0.5328
vn -0.0511 0.7876 -0.6140
vn 0.0799 0.9078 -0.4117
vn 0.1707 0.9792 -0.1097
vn -0.0117 0.6824 -0.7309
vn 0.0331 0.7291 -0.6836
vn -0.0187 0.6241 -0.7811
vn -0.2232 -0.4341 0.8728
vn -0.2356 -0.5751 0.7834
vn -0.1411 -0.3962 0.9073
vn 0.0050 -0.1822 0.9832
vn -0.1059 -0.0604 0.9925
vn -0.2392 -0.3671 0.8989
vn -0.2332 -0.5724 0.7861
vn -0.4480 -0.3527 0.8215
vn -0.4346 -0.4483 0.7811
vn -0.4360 -0.2117 0.8747
vn -0.1598 -0.0243 0.9869
vn -0.1008 -0.2099 0.9725
vn -0.1093 0.1841 0.9768
vn -0.0847 0.5729 0.8153
vn -0.1157 0.4194 0.9004
vn -0.4288 0.3651 0.8263
vn -0.2857 0.6738 0.6815
vn -0.1251 0.4885 0.8635
vn -0.0965 0.2801 0.9551
vn -0.1203 0.7559 0.6435
vn -0.4413 0.1062 0.8910
vn -0.2985 -0.5424 0.7853
vn 0.2356 -0.3622 0.9018
vn -0.2214 0.2761 0.9353
vn -0.8477 0.4494 0.2818
vn -0.8825 -0.4118 0.2271
vn 0.2220 -0.9210 0.3202
vn 0.4715 -0.8159 0.3346
vn -0.2546 -0.9477 -0.1926
vn 0.3375 -0.8122 -0.4758
vn -0.9008 -0.0684 -0.4288
vn -0.7056 0.3474 -0.6176
vn -0.4389 -0.5266 -0.7280
vn -0.1449 -0.3363 -0.9306
vn -0.6100 -0.4840 -0.6275
vn -0.4696 -0.7782 -0.4169
vn -0.1493 -0.8150 -0.5599
vn -0.2033 -0.4804 -0.8532
vn -0.8937 -0.3492 0.2816
vn -0.3961 -0.9109 -0.1156
vn -0.7383 0.3181 -0.5948
vn -0.5621 0.5831 0.5866
vn -0.2807 0.6369 0.7180
vn -0.4042 0.4361 0.8040
vn -0.6685 0.6675 0.3278
vn -0.1867 0.1664 0.9682
vn -0.2030 -0.7848 0.5855
vn -0.1367 -0.9893 -0.0519
vn -0.1023 -0.9947 0.0027
vn 0.0007 -1.0000 -0.0022
vn 0.0054 -0.9492 -0.3146
vn -0.2057 -0.9483 -0.2418
vn -0.2336 -0.9723 -0.0116
vn -0.2285 -0.9723 0.0493
vn -0.1261 -0.9905 0.0553
vn -0.2735 -0.9540 -0.1230
vn -0.1473 0.8393 0.5233
vn -0.0066 0.7174 0.6966
vn 0.1191 0.6232 0.7729
vn -0.0118 0.8419 0.5395
vn -0.0828 0.9469 0.3106
vn -0.1610 0.9516 0.2619
vn -0.1259 0.8553 0.5026
vn -0.1328 0.9804 0.1456
vn -0.8168 0.0755 -0.5720
vn -0.1983 0.0617 -0.9782
vn -0.2197 -0.9427 -0.2511
vn -0.6873 -0.7263 -0.0117
vn -0.6007 -0.1644 0.7824
vn -0.6833 0.7301 -0.0114
vn -0.2328 0.9353 -0.2664
vn -0.7835 0.0765 -0.6166
vn -0.1837 -0.0535 -0.9815
vn -0.1276 0.9394 -0.3182
vn -0.1009 0.9245 -0.3677
vn -0.1814 0.9455 -0.2704
vn -0.1323 0.8483 -0.5128
vn -0.1744 0.9335 -0.3133
vn -0.1459 -0.8936 -0.4244
vn -0.2140 -0.9759 0.0421
vn -0.2031 -0.9791 -0.0110
vn -0.1174 -0.9825 -0.1448
vn -0.1914 -0.9597 -0.2059
vn -0.6497 0.0486 -0.7587
vn -0.6238 0.7683 -0.1435
vn -0.6744 -0.7360 -0.0590
vn -0.7673 0.1895 0.6126
vn -0.7094 -0.6967 0.1064
vn -0.2436 -0.8885 0.3889
vn -0.2566 0.1358 0.9569
vn -0.1122 0.9757 0.1883
vn -0.6468 0.7490 -0.1437
vn -0.1449 0.9881 0.0524
vn -0.8834 -0.3413 0.3212
vn -0.7511 0.0747 -0.6560
vn -0.1863 -0.9824 -0.0149
vn -0.1518 -0.9732 -0.1727
vn -0.2890 -0.9127 -0.2889
vn -0.7085 -0.6466 -0.2827
vn -0.5654 0.1505 -0.8109
vn -0.1383 0.9831 -0.1196
vn -0.1603 -0.9822 -0.0978
vn -0.3310 0.7064 0.6256
vn -0.8788 -0.0966 0.4674
vn -0.3569 -0.8345 0.4199
vn -0.1451 -0.9859 0.0832
vn -0.1251 0.9512 0.2819
vn -0.1695 0.9662 -0.1944
vn -0.0991 0.9706 -0.2193
vn -0.6604 0.7418 -0.1163
vn -0.0795 0.9895 0.1209
vn -0.0661 0.9877 -0.1418
vn -0.0707 0.9901 -0.1213
vn -0.1510 0.9836 -0.0985
vn -0.1494 0.9783 -0.1437
vn -0.2184 0.9736 -0.0668
vn -0.2279 0.9601 -0.1623
vn -0.2342 0.9336 -0.2711
vn -0.1756 0.9681 -0.1790
vn -0.1788 0.9279 -0.3273
vn -0.1670 0.7848 -0.5968
vn -0.2159 0.8842 -0.4143
vn -0.1398 0.4340 -0.8900
vn -0.1636 0.6221 -0.7657
vn -0.1159 -0.0546 -0.9918
vn -0.1154 -0.0481 -0.9921
vn -0.0812 0.0005 -0.9967
vn -0.1330 -0.7185 -0.6827
vn -0.1148 -0.5518 -0.8261
vn -0.1206 -0.8961 -0.4271
vn -0.1827 -0.9663 -0.1815
vn -0.1218 -0.9892 -0.0811
vn -0.2242 -0.9744 0.0134
vn -0.1664 -0.9860 0.0051
vn -0.1623 -0.9867 -0.0123
vn -0.0510 -0.9967 -0.0626
vn -0.0579 -0.9982 -0.0151
vn -0.1424 -0.9882 -0.0563
vn -0.0523 -0.9984 -0.0227
vn -0.0572 -0.9933 -0.1005
vn -0.1047 -0.8589 0.5013
vn -0.1280 0.1028 0.9864
vn -0.0709 0.9190 0.3879
vn -0.0669 0.9953 0.0695
vn -0.1528 0.9846 0.0850
vn -0.2011 0.9749 0.0960
vn -0.1268 0.9864 0.1043
vn -0.1586 0.9857 -0.0571
vn -0.0766 0.9859 0.1490
vn -0.1097 0.9928 -0.0486
vn -0.1172 0.9681 -0.2214
vn -0.1104 0.9934 -0.0312
vn -0.1030 0.9546 -0.2796
vn -0.0874 0.8436 -0.5298
vn -0.1094 0.8931 -0.4364
vn -0.0772 0.5917 -0.8024
vn -0.0997 0.6756 -0.7305
vn -0.0759 0.2322 -0.9697
vn -0.0913 0.3141 -0.9450
vn -0.0864 -0.1007 -0.9912
vn -0.0933 -0.0708 -0.9931
vn -0.1153 -0.4060 -0.9066
vn -0.1160 -0.4547 -0.8831
vn -0.1627 -0.7255 -0.6687
vn -0.1468 -0.8052 -0.5745
vn -0.1978 -0.9309 -0.3070
vn -0.1594 -0.9677 -0.1950
vn -0.2094 -0.9761 -0.0573
vn -0.1667 -0.9860 0.0051
vn -0.2099 -0.9765 0.0484
vn -0.1735 -0.9820 0.0751
vn -0.1927 -0.9640 0.1835
vn -0.1754 -0.9713 0.1607
vn -0.1398 -0.8618 0.4875
vn -0.1341 -0.9085 0.3958
vn 0.1336 -0.9757 0.1740
vn -0.0265 -0.6864 0.7267
vn 0.3196 -0.7660 0.5578
vn 0.6733 -0.6721 0.3081
vn 0.3547 -0.9222 -0.1543
vn 0.6353 -0.6973 0.3318
vn 0.2942 -0.9206 -0.2566
vn 0.4999 -0.7835 0.3692
vn 0.3043 -0.8767 -0.3724
vn 0.5757 -0.1077 0.8106
vn 0.3575 -0.2574 0.8977
vn 0.1774 0.4497 0.8754
vn -0.0384 0.3485 0.9365
vn 0.6529 -0.1162 0.7485
vn 0.3213 0.4314 0.8430
vn 0.3803 -0.3023 0.8740
vn 0.2878 0.2144 0.9334
vn 0.0779 -0.3428 0.9362
vn 0.1239 0.0371 0.9916
vn 0.1075 0.4328 0.8951
vn 0.0018 -0.0410 0.9992
vn -0.0146 0.2843 0.9586
vn -0.0466 0.6348 0.7712
vn 0.0472 0.7590 0.6494
vn -0.0770 0.8660 0.4942
vn -0.0218 0.9247 0.3800
vn -0.1004 0.9674 0.2325
vn -0.0621 0.8241 0.5631
vn -0.0636 0.9580 0.2797
vn -0.0568 0.9983 -0.0144
vn 0.0814 0.9524 0.2938
vn 0.0508 0.9987 -0.0107
vn 0.0253 0.9494 -0.3130
vn -0.0519 0.9508 -0.3056
vn 0.0006 0.8075 -0.5898
vn -0.0491 0.8173 -0.5742
vn -0.0299 0.5309 -0.8469
vn -0.0524 0.5515 -0.8325
vn -0.0562 0.1631 -0.9850
vn -0.0584 0.1895 -0.9802
vn -0.0617 -0.1635 -0.9846
vn -0.0637 -0.1261 -0.9900
vn -0.0489 -0.4392 -0.8970
vn -0.0717 -0.3994 -0.9140
vn -0.0330 -0.6940 -0.7192
vn -0.0912 -0.6853 -0.7226
vn -0.0237 -0.9040 -0.4269
vn -0.1172 -0.9109 -0.3956
vn -0.0199 -0.9907 -0.1347
vn -0.1307 -0.9857 -0.1065
vn -0.0120 -0.9982 0.0580
vn -0.1291 -0.9903 0.0520
vn 0.0085 -0.9624 0.2716
vn -0.1082 -0.9639 0.2434
vn 0.0423 -0.8178 0.5739
vn -0.0614 -0.8216 0.5667
vn 0.0751 -0.5568 0.8272
vn -0.0088 -0.5511 0.8344
vn -0.0617 -0.6009 0.7970
vn 0.0317 -0.2880 0.9571
vn -0.0102 -0.3173 0.9483
vn 0.0382 -0.1062 0.9936
vn 0.1021 -0.2743 0.9562
vn 0.1173 -0.1352 0.9838
vn 0.1384 0.0507 0.9891
vn 0.0003 0.1434 0.9897
vn 0.1503 0.4560 0.8772
vn -0.0422 0.5328 0.8452
vn 0.1204 0.7920 0.5986
vn 0.1928 0.4053 0.8936
vn 0.2128 0.7361 0.6426
vn 0.1769 0.9317 0.3171
vn 0.1112 0.7219 0.6830
vn 0.1326 0.9273 0.3501
vn 0.1052 0.9944 0.0061
vn 0.1214 0.9925 -0.0111
vn 0.0493 0.9503 -0.3073
vn 0.0627 0.9467 -0.3160
vn -0.0145 0.7941 -0.6076
vn 0.0058 0.7995 -0.6006
vn -0.0712 0.5048 -0.8603
vn -0.0517 0.5165 -0.8547
vn -0.1006 0.1105 -0.9888
vn -0.0922 0.1397 -0.9859
vn -0.0977 -0.2732 -0.9570
vn -0.0933 -0.2228 -0.9704
vn -0.0896 -0.5483 -0.8315
vn -0.0682 -0.5043 -0.8608
vn -0.0949 -0.7619 -0.6407
vn -0.0490 -0.7394 -0.6715
vn -0.1107 -0.9093 -0.4012
vn -0.0379 -0.9142 -0.4036
vn -0.1297 -0.9795 -0.1544
vn -0.0279 -0.9897 -0.1406
vn -0.1338 -0.9877 0.0807
vn -0.0189 -0.9974 0.0689
vn -0.1169 -0.9414 0.3164
vn 0.0036 -0.9574 0.2888
vn -0.0937 -0.8330 0.5452
vn 0.0222 -0.8352 0.5495
vn -0.0824 -0.6486 0.7567
vn 0.0416 -0.6123 0.7895
vn -0.0757 -0.4031 0.9120
vn 0.0474 -0.3364 0.9405
vn -0.0626 -0.1513 0.9865
vn 0.0537 -0.1247 0.9907
vn -0.0265 0.1142 0.9931
vn 0.1097 0.0662 0.9918
vn 0.0428 0.4122 0.9101
vn -0.2818 0.0984 0.9544
vn -0.1389 0.4310 0.8916
vn -0.0187 0.7325 0.6805
vn -0.6729 0.3074 0.6728
vn -0.3969 0.6911 0.6041
vn -0.1929 0.9194 0.3427
vn 0.0471 0.9313 0.3613
vn -0.0979 0.9949 0.0235
vn 0.0510 0.9984 0.0247
vn -0.1006 0.9542 -0.2816
vn 0.0141 0.9550 -0.2963
vn -0.1984 0.7895 -0.5808
vn -0.0407 0.7930 -0.6078
vn -0.3759 0.4522 -0.8088
vn -0.0783 0.4926 -0.8667
vn -0.6075 0.0269 -0.7938
vn -0.1221 0.0962 -0.9878
vn -0.8734 -0.3358 -0.3528
vn -0.2269 -0.2881 -0.9303
vn -0.9105 -0.3787 0.1662
vn -0.3535 -0.5950 -0.7218
vn -0.9117 -0.1884 0.3652
vn -0.5084 -0.7605 -0.4039
vn -0.9435 0.0405 0.3289
vn -0.6398 -0.7475 -0.1787
vn -0.9714 0.1794 0.1558
vn -0.6909 -0.7207 -0.0578
vn -0.9710 0.2304 -0.0640
vn -0.7283 -0.6841 0.0407
vn -0.9471 0.1745 -0.2693
vn -0.7030 -0.6992 0.1302
vn -0.9270 0.0133 -0.3748
vn -0.6403 -0.7175 0.2742
vn -0.9192 -0.1665 -0.3567
vn -0.5871 -0.6662 0.4599
vn -0.9358 -0.2930 -0.1961
vn -0.5119 -0.5018 0.6972
vn -0.9542 -0.2771 0.1128
vn -0.4172 -0.2249 0.8805
vn -0.8878 -0.0756 0.4539
vn -0.9628 -0.1245 -0.2400
vn -0.9902 -0.1137 -0.0816
vn -0.9938 0.0070 0.1113
vn -0.7768 0.2637 0.5719
vn -0.7553 0.4481 0.4782
vn -0.7295 0.5656 0.3845
vn -0.9402 0.2510 0.2301
vn -0.7031 0.6666 0.2477
vn -0.8496 0.4928 0.1881
vn -0.6932 0.7204 0.0228
vn -0.7831 0.6216 0.0163
vn -0.6921 0.6877 -0.2192
vn -0.7640 0.6182 -0.1847
vn -0.7022 0.5819 -0.4102
vn -0.8324 0.4411 -0.3355
vn -0.7307 0.4168 -0.5407
vn -0.9317 0.1488 -0.3313
vn -0.7485 0.2176 -0.6265
vn -0.9890 -0.0899 -0.1177
vn -0.7472 -0.0039 -0.6645
vn -0.9722 -0.1439 0.1845
vn -0.7402 -0.2399 -0.6282
vn -0.9358 -0.0643 0.3467
vn -0.7157 -0.4562 -0.5288
vn -0.9212 0.0611 0.3842
vn -0.7007 -0.6147 -0.3621
vn -0.9348 0.1881 0.3014
vn -0.6796 -0.7191 -0.1449
vn -0.9507 0.2775 0.1383
vn -0.6896 -0.7205 0.0729
vn -0.9436 0.3236 -0.0703
vn -0.7042 -0.6628 0.2546
vn -0.9278 0.2689 -0.2584
vn -0.7214 -0.5525 0.4175
vn -0.9124 0.1561 -0.3783
vn -0.7630 -0.3864 0.5183
vn -0.9176 0.0254 -0.3967
vn -0.7904 -0.2037 0.5777
vn -0.9325 -0.0667 -0.3550
vn -0.8021 0.0021 0.5972
vn -0.2318 -0.2747 0.9332
vn -0.2237 0.0311 0.9742
vn -0.1796 0.3497 0.9195
vn -0.1485 0.6211 0.7695
vn -0.1281 0.7961 0.5915
vn -0.1101 0.9188 0.3790
vn -0.1292 0.9218 0.3655
vn -0.0823 0.9966 0.0101
vn -0.1399 0.9897 0.0307
vn -0.1041 0.9401 -0.3246
vn -0.1453 0.9391 -0.3113
vn -0.1643 0.7987 -0.5788
vn -0.1467 0.8070 -0.5721
vn -0.2145 0.5929 -0.7762
vn -0.1570 0.6146 -0.7730
vn -0.2535 0.3199 -0.9129
vn -0.1755 0.3546 -0.9184
vn -0.2772 -0.0014 -0.9608
vn -0.1873 0.0485 -0.9811
vn -0.2731 -0.3330 -0.9025
vn -0.1766 -0.2742 -0.9453
vn -0.2392 -0.6360 -0.7337
vn -0.1414 -0.5822 -0.8007
vn -0.1916 -0.8545 -0.4828
vn -0.0955 -0.8265 -0.5548
vn -0.1597 -0.9703 -0.1817
vn -0.0595 -0.9735 -0.2207
vn -0.1549 -0.9798 0.1261
vn -0.0493 -0.9902 0.1305
vn -0.1656 -0.9141 0.3701
vn -0.0758 -0.9069 0.4146
vn -0.1877 -0.7736 0.6052
vn -0.1308 -0.7290 0.6719
vn -0.1847 -0.4912 0.8513
vn -0.3447 -0.8735 0.3437
vn -0.3101 -0.7548 0.5780
vn -0.4131 -0.8341 0.3656
vn -0.2772 -0.6830 0.6757
vn -0.6246 -0.7143 0.3156
vn -0.5674 -0.6070 0.5565
vn -0.6127 -0.7835 0.1036
vn -0.9417 -0.3352 0.0307
vn -0.4901 -0.8627 0.1243
vn -0.5065 -0.8498 -0.1460
vn -0.6356 -0.7621 -0.1234
vn -0.3522 -0.9282 0.1201
vn -0.3595 -0.9204 -0.1533
vn -0.3565 -0.8383 -0.4126
vn -0.4864 -0.7881 -0.3772
vn -0.4771 -0.6467 -0.5951
vn -0.6417 -0.5359 -0.5488
vn -0.6843 -0.6539 -0.3226
vn -0.3660 -0.6599 -0.6562
vn -0.3773 -0.3680 -0.8499
vn -0.4549 -0.3733 -0.8085
vn -0.4027 -0.0499 -0.9140
vn -0.3575 -0.0633 -0.9317
vn -0.5177 -0.3311 -0.7889
vn -0.3730 -0.0352 -0.9271
vn -0.3459 0.2924 -0.8915
vn -0.3424 0.2674 -0.9007
vn -0.2865 0.5489 -0.7852
vn -0.1200 0.5168 -0.8476
vn -0.2136 0.2280 -0.9500
vn -0.2980 0.5709 -0.7650
vn -0.2396 0.7897 -0.5648
vn -0.2577 0.7653 -0.5898
vn -0.2627 0.9064 -0.3309
vn -0.0267 0.9205 -0.3899
vn -0.0616 0.7566 -0.6510
vn -0.1818 0.9326 -0.3118
vn -0.1695 0.9852 -0.0266
vn -0.2749 0.9596 -0.0596
vn -0.2867 0.9212 0.2632
vn -0.0300 0.9656 0.2583
vn -0.0464 0.9947 -0.0923
vn -0.2397 0.9149 0.3249
vn -0.2903 0.7274 0.6218
vn -0.3030 0.4629 0.8330
vn 0.0387 0.6178 0.7854
vn 0.0370 0.8141 0.5796
vn 0.0917 0.7174 0.6906
vn 0.1808 0.8213 0.5410
vn 0.2103 0.9481 0.2385
vn 0.0466 0.8697 0.4913
vn 0.0340 0.9787 0.2023
vn -0.0359 0.8880 0.4583
vn -0.0604 0.9803 0.1883
vn 0.0908 0.8964 0.4338
vn 0.2224 0.9525 0.2078
vn 0.1789 0.9835 -0.0253
vn -0.1936 0.9722 0.1314
vn -0.3312 0.9219 -0.2012
vn -0.4471 0.6669 -0.5961
vn -0.0546 0.9555 -0.2897
vn -0.2930 0.3206 -0.9008
vn -0.1336 0.8183 -0.5591
vn -0.0000 0.1665 -0.9860
vn -0.0000 0.7234 -0.6905
vn -0.0000 0.7805 -0.6252
vn -0.0000 0.7279 -0.6856
vn -0.0000 0.5916 -0.8062
vn -0.0000 0.3604 -0.9328
vn -0.0000 0.1391 -0.9903
vn -0.0000 0.0116 -0.9999
vn -0.0000 0.0673 -0.9977
vn -0.0449 0.0554 -0.9975
vn -0.0000 0.2363 -0.9717
vn -0.0731 0.2377 -0.9686
vn -0.1723 0.2476 -0.9534
vn -0.1339 0.0317 -0.9905
vn -0.3059 0.2722 -0.9123
vn -0.3038 0.0279 -0.9523
vn -0.4678 0.3078 -0.8285
vn -0.5204 0.0789 -0.8502
vn -0.5287 -0.2313 -0.8167
vn -0.7006 0.1732 -0.6922
vn -0.7487 -0.1966 -0.6331
vn -0.7214 -0.4022 -0.5637
vn -0.5162 -0.3205 -0.7943
vn -0.7336 -0.4301 -0.5261
vn -0.5264 -0.3094 -0.7920
vn -0.8787 -0.3269 -0.3478
vn -0.8498 -0.4483 -0.2774
vn -0.9773 -0.0896 -0.1918
vn -0.9171 -0.3809 -0.1179
vn -0.9920 0.1112 -0.0598
vn -0.9541 0.0339 -0.2975
vn -0.9751 0.1757 -0.1350
vn -0.8813 0.3081 -0.3584
vn -0.9256 0.3245 -0.1949
vn -0.9434 0.3313 -0.0187
vn -0.8848 0.4163 -0.2092
vn -0.9024 0.4294 -0.0365
vn -0.8825 0.4384 0.1704
vn -0.9212 0.3371 0.1941
vn -0.8108 0.4483 0.3764
vn -0.8491 0.3430 0.4017
vn -0.7126 0.4675 0.5232
vn -0.7532 0.3188 0.5753
vn -0.7850 0.0992 0.6115
vn -0.6606 0.2754 0.6984
vn -0.6488 0.1776 0.7399
vn -0.6001 0.2649 0.7548
vn -0.7638 0.0445 0.6439
vn -0.5004 0.2818 0.8187
vn -0.7115 0.0634 0.6998
vn -0.3825 0.3267 0.8643
vn -0.6036 0.1549 0.7821
vn -0.4515 0.1146 0.8849
vn -0.2088 0.0393 0.9772
vn -0.2973 0.4969 0.8153
vn -0.1145 0.5258 0.8428
vn -0.1851 0.6203 0.7622
vn -0.0705 0.6612 0.7469
vn -0.1192 0.6768 0.7265
vn -0.0923 0.7216 0.6861
vn -0.0240 0.7803 0.6249
vn -0.0511 0.8068 0.5886
vn -0.0971 0.8244 0.5576
vn -0.4774 0.7102 0.5175
vn -0.2729 0.8817 0.3848
vn -0.7836 0.4631 0.4141
vn -0.7840 0.5721 0.2408
vn -0.7897 0.6132 -0.0183
vn -0.8760 0.4412 0.1949
vn -0.8835 0.4653 -0.0539
vn -0.7996 0.4935 -0.3422
vn -0.7832 0.5026 -0.3662
vn -0.6030 0.4843 -0.6340
vn -0.6397 0.2959 -0.7094
vn -0.3123 0.4412 -0.8413
vn -0.3340 0.0860 -0.9386
vn -0.0000 0.4188 -0.9081
vn -0.0000 0.0099 -1.0000
vn -0.0000 0.2408 -0.9706
vn -0.0000 0.0457 -0.9990
vn -0.0608 0.0471 -0.9970
vn -0.0704 0.2427 -0.9675
vn -0.1539 0.0484 -0.9869
vn -0.1643 0.2454 -0.9554
vn -0.2812 0.0515 -0.9583
vn -0.2913 0.2470 -0.9242
vn -0.4534 0.0600 -0.8893
vn -0.4552 0.2522 -0.8539
vn -0.6546 0.0735 -0.7524
vn -0.6351 0.2626 -0.7264
vn -0.6267 0.3445 -0.6990
vn -0.7849 0.2812 -0.5521
vn -0.7538 0.3753 -0.5394
vn -0.8129 0.2599 -0.5212
vn -0.8388 0.3989 -0.3706
vn -0.8826 -0.0958 -0.4603
vn -0.8812 0.3062 -0.3602
vn -0.9251 0.3334 -0.1817
vn -0.9305 0.1444 -0.3365
vn -0.9751 0.1836 -0.1247
vn -0.9712 0.2298 0.0629
vn -0.9302 0.3671 -0.0025
vn -0.9182 0.2861 0.2738
vn -0.8933 0.3996 0.2057
vn -0.8286 0.3232 0.4570
vn -0.8143 0.4175 0.4032
vn -0.7441 0.3438 0.5729
vn -0.7243 0.4314 0.5379
vn -0.6710 0.3668 0.6443
vn -0.6373 0.4591 0.6189
vn -0.6268 0.4699 0.6216
vn -0.5400 0.4999 0.6772
vn -0.5302 0.4498 0.7187
vn -0.5040 0.3201 0.8022
vn -0.3419 0.4940 0.7994
vn -0.2739 0.4485 0.8508
vn -0.2420 0.5458 0.8022
vn -0.4452 0.3851 0.8084
vn -0.2260 0.5916 0.7739
vn -0.4029 0.4659 0.7878
vn -0.1273 0.6057 0.7855
vn -0.1278 0.6446 0.7538
vn -0.0944 0.6231 0.7764
vn -0.0939 0.6596 0.7457
vn -0.3278 0.5948 0.7340
vn -0.2199 0.6923 0.6873
vn -0.0783 0.5366 0.8402
vn -0.4098 0.5025 0.7613
vn -0.4421 0.5286 0.7246
vn -0.3958 0.5516 0.7343
vn -0.0000 0.7144 0.6998
vn -0.0000 0.5646 0.8253
vn -0.0000 0.6611 0.7503
vn -0.0000 0.4708 -0.8822
vn -0.3200 0.4863 -0.8131
vn -0.3653 -0.1195 -0.9232
vn -0.0000 -0.1158 -0.9933
vn -0.0000 0.5770 -0.8168
vn -0.2867 0.5949 -0.7510
vn -0.5344 0.6393 -0.5529
vn -0.6077 0.4905 -0.6245
vn -0.8145 0.4667 -0.3448
vn -0.8960 -0.1663 -0.4118
vn -0.6837 -0.1345 -0.7173
vn -0.6942 0.6615 -0.2838
vn -0.7567 0.6538 -0.0043
vn -0.9120 0.4063 -0.0572
vn -0.8886 0.4106 0.2046
vn -0.9740 -0.2233 0.0386
vn -0.9693 -0.1954 -0.1492
vn -0.7206 0.6492 0.2433
vn -0.5817 0.6874 0.4349
vn -0.7280 0.4994 0.4698
vn -0.8092 0.4334 0.3966
vn -0.7254 0.4559 0.5157
vn -0.3300 0.7964 0.5069
vn -0.0290 0.8887 0.4575
vn 0.3916 0.8013 0.4522
vn -0.2519 0.7087 0.6590
vn -0.6380 0.5227 0.5654
vn 0.6266 0.7490 0.2152
vn 0.0091 0.2624 0.9649
vn -0.5534 -0.5043 0.6629
vn -0.9456 -0.3251 -0.0138
vn -0.9456 -0.2887 -0.1500
vn -0.8607 -0.3262 -0.3909
vn -0.9426 -0.2977 -0.1511
vn -0.8695 -0.3196 -0.3765
vn -0.6509 -0.3576 -0.6697
vn -0.6406 -0.3761 -0.6694
vn -0.3449 -0.3776 -0.8594
vn -0.3416 -0.4027 -0.8492
vn -0.0000 -0.3799 -0.9250
vn -0.0000 -0.4098 -0.9122
vn -0.3509 -0.2891 -0.8906
vn -0.0000 -0.2883 -0.9575
vn -0.0000 0.9356 0.3532
vn -0.0000 0.9880 0.1545
vn -0.2829 0.9493 0.1370
vn -0.1864 0.9263 0.3273
vn -0.5182 0.8468 0.1200
vn -0.3548 0.9340 -0.0413
vn -0.5005 0.8655 -0.0176
vn -0.5400 0.8416 -0.0034
vn -0.5417 0.8299 0.1336
vn -0.8008 0.5989 0.0026
vn -0.7261 0.6541 0.2119
vn -0.6270 0.5742 0.5265
vn -0.9470 0.2260 0.2281
vn -0.8183 0.2706 0.5071
vn -0.6660 0.3040 0.6812
vn -0.6996 0.4374 0.5650
vn -0.9296 0.0082 0.3686
vn -0.9895 0.1443 0.0002
vn -0.9620 0.1064 -0.2513
vn -0.8335 0.1247 -0.5383
vn -0.8703 -0.0798 -0.4860
vn -0.6201 0.1758 -0.7646
vn -0.6540 -0.0440 -0.7552
vn -0.6643 -0.1881 -0.7234
vn -0.8893 -0.1829 -0.4191
vn -0.6623 -0.2868 -0.6922
vn -0.8867 -0.2680 -0.3768
vn -0.3507 -0.1769 -0.9196
vn -0.3457 -0.0135 -0.9383
vn -0.0000 -0.0002 -1.0000
vn -0.0000 -0.1714 -0.9852
vn -0.3269 0.2301 -0.9166
vn -0.0000 0.2521 -0.9677
vn -0.0000 0.9983 -0.0578
vn -0.0000 0.9493 -0.3145
vn -0.3330 0.9031 -0.2713
vn -0.0000 0.8110 -0.5850
vn -0.2889 0.7856 -0.5472
vn -0.0000 0.5644 -0.8255
vn -0.2939 0.5349 -0.7921
vn -0.0000 -0.2312 -0.9729
vn -0.0000 -0.5202 -0.8541
vn -0.0016 -0.5033 -0.8641
vn -0.0400 -0.2240 -0.9738
vn -0.1245 -0.4887 -0.8635
vn -0.1395 -0.2220 -0.9650
vn -0.2149 -0.4948 -0.8420
vn -0.2525 -0.2175 -0.9428
vn -0.3678 -0.4978 -0.7854
vn -0.4262 -0.2017 -0.8819
vn -0.5669 -0.4974 -0.6566
vn -0.6424 -0.1880 -0.7430
vn -0.7255 -0.4856 -0.4877
vn -0.8176 -0.1562 -0.5541
vn -0.8222 0.0996 -0.5605
vn -0.9477 -0.0763 -0.3098
vn -0.8731 -0.4242 -0.2402
vn -0.9652 -0.2614 0.0116
vn -0.9985 0.0059 -0.0536
vn -0.9804 -0.0610 0.1872
vn -0.9870 0.0784 0.1404
vn -0.9190 0.0800 0.3862
vn -0.9259 0.1653 0.3397
vn -0.8333 0.2119 0.5106
vn -0.7611 0.2116 0.6132
vn -0.7001 0.2386 0.6730
vn -0.6496 0.1093 0.7523
vn -0.6332 0.2618 0.7283
vn -0.5915 0.3974 0.7016
vn -0.5521 0.2852 0.7835
vn -0.4923 0.4350 0.7539
vn -0.4114 0.5463 0.7296
vn -0.3552 0.4765 0.8042
vn -0.2398 0.6026 0.7612
vn -0.1547 0.5641 0.8111
vn -0.1253 0.5241 0.8424
vn -0.4321 0.3087 0.8474
vn -0.2263 0.3216 0.9194
vn -0.4590 0.1272 0.8793
vn -0.2287 0.1343 0.9642
vn -0.2012 0.1292 0.9710
vn -0.1923 0.3152 0.9293
vn -0.0000 0.1270 0.9919
vn -0.0000 0.3231 0.9464
vn -0.0000 -0.4124 -0.9110
vn -0.0000 0.0045 -1.0000
vn -0.0174 -0.0253 -0.9995
vn 0.0050 -0.4133 -0.9106
vn -0.1172 -0.0634 -0.9911
vn -0.1255 -0.4401 -0.8891
vn -0.2617 -0.0951 -0.9605
vn -0.2257 -0.4752 -0.8504
vn -0.4467 -0.1732 -0.8778
vn -0.3656 -0.5471 -0.7530
vn -0.6425 -0.2378 -0.7284
vn -0.5303 -0.5900 -0.6089
vn -0.8067 -0.2711 -0.5251
vn -0.6663 -0.6047 -0.4363
vn -0.6610 0.0959 -0.7442
vn -0.8376 0.0627 -0.5427
vn -0.6631 0.0513 -0.7468
vn -0.8358 0.0539 -0.5463
vn -0.9527 0.0477 -0.3002
vn -0.8300 0.1319 -0.5419
vn -0.9476 0.0990 -0.3036
vn -0.9971 0.0624 -0.0443
vn -0.9981 0.0403 -0.0459
vn -0.9412 0.1641 -0.2953
vn -0.9940 0.1045 -0.0328
vn -0.9583 0.0166 -0.2853
vn -0.9995 -0.0284 -0.0157
vn -0.9793 -0.0624 0.1924
vn -0.9717 -0.2359 -0.0129
vn -0.9607 -0.2285 0.1579
vn -0.9252 -0.2093 0.3164
vn -0.9323 -0.0670 0.3553
vn -0.8404 -0.1963 0.5051
vn -0.8447 -0.0591 0.5319
vn -0.8304 -0.0442 0.5555
vn -0.6911 -0.2087 0.6920
vn -0.7026 -0.0754 0.7076
vn -0.7112 -0.0123 0.7029
vn -0.5565 -0.0764 0.8273
vn -0.6496 -0.1150 0.7515
vn -0.7322 -0.0730 0.6772
vn -0.7795 -0.0785 0.6215
vn -0.6771 -0.0677 0.7328
vn -0.7428 0.0158 0.6694
vn -0.8364 -0.2390 0.4933
vn -0.6827 -0.2553 0.6846
vn -0.8279 -0.2085 0.5206
vn -0.6664 -0.2315 0.7087
vn -0.7949 -0.2155 0.5672
vn -0.9180 -0.1808 0.3528
vn -0.8958 -0.2345 0.3776
vn -0.7486 -0.2535 0.6126
vn -0.9301 -0.1861 0.3166
vn -0.9759 -0.1784 0.1253
vn -0.9772 -0.1583 0.1417
vn -0.9242 -0.2404 0.2969
vn -0.9576 -0.2585 0.1276
vn -0.9565 -0.2899 -0.0325
vn -0.9781 -0.1989 -0.0606
vn -0.9174 -0.2475 -0.3115
vn -0.9190 -0.1785 -0.3515
vn -0.9849 -0.1552 -0.0762
vn -0.9071 -0.3239 -0.2690
vn -0.7617 -0.3555 -0.5417
vn -0.7554 -0.2969 -0.5841
vn -0.9377 -0.2229 -0.2665
vn -0.8120 -0.2196 -0.5408
vn -0.6130 -0.2434 -0.7517
vn -0.5485 -0.3883 -0.7405
vn -0.8404 0.0378 -0.5406
vn -0.6624 0.0346 -0.7484
vn -0.4250 0.0212 -0.9049
vn -0.3561 -0.2777 -0.8922
vn -0.8226 0.2086 -0.5289
vn -0.6496 0.2470 -0.7190
vn -0.4330 0.2788 -0.8572
vn -0.2113 0.2882 -0.9340
vn -0.1819 -0.0003 -0.9833
vn -0.6555 0.1544 -0.7392
vn -0.4520 0.1765 -0.8744
vn -0.2358 0.2190 -0.9468
vn -0.0708 0.2122 -0.9746
vn -0.0500 0.2690 -0.9618
vn -0.4617 0.0490 -0.8857
vn -0.2554 0.0373 -0.9661
vn -0.0845 -0.0160 -0.9963
vn -0.0163 -0.0936 -0.9955
vn -0.0042 0.1767 -0.9842
vn -0.2561 0.0945 -0.9620
vn -0.1024 0.0275 -0.9944
vn -0.0258 -0.0303 -0.9992
vn -0.0000 -0.0412 -0.9992
vn -0.0000 -0.1201 -0.9928
vn -0.0000 0.1574 -0.9875
vn -0.0000 0.2404 -0.9707
vn -0.0000 -0.0502 -0.9987
vn 0.0204 -0.0395 -0.9990
vn 0.0062 0.2476 -0.9688
vn -0.0213 -0.0222 -0.9995
vn 0.0571 -0.4358 -0.8982
vn 0.0485 -0.3650 -0.9297
vn -0.1001 -0.3159 -0.9435
vn -0.0028 -0.4618 -0.8870
vn -0.2867 -0.4171 -0.8624
vn 0.0932 -0.3844 -0.9185
vn -0.2602 -0.3485 -0.9005
vn -0.5348 -0.3284 -0.7786
vn -0.2439 -0.2359 -0.9407
vn -0.5341 -0.2236 -0.8154
vn -0.7538 -0.2063 -0.6239
vn -0.5229 -0.2065 -0.8270
vn -0.7430 -0.2100 -0.6354
vn -0.9056 -0.2157 -0.3652
vn -0.7352 -0.2413 -0.6335
vn -0.8946 -0.2609 -0.3627
vn -0.9597 -0.2713 -0.0736
vn -0.9728 -0.2182 -0.0780
vn -0.9474 -0.2733 0.1666
vn -0.9617 -0.2248 0.1570
vn -0.8811 -0.2734 0.3860
vn -0.9422 -0.2875 0.1718
vn -0.8760 -0.2903 0.3852
vn -0.7408 -0.2961 0.6029
vn -0.7376 -0.2778 0.6155
vn -0.5240 -0.2984 0.7977
vn -0.8867 -0.2696 0.3756
vn -0.7630 -0.2617 0.5911
vn -0.5259 -0.2345 0.8176
vn -0.8968 -0.2693 0.3510
vn -0.7884 -0.2919 0.5414
vn -0.6535 -0.2944 0.6973
vn -0.8983 -0.2679 0.3483
vn -0.7958 -0.3292 0.5082
vn -0.6638 -0.3802 0.6440
vn -0.8055 -0.2716 0.5268
vn -0.6875 -0.2992 0.6616
vn -0.4491 -0.3330 0.8291
vn -0.5799 -0.4053 0.7067
vn -0.4308 -0.3429 0.8348
vn -0.8157 -0.2200 0.5350
vn -0.7217 -0.2311 0.6524
vn -0.8315 -0.1220 0.5419
vn -0.7516 -0.1385 0.6449
vn -0.8368 0.0434 0.5458
vn -0.7508 0.0171 0.6603
vn -0.8429 0.1078 0.5272
vn -0.7201 0.1671 0.6735
vn -0.8744 0.0365 0.4838
vn -0.7299 0.1821 0.6588
vn -0.8513 -0.2367 0.4683
vn -0.7733 -0.1797 0.6081
vn -0.7614 -0.3771 0.5273
vn -0.8741 -0.1901 0.4470
vn -0.9099 0.1752 0.3760
vn -0.8421 0.1632 0.5141
vn -0.9498 -0.1801 0.2558
vn -0.9972 -0.0324 0.0672
vn -0.9892 -0.0177 0.1457
vn -0.9704 -0.0982 -0.2205
vn -0.9311 -0.3177 -0.1794
vn -0.9937 -0.0388 0.1052
vn -0.9806 -0.0564 -0.1879
vn -0.8637 -0.1152 -0.4906
vn -0.8158 -0.2904 -0.5002
vn -0.9882 -0.0131 -0.1524
vn -0.8833 -0.0581 -0.4652
vn -0.6419 -0.0625 -0.7642
vn -0.6175 -0.1068 -0.7793
vn -0.8952 -0.0662 -0.4406
vn -0.6739 -0.0526 -0.7369
vn -0.3715 -0.0389 -0.9276
vn -0.3331 -0.0428 -0.9419
vn -0.9006 -0.1148 -0.4193
vn -0.7003 -0.0559 -0.7116
vn -0.4139 -0.0335 -0.9097
vn -0.0788 -0.0206 -0.9967
vn -0.0427 -0.0275 -0.9987
vn -0.7259 -0.0331 -0.6870
vn -0.4496 -0.0126 -0.8931
vn -0.1111 0.0090 -0.9938
vn 0.2315 0.0249 -0.9725
vn 0.2637 -0.0109 -0.9645
vn -0.4758 0.0128 -0.8795
vn -0.1395 0.0601 -0.9884
vn 0.1998 0.0883 -0.9759
vn 0.5075 0.0932 -0.8566
vn 0.5430 0.0259 -0.8394
vn -0.1643 0.1252 -0.9784
vn 0.1708 0.1538 -0.9732
vn 0.4774 0.1503 -0.8657
vn 0.7487 0.1229 -0.6515
vn 0.7723 0.0814 -0.6301
vn 0.1520 0.1513 -0.9767
vn 0.4583 0.1322 -0.8789
vn 0.7313 0.0830 -0.6770
vn 0.9225 0.0108 -0.3859
vn 0.9327 0.0766 -0.3525
vn 0.4489 0.0318 -0.8930
vn 0.7169 0.0047 -0.6972
vn 0.9123 -0.0292 -0.4086
vn 0.9904 -0.0586 -0.1250
vn 0.9924 -0.0535 -0.1107
vn 0.7178 -0.0698 -0.6928
vn 0.9085 -0.0692 -0.4121
vn 0.9889 -0.0756 -0.1283
vn 0.9948 -0.0855 0.0546
vn 0.9950 -0.0788 0.0615
vn 0.9083 -0.0961 -0.4072
vn 0.9871 -0.0954 -0.1286
vn 0.9939 -0.1006 0.0460
vn 0.9708 -0.1251 0.2049
vn 0.9676 -0.1060 0.2290
vn 0.9874 -0.0867 -0.1323
vn 0.9939 -0.1036 0.0372
vn 0.9781 -0.1363 0.1574
vn 0.9438 -0.1699 0.2835
vn 0.9139 -0.1726 0.3673
vn 0.9934 -0.1119 0.0237
vn 0.9831 -0.1397 0.1184
vn 0.9528 -0.1619 0.2570
vn 0.8739 -0.1760 0.4531
vn 0.8659 -0.1881 0.4636
vn 0.9832 -0.1492 0.1056
vn 0.9548 -0.1738 0.2410
vn 0.8851 -0.1804 0.4290
vn 0.7516 -0.1890 0.6319
vn 0.7312 -0.1870 0.6560
vn 0.8915 -0.2050 0.4041
vn 0.7291 -0.3341 0.5973
vn 0.4551 -0.5204 0.7225
vn 0.5664 -0.2270 0.7922
vn 0.8431 -0.4071 0.3514
vn 0.4620 -0.7495 0.4742
vn 0.0883 -0.8756 0.4750
vn -0.0757 -0.8586 0.5070
vn 0.1716 -0.6355 0.7528
vn 0.0830 -0.9537 0.2892
vn -0.0621 -0.9363 0.3456
vn -0.0000 -0.9670 0.2550
vn -0.0000 -0.9434 0.3317
vn -0.0000 -0.4605 -0.8876
vn -0.0000 -0.7957 -0.6056
vn -0.0000 -0.9237 -0.3831
vn -0.0000 -0.9500 -0.3122
vn 0.7655 -0.5810 -0.2764
vn 0.3386 -0.2852 0.8967
vn -0.0030 -0.2802 0.9599
vn 0.2458 -0.2684 0.9314
vn 0.5164 -0.2201 0.8276
vn 0.1849 -0.2627 0.9470
vn 0.4519 -0.2345 0.8607
vn 0.6973 -0.2037 0.6873
vn 0.3623 -0.2552 0.8964
vn 0.6400 -0.2495 0.7267
vn 0.8283 -0.2221 0.5143
vn 0.5518 -0.2485 0.7961
vn 0.7520 -0.2090 0.6252
vn 0.8677 -0.1486 0.4744
vn 0.6904 -0.1756 0.7018
vn 0.8550 -0.1412 0.4990
vn 0.9650 -0.1053 0.2400
vn 0.8543 -0.1753 0.4893
vn 0.9605 -0.1269 0.2479
vn 0.9933 -0.0927 0.0690
vn 0.9576 -0.0600 0.2817
vn 0.9959 -0.0035 0.0902
vn 0.9957 0.0312 -0.0876
vn 0.9926 0.0605 0.1049
vn 0.9944 0.0656 -0.0834
vn 0.9410 0.0675 -0.3316
vn 0.9959 -0.0079 -0.0898
vn 0.9502 -0.0061 -0.3117
vn 0.8027 0.0098 -0.5963
vn 0.9619 -0.0477 -0.2691
vn 0.8377 -0.0282 -0.5454
vn 0.5837 -0.0120 -0.8119
vn 0.8686 -0.0081 -0.4954
vn 0.6235 -0.0089 -0.7818
vn 0.2981 -0.0163 -0.9544
vn 0.6538 0.0016 -0.7567
vn 0.3366 -0.0117 -0.9416
vn -0.0058 -0.0243 -0.9997
vn 0.3767 -0.0639 -0.9241
vn 0.0411 -0.0679 -0.9968
vn -0.2972 -0.0804 -0.9514
vn 0.0374 -0.3618 -0.9315
vn -0.3132 -0.4067 -0.8582
vn -0.5716 -0.4006 -0.7161
vn -0.2923 -0.2889 -0.9117
vn -0.5537 -0.3752 -0.7434
vn -0.7589 -0.4099 -0.5060
vn -0.5207 0.0416 -0.8527
vn -0.7878 -0.0373 -0.6148
vn -0.5186 -0.0432 -0.8539
vn -0.7839 -0.0042 -0.6209
vn -0.4817 -0.3283 -0.8125
vn -0.7458 -0.2614 -0.6128
vn -0.2866 -0.8571 -0.4281
vn -0.4217 -0.8212 -0.3845
vn -0.0442 -0.9977 -0.0522
vn -0.0406 -0.9974 -0.0590
vn -0.0079 -0.9999 -0.0114
vn -0.0119 -0.9999 -0.0037
vn 0.0031 -0.9998 -0.0189
vn 0.0005 -1.0000 -0.0011
vn 0.1257 -0.9638 -0.2349
vn 0.4656 -0.5689 -0.6779
vn 0.2515 -0.0342 -0.9672
vn 0.5554 -0.0647 -0.8291
vn 0.1847 0.0322 -0.9823
vn 0.5071 0.0191 -0.8617
vn 0.7510 0.0056 -0.6603
vn 0.4376 -0.2354 -0.8678
vn 0.7032 -0.2045 -0.6809
vn 0.8829 -0.1588 -0.4418
vn 0.9787 -0.1197 -0.1667
vn 0.6686 -0.2576 -0.6976
vn 0.8737 -0.2074 -0.4401
vn 0.9732 -0.1662 -0.1591
vn 0.9754 -0.1988 0.0952
vn 0.9842 -0.1202 0.1303
vn 0.8901 -0.0467 -0.4533
vn 0.9858 -0.0317 -0.1651
vn 0.9984 -0.0270 0.0493
vn 0.9830 -0.0305 0.1810
vn 0.9003 -0.3269 0.2875
vn 0.9851 0.0263 -0.1701
vn 0.9996 0.0087 0.0270
vn 0.9847 0.0023 0.1742
vn 0.8921 0.0653 0.4471
vn 0.9287 -0.0231 0.3700
vn 0.9987 -0.0404 -0.0304
vn 0.9806 -0.0245 0.1945
vn 0.8819 0.0125 0.4713
vn 0.8431 -0.0417 0.5362
vn 0.7970 0.0870 0.5977
vn 0.9802 -0.0663 0.1868
vn 0.9113 -0.0959 0.4005
vn 0.8565 -0.1215 0.5016
vn 0.6682 -0.0766 0.7400
vn 0.9354 -0.0560 0.3492
vn 0.8209 -0.0678 0.5671
vn 0.6145 -0.0849 0.7843
vn 0.4003 -0.1218 0.9083
vn 0.3988 -0.0434 0.9160
vn 0.8144 -0.0636 0.5768
vn 0.6130 -0.1508 0.7756
vn 0.4013 -0.2132 0.8908
vn 0.2259 -0.2503 0.9414
vn 0.2236 -0.1555 0.9622
vn 0.6335 -0.2403 0.7355
vn 0.4116 -0.3042 0.8591
vn 0.2374 -0.3439 0.9085
vn 0.1082 -0.3659 0.9244
vn 0.0953 -0.2750 0.9567
vn 0.4306 -0.2710 0.8609
vn 0.2428 -0.2897 0.9258
vn 0.1117 -0.2972 0.9483
vn 0.0245 -0.2773 0.9605
vn 0.0122 -0.3819 0.9241
vn 0.2390 -0.2271 0.9441
vn 0.0952 -0.2191 0.9711
vn 0.0055 -0.2148 0.9767
vn -0.1160 -0.2062 0.9716
vn 0.0976 -0.2681 0.9584
vn -0.0065 -0.2695 0.9630
vn -0.2128 -0.2699 0.9391
vn 0.1372 -0.2723 0.9524
vn -0.0078 -0.2815 0.9595
vn -0.0083 -0.2724 0.9621
vn 0.2749 -0.2615 0.9252
vn 0.4711 -0.2146 0.8556
vn 0.6592 -0.2292 0.7162
vn 0.8404 -0.1494 0.5210
vn 0.9429 0.0169 0.3325
vn 0.9904 -0.0254 0.1362
vn 0.9954 -0.0579 -0.0769
vn 0.9778 -0.0195 -0.2086
vn 0.8837 0.0194 -0.4676
vn 0.6767 -0.0578 -0.7339
vn 0.3841 -0.3069 -0.8708
vn 0.0967 -0.2569 -0.9616
vn -0.1903 0.0355 -0.9811
vn -0.1509 -0.0367 -0.9879
vn -0.1832 -0.3579 0.9156
vn -0.0874 -0.2920 0.9524
vn 0.0908 -0.1808 0.9793
vn 0.0833 -0.0989 0.9916
vn 0.2129 -0.0674 0.9747
vn 0.0788 0.0511 0.9956
vn 0.1998 0.0818 0.9764
vn 0.1190 0.2593 0.9584
vn 0.2301 0.2325 0.9450
vn 0.1728 0.2980 0.9388
vn 0.2749 0.1923 0.9420
vn 0.0972 0.3627 0.9268
vn 0.0473 0.2430 0.9689
vn 0.6077 0.0716 0.7909
vn 0.7901 0.0274 0.6123
vn 0.5232 -0.2774 0.8058
vn 0.6862 -0.4414 0.5782
vn 0.8005 -0.4408 0.4060
vn 0.7469 -0.4541 0.4857
vn 0.9117 -0.2064 0.3552
vn 0.8646 -0.0340 0.5012
vn 0.9195 -0.0062 0.3931
vn 0.9914 -0.0044 0.1304
vn 0.8913 -0.0742 0.4473
vn 0.8253 -0.1011 0.5556
vn 0.3513 -0.0055 0.9362
vn 0.3452 0.1550 0.9256
vn 0.1371 0.3236 0.9362
vn 0.2375 0.2149 0.9473
vn -0.0236 -0.1362 0.9904
vn -0.0936 -0.1201 0.9883
vn 0.2922 0.0610 0.9544
vn 0.1869 0.4970 0.8474
vn 0.4930 0.3629 0.7907
vn 0.1831 0.7389 0.6485
vn 0.5090 0.5822 0.6340
vn 0.1314 0.8135 0.5665
vn 0.4102 0.6919 0.5941
vn 0.6182 0.5369 0.5741
vn 0.3390 0.8234 0.4551
vn 0.5863 0.5899 0.5553
vn 0.7362 0.2714 0.6199
vn 0.7987 0.2654 0.5400
vn 0.7549 0.2903 0.5881
vn 0.5290 0.1913 0.8268
vn 0.4623 0.4439 0.7676
vn 0.5017 0.2282 0.8344
vn 0.7995 -0.2069 0.5639
vn 0.0631 0.5154 0.8546
vn 0.0520 0.5263 0.8487
vn -0.2772 0.4792 0.8328
vn -0.2958 0.5349 0.7914
vn -0.3349 -0.5324 0.7774
vn 0.0034 -1.0000 -0.0081
vn -0.6528 0.4661 0.5972
vn -0.6463 0.3786 0.6625
vn -0.9015 0.2523 0.3515
vn -0.8905 0.3702 0.2646
vn -0.9744 0.2247 -0.0092
vn -0.8429 0.3574 0.4022
vn -0.8853 0.4650 -0.0018
vn -0.8007 0.5446 -0.2498
vn -0.9146 0.2986 -0.2725
vn -0.7594 0.5688 -0.3158
vn -0.8516 0.3238 -0.4123
vn -0.7686 0.5373 -0.3472
vn -0.8327 0.2347 -0.5016
vn -0.7958 -0.1074 -0.5960
vn -0.8541 0.1327 -0.5030
vn -0.7871 -0.2227 -0.5752
vn -0.4302 -0.8005 -0.4173
vn 0.0219 -0.9936 -0.1112
vn -0.8604 -0.2614 -0.4375
vn -0.5482 -0.7928 -0.2664
vn -0.0385 -0.9991 -0.0192
vn 0.0232 -0.9997 -0.0009
vn 0.0606 -0.9949 -0.0803
vn -0.1233 -0.9880 0.0931
vn -0.0663 -0.9880 0.1395
vn -0.0700 -0.9859 0.1517
vn 0.0346 -0.9994 -0.0019
vn -0.0545 -0.9949 0.0849
vn -0.0612 -0.9923 0.1077
vn -0.0013 -1.0000 0.0009
vn 0.0094 -0.9999 0.0080
vn 0.0064 -1.0000 0.0057
vn 0.0211 -0.9995 0.0223
vn 0.0790 -0.9938 -0.0780
vn 0.0708 -0.9946 -0.0762
vn 0.0349 -0.9988 -0.0353
vn 0.0274 -0.9992 -0.0305
vn 0.0027 -1.0000 -0.0036
vn 0.0576 -0.9978 -0.0323
vn 0.0986 -0.9920 -0.0789
vn -0.8131 0.4777 -0.3325
vn -0.6788 0.7102 -0.1867
vn -0.7688 0.6141 -0.1782
vn -0.6026 0.7980 -0.0039
vn -0.7035 0.7097 0.0381
vn -0.7955 0.5950 0.1148
vn -0.4690 0.8126 0.3460
vn -0.5934 0.6337 0.4963
vn -0.8833 0.2514 0.3957
vn -0.8383 0.3357 0.4297
vn -0.1688 0.8162 0.5526
vn -0.2654 0.6095 0.7471
vn -0.4124 0.8753 0.2524
vn -0.1414 0.8766 0.4599
vn -0.3226 0.9300 0.1763
vn -0.1088 0.9364 0.3335
vn 0.0998 0.9126 0.3966
vn -0.0196 0.9896 0.1428
vn -0.0330 0.9836 0.1772
vn -0.3622 0.7478 0.5564
vn -0.6108 0.3242 0.7223
vn -0.2952 0.2668 0.9174
vn 0.0834 0.1721 0.9815
vn -0.4743 0.8803 -0.0130
vn -0.6033 0.7788 -0.1717
vn 0.9938 -0.1111 0.0087
vn 0.9918 -0.1279 -0.0055
vn 0.9864 -0.0772 -0.1451
vn 0.9854 -0.0908 -0.1439
vn 0.9812 -0.1378 -0.1351
vn -0.0000 -0.9903 0.1387
vn 0.9190 -0.0926 -0.3833
vn 0.9237 -0.1606 -0.3477
vn 0.9253 -0.2428 -0.2913
vn -0.0000 -0.8098 -0.5867
vn 0.7695 -0.1586 -0.6186
vn 0.9181 -0.0656 -0.3908
vn 0.7523 -0.0833 -0.6536
vn 0.4960 -0.1303 -0.8585
vn 0.5128 -0.2152 -0.8311
vn 0.1490 -0.1836 -0.9716
vn 0.1403 -0.2363 -0.9615
vn -0.2243 -0.2070 -0.9523
vn 0.1506 -0.1882 -0.9705
vn -0.2045 -0.2188 -0.9541
vn -0.5089 -0.2278 -0.8301
vn -0.1931 -0.1955 -0.9615
vn -0.5021 -0.2107 -0.8388
vn -0.7376 -0.2289 -0.6352
vn -0.5047 -0.1184 -0.8552
vn -0.7537 -0.1531 -0.6391
vn -0.9140 -0.2060 -0.3496
vn -0.8971 -0.2580 -0.3587
vn -0.9663 -0.2504 -0.0597
vn -0.9574 -0.2805 -0.0682
vn -0.9477 -0.2684 0.1725
vn -0.9794 -0.1959 -0.0480
vn -0.9561 -0.2392 0.1695
vn -0.9884 -0.1455 -0.0428
vn -0.9621 -0.2055 0.1795
vn -0.9905 -0.1260 -0.0557
vn -0.9657 -0.1771 0.1899
vn -0.8983 -0.2287 0.3752
vn -0.9681 -0.1674 0.1864
vn -0.8987 -0.1985 0.3910
vn -0.9810 -0.0857 0.1743
vn -0.9130 -0.1000 0.3955
vn -0.9916 -0.0768 -0.1037
vn -0.9884 -0.1289 -0.0801
vn -0.9203 -0.0865 -0.3816
vn -0.9116 -0.0560 -0.4072
vn -0.9332 -0.0758 -0.3514
vn -0.7643 -0.0116 -0.6447
vn -0.7469 -0.0394 -0.6638
vn -0.9412 -0.0770 -0.3289
vn -0.7761 0.0077 -0.6306
vn -0.5057 0.0876 -0.8582
vn -0.4946 0.0637 -0.8668
vn -0.9342 -0.1275 -0.3331
vn -0.7724 -0.0459 -0.6335
vn -0.5092 0.0159 -0.8605
vn -0.1911 0.0448 -0.9805
vn -0.1816 0.1378 -0.9737
vn -0.1923 -0.0999 -0.9762
vn 0.1428 -0.0878 -0.9858
vn 0.1425 0.0475 -0.9887
vn 0.1482 -0.1695 -0.9743
vn 0.4641 -0.1356 -0.8754
vn 0.4508 -0.0781 -0.8892
vn 0.4792 -0.1352 -0.8672
vn 0.7390 -0.0919 -0.6674
vn 0.7272 -0.1079 -0.6779
vn 0.9129 -0.0780 -0.4006
vn 0.9871 -0.0813 -0.1380
vn -0.4552 0.1095 -0.8836
vn -0.2058 -0.0638 0.9765
vn -0.4552 -0.0612 0.8883
vn -0.4395 -0.2774 0.8543
vn -0.5447 -0.2832 0.7894
vn -0.4026 -0.5166 0.7557
vn -0.5742 -0.0569 0.8167
vn -0.6423 -0.0871 0.7615
vn -0.5776 0.1208 0.8074
vn -0.3496 -0.7029 0.6195
vn -0.0000 0.5537 0.8327
vn 0.0806 -0.9882 0.1304
vn -0.2592 -0.9600 -0.1061
vn 0.5591 -0.6511 -0.5132
vn -0.8211 -0.0809 0.5651
vn -0.9368 -0.1294 0.3250
vn -0.6468 -0.0747 0.7590
vn -0.6668 -0.1819 0.7227
vn -0.5258 -0.1025 0.8444
vn -0.5334 -0.1011 0.8398
vn -0.7083 -0.3474 0.6146
vn -0.6026 -0.1266 0.7880
vn -0.3717 0.0066 0.9283
vn -0.3129 -0.0907 0.9454
vn -0.3541 -0.6689 0.6536
vn -0.0000 -0.7012 0.7130
vn -0.0000 0.0282 0.9996
vn -0.2522 -0.8657 0.4323
vn -0.0000 -0.8977 0.4405
vn -0.2226 -0.7095 0.6686
vn -0.0000 -0.7026 0.7116
vn -0.0000 -0.0472 0.9989
vn -0.0000 -0.2632 0.9648
vn -0.3440 -0.1901 0.9195
vn -0.3657 -0.4298 0.8256
vn -0.3725 -0.3469 0.8607
vn -0.3775 -0.4275 0.8214
vn -0.4220 -0.4660 0.7776
vn -0.2697 -0.5670 0.7783
vn -0.2913 -0.4805 0.8272
vn -0.0000 -0.6495 0.7603
vn -0.0000 -0.4761 0.8794
vn -0.0000 -0.4033 0.9151
vn -0.0000 -0.2102 0.9777
vn -0.0000 -0.0463 0.9989
vn -0.2133 -0.0557 0.9754
vn -0.2548 -0.2101 0.9439
vn -0.0000 -0.4318 0.9020
vn -0.2252 -0.0499 0.9730
vn -0.2320 -0.2317 0.9447
vn -0.3623 -0.0459 0.9309
vn -0.3435 0.0303 0.9387
vn -0.4269 -0.0081 0.9043
vn -0.4532 -0.0600 0.8894
vn -0.2591 -0.0393 0.9650
vn -0.2186 -0.2281 0.9488
vn -0.0000 -0.3371 0.9415
vn -0.0000 0.0615 0.9981
vn -0.3420 -0.2143 0.9149
vn 0.8272 -0.4034 0.3911
vn -0.0000 -0.9851 0.1720
vn -0.9270 0.1320 0.3511
vn -0.7031 0.2570 0.6630
vn -0.0000 0.3576 0.9339
vn -0.0000 0.8759 0.4825
vn 0.2645 -0.2892 0.9200
vn 0.2237 -0.0412 0.9738
vn 0.2525 -0.5810 0.7738
vn -0.8381 -0.5143 0.1819
vn -0.5271 -0.8196 0.2246
vn -0.9778 -0.1786 0.1095
vn -0.9590 -0.1727 0.2249
vn -0.9520 -0.2126 0.2200
vn 0.0510 -0.2640 0.9632
vn 0.0018 -0.2576 0.9663
vn -0.6570 0.6444 0.3914
vn -0.4751 0.6654 0.5757
vn -0.4666 0.8823 0.0623
vn 0.9601 -0.2784 0.0261
vn 0.9248 0.0256 -0.3796
vn 0.9369 0.1555 -0.3130
vn 0.9390 -0.1697 0.2991
vn 0.9942 -0.0506 0.0950
vn 0.9815 -0.1721 0.0834
vn 0.9847 -0.0611 0.1635
vn 0.0998 0.6705 0.7352
vn 0.0443 0.3769 0.9252
vn 0.4504 0.5687 0.6883
vn 0.1135 0.4172 0.9017
vn -0.0267 0.4579 0.8886
vn 0.7093 -0.5837 0.3952
vn 0.6422 -0.3324 0.6907
vn 0.1818 0.5384 0.8229
vn 0.4414 0.2479 0.8624
vn 0.7040 0.3448 0.6208
vn 0.9313 0.1728 0.3207
vn 0.7235 -0.0476 0.6887
vn 0.4250 -0.2068 0.8812
vn 0.4266 0.0862 0.9003
vn 0.3747 0.4966 0.7829
vn 0.1401 0.8466 0.5135
vn 0.3284 0.6474 0.6878
vn 0.4831 0.7012 0.5243
vn 0.2288 0.4415 0.8676
vn 0.7171 0.3133 0.6226
vn 0.7687 0.2834 0.5734
vn 0.7673 0.2954 0.5693
vn 0.7044 0.4370 0.5593
vn 0.6316 0.4107 0.6576
vn 0.6798 0.5244 0.5127
vn 0.6863 0.2916 0.6663
vn 0.6027 0.7129 0.3586
vn 0.4568 0.8484 0.2676
vn 0.1201 0.5640 0.8170
vn 0.3796 0.5294 0.7587
vn 0.4437 0.3246 0.8353
vn 0.6963 0.3668 0.6169
vn 0.6318 0.5138 0.5803
vn 0.7606 -0.5957 0.2581
vn 0.7817 -0.4112 0.4689
vn 0.9600 0.1129 0.2561
vn 0.9739 0.0597 0.2189
vn 0.7122 0.1243 0.6909
vn 0.5690 0.0606 0.8201
vn 0.5021 0.1673 0.8485
vn 0.4328 0.0892 0.8971
vn 0.5530 -0.0002 0.8332
vn 0.7816 0.0149 0.6236
vn 0.6605 0.0230 0.7505
vn 0.4629 -0.2042 0.8626
vn 0.4669 0.7355 -0.4909
vn 0.4604 0.8614 -0.2146
vn 0.5846 0.7828 -0.2133
vn 0.5999 0.6790 -0.4232
vn 0.7411 0.4213 -0.5227
vn 0.5422 0.4643 -0.7004
vn 0.8386 0.4863 -0.2455
vn 0.3284 -0.1447 0.9334
vn -0.0287 -0.1186 0.9925
vn -0.0200 -0.0009 0.9998
vn 0.3530 -0.0527 0.9341
vn 0.6314 -0.0473 0.7740
vn -0.0137 0.2015 0.9794
vn 0.4323 0.1378 0.8911
vn -0.0075 -0.9999 -0.0097
vn -0.1008 -0.9949 -0.0093
vn -0.3761 -0.9223 -0.0891
vn -0.0114 -0.9997 -0.0194
vn -0.0716 -0.9827 -0.1706
vn -0.0051 -0.9998 -0.0193
vn -0.7056 -0.6170 -0.3485
vn 0.0050 -0.9781 0.2083
vn -0.0977 -0.9952 -0.0046
vn -0.1011 -0.9944 -0.0318
vn 0.0361 -0.9777 0.2071
vn 0.0697 -0.9809 0.1818
vn 0.0421 -0.9855 0.1645
vn -0.3617 -0.8166 0.4498
vn -0.3340 -0.8043 0.4915
vn -0.4852 -0.8547 0.1846
vn -0.0299 0.9396 0.3410
vn -0.0983 0.9755 0.1966
vn -0.3110 0.8704 0.3818
vn -0.2093 0.8215 0.5305
vn -0.5078 0.5288 0.6801
vn -0.1652 0.4810 0.8610
vn 0.1633 0.6303 0.7590
vn 0.0922 0.9939 0.0612
vn 0.5137 0.8003 0.3094
vn 0.5487 0.8359 -0.0136
vn 0.1524 0.9868 -0.0548
vn 0.2822 0.9578 -0.0553
vn 0.1349 0.9886 0.0676
vn 0.5399 0.8233 -0.1751
vn -0.8325 -0.4434 0.3322
vn -0.8852 0.0647 0.4607
vn -0.9128 -0.0863 0.3991
vn -0.8467 -0.4675 0.2539
vn -0.4611 -0.8854 0.0589
vn -0.3352 -0.9394 0.0723
vn -0.0012 -0.9999 -0.0125
vn 0.0114 -0.5578 0.8299
vn -0.3028 -0.7360 0.6055
vn -0.0098 -0.9999 -0.0108
vn -0.3160 -0.9279 0.1978
vn -0.0239 -0.9997 0.0013
vn -0.0053 -1.0000 -0.0030
vn 0.6032 -0.6877 -0.4041
vn 0.8499 0.1164 -0.5140
vn 0.8973 0.3258 -0.2979
vn 0.7687 -0.5287 -0.3600
vn 0.9452 0.3205 -0.0624
vn 0.8542 -0.5016 -0.1371
vn -0.0145 -0.9999 -0.0018
vn 0.8546 -0.4855 0.1841
vn 0.6646 -0.5009 0.5544
vn -0.0047 -1.0000 -0.0055
vn -0.0086 -1.0000 -0.0017
vn -0.0039 -1.0000 -0.0037
vn -0.0221 -0.9993 -0.0297
vn -0.0105 -0.9990 -0.0442
vn 0.4528 -0.7893 -0.4147
vn -0.7574 -0.3029 0.5784
vn -0.7642 -0.2852 0.5785
vn -0.8019 -0.3900 0.4527
vn -0.3764 -0.8926 0.2480
vn -0.0347 -0.9990 0.0290
vn -0.3259 -0.9434 -0.0613
vn -0.8878 -0.2935 -0.3545
vn -0.7818 -0.0772 -0.6187
vn -0.7701 -0.6100 -0.1865
vn -0.9755 -0.0898 -0.2009
vn -0.9844 -0.0000 -0.1757
vn -0.9079 0.0053 -0.4192
vn -0.2089 -0.9670 0.1456
vn -0.8178 -0.5224 0.2414
vn -0.9866 -0.0380 0.1589
vn -0.8170 0.2532 0.5181
vn -0.6746 0.4565 0.5801
vn -0.6113 0.2299 0.7572
vn -0.7856 0.0878 0.6125
vn -0.8351 -0.0617 0.5466
vn -0.8349 -0.1029 0.5407
vn -0.8747 -0.0904 0.4762
vn -0.4044 -0.1271 0.9057
vn -0.5767 -0.3606 0.7330
vn -0.6764 -0.4935 0.5467
vn 0.9098 -0.2602 -0.3234
vn 0.5995 -0.7903 -0.1266
vn 0.6291 -0.7160 -0.3026
vn 0.8882 -0.2666 -0.3742
vn 0.8930 -0.1245 -0.4325
vn 0.9360 0.0175 -0.3517
vn 0.5349 -0.7935 -0.2902
vn -0.1066 -0.9327 -0.3447
vn -0.2994 -0.4385 -0.8474
vn 0.1144 -0.4036 -0.9078
vn 0.0959 -0.8831 -0.4593
vn 0.1187 -0.9925 0.0304
vn 0.0646 -0.9977 -0.0217
vn 0.9179 0.0815 -0.3884
vn 0.9506 0.1915 -0.2445
vn 0.8642 0.4046 -0.2990
vn 0.9020 0.0850 -0.4233
vn 0.9742 0.2072 0.0897
vn 0.8404 0.5204 -0.1511
vn 0.9506 -0.1456 -0.2743
vn 0.9913 -0.1204 0.0535
vn 0.9521 0.1024 0.2883
vn 0.3856 0.4803 0.7878
vn 0.7308 0.4063 0.5485
vn 0.6880 0.1155 0.7165
vn 0.2802 0.5021 0.8182
vn 0.3668 0.3253 0.8716
vn 0.7231 0.3335 0.6050
vn -0.0928 0.4503 0.8880
vn -0.0704 0.3587 0.9308
vn -0.0616 0.2288 0.9715
vn 0.3496 -0.5031 0.7903
vn 0.0928 -0.1972 0.9759
vn -0.1722 -0.1786 0.9687
vn -0.1372 -0.3773 0.9159
vn 0.1549 -0.6332 0.7583
vn 0.0554 -0.5917 0.8042
vn 0.1233 -0.7312 0.6710
vn 0.0471 -0.5722 0.8188
vn -0.1238 -0.0350 0.9917
vn 0.6802 -0.4515 0.5774
vn 0.5917 -0.5166 0.6190
vn 0.0478 0.1466 0.9880
vn -0.0871 0.0744 0.9934
vn 0.0181 -0.5172 0.8557
vn 0.1183 -0.3412 0.9325
vn 0.1545 -0.7642 0.6262
vn 0.4099 -0.5282 0.7436
vn 0.4864 0.0627 0.8715
vn -0.4298 -0.0852 0.8989
vn -0.3865 0.0318 0.9217
vn -0.4187 0.1557 0.8947
vn -0.6071 0.0531 0.7929
vn -0.4050 0.0649 0.9120
vn -0.7252 -0.0087 0.6885
vn -0.7178 0.0270 0.6957
vn 0.7377 -0.0824 0.6701
vn 0.6523 0.2643 0.7104
vn 0.3037 0.3460 0.8877
vn -0.0581 0.3642 0.9295
vn 0.6324 0.1847 0.7523
vn 0.6630 -0.0160 0.7484
vn 0.9592 -0.0328 0.2809
vn 0.9755 -0.1155 0.1871
vn 0.9984 -0.0564 0.0021
vn 0.9816 -0.1846 0.0490
vn 0.9822 -0.1201 -0.1442
vn 0.9801 -0.1551 -0.1237
vn 0.9909 -0.0722 0.1135
vn 0.9329 0.0274 0.3591
vn 0.3783 -0.1886 0.9063
vn 0.0437 -0.1779 0.9831
vn 0.6789 -0.1629 0.7159
vn 0.4875 -0.2301 0.8423
vn 0.0235 -0.2983 0.9542
vn 0.0032 -0.4004 0.9163
vn 0.2139 -0.3925 0.8945
vn 0.2166 -0.4178 0.8823
vn 0.2574 -0.7129 0.6523
vn 0.3515 -0.6155 0.7054
vn 0.2339 -0.4572 0.8581
vn 0.3059 -0.4299 0.8495
vn 0.1427 -0.8733 0.4659
vn 0.2022 -0.2533 0.9460
vn 0.1548 -0.3018 0.9407
vn 0.4947 -0.2767 0.8238
vn 0.2979 -0.3220 0.8986
vn 0.2029 -0.2932 0.9343
vn 0.4957 -0.2899 0.8187
vn 0.6114 -0.2386 0.7545
vn 0.4310 -0.2371 0.8706
vn 0.4436 -0.2481 0.8612
vn 0.2078 -0.2646 0.9417
vn 0.3420 -0.2335 0.9102
vn -0.4151 -0.4634 -0.7829
vn -0.7419 -0.3370 -0.5796
vn -0.7229 -0.4971 -0.4800
vn -0.4711 -0.6477 -0.5988
vn -0.4115 -0.8044 -0.4286
vn -0.1749 -0.7196 -0.6720
vn -0.1774 -0.5561 -0.8119
vn 0.2677 -0.4787 0.8362
vn 0.1633 -0.7284 0.6654
vn 0.0217 -0.5798 0.8145
vn 0.2662 -0.4095 0.8726
vn 0.4145 -0.2081 0.8859
vn 0.3471 -0.2313 0.9089
vn 0.4788 -0.2720 0.8347
vn 0.5278 -0.1401 0.8377
vn 0.1832 -0.3417 0.9218
vn 0.4546 -0.2948 0.8405
vn -0.0855 -0.3432 0.9354
vn 0.1258 0.1501 0.9806
vn 0.4177 -0.0846 0.9046
vn 0.3158 0.2002 0.9275
vn 0.4125 -0.0056 0.9110
vn 0.4568 0.3422 0.8211
vn 0.2992 0.4069 0.8631
vn 0.1643 -0.1822 0.9694
vn 0.3157 -0.3426 0.8849
vn 0.3576 -0.4026 0.8426
vn 0.2186 -0.7279 0.6499
vn 0.7637 -0.5245 0.3765
vn 0.7761 -0.0352 0.6297
vn 0.7689 -0.3709 0.5208
vn 0.9139 -0.0250 0.4052
vn 0.2740 -0.2567 0.9268
vn 0.4399 -0.2277 0.8687
vn 0.3582 -0.1446 0.9224
vn 0.3609 0.0271 0.9322
vn 0.2366 -0.4081 0.8818
vn 0.1818 -0.3937 0.9011
vn 0.3839 -0.3533 0.8531
vn 0.2799 -0.3661 0.8875
vn 0.0503 -0.7726 0.6329
vn 0.4358 0.1998 0.8776
vn 0.4125 -0.0286 0.9105
vn 0.1552 -0.0063 0.9879
vn 0.2515 0.3968 0.8828
vn 0.4808 -0.1566 0.8627
vn 0.5102 -0.2496 0.8230
vn 0.6782 0.1386 0.7217
vn 0.4653 0.4889 0.7379
vn 0.9927 0.1078 0.0538
vn 0.9855 0.0179 0.1685
vn 0.8809 -0.0288 0.4724
vn 0.9985 -0.0008 0.0554
vn 0.6891 -0.0114 0.7246
vn 0.8478 0.1826 0.4979
vn 0.1272 -0.5602 0.8185
vn 0.1841 -0.2945 0.9377
vn 0.9837 0.0211 0.1785
vn 0.9856 0.0193 0.1679
vn 0.9480 -0.0694 0.3107
vn 0.9789 0.0475 0.1985
vn 0.6323 -0.4473 0.6326
vn 0.5864 -0.3504 0.7303
vn 0.4781 -0.5887 0.6518
vn 0.4135 -0.7064 0.5745
vn 0.4562 -0.6628 0.5937
vn 0.4954 -0.4951 0.7137
vn 0.6520 0.1070 0.7507
vn 0.6700 -0.2164 0.7101
vn 0.6217 -0.4720 0.6251
vn 0.7459 0.0629 0.6631
vn 0.7260 -0.3683 0.5807
vn 0.6686 -0.4409 0.5989
vn 0.6602 -0.2632 0.7035
vn 0.7080 -0.5429 0.4518
vn 0.6951 -0.1996 0.6907
vn 0.7797 -0.0784 0.6212
vn 0.7563 0.0899 0.6480
vn 0.8878 0.0953 0.4503
vn 0.9359 -0.1465 0.3202
vn 0.8253 -0.4055 0.3930
vn 0.7209 -0.4376 0.5374
vn 0.9827 0.0489 0.1787
vn 0.8192 -0.5406 0.1916
vn 0.9815 -0.0667 0.1797
vn 0.9209 -0.3702 0.1224
vn 0.7107 -0.6916 0.1288
vn 0.7419 -0.4290 0.5154
vn 0.7628 -0.2172 0.6091
vn 0.9966 -0.0607 -0.0559
vn 0.9313 -0.3635 -0.0230
vn 0.9140 -0.4024 0.0513
vn 0.9324 -0.2499 0.2611
vn 0.8846 -0.3451 0.3137
vn 0.9570 0.0119 -0.2897
vn 0.9186 -0.3121 -0.2425
vn 0.8003 -0.5737 -0.1742
vn 0.7545 0.0103 0.6562
vn 0.7132 0.0636 0.6981
vn 0.8313 -0.0688 0.5515
vn 0.8325 0.0934 0.5460
vn 0.9915 -0.0790 0.1029
vn 0.9710 -0.2377 0.0259
vn 0.9831 -0.1327 0.1259
vn 0.7826 0.1718 0.5983
vn 0.6836 0.3802 0.6230
vn 0.8786 -0.0658 0.4730
vn 0.8145 0.0575 0.5773
vn 0.5925 0.0981 0.7995
vn 0.8172 0.0364 0.5752
vn 0.9251 -0.0494 0.3765
vn 0.9363 -0.3084 -0.1682
vn 0.9235 -0.1762 -0.3407
vn 0.8979 -0.0664 0.4352
vn 0.8948 -0.2104 0.3938
vn 0.8250 -0.2688 0.4971
vn 0.9910 -0.0189 0.1326
vn 0.9819 0.0306 -0.1870
vn 0.9589 -0.1629 -0.2323
vn 0.9694 -0.0959 -0.2259
vn 0.4784 0.5342 0.6969
vn 0.2527 0.5810 0.7736
vn 0.1780 0.4996 0.8478
vn 0.4128 0.5292 0.7413
vn 0.5237 0.4703 0.7103
vn 0.1790 0.5005 0.8470
vn 0.0962 0.6392 0.7630
vn 0.0566 0.5871 0.8075
vn -0.7360 0.6708 0.0910
vn -0.6769 0.7262 0.1206
vn -0.1768 0.4097 0.8949
vn -0.2999 0.4608 0.8353
vn 0.4062 -0.4149 0.8142
vn 0.1951 -0.3127 0.9296
vn -0.8057 0.5900 0.0521
vn 0.6516 -0.6049 0.4577
vn 0.5640 -0.6071 0.5597
vn 0.4418 -0.7956 0.4145
vn 0.5588 -0.7296 0.3942
vn 0.5602 -0.6752 0.4799
vn 0.6710 -0.6275 0.3950
vn 0.4115 -0.6998 0.5838
vn 0.9653 -0.2167 0.1460
vn 0.9651 -0.1007 0.2416
vn 0.9419 -0.2682 -0.2022
vn -0.5445 0.3572 0.7589
vn -0.5263 0.4241 0.7370
vn 0.9213 -0.3686 0.1238
vn 0.9464 -0.3193 -0.0494
vn 0.7441 -0.5252 0.4129
vn 0.6729 -0.5423 0.5031
vn 0.7885 -0.5162 0.3343
vn 0.4154 0.0442 0.9086
vn 0.7889 -0.1723 0.5899
vn 0.8693 -0.3921 0.3009
vn 0.7987 -0.3204 0.5094
vn 0.8917 -0.4261 0.1527
vn 0.9340 -0.2367 0.2676
vn -0.6225 0.6587 0.4225
vn 0.8136 -0.0029 0.5813
vn 0.2460 -0.9544 -0.1690
vn -0.0155 -0.3076 0.9514
vn 0.3189 -0.0048 0.9478
vn -0.4964 0.5619 0.6617
vn 0.1052 0.5817 0.8066
vn 0.2261 0.5830 0.7804
vn 0.2530 0.5816 0.7731
vn 0.4095 0.5520 0.7264
vn -0.2408 0.8313 0.5010
vn -0.2922 -0.1465 0.9450
vn 0.7155 0.4167 0.5607
vn -0.6523 -0.6755 -0.3438
vn 0.4094 -0.2146 0.8867
vn 0.7018 0.0052 0.7123
vn -0.0799 0.6290 0.7733
vn -0.1988 0.1051 0.9744
vn -0.9727 0.0923 0.2131
vn -0.7678 -0.5612 0.3091
vn 0.6653 -0.6665 0.3364
vn 0.0649 -0.4855 0.8718
vn -0.7497 -0.6297 -0.2037
vn -0.4357 -0.8638 -0.2529
vn -0.7312 -0.4905 -0.4741
vn -0.6203 -0.6309 -0.4660
vn 0.4860 -0.7701 -0.4132
vn -0.4363 -0.6445 -0.6279
vn 0.8928 -0.0732 0.4445
vn 0.8962 0.1015 0.4319
vn 0.9636 0.1904 0.1879
vn 0.9609 -0.1059 0.2560
vn 0.9675 0.2530 0.0028
vn 0.9949 0.0935 0.0385
vn 0.7218 -0.2246 0.6547
vn 0.8065 -0.0798 0.5859
vn 0.8365 -0.3884 0.3865
vn 0.5561 -0.3629 0.7477
vn 0.9218 -0.3494 0.1682
vn 0.1531 0.2723 0.9500
vn -0.6659 -0.5488 -0.5054
vn 0.9121 0.1566 0.3789
vn 0.5615 0.4413 0.6999
vn 0.7934 0.3284 0.5125
vn 0.1045 0.6782 0.7274
vn 0.1120 0.7325 0.6715
vn 0.2101 0.7132 0.6687
vn 0.1710 0.6427 0.7468
vn 0.0614 -0.0572 -0.9965
vn 0.0066 -0.0025 -1.0000
vn -0.0062 0.1379 -0.9904
vn 0.0254 0.1001 -0.9947
vn 0.0779 0.1731 -0.9818
vn 0.2808 -0.0945 -0.9551
vn 0.2307 -0.1312 -0.9641
vn 0.2552 -0.1657 -0.9526
vn -0.0157 0.3983 -0.9171
vn -0.0044 0.4568 -0.8896
vn -0.0047 0.3691 -0.9294
vn 0.0269 0.9430 -0.3316
vn 0.0196 0.9877 -0.1550
vn 0.0529 0.9840 -0.1703
vn 0.0519 0.8774 -0.4770
vn 0.0511 0.7876 -0.6140
vn 0.0760 0.8428 -0.5328
vn -0.1707 0.9792 -0.1097
vn -0.0799 0.9078 -0.4117
vn -0.0331 0.7291 -0.6836
vn 0.0117 0.6824 -0.7309
vn 0.0187 0.6241 -0.7811
vn -0.0050 -0.1822 0.9832
vn 0.1411 -0.3962 0.9073
vn 0.2356 -0.5751 0.7834
vn 0.2232 -0.4341 0.8728
vn 0.2392 -0.3671 0.8989
vn 0.1059 -0.0604 0.9925
vn 0.2332 -0.5724 0.7861
vn 0.4360 -0.2117 0.8747
vn 0.4346 -0.4483 0.7811
vn 0.4480 -0.3527 0.8215
vn 0.1008 -0.2099 0.9725
vn 0.1598 -0.0243 0.9869
vn 0.1093 0.1841 0.9768
vn 0.2857 0.6738 0.6815
vn 0.4288 0.3651 0.8263
vn 0.1157 0.4194 0.9004
vn 0.0847 0.5729 0.8153
vn 0.0965 0.2801 0.9551
vn 0.1251 0.4885 0.8635
vn 0.1203 0.7559 0.6435
vn 0.2214 0.2761 0.9353
vn -0.2356 -0.3622 0.9018
vn 0.2985 -0.5424 0.7853
vn 0.4413 0.1062 0.8910
vn 0.8825 -0.4118 0.2271
vn 0.8477 0.4494 0.2818
vn -0.4715 -0.8159 0.3346
vn -0.2220 -0.9210 0.3202
vn 0.2546 -0.9477 -0.1926
vn -0.3375 -0.8122 -0.4758
vn 0.7056 0.3474 -0.6176
vn 0.9008 -0.0684 -0.4288
vn 0.4389 -0.5266 -0.7280
vn 0.1449 -0.3363 -0.9306
vn 0.2033 -0.4804 -0.8532
vn 0.1493 -0.8150 -0.5599
vn 0.4696 -0.7782 -0.4169
vn 0.6100 -0.4840 -0.6275
vn 0.3961 -0.9109 -0.1156
vn 0.8937 -0.3492 0.2816
vn 0.7383 0.3181 -0.5948
vn 0.4042 0.4361 0.8040
vn 0.2807 0.6369 0.7180
vn 0.5621 0.5831 0.5866
vn 0.6685 0.6675 0.3278
vn 0.2030 -0.7848 0.5855
vn 0.1867 0.1664 0.9682
vn 0.1367 -0.9893 -0.0519
vn 0.2057 -0.9483 -0.2418
vn -0.0054 -0.9492 -0.3146
vn -0.0007 -1.0000 -0.0022
vn 0.1023 -0.9947 0.0027
vn 0.1261 -0.9905 0.0553
vn 0.2285 -0.9723 0.0493
vn 0.2336 -0.9723 -0.0116
vn 0.2735 -0.9540 -0.1230
vn 0.0066 0.7174 0.6966
vn 0.1473 0.8393 0.5233
vn 0.0118 0.8419 0.5395
vn -0.1191 0.6232 0.7729
vn 0.1610 0.9516 0.2619
vn 0.0828 0.9469 0.3106
vn 0.1259 0.8553 0.5026
vn 0.1328 0.9804 0.1456
vn 0.6873 -0.7263 -0.0117
vn 0.2197 -0.9427 -0.2511
vn 0.1983 0.0617 -0.9782
vn 0.8168 0.0755 -0.5720
vn 0.6832 0.7301 -0.0114
vn 0.6007 -0.1644 0.7824
vn 0.2328 0.9353 -0.2664
vn 0.7835 0.0765 -0.6166
vn 0.1009 0.9245 -0.3677
vn 0.1276 0.9394 -0.3182
vn 0.1837 -0.0535 -0.9815
vn 0.1323 0.8483 -0.5128
vn 0.1814 0.9455 -0.2704
vn 0.1744 0.9335 -0.3133
vn 0.2140 -0.9759 0.0421
vn 0.1459 -0.8936 -0.4244
vn 0.1174 -0.9825 -0.1448
vn 0.2031 -0.9791 -0.0110
vn 0.1914 -0.9597 -0.2059
vn 0.6238 0.7683 -0.1435
vn 0.6497 0.0486 -0.7587
vn 0.6744 -0.7360 -0.0590
vn 0.2566 0.1358 0.9569
vn 0.2436 -0.8885 0.3889
vn 0.7094 -0.6967 0.1064
vn 0.7673 0.1895 0.6126
vn 0.6468 0.7490 -0.1437
vn 0.1122 0.9757 0.1883
vn 0.8834 -0.3413 0.3212
vn 0.1449 0.9881 0.0524
vn 0.1863 -0.9824 -0.0149
vn 0.7511 0.0747 -0.6560
vn 0.2890 -0.9127 -0.2889
vn 0.1518 -0.9732 -0.1727
vn 0.5654 0.1505 -0.8109
vn 0.7085 -0.6466 -0.2827
vn 0.1383 0.9831 -0.1196
vn 0.1603 -0.9822 -0.0978
vn 0.3569 -0.8344 0.4199
vn 0.8788 -0.0966 0.4674
vn 0.3310 0.7064 0.6256
vn 0.1451 -0.9859 0.0832
vn 0.1251 0.9512 0.2819
vn 0.0991 0.9706 -0.2193
vn 0.1695 0.9662 -0.1944
vn 0.6604 0.7418 -0.1163
vn 0.0661 0.9877 -0.1418
vn 0.0795 0.9895 0.1209
vn 0.0707 0.9901 -0.1213
vn 0.1494 0.9783 -0.1437
vn 0.1510 0.9836 -0.0985
vn 0.2279 0.9601 -0.1623
vn 0.2184 0.9736 -0.0668
vn 0.2342 0.9336 -0.2711
vn 0.1788 0.9279 -0.3273
vn 0.1756 0.9681 -0.1790
vn 0.2159 0.8842 -0.4143
vn 0.1670 0.7848 -0.5968
vn 0.1636 0.6221 -0.7657
vn 0.1398 0.4340 -0.8900
vn 0.1154 -0.0481 -0.9921
vn 0.1159 -0.0546 -0.9918
vn 0.0812 0.0005 -0.9967
vn 0.1330 -0.7185 -0.6827
vn 0.1148 -0.5518 -0.8261
vn 0.1827 -0.9663 -0.1815
vn 0.1206 -0.8961 -0.4271
vn 0.2242 -0.9744 0.0134
vn 0.1218 -0.9892 -0.0811
vn 0.1664 -0.9860 0.0051
vn 0.1623 -0.9867 -0.0123
vn 0.0579 -0.9982 -0.0151
vn 0.0510 -0.9967 -0.0626
vn 0.0523 -0.9984 -0.0227
vn 0.1424 -0.9882 -0.0563
vn 0.0572 -0.9933 -0.1005
vn 0.1047 -0.8589 0.5013
vn 0.1280 0.1028 0.9864
vn 0.0709 0.9190 0.3879
vn 0.0669 0.9953 0.0695
vn 0.1528 0.9846 0.0850
vn 0.2011 0.9749 0.0960
vn 0.1268 0.9864 0.1043
vn 0.1586 0.9857 -0.0571
vn 0.1097 0.9928 -0.0486
vn 0.0766 0.9859 0.1490
vn 0.1172 0.9681 -0.2214
vn 0.1030 0.9546 -0.2796
vn 0.1104 0.9934 -0.0312
vn 0.1094 0.8931 -0.4364
vn 0.0874 0.8436 -0.5298
vn 0.0997 0.6756 -0.7305
vn 0.0772 0.5917 -0.8024
vn 0.0913 0.3141 -0.9450
vn 0.0759 0.2322 -0.9697
vn 0.0933 -0.0708 -0.9931
vn 0.0864 -0.1007 -0.9912
vn 0.1160 -0.4547 -0.8831
vn 0.1153 -0.4060 -0.9066
vn 0.1468 -0.8052 -0.5745
vn 0.1627 -0.7255 -0.6687
vn 0.1594 -0.9677 -0.1950
vn 0.1978 -0.9309 -0.3070
vn 0.1667 -0.9860 0.0051
vn 0.2094 -0.9761 -0.0573
vn 0.1735 -0.9820 0.0751
vn 0.2099 -0.9765 0.0484
vn 0.1754 -0.9713 0.1607
vn 0.1927 -0.9640 0.1835
vn 0.1341 -0.9085 0.3958
vn 0.1398 -0.8618 0.4875
vn -0.1336 -0.9757 0.1740
vn -0.3196 -0.7660 0.5578
vn 0.0265 -0.6864 0.7267
vn -0.3547 -0.9222 -0.1543
vn -0.6733 -0.6721 0.3081
vn -0.2942 -0.9206 -0.2566
vn -0.6353 -0.6973 0.3318
vn -0.3043 -0.8767 -0.3724
vn -0.4999 -0.7835 0.3692
vn -0.3575 -0.2574 0.8977
vn -0.5756 -0.1077 0.8106
vn 0.0384 0.3485 0.9365
vn -0.1774 0.4497 0.8754
vn -0.3213 0.4314 0.8430
vn -0.6529 -0.1162 0.7485
vn -0.2878 0.2144 0.9334
vn -0.3803 -0.3023 0.8740
vn -0.1239 0.0371 0.9916
vn -0.0779 -0.3428 0.9362
vn -0.1075 0.4328 0.8951
vn 0.0146 0.2843 0.9586
vn -0.0018 -0.0410 0.9992
vn -0.0472 0.7590 0.6494
vn 0.0466 0.6348 0.7712
vn 0.0218 0.9247 0.3800
vn 0.0770 0.8660 0.4942
vn 0.1004 0.9674 0.2325
vn 0.0636 0.9580 0.2797
vn 0.0621 0.8241 0.5631
vn 0.0568 0.9983 -0.0144
vn -0.0508 0.9987 -0.0107
vn -0.0814 0.9524 0.2938
vn 0.0519 0.9508 -0.3056
vn -0.0253 0.9494 -0.3130
vn 0.0491 0.8173 -0.5742
vn -0.0006 0.8075 -0.5898
vn 0.0524 0.5515 -0.8325
vn 0.0299 0.5309 -0.8469
vn 0.0584 0.1895 -0.9802
vn 0.0562 0.1631 -0.9850
vn 0.0637 -0.1261 -0.9900
vn 0.0617 -0.1635 -0.9846
vn 0.0717 -0.3994 -0.9140
vn 0.0489 -0.4392 -0.8970
vn 0.0912 -0.6853 -0.7226
vn 0.0330 -0.6940 -0.7192
vn 0.1172 -0.9109 -0.3956
vn 0.0237 -0.9040 -0.4269
vn 0.1307 -0.9857 -0.1065
vn 0.0199 -0.9907 -0.1347
vn 0.1291 -0.9903 0.0520
vn 0.0120 -0.9982 0.0580
vn 0.1082 -0.9639 0.2434
vn -0.0085 -0.9624 0.2716
vn 0.0614 -0.8216 0.5667
vn -0.0423 -0.8178 0.5739
vn 0.0088 -0.5511 0.8344
vn -0.0751 -0.5568 0.8272
vn 0.0617 -0.6009 0.7970
vn 0.0102 -0.3173 0.9483
vn -0.0317 -0.2880 0.9571
vn -0.0382 -0.1062 0.9936
vn -0.1173 -0.1352 0.9838
vn -0.1021 -0.2743 0.9562
vn -0.0003 0.1434 0.9897
vn -0.1384 0.0507 0.9891
vn 0.0422 0.5328 0.8452
vn -0.1503 0.4560 0.8772
vn -0.1204 0.7920 0.5986
vn -0.2128 0.7361 0.6426
vn -0.1928 0.4053 0.8936
vn -0.1769 0.9317 0.3171
vn -0.1326 0.9273 0.3501
vn -0.1112 0.7219 0.6830
vn -0.1214 0.9925 -0.0111
vn -0.1052 0.9944 0.0061
vn -0.0627 0.9467 -0.3160
vn -0.0493 0.9503 -0.3073
vn -0.0058 0.7995 -0.6006
vn 0.0145 0.7941 -0.6076
vn 0.0517 0.5165 -0.8547
vn 0.0712 0.5048 -0.8603
vn 0.0922 0.1397 -0.9859
vn 0.1006 0.1105 -0.9888
vn 0.0933 -0.2228 -0.9704
vn 0.0977 -0.2732 -0.9570
vn 0.0682 -0.5043 -0.8608
vn 0.0896 -0.5483 -0.8315
vn 0.0490 -0.7394 -0.6715
vn 0.0949 -0.7619 -0.6407
vn 0.0379 -0.9142 -0.4036
vn 0.1107 -0.9093 -0.4012
vn 0.0279 -0.9897 -0.1406
vn 0.1297 -0.9795 -0.1544
vn 0.0189 -0.9974 0.0689
vn 0.1338 -0.9877 0.0807
vn -0.0036 -0.9574 0.2888
vn 0.1169 -0.9414 0.3164
vn -0.0222 -0.8352 0.5495
vn 0.0937 -0.8330 0.5452
vn -0.0416 -0.6123 0.7895
vn 0.0824 -0.6486 0.7567
vn -0.0474 -0.3364 0.9405
vn 0.0757 -0.4031 0.9120
vn -0.0537 -0.1247 0.9907
vn 0.0626 -0.1513 0.9865
vn -0.1097 0.0662 0.9918
vn 0.0265 0.1142 0.9931
vn -0.0428 0.4122 0.9101
vn 0.1389 0.4310 0.8916
vn 0.2818 0.0984 0.9544
vn 0.0187 0.7325 0.6805
vn 0.3969 0.6911 0.6041
vn 0.6729 0.3074 0.6728
vn -0.0471 0.9313 0.3613
vn 0.1929 0.9194 0.3427
vn -0.0510 0.9984 0.0247
vn 0.0979 0.9949 0.0235
vn -0.0141 0.9550 -0.2963
vn 0.1006 0.9542 -0.2816
vn 0.0407 0.7930 -0.6078
vn 0.1984 0.7895 -0.5808
vn 0.0783 0.4926 -0.8667
vn 0.3759 0.4522 -0.8088
vn 0.1221 0.0962 -0.9878
vn 0.6076 0.0269 -0.7938
vn 0.2269 -0.2881 -0.9303
vn 0.8734 -0.3358 -0.3528
vn 0.3535 -0.5950 -0.7218
vn 0.9105 -0.3787 0.1662
vn 0.5084 -0.7605 -0.4039
vn 0.9117 -0.1884 0.3652
vn 0.6398 -0.7475 -0.1787
vn 0.9435 0.0405 0.3289
vn 0.6909 -0.7207 -0.0578
vn 0.9714 0.1794 0.1558
vn 0.7283 -0.6841 0.0407
vn 0.9710 0.2304 -0.0640
vn 0.7030 -0.6992 0.1303
vn 0.9471 0.1745 -0.2693
vn 0.6403 -0.7175 0.2742
vn 0.9270 0.0133 -0.3748
vn 0.5870 -0.6662 0.4599
vn 0.9192 -0.1665 -0.3567
vn 0.5119 -0.5018 0.6972
vn 0.9358 -0.2930 -0.1961
vn 0.4172 -0.2249 0.8805
vn 0.9542 -0.2771 0.1128
vn 0.8878 -0.0756 0.4539
vn 0.9902 -0.1137 -0.0816
vn 0.9628 -0.1245 -0.2400
vn 0.9938 0.0070 0.1113
vn 0.7553 0.4481 0.4782
vn 0.7768 0.2637 0.5719
vn 0.9402 0.2510 0.2301
vn 0.7295 0.5656 0.3845
vn 0.8496 0.4928 0.1881
vn 0.7031 0.6666 0.2477
vn 0.7831 0.6216 0.0163
vn 0.6932 0.7204 0.0228
vn 0.7640 0.6182 -0.1847
vn 0.6921 0.6877 -0.2192
vn 0.8324 0.4411 -0.3355
vn 0.7022 0.5819 -0.4102
vn 0.9317 0.1488 -0.3313
vn 0.7307 0.4168 -0.5407
vn 0.9890 -0.0899 -0.1177
vn 0.7485 0.2176 -0.6265
vn 0.9722 -0.1439 0.1845
vn 0.7472 -0.0039 -0.6645
vn 0.9358 -0.0643 0.3467
vn 0.7402 -0.2399 -0.6282
vn 0.9212 0.0611 0.3842
vn 0.7157 -0.4562 -0.5288
vn 0.9348 0.1881 0.3014
vn 0.7007 -0.6147 -0.3621
vn 0.9507 0.2775 0.1383
vn 0.6796 -0.7191 -0.1449
vn 0.9436 0.3236 -0.0703
vn 0.6896 -0.7205 0.0729
vn 0.9278 0.2689 -0.2584
vn 0.7042 -0.6628 0.2546
vn 0.9124 0.1561 -0.3783
vn 0.7214 -0.5525 0.4175
vn 0.9176 0.0254 -0.3967
vn 0.7630 -0.3864 0.5183
vn 0.9325 -0.0667 -0.3550
vn 0.7904 -0.2037 0.5777
vn 0.8021 0.0021 0.5972
vn 0.2237 0.0311 0.9742
vn 0.2318 -0.2747 0.9332
vn 0.1796 0.3497 0.9195
vn 0.1485 0.6211 0.7695
vn 0.1281 0.7961 0.5915
vn 0.1292 0.9218 0.3655
vn 0.1101 0.9188 0.3790
vn 0.1399 0.9897 0.0307
vn 0.0823 0.9966 0.0101
vn 0.1453 0.9391 -0.3113
vn 0.1041 0.9401 -0.3246
vn 0.1467 0.8070 -0.5721
vn 0.1643 0.7987 -0.5788
vn 0.1570 0.6146 -0.7730
vn 0.2145 0.5929 -0.7762
vn 0.1755 0.3546 -0.9184
vn 0.2535 0.3199 -0.9129
vn 0.1873 0.0485 -0.9811
vn 0.2772 -0.0014 -0.9608
vn 0.1766 -0.2742 -0.9453
vn 0.2731 -0.3330 -0.9025
vn 0.1414 -0.5822 -0.8007
vn 0.2392 -0.6360 -0.7337
vn 0.0955 -0.8265 -0.5548
vn 0.1916 -0.8545 -0.4828
vn 0.0595 -0.9735 -0.2207
vn 0.1597 -0.9703 -0.1817
vn 0.0493 -0.9902 0.1305
vn 0.1549 -0.9798 0.1261
vn 0.0758 -0.9069 0.4146
vn 0.1656 -0.9141 0.3701
vn 0.1308 -0.7290 0.6719
vn 0.1877 -0.7736 0.6052
vn 0.1847 -0.4912 0.8513
vn 0.3101 -0.7548 0.5780
vn 0.3447 -0.8735 0.3437
vn 0.2772 -0.6830 0.6757
vn 0.4131 -0.8341 0.3656
vn 0.5674 -0.6070 0.5565
vn 0.6246 -0.7143 0.3156
vn 0.9417 -0.3352 0.0307
vn 0.6127 -0.7835 0.1036
vn 0.4901 -0.8627 0.1243
vn 0.6356 -0.7621 -0.1234
vn 0.5065 -0.8498 -0.1460
vn 0.3522 -0.9282 0.1201
vn 0.3595 -0.9204 -0.1533
vn 0.4864 -0.7881 -0.3772
vn 0.3565 -0.8383 -0.4126
vn 0.6843 -0.6539 -0.3226
vn 0.6417 -0.5359 -0.5488
vn 0.4771 -0.6467 -0.5951
vn 0.3660 -0.6599 -0.6562
vn 0.4549 -0.3733 -0.8085
vn 0.3773 -0.3680 -0.8499
vn 0.5177 -0.3311 -0.7889
vn 0.3575 -0.0633 -0.9317
vn 0.4027 -0.0499 -0.9140
vn 0.3730 -0.0352 -0.9271
vn 0.3424 0.2674 -0.9007
vn 0.3459 0.2924 -0.8915
vn 0.2136 0.2280 -0.9500
vn 0.1200 0.5168 -0.8476
vn 0.2865 0.5489 -0.7852
vn 0.2980 0.5709 -0.7650
vn 0.2577 0.7653 -0.5898
vn 0.2396 0.7897 -0.5648
vn 0.0616 0.7566 -0.6510
vn 0.0267 0.9205 -0.3899
vn 0.2627 0.9064 -0.3309
vn 0.1818 0.9326 -0.3118
vn 0.2749 0.9596 -0.0596
vn 0.1695 0.9852 -0.0266
vn 0.0464 0.9947 -0.0923
vn 0.0300 0.9656 0.2583
vn 0.2867 0.9212 0.2632
vn 0.2397 0.9149 0.3249
vn 0.2903 0.7274 0.6218
vn -0.0370 0.8141 0.5796
vn -0.0387 0.6178 0.7854
vn 0.3030 0.4629 0.8330
vn -0.1808 0.8213 0.5410
vn -0.0917 0.7174 0.6906
vn -0.2103 0.9481 0.2385
vn -0.0340 0.9787 0.2023
vn -0.0466 0.8697 0.4913
vn 0.0604 0.9803 0.1883
vn 0.0359 0.8880 0.4583
vn -0.2224 0.9525 0.2078
vn -0.0908 0.8964 0.4338
vn -0.1789 0.9835 -0.0253
vn 0.3312 0.9219 -0.2012
vn 0.1936 0.9722 0.1314
vn 0.0546 0.9555 -0.2897
vn 0.4471 0.6669 -0.5961
vn 0.1336 0.8183 -0.5591
vn 0.2930 0.3206 -0.9008
vn 0.0449 0.0554 -0.9975
vn 0.0731 0.2377 -0.9686
vn 0.1339 0.0317 -0.9905
vn 0.1723 0.2476 -0.9534
vn 0.3038 0.0279 -0.9523
vn 0.3059 0.2722 -0.9123
vn 0.5204 0.0789 -0.8502
vn 0.4678 0.3078 -0.8285
vn 0.5287 -0.2313 -0.8167
vn 0.7487 -0.1966 -0.6331
vn 0.7006 0.1732 -0.6922
vn 0.5162 -0.3205 -0.7943
vn 0.7214 -0.4022 -0.5637
vn 0.5264 -0.3094 -0.7920
vn 0.7336 -0.4301 -0.5261
vn 0.8498 -0.4483 -0.2774
vn 0.8787 -0.3269 -0.3478
vn 0.9171 -0.3809 -0.1179
vn 0.9773 -0.0896 -0.1918
vn 0.9920 0.1112 -0.0598
vn 0.9751 0.1757 -0.1350
vn 0.9541 0.0339 -0.2975
vn 0.9256 0.3245 -0.1949
vn 0.8813 0.3081 -0.3584
vn 0.9434 0.3313 -0.0187
vn 0.9024 0.4294 -0.0365
vn 0.8848 0.4163 -0.2092
vn 0.9212 0.3371 0.1941
vn 0.8825 0.4384 0.1704
vn 0.8491 0.3430 0.4017
vn 0.8108 0.4483 0.3764
vn 0.7532 0.3188 0.5753
vn 0.7126 0.4675 0.5232
vn 0.7850 0.0992 0.6115
vn 0.6488 0.1776 0.7399
vn 0.6606 0.2754 0.6984
vn 0.7638 0.0445 0.6439
vn 0.6001 0.2649 0.7548
vn 0.7115 0.0634 0.6998
vn 0.5004 0.2818 0.8187
vn 0.6036 0.1549 0.7821
vn 0.3825 0.3267 0.8643
vn 0.4515 0.1146 0.8849
vn 0.2088 0.0393 0.9772
vn 0.1145 0.5258 0.8428
vn 0.2973 0.4969 0.8153
vn 0.0705 0.6612 0.7469
vn 0.1851 0.6203 0.7622
vn 0.0923 0.7216 0.6861
vn 0.1192 0.6768 0.7265
vn 0.0240 0.7803 0.6249
vn 0.0511 0.8068 0.5886
vn 0.0971 0.8244 0.5576
vn 0.4774 0.7102 0.5175
vn 0.2729 0.8817 0.3848
vn 0.7840 0.5721 0.2408
vn 0.7836 0.4631 0.4141
vn 0.7897 0.6132 -0.0183
vn 0.8835 0.4653 -0.0539
vn 0.8760 0.4412 0.1949
vn 0.7832 0.5026 -0.3662
vn 0.7996 0.4935 -0.3422
vn 0.6397 0.2959 -0.7094
vn 0.6030 0.4843 -0.6340
vn 0.3340 0.0860 -0.9386
vn 0.3123 0.4412 -0.8413
vn 0.0705 0.2427 -0.9675
vn 0.0608 0.0471 -0.9970
vn 0.1643 0.2454 -0.9554
vn 0.1539 0.0484 -0.9869
vn 0.2913 0.2470 -0.9242
vn 0.2812 0.0515 -0.9583
vn 0.4552 0.2522 -0.8539
vn 0.4534 0.0600 -0.8893
vn 0.6351 0.2626 -0.7264
vn 0.6546 0.0735 -0.7524
vn 0.6267 0.3445 -0.6990
vn 0.7538 0.3753 -0.5394
vn 0.7849 0.2812 -0.5521
vn 0.8129 0.2599 -0.5212
vn 0.8388 0.3989 -0.3706
vn 0.8826 -0.0958 -0.4603
vn 0.8812 0.3062 -0.3602
vn 0.9251 0.3334 -0.1817
vn 0.9751 0.1836 -0.1247
vn 0.9305 0.1444 -0.3365
vn 0.9302 0.3671 -0.0025
vn 0.9712 0.2298 0.0629
vn 0.8933 0.3996 0.2057
vn 0.9182 0.2861 0.2738
vn 0.8143 0.4175 0.4032
vn 0.8286 0.3232 0.4570
vn 0.7243 0.4314 0.5379
vn 0.7441 0.3438 0.5729
vn 0.6373 0.4591 0.6189
vn 0.6710 0.3668 0.6443
vn 0.6268 0.4699 0.6216
vn 0.5302 0.4498 0.7187
vn 0.5400 0.4999 0.6772
vn 0.5040 0.3201 0.8022
vn 0.2739 0.4485 0.8508
vn 0.3419 0.4940 0.7994
vn 0.4452 0.3851 0.8084
vn 0.2420 0.5458 0.8022
vn 0.4029 0.4659 0.7878
vn 0.2260 0.5916 0.7739
vn 0.1278 0.6446 0.7538
vn 0.1273 0.6057 0.7855
vn 0.0939 0.6596 0.7457
vn 0.0944 0.6231 0.7764
vn 0.2199 0.6923 0.6873
vn 0.3278 0.5948 0.7340
vn 0.4098 0.5025 0.7613
vn 0.0783 0.5366 0.8402
vn 0.3958 0.5516 0.7343
vn 0.4421 0.5286 0.7246
vn 0.3653 -0.1195 -0.9232
vn 0.3200 0.4863 -0.8131
vn 0.2867 0.5949 -0.7510
vn 0.6077 0.4905 -0.6245
vn 0.5344 0.6393 -0.5529
vn 0.6837 -0.1345 -0.7173
vn 0.8960 -0.1663 -0.4118
vn 0.8145 0.4667 -0.3448
vn 0.6942 0.6615 -0.2838
vn 0.9120 0.4063 -0.0572
vn 0.7567 0.6538 -0.0043
vn 0.9693 -0.1954 -0.1492
vn 0.9740 -0.2233 0.0386
vn 0.8886 0.4105 0.2046
vn 0.7206 0.6492 0.2433
vn 0.7280 0.4994 0.4698
vn 0.5817 0.6874 0.4349
vn 0.8092 0.4334 0.3966
vn 0.3300 0.7964 0.5069
vn 0.7254 0.4559 0.5157
vn 0.2519 0.7087 0.6590
vn -0.3916 0.8013 0.4522
vn 0.0290 0.8887 0.4575
vn 0.6380 0.5227 0.5654
vn -0.0091 0.2624 0.9649
vn -0.6266 0.7490 0.2152
vn 0.5534 -0.5043 0.6629
vn 0.9456 -0.2887 -0.1500
vn 0.9456 -0.3251 -0.0138
vn 0.8607 -0.3262 -0.3909
vn 0.8695 -0.3196 -0.3765
vn 0.9426 -0.2977 -0.1511
vn 0.6406 -0.3761 -0.6694
vn 0.6509 -0.3576 -0.6697
vn 0.3416 -0.4027 -0.8492
vn 0.3449 -0.3776 -0.8594
vn 0.3509 -0.2891 -0.8906
vn 0.1864 0.9263 0.3273
vn 0.2829 0.9493 0.1370
vn 0.5182 0.8468 0.1200
vn 0.5005 0.8655 -0.0176
vn 0.3548 0.9340 -0.0413
vn 0.5417 0.8299 0.1336
vn 0.5400 0.8416 -0.0034
vn 0.7261 0.6541 0.2119
vn 0.8008 0.5989 0.0026
vn 0.6270 0.5742 0.5265
vn 0.8183 0.2706 0.5071
vn 0.9470 0.2260 0.2281
vn 0.6660 0.3040 0.6812
vn 0.6996 0.4374 0.5650
vn 0.9296 0.0082 0.3686
vn 0.9895 0.1443 0.0002
vn 0.9620 0.1064 -0.2513
vn 0.8335 0.1247 -0.5383
vn 0.8703 -0.0798 -0.4860
vn 0.6540 -0.0440 -0.7552
vn 0.6201 0.1758 -0.7646
vn 0.8893 -0.1829 -0.4191
vn 0.6643 -0.1881 -0.7234
vn 0.8867 -0.2680 -0.3768
vn 0.6623 -0.2868 -0.6922
vn 0.3507 -0.1769 -0.9196
vn 0.3457 -0.0135 -0.9383
vn 0.3269 0.2301 -0.9166
vn 0.3330 0.9031 -0.2713
vn 0.2889 0.7856 -0.5472
vn 0.2939 0.5349 -0.7921
vn 0.0400 -0.2240 -0.9738
vn 0.0016 -0.5033 -0.8641
vn 0.1395 -0.2220 -0.9650
vn 0.1245 -0.4887 -0.8635
vn 0.2525 -0.2175 -0.9428
vn 0.2149 -0.4948 -0.8420
vn 0.4262 -0.2017 -0.8819
vn 0.3678 -0.4978 -0.7854
vn 0.6424 -0.1880 -0.7430
vn 0.5669 -0.4974 -0.6566
vn 0.8176 -0.1562 -0.5541
vn 0.7255 -0.4856 -0.4877
vn 0.8222 0.0996 -0.5605
vn 0.9477 -0.0763 -0.3098
vn 0.8731 -0.4242 -0.2402
vn 0.9985 0.0059 -0.0536
vn 0.9652 -0.2614 0.0116
vn 0.9870 0.0784 0.1404
vn 0.9804 -0.0610 0.1872
vn 0.9259 0.1653 0.3397
vn 0.9190 0.0800 0.3862
vn 0.8333 0.2119 0.5106
vn 0.7611 0.2116 0.6132
vn 0.7001 0.2386 0.6730
vn 0.6332 0.2618 0.7283
vn 0.6496 0.1093 0.7523
vn 0.5915 0.3974 0.7016
vn 0.4923 0.4350 0.7539
vn 0.5521 0.2852 0.7835
vn 0.4114 0.5463 0.7296
vn 0.2398 0.6026 0.7612
vn 0.3552 0.4765 0.8042
vn 0.1547 0.5641 0.8111
vn 0.1253 0.5241 0.8424
vn 0.4321 0.3087 0.8474
vn 0.2263 0.3216 0.9194
vn 0.2287 0.1343 0.9642
vn 0.4590 0.1272 0.8793
vn 0.1923 0.3152 0.9293
vn 0.2012 0.1292 0.9710
vn -0.0050 -0.4133 -0.9106
vn 0.0174 -0.0253 -0.9995
vn 0.1255 -0.4401 -0.8891
vn 0.1172 -0.0634 -0.9911
vn 0.2257 -0.4752 -0.8504
vn 0.2617 -0.0951 -0.9605
vn 0.3656 -0.5471 -0.7530
vn 0.4467 -0.1732 -0.8778
vn 0.5303 -0.5900 -0.6089
vn 0.6425 -0.2378 -0.7284
vn 0.6663 -0.6047 -0.4363
vn 0.8067 -0.2711 -0.5251
vn 0.8376 0.0627 -0.5427
vn 0.6610 0.0959 -0.7442
vn 0.8358 0.0539 -0.5463
vn 0.6631 0.0513 -0.7468
vn 0.9527 0.0477 -0.3002
vn 0.9476 0.0990 -0.3036
vn 0.8300 0.1319 -0.5419
vn 0.9981 0.0403 -0.0459
vn 0.9971 0.0624 -0.0443
vn 0.9940 0.1045 -0.0328
vn 0.9412 0.1641 -0.2953
vn 0.9995 -0.0284 -0.0157
vn 0.9583 0.0166 -0.2853
vn 0.9793 -0.0624 0.1924
vn 0.9607 -0.2285 0.1579
vn 0.9717 -0.2359 -0.0129
vn 0.9323 -0.0670 0.3553
vn 0.9252 -0.2093 0.3164
vn 0.8447 -0.0591 0.5319
vn 0.8404 -0.1963 0.5051
vn 0.8303 -0.0442 0.5555
vn 0.7026 -0.0754 0.7076
vn 0.6911 -0.2087 0.6920
vn 0.7112 -0.0123 0.7029
vn 0.5565 -0.0764 0.8273
vn 0.7322 -0.0730 0.6772
vn 0.6496 -0.1150 0.7515
vn 0.7795 -0.0785 0.6215
vn 0.7428 0.0158 0.6694
vn 0.6771 -0.0677 0.7328
vn 0.6827 -0.2553 0.6846
vn 0.8364 -0.2390 0.4933
vn 0.6664 -0.2315 0.7087
vn 0.8279 -0.2085 0.5206
vn 0.7949 -0.2155 0.5672
vn 0.7486 -0.2535 0.6126
vn 0.8958 -0.2345 0.3776
vn 0.9180 -0.1808 0.3528
vn 0.9301 -0.1861 0.3166
vn 0.9772 -0.1583 0.1417
vn 0.9759 -0.1784 0.1253
vn 0.9242 -0.2404 0.2969
vn 0.9576 -0.2585 0.1276
vn 0.9781 -0.1989 -0.0606
vn 0.9565 -0.2899 -0.0325
vn 0.9849 -0.1552 -0.0762
vn 0.9190 -0.1785 -0.3515
vn 0.9174 -0.2475 -0.3115
vn 0.9071 -0.3239 -0.2690
vn 0.7554 -0.2969 -0.5841
vn 0.7617 -0.3555 -0.5417
vn 0.9377 -0.2229 -0.2665
vn 0.8120 -0.2196 -0.5408
vn 0.5485 -0.3883 -0.7405
vn 0.6130 -0.2434 -0.7517
vn 0.8404 0.0378 -0.5406
vn 0.6624 0.0346 -0.7484
vn 0.3561 -0.2777 -0.8922
vn 0.4250 0.0212 -0.9049
vn 0.6496 0.2470 -0.7190
vn 0.8226 0.2086 -0.5289
vn 0.4330 0.2788 -0.8572
vn 0.1819 -0.0003 -0.9833
vn 0.2113 0.2882 -0.9340
vn 0.4520 0.1765 -0.8744
vn 0.6555 0.1544 -0.7392
vn 0.2358 0.2190 -0.9468
vn 0.0500 0.2690 -0.9618
vn 0.0708 0.2122 -0.9746
vn 0.2554 0.0373 -0.9661
vn 0.4617 0.0490 -0.8857
vn 0.0845 -0.0160 -0.9963
vn 0.0042 0.1767 -0.9842
vn 0.0163 -0.0936 -0.9955
vn 0.1024 0.0275 -0.9944
vn 0.2561 0.0945 -0.9620
vn 0.0258 -0.0303 -0.9992
vn -0.0062 0.2476 -0.9688
vn -0.0204 -0.0395 -0.9990
vn 0.0213 -0.0222 -0.9995
vn -0.0485 -0.3650 -0.9297
vn -0.0571 -0.4358 -0.8982
vn 0.1001 -0.3159 -0.9435
vn 0.0028 -0.4618 -0.8870
vn 0.2867 -0.4171 -0.8624
vn 0.2602 -0.3485 -0.9005
vn -0.0932 -0.3844 -0.9185
vn 0.5348 -0.3284 -0.7786
vn 0.5341 -0.2236 -0.8154
vn 0.2439 -0.2359 -0.9407
vn 0.7538 -0.2063 -0.6239
vn 0.7430 -0.2100 -0.6354
vn 0.5229 -0.2065 -0.8270
vn 0.9056 -0.2157 -0.3652
vn 0.8946 -0.2609 -0.3627
vn 0.7352 -0.2413 -0.6335
vn 0.9728 -0.2182 -0.0780
vn 0.9597 -0.2713 -0.0736
vn 0.9617 -0.2248 0.1570
vn 0.9474 -0.2733 0.1666
vn 0.8811 -0.2734 0.3860
vn 0.8760 -0.2903 0.3852
vn 0.9422 -0.2875 0.1718
vn 0.7376 -0.2778 0.6155
vn 0.7408 -0.2961 0.6029
vn 0.5240 -0.2984 0.7977
vn 0.7630 -0.2617 0.5911
vn 0.8867 -0.2696 0.3756
vn 0.5259 -0.2345 0.8176
vn 0.7884 -0.2919 0.5414
vn 0.8968 -0.2693 0.3510
vn 0.6535 -0.2944 0.6973
vn 0.7958 -0.3292 0.5082
vn 0.8983 -0.2679 0.3483
vn 0.6638 -0.3802 0.6440
vn 0.6875 -0.2992 0.6616
vn 0.8055 -0.2716 0.5268
vn 0.5799 -0.4053 0.7067
vn 0.4491 -0.3330 0.8291
vn 0.4308 -0.3429 0.8348
vn 0.7217 -0.2311 0.6524
vn 0.8157 -0.2200 0.5350
vn 0.7516 -0.1385 0.6449
vn 0.8315 -0.1220 0.5419
vn 0.7508 0.0171 0.6603
vn 0.8368 0.0434 0.5458
vn 0.7201 0.1671 0.6735
vn 0.8429 0.1078 0.5272
vn 0.7299 0.1821 0.6588
vn 0.8744 0.0365 0.4838
vn 0.7733 -0.1797 0.6081
vn 0.8513 -0.2367 0.4683
vn 0.7614 -0.3771 0.5273
vn 0.8421 0.1632 0.5141
vn 0.9099 0.1752 0.3760
vn 0.8741 -0.1901 0.4470
vn 0.9498 -0.1801 0.2558
vn 0.9892 -0.0177 0.1457
vn 0.9972 -0.0324 0.0672
vn 0.9937 -0.0388 0.1052
vn 0.9311 -0.3177 -0.1794
vn 0.9704 -0.0982 -0.2205
vn 0.9806 -0.0564 -0.1879
vn 0.8158 -0.2904 -0.5002
vn 0.8637 -0.1152 -0.4906
vn 0.9882 -0.0131 -0.1524
vn 0.8833 -0.0581 -0.4652
vn 0.6175 -0.1068 -0.7793
vn 0.6419 -0.0625 -0.7642
vn 0.8952 -0.0662 -0.4406
vn 0.6739 -0.0526 -0.7369
vn 0.3331 -0.0428 -0.9419
vn 0.3715 -0.0389 -0.9276
vn 0.7003 -0.0559 -0.7116
vn 0.9006 -0.1148 -0.4193
vn 0.4139 -0.0335 -0.9097
vn 0.0427 -0.0275 -0.9987
vn 0.0788 -0.0206 -0.9967
vn 0.4496 -0.0126 -0.8931
vn 0.7259 -0.0331 -0.6870
vn 0.1111 0.0090 -0.9938
vn -0.2637 -0.0109 -0.9645
vn -0.2315 0.0249 -0.9725
vn 0.1395 0.0601 -0.9884
vn 0.4758 0.0128 -0.8795
vn -0.1998 0.0883 -0.9759
vn -0.5430 0.0259 -0.8394
vn -0.5075 0.0932 -0.8566
vn -0.1708 0.1538 -0.9732
vn 0.1643 0.1252 -0.9784
vn -0.4774 0.1503 -0.8657
vn -0.7723 0.0814 -0.6301
vn -0.7487 0.1229 -0.6515
vn -0.4583 0.1322 -0.8789
vn -0.1520 0.1513 -0.9767
vn -0.7313 0.0830 -0.6770
vn -0.9327 0.0766 -0.3525
vn -0.9225 0.0108 -0.3859
vn -0.7169 0.0047 -0.6972
vn -0.4489 0.0318 -0.8930
vn -0.9123 -0.0292 -0.4086
vn -0.9924 -0.0535 -0.1107
vn -0.9904 -0.0586 -0.1250
vn -0.9085 -0.0692 -0.4121
vn -0.7178 -0.0698 -0.6928
vn -0.9889 -0.0756 -0.1283
vn -0.9950 -0.0788 0.0615
vn -0.9948 -0.0855 0.0546
vn -0.9871 -0.0954 -0.1286
vn -0.9083 -0.0961 -0.4072
vn -0.9939 -0.1006 0.0460
vn -0.9676 -0.1060 0.2290
vn -0.9708 -0.1251 0.2049
vn -0.9939 -0.1036 0.0372
vn -0.9874 -0.0867 -0.1323
vn -0.9781 -0.1363 0.1574
vn -0.9139 -0.1726 0.3673
vn -0.9438 -0.1699 0.2835
vn -0.9831 -0.1397 0.1184
vn -0.9934 -0.1119 0.0237
vn -0.9528 -0.1619 0.2570
vn -0.8659 -0.1881 0.4636
vn -0.8739 -0.1760 0.4531
vn -0.9548 -0.1738 0.2410
vn -0.9832 -0.1492 0.1056
vn -0.8851 -0.1804 0.4290
vn -0.7312 -0.1870 0.6560
vn -0.7516 -0.1890 0.6319
vn -0.8915 -0.2050 0.4041
vn -0.7291 -0.3341 0.5973
vn -0.5664 -0.2270 0.7922
vn -0.4551 -0.5204 0.7225
vn -0.4620 -0.7495 0.4742
vn -0.8431 -0.4071 0.3514
vn -0.0883 -0.8756 0.4750
vn -0.1716 -0.6355 0.7528
vn 0.0757 -0.8586 0.5070
vn 0.0621 -0.9363 0.3456
vn -0.0830 -0.9537 0.2892
vn -0.7655 -0.5810 -0.2764
vn -0.3386 -0.2852 0.8967
vn -0.2458 -0.2684 0.9314
vn 0.0030 -0.2802 0.9599
vn -0.5164 -0.2201 0.8276
vn -0.4519 -0.2345 0.8607
vn -0.1849 -0.2627 0.9470
vn -0.6973 -0.2037 0.6873
vn -0.6400 -0.2495 0.7267
vn -0.3623 -0.2552 0.8964
vn -0.8283 -0.2221 0.5143
vn -0.7520 -0.2090 0.6252
vn -0.5518 -0.2485 0.7961
vn -0.8677 -0.1486 0.4744
vn -0.8550 -0.1412 0.4990
vn -0.6904 -0.1756 0.7018
vn -0.9650 -0.1053 0.2400
vn -0.9605 -0.1269 0.2479
vn -0.8543 -0.1753 0.4893
vn -0.9933 -0.0927 0.0690
vn -0.9959 -0.0035 0.0902
vn -0.9576 -0.0600 0.2817
vn -0.9957 0.0312 -0.0876
vn -0.9944 0.0656 -0.0834
vn -0.9926 0.0605 0.1049
vn -0.9410 0.0675 -0.3316
vn -0.9502 -0.0061 -0.3117
vn -0.9959 -0.0079 -0.0898
vn -0.8027 0.0098 -0.5963
vn -0.8377 -0.0282 -0.5454
vn -0.9619 -0.0477 -0.2691
vn -0.5837 -0.0120 -0.8119
vn -0.6235 -0.0089 -0.7818
vn -0.8686 -0.0081 -0.4954
vn -0.2981 -0.0163 -0.9544
vn -0.3366 -0.0117 -0.9416
vn -0.6538 0.0016 -0.7567
vn 0.0058 -0.0243 -0.9997
vn -0.0411 -0.0679 -0.9968
vn -0.3767 -0.0639 -0.9241
vn 0.2972 -0.0804 -0.9514
vn 0.3132 -0.4067 -0.8582
vn -0.0374 -0.3618 -0.9315
vn 0.5716 -0.4006 -0.7161
vn 0.5537 -0.3752 -0.7434
vn 0.2923 -0.2889 -0.9117
vn 0.7589 -0.4099 -0.5060
vn 0.7878 -0.0373 -0.6148
vn 0.5207 0.0416 -0.8527
vn 0.7839 -0.0042 -0.6209
vn 0.5186 -0.0432 -0.8539
vn 0.7458 -0.2614 -0.6128
vn 0.4817 -0.3283 -0.8125
vn 0.4217 -0.8212 -0.3845
vn 0.2866 -0.8571 -0.4281
vn 0.0406 -0.9974 -0.0590
vn 0.0442 -0.9977 -0.0522
vn 0.0119 -0.9999 -0.0037
vn 0.0079 -0.9999 -0.0114
vn -0.0031 -0.9998 -0.0189
vn -0.0005 -1.0000 -0.0011
vn -0.1257 -0.9638 -0.2349
vn -0.4656 -0.5689 -0.6779
vn -0.5554 -0.0647 -0.8291
vn -0.2515 -0.0342 -0.9672
vn -0.5071 0.0191 -0.8617
vn -0.1847 0.0322 -0.9823
vn -0.7510 0.0056 -0.6603
vn -0.7032 -0.2045 -0.6809
vn -0.4376 -0.2354 -0.8678
vn -0.8829 -0.1588 -0.4418
vn -0.9787 -0.1197 -0.1667
vn -0.8737 -0.2074 -0.4401
vn -0.6686 -0.2576 -0.6976
vn -0.9732 -0.1662 -0.1591
vn -0.9842 -0.1202 0.1303
vn -0.9754 -0.1988 0.0952
vn -0.9858 -0.0317 -0.1651
vn -0.8901 -0.0467 -0.4533
vn -0.9984 -0.0270 0.0493
vn -0.9003 -0.3269 0.2875
vn -0.9830 -0.0305 0.1810
vn -0.9996 0.0087 0.0270
vn -0.9851 0.0263 -0.1701
vn -0.9847 0.0023 0.1742
vn -0.9287 -0.0231 0.3700
vn -0.8921 0.0653 0.4471
vn -0.9806 -0.0245 0.1945
vn -0.9987 -0.0404 -0.0304
vn -0.8819 0.0125 0.4713
vn -0.7970 0.0870 0.5977
vn -0.8431 -0.0417 0.5362
vn -0.9113 -0.0959 0.4005
vn -0.9802 -0.0663 0.1868
vn -0.8565 -0.1215 0.5016
vn -0.6682 -0.0766 0.7400
vn -0.8209 -0.0678 0.5671
vn -0.9354 -0.0560 0.3492
vn -0.6145 -0.0849 0.7843
vn -0.3988 -0.0434 0.9160
vn -0.4003 -0.1218 0.9083
vn -0.6130 -0.1508 0.7756
vn -0.8144 -0.0636 0.5768
vn -0.4013 -0.2132 0.8908
vn -0.2236 -0.1555 0.9622
vn -0.2259 -0.2503 0.9414
vn -0.4116 -0.3042 0.8591
vn -0.6335 -0.2403 0.7355
vn -0.2374 -0.3439 0.9085
vn -0.0953 -0.2750 0.9567
vn -0.1082 -0.3659 0.9244
vn -0.2428 -0.2897 0.9258
vn -0.4306 -0.2710 0.8609
vn -0.1117 -0.2972 0.9483
vn -0.0122 -0.3819 0.9241
vn -0.0245 -0.2773 0.9605
vn -0.0952 -0.2191 0.9711
vn -0.2390 -0.2271 0.9441
vn -0.0055 -0.2148 0.9767
vn 0.1160 -0.2062 0.9716
vn 0.0065 -0.2695 0.9630
vn -0.0976 -0.2681 0.9584
vn 0.2128 -0.2699 0.9391
vn 0.0078 -0.2815 0.9595
vn -0.1372 -0.2723 0.9524
vn 0.0083 -0.2724 0.9621
vn -0.2749 -0.2615 0.9252
vn -0.4711 -0.2146 0.8556
vn -0.6592 -0.2292 0.7162
vn -0.8404 -0.1494 0.5210
vn -0.9429 0.0169 0.3325
vn -0.9904 -0.0254 0.1362
vn -0.9954 -0.0579 -0.0769
vn -0.9778 -0.0195 -0.2086
vn -0.8837 0.0194 -0.4676
vn -0.6767 -0.0578 -0.7339
vn -0.3841 -0.3069 -0.8708
vn -0.0967 -0.2569 -0.9616
vn 0.1903 0.0355 -0.9811
vn 0.1509 -0.0367 -0.9879
vn 0.0874 -0.2920 0.9524
vn 0.1832 -0.3579 0.9156
vn -0.0908 -0.1808 0.9793
vn -0.0833 -0.0989 0.9916
vn -0.2129 -0.0674 0.9747
vn -0.1998 0.0818 0.9764
vn -0.0788 0.0511 0.9956
vn -0.2301 0.2325 0.9450
vn -0.1190 0.2593 0.9584
vn -0.2749 0.1923 0.9420
vn -0.1728 0.2980 0.9388
vn -0.0972 0.3627 0.9268
vn -0.0473 0.2430 0.9689
vn -0.7901 0.0274 0.6123
vn -0.6077 0.0716 0.7909
vn -0.6862 -0.4414 0.5782
vn -0.5232 -0.2774 0.8058
vn -0.8005 -0.4408 0.4060
vn -0.7469 -0.4541 0.4857
vn -0.9117 -0.2064 0.3552
vn -0.9195 -0.0062 0.3931
vn -0.8646 -0.0340 0.5012
vn -0.9914 -0.0044 0.1304
vn -0.8913 -0.0742 0.4473
vn -0.8253 -0.1011 0.5556
vn -0.3513 -0.0055 0.9362
vn -0.3452 0.1550 0.9256
vn -0.2375 0.2149 0.9473
vn -0.1371 0.3236 0.9362
vn 0.0236 -0.1362 0.9904
vn 0.0936 -0.1201 0.9883
vn -0.2922 0.0610 0.9544
vn -0.4930 0.3629 0.7907
vn -0.1869 0.4970 0.8474
vn -0.5090 0.5822 0.6340
vn -0.1831 0.7389 0.6485
vn -0.4102 0.6919 0.5941
vn -0.1314 0.8135 0.5665
vn -0.6182 0.5369 0.5741
vn -0.5863 0.5899 0.5553
vn -0.3390 0.8234 0.4551
vn -0.7987 0.2654 0.5400
vn -0.7362 0.2714 0.6199
vn -0.7549 0.2903 0.5881
vn -0.4623 0.4439 0.7676
vn -0.5290 0.1913 0.8268
vn -0.7995 -0.2069 0.5639
vn -0.5017 0.2282 0.8344
vn -0.0520 0.5263 0.8487
vn -0.0631 0.5154 0.8546
vn 0.2958 0.5349 0.7914
vn 0.2772 0.4792 0.8328
vn 0.3349 -0.5324 0.7774
vn -0.0034 -1.0000 -0.0081
vn 0.6527 0.4661 0.5972
vn 0.6463 0.3786 0.6625
vn 0.8905 0.3702 0.2646
vn 0.9015 0.2523 0.3516
vn 0.9744 0.2247 -0.0092
vn 0.8853 0.4650 -0.0018
vn 0.8429 0.3574 0.4022
vn 0.9146 0.2986 -0.2725
vn 0.8007 0.5446 -0.2498
vn 0.8516 0.3238 -0.4123
vn 0.7594 0.5688 -0.3158
vn 0.8327 0.2347 -0.5016
vn 0.7686 0.5373 -0.3472
vn 0.7958 -0.1074 -0.5960
vn 0.7871 -0.2227 -0.5752
vn 0.8541 0.1327 -0.5030
vn 0.4302 -0.8005 -0.4173
vn -0.0219 -0.9936 -0.1112
vn 0.5482 -0.7928 -0.2664
vn 0.8604 -0.2614 -0.4375
vn 0.0385 -0.9991 -0.0192
vn -0.0606 -0.9949 -0.0803
vn -0.0232 -0.9997 -0.0009
vn 0.1233 -0.9880 0.0931
vn 0.0663 -0.9880 0.1395
vn -0.0346 -0.9994 -0.0019
vn 0.0700 -0.9859 0.1517
vn 0.0545 -0.9949 0.0849
vn 0.0612 -0.9923 0.1077
vn 0.0013 -1.0000 0.0009
vn -0.0094 -0.9999 0.0080
vn -0.0064 -1.0000 0.0057
vn -0.0211 -0.9995 0.0223
vn -0.0708 -0.9946 -0.0762
vn -0.0790 -0.9938 -0.0780
vn -0.0274 -0.9992 -0.0305
vn -0.0349 -0.9988 -0.0353
vn -0.0027 -1.0000 -0.0036
vn -0.0576 -0.9978 -0.0323
vn -0.0986 -0.9920 -0.0789
vn 0.8131 0.4777 -0.3325
vn 0.7688 0.6141 -0.1783
vn 0.6788 0.7102 -0.1867
vn 0.7035 0.7097 0.0381
vn 0.6026 0.7980 -0.0039
vn 0.7955 0.5950 0.1148
vn 0.5934 0.6337 0.4963
vn 0.4690 0.8126 0.3460
vn 0.8833 0.2514 0.3957
vn 0.8383 0.3357 0.4297
vn 0.2654 0.6095 0.7471
vn 0.1688 0.8162 0.5526
vn 0.1414 0.8766 0.4599
vn 0.4124 0.8753 0.2524
vn 0.1088 0.9364 0.3335
vn 0.3226 0.9300 0.1763
vn -0.0998 0.9126 0.3966
vn 0.0196 0.9896 0.1428
vn 0.0330 0.9836 0.1772
vn 0.3622 0.7478 0.5564
vn 0.2952 0.2668 0.9174
vn 0.6108 0.3242 0.7223
vn -0.0834 0.1721 0.9815
vn 0.4743 0.8803 -0.0130
vn 0.6033 0.7788 -0.1717
vn -0.9938 -0.1111 0.0087
vn -0.9918 -0.1279 -0.0055
vn -0.9854 -0.0908 -0.1439
vn -0.9864 -0.0772 -0.1451
vn -0.9812 -0.1378 -0.1351
vn -0.9237 -0.1606 -0.3477
vn -0.9190 -0.0926 -0.3833
vn -0.9253 -0.2428 -0.2913
vn -0.7695 -0.1586 -0.6186
vn -0.7523 -0.0833 -0.6536
vn -0.9181 -0.0656 -0.3908
vn -0.5128 -0.2152 -0.8311
vn -0.4960 -0.1303 -0.8585
vn -0.1403 -0.2363 -0.9615
vn -0.1490 -0.1836 -0.9716
vn 0.2243 -0.2070 -0.9523
vn 0.2045 -0.2188 -0.9541
vn -0.1506 -0.1882 -0.9705
vn 0.5089 -0.2278 -0.8301
vn 0.5021 -0.2107 -0.8388
vn 0.1931 -0.1955 -0.9615
vn 0.7376 -0.2289 -0.6352
vn 0.7537 -0.1531 -0.6391
vn 0.5047 -0.1184 -0.8552
vn 0.8971 -0.2580 -0.3587
vn 0.9140 -0.2060 -0.3496
vn 0.9574 -0.2805 -0.0682
vn 0.9663 -0.2504 -0.0597
vn 0.9477 -0.2684 0.1725
vn 0.9561 -0.2392 0.1695
vn 0.9794 -0.1959 -0.0480
vn 0.9621 -0.2055 0.1795
vn 0.9884 -0.1455 -0.0428
vn 0.9657 -0.1771 0.1899
vn 0.9905 -0.1260 -0.0557
vn 0.8983 -0.2287 0.3752
vn 0.8987 -0.1985 0.3910
vn 0.9681 -0.1674 0.1864
vn 0.9130 -0.1000 0.3955
vn 0.9810 -0.0857 0.1743
vn 0.9916 -0.0768 -0.1037
vn 0.9884 -0.1289 -0.0801
vn 0.9116 -0.0560 -0.4072
vn 0.9203 -0.0865 -0.3816
vn 0.9332 -0.0758 -0.3514
vn 0.7469 -0.0394 -0.6638
vn 0.7643 -0.0116 -0.6447
vn 0.9412 -0.0770 -0.3289
vn 0.7761 0.0077 -0.6306
vn 0.4946 0.0637 -0.8668
vn 0.5057 0.0876 -0.8582
vn 0.7724 -0.0459 -0.6335
vn 0.9342 -0.1275 -0.3331
vn 0.5092 0.0159 -0.8605
vn 0.1816 0.1378 -0.9737
vn 0.1911 0.0448 -0.9805
vn 0.1923 -0.0999 -0.9762
vn -0.1425 0.0475 -0.9887
vn -0.1428 -0.0878 -0.9858
vn -0.1482 -0.1695 -0.9743
vn -0.4508 -0.0781 -0.8892
vn -0.4641 -0.1356 -0.8754
vn -0.4792 -0.1352 -0.8672
vn -0.7272 -0.1079 -0.6779
vn -0.7390 -0.0919 -0.6674
vn -0.9129 -0.0780 -0.4006
vn -0.9871 -0.0813 -0.1380
vn 0.4552 0.1095 -0.8836
vn 0.2058 -0.0638 0.9765
vn 0.4395 -0.2774 0.8543
vn 0.4552 -0.0612 0.8883
vn 0.4026 -0.5166 0.7557
vn 0.5447 -0.2832 0.7894
vn 0.5742 -0.0569 0.8167
vn 0.6423 -0.0871 0.7615
vn 0.5776 0.1208 0.8074
vn 0.3496 -0.7029 0.6195
vn -0.5591 -0.6511 -0.5132
vn 0.2592 -0.9600 -0.1061
vn -0.0806 -0.9882 0.1304
vn 0.9368 -0.1294 0.3250
vn 0.8211 -0.0809 0.5651
vn 0.6468 -0.0747 0.7590
vn 0.6668 -0.1819 0.7227
vn 0.5334 -0.1011 0.8398
vn 0.5258 -0.1025 0.8444
vn 0.7083 -0.3473 0.6146
vn 0.6026 -0.1266 0.7880
vn 0.3129 -0.0907 0.9454
vn 0.3717 0.0066 0.9283
vn 0.3541 -0.6689 0.6536
vn 0.2522 -0.8657 0.4323
vn 0.2226 -0.7095 0.6686
vn 0.3440 -0.1901 0.9195
vn 0.3657 -0.4298 0.8256
vn 0.3725 -0.3469 0.8607
vn 0.4220 -0.4660 0.7776
vn 0.3775 -0.4275 0.8214
vn 0.2913 -0.4805 0.8272
vn 0.2697 -0.5670 0.7783
vn 0.2548 -0.2101 0.9439
vn 0.2133 -0.0557 0.9754
vn 0.2320 -0.2317 0.9447
vn 0.2252 -0.0499 0.9730
vn 0.3623 -0.0459 0.9309
vn 0.4532 -0.0600 0.8894
vn 0.4269 -0.0081 0.9043
vn 0.3435 0.0303 0.9387
vn 0.2591 -0.0393 0.9650
vn 0.2186 -0.2281 0.9488
vn 0.3420 -0.2143 0.9149
vn -0.8272 -0.4034 0.3911
vn 0.9270 0.1320 0.3511
vn 0.7031 0.2570 0.6630
vn 0.9247 0.0529 0.3771
vn 0.9246 0.0529 0.3772
vn -0.3481 0.9353 0.0640
vn -0.8201 0.5707 0.0420
vn -0.9858 0.1103 -0.1264
vn -0.0000 -0.0605 0.9982
vn -0.3810 -0.1286 -0.9156
vn 0.2462 0.9257 -0.2871
vn -0.8203 0.4609 0.3387
vn -0.3808 0.9016 0.2052
vn 0.3810 0.1286 0.9156
vt 0.893403 0.923515
vt 0.874367 0.928715
vt 0.872344 0.921027
vt 0.889152 0.914360
vt 0.900915 0.909615
vt 0.905696 0.918579
vt 0.936622 0.114819
vt 0.923176 0.108405
vt 0.925561 0.104959
vt 0.935567 0.109897
vt 0.942628 0.119416
vt 0.938686 0.109141
vt 0.942419 0.105896
vt 0.951573 0.113087
vt 0.933158 0.902401
vt 0.925493 0.907256
vt 0.922460 0.900480
vt 0.928270 0.898287
vt 0.068891 0.062406
vt 0.070894 0.065715
vt 0.066117 0.066094
vt 0.066093 0.061907
vt 0.066885 0.058345
vt 0.067996 0.058805
vt 0.030673 0.164270
vt 0.031178 0.168857
vt 0.025252 0.163743
vt 0.023933 0.154573
vt 0.034351 0.154533
vt 0.041337 0.160886
vt 0.028631 0.149320
vt 0.121226 0.186021
vt 0.122555 0.188400
vt 0.121805 0.192858
vt 0.115832 0.191545
vt 0.122308 0.183418
vt 0.123117 0.184999
vt 0.123463 0.185755
vt 0.114217 0.186393
vt 0.118767 0.181128
vt 0.121388 0.127088
vt 0.118763 0.124508
vt 0.122182 0.121723
vt 0.124715 0.126713
vt 0.118568 0.156325
vt 0.126427 0.158169
vt 0.125270 0.165945
vt 0.118451 0.166221
vt 0.121190 0.143637
vt 0.126946 0.144745
vt 0.111028 0.147683
vt 0.115476 0.139778
vt 0.108059 0.159948
vt 0.104400 0.151942
vt 0.108678 0.166888
vt 0.120390 0.199547
vt 0.112373 0.198034
vt 0.102614 0.195597
vt 0.108186 0.190444
vt 0.110387 0.186937
vt 0.097052 0.191132
vt 0.097638 0.189703
vt 0.101196 0.189658
vt 0.087387 0.186716
vt 0.091734 0.182970
vt 0.093631 0.195145
vt 0.105630 0.187693
vt 0.097084 0.204245
vt 0.088428 0.199751
vt 0.117806 0.173390
vt 0.124643 0.172609
vt 0.124964 0.178089
vt 0.109034 0.182861
vt 0.108895 0.174211
vt 0.099627 0.182020
vt 0.097824 0.173907
vt 0.114112 0.127710
vt 0.110325 0.131139
vt 0.109435 0.121603
vt 0.115013 0.122401
vt 0.106295 0.120912
vt 0.106116 0.136195
vt 0.116711 0.113623
vt 0.116805 0.116362
vt 0.098621 0.139174
vt 0.095602 0.123177
vt 0.095095 0.153189
vt 0.094094 0.159048
vt 0.077646 0.150514
vt 0.088957 0.145277
vt 0.035901 0.224310
vt 0.047152 0.220443
vt 0.055332 0.230741
vt 0.038463 0.233577
vt 0.020564 0.230134
vt 0.027626 0.216882
vt 0.038946 0.208823
vt 0.433099 0.884461
vt 0.430637 0.877521
vt 0.443792 0.880018
vt 0.442689 0.885661
vt 0.375762 0.234937
vt 0.376469 0.236515
vt 0.365888 0.238511
vt 0.365040 0.236812
vt 0.333495 0.760340
vt 0.336498 0.763179
vt 0.331327 0.768542
vt 0.326597 0.767147
vt 0.322677 0.763636
vt 0.329211 0.759317
vt 0.338885 0.760468
vt 0.316457 0.816683
vt 0.318073 0.830903
vt 0.311491 0.827827
vt 0.311637 0.815167
vt 0.311878 0.801593
vt 0.318871 0.803923
vt 0.327003 0.810468
vt 0.327228 0.821988
vt 0.325583 0.833694
vt 0.290503 0.901482
vt 0.296708 0.896574
vt 0.299795 0.899608
vt 0.291871 0.905063
vt 0.286603 0.902395
vt 0.291593 0.896580
vt 0.286147 0.906747
vt 0.491394 0.217597
vt 0.493829 0.215817
vt 0.496923 0.221136
vt 0.493245 0.221102
vt 0.485329 0.219389
vt 0.484987 0.214265
vt 0.485906 0.210355
vt 0.320388 0.853575
vt 0.329587 0.854859
vt 0.315897 0.865951
vt 0.311771 0.863958
vt 0.307918 0.862007
vt 0.317177 0.848905
vt 0.275561 0.887911
vt 0.280999 0.892708
vt 0.272621 0.899065
vt 0.269312 0.888952
vt 0.286943 0.875273
vt 0.293335 0.878154
vt 0.280684 0.873338
vt 0.491606 0.198472
vt 0.491688 0.202602
vt 0.484084 0.197484
vt 0.488263 0.196306
vt 0.503005 0.205394
vt 0.502875 0.208868
vt 0.499024 0.195932
vt 0.248179 0.882757
vt 0.257916 0.884378
vt 0.260964 0.902522
vt 0.256707 0.908090
vt 0.240064 0.862110
vt 0.259823 0.867199
vt 0.237688 0.882969
vt 0.482387 0.184892
vt 0.488744 0.181292
vt 0.505730 0.190147
vt 0.476531 0.187314
vt 0.335535 0.809279
vt 0.334692 0.822148
vt 0.329970 0.793156
vt 0.337020 0.793751
vt 0.322325 0.790174
vt 0.341284 0.764356
vt 0.334498 0.770663
vt 0.347054 0.756280
vt 0.343049 0.771941
vt 0.337808 0.770617
vt 0.352046 0.765539
vt 0.351754 0.774343
vt 0.338022 0.781238
vt 0.331766 0.780369
vt 0.343973 0.782867
vt 0.353388 0.845548
vt 0.357133 0.855361
vt 0.341335 0.861873
vt 0.336387 0.857933
vt 0.342202 0.840636
vt 0.344980 0.825360
vt 0.355421 0.827697
vt 0.364514 0.843637
vt 0.364890 0.854559
vt 0.363494 0.829379
vt 0.443652 0.148654
vt 0.445753 0.143259
vt 0.451265 0.158338
vt 0.445700 0.160612
vt 0.439217 0.166074
vt 0.437697 0.147537
vt 0.444669 0.137939
vt 0.436430 0.108031
vt 0.431632 0.108212
vt 0.430347 0.100543
vt 0.437571 0.102380
vt 0.451306 0.133848
vt 0.454020 0.143834
vt 0.429390 0.176770
vt 0.427685 0.154158
vt 0.444905 0.176353
vt 0.438811 0.182850
vt 0.433786 0.193669
vt 0.425536 0.194665
vt 0.419833 0.182190
vt 0.420782 0.160418
vt 0.416296 0.198455
vt 0.410712 0.220641
vt 0.407626 0.218335
vt 0.416262 0.215090
vt 0.415934 0.219212
vt 0.425084 0.212008
vt 0.426244 0.215813
vt 0.374486 0.877053
vt 0.372802 0.869639
vt 0.380496 0.869014
vt 0.380272 0.876534
vt 0.359891 0.874275
vt 0.363650 0.869036
vt 0.408813 0.224237
vt 0.405660 0.223105
vt 0.395391 0.869129
vt 0.391691 0.867728
vt 0.396550 0.864652
vt 0.399818 0.868117
vt 0.396228 0.872588
vt 0.391362 0.872836
vt 0.401397 0.872044
vt 0.399516 0.223856
vt 0.398723 0.219687
vt 0.398186 0.878609
vt 0.397278 0.875981
vt 0.402358 0.875760
vt 0.403121 0.879157
vt 0.395485 0.879405
vt 0.393252 0.876222
vt 0.402952 0.882518
vt 0.409825 0.857338
vt 0.412254 0.861642
vt 0.403091 0.863210
vt 0.396627 0.857641
vt 0.421233 0.852216
vt 0.426429 0.859745
vt 0.400467 0.850709
vt 0.386550 0.232226
vt 0.383643 0.227382
vt 0.391916 0.225997
vt 0.393403 0.229639
vt 0.410112 0.882014
vt 0.410487 0.879125
vt 0.374448 0.228814
vt 0.363728 0.231532
vt 0.373438 0.200777
vt 0.382587 0.192509
vt 0.382096 0.208065
vt 0.370795 0.210732
vt 0.359042 0.204432
vt 0.356429 0.187202
vt 0.370317 0.178951
vt 0.359683 0.213774
vt 0.456436 0.883590
vt 0.451098 0.887411
vt 0.357445 0.242447
vt 0.349036 0.245389
vt 0.341001 0.246253
vt 0.352479 0.237569
vt 0.504148 0.900761
vt 0.484017 0.896867
vt 0.492763 0.894260
vt 0.511530 0.900070
vt 0.976179 0.854129
vt 0.975585 0.844975
vt 0.983210 0.850077
vt 0.979955 0.854934
vt 0.965723 0.861865
vt 0.959026 0.852579
vt 0.984881 0.834019
vt 0.988763 0.842236
vt 0.989991 0.738449
vt 0.987398 0.733244
vt 0.994920 0.736197
vt 0.985983 0.750729
vt 0.224340 0.319768
vt 0.241566 0.306278
vt 0.247927 0.312721
vt 0.229829 0.325539
vt 0.978381 0.748057
vt 0.975551 0.740903
vt 0.981024 0.750982
vt 0.976864 0.763670
vt 0.966563 0.758349
vt 0.513166 0.422981
vt 0.496356 0.432220
vt 0.492947 0.425961
vt 0.512089 0.408691
vt 0.526134 0.425414
vt 0.499925 0.436186
vt 0.532584 0.404333
vt 0.947201 0.805616
vt 0.964631 0.808030
vt 0.966773 0.823948
vt 0.950552 0.830743
vt 0.934314 0.839737
vt 0.926724 0.817788
vt 0.917699 0.800463
vt 0.934403 0.787592
vt 0.949958 0.773402
vt 0.960127 0.784387
vt 0.970407 0.793870
vt 0.916909 0.896260
vt 0.918787 0.892587
vt 0.917478 0.902068
vt 0.910426 0.894502
vt 0.910113 0.882568
vt 0.912759 0.903879
vt 0.893110 0.828578
vt 0.899520 0.829546
vt 0.895854 0.838683
vt 0.889194 0.832399
vt 0.885473 0.827581
vt 0.888754 0.824299
vt 0.890003 0.821053
vt 0.881708 0.822919
vt 0.917592 0.879324
vt 0.927008 0.890735
vt 0.898991 0.864076
vt 0.904037 0.860538
vt 0.907560 0.894498
vt 0.904755 0.884408
vt 0.895442 0.867663
vt 0.908635 0.905161
vt 0.917199 0.912178
vt 0.914580 0.913849
vt 0.901926 0.888999
vt 0.882340 0.842115
vt 0.884684 0.836593
vt 0.891823 0.844136
vt 0.888333 0.849294
vt 0.885458 0.853356
vt 0.879611 0.845860
vt 0.877159 0.835195
vt 0.880858 0.831485
vt 0.561566 0.212287
vt 0.562438 0.206399
vt 0.567331 0.216969
vt 0.564047 0.217963
vt 0.871342 0.836088
vt 0.875582 0.826840
vt 0.894235 0.894196
vt 0.882577 0.901250
vt 0.573622 0.231808
vt 0.570452 0.235446
vt 0.560729 0.234186
vt 0.556247 0.214129
vt 0.871345 0.848293
vt 0.859616 0.848005
vt 0.860022 0.837631
vt 0.877383 0.849511
vt 0.881255 0.856319
vt 0.873901 0.858880
vt 0.862193 0.821388
vt 0.869920 0.819999
vt 0.858051 0.827772
vt 0.860734 0.807942
vt 0.864613 0.806543
vt 0.844764 0.823210
vt 0.846476 0.818278
vt 0.495127 0.682301
vt 0.476024 0.674652
vt 0.480185 0.670074
vt 0.490339 0.673151
vt 0.843543 0.835706
vt 0.856784 0.772783
vt 0.861269 0.771675
vt 0.865418 0.784607
vt 0.860033 0.789771
vt 0.855132 0.795392
vt 0.851391 0.779070
vt 0.574848 0.209917
vt 0.576400 0.220466
vt 0.570969 0.217182
vt 0.567818 0.204143
vt 0.579681 0.232269
vt 0.576568 0.231699
vt 0.581198 0.228464
vt 0.473506 0.661728
vt 0.484947 0.658738
vt 0.462614 0.664945
vt 0.586365 0.249976
vt 0.584560 0.252184
vt 0.485601 0.615360
vt 0.472712 0.630813
vt 0.465645 0.621763
vt 0.480174 0.596790
vt 0.490074 0.637556
vt 0.479822 0.642611
vt 0.595691 0.274372
vt 0.594365 0.275013
vt 0.586191 0.244222
vt 0.596399 0.271851
vt 0.446235 0.667286
vt 0.470202 0.676986
vt 0.822805 0.821627
vt 0.822868 0.840267
vt 0.437870 0.647992
vt 0.451088 0.651196
vt 0.028763 0.136380
vt 0.033265 0.140528
vt 0.040650 0.142067
vt 0.094992 0.166225
vt 0.079330 0.163100
vt 0.067728 0.163459
vt 0.060405 0.151956
vt 0.071546 0.132710
vt 0.084621 0.127929
vt 0.056635 0.136398
vt 0.020522 0.162724
vt 0.020518 0.146012
vt 0.460709 0.640712
vt 0.451840 0.638431
vt 0.464325 0.649705
vt 0.031621 0.173405
vt 0.048090 0.169706
vt 0.022380 0.180809
vt 0.016139 0.165397
vt 0.312051 0.774116
vt 0.311169 0.781667
vt 0.307484 0.772336
vt 0.308851 0.767944
vt 0.780167 0.948270
vt 0.805189 0.940648
vt 0.808313 0.947910
vt 0.786610 0.952862
vt 0.308605 0.754993
vt 0.313034 0.751338
vt 0.777269 0.938702
vt 0.801027 0.929597
vt 0.755419 0.951008
vt 0.754236 0.943770
vt 0.065783 0.072134
vt 0.059043 0.078003
vt 0.053295 0.075700
vt 0.057915 0.069939
vt 0.070735 0.077684
vt 0.063124 0.081763
vt 0.061335 0.065350
vt 0.073982 0.069624
vt 0.077720 0.074943
vt 0.071409 0.094259
vt 0.078375 0.090148
vt 0.084426 0.095578
vt 0.071976 0.098587
vt 0.061858 0.097388
vt 0.064346 0.091707
vt 0.069391 0.086249
vt 0.040647 0.127500
vt 0.050461 0.154150
vt 0.014102 0.148240
vt 0.053118 0.068208
vt 0.060532 0.062238
vt 0.026293 0.131042
vt 0.039578 0.118530
vt 0.049742 0.102684
vt 0.054386 0.093913
vt 0.062193 0.103634
vt 0.044364 0.097575
vt 0.049261 0.090552
vt 0.064074 0.110924
vt 0.052862 0.113137
vt 0.037589 0.111947
vt 0.035495 0.107926
vt 0.062429 0.059857
vt 0.066566 0.056032
vt 0.067875 0.056534
vt 0.230473 0.741752
vt 0.221951 0.736858
vt 0.224193 0.735322
vt 0.228887 0.735017
vt 0.229886 0.745185
vt 0.223369 0.745341
vt 0.236983 0.751396
vt 0.234834 0.749984
vt 0.237093 0.724562
vt 0.244720 0.731902
vt 0.232977 0.729228
vt 0.041518 0.069818
vt 0.046794 0.072443
vt 0.043888 0.077362
vt 0.038942 0.074097
vt 0.033492 0.069045
vt 0.031956 0.062840
vt 0.220938 0.736290
vt 0.223041 0.734402
vt 0.229217 0.728122
vt 0.230945 0.727360
vt 0.228874 0.731548
vt 0.228172 0.730333
vt 0.228294 0.727830
vt 0.229747 0.725447
vt 0.223311 0.730487
vt 0.224442 0.730569
vt 0.221504 0.735313
vt 0.222100 0.730106
vt 0.030634 0.062468
vt 0.029529 0.065218
vt 0.225279 0.727911
vt 0.226375 0.727683
vt 0.227673 0.724378
vt 0.228066 0.725254
vt 0.308236 0.600423
vt 0.322646 0.599492
vt 0.320426 0.617075
vt 0.308596 0.616783
vt 0.320179 0.576862
vt 0.329240 0.577989
vt 0.287172 0.618848
vt 0.284922 0.612264
vt 0.281108 0.609505
vt 0.300446 0.597260
vt 0.313826 0.575013
vt 0.231459 0.719646
vt 0.227811 0.727241
vt 0.227537 0.722657
vt 0.029271 0.073778
vt 0.032367 0.075454
vt 0.032388 0.084179
vt 0.029193 0.080472
vt 0.230261 0.715035
vt 0.238663 0.715341
vt 0.232542 0.708337
vt 0.237281 0.700452
vt 0.247973 0.712673
vt 0.812932 0.391630
vt 0.807937 0.404723
vt 0.788801 0.396953
vt 0.785218 0.382859
vt 0.340945 0.425239
vt 0.342736 0.457478
vt 0.326871 0.457141
vt 0.322152 0.430740
vt 0.364371 0.438395
vt 0.359489 0.463506
vt 0.312836 0.408784
vt 0.325724 0.396038
vt 0.333458 0.379702
vt 0.345656 0.400457
vt 0.872722 0.378624
vt 0.889804 0.364654
vt 0.888045 0.368665
vt 0.875764 0.380646
vt 0.868342 0.393689
vt 0.862165 0.397641
vt 0.298754 0.359027
vt 0.287932 0.370855
vt 0.272579 0.354493
vt 0.277482 0.348119
vt 0.313185 0.375818
vt 0.301059 0.387967
vt 0.850697 0.402911
vt 0.854457 0.383318
vt 0.261863 0.594379
vt 0.268526 0.591255
vt 0.270301 0.599016
vt 0.260082 0.600229
vt 0.250272 0.599760
vt 0.254543 0.592665
vt 0.261845 0.584673
vt 0.265258 0.608937
vt 0.275994 0.604064
vt 0.264809 0.613259
vt 0.256590 0.609023
vt 0.261961 0.605804
vt 0.245159 0.607578
vt 0.239036 0.628855
vt 0.248941 0.628970
vt 0.247590 0.637403
vt 0.229514 0.640582
vt 0.236742 0.617517
vt 0.250694 0.621456
vt 0.223726 0.628120
vt 0.981249 0.593168
vt 0.984109 0.591248
vt 0.986588 0.595273
vt 0.979158 0.598670
vt 0.978684 0.593739
vt 0.982712 0.590512
vt 0.986249 0.588590
vt 0.990564 0.587793
vt 0.983988 0.588499
vt 0.984941 0.583428
vt 0.980531 0.590735
vt 0.972785 0.593506
vt 0.981815 0.588905
vt 0.979644 0.587335
vt 0.092464 0.909997
vt 0.090481 0.913643
vt 0.086289 0.912242
vt 0.090990 0.904608
vt 0.956177 0.613629
vt 0.944854 0.617981
vt 0.945730 0.609764
vt 0.955277 0.609147
vt 0.959049 0.602178
vt 0.962055 0.605220
vt 0.966574 0.609060
vt 0.967573 0.612960
vt 0.963052 0.618955
vt 0.972216 0.601190
vt 0.959711 0.632391
vt 0.953163 0.631123
vt 0.945822 0.632265
vt 0.912936 0.604891
vt 0.911336 0.598737
vt 0.930504 0.600420
vt 0.932563 0.608846
vt 0.926296 0.619368
vt 0.918492 0.618510
vt 0.901494 0.603196
vt 0.934091 0.616599
vt 0.972033 0.617643
vt 0.975151 0.610756
vt 0.048230 0.905797
vt 0.055465 0.909097
vt 0.054003 0.922991
vt 0.049211 0.922096
vt 0.043871 0.921811
vt 0.042474 0.906006
vt 0.967031 0.634695
vt 0.978831 0.619235
vt 0.972735 0.637670
vt 0.153808 0.023440
vt 0.152061 0.027344
vt 0.149184 0.024309
vt 0.153561 0.021616
vt 0.155482 0.019831
vt 0.155614 0.022340
vt 0.156021 0.028057
vt 0.158443 0.014229
vt 0.924904 0.670750
vt 0.931942 0.677478
vt 0.933413 0.687688
vt 0.925693 0.681300
vt 0.163759 0.033425
vt 0.160270 0.032768
vt 0.163484 0.017755
vt 0.167191 0.031538
vt 0.142135 0.024750
vt 0.139928 0.021519
vt 0.138560 0.018452
vt 0.151907 0.012914
vt 0.932992 0.662220
vt 0.934753 0.671397
vt 0.934696 0.680075
vt 0.936540 0.682197
vt 0.936849 0.677294
vt 0.961140 0.668312
vt 0.957563 0.670355
vt 0.955917 0.662872
vt 0.961655 0.662287
vt 0.967267 0.666272
vt 0.963548 0.671391
vt 0.970496 0.673516
vt 0.954287 0.676045
vt 0.941263 0.679875
vt 0.938269 0.670436
vt 0.941509 0.668139
vt 0.946650 0.677271
vt 0.617073 0.993188
vt 0.612492 0.989331
vt 0.615060 0.985483
vt 0.617577 0.987206
vt 0.935708 0.691329
vt 0.950624 0.665122
vt 0.959061 0.681274
vt 0.953987 0.683331
vt 0.951163 0.676824
vt 0.946778 0.666572
vt 0.972636 0.676242
vt 0.945201 0.684421
vt 0.940043 0.694701
vt 0.619749 0.985638
vt 0.624107 0.988887
vt 0.609665 0.984020
vt 0.617797 0.982104
vt 0.623907 0.982846
vt 0.975378 0.675897
vt 0.975715 0.660215
vt 0.978956 0.661114
vt 0.181968 0.009264
vt 0.177722 0.017109
vt 0.171528 0.019552
vt 0.178604 0.008830
vt 0.630568 0.994222
vt 0.631040 0.987845
vt 0.178029 0.025387
vt 0.172435 0.028364
vt 0.924909 0.690186
vt 0.876406 0.336215
vt 0.874284 0.334327
vt 0.879966 0.321558
vt 0.884349 0.321728
vt 0.887215 0.323431
vt 0.880078 0.335860
vt 0.894154 0.307050
vt 0.899265 0.308344
vt 0.903742 0.309950
vt 0.893139 0.326222
vt 0.169008 0.051142
vt 0.163807 0.051074
vt 0.908059 0.310650
vt 0.896517 0.326719
vt 0.157571 0.052154
vt 0.911614 0.311825
vt 0.898580 0.327682
vt 0.887588 0.341866
vt 0.885224 0.338886
vt 0.897269 0.333480
vt 0.891385 0.343788
vt 0.148743 0.035947
vt 0.892398 0.610022
vt 0.889229 0.609025
vt 0.875479 0.596964
vt 0.880469 0.598285
vt 0.884873 0.597875
vt 0.901723 0.612790
vt 0.127381 0.031093
vt 0.125008 0.025552
vt 0.892502 0.600025
vt 0.910320 0.615866
vt 0.123340 0.021843
vt 0.121711 0.017033
vt 0.135785 0.013682
vt 0.119671 0.011978
vt 0.132564 0.008892
vt 0.930468 0.645363
vt 0.932881 0.639332
vt 0.939480 0.655794
vt 0.935906 0.660543
vt 0.927980 0.650770
vt 0.938343 0.635252
vt 0.943647 0.651971
vt 0.948071 0.649324
vt 0.954553 0.647912
vt 0.961995 0.648777
vt 0.968658 0.652777
vt 0.972723 0.656408
vt 0.976984 0.642277
vt 0.981522 0.626227
vt 0.987629 0.630587
vt 0.980592 0.647380
vt 0.036378 0.905764
vt 0.037821 0.922003
vt 0.030922 0.921679
vt 0.029810 0.906061
vt 0.038061 0.941419
vt 0.031852 0.941446
vt 0.888787 0.305195
vt 0.897193 0.283999
vt 0.903244 0.285997
vt 0.901060 0.259978
vt 0.907848 0.261901
vt 0.914113 0.263912
vt 0.908939 0.287608
vt 0.920125 0.265980
vt 0.914346 0.289345
vt 0.926194 0.268277
vt 0.919590 0.291077
vt 0.932100 0.271073
vt 0.924667 0.293160
vt 0.937667 0.274085
vt 0.929642 0.296161
vt 0.915129 0.313603
vt 0.943045 0.277178
vt 0.936409 0.297120
vt 0.862486 0.580193
vt 0.866901 0.580640
vt 0.948332 0.280478
vt 0.943310 0.298240
vt 0.872964 0.581858
vt 0.954572 0.283567
vt 0.950474 0.299460
vt 0.877962 0.582651
vt 0.961576 0.286302
vt 0.958715 0.300985
vt 0.883221 0.582703
vt 0.968725 0.288624
vt 0.965297 0.301989
vt 0.886667 0.582233
vt 0.975988 0.290721
vt 0.972812 0.303080
vt 0.889466 0.581054
vt 0.905134 0.590163
vt 0.889751 0.579073
vt 0.906029 0.587919
vt 0.073335 0.927973
vt 0.068467 0.927572
vt 0.072227 0.918551
vt 0.077931 0.919133
vt 0.083361 0.919532
vt 0.078152 0.928210
vt 0.076079 0.910377
vt 0.081126 0.911221
vt 0.081341 0.902571
vt 0.086046 0.904074
vt 0.089269 0.897184
vt 0.092228 0.898343
vt 0.096018 0.898908
vt 0.071173 0.908091
vt 0.076834 0.899839
vt 0.991264 0.598819
vt 0.984975 0.602052
vt 0.065835 0.905596
vt 0.071702 0.897728
vt 0.976442 0.605347
vt 0.060903 0.901684
vt 0.066251 0.896021
vt 0.066577 0.916271
vt 0.061190 0.912888
vt 0.063625 0.926444
vt 0.058991 0.924807
vt 0.061771 0.943490
vt 0.057650 0.942994
vt 0.053133 0.942456
vt 0.484366 0.158969
vt 0.482251 0.154559
vt 0.495531 0.142481
vt 0.498993 0.147362
vt 0.501911 0.152398
vt 0.486078 0.163721
vt 0.048814 0.941606
vt 0.504719 0.158030
vt 0.488408 0.168692
vt 0.043717 0.941563
vt 0.507786 0.164445
vt 0.490626 0.174170
vt 0.523310 0.146131
vt 0.527217 0.151543
vt 0.531996 0.157584
vt 0.511078 0.171036
vt 0.493046 0.180063
vt 0.543453 0.137430
vt 0.548417 0.142513
vt 0.450849 0.049798
vt 0.465657 0.037327
vt 0.471278 0.043780
vt 0.456366 0.055677
vt 0.902848 0.234738
vt 0.910561 0.236951
vt 0.476934 0.049848
vt 0.461561 0.061483
vt 0.917983 0.239487
vt 0.482255 0.055585
vt 0.466137 0.066976
vt 0.924704 0.242170
vt 0.487167 0.061317
vt 0.470652 0.072745
vt 0.931324 0.245063
vt 0.491775 0.066894
vt 0.474899 0.078577
vt 0.937316 0.247877
vt 0.496167 0.072137
vt 0.478674 0.084149
vt 0.942157 0.250513
vt 0.499945 0.077036
vt 0.482021 0.089335
vt 0.945863 0.252822
vt 0.503459 0.081614
vt 0.485519 0.094344
vt 0.470059 0.108521
vt 0.468419 0.104551
vt 0.506986 0.086532
vt 0.488895 0.099196
vt 0.472621 0.113238
vt 0.510650 0.091591
vt 0.492902 0.104574
vt 0.475981 0.118262
vt 0.514305 0.096400
vt 0.496988 0.109782
vt 0.479705 0.123164
vt 0.517818 0.101023
vt 0.500986 0.114756
vt 0.483680 0.127885
vt 0.521643 0.105668
vt 0.505373 0.119334
vt 0.489567 0.132863
vt 0.509726 0.124620
vt 0.492992 0.137095
vt 0.480400 0.150987
vt 0.477096 0.148049
vt 0.982897 0.292667
vt 0.979929 0.304139
vt 0.513670 0.130380
vt 0.525605 0.110911
vt 0.529755 0.116635
vt 0.534051 0.121881
vt 0.516953 0.135966
vt 0.537137 0.126948
vt 0.520142 0.140953
vt 0.540442 0.131877
vt 0.547539 0.115668
vt 0.550442 0.121143
vt 0.553720 0.126895
vt 0.555767 0.115730
vt 0.559014 0.121469
vt 0.563137 0.128474
vt 0.558082 0.133116
vt 0.477594 0.029736
vt 0.484199 0.025212
vt 0.490085 0.031299
vt 0.483005 0.036268
vt 0.496270 0.037281
vt 0.488725 0.042272
vt 0.501929 0.042407
vt 0.494187 0.047819
vt 0.507794 0.046958
vt 0.499806 0.052696
vt 0.514199 0.051057
vt 0.505463 0.057556
vt 0.520911 0.054547
vt 0.510791 0.061958
vt 0.527747 0.057586
vt 0.516300 0.065858
vt 0.533176 0.060745
vt 0.520529 0.069727
vt 0.537636 0.064462
vt 0.524029 0.074261
vt 0.541145 0.068695
vt 0.527448 0.078790
vt 0.543894 0.073741
vt 0.530648 0.083418
vt 0.545767 0.079249
vt 0.533758 0.087638
vt 0.547199 0.085051
vt 0.536054 0.092511
vt 0.548105 0.091352
vt 0.538356 0.098113
vt 0.549060 0.098000
vt 0.541364 0.104428
vt 0.550780 0.104075
vt 0.544479 0.110208
vt 0.553040 0.109863
vt 0.555404 0.101086
vt 0.556676 0.107159
vt 0.558858 0.113194
vt 0.559318 0.105918
vt 0.561283 0.111840
vt 0.563984 0.118370
vt 0.561862 0.119609
vt 0.567699 0.125249
vt 0.565736 0.126532
vt 0.487089 0.022613
vt 0.488896 0.020630
vt 0.495719 0.026715
vt 0.493485 0.028898
vt 0.502596 0.032361
vt 0.500496 0.034409
vt 0.509080 0.036886
vt 0.506607 0.039059
vt 0.515508 0.040669
vt 0.512897 0.043166
vt 0.522653 0.042938
vt 0.519667 0.046463
vt 0.531239 0.045414
vt 0.527089 0.049422
vt 0.538619 0.047379
vt 0.534759 0.051684
vt 0.545498 0.049853
vt 0.541157 0.054499
vt 0.550992 0.053785
vt 0.545772 0.058273
vt 0.555116 0.058913
vt 0.549695 0.062815
vt 0.557788 0.065489
vt 0.552208 0.068332
vt 0.558745 0.072932
vt 0.553657 0.074913
vt 0.558877 0.079863
vt 0.554511 0.081743
vt 0.558694 0.087070
vt 0.554444 0.088467
vt 0.558477 0.093638
vt 0.554665 0.094992
vt 0.558653 0.099421
vt 0.563131 0.093245
vt 0.562028 0.099072
vt 0.561488 0.105058
vt 0.566039 0.099643
vt 0.564583 0.105285
vt 0.564928 0.110955
vt 0.563143 0.111378
vt 0.567775 0.117839
vt 0.566197 0.118308
vt 0.571221 0.125778
vt 0.569243 0.125176
vt 0.489875 0.019044
vt 0.490437 0.017244
vt 0.497951 0.023171
vt 0.497239 0.025265
vt 0.504773 0.028765
vt 0.504401 0.030660
vt 0.511386 0.032850
vt 0.510896 0.035077
vt 0.518213 0.034914
vt 0.517840 0.038332
vt 0.526066 0.034872
vt 0.524936 0.040088
vt 0.536370 0.033382
vt 0.534709 0.039954
vt 0.547381 0.032571
vt 0.543621 0.040803
vt 0.557510 0.034825
vt 0.551540 0.043239
vt 0.566100 0.039694
vt 0.558175 0.047433
vt 0.572053 0.047360
vt 0.562672 0.053602
vt 0.576054 0.057962
vt 0.566138 0.061885
vt 0.576121 0.069479
vt 0.566993 0.071027
vt 0.574002 0.079610
vt 0.566580 0.078926
vt 0.570672 0.087652
vt 0.564470 0.086761
vt 0.568084 0.093925
vt 0.214542 0.576195
vt 0.221614 0.569074
vt 0.238763 0.582980
vt 0.232516 0.591565
vt 0.227305 0.597620
vt 0.207081 0.583118
vt 0.219145 0.604309
vt 0.199154 0.589465
vt 0.209325 0.612203
vt 0.191821 0.595119
vt 0.206104 0.639391
vt 0.196535 0.621323
vt 0.183881 0.601092
vt 0.226737 0.383748
vt 0.234117 0.372776
vt 0.244041 0.388633
vt 0.234142 0.398090
vt 0.221604 0.406126
vt 0.216506 0.397283
vt 0.250988 0.404353
vt 0.239094 0.410129
vt 0.225195 0.412627
vt 0.257120 0.420730
vt 0.245206 0.423872
vt 0.231380 0.425077
vt 0.262730 0.436114
vt 0.249831 0.436892
vt 0.235337 0.435702
vt 0.268211 0.451486
vt 0.254283 0.449823
vt 0.239115 0.446378
vt 0.272831 0.465513
vt 0.258304 0.463087
vt 0.242930 0.458478
vt 0.277689 0.480357
vt 0.262325 0.477664
vt 0.246553 0.472688
vt 0.282325 0.495653
vt 0.265826 0.492351
vt 0.249394 0.486847
vt 0.286039 0.511550
vt 0.268218 0.506717
vt 0.250754 0.500016
vt 0.287244 0.526929
vt 0.268892 0.520541
vt 0.250227 0.512741
vt 0.285704 0.542343
vt 0.267372 0.534281
vt 0.247852 0.524844
vt 0.280363 0.558317
vt 0.262662 0.548828
vt 0.243245 0.537867
vt 0.271736 0.573091
vt 0.254713 0.562989
vt 0.236896 0.550375
vt 0.245885 0.574585
vt 0.229139 0.560475
vt 0.293294 0.565642
vt 0.283448 0.581932
vt 0.300670 0.570051
vt 0.288329 0.588226
vt 0.307397 0.572717
vt 0.294375 0.592920
vt 0.314665 0.551872
vt 0.320739 0.553365
vt 0.307216 0.550267
vt 0.310633 0.532483
vt 0.318137 0.533510
vt 0.298939 0.547587
vt 0.301509 0.530919
vt 0.300719 0.514093
vt 0.310621 0.515392
vt 0.307593 0.497587
vt 0.316147 0.498408
vt 0.318033 0.515733
vt 0.296770 0.497344
vt 0.291694 0.480173
vt 0.303389 0.479180
vt 0.298603 0.459941
vt 0.311693 0.457434
vt 0.314488 0.477532
vt 0.286232 0.464817
vt 0.280410 0.448585
vt 0.292811 0.443994
vt 0.286090 0.426848
vt 0.298703 0.418477
vt 0.306577 0.437559
vt 0.274384 0.434043
vt 0.267255 0.415991
vt 0.276911 0.409128
vt 0.267223 0.391422
vt 0.277236 0.381933
vt 0.289182 0.398953
vt 0.259435 0.400010
vt 0.250187 0.381492
vt 0.255764 0.374498
vt 0.243366 0.357183
vt 0.249886 0.350257
vt 0.264118 0.363404
vt 0.239485 0.365376
vt 0.210007 0.652444
vt 0.225617 0.656174
vt 0.207609 0.664890
vt 0.246051 0.647659
vt 0.239387 0.662031
vt 0.219462 0.671215
vt 0.200733 0.682247
vt 0.231061 0.679504
vt 0.213515 0.689588
vt 0.197310 0.700471
vt 0.210847 0.699343
vt 0.196369 0.708933
vt 0.257157 0.337494
vt 0.263255 0.332755
vt 0.209257 0.705448
vt 0.194917 0.714479
vt 0.903960 0.356901
vt 0.902269 0.361150
vt 0.207577 0.710737
vt 0.193883 0.719797
vt 0.900500 0.364101
vt 0.888191 0.371691
vt 0.900548 0.366184
vt 0.888788 0.374190
vt 0.878415 0.383968
vt 0.876189 0.383054
vt 0.871162 0.397053
vt 0.869264 0.396016
vt 0.871017 0.411067
vt 0.869195 0.412332
vt 0.865044 0.410605
vt 0.859765 0.414155
vt 0.848286 0.417432
vt 0.829761 0.419458
vt 0.829232 0.400752
vt 0.807649 0.422034
vt 0.788133 0.421175
vt 0.766579 0.422640
vt 0.765140 0.404101
vt 0.743474 0.419356
vt 0.743206 0.400114
vt 0.388701 0.431328
vt 0.406045 0.437244
vt 0.401481 0.454427
vt 0.382401 0.449331
vt 0.373930 0.422819
vt 0.397872 0.472469
vt 0.376875 0.470365
vt 0.394515 0.490928
vt 0.373280 0.489584
vt 0.354933 0.486759
vt 0.369230 0.507552
vt 0.351262 0.505077
vt 0.337191 0.502413
vt 0.340258 0.482440
vt 0.325491 0.500178
vt 0.326586 0.479022
vt 0.334936 0.519326
vt 0.325174 0.516916
vt 0.332072 0.536624
vt 0.324351 0.534764
vt 0.326898 0.554871
vt 0.342600 0.539379
vt 0.336980 0.557122
vt 0.357330 0.541899
vt 0.349698 0.559492
vt 0.341594 0.578947
vt 0.372460 0.563357
vt 0.362821 0.582361
vt 0.354424 0.602096
vt 0.335152 0.599744
vt 0.348470 0.622031
vt 0.331770 0.618725
vt 0.341997 0.643069
vt 0.328630 0.640721
vt 0.318322 0.638500
vt 0.324387 0.664133
vt 0.314676 0.663104
vt 0.299941 0.655933
vt 0.306459 0.635677
vt 0.282366 0.644604
vt 0.287195 0.630576
vt 0.264039 0.642921
vt 0.266079 0.631286
vt 0.266383 0.624886
vt 0.265284 0.619827
vt 0.272988 0.661551
vt 0.256116 0.659559
vt 0.262529 0.680465
vt 0.247210 0.677101
vt 0.255058 0.696277
vt 0.241817 0.690039
vt 0.226552 0.691185
vt 0.223743 0.699098
vt 0.221214 0.705896
vt 0.219290 0.711437
vt 0.206095 0.715258
vt 0.015285 0.104828
vt 0.024171 0.092898
vt 0.027739 0.095254
vt 0.017535 0.107640
vt 0.007167 0.116786
vt 0.005975 0.114077
vt 0.193393 0.723610
vt 0.019474 0.110860
vt 0.008631 0.119947
vt 0.164463 0.115126
vt 0.165592 0.113138
vt 0.178289 0.109748
vt 0.178243 0.112095
vt 0.176095 0.114715
vt 0.161947 0.118285
vt 0.192922 0.106500
vt 0.192806 0.109354
vt 0.189176 0.113968
vt 0.206648 0.104243
vt 0.207404 0.106703
vt 0.204931 0.109415
vt 0.222229 0.102195
vt 0.222093 0.105148
vt 0.221431 0.108176
vt 0.719000 0.416847
vt 0.693384 0.419315
vt 0.692564 0.400509
vt 0.718808 0.398300
vt 0.426844 0.438944
vt 0.450851 0.438442
vt 0.449344 0.454908
vt 0.424246 0.455792
vt 0.446653 0.472834
vt 0.421770 0.473498
vt 0.447262 0.490968
vt 0.420162 0.491961
vt 0.447706 0.511440
vt 0.420255 0.510947
vt 0.391830 0.509648
vt 0.415491 0.529560
vt 0.388703 0.527232
vt 0.363467 0.524538
vt 0.381021 0.544765
vt 0.346767 0.522084
vt 0.410151 0.549032
vt 0.399650 0.567658
vt 0.438543 0.553910
vt 0.428491 0.574854
vt 0.414194 0.594971
vt 0.388046 0.587454
vt 0.400812 0.614602
vt 0.377480 0.607388
vt 0.390267 0.633953
vt 0.368807 0.627196
vt 0.382412 0.653488
vt 0.360828 0.647427
vt 0.373769 0.672693
vt 0.352157 0.667909
vt 0.334592 0.664586
vt 0.344648 0.689008
vt 0.328393 0.687111
vt 0.318227 0.687037
vt 0.323337 0.709594
vt 0.309794 0.707721
vt 0.294784 0.699388
vt 0.305254 0.684023
vt 0.278055 0.688229
vt 0.289875 0.671382
vt 0.285803 0.713723
vt 0.269273 0.704581
vt 0.278537 0.729241
vt 0.261470 0.722246
vt 0.272648 0.744022
vt 0.255114 0.741852
vt 0.296345 0.736435
vt 0.291863 0.747151
vt 0.288968 0.752738
vt 0.271413 0.752383
vt 0.256305 0.755538
vt 0.286935 0.758302
vt 0.273778 0.757180
vt 0.222620 0.096311
vt 0.208481 0.098470
vt 0.208137 0.096401
vt 0.222469 0.094279
vt 0.222727 0.099213
vt 0.208368 0.101022
vt 0.193375 0.103693
vt 0.193534 0.101388
vt 0.179430 0.105353
vt 0.179207 0.103228
vt 0.193059 0.099043
vt 0.179421 0.107395
vt 0.166397 0.111251
vt 0.166754 0.109317
vt 0.011943 0.125972
vt 0.022553 0.116935
vt 0.024021 0.120243
vt 0.013236 0.129518
vt 0.166049 0.107445
vt 0.010215 0.122867
vt 0.021169 0.113868
vt 0.032659 0.101184
vt 0.034075 0.104486
vt 0.030727 0.097989
vt 0.036186 0.087934
vt 0.040358 0.091036
vt 0.042701 0.084021
vt 0.046998 0.087821
vt 0.042372 0.094747
vt 0.037557 0.080172
vt 0.050135 0.081367
vt 0.052686 0.084619
vt 0.058066 0.087737
vt 0.025512 0.123954
vt 0.014376 0.133140
vt 0.164742 0.105719
vt 0.178292 0.100632
vt 0.163048 0.103740
vt 0.176219 0.096965
vt 0.190808 0.092099
vt 0.193032 0.095844
vt 0.205757 0.088864
vt 0.207766 0.093064
vt 0.220681 0.086371
vt 0.222214 0.090880
vt 0.204186 0.081696
vt 0.219110 0.078995
vt 0.117525 0.209566
vt 0.113156 0.223201
vt 0.099125 0.219542
vt 0.107209 0.207659
vt 0.086873 0.213441
vt 0.083432 0.230539
vt 0.070946 0.223216
vt 0.063623 0.214627
vt 0.077419 0.206142
vt 0.053844 0.202794
vt 0.068151 0.195939
vt 0.079064 0.191175
vt 0.058499 0.183148
vt 0.068697 0.179482
vt 0.076595 0.175497
vt 0.084942 0.173537
vt 0.058987 0.165933
vt 0.043844 0.188373
vt 0.030223 0.195957
vt 0.020878 0.203879
vt 0.012041 0.187878
vt 0.013622 0.214797
vt 0.005000 0.202228
vt 0.166629 0.059023
vt 0.181813 0.053423
vt 0.185333 0.072677
vt 0.168932 0.077651
vt 0.007796 0.169734
vt 0.188650 0.085230
vt 0.172727 0.091387
vt 0.005524 0.157338
vt 0.161219 0.097402
vt 0.201117 0.068731
vt 0.198553 0.049403
vt 0.215375 0.046890
vt 0.217200 0.065788
vt 0.197434 0.030150
vt 0.215020 0.027907
vt 0.098265 0.238495
vt 0.083568 0.250495
vt 0.067418 0.242095
vt 0.066481 0.260130
vt 0.047626 0.246450
vt 0.047627 0.265179
vt 0.029437 0.243963
vt 0.197983 0.012270
vt 0.216417 0.010632
vt 0.181078 0.032824
vt 0.182267 0.014934
vt 0.015213 0.137528
vt 0.669712 0.421470
vt 0.651974 0.423946
vt 0.650539 0.406532
vt 0.668948 0.402885
vt 0.646232 0.387014
vt 0.660357 0.383383
vt 0.476092 0.437381
vt 0.473344 0.453918
vt 0.640152 0.364804
vt 0.650306 0.363437
vt 0.471561 0.471955
vt 0.491538 0.472223
vt 0.489147 0.491285
vt 0.470825 0.491294
vt 0.487752 0.512695
vt 0.470196 0.512917
vt 0.485209 0.536715
vt 0.467977 0.535761
vt 0.444814 0.532625
vt 0.463762 0.558903
vt 0.481406 0.562965
vt 0.469283 0.588375
vt 0.453191 0.582405
vt 0.454996 0.613340
vt 0.437833 0.604558
vt 0.441122 0.632725
vt 0.422763 0.623423
vt 0.412691 0.641482
vt 0.409521 0.659291
vt 0.794933 0.831671
vt 0.798333 0.850229
vt 0.777981 0.859202
vt 0.773898 0.840485
vt 0.824749 0.859546
vt 0.803553 0.869154
vt 0.782421 0.879055
vt 0.809621 0.887935
vt 0.788453 0.898055
vt 0.767408 0.908389
vt 0.762198 0.889441
vt 0.366103 0.692364
vt 0.794727 0.915566
vt 0.773038 0.925888
vt 0.752474 0.931994
vt 0.749950 0.916964
vt 0.339066 0.710809
vt 0.318075 0.728410
vt 0.313635 0.742768
vt 0.302258 0.722550
vt 0.817004 0.905218
vt 0.822867 0.921453
vt 0.838259 0.897738
vt 0.844253 0.914066
vt 0.849647 0.928537
vt 0.828619 0.934329
vt 0.852934 0.935539
vt 0.831190 0.942077
vt 0.643114 0.424847
vt 0.634932 0.425650
vt 0.634264 0.408998
vt 0.640664 0.407886
vt 0.632596 0.388188
vt 0.638513 0.386542
vt 0.628897 0.366016
vt 0.633573 0.364681
vt 0.623397 0.344841
vt 0.626990 0.342593
vt 0.633901 0.343602
vt 0.616349 0.321949
vt 0.618920 0.320330
vt 0.625796 0.317899
vt 0.606060 0.299374
vt 0.606582 0.296054
vt 0.610421 0.297328
vt 0.601068 0.273105
vt 0.611354 0.321056
vt 0.603627 0.298989
vt 0.607992 0.321366
vt 0.601400 0.300515
vt 0.592341 0.275764
vt 0.596731 0.298597
vt 0.588735 0.276643
vt 0.577905 0.252935
vt 0.581066 0.251454
vt 0.579909 0.276915
vt 0.566888 0.254734
vt 0.562591 0.277322
vt 0.550642 0.255210
vt 0.544789 0.233376
vt 0.526781 0.257116
vt 0.519381 0.238057
vt 0.511172 0.218394
vt 0.536937 0.212136
vt 0.890303 0.745831
vt 0.907412 0.736562
vt 0.915628 0.755091
vt 0.898067 0.763846
vt 0.878192 0.772810
vt 0.874464 0.755220
vt 0.924147 0.771931
vt 0.907824 0.782770
vt 0.891104 0.792915
vt 0.902231 0.811934
vt 0.888040 0.814490
vt 0.877947 0.800182
vt 0.870546 0.780371
vt 0.877190 0.816407
vt 0.870613 0.803314
vt 0.933534 0.746345
vt 0.941365 0.760601
vt 0.952231 0.737655
vt 0.958885 0.749425
vt 0.969263 0.728975
vt 0.197935 0.315891
vt 0.190484 0.303293
vt 0.209302 0.295805
vt 0.216126 0.307786
vt 0.204975 0.325746
vt 0.944855 0.721532
vt 0.962391 0.714330
vt 0.171604 0.310294
vt 0.163717 0.294858
vt 0.182811 0.288150
vt 0.925764 0.728580
vt 0.462452 0.239613
vt 0.484212 0.230144
vt 0.495467 0.247434
vt 0.471373 0.258479
vt 0.503842 0.267234
vt 0.480047 0.277903
vt 0.156944 0.278571
vt 0.152489 0.263924
vt 0.170337 0.256040
vt 0.176014 0.272308
vt 0.513074 0.286482
vt 0.489035 0.297838
vt 0.521459 0.308531
vt 0.499984 0.316390
vt 0.535729 0.279105
vt 0.543009 0.300311
vt 0.549127 0.325474
vt 0.527482 0.331559
vt 0.566185 0.299296
vt 0.572757 0.322105
vt 0.577170 0.346126
vt 0.553929 0.349460
vt 0.586385 0.297445
vt 0.591581 0.321468
vt 0.597697 0.345192
vt 0.601352 0.366947
vt 0.582027 0.368708
vt 0.603768 0.320672
vt 0.608795 0.345137
vt 0.611145 0.366867
vt 0.612975 0.387701
vt 0.603635 0.387711
vt 0.613937 0.345114
vt 0.617346 0.366071
vt 0.618784 0.388596
vt 0.619883 0.409047
vt 0.614277 0.407533
vt 0.623061 0.365101
vt 0.625552 0.388629
vt 0.626541 0.409374
vt 0.627723 0.426272
vt 0.621076 0.426859
vt 0.615526 0.427513
vt 0.606405 0.428336
vt 0.588977 0.429717
vt 0.587918 0.410816
vt 0.605078 0.408544
vt 0.585905 0.390131
vt 0.559916 0.415560
vt 0.560705 0.395433
vt 0.558074 0.372509
vt 0.535049 0.378704
vt 0.532288 0.355235
vt 0.515275 0.382981
vt 0.513533 0.360447
vt 0.507112 0.339163
vt 0.495649 0.362268
vt 0.491106 0.341788
vt 0.481592 0.323576
vt 0.473105 0.344769
vt 0.466183 0.325928
vt 0.166351 0.240923
vt 0.184353 0.234205
vt 0.189847 0.250076
vt 0.472818 0.303782
vt 0.202487 0.228515
vt 0.208417 0.243811
vt 0.214702 0.259123
vt 0.195443 0.265798
vt 0.221724 0.274395
vt 0.202124 0.281348
vt 0.228772 0.287672
vt 0.241251 0.267541
vt 0.247598 0.279193
vt 0.252748 0.287453
vt 0.234709 0.297506
vt 0.258040 0.294051
vt 0.265568 0.270742
vt 0.270129 0.278344
vt 0.274831 0.285876
vt 0.283587 0.261249
vt 0.288073 0.268211
vt 0.291784 0.273807
vt 0.299236 0.249869
vt 0.303623 0.256430
vt 0.307082 0.262412
vt 0.320055 0.244294
vt 0.324255 0.249430
vt 0.326895 0.255059
vt 0.310993 0.267128
vt 0.297372 0.275931
vt 0.335208 0.234523
vt 0.338697 0.239534
vt 0.348941 0.226615
vt 0.350798 0.231884
vt 0.360762 0.220458
vt 0.362263 0.226244
vt 0.370791 0.217669
vt 0.372479 0.223479
vt 0.380859 0.216891
vt 0.381954 0.222685
vt 0.388727 0.215985
vt 0.390618 0.221452
vt 0.397924 0.214222
vt 0.397188 0.205838
vt 0.406775 0.202704
vt 0.406644 0.211646
vt 0.389250 0.206892
vt 0.391983 0.188932
vt 0.401117 0.188286
vt 0.405641 0.165581
vt 0.412530 0.163558
vt 0.410477 0.185869
vt 0.394977 0.168041
vt 0.395345 0.151035
vt 0.403830 0.147343
vt 0.381826 0.172170
vt 0.380907 0.157059
vt 0.377655 0.145077
vt 0.392646 0.137859
vt 0.365478 0.164247
vt 0.360773 0.153425
vt 0.356305 0.142005
vt 0.373925 0.133928
vt 0.350133 0.172653
vt 0.343659 0.161251
vt 0.338346 0.149895
vt 0.333462 0.138412
vt 0.352125 0.130771
vt 0.324663 0.169658
vt 0.319144 0.157773
vt 0.314073 0.146151
vt 0.309225 0.134627
vt 0.328970 0.127042
vt 0.299993 0.166531
vt 0.294355 0.154696
vt 0.289183 0.142902
vt 0.284299 0.132043
vt 0.304843 0.123109
vt 0.275394 0.164147
vt 0.269599 0.151748
vt 0.264514 0.139524
vt 0.260024 0.127808
vt 0.280131 0.120472
vt 0.251284 0.159512
vt 0.245961 0.146178
vt 0.240859 0.133759
vt 0.538645 0.805954
vt 0.535821 0.817665
vt 0.515697 0.810641
vt 0.518589 0.798370
vt 0.228792 0.151791
vt 0.223169 0.138969
vt 0.558137 0.811798
vt 0.555925 0.823636
vt 0.554583 0.835429
vt 0.532963 0.829999
vt 0.578433 0.815256
vt 0.577417 0.827224
vt 0.576050 0.839318
vt 0.574400 0.852088
vt 0.552193 0.847883
vt 0.599324 0.829571
vt 0.598861 0.841762
vt 0.597370 0.855216
vt 0.594544 0.868013
vt 0.571904 0.864859
vt 0.617593 0.844155
vt 0.614797 0.857011
vt 0.613778 0.870062
vt 0.615087 0.878783
vt 0.593388 0.877439
vt 0.625651 0.858704
vt 0.625320 0.870711
vt 0.628898 0.880051
vt 0.631505 0.889071
vt 0.614622 0.887253
vt 0.633842 0.871773
vt 0.637803 0.880460
vt 0.641318 0.889256
vt 0.938433 0.091777
vt 0.933741 0.080893
vt 0.941915 0.075657
vt 0.946079 0.084652
vt 0.645014 0.880460
vt 0.647498 0.889141
vt 0.933509 0.096895
vt 0.925612 0.087770
vt 0.922241 0.074896
vt 0.929020 0.070452
vt 0.928558 0.101451
vt 0.918442 0.091103
vt 0.910347 0.076572
vt 0.993817 0.814702
vt 0.979940 0.820227
vt 0.979762 0.809554
vt 0.993542 0.807915
vt 0.911814 0.094372
vt 0.896753 0.080758
vt 0.995000 0.822629
vt 0.907502 0.098983
vt 0.888695 0.088023
vt 0.871820 0.078405
vt 0.882817 0.071941
vt 0.560322 0.431694
vt 0.526609 0.438718
vt 0.501368 0.442245
vt 0.487016 0.437736
vt 0.481729 0.433457
vt 0.981873 0.798941
vt 0.916547 0.063883
vt 0.929741 0.052598
vt 0.931101 0.037675
vt 0.956118 0.034738
vt 0.944202 0.050197
vt 0.940498 0.062841
vt 0.967882 0.039303
vt 0.963234 0.049836
vt 0.957658 0.059630
vt 0.987701 0.039303
vt 0.985261 0.046647
vt 0.613029 0.895226
vt 0.588477 0.893165
vt 0.591165 0.884886
vt 0.633241 0.897510
vt 0.562665 0.891391
vt 0.566303 0.883583
vt 0.568745 0.876277
vt 0.542757 0.879999
vt 0.545907 0.871614
vt 0.548493 0.860959
vt 0.524094 0.866955
vt 0.526187 0.855987
vt 0.529495 0.843415
vt 0.506275 0.850773
vt 0.509947 0.837486
vt 0.512964 0.823846
vt 0.489656 0.832245
vt 0.492168 0.818416
vt 0.494455 0.805197
vt 0.470128 0.814447
vt 0.472235 0.800661
vt 0.474467 0.787414
vt 0.496741 0.792509
vt 0.449978 0.796012
vt 0.452551 0.781652
vt 0.454332 0.768544
vt 0.472499 0.773453
vt 0.297577 0.115425
vt 0.431006 0.776441
vt 0.433344 0.763524
vt 0.324978 0.115802
vt 0.344441 0.108679
vt 0.348062 0.119662
vt 0.363070 0.101920
vt 0.366428 0.112517
vt 0.369959 0.123126
vt 0.383185 0.106663
vt 0.386390 0.116584
vt 0.389855 0.126518
vt 0.399179 0.112074
vt 0.400109 0.121789
vt 0.401353 0.133205
vt 0.409221 0.118857
vt 0.409606 0.129625
vt 0.411507 0.144538
vt 0.418816 0.127292
vt 0.418229 0.141380
vt 0.426628 0.122750
vt 0.426652 0.136729
vt 0.432541 0.118885
vt 0.434660 0.132197
vt 0.438106 0.116419
vt 0.441596 0.127428
vt 0.443534 0.112581
vt 0.448094 0.123803
vt 0.453300 0.120266
vt 0.457472 0.131106
vt 0.448261 0.107971
vt 0.450444 0.101422
vt 0.458867 0.115049
vt 0.438421 0.097385
vt 0.440257 0.090827
vt 0.431175 0.094427
vt 0.436406 0.082375
vt 0.424842 0.101893
vt 0.424393 0.095300
vt 0.427601 0.087262
vt 0.418069 0.105163
vt 0.417870 0.097340
vt 0.418661 0.088949
vt 0.354676 0.755709
vt 0.406250 0.099057
vt 0.405469 0.090836
vt 0.367464 0.757370
vt 0.366050 0.767684
vt 0.364736 0.778402
vt 0.377719 0.756797
vt 0.376648 0.768023
vt 0.375361 0.780444
vt 0.374164 0.793125
vt 0.363803 0.790112
vt 0.391633 0.769748
vt 0.389498 0.782294
vt 0.386389 0.795896
vt 0.384613 0.809100
vt 0.373243 0.805503
vt 0.407535 0.786078
vt 0.404175 0.801173
vt 0.401919 0.814533
vt 0.402381 0.827761
vt 0.383969 0.821610
vt 0.424271 0.806084
vt 0.422297 0.818254
vt 0.421640 0.830241
vt 0.422758 0.840834
vt 0.402741 0.840581
vt 0.444795 0.822279
vt 0.443273 0.832509
vt 0.442561 0.842853
vt 0.443168 0.853048
vt 0.464973 0.838621
vt 0.463206 0.848621
vt 0.461368 0.857591
vt 0.459650 0.865693
vt 0.443135 0.861387
vt 0.483239 0.854455
vt 0.479965 0.863897
vt 0.477267 0.871669
vt 0.475697 0.877455
vt 0.458316 0.872402
vt 0.500116 0.870372
vt 0.497381 0.878111
vt 0.495623 0.883957
vt 0.494456 0.888242
vt 0.474316 0.882534
vt 0.518164 0.884306
vt 0.516533 0.890155
vt 0.515221 0.894678
vt 0.514366 0.897986
vt 0.493940 0.892048
vt 0.536716 0.894624
vt 0.534894 0.899430
vt 0.532868 0.903133
vt 0.529638 0.906267
vt 0.556216 0.903951
vt 0.553343 0.908665
vt 0.548376 0.913559
vt 0.580366 0.908726
vt 0.575410 0.915165
vt 0.572074 0.920584
vt 0.994242 0.020450
vt 0.993993 0.028383
vt 0.976116 0.024854
vt 0.980839 0.013967
vt 0.994169 0.005000
vt 0.559139 0.898088
vt 0.585023 0.900860
vt 0.539216 0.888445
vt 0.520872 0.875927
vt 0.502743 0.861219
vt 0.486323 0.844900
vt 0.467216 0.827775
vt 0.446988 0.810063
vt 0.427726 0.791342
vt 0.410856 0.772294
vt 0.393339 0.758084
vt 0.412591 0.760255
vt 0.380439 0.096106
vt 0.395860 0.093173
vt 0.397987 0.102342
vt 0.408124 0.108986
vt 0.418586 0.114451
vt 0.426135 0.110259
vt 0.480501 0.891653
vt 0.473392 0.887467
vt 0.457475 0.878132
vt 0.443242 0.874297
vt 0.442976 0.868282
vt 0.429101 0.872012
vt 0.427672 0.866127
vt 0.416460 0.871143
vt 0.414499 0.866482
vt 0.407431 0.871690
vt 0.405722 0.867193
vt 0.409147 0.875428
vt 0.417969 0.875739
vt 0.419589 0.880196
vt 0.382577 0.845732
vt 0.383427 0.833817
vt 0.371935 0.843932
vt 0.372080 0.830882
vt 0.372803 0.818020
vt 0.365064 0.815031
vt 0.363309 0.802068
vt 0.355011 0.812606
vt 0.353404 0.798916
vt 0.352226 0.786121
vt 0.344231 0.795986
vt 0.344621 0.810444
vt 0.372190 0.854693
vt 0.381432 0.855337
vt 0.381000 0.862486
vt 0.372533 0.863123
vt 0.389876 0.862151
vt 0.387549 0.868206
vt 0.386927 0.874567
vt 0.364709 0.862877
vt 0.357758 0.868065
vt 0.357965 0.862961
vt 0.344908 0.872681
vt 0.343429 0.867565
vt 0.329900 0.879715
vt 0.326541 0.875947
vt 0.323915 0.872201
vt 0.309368 0.887099
vt 0.305194 0.885211
vt 0.303629 0.882415
vt 0.320053 0.868762
vt 0.300062 0.880872
vt 0.289620 0.895040
vt 0.286450 0.894363
vt 0.283194 0.894237
vt 0.296931 0.879661
vt 0.279271 0.902117
vt 0.275564 0.901338
vt 0.275115 0.906483
vt 0.271148 0.904829
vt 0.265931 0.901703
vt 0.263344 0.887362
vt 0.268112 0.909121
vt 0.275667 0.910059
vt 0.278425 0.913657
vt 0.268121 0.913484
vt 0.275066 0.922618
vt 0.266227 0.922653
vt 0.513656 0.214499
vt 0.515247 0.210508
vt 0.497932 0.211804
vt 0.506237 0.215574
vt 0.502139 0.217912
vt 0.496313 0.214197
vt 0.488600 0.208064
vt 0.490053 0.205428
vt 0.477790 0.202302
vt 0.480332 0.199910
vt 0.464862 0.195765
vt 0.468442 0.192325
vt 0.472643 0.189219
vt 0.455287 0.184309
vt 0.460345 0.180376
vt 0.464602 0.177244
vt 0.469939 0.174762
vt 0.450881 0.172117
vt 0.455415 0.168413
vt 0.460578 0.166015
vt 0.466095 0.163216
vt 0.475366 0.171784
vt 0.457134 0.155591
vt 0.463240 0.153394
vt 0.469183 0.151744
vt 0.471935 0.161418
vt 0.460400 0.141977
vt 0.467185 0.140548
vt 0.473503 0.138382
vt 0.474408 0.148084
vt 0.463257 0.127468
vt 0.469131 0.124005
vt 0.314655 0.787151
vt 0.465068 0.112875
vt 0.318560 0.776251
vt 0.325031 0.779097
vt 0.314750 0.767843
vt 0.304812 0.824756
vt 0.305230 0.842343
vt 0.298971 0.839328
vt 0.480540 0.168447
vt 0.305242 0.813584
vt 0.295616 0.857321
vt 0.288092 0.855459
vt 0.281327 0.851928
vt 0.292024 0.839574
vt 0.273054 0.870037
vt 0.301820 0.859874
vt 0.311805 0.845274
vt 0.450604 0.189113
vt 0.461485 0.200185
vt 0.446320 0.195822
vt 0.458244 0.205931
vt 0.443149 0.204090
vt 0.431305 0.203911
vt 0.441727 0.210977
vt 0.431277 0.210928
vt 0.423461 0.205882
vt 0.415604 0.208718
vt 0.353606 0.878306
vt 0.345435 0.882765
vt 0.343892 0.878489
vt 0.355117 0.873806
vt 0.360052 0.878699
vt 0.330948 0.893605
vt 0.330462 0.886342
vt 0.316103 0.900698
vt 0.314273 0.895301
vt 0.312071 0.890646
vt 0.302877 0.902300
vt 0.304379 0.906194
vt 0.297250 0.909790
vt 0.292485 0.909276
vt 0.287080 0.912180
vt 0.290938 0.915284
vt 0.281196 0.910845
vt 0.281590 0.907035
vt 0.283441 0.919427
vt 0.283949 0.902174
vt 0.472736 0.214115
vt 0.473410 0.209460
vt 0.457260 0.212211
vt 0.475403 0.205407
vt 0.642421 0.872962
vt 0.633151 0.859444
vt 0.639662 0.861983
vt 0.640166 0.847645
vt 0.646506 0.849434
vt 0.652714 0.852255
vt 0.647890 0.866060
vt 0.647427 0.835868
vt 0.654385 0.837427
vt 0.659985 0.839523
vt 0.663393 0.823032
vt 0.670681 0.825194
vt 0.479555 0.430135
vt 0.664762 0.840617
vt 0.659567 0.854077
vt 0.653293 0.821967
vt 0.635922 0.834436
vt 0.638018 0.820187
vt 0.485945 0.419287
vt 0.475295 0.409711
vt 0.479547 0.396376
vt 0.495705 0.402667
vt 0.479228 0.379876
vt 0.495964 0.383010
vt 0.479116 0.356812
vt 0.465799 0.368280
vt 0.461759 0.359559
vt 0.174608 0.202328
vt 0.191925 0.197491
vt 0.197385 0.212957
vt 0.179218 0.217856
vt 0.208713 0.192573
vt 0.214548 0.207624
vt 0.220412 0.222482
vt 0.231353 0.201573
vt 0.237544 0.215887
vt 0.244379 0.229854
vt 0.226751 0.237216
vt 0.251980 0.244407
vt 0.233730 0.252187
vt 0.260405 0.259763
vt 0.268724 0.235975
vt 0.277756 0.251016
vt 0.285274 0.226542
vt 0.293586 0.240800
vt 0.302033 0.216059
vt 0.309832 0.229369
vt 0.315595 0.237969
vt 0.326377 0.219220
vt 0.331524 0.228370
vt 0.343509 0.210482
vt 0.346694 0.220175
vt 0.337350 0.195946
vt 0.319606 0.205856
vt 0.312377 0.191624
vt 0.330761 0.182337
vt 0.294893 0.201687
vt 0.288073 0.188858
vt 0.306037 0.178804
vt 0.277596 0.211755
vt 0.270817 0.199046
vt 0.264122 0.186292
vt 0.281628 0.176471
vt 0.261139 0.221615
vt 0.254085 0.208109
vt 0.247648 0.195170
vt 0.241255 0.180730
vt 0.257540 0.173403
vt 0.225212 0.187055
vt 0.218360 0.171417
vt 0.234699 0.166200
vt 0.202244 0.176791
vt 0.195959 0.161698
vt 0.212262 0.157027
vt 0.185916 0.181721
vt 0.179756 0.164710
vt 0.171704 0.152006
vt 0.188835 0.148581
vt 0.169737 0.178700
vt 0.163323 0.169054
vt 0.156504 0.154184
vt 0.599264 0.817388
vt 0.206020 0.144110
vt 0.619663 0.818915
vt 0.619495 0.832323
vt 0.631457 0.846380
vt 0.617785 0.343457
vt 0.866242 0.908536
vt 0.857346 0.889328
vt 0.873265 0.882173
vt 0.862757 0.862633
vt 0.884088 0.875880
vt 0.848939 0.869693
vt 0.843535 0.850673
vt 0.830449 0.878508
vt 0.891055 0.871117
vt 0.590846 0.247653
vt 0.301551 0.761498
vt 0.065455 0.943981
vt 0.604218 0.990998
vt 0.604979 0.993469
vt 0.088244 0.918962
vt 0.095853 0.903927
vt 0.100298 0.899029
vt 0.319297 0.360447
vt 0.027469 0.070702
vt 0.227481 0.729690
vt 0.225687 0.731766
vt 0.225499 0.730889
vt 0.067410 0.119345
vt 0.054719 0.122451
vt 0.080343 0.115743
vt 0.077379 0.108488
vt 0.092695 0.105962
vt 0.092996 0.112849
vt 0.074048 0.103104
vt 0.089203 0.100395
vt 0.099456 0.098075
vt 0.102979 0.104280
vt 0.092787 0.091758
vt 0.102159 0.088790
vt 0.108203 0.095112
vt 0.085472 0.086555
vt 0.093907 0.083024
vt 0.075713 0.082157
vt 0.083977 0.079032
vt 0.111329 0.101705
vt 0.115069 0.106667
vt 0.104247 0.110218
vt 0.865588 0.766468
vt 0.908378 0.856788
vt 0.912456 0.853166
vt 0.927838 0.872978
vt 0.922983 0.876184
vt 0.938555 0.883571
vt 0.933281 0.887362
vt 0.945258 0.893372
vt 0.940529 0.897119
vt 0.933937 0.902026
vt 0.958273 0.880340
vt 0.952086 0.887119
vt 0.945867 0.878784
vt 0.953113 0.873335
vt 0.969811 0.866997
vt 0.935769 0.865724
vt 0.943937 0.859769
vt 0.924267 0.846470
vt 0.917671 0.850753
vt 0.909057 0.833539
vt 0.913749 0.826257
vt 0.931047 0.870000
vt 0.942052 0.881566
vt 0.948438 0.890998
vt 0.920536 0.910031
vt 0.983144 0.768633
vt 0.286218 0.290898
vt 0.286129 0.284997
vt 0.304841 0.274346
vt 0.301046 0.280724
vt 0.399329 0.227034
vt 0.392332 0.879784
vt 0.389572 0.876950
vt 0.332525 0.836499
vt 0.119935 0.118299
vt 0.117563 0.130857
vt 0.122246 0.133114
vt 0.126877 0.132964
vt 0.654349 0.874365
vt 0.419593 0.881975
vt 0.489128 0.598323
vt 0.487515 0.611659
vt 0.239455 0.754104
vt 0.325778 0.261408
vt 0.321137 0.263777
vt 0.333941 0.259195
vt 0.347047 0.251357
vt 0.267519 0.299067
vt 0.971294 0.015258
vt 0.696550 0.824658
vt 0.716798 0.825582
vt 0.719968 0.835631
vt 0.698577 0.836421
vt 0.684902 0.834690
vt 0.683315 0.824113
vt 0.932250 0.116354
vt 0.921701 0.112092
vt 0.944904 0.132731
vt 0.933799 0.127126
vt 0.934070 0.120383
vt 0.934488 0.908400
vt 0.929666 0.913120
vt 0.070541 0.059677
vt 0.073543 0.062366
vt 0.068579 0.057469
vt 0.291861 0.065489
vt 0.289258 0.057453
vt 0.293941 0.047163
vt 0.294980 0.053176
vt 0.306308 0.052285
vt 0.302058 0.061376
vt 0.296779 0.067099
vt 0.128055 0.192076
vt 0.125260 0.186667
vt 0.125055 0.184081
vt 0.129618 0.182316
vt 0.131406 0.188440
vt 0.128437 0.123090
vt 0.127474 0.126757
vt 0.131946 0.166211
vt 0.134714 0.155657
vt 0.132527 0.142857
vt 0.137479 0.132013
vt 0.143517 0.142099
vt 0.148504 0.148087
vt 0.142100 0.159117
vt 0.140196 0.167664
vt 0.127994 0.199367
vt 0.134882 0.192098
vt 0.137073 0.198069
vt 0.134299 0.187909
vt 0.140134 0.192674
vt 0.142093 0.194586
vt 0.142480 0.196140
vt 0.147369 0.189102
vt 0.149288 0.194800
vt 0.142484 0.201122
vt 0.137663 0.189814
vt 0.144173 0.208736
vt 0.136186 0.210267
vt 0.131014 0.173787
vt 0.138439 0.175277
vt 0.137243 0.184597
vt 0.143150 0.185025
vt 0.146695 0.176413
vt 0.127839 0.119043
vt 0.127160 0.113700
vt 0.136270 0.123241
vt 0.133592 0.124070
vt 0.139946 0.124357
vt 0.128933 0.111780
vt 0.142450 0.114932
vt 0.147425 0.133620
vt 0.349665 0.056883
vt 0.339526 0.052955
vt 0.353035 0.042010
vt 0.354589 0.047729
vt 0.154028 0.160678
vt 0.154202 0.151625
vt 0.155836 0.141434
vt 0.102632 0.266954
vt 0.113656 0.256849
vt 0.131813 0.256822
vt 0.119645 0.264880
vt 0.123281 0.269646
vt 0.100467 0.278533
vt 0.142917 0.263350
vt 0.258536 0.922231
vt 0.255543 0.925271
vt 0.239484 0.917603
vt 0.247351 0.916353
vt 0.675352 0.251509
vt 0.674430 0.253293
vt 0.664058 0.249904
vt 0.665455 0.248072
vt 0.614631 0.097729
vt 0.616205 0.091434
vt 0.627578 0.087196
vt 0.624579 0.093298
vt 0.624826 0.096862
vt 0.613658 0.104968
vt 0.629594 0.090688
vt 0.578205 0.146505
vt 0.574821 0.155472
vt 0.568589 0.152355
vt 0.573932 0.145105
vt 0.580122 0.129815
vt 0.583318 0.134367
vt 0.569483 0.134942
vt 0.576622 0.123679
vt 0.104305 0.882760
vt 0.111707 0.884812
vt 0.106863 0.896949
vt 0.097437 0.894504
vt 0.130729 0.784654
vt 0.133799 0.795801
vt 0.128753 0.795488
vt 0.127145 0.786738
vt 0.124904 0.794136
vt 0.124824 0.782757
vt 0.127342 0.777441
vt 0.137457 0.782028
vt 0.136385 0.775578
vt 0.143707 0.778430
vt 0.141449 0.783152
vt 0.144848 0.792511
vt 0.141593 0.795405
vt 0.148380 0.788693
vt 0.118474 0.841800
vt 0.123234 0.842183
vt 0.127745 0.863706
vt 0.119065 0.859680
vt 0.113399 0.862262
vt 0.113875 0.840352
vt 0.098681 0.778021
vt 0.110446 0.769686
vt 0.111924 0.784917
vt 0.104748 0.787215
vt 0.112572 0.811980
vt 0.105170 0.810151
vt 0.098628 0.807007
vt 0.559248 0.188642
vt 0.565812 0.189996
vt 0.558118 0.192970
vt 0.556576 0.190723
vt 0.547021 0.197603
vt 0.544587 0.195947
vt 0.549203 0.188644
vt 0.529148 0.195593
vt 0.517921 0.192005
vt 0.527281 0.186945
vt 0.534640 0.190891
vt 0.543278 0.181560
vt 0.561559 0.175785
vt 0.565808 0.179896
vt 0.573900 0.183162
vt 0.113061 0.901112
vt 0.104855 0.912499
vt 0.099322 0.906870
vt 0.093381 0.927381
vt 0.088895 0.924062
vt 0.592481 0.103064
vt 0.593245 0.111414
vt 0.065166 0.955485
vt 0.062317 0.950919
vt 0.066905 0.947498
vt 0.068707 0.957179
vt 0.636903 0.088532
vt 0.633394 0.082350
vt 0.070694 0.949124
vt 0.072170 0.953430
vt 0.082724 0.953018
vt 0.074444 0.959562
vt 0.076724 0.936995
vt 0.081679 0.939514
vt 0.087105 0.941083
vt 0.135616 0.864320
vt 0.143107 0.861969
vt 0.152077 0.881467
vt 0.142160 0.888963
vt 0.133787 0.906829
vt 0.123350 0.904122
vt 0.129866 0.887968
vt 0.158122 0.887932
vt 0.151178 0.897932
vt 0.140820 0.910893
vt 0.606560 0.163580
vt 0.601075 0.160535
vt 0.608520 0.147464
vt 0.610101 0.152823
vt 0.616335 0.152399
vt 0.612962 0.169858
vt 0.610291 0.142341
vt 0.624681 0.108533
vt 0.631969 0.107655
vt 0.629092 0.115175
vt 0.624851 0.114301
vt 0.600022 0.146324
vt 0.604614 0.136774
vt 0.625405 0.160684
vt 0.621626 0.181407
vt 0.611560 0.185645
vt 0.605954 0.178490
vt 0.622775 0.199488
vt 0.614137 0.196013
vt 0.632282 0.167173
vt 0.630248 0.188941
vt 0.631452 0.204790
vt 0.183029 0.877518
vt 0.183525 0.873588
vt 0.193337 0.881309
vt 0.188871 0.881892
vt 0.170880 0.870704
vt 0.174677 0.868064
vt 0.183415 0.887385
vt 0.176556 0.881233
vt 0.167144 0.874850
vt 0.197259 0.887034
vt 0.193119 0.888475
vt 0.200575 0.902287
vt 0.194375 0.902544
vt 0.192691 0.896804
vt 0.197150 0.898446
vt 0.196538 0.892583
vt 0.200271 0.896555
vt 0.205498 0.900856
vt 0.645921 0.228270
vt 0.644914 0.232341
vt 0.639415 0.229953
vt 0.637976 0.225298
vt 0.212723 0.896529
vt 0.209428 0.898790
vt 0.204248 0.895338
vt 0.206956 0.894181
vt 0.200870 0.890655
vt 0.205837 0.891672
vt 0.216126 0.893542
vt 0.189056 0.906931
vt 0.200164 0.907497
vt 0.209069 0.913742
vt 0.204736 0.915033
vt 0.225679 0.923867
vt 0.215980 0.923905
vt 0.191451 0.913784
vt 0.649605 0.238984
vt 0.651161 0.235364
vt 0.659079 0.238940
vt 0.655636 0.242911
vt 0.219894 0.902391
vt 0.222998 0.900746
vt 0.667806 0.242132
vt 0.677700 0.246557
vt 0.674563 0.224780
vt 0.663766 0.220392
vt 0.665971 0.204814
vt 0.673746 0.214276
vt 0.679582 0.193743
vt 0.692502 0.203577
vt 0.687138 0.220423
vt 0.685010 0.229668
vt 0.270086 0.927405
vt 0.271390 0.932061
vt 0.687707 0.254376
vt 0.697272 0.265535
vt 0.689615 0.263188
vt 0.681937 0.258406
vt 0.726390 0.306017
vt 0.716023 0.293950
vt 0.714212 0.285916
vt 0.725808 0.299440
vt 0.855522 0.070508
vt 0.861541 0.073494
vt 0.852600 0.082335
vt 0.850747 0.073004
vt 0.828327 0.080647
vt 0.834262 0.069913
vt 0.867249 0.090840
vt 0.795270 0.377117
vt 0.785019 0.366170
vt 0.790535 0.364569
vt 0.794687 0.367563
vt 0.771059 0.349459
vt 0.779362 0.344022
vt 0.507551 0.706805
vt 0.505085 0.715252
vt 0.490610 0.722545
vt 0.490516 0.716519
vt 0.522687 0.714489
vt 0.515589 0.724400
vt 0.502822 0.719950
vt 0.066919 0.636072
vt 0.081152 0.617867
vt 0.081205 0.623716
vt 0.072985 0.638605
vt 0.511629 0.458946
vt 0.496329 0.451328
vt 0.499631 0.448619
vt 0.525873 0.452575
vt 0.533841 0.470221
vt 0.510703 0.474967
vt 0.821847 0.102697
vt 0.845210 0.105033
vt 0.845162 0.120851
vt 0.822283 0.125207
vt 0.790646 0.118601
vt 0.800046 0.096498
vt 0.566767 0.727560
vt 0.592379 0.734336
vt 0.581891 0.748996
vt 0.561478 0.747068
vt 0.539265 0.734519
vt 0.544381 0.720002
vt 0.850200 0.135993
vt 0.835670 0.140014
vt 0.926092 0.916687
vt 0.935751 0.919213
vt 0.931593 0.919630
vt 0.942451 0.928354
vt 0.931562 0.925662
vt 0.923225 0.919186
vt 0.985234 0.968051
vt 0.978495 0.958901
vt 0.988927 0.962880
vt 0.988857 0.968263
vt 0.991816 0.973406
vt 0.989416 0.974510
vt 0.994334 0.972568
vt 0.633310 0.742126
vt 0.641646 0.740893
vt 0.639904 0.747244
vt 0.634343 0.745996
vt 0.940104 0.912403
vt 0.948591 0.923988
vt 0.961931 0.941332
vt 0.958221 0.943048
vt 0.940305 0.932469
vt 0.930951 0.927779
vt 0.955605 0.944919
vt 0.922058 0.922071
vt 0.675180 0.832779
vt 0.672754 0.822824
vt 0.664126 0.803262
vt 0.668735 0.805309
vt 0.667106 0.813178
vt 0.970720 0.959538
vt 0.974440 0.959109
vt 0.981589 0.968989
vt 0.977300 0.967733
vt 0.974476 0.967503
vt 0.967412 0.960188
vt 0.647320 0.754119
vt 0.646709 0.748379
vt 0.652169 0.748599
vt 0.649750 0.756278
vt 0.634669 0.665330
vt 0.641330 0.663942
vt 0.637879 0.675855
vt 0.632186 0.670101
vt 0.982131 0.976204
vt 0.984395 0.973279
vt 0.649028 0.741286
vt 0.656715 0.744361
vt 0.678058 0.807390
vt 0.692232 0.808024
vt 0.636089 0.645375
vt 0.643162 0.644359
vt 0.620760 0.668326
vt 0.621244 0.646796
vt 0.669888 0.739510
vt 0.676841 0.748796
vt 0.665603 0.754016
vt 0.661713 0.758975
vt 0.657528 0.756678
vt 0.663499 0.766768
vt 0.658885 0.766610
vt 0.670603 0.765136
vt 0.650458 0.730460
vt 0.659187 0.726121
vt 0.666985 0.729500
vt 0.653353 0.712170
vt 0.658840 0.710412
vt 0.671515 0.712494
vt 0.677810 0.718470
vt 0.666971 0.706469
vt 0.686561 0.729959
vt 0.655525 0.689908
vt 0.647093 0.689513
vt 0.649111 0.674534
vt 0.658768 0.668924
vt 0.666846 0.674788
vt 0.663246 0.692593
vt 0.648957 0.661148
vt 0.655892 0.658302
vt 0.650096 0.642696
vt 0.658009 0.643007
vt 0.660285 0.646851
vt 0.672541 0.696615
vt 0.681980 0.701456
vt 0.648910 0.621067
vt 0.655663 0.623965
vt 0.663794 0.626717
vt 0.678528 0.653336
vt 0.671777 0.662305
vt 0.644944 0.595377
vt 0.649477 0.595807
vt 0.654457 0.595079
vt 0.696691 0.705514
vt 0.709515 0.723542
vt 0.691428 0.686390
vt 0.703162 0.684914
vt 0.300872 0.075880
vt 0.297944 0.081647
vt 0.308553 0.072232
vt 0.340138 0.038874
vt 0.354313 0.036154
vt 0.324640 0.055728
vt 0.328971 0.039486
vt 0.349802 0.077026
vt 0.337287 0.074346
vt 0.323747 0.073711
vt 0.288725 0.074885
vt 0.285056 0.059535
vt 0.690586 0.672340
vt 0.682878 0.673752
vt 0.680187 0.682920
vt 0.309224 0.040495
vt 0.292454 0.043967
vt 0.278848 0.060357
vt 0.279579 0.044480
vt 0.304746 0.776527
vt 0.306449 0.784734
vt 0.818350 0.801370
vt 0.797843 0.816393
vt 0.793977 0.806753
vt 0.819498 0.789832
vt 0.296461 0.775106
vt 0.298479 0.768020
vt 0.788749 0.792675
vt 0.813970 0.779601
vt 0.832182 0.763679
vt 0.836522 0.771795
vt 0.059663 0.783146
vt 0.060882 0.790923
vt 0.053604 0.792014
vt 0.051013 0.783756
vt 0.092688 0.067350
vt 0.100050 0.070251
vt 0.086035 0.072744
vt 0.081443 0.067356
vt 0.050860 0.777954
vt 0.056455 0.777889
vt 0.124680 0.082325
vt 0.116860 0.083630
vt 0.111479 0.078117
vt 0.118336 0.078525
vt 0.114016 0.072762
vt 0.125544 0.076291
vt 0.103112 0.073834
vt 0.310814 0.085976
vt 0.315780 0.055842
vt 0.281311 0.076580
vt 0.057123 0.775702
vt 0.065890 0.782191
vt 0.073890 0.056609
vt 0.076302 0.059147
vt 0.311569 0.093372
vt 0.295559 0.087577
vt 0.135979 0.080951
vt 0.121503 0.069492
vt 0.130271 0.071589
vt 0.097740 0.868362
vt 0.090621 0.865731
vt 0.095573 0.860073
vt 0.103700 0.864397
vt 0.324677 0.095754
vt 0.334839 0.097178
vt 0.333193 0.103933
vt 0.323129 0.104814
vt 0.310225 0.099412
vt 0.319720 0.108556
vt 0.309877 0.102669
vt 0.071571 0.054124
vt 0.079659 0.778634
vt 0.078867 0.787285
vt 0.076578 0.789372
vt 0.071214 0.780523
vt 0.069382 0.789676
vt 0.054289 0.772655
vt 0.898636 0.734656
vt 0.888000 0.720900
vt 0.892037 0.709963
vt 0.900435 0.721168
vt 0.082199 0.767977
vt 0.084786 0.768911
vt 0.076280 0.795737
vt 0.071555 0.797400
vt 0.086614 0.801380
vt 0.082399 0.801813
vt 0.083049 0.792265
vt 0.052395 0.838323
vt 0.052174 0.834725
vt 0.056317 0.840734
vt 0.053381 0.839640
vt 0.054016 0.842151
vt 0.052840 0.840511
vt 0.050321 0.858341
vt 0.046169 0.863953
vt 0.046686 0.852358
vt 0.050220 0.853709
vt 0.086688 0.795822
vt 0.088136 0.801334
vt 0.056905 0.861661
vt 0.047792 0.865342
vt 0.053158 0.848347
vt 0.053080 0.851521
vt 0.055793 0.852702
vt 0.056710 0.847355
vt 0.812466 0.639976
vt 0.803080 0.643157
vt 0.798790 0.626084
vt 0.809733 0.624981
vt 0.790791 0.605306
vt 0.797915 0.603833
vt 0.828777 0.630694
vt 0.828610 0.637218
vt 0.815542 0.620630
vt 0.831041 0.628007
vt 0.802552 0.601852
vt 0.056706 0.841961
vt 0.058443 0.847085
vt 0.052572 0.842972
vt 0.063152 0.852174
vt 0.069225 0.842764
vt 0.074853 0.846230
vt 0.894599 0.708813
vt 0.893875 0.697579
vt 0.895466 0.704189
vt 0.880468 0.704986
vt 0.884660 0.688905
vt 0.889937 0.693795
vt 0.888292 0.702626
vt 0.787882 0.463402
vt 0.789681 0.443081
vt 0.811809 0.442085
vt 0.812829 0.465613
vt 0.827615 0.483687
vt 0.813681 0.499787
vt 0.799406 0.491278
vt 0.781419 0.487029
vt 0.836657 0.455307
vt 0.844207 0.473246
vt 0.832372 0.437489
vt 0.879822 0.442793
vt 0.895691 0.450327
vt 0.896294 0.455744
vt 0.874992 0.449120
vt 0.865619 0.430215
vt 0.870186 0.428056
vt 0.900081 0.463553
vt 0.879808 0.465111
vt 0.862230 0.468335
vt 0.856459 0.450692
vt 0.852736 0.433783
vt 0.848035 0.621419
vt 0.838804 0.619415
vt 0.840212 0.614264
vt 0.846158 0.617212
vt 0.851659 0.616715
vt 0.858487 0.620237
vt 0.845161 0.611091
vt 0.843803 0.629521
vt 0.834720 0.623197
vt 0.843734 0.626718
vt 0.846549 0.624668
vt 0.852363 0.626974
vt 0.862741 0.625566
vt 0.879177 0.646198
vt 0.863885 0.644732
vt 0.861756 0.639022
vt 0.870289 0.638574
vt 0.858387 0.633968
vt 0.870729 0.631173
vt 0.883080 0.636978
vt 0.928504 0.474072
vt 0.930025 0.475985
vt 0.929136 0.488469
vt 0.928510 0.482974
vt 0.172344 0.744586
vt 0.169759 0.741051
vt 0.171572 0.739675
vt 0.174049 0.740619
vt 0.930726 0.484092
vt 0.930936 0.489727
vt 0.166012 0.740545
vt 0.166043 0.742373
vt 0.158783 0.741132
vt 0.160794 0.735892
vt 0.166398 0.734237
vt 0.167708 0.738524
vt 0.166415 0.738817
vt 0.163154 0.734366
vt 0.158301 0.725427
vt 0.151093 0.721262
vt 0.153828 0.717194
vt 0.158442 0.720157
vt 0.158297 0.711803
vt 0.162811 0.717376
vt 0.164109 0.726203
vt 0.926427 0.442679
vt 0.931532 0.449351
vt 0.925722 0.457863
vt 0.921053 0.447670
vt 0.170741 0.722268
vt 0.168988 0.729020
vt 0.912568 0.436666
vt 0.915001 0.433696
vt 0.167305 0.705191
vt 0.168947 0.710416
vt 0.147311 0.712186
vt 0.143873 0.716676
vt 0.131104 0.712269
vt 0.134542 0.706002
vt 0.131098 0.698349
vt 0.147651 0.694254
vt 0.150163 0.700334
vt 0.154230 0.706331
vt 0.940827 0.443771
vt 0.937293 0.435948
vt 0.121110 0.739829
vt 0.120546 0.736090
vt 0.130289 0.739947
vt 0.128520 0.746126
vt 0.938047 0.429010
vt 0.961538 0.420333
vt 0.963490 0.422817
vt 0.917524 0.430708
vt 0.917255 0.424866
vt 0.169361 0.670382
vt 0.167313 0.673049
vt 0.165113 0.668349
vt 0.169064 0.669420
vt 0.170024 0.668704
vt 0.172302 0.669360
vt 0.168321 0.666617
vt 0.177605 0.670094
vt 0.175978 0.661654
vt 0.182322 0.666290
vt 0.180822 0.670088
vt 0.157760 0.663676
vt 0.161832 0.660826
vt 0.159655 0.656606
vt 0.161076 0.682508
vt 0.157204 0.676028
vt 0.174139 0.680182
vt 0.161722 0.685744
vt 0.180780 0.676230
vt 0.184529 0.668929
vt 0.183328 0.670883
vt 0.184533 0.674577
vt 0.893460 0.419963
vt 0.889991 0.422947
vt 0.884273 0.419580
vt 0.886444 0.417414
vt 0.887692 0.415369
vt 0.894239 0.414519
vt 0.881468 0.411835
vt 0.893614 0.410810
vt 0.183545 0.680138
vt 0.188176 0.674207
vt 0.190056 0.677990
vt 0.181356 0.685673
vt 0.196234 0.670992
vt 0.195282 0.675208
vt 0.186041 0.664077
vt 0.879834 0.424261
vt 0.188688 0.682160
vt 0.197262 0.676937
vt 0.198692 0.679291
vt 0.192875 0.682686
vt 0.877191 0.421655
vt 0.878852 0.409680
vt 0.883021 0.406350
vt 0.893429 0.407897
vt 0.189101 0.661634
vt 0.192529 0.671556
vt 0.886286 0.401014
vt 0.878229 0.398490
vt 0.878608 0.396756
vt 0.880392 0.395526
vt 0.877222 0.401922
vt 0.198659 0.671766
vt 0.905399 0.409670
vt 0.906534 0.413922
vt 0.895174 0.405464
vt 0.177954 0.658417
vt 0.180752 0.655112
vt 0.164272 0.653095
vt 0.165669 0.648483
vt 0.145397 0.647874
vt 0.147247 0.641126
vt 0.143304 0.653545
vt 0.124516 0.654676
vt 0.126599 0.647972
vt 0.140624 0.658529
vt 0.122310 0.661199
vt 0.139592 0.662905
vt 0.122561 0.667853
vt 0.141324 0.670316
vt 0.123006 0.674508
vt 0.156180 0.669892
vt 0.141933 0.676841
vt 0.124687 0.679899
vt 0.142281 0.683371
vt 0.125515 0.686182
vt 0.144875 0.688875
vt 0.127730 0.692270
vt 0.162137 0.690017
vt 0.162712 0.695078
vt 0.172895 0.686044
vt 0.174197 0.689426
vt 0.175621 0.693874
vt 0.165141 0.699690
vt 0.184627 0.687685
vt 0.177458 0.697818
vt 0.186101 0.690583
vt 0.899746 0.429349
vt 0.908264 0.438475
vt 0.894567 0.431693
vt 0.903108 0.426023
vt 0.904774 0.421974
vt 0.905593 0.417627
vt 0.918053 0.419161
vt 0.937762 0.422271
vt 0.917993 0.413695
vt 0.938236 0.415053
vt 0.962145 0.415467
vt 0.962587 0.410070
vt 0.992113 0.398965
vt 0.992166 0.403257
vt 0.104160 0.649013
vt 0.105749 0.641046
vt 0.128834 0.640974
vt 0.601720 0.928946
vt 0.597299 0.933653
vt 0.582277 0.924779
vt 0.583845 0.922229
vt 0.102537 0.656446
vt 0.079324 0.656353
vt 0.080856 0.648089
vt 0.101147 0.663461
vt 0.077976 0.664138
vt 0.101113 0.670164
vt 0.077463 0.671414
vt 0.100954 0.676683
vt 0.077509 0.678332
vt 0.101656 0.682817
vt 0.078771 0.684186
vt 0.103129 0.688230
vt 0.080127 0.689499
vt 0.105191 0.693498
vt 0.081496 0.694649
vt 0.106485 0.699230
vt 0.082955 0.700246
vt 0.108057 0.705640
vt 0.084294 0.705959
vt 0.108859 0.710518
vt 0.085447 0.711278
vt 0.109135 0.716209
vt 0.086312 0.716201
vt 0.128054 0.717143
vt 0.125628 0.722351
vt 0.108773 0.721366
vt 0.139942 0.721212
vt 0.136505 0.725977
vt 0.147448 0.725892
vt 0.145021 0.730643
vt 0.155027 0.729141
vt 0.153677 0.733484
vt 0.934067 0.470195
vt 0.939055 0.462378
vt 0.940311 0.470451
vt 0.935278 0.476598
vt 0.931080 0.464388
vt 0.935717 0.455842
vt 0.925773 0.470804
vt 0.943335 0.450403
vt 0.945544 0.457313
vt 0.122152 0.731215
vt 0.122187 0.727019
vt 0.133881 0.730277
vt 0.132021 0.734886
vt 0.109033 0.732972
vt 0.108510 0.726158
vt 0.108766 0.737666
vt 0.096791 0.741096
vt 0.097479 0.738435
vt 0.109020 0.741795
vt 0.097721 0.743079
vt 0.108754 0.747020
vt 0.097077 0.748188
vt 0.121906 0.744884
vt 0.687762 0.842423
vt 0.694212 0.857287
vt 0.688301 0.861236
vt 0.683233 0.844322
vt 0.993712 0.406891
vt 0.707409 0.874935
vt 0.702393 0.879205
vt 0.699019 0.850823
vt 0.713479 0.870550
vt 0.689446 0.838186
vt 0.726994 0.890117
vt 0.720896 0.894092
vt 0.613774 0.947523
vt 0.625098 0.963743
vt 0.618022 0.968775
vt 0.606670 0.951335
vt 0.620168 0.943174
vt 0.632015 0.959273
vt 0.608160 0.923635
vt 0.626145 0.939325
vt 0.638606 0.955124
vt 0.613654 0.920437
vt 0.632152 0.935168
vt 0.645033 0.950939
vt 0.619096 0.916904
vt 0.637927 0.930980
vt 0.650987 0.946876
vt 0.624326 0.913013
vt 0.643086 0.926888
vt 0.656618 0.943064
vt 0.629180 0.908843
vt 0.647787 0.922847
vt 0.661628 0.939400
vt 0.633583 0.904825
vt 0.652073 0.919001
vt 0.666277 0.935911
vt 0.637885 0.900935
vt 0.656866 0.915125
vt 0.670983 0.932126
vt 0.642710 0.896885
vt 0.662172 0.911057
vt 0.675939 0.928278
vt 0.647872 0.892972
vt 0.667512 0.907144
vt 0.680765 0.924589
vt 0.653071 0.889291
vt 0.672823 0.903568
vt 0.685521 0.921172
vt 0.658373 0.885893
vt 0.678217 0.900163
vt 0.690477 0.917786
vt 0.663430 0.882839
vt 0.668629 0.879430
vt 0.683935 0.896352
vt 0.660179 0.866837
vt 0.662671 0.865608
vt 0.087170 0.720446
vt 0.673396 0.875605
vt 0.689124 0.891857
vt 0.096182 0.737784
vt 0.701334 0.909220
vt 0.695651 0.913771
vt 0.693767 0.887520
vt 0.707062 0.905527
vt 0.677757 0.871217
vt 0.697940 0.883384
vt 0.711584 0.901687
vt 0.681733 0.866724
vt 0.715764 0.897599
vt 0.723078 0.911323
vt 0.718427 0.915423
vt 0.727911 0.906445
vt 0.731427 0.913087
vt 0.726499 0.917800
vt 0.734126 0.902144
vt 0.737523 0.907911
vt 0.634389 0.974139
vt 0.640294 0.980628
vt 0.632995 0.985254
vt 0.627667 0.979129
vt 0.641313 0.969723
vt 0.647485 0.976406
vt 0.647971 0.965745
vt 0.654129 0.972719
vt 0.654668 0.962361
vt 0.660962 0.969865
vt 0.661493 0.959281
vt 0.668153 0.967572
vt 0.667787 0.956448
vt 0.675529 0.966030
vt 0.674212 0.954184
vt 0.682911 0.965002
vt 0.679338 0.951619
vt 0.688962 0.963528
vt 0.683986 0.948275
vt 0.694277 0.961301
vt 0.688563 0.944934
vt 0.698795 0.958281
vt 0.692948 0.941413
vt 0.702854 0.954279
vt 0.697147 0.938290
vt 0.706251 0.949587
vt 0.700736 0.934297
vt 0.709284 0.944448
vt 0.704569 0.929569
vt 0.711983 0.938728
vt 0.709280 0.924471
vt 0.714869 0.932691
vt 0.713842 0.919717
vt 0.718266 0.927302
vt 0.722141 0.922449
vt 0.724767 0.926180
vt 0.721609 0.931612
vt 0.728699 0.920649
vt 0.730473 0.922752
vt 0.726848 0.928124
vt 0.733383 0.915604
vt 0.735245 0.917268
vt 0.739332 0.910417
vt 0.740741 0.912194
vt 0.643016 0.984029
vt 0.644937 0.986697
vt 0.636635 0.990896
vt 0.635227 0.988471
vt 0.650544 0.980432
vt 0.652425 0.982698
vt 0.657751 0.977219
vt 0.659887 0.979937
vt 0.664709 0.975000
vt 0.666931 0.977741
vt 0.672015 0.973309
vt 0.674295 0.977279
vt 0.679916 0.972523
vt 0.682835 0.977315
vt 0.687827 0.972554
vt 0.690238 0.977648
vt 0.694688 0.971720
vt 0.697457 0.977255
vt 0.700230 0.969422
vt 0.703749 0.975158
vt 0.705232 0.966203
vt 0.709198 0.971512
vt 0.709196 0.961736
vt 0.713632 0.965988
vt 0.712502 0.955940
vt 0.716824 0.959147
vt 0.715199 0.949773
vt 0.718890 0.952647
vt 0.717199 0.943353
vt 0.721049 0.945772
vt 0.719232 0.937224
vt 0.722567 0.939352
vt 0.724557 0.933659
vt 0.727472 0.935461
vt 0.726564 0.941537
vt 0.729161 0.929244
vt 0.732141 0.929950
vt 0.731641 0.936129
vt 0.731831 0.924234
vt 0.733713 0.924843
vt 0.736704 0.918876
vt 0.738623 0.920193
vt 0.741918 0.913208
vt 0.743647 0.913586
vt 0.645463 0.988644
vt 0.646117 0.990604
vt 0.637539 0.994662
vt 0.637285 0.992717
vt 0.653259 0.985058
vt 0.653848 0.986742
vt 0.660514 0.982419
vt 0.661001 0.984484
vt 0.667679 0.980856
vt 0.667715 0.984284
vt 0.674929 0.980778
vt 0.674957 0.986210
vt 0.684175 0.983365
vt 0.683758 0.990327
vt 0.692469 0.985174
vt 0.693675 0.994152
vt 0.700741 0.985327
vt 0.703827 0.995000
vt 0.708395 0.983256
vt 0.713525 0.992919
vt 0.714578 0.978701
vt 0.721503 0.987239
vt 0.720376 0.971800
vt 0.728340 0.978341
vt 0.723939 0.963414
vt 0.732036 0.967501
vt 0.725945 0.955796
vt 0.732985 0.957282
vt 0.726280 0.947988
vt 0.732447 0.948860
vt 0.731856 0.942191
vt 0.871565 0.616935
vt 0.864757 0.611701
vt 0.879544 0.606383
vt 0.885751 0.610727
vt 0.892373 0.614801
vt 0.876399 0.620526
vt 0.883119 0.624621
vt 0.899090 0.618319
vt 0.891951 0.628586
vt 0.906248 0.622080
vt 0.903301 0.635258
vt 0.892505 0.641995
vt 0.917782 0.626060
vt 0.910279 0.521239
vt 0.906099 0.510653
vt 0.920441 0.506959
vt 0.919833 0.518078
vt 0.923629 0.527529
vt 0.914725 0.530828
vt 0.901373 0.524624
vt 0.893537 0.515363
vt 0.909010 0.533491
vt 0.890842 0.528595
vt 0.882423 0.520059
vt 0.898538 0.537588
vt 0.881589 0.533180
vt 0.871914 0.525972
vt 0.891711 0.540422
vt 0.873846 0.537437
vt 0.862268 0.531318
vt 0.884555 0.543841
vt 0.865829 0.542717
vt 0.853044 0.537550
vt 0.879230 0.547780
vt 0.857426 0.548895
vt 0.843991 0.543722
vt 0.871271 0.553174
vt 0.850211 0.555649
vt 0.835459 0.551079
vt 0.864780 0.558981
vt 0.844835 0.562856
vt 0.828731 0.559455
vt 0.860584 0.565232
vt 0.841735 0.570577
vt 0.824841 0.568959
vt 0.858542 0.571908
vt 0.841066 0.579098
vt 0.824781 0.580076
vt 0.858810 0.578776
vt 0.844000 0.588686
vt 0.829050 0.591744
vt 0.861776 0.586549
vt 0.850479 0.598550
vt 0.836505 0.602641
vt 0.866439 0.594494
vt 0.858229 0.606437
vt 0.872946 0.601008
vt 0.828433 0.607208
vt 0.818306 0.595074
vt 0.824883 0.610586
vt 0.812259 0.597976
vt 0.819901 0.615551
vt 0.807408 0.600352
vt 0.795836 0.581814
vt 0.800799 0.581363
vt 0.806849 0.581038
vt 0.798645 0.564756
vt 0.805120 0.565820
vt 0.813540 0.580551
vt 0.812882 0.567337
vt 0.807673 0.552472
vt 0.816120 0.555539
vt 0.801538 0.550116
vt 0.807430 0.537307
vt 0.814601 0.540980
vt 0.823344 0.545497
vt 0.824374 0.529648
vt 0.832988 0.537230
vt 0.815634 0.523289
vt 0.826222 0.509537
vt 0.835183 0.520378
vt 0.843066 0.529627
vt 0.846425 0.512410
vt 0.853368 0.523834
vt 0.838220 0.499106
vt 0.852458 0.490662
vt 0.858929 0.506322
vt 0.864387 0.517147
vt 0.873478 0.499634
vt 0.876445 0.511669
vt 0.868357 0.485481
vt 0.885112 0.479518
vt 0.890182 0.495064
vt 0.891196 0.505452
vt 0.906886 0.490823
vt 0.906199 0.501362
vt 0.904017 0.477301
vt 0.922165 0.477461
vt 0.925427 0.489713
vt 0.922736 0.497832
vt 0.900348 0.655157
vt 0.884390 0.654010
vt 0.896152 0.649258
vt 0.890625 0.661437
vt 0.875890 0.661425
vt 0.867888 0.653156
vt 0.908249 0.666712
vt 0.899795 0.673674
vt 0.885330 0.671471
vt 0.915054 0.677345
vt 0.918301 0.683343
vt 0.905096 0.680740
vt 0.912892 0.453743
vt 0.916473 0.460892
vt 0.920412 0.686982
vt 0.907985 0.685172
vt 0.911501 0.449709
vt 0.922659 0.690728
vt 0.910429 0.689271
vt 0.895488 0.445326
vt 0.910224 0.444800
vt 0.895189 0.441585
vt 0.909214 0.441067
vt 0.881164 0.440082
vt 0.882673 0.436654
vt 0.872249 0.427413
vt 0.875137 0.424771
vt 0.766409 0.441423
vt 0.743813 0.438383
vt 0.765563 0.461588
vt 0.743145 0.458982
vt 0.762723 0.483747
vt 0.741315 0.482006
vt 0.760261 0.506246
vt 0.739235 0.504880
vt 0.777212 0.509265
vt 0.776136 0.529210
vt 0.760346 0.527021
vt 0.792116 0.512625
vt 0.788532 0.531346
vt 0.805046 0.516771
vt 0.799488 0.534170
vt 0.795496 0.548250
vt 0.786998 0.547831
vt 0.793505 0.564018
vt 0.787065 0.564903
vt 0.790965 0.583022
vt 0.783385 0.584833
vt 0.778417 0.565914
vt 0.773330 0.587362
vt 0.766743 0.567468
vt 0.780834 0.607974
vt 0.764648 0.613224
vt 0.755312 0.592159
vt 0.788959 0.628252
vt 0.773821 0.633832
vt 0.794477 0.647169
vt 0.781873 0.654636
vt 0.801212 0.668231
vt 0.790670 0.674751
vt 0.808702 0.663677
vt 0.817624 0.684622
vt 0.810314 0.689844
vt 0.817373 0.657261
vt 0.827792 0.673373
vt 0.830982 0.646997
vt 0.838991 0.657633
vt 0.847347 0.642721
vt 0.851445 0.651754
vt 0.846048 0.638459
vt 0.844688 0.634426
vt 0.860368 0.663334
vt 0.849327 0.669711
vt 0.871522 0.673855
vt 0.861574 0.683045
vt 0.878808 0.682057
vt 0.871349 0.693478
vt 0.890956 0.678848
vt 0.894615 0.683665
vt 0.898328 0.688442
vt 0.901616 0.693049
vt 0.910915 0.691775
vt 0.297143 0.109253
vt 0.312876 0.114409
vt 0.312607 0.117145
vt 0.297850 0.111822
vt 0.284330 0.108339
vt 0.283145 0.105852
vt 0.922579 0.693088
vt 0.282108 0.102947
vt 0.297364 0.106909
vt 0.268744 0.104306
vt 0.267654 0.101162
vt 0.270169 0.107222
vt 0.254020 0.103949
vt 0.253159 0.100740
vt 0.254824 0.107100
vt 0.237436 0.104171
vt 0.237018 0.101085
vt 0.238041 0.106918
vt 0.720067 0.437132
vt 0.694048 0.438184
vt 0.719087 0.457470
vt 0.693873 0.458965
vt 0.717630 0.480524
vt 0.692761 0.481751
vt 0.716351 0.504589
vt 0.692161 0.505805
vt 0.716538 0.528580
vt 0.692335 0.531210
vt 0.739566 0.527360
vt 0.742146 0.548959
vt 0.718576 0.553020
vt 0.761804 0.547673
vt 0.746954 0.571174
vt 0.776574 0.547482
vt 0.724513 0.576196
vt 0.732738 0.598791
vt 0.709481 0.606440
vt 0.699955 0.582435
vt 0.744052 0.621093
vt 0.722503 0.630294
vt 0.755447 0.642114
vt 0.735634 0.652111
vt 0.765195 0.663043
vt 0.746416 0.672436
vt 0.774583 0.683520
vt 0.755027 0.693018
vt 0.785355 0.703622
vt 0.763217 0.713375
vt 0.800961 0.695080
vt 0.810455 0.714279
vt 0.795012 0.723488
vt 0.819240 0.710795
vt 0.830987 0.726947
vt 0.818643 0.735228
vt 0.829335 0.702411
vt 0.841166 0.712478
vt 0.838352 0.684905
vt 0.850948 0.695606
vt 0.861274 0.705436
vt 0.851323 0.721978
vt 0.872076 0.719106
vt 0.860335 0.733793
vt 0.881833 0.734055
vt 0.868435 0.745085
vt 0.853772 0.757887
vt 0.846890 0.749334
vt 0.269092 0.761350
vt 0.283728 0.764013
vt 0.282682 0.771427
vt 0.266394 0.768601
vt 0.246339 0.768514
vt 0.236662 0.092508
vt 0.237030 0.095151
vt 0.236937 0.097926
vt 0.252215 0.094718
vt 0.252566 0.097511
vt 0.251978 0.092043
vt 0.267279 0.092472
vt 0.267042 0.095499
vt 0.267107 0.098115
vt 0.281804 0.097186
vt 0.281761 0.100149
vt 0.281983 0.094235
vt 0.296001 0.097544
vt 0.295841 0.100670
vt 0.296287 0.103640
vt 0.310162 0.105928
vt 0.311198 0.108800
vt 0.311897 0.111476
vt 0.096972 0.845147
vt 0.087240 0.854394
vt 0.080570 0.850766
vt 0.093500 0.842505
vt 0.089853 0.838993
vt 0.091867 0.857814
vt 0.086732 0.864253
vt 0.079166 0.861641
vt 0.319686 0.110495
vt 0.320859 0.113875
vt 0.071157 0.857640
vt 0.072918 0.869257
vt 0.065117 0.864148
vt 0.088835 0.872928
vt 0.082790 0.872534
vt 0.112333 0.069051
vt 0.105248 0.063770
vt 0.095389 0.872648
vt 0.061522 0.798590
vt 0.056473 0.800872
vt 0.282339 0.090646
vt 0.296342 0.093821
vt 0.267334 0.088821
vt 0.267545 0.084027
vt 0.283134 0.086414
vt 0.251814 0.088105
vt 0.251186 0.083359
vt 0.236463 0.089216
vt 0.235345 0.084582
vt 0.234491 0.077053
vt 0.126666 0.210478
vt 0.124315 0.224738
vt 0.135153 0.223951
vt 0.129871 0.241933
vt 0.114382 0.242172
vt 0.145311 0.222666
vt 0.144674 0.240196
vt 0.156315 0.215634
vt 0.158099 0.242616
vt 0.152304 0.203739
vt 0.161006 0.198623
vt 0.165521 0.209003
vt 0.158032 0.189020
vt 0.153724 0.183339
vt 0.320229 0.039568
vt 0.324275 0.023028
vt 0.333244 0.023771
vt 0.160051 0.178863
vt 0.166766 0.185880
vt 0.313350 0.022354
vt 0.150098 0.168256
vt 0.297672 0.025077
vt 0.299162 0.008022
vt 0.314863 0.005992
vt 0.280296 0.027235
vt 0.280435 0.012248
vt 0.265283 0.028655
vt 0.264551 0.014921
vt 0.265822 0.045296
vt 0.249740 0.045724
vt 0.249598 0.028861
vt 0.266929 0.062544
vt 0.249833 0.063688
vt 0.267727 0.076212
vt 0.250510 0.075806
vt 0.233412 0.064085
vt 0.232743 0.045737
vt 0.232985 0.027871
vt 0.098921 0.253667
vt 0.084076 0.265153
vt 0.072180 0.275975
vt 0.234497 0.011952
vt 0.250524 0.014187
vt 0.670398 0.440005
vt 0.651976 0.441800
vt 0.670418 0.461192
vt 0.652148 0.463529
vt 0.670809 0.483851
vt 0.653544 0.486622
vt 0.670940 0.507926
vt 0.655374 0.510570
vt 0.671879 0.533741
vt 0.656847 0.535854
vt 0.673589 0.560567
vt 0.659211 0.563289
vt 0.693954 0.557404
vt 0.678706 0.587517
vt 0.663356 0.591803
vt 0.687919 0.613917
vt 0.674011 0.619368
vt 0.702235 0.638365
vt 0.687782 0.646040
vt 0.716341 0.660041
vt 0.700134 0.667498
vt 0.725283 0.679723
vt 0.730171 0.700126
vt 0.739088 0.719916
vt 0.746511 0.741058
vt 0.719474 0.742735
vt 0.771065 0.733748
vt 0.778438 0.755124
vt 0.752001 0.761648
vt 0.800338 0.744457
vt 0.809259 0.763991
vt 0.783616 0.774898
vt 0.825642 0.751159
vt 0.839351 0.738490
vt 0.757709 0.782764
vt 0.762563 0.801411
vt 0.736502 0.806572
vt 0.731210 0.785042
vt 0.768056 0.819273
vt 0.742804 0.824496
vt 0.772020 0.829173
vt 0.745930 0.834816
vt 0.642383 0.442532
vt 0.636067 0.442594
vt 0.644094 0.464459
vt 0.637702 0.464503
vt 0.645948 0.487823
vt 0.640070 0.489151
vt 0.647023 0.512451
vt 0.642366 0.513582
vt 0.647911 0.537301
vt 0.644249 0.538308
vt 0.650156 0.565123
vt 0.646338 0.565866
vt 0.641502 0.566410
vt 0.639093 0.539188
vt 0.636123 0.566652
vt 0.633745 0.539911
vt 0.639245 0.594947
vt 0.632874 0.594825
vt 0.630184 0.566945
vt 0.642730 0.621039
vt 0.635640 0.621401
vt 0.620880 0.622083
vt 0.619062 0.595247
vt 0.597980 0.623156
vt 0.595986 0.596776
vt 0.597407 0.646980
vt 0.573771 0.647180
vt 0.573907 0.623132
vt 0.596473 0.669762
vt 0.573104 0.669225
vt 0.595303 0.691164
vt 0.572701 0.690828
vt 0.622521 0.686717
vt 0.593973 0.713524
vt 0.571261 0.709939
vt 0.617292 0.714242
vt 0.615746 0.737146
vt 0.635110 0.714004
vt 0.632068 0.734894
vt 0.637570 0.689164
vt 0.644991 0.713570
vt 0.642676 0.732471
vt 0.547889 0.705111
vt 0.550689 0.688579
vt 0.526356 0.702119
vt 0.529865 0.687297
vt 0.511356 0.694342
vt 0.494194 0.701972
vt 0.493597 0.685532
vt 0.512793 0.680888
vt 0.526859 0.666919
vt 0.830744 0.349262
vt 0.842178 0.335203
vt 0.859641 0.345324
vt 0.848063 0.359610
vt 0.549951 0.667300
vt 0.527811 0.644654
vt 0.550656 0.645415
vt 0.527973 0.621771
vt 0.550460 0.622233
vt 0.852893 0.320159
vt 0.862448 0.304331
vt 0.879902 0.313370
vt 0.870346 0.329556
vt 0.526937 0.598022
vt 0.549931 0.597503
vt 0.525134 0.573791
vt 0.547677 0.571670
vt 0.572425 0.597914
vt 0.570183 0.570567
vt 0.545129 0.545415
vt 0.568118 0.543336
vt 0.593654 0.569659
vt 0.591821 0.542804
vt 0.566098 0.516558
vt 0.591227 0.516578
vt 0.614003 0.541740
vt 0.615885 0.567945
vt 0.612141 0.516451
vt 0.591172 0.491595
vt 0.611177 0.491990
vt 0.625519 0.515567
vt 0.627882 0.540454
vt 0.621054 0.491580
vt 0.610049 0.468927
vt 0.618962 0.468313
vt 0.627815 0.490694
vt 0.631547 0.514955
vt 0.624137 0.466395
vt 0.617511 0.447527
vt 0.622603 0.444870
vt 0.630722 0.464894
vt 0.634103 0.489866
vt 0.628872 0.443439
vt 0.608320 0.448080
vt 0.590631 0.448259
vt 0.591076 0.468831
vt 0.564378 0.467523
vt 0.561316 0.447957
vt 0.565368 0.491666
vt 0.539783 0.494592
vt 0.543840 0.519068
vt 0.522552 0.522157
vt 0.518519 0.499658
vt 0.522960 0.548753
vt 0.506149 0.542590
vt 0.502358 0.527183
vt 0.888223 0.296642
vt 0.871341 0.288185
vt 0.880073 0.271582
vt 0.895011 0.280887
vt 0.854021 0.279592
vt 0.862831 0.263736
vt 0.844942 0.295193
vt 0.827571 0.285826
vt 0.836991 0.270915
vt 0.835191 0.310290
vt 0.817774 0.300242
vt 0.824554 0.324963
vt 0.806898 0.314723
vt 0.813590 0.338548
vt 0.796751 0.327003
vt 0.780416 0.314742
vt 0.789593 0.303935
vt 0.788227 0.335797
vt 0.773237 0.322293
vt 0.803603 0.349761
vt 0.766179 0.328290
vt 0.758795 0.309775
vt 0.764805 0.302645
vt 0.752275 0.316665
vt 0.744025 0.296260
vt 0.749922 0.289690
vt 0.738757 0.301205
vt 0.731492 0.281713
vt 0.737251 0.275461
vt 0.726981 0.287060
vt 0.713127 0.271033
vt 0.718072 0.266297
vt 0.722018 0.291287
vt 0.708796 0.276169
vt 0.732637 0.302261
vt 0.700863 0.258902
vt 0.705271 0.254053
vt 0.690371 0.249090
vt 0.693221 0.244002
vt 0.680146 0.241641
vt 0.682600 0.236068
vt 0.670641 0.237141
vt 0.673133 0.231630
vt 0.661645 0.234650
vt 0.663557 0.229000
vt 0.653368 0.231743
vt 0.655820 0.226684
vt 0.647372 0.222928
vt 0.638963 0.219116
vt 0.640451 0.210255
vt 0.649392 0.215122
vt 0.657025 0.217616
vt 0.648068 0.197123
vt 0.657155 0.200055
vt 0.639292 0.193332
vt 0.639780 0.171674
vt 0.646426 0.175113
vt 0.656833 0.178946
vt 0.650672 0.157689
vt 0.658555 0.162747
vt 0.669215 0.185128
vt 0.672245 0.170659
vt 0.663290 0.150337
vt 0.677183 0.159759
vt 0.686500 0.180387
vt 0.692873 0.170469
vt 0.682431 0.149403
vt 0.698735 0.160239
vt 0.708800 0.180647
vt 0.701133 0.190893
vt 0.715826 0.170441
vt 0.704633 0.149888
vt 0.722117 0.160127
vt 0.733704 0.181271
vt 0.726616 0.192053
vt 0.740469 0.170645
vt 0.728283 0.149718
vt 0.746851 0.160173
vt 0.758805 0.182214
vt 0.751599 0.192953
vt 0.765533 0.171515
vt 0.752993 0.149551
vt 0.771881 0.160569
vt 0.783715 0.183313
vt 0.776401 0.194822
vt 0.790172 0.171763
vt 0.777794 0.149758
vt 0.796438 0.160881
vt 0.808067 0.181535
vt 0.800960 0.193903
vt 0.814522 0.170050
vt 0.070948 0.447870
vt 0.084401 0.446781
vt 0.089477 0.470731
vt 0.075611 0.472005
vt 0.831786 0.178048
vt 0.824678 0.189907
vt 0.093776 0.494459
vt 0.079214 0.495267
vt 0.104140 0.469148
vt 0.109062 0.493737
vt 0.096025 0.519263
vt 0.080902 0.518876
vt 0.112201 0.518912
vt 0.126442 0.491663
vt 0.130841 0.517525
vt 0.114053 0.544142
vt 0.097348 0.544047
vt 0.134128 0.543085
vt 0.151142 0.513397
vt 0.157109 0.537234
vt 0.132954 0.560611
vt 0.115019 0.565948
vt 0.953066 0.180993
vt 0.948879 0.161151
vt 0.965284 0.163085
vt 0.968464 0.179425
vt 0.941152 0.182322
vt 0.936722 0.158861
vt 0.947247 0.149135
vt 0.963229 0.153043
vt 0.934284 0.143892
vt 0.925364 0.159253
vt 0.921235 0.140319
vt 0.933540 0.134320
vt 0.945686 0.140781
vt 0.920301 0.129468
vt 0.908058 0.139408
vt 0.905708 0.126428
vt 0.920434 0.122410
vt 0.905129 0.119134
vt 0.887148 0.125885
vt 0.885883 0.117155
vt 0.905203 0.111638
vt 0.921335 0.116471
vt 0.884779 0.108289
vt 0.864583 0.117988
vt 0.864253 0.106859
vt 0.885197 0.097963
vt 0.905517 0.104776
vt 0.482461 0.437771
vt 0.867525 0.129787
vt 0.876541 0.149935
vt 0.863619 0.162900
vt 0.892362 0.142833
vt 0.902414 0.167922
vt 0.889786 0.178157
vt 0.914113 0.162286
vt 0.920839 0.189195
vt 0.910960 0.195140
vt 0.931709 0.184775
vt 0.936513 0.212857
vt 0.927734 0.218669
vt 0.175075 0.533315
vt 0.171008 0.508380
vt 0.184339 0.504821
vt 0.189123 0.529924
vt 0.163467 0.484131
vt 0.178102 0.479564
vt 0.145767 0.488155
vt 0.139977 0.463852
vt 0.156322 0.460101
vt 0.121409 0.466937
vt 0.116098 0.443682
vt 0.133457 0.440804
vt 0.099196 0.445511
vt 0.095492 0.421120
vt 0.111522 0.419907
vt 0.080890 0.421459
vt 0.078719 0.395382
vt 0.093312 0.394900
vt 0.067233 0.422134
vt 0.064720 0.395862
vt 0.063056 0.369529
vt 0.077640 0.368807
vt 0.734095 0.139361
vt 0.739669 0.128631
vt 0.758857 0.138668
vt 0.715716 0.129536
vt 0.720932 0.118897
vt 0.710327 0.139669
vt 0.693359 0.129649
vt 0.698522 0.119618
vt 0.687950 0.139450
vt 0.672791 0.130570
vt 0.677409 0.121201
vt 0.667706 0.139798
vt 0.658294 0.133330
vt 0.660357 0.123790
vt 0.655556 0.144322
vt 0.647093 0.139806
vt 0.649521 0.129023
vt 0.643646 0.153531
vt 0.637077 0.149714
vt 0.638673 0.135103
vt 0.629069 0.144029
vt 0.631261 0.129884
vt 0.621524 0.138578
vt 0.625410 0.125563
vt 0.615374 0.132903
vt 0.619998 0.122039
vt 0.609909 0.127914
vt 0.616141 0.116885
vt 0.598632 0.133407
vt 0.605538 0.122392
vt 0.614519 0.111593
vt 0.603416 0.115435
vt 0.623516 0.103783
vt 0.631617 0.101280
vt 0.638150 0.100718
vt 0.636934 0.109196
vt 0.644957 0.102971
vt 0.643165 0.113778
vt 0.644316 0.093653
vt 0.642432 0.082611
vt 0.658860 0.101455
vt 0.655065 0.110076
vt 0.660813 0.093556
vt 0.091573 0.958113
vt 0.077023 0.965168
vt 0.672169 0.096015
vt 0.667876 0.105854
vt 0.097353 0.964886
vt 0.079265 0.969061
vt 0.100625 0.945891
vt 0.106871 0.948220
vt 0.081021 0.975387
vt 0.068747 0.976109
vt 0.086964 0.281354
vt 0.088603 0.295367
vt 0.075258 0.296883
vt 0.074935 0.280728
vt 0.098628 0.282112
vt 0.101187 0.295728
vt 0.091593 0.316269
vt 0.076587 0.318037
vt 0.104277 0.316051
vt 0.112954 0.296561
vt 0.116237 0.319035
vt 0.104105 0.340569
vt 0.092390 0.340784
vt 0.115341 0.342166
vt 0.126834 0.320136
vt 0.125908 0.345020
vt 0.116230 0.367273
vt 0.105039 0.367394
vt 0.127229 0.368018
vt 0.137250 0.344341
vt 0.138493 0.369030
vt 0.132774 0.391726
vt 0.120963 0.392774
vt 0.144006 0.390516
vt 0.242391 0.939029
vt 0.244688 0.934122
vt 0.263221 0.944026
vt 0.261444 0.950684
vt 0.152315 0.411137
vt 0.139625 0.414706
vt 0.287627 0.951087
vt 0.284435 0.956425
vt 0.264257 0.938457
vt 0.288608 0.946894
vt 0.175348 0.429886
vt 0.162466 0.433296
vt 0.166302 0.410982
vt 0.313993 0.957532
vt 0.311243 0.960914
vt 0.291438 0.944028
vt 0.315728 0.955190
vt 0.196270 0.449150
vt 0.185793 0.452042
vt 0.186859 0.430083
vt 0.342109 0.966441
vt 0.340778 0.969406
vt 0.318006 0.953575
vt 0.343711 0.965213
vt 0.212753 0.467726
vt 0.204029 0.470970
vt 0.206530 0.449664
vt 0.726519 0.311351
vt 0.737683 0.324107
vt 0.734173 0.326945
vt 0.721316 0.313698
vt 0.739773 0.319791
vt 0.750572 0.338044
vt 0.746859 0.343690
vt 0.755446 0.331718
vt 0.765207 0.355614
vt 0.759591 0.362913
vt 0.779559 0.373802
vt 0.771745 0.381761
vt 0.248169 0.499229
vt 0.210909 0.494394
vt 0.223004 0.489306
vt 0.248221 0.498302
vt 0.901517 0.201819
vt 0.198555 0.498613
vt 0.192920 0.474486
vt 0.921964 0.222980
vt 0.171373 0.456162
vt 0.148254 0.437174
vt 0.126841 0.417405
vt 0.108112 0.393821
vt 0.092050 0.368303
vt 0.077733 0.342186
vt 0.062663 0.343626
vt 0.062590 0.319488
vt 0.062240 0.297574
vt 0.681981 0.111482
vt 0.686372 0.101399
vt 0.703485 0.109346
vt 0.663869 0.114606
vt 0.652514 0.119226
vt 0.640641 0.123210
vt 0.633665 0.118157
vt 0.294193 0.940726
vt 0.304925 0.944032
vt 0.318759 0.952544
vt 0.713879 0.296341
vt 0.269960 0.936022
vt 0.250633 0.927065
vt 0.247767 0.930471
vt 0.231490 0.922240
vt 0.234295 0.919233
vt 0.217995 0.914573
vt 0.220962 0.911702
vt 0.206368 0.907155
vt 0.210939 0.905298
vt 0.215842 0.903808
vt 0.225500 0.910333
vt 0.230733 0.909194
vt 0.124210 0.297702
vt 0.133556 0.298526
vt 0.135992 0.320242
vt 0.148327 0.915083
vt 0.157282 0.903086
vt 0.168545 0.908090
vt 0.158346 0.917629
vt 0.110630 0.283245
vt 0.122593 0.284067
vt 0.128449 0.923653
vt 0.134430 0.926227
vt 0.120738 0.936550
vt 0.113694 0.934252
vt 0.107405 0.931066
vt 0.120653 0.920118
vt 0.093459 0.942509
vt 0.099240 0.929430
vt 0.111882 0.917110
vt 0.164896 0.892561
vt 0.173657 0.898794
vt 0.170886 0.885923
vt 0.178670 0.892461
vt 0.186527 0.899276
vt 0.188620 0.893499
vt 0.163590 0.879467
vt 0.157521 0.874530
vt 0.161885 0.869017
vt 0.149171 0.859250
vt 0.152638 0.851323
vt 0.137316 0.838438
vt 0.141222 0.833811
vt 0.132984 0.840178
vt 0.127971 0.815811
vt 0.131601 0.813601
vt 0.128861 0.841820
vt 0.124224 0.815330
vt 0.120214 0.814623
vt 0.118714 0.789134
vt 0.121582 0.791210
vt 0.116921 0.813497
vt 0.115174 0.787295
vt 0.115515 0.772036
vt 0.118545 0.775094
vt 0.116734 0.762636
vt 0.122151 0.767016
vt 0.111156 0.759743
vt 0.090888 0.775107
vt 0.120895 0.748506
vt 0.123218 0.756930
vt 0.521408 0.180685
vt 0.510749 0.187180
vt 0.125901 0.762537
vt 0.129792 0.756047
vt 0.133317 0.764635
vt 0.132558 0.750868
vt 0.136072 0.758813
vt 0.138091 0.761158
vt 0.135855 0.749648
vt 0.143117 0.769864
vt 0.136054 0.770853
vt 0.557715 0.195841
vt 0.559562 0.198491
vt 0.549823 0.201206
vt 0.548620 0.199868
vt 0.568694 0.193567
vt 0.570640 0.197159
vt 0.581028 0.189946
vt 0.585330 0.193124
vt 0.577485 0.185811
vt 0.590417 0.179735
vt 0.594491 0.183979
vt 0.586316 0.176281
vt 0.581058 0.173277
vt 0.596155 0.169556
vt 0.600531 0.173315
vt 0.591029 0.165927
vt 0.575148 0.169441
vt 0.586024 0.163188
vt 0.595375 0.157470
vt 0.589302 0.154126
vt 0.580355 0.159102
vt 0.583284 0.151053
vt 0.592526 0.144791
vt 0.588414 0.139483
vt 0.594527 0.127719
vt 0.593694 0.120015
vt 0.603912 0.106577
vt 0.604278 0.098984
vt 0.603404 0.092404
vt 0.615868 0.085365
vt 0.570370 0.165457
vt 0.565580 0.161107
vt 0.556684 0.170917
vt 0.551711 0.165794
vt 0.090744 0.804780
vt 0.102138 0.836653
vt 0.094259 0.829479
vt 0.539622 0.175433
vt 0.108284 0.840396
vt 0.106523 0.862216
vt 0.100992 0.858329
vt 0.560601 0.156761
vt 0.598394 0.188757
vt 0.601783 0.195153
vt 0.586742 0.197303
vt 0.603285 0.202639
vt 0.587884 0.202047
vt 0.614979 0.205073
vt 0.614743 0.210609
vt 0.605304 0.209336
vt 0.623700 0.210222
vt 0.618355 0.213104
vt 0.187103 0.868074
vt 0.181322 0.863351
vt 0.630747 0.214645
vt 0.193507 0.876677
vt 0.165710 0.862745
vt 0.159780 0.850540
vt 0.166756 0.847932
vt 0.169648 0.859704
vt 0.148184 0.834584
vt 0.153771 0.830909
vt 0.140719 0.813779
vt 0.146433 0.810783
vt 0.135895 0.813642
vt 0.137628 0.795087
vt 0.134714 0.783884
vt 0.131678 0.775716
vt 0.125150 0.772122
vt 0.129862 0.769153
vt 0.122213 0.778383
vt 0.151276 0.805987
vt 0.158527 0.819682
vt 0.155803 0.802912
vt 0.573177 0.201882
vt 0.575273 0.206012
vt 0.560993 0.201614
vt 0.590616 0.207719
vt 0.549222 0.202686
vt 0.879601 0.185273
vt 0.960626 0.145254
vt 0.959464 0.140098
vt 0.973837 0.141348
vt 0.977079 0.145603
vt 0.956136 0.133501
vt 0.972769 0.137598
vt 0.098512 0.607563
vt 0.094409 0.598520
vt 0.108803 0.590406
vt 0.109474 0.597587
vt 0.112240 0.604194
vt 0.099938 0.613551
vt 0.479626 0.440222
vt 0.113664 0.610639
vt 0.099859 0.616986
vt 0.074763 0.608585
vt 0.079763 0.587219
vt 0.096232 0.584515
vt 0.905232 0.223894
vt 0.889193 0.218692
vt 0.898335 0.203921
vt 0.911723 0.207298
vt 0.067684 0.627395
vt 0.896091 0.240625
vt 0.879458 0.233562
vt 0.499059 0.506841
vt 0.495053 0.485426
vt 0.888263 0.255743
vt 0.871187 0.248488
vt 0.854426 0.240999
vt 0.863465 0.226046
vt 0.846146 0.255953
vt 0.829583 0.247890
vt 0.838479 0.233198
vt 0.820893 0.261882
vt 0.805061 0.252357
vt 0.814098 0.239112
vt 0.811103 0.275870
vt 0.795311 0.265380
vt 0.800741 0.289719
vt 0.784613 0.278589
vt 0.772995 0.292604
vt 0.758177 0.280481
vt 0.769950 0.266882
vt 0.744906 0.267399
vt 0.756055 0.254295
vt 0.731222 0.253257
vt 0.741540 0.241284
vt 0.724011 0.260732
vt 0.710168 0.248598
vt 0.716855 0.240267
vt 0.696643 0.237871
vt 0.701733 0.228612
vt 0.710129 0.215641
vt 0.726437 0.228102
vt 0.718812 0.203250
vt 0.735570 0.215522
vt 0.751469 0.228084
vt 0.743855 0.203871
vt 0.760182 0.216604
vt 0.766449 0.241293
vt 0.775716 0.229520
vt 0.768432 0.205617
vt 0.784428 0.218386
vt 0.790368 0.241780
vt 0.780932 0.253854
vt 0.799387 0.229507
vt 0.792766 0.206347
vt 0.808190 0.216639
vt 0.823309 0.225159
vt 0.816763 0.202841
vt 0.832274 0.210906
vt 0.848066 0.218435
vt 0.840794 0.197553
vt 0.857181 0.204826
vt 0.873522 0.211935
vt 0.865730 0.192802
vt 0.882835 0.198790
vt 0.081112 0.542881
vt 0.848595 0.185836
vt 0.098018 0.566732
vt 0.080623 0.566322
vt 0.112304 0.580978
vt 0.980716 0.163792
vt 0.978465 0.152372
vt 0.636934 0.514261
vt 0.712910 0.808738
vt 0.687971 0.785868
vt 0.706778 0.786096
vt 0.673790 0.785300
vt 0.683204 0.763513
vt 0.701874 0.763659
vt 0.695202 0.744165
vt 0.725766 0.763483
vt 0.666236 0.784855
vt 0.661107 0.784260
vt 0.086867 0.834647
vt 0.947423 0.464897
vt 0.926658 0.481853
vt 0.050552 0.844935
vt 0.044051 0.842246
vt 0.050088 0.840237
vt 0.085727 0.782992
vt 0.087081 0.787515
vt 0.047834 0.848298
vt 0.086199 0.776387
vt 0.090520 0.769351
vt 0.324782 0.087204
vt 0.336671 0.089086
vt 0.348226 0.089279
vt 0.142842 0.104116
vt 0.134563 0.095316
vt 0.138961 0.090300
vt 0.144483 0.095260
vt 0.132402 0.104529
vt 0.126922 0.098379
vt 0.131199 0.087345
vt 0.122791 0.090718
vt 0.118828 0.100050
vt 0.116454 0.092509
vt 0.110062 0.086523
vt 0.103503 0.079633
vt 0.092051 0.076294
vt 0.123204 0.105091
vt 0.153347 0.115883
vt 0.985807 0.975227
vt 0.965278 0.940698
vt 0.968591 0.940329
vt 0.954658 0.921754
vt 0.956871 0.917786
vt 0.945900 0.908358
vt 0.950024 0.903812
vt 0.815440 0.063318
vt 0.804388 0.060329
vt 0.806901 0.052662
vt 0.817871 0.056265
vt 0.837988 0.063724
vt 0.807721 0.076742
vt 0.796382 0.072268
vt 0.787073 0.089979
vt 0.777996 0.107253
vt 0.771043 0.099560
vt 0.778483 0.086211
vt 0.789810 0.068069
vt 0.771872 0.084272
vt 0.785130 0.066248
vt 0.798523 0.057988
vt 0.952791 0.901414
vt 0.959083 0.915924
vt 0.800863 0.050697
vt 0.759712 0.100752
vt 0.765091 0.112699
vt 0.750708 0.114700
vt 0.752730 0.110041
vt 0.773882 0.124303
vt 0.508827 0.734935
vt 0.528798 0.744440
vt 0.741510 0.314153
vt 0.643869 0.235462
vt 0.639791 0.233392
vt 0.119054 0.885823
vt 0.132230 0.127552
vt 0.130871 0.131356
vt 0.233220 0.908763
vt 0.897272 0.738275
vt 0.709959 0.282693
vt 0.279953 0.927380
vt 0.300389 0.937519
vt 0.501234 0.721087
vt 0.491291 0.737668
vt 0.486854 0.727803
vt 0.611187 0.980902
vt 0.611254 0.980818
vt 0.611329 0.980831
vt 0.617046 0.979003
vt 0.617044 0.978330
vt 0.617582 0.978473
vt 0.614105 0.979003
vt 0.614104 0.978330
vt 0.614642 0.978473
vt 0.468454 0.429585
vt 0.065254 0.055167
vt 0.124718 0.181186
vt 0.611295 0.980898
vt 0.617724 0.979008
vt 0.614783 0.979008
vt 0.959301 0.017515
vt 0.867130 0.760194
vt 0.611723 0.978354
vt 0.611789 0.978390
vt 0.611789 0.978497
vt 0.623067 0.979447
vt 0.623604 0.979303
vt 0.623604 0.979976
vt 0.620126 0.978474
vt 0.620663 0.978329
vt 0.620663 0.979003
vt 0.974090 0.133696
vt 0.611707 0.978428
vt 0.622926 0.979982
vt 0.619986 0.979009
s 1
f 1/1/1 2/2/2 3/3/3 4/4/4
f 1/1/1 4/4/4 5/5/5 6/6/6
f 7/7/7 8/8/8 9/9/9 10/10/10
f 11/11/11 12/12/12 13/13/13 14/14/14
f 15/15/15 16/16/16 17/17/17 18/18/18
f 19/19/19 20/20/20 21/21/21 22/22/22
f 19/19/19 22/22/22 23/23/23 24/24/24
f 25/25/25 26/26/26 27/27/27 28/28/28
f 25/25/25 29/29/29 30/30/30 26/26/26
f 28/28/28 31/31/31 29/29/29 25/25/25
f 32/32/32 33/33/33 34/34/34 35/35/35
f 32/32/32 36/36/36 37/37/37 38/38/38
f 32/32/32 35/35/35 39/39/39 40/40/40
f 41/41/41 42/42/42 43/43/43 44/44/44
f 45/45/45 46/46/46 47/47/47 48/48/48
f 45/45/45 49/49/49 50/50/50 46/46/46
f 45/45/45 51/51/51 52/52/52 49/49/49
f 45/45/45 53/53/53 54/54/54 51/51/51
f 45/45/45 48/48/48 55/55/55 53/53/53
f 35/35/35 34/34/34 56/56/56 57/57/57
f 35/35/35 57/57/57 58/58/58 59/59/59
f 35/35/35 59/59/59 60/60/60 39/39/39
f 61/61/61 62/62/62 63/63/63 58/58/58
f 64/64/64 65/65/65 62/62/62 61/61/61
f 58/58/58 66/66/66 64/64/64 61/61/61
f 58/58/58 63/63/63 67/67/67 59/59/59
f 66/66/66 58/58/58 68/68/68 69/69/69
f 40/40/40 70/70/70 71/71/71 72/72/72
f 40/40/40 73/73/73 74/74/74 70/70/70
f 62/62/62 65/65/65 75/75/75 63/63/63
f 67/67/67 63/63/63 75/75/75 73/73/73
f 73/73/73 75/75/75 76/76/76 74/74/74
f 77/77/77 78/78/78 79/79/79 80/80/80
f 81/81/81 79/79/79 78/78/78 82/82/82
f 81/81/81 83/83/83 84/84/84 79/79/79
f 81/81/81 82/82/82 85/85/85 86/86/86
f 87/87/87 88/88/88 89/89/89 90/90/90
f 87/87/87 54/54/54 53/53/53 88/88/88
f 87/87/87 90/90/90 85/85/85 54/54/54
f 91/91/91 92/92/92 93/93/93 94/94/94
f 91/91/91 94/94/94 95/95/95 96/96/96
f 91/91/91 96/96/96 97/97/97 92/92/92
f 98/98/98 99/99/99 100/100/100 101/101/101
f 103/102/102 104/103/103 98/104/98 102/105/104
f 105/106/105 106/107/106 107/108/107 108/109/108
f 105/106/105 108/109/108 109/110/109 110/111/110
f 105/106/105 110/111/110 111/112/111 106/107/106
f 112/113/112 113/114/113 114/115/114 115/116/115
f 112/113/112 115/116/115 116/117/116 117/118/117
f 112/113/112 117/118/117 118/119/118 119/120/119
f 112/113/112 119/120/119 120/121/120 113/114/113
f 121/122/121 122/123/122 123/124/123 124/125/124
f 121/122/121 125/126/125 126/127/126 122/123/122
f 121/122/121 124/125/124 127/128/127 125/126/125
f 128/129/128 129/130/129 130/131/130 131/132/131
f 128/129/128 131/132/131 132/133/132 133/134/133
f 128/129/128 133/134/133 134/135/134 129/130/129
f 135/136/135 136/137/136 137/138/137 138/139/138
f 135/136/135 138/139/138 139/140/139 140/141/140
f 141/142/141 142/143/142 143/144/143 144/145/144
f 141/142/141 145/146/145 146/147/146 142/143/142
f 141/142/141 144/145/144 147/148/147 145/146/145
f 148/149/148 149/150/149 150/151/150 151/152/151
f 148/149/148 152/153/152 153/154/153 149/150/149
f 148/149/148 151/152/151 154/155/154 152/153/152
f 155/156/155 156/157/156 157/158/157 158/159/158
f 155/156/155 154/160/154 159/161/159 156/157/156
f 155/156/155 158/159/158 152/162/152 154/160/154
f 154/155/154 160/163/160 161/164/161 159/165/159
f 154/155/154 151/152/151 162/166/162 160/163/160
f 118/119/118 163/167/163 164/168/164 119/120/119
f 118/119/118 165/169/165 166/170/166 163/167/163
f 118/119/118 117/118/117 167/171/167 165/169/165
f 168/172/168 169/173/169 107/108/107 106/107/106
f 168/172/168 106/107/106 111/112/111 170/174/170
f 168/172/168 171/175/171 172/176/172 169/173/169
f 168/172/168 173/177/173 174/178/174 171/175/171
f 172/176/172 175/179/175 176/180/176 169/173/169
f 172/176/172 171/175/171 177/181/177 175/179/175
f 178/182/178 179/183/179 180/184/180 181/185/181
f 178/182/178 182/186/182 183/187/183 184/188/184
f 178/182/178 185/189/185 186/190/186 179/183/179
f 178/182/178 184/188/184 187/191/187 185/189/185
f 188/192/188 189/193/189 190/194/190 191/195/191
f 188/192/188 191/195/191 192/196/192 193/197/193
f 188/192/188 193/197/193 194/198/194 189/193/189
f 195/199/195 196/200/196 197/201/197 198/202/198
f 189/193/189 194/198/194 199/203/199 200/204/200
f 201/205/201 202/206/202 193/197/193 192/196/192
f 201/205/201 192/196/192 203/207/203 204/208/204
f 201/205/201 204/208/204 205/209/205 206/210/206
f 201/205/201 207/211/207 208/212/208 202/206/202
f 201/205/201 206/210/206 209/213/209 207/211/207
f 210/214/210 211/215/211 212/216/212 213/217/213
f 213/217/213 212/216/212 214/218/214 215/219/215
f 213/220/213 216/221/216 217/222/217 210/223/210
f 213/220/213 215/224/215 218/225/218 216/221/216
f 210/214/210 219/226/219 220/227/220 211/215/211
f 221/228/221 222/229/222 223/230/223 224/231/224
f 221/228/221 225/232/225 226/233/226 222/229/222
f 221/228/221 224/231/224 227/234/227 225/232/225
f 211/215/211 220/227/220 228/235/228 229/236/229
f 230/237/230 231/238/231 232/239/232 233/240/233
f 230/237/230 234/241/234 235/242/235 231/238/231
f 230/237/230 233/240/233 236/243/236 234/241/234
f 237/244/237 238/245/238 239/246/239 240/247/240
f 241/248/241 242/249/242 238/245/238 237/244/237
f 237/244/237 240/247/240 243/250/243 241/248/241
f 244/251/244 245/252/245 246/253/246 236/254/236
f 244/255/244 236/243/236 233/240/233 247/256/247
f 244/251/244 103/102/102 248/257/248 245/252/245
f 103/102/102 102/105/104 249/258/249 248/257/248
f 250/259/250 251/260/251 252/261/252 253/262/253
f 250/259/250 254/263/254 255/264/255 256/265/256
f 250/259/250 253/262/253 257/266/257 254/263/254
f 101/101/101 100/100/100 258/267/258 259/268/259
f 101/269/101 259/270/259 260/271/260 261/272/261
f 265/273/262 262/274/263 264/275/264 268/276/265
f 276/277/266 277/278/267 278/279/268 279/280/269
f 277/278/267 276/277/266 280/281/270 281/282/271
f 277/278/267 282/283/272 283/284/273 278/279/268
f 284/285/274 285/286/275 286/287/276 287/288/277
f 285/289/275 288/290/278 289/291/279 286/292/276
f 285/286/275 284/285/274 290/293/280 291/294/281
f 292/295/282 293/296/283 294/297/284 290/293/280
f 295/298/285 296/299/286 297/300/287 298/301/288
f 299/302/289 300/303/290 296/299/286 295/298/285
f 295/298/285 298/301/288 301/304/291 299/302/289
f 302/305/292 303/306/293 304/307/294 305/308/295
f 302/305/292 305/308/295 306/309/296 307/310/297
f 302/305/292 307/310/297 308/311/298 309/312/299
f 302/305/292 309/312/299 310/313/300 311/314/301
f 302/305/292 311/314/301 312/315/302 303/306/293
f 313/316/303 314/317/304 17/17/17 315/318/305
f 313/316/303 316/319/306 317/320/307 314/317/304
f 313/316/303 315/318/305 318/321/308 316/319/306
f 319/322/309 320/323/310 321/324/311 322/325/312
f 319/322/309 322/325/312 323/326/313 324/327/314
f 319/322/309 324/327/314 325/328/315 320/323/310
f 324/327/314 323/326/313 326/329/316 325/328/315
f 317/320/307 327/330/317 328/331/318 314/317/304
f 317/320/307 329/332/319 330/333/320 327/330/317
f 317/320/307 316/319/306 331/334/321 332/335/322
f 317/320/307 332/335/322 333/336/323 329/332/319
f 334/337/324 318/321/308 335/338/325 336/339/15
f 334/337/324 331/334/321 316/319/306 318/321/308
f 334/337/324 336/339/15 6/6/6 5/5/5
f 331/334/321 334/337/324 337/340/326 332/335/322
f 338/341/327 339/342/328 340/343/329 341/344/330
f 338/341/327 341/344/330 342/345/331 343/346/332
f 338/341/327 344/347/333 345/348/334 339/342/328
f 346/349/335 347/350/336 348/351/337 349/352/338
f 344/347/333 338/341/327 343/346/332 350/353/339
f 344/347/333 350/353/339 351/354/340 345/348/334
f 5/5/5 352/355/341 337/340/326 334/337/324
f 5/5/5 4/4/4 353/356/342 352/355/341
f 349/352/338 348/351/337 354/357/343 355/358/344
f 349/352/338 355/358/344 356/359/345 357/360/346
f 350/353/339 358/361/347 359/362/348 360/363/349
f 350/353/339 343/346/332 361/364/350 358/361/347
f 361/364/350 343/346/332 342/345/331 362/365/351
f 361/364/350 362/365/351 363/366/352 358/361/347
f 350/353/339 364/367/353 365/368/354 351/354/340
f 350/353/339 360/363/349 366/369/355 364/367/353
f 364/367/353 367/370/356 368/371/357 365/368/354
f 364/367/353 366/369/355 369/372/358 370/373/359
f 364/374/353 370/375/359 371/376/360 367/377/356
f 366/369/355 360/363/349 372/378/361 369/372/358
f 373/379/362 374/380/363 375/381/364 376/382/365
f 373/379/362 376/382/365 377/383/366 378/384/367
f 373/385/362 379/386/368 380/387/369 374/388/363
f 379/386/368 381/389/370 382/390/371 380/387/369
f 379/386/368 373/385/362 383/391/372 381/389/370
f 371/376/360 384/392/373 377/393/366 367/377/356
f 371/376/360 370/375/359 385/394/374 384/392/373
f 381/389/370 386/395/375 387/396/376 382/390/371
f 383/397/372 388/398/377 389/399/378 390/400/379
f 383/397/372 373/401/362 378/402/367 388/398/377
f 386/395/375 391/403/380 392/404/381 387/396/376
f 386/395/375 390/405/379 393/406/382 391/403/380
f 394/407/383 385/394/374 370/375/359 369/408/358
f 394/409/383 369/372/358 372/378/361 395/410/384
f 394/407/383 396/411/385 397/412/386 385/394/374
f 31/31/31 28/28/28 398/413/387 399/414/388
f 31/31/31 399/414/388 400/415/389 29/29/29
f 89/89/89 88/88/88 401/416/390 402/417/391
f 89/89/89 402/417/391 403/418/392 404/419/393
f 89/89/89 405/420/394 406/421/395 90/90/90
f 89/89/89 404/419/393 407/422/396 405/420/394
f 28/28/28 27/27/27 408/423/397 409/424/398
f 410/425/399 411/426/400 389/399/378 388/398/377
f 410/425/399 388/398/377 378/402/367 412/427/401
f 410/425/399 412/427/401 397/412/386 411/426/400
f 413/428/402 26/26/26 30/30/30 414/429/403
f 413/428/402 415/430/404 416/431/405 408/423/397
f 413/428/402 408/423/397 27/27/27 26/26/26
f 417/432/406 418/433/407 419/434/408 420/435/409
f 417/436/406 421/437/410 422/438/411 418/439/407
f 417/432/406 420/435/409 423/440/412 424/441/413
f 417/436/406 425/442/414 426/443/415 421/437/410
f 417/436/406 424/444/413 427/445/416 425/442/414
f 428/446/417 429/447/418 430/448/419 431/449/420
f 428/446/417 432/450/421 433/451/422 429/447/418
f 428/446/417 431/449/420 434/452/423 21/21/21
f 428/446/417 435/453/424 436/454/425 432/450/421
f 428/446/417 21/21/21 20/20/20 435/453/424
f 437/455/426 438/456/427 439/457/428 440/458/429
f 437/455/426 440/458/429 441/459/430 442/460/431
f 437/455/426 442/460/431 443/461/432 438/456/427
f 399/414/388 398/413/387 444/462/433 400/415/389
f 400/415/389 445/463/434 30/30/30 29/29/29
f 409/424/398 408/423/397 416/431/405 446/464/435
f 434/452/423 431/449/420 447/465/436 448/466/437
f 434/452/423 448/466/437 22/22/22 21/21/21
f 398/413/387 449/467/438 450/468/439 444/462/433
f 451/469/440 452/470/441 441/459/430 453/471/442
f 451/469/440 454/472/443 455/473/444 452/470/441
f 451/469/440 453/471/442 456/474/445 457/475/446
f 451/469/440 457/475/446 450/468/439 458/476/447
f 451/469/440 458/476/447 459/477/448 454/472/443
f 23/23/23 22/22/22 448/466/437 460/478/449
f 23/23/23 460/478/449 461/479/450 462/480/451
f 463/481/452 464/482/453 465/483/454 466/484/455
f 463/481/452 447/485/436 467/486/456 464/482/453
f 463/481/452 460/487/449 448/488/437 447/485/436
f 463/481/452 468/489/457 469/490/458 460/487/449
f 463/481/452 466/484/455 470/491/459 468/489/457
f 464/492/453 467/493/456 471/494/460 472/495/461
f 464/492/453 472/495/461 473/496/462 474/497/463
f 464/482/453 474/498/463 475/499/464 465/483/454
f 476/500/465 477/501/466 478/502/467 479/503/468
f 476/500/465 480/504/469 481/505/470 477/501/466
f 482/506/471 483/507/472 484/508/473 485/509/474
f 484/508/473 483/507/472 475/499/464 474/498/463
f 484/510/473 474/497/463 473/496/462 485/511/474
f 486/512/475 487/513/476 483/507/472 482/506/471
f 486/512/475 482/506/471 485/509/474 488/514/477
f 486/512/475 488/514/477 489/515/478 487/513/476
f 490/516/479 491/517/480 492/518/481 493/519/482
f 490/516/479 494/520/483 495/521/484 491/517/480
f 490/516/479 493/519/482 496/522/485 497/523/486
f 490/516/479 497/523/486 498/524/487 499/525/488
f 490/516/479 499/525/488 500/526/489 494/520/483
f 501/527/490 470/491/459 477/501/466 481/505/470
f 501/527/490 481/505/470 502/528/491 489/515/478
f 501/527/490 489/515/478 488/514/477 503/529/492
f 501/530/490 503/531/492 504/532/493 505/533/494
f 501/527/490 505/534/494 468/489/457 470/491/459
f 506/535/495 507/536/496 508/537/497 509/538/498
f 468/489/457 505/534/494 507/536/496 506/535/495
f 506/535/495 509/538/498 469/490/458 468/489/457
f 510/539/499 511/540/500 512/541/501 513/542/502
f 510/543/499 514/544/503 515/545/504 516/546/505
f 510/543/499 513/547/502 517/548/506 514/544/503
f 510/543/499 516/546/505 518/549/507 519/550/508
f 510/543/499 519/550/508 520/551/509 511/552/500
f 521/553/510 522/554/511 523/555/512 524/556/513
f 521/553/510 524/556/513 525/557/514 526/558/515
f 521/559/510 527/560/516 528/561/517 522/562/511
f 521/559/510 529/563/518 530/564/519 527/560/516
f 521/553/510 526/558/515 531/565/520 529/566/518
f 532/567/521 533/568/522 534/569/523 535/570/524
f 532/567/521 535/570/524 536/571/525 537/572/526
f 532/567/521 537/572/526 538/573/527 533/568/522
f 539/574/528 540/575/529 498/524/487 541/576/530
f 539/574/528 541/576/530 542/577/531 543/578/532
f 534/569/523 540/575/529 539/574/528 543/578/532
f 534/569/523 543/578/532 542/577/531 535/570/524
f 542/577/531 544/579/533 536/571/525 535/570/524
f 545/580/534 546/581/535 547/582/536 548/583/537
f 549/584/538 550/585/539 546/581/535 545/580/534
f 545/580/534 548/583/537 551/586/540 549/584/538
f 552/587/541 553/588/542 554/589/543 555/590/544
f 552/587/541 556/591/545 557/592/546 553/588/542
f 558/593/547 559/594/548 554/589/543 553/588/542
f 558/593/547 553/588/542 557/592/546 560/595/549
f 558/593/547 560/595/549 561/596/550 559/594/548
f 562/597/551 557/592/546 556/591/545 563/598/552
f 562/597/551 564/599/553 560/595/549 557/592/546
f 562/597/551 563/598/552 565/600/554 564/599/553
f 564/599/553 565/600/554 561/596/550 560/595/549
f 566/601/555 567/602/556 568/603/557 569/604/558
f 570/605/559 571/606/560 567/607/556 566/608/555
f 566/608/555 569/609/558 572/610/561 570/605/559
f 570/605/559 573/611/562 574/612/563 575/613/564
f 570/605/559 572/610/561 576/614/565 573/611/562
f 570/605/559 575/613/564 577/615/566 578/616/567
f 570/605/559 578/616/567 579/617/568 571/606/560
f 580/618/569 581/619/570 582/620/571 583/621/572
f 580/618/569 584/622/573 585/623/574 586/624/575
f 580/618/569 583/621/572 587/625/576 584/622/573
f 588/626/577 575/613/564 574/612/563 589/627/578
f 588/628/577 589/629/578 590/630/579 591/631/580
f 588/628/577 591/631/580 592/632/581 593/633/582
f 588/626/577 594/634/583 577/615/566 575/613/564
f 588/626/577 593/635/582 595/636/584 594/634/583
f 596/637/585 597/638/586 598/639/587 599/640/588
f 596/637/585 599/640/588 600/641/589 601/642/590
f 596/637/585 601/642/590 602/643/591 597/638/586
f 599/640/588 598/639/587 603/644/592 600/641/589
f 601/642/590 600/641/589 603/644/592 602/643/591
f 603/645/592 604/646/593 605/647/594 606/648/595
f 603/644/592 607/649/596 608/650/597 602/643/591
f 603/644/592 606/651/595 609/652/598 607/649/596
f 603/644/592 598/639/587 610/653/599 611/654/600
f 603/644/592 611/654/600 612/655/601 613/656/602
f 603/645/592 613/657/602 614/658/603 604/646/593
f 615/659/604 616/660/605 605/647/594 604/646/593
f 615/659/604 604/646/593 614/658/603 617/661/606
f 618/662/607 619/663/608 620/664/609 621/665/610
f 618/662/607 621/665/610 622/666/611 623/667/612
f 623/667/612 622/666/611 624/668/613 625/669/614
f 626/670/615 617/661/606 614/658/603 627/671/616
f 626/670/615 627/671/616 628/672/617 629/673/618
f 626/674/615 629/675/618 630/676/619 631/677/620
f 626/670/615 632/678/621 605/647/594 616/660/605
f 625/669/614 633/679/622 620/664/609 619/663/608
f 625/669/614 634/680/623 635/681/624 636/682/625
f 625/669/614 636/682/625 637/683/626 633/679/622
f 625/669/614 624/668/613 638/684/627 634/680/623
f 626/670/615 639/685/628 640/686/629 632/678/621
f 626/674/615 631/677/620 641/687/630 639/688/628
f 630/676/619 629/675/618 636/689/625 635/690/624
f 641/687/630 635/690/624 634/691/623 639/688/628
f 641/687/630 631/677/620 630/676/619 635/690/624
f 640/692/629 638/684/627 642/693/631 643/694/632
f 640/695/629 643/696/632 644/697/633 632/698/621
f 640/699/629 639/688/628 634/691/623 638/700/627
f 644/697/633 643/696/632 645/701/634 646/702/635
f 644/697/633 646/702/635 609/652/598 606/651/595
f 644/703/633 606/648/595 605/647/594 632/678/621
f 646/704/635 645/705/634 647/706/636 648/707/637
f 646/704/635 648/707/637 649/708/638 609/709/598
f 649/708/638 648/707/637 650/710/639 651/711/640
f 649/708/638 651/711/640 652/712/641 653/713/642
f 649/714/638 653/715/642 607/649/596 609/652/598
f 653/713/642 652/712/641 654/716/643 655/717/644
f 653/715/642 655/718/644 608/650/597 607/649/596
f 655/717/644 654/716/643 656/719/645 657/720/646
f 655/717/644 657/720/646 658/721/647 608/722/597
f 658/721/647 657/720/646 659/723/648 610/724/599
f 658/725/647 610/653/599 598/639/587 597/638/586
f 658/725/647 597/638/586 602/643/591 608/650/597
f 659/726/648 657/727/646 656/728/645 660/729/649
f 659/726/648 660/729/649 661/730/650 662/731/651
f 659/732/648 662/733/651 611/654/600 610/653/599
f 662/731/651 661/730/650 663/734/652 664/735/653
f 662/733/651 664/736/653 612/655/601 611/654/600
f 664/735/653 663/734/652 586/624/575 585/623/574
f 664/736/653 585/737/574 665/738/654 612/655/601
f 665/738/654 585/737/574 584/739/573 666/740/655
f 665/741/654 666/742/655 667/743/656 668/744/657
f 665/741/654 668/744/657 613/657/602 612/745/601
f 668/744/657 667/743/656 628/672/617 627/671/616
f 668/744/657 627/671/616 614/658/603 613/657/602
f 667/743/656 666/742/655 669/746/658 670/747/659
f 667/743/656 670/747/659 637/683/626 628/672/617
f 670/747/659 669/746/658 579/617/568 671/748/660
f 670/747/659 671/748/660 633/679/622 637/683/626
f 671/748/660 579/617/568 578/616/567 672/749/661
f 671/748/660 672/749/661 620/664/609 633/679/622
f 672/749/661 578/616/567 577/615/566 673/750/662
f 672/749/661 673/750/662 621/665/610 620/664/609
f 673/750/662 577/615/566 594/634/583 674/751/663
f 673/750/662 674/751/663 622/666/611 621/665/610
f 674/751/663 594/634/583 595/636/584 675/752/664
f 674/751/663 675/752/664 624/668/613 622/666/611
f 675/752/664 595/636/584 676/753/665 642/693/631
f 675/752/664 642/693/631 638/684/627 624/668/613
f 676/753/665 595/636/584 593/635/582 677/754/666
f 676/753/665 677/754/666 647/755/636 645/756/634
f 676/753/665 645/756/634 643/694/632 642/693/631
f 677/757/666 593/633/582 592/632/581 678/758/667
f 677/757/666 678/758/667 679/759/668 647/760/636
f 679/759/668 678/758/667 680/761/669 681/762/670
f 679/763/668 681/764/670 682/765/671 650/710/639
f 679/763/668 650/710/639 648/707/637 647/706/636
f 682/765/671 681/764/670 683/766/672 684/767/673
f 682/765/671 684/767/673 685/768/674 686/769/675
f 682/765/671 686/769/675 651/711/640 650/710/639
f 686/769/675 685/768/674 687/770/676 688/771/677
f 686/769/675 688/771/677 652/712/641 651/711/640
f 688/771/677 687/770/676 689/772/678 690/773/679
f 688/771/677 690/773/679 654/716/643 652/712/641
f 690/773/679 689/772/678 691/774/680 692/775/681
f 690/773/679 692/775/681 656/719/645 654/716/643
f 692/775/681 691/774/680 693/776/682 694/777/683
f 692/775/681 694/777/683 660/778/649 656/719/645
f 694/777/683 693/776/682 695/779/684 696/780/685
f 694/781/683 696/782/685 661/730/650 660/729/649
f 696/780/685 695/779/684 697/783/686 698/784/687
f 696/782/685 698/785/687 663/734/652 661/730/650
f 698/784/687 697/783/686 699/786/688 700/787/689
f 698/785/687 700/788/689 586/624/575 663/734/652
f 700/787/689 699/786/688 701/789/690 702/790/691
f 700/788/689 702/791/691 580/618/569 586/624/575
f 702/790/691 701/789/690 703/792/692 704/793/693
f 702/791/691 704/794/693 581/619/570 580/618/569
f 704/793/693 703/792/692 705/795/694 706/796/695
f 704/794/693 706/797/695 707/798/696 581/619/570
f 707/798/696 706/797/695 708/799/697 709/800/698
f 707/801/696 709/802/698 710/803/699 711/804/700
f 707/801/696 711/804/700 582/805/571 581/806/570
f 711/804/700 710/803/699 712/807/701 713/808/702
f 711/804/700 713/808/702 568/603/557 582/805/571
f 713/808/702 712/807/701 714/809/703 715/810/704
f 713/808/702 715/810/704 569/604/558 568/603/557
f 715/810/704 714/809/703 559/811/548 561/812/550
f 715/810/704 561/812/550 565/813/554 569/604/558
f 714/809/703 712/807/701 716/814/705 717/815/706
f 714/816/703 717/817/706 554/589/543 559/594/548
f 717/815/706 716/814/705 718/818/707 719/819/708
f 717/817/706 719/820/708 555/590/544 554/589/543
f 719/819/708 718/818/707 574/821/563 573/822/562
f 719/820/708 573/611/562 576/614/565 555/590/544
f 718/818/707 716/814/705 720/823/709 721/824/710
f 718/818/707 721/824/710 589/629/578 574/821/563
f 721/824/710 720/823/709 722/825/711 723/826/712
f 721/824/710 723/826/712 590/630/579 589/629/578
f 723/826/712 722/825/711 724/827/713 725/828/714
f 723/826/712 725/828/714 726/829/715 590/630/579
f 726/830/715 725/831/714 727/832/716 728/833/717
f 726/830/715 728/833/717 729/834/718 730/835/719
f 726/829/715 730/836/719 591/631/580 590/630/579
f 730/835/719 729/834/718 731/837/720 732/838/721
f 730/836/719 732/839/721 592/632/581 591/631/580
f 732/838/721 731/837/720 733/840/722 680/841/669
f 732/839/721 680/761/669 678/758/667 592/632/581
f 733/840/722 731/837/720 734/842/723 735/843/724
f 733/840/722 735/843/724 736/844/725 683/845/672
f 733/840/722 683/845/672 681/846/670 680/841/669
f 736/844/725 735/843/724 737/847/726 738/848/727
f 736/849/725 738/850/727 739/851/728 740/852/729
f 736/853/725 740/854/729 684/767/673 683/766/672
f 740/852/729 739/851/728 741/855/730 742/856/731
f 740/854/729 742/857/731 685/768/674 684/767/673
f 742/856/731 741/855/730 743/858/732 744/859/733
f 742/857/731 744/860/733 687/770/676 685/768/674
f 744/859/733 743/858/732 745/861/734 746/862/735
f 744/860/733 746/863/735 689/772/678 687/770/676
f 746/862/735 745/861/734 747/864/736 748/865/737
f 746/863/735 748/866/737 691/774/680 689/772/678
f 748/865/737 747/864/736 749/867/738 750/868/739
f 748/866/737 750/869/739 693/776/682 691/774/680
f 750/868/739 749/867/738 751/870/740 752/871/741
f 750/869/739 752/872/741 695/779/684 693/776/682
f 752/871/741 751/870/740 753/873/742 754/874/743
f 752/871/741 754/874/743 697/875/686 695/876/684
f 754/874/743 753/873/742 755/877/744 756/878/745
f 754/874/743 756/878/745 699/879/688 697/875/686
f 756/878/745 755/877/744 757/880/746 758/881/747
f 756/878/745 758/881/747 701/882/690 699/879/688
f 758/881/747 757/880/746 759/883/748 760/884/749
f 758/881/747 760/884/749 703/885/692 701/882/690
f 760/884/749 759/883/748 761/886/750 762/887/751
f 760/884/749 762/887/751 705/888/694 703/885/692
f 762/887/751 761/886/750 763/889/752 764/890/753
f 762/887/751 764/890/753 765/891/754 705/888/694
f 765/891/754 764/890/753 766/892/755 767/893/756
f 765/891/754 767/893/756 724/894/713 708/895/697
f 765/896/754 708/897/697 706/796/695 705/795/694
f 767/893/756 766/892/755 768/898/757 727/832/716
f 767/893/756 727/832/716 725/831/714 724/894/713
f 768/898/757 766/892/755 769/899/758 770/900/759
f 768/898/757 770/900/759 771/901/760 772/902/761
f 768/898/757 772/902/761 728/833/717 727/832/716
f 772/902/761 771/901/760 773/903/762 774/904/763
f 772/902/761 774/904/763 729/834/718 728/833/717
f 774/904/763 773/903/762 775/905/764 734/842/723
f 774/904/763 734/842/723 731/837/720 729/834/718
f 775/905/764 773/903/762 776/906/765 777/907/766
f 775/905/764 777/907/766 778/908/767 737/847/726
f 775/905/764 737/847/726 735/843/724 734/842/723
f 778/908/767 777/907/766 779/909/768 780/910/769
f 778/908/767 780/910/769 781/911/770 782/912/771
f 778/908/767 782/912/771 738/848/727 737/847/726
f 782/913/771 781/914/770 783/915/772 784/916/773
f 782/913/771 784/916/773 739/851/728 738/850/727
f 784/916/773 783/915/772 785/917/774 786/918/775
f 784/916/773 786/918/775 741/855/730 739/851/728
f 786/918/775 785/917/774 787/919/776 788/920/777
f 786/918/775 788/920/777 743/858/732 741/855/730
f 788/920/777 787/919/776 789/921/778 790/922/779
f 788/920/777 790/922/779 745/861/734 743/858/732
f 790/922/779 789/921/778 791/923/780 792/924/781
f 790/922/779 792/924/781 747/864/736 745/861/734
f 792/924/781 791/923/780 793/925/782 794/926/783
f 792/924/781 794/926/783 749/867/738 747/864/736
f 794/926/783 793/925/782 795/927/784 796/928/785
f 794/926/783 796/928/785 751/870/740 749/867/738
f 796/928/785 795/927/784 797/929/786 798/930/787
f 796/928/785 798/930/787 753/873/742 751/870/740
f 798/930/787 797/929/786 799/931/788 800/932/789
f 798/930/787 800/932/789 755/877/744 753/873/742
f 800/932/789 799/931/788 801/933/790 802/934/791
f 800/932/789 802/934/791 757/880/746 755/877/744
f 802/934/791 801/933/790 803/935/792 804/936/793
f 802/934/791 804/936/793 759/883/748 757/880/746
f 804/936/793 803/935/792 805/937/794 806/938/795
f 804/936/793 806/938/795 761/886/750 759/883/748
f 806/938/795 805/937/794 807/939/796 808/940/797
f 806/938/795 808/940/797 763/889/752 761/886/750
f 808/940/797 807/939/796 809/941/798 810/942/799
f 808/940/797 810/942/799 769/899/758 763/889/752
f 810/942/799 809/941/798 811/943/800 812/944/801
f 810/942/799 812/944/801 770/900/759 769/899/758
f 812/944/801 811/943/800 813/945/802 814/946/803
f 812/944/801 814/946/803 771/901/760 770/900/759
f 814/946/803 813/945/802 815/947/804 776/906/765
f 814/946/803 776/906/765 773/903/762 771/901/760
f 815/947/804 813/945/802 816/948/805 817/949/806
f 815/947/804 817/949/806 818/950/807 779/909/768
f 815/947/804 779/909/768 777/907/766 776/906/765
f 818/950/807 817/949/806 819/951/808 820/952/809
f 818/950/807 820/952/809 821/953/810 822/954/811
f 818/950/807 822/954/811 780/910/769 779/909/768
f 822/954/811 821/953/810 823/955/812 824/956/813
f 822/954/811 824/956/813 781/911/770 780/910/769
f 824/957/813 823/958/812 825/959/814 826/960/815
f 824/957/813 826/960/815 783/915/772 781/914/770
f 826/960/815 825/959/814 827/961/816 828/962/817
f 826/960/815 828/962/817 785/917/774 783/915/772
f 828/962/817 827/961/816 829/963/818 830/964/819
f 828/962/817 830/964/819 787/919/776 785/917/774
f 830/964/819 829/963/818 831/965/820 832/966/821
f 830/964/819 832/966/821 789/921/778 787/919/776
f 832/966/821 831/965/820 833/967/822 834/968/823
f 832/966/821 834/968/823 791/923/780 789/921/778
f 834/968/823 833/967/822 835/969/824 836/970/825
f 834/968/823 836/970/825 793/925/782 791/923/780
f 836/970/825 835/969/824 837/971/826 838/972/827
f 836/970/825 838/972/827 795/927/784 793/925/782
f 838/972/827 837/971/826 839/973/828 840/974/829
f 838/972/827 840/974/829 797/929/786 795/927/784
f 840/974/829 839/973/828 841/975/830 842/976/831
f 840/974/829 842/976/831 799/931/788 797/929/786
f 842/976/831 841/975/830 843/977/832 844/978/833
f 842/976/831 844/978/833 801/933/790 799/931/788
f 844/978/833 843/977/832 845/979/834 846/980/835
f 844/978/833 846/980/835 803/935/792 801/933/790
f 846/980/835 845/979/834 847/981/836 848/982/837
f 846/980/835 848/982/837 805/937/794 803/935/792
f 848/982/837 847/981/836 849/983/838 850/984/839
f 848/982/837 850/984/839 807/939/796 805/937/794
f 850/984/839 849/983/838 851/985/840 852/986/841
f 850/984/839 852/986/841 809/941/798 807/939/796
f 852/986/841 851/985/840 853/987/842 854/988/843
f 852/986/841 854/988/843 811/943/800 809/941/798
f 854/988/843 853/987/842 855/989/844 816/948/805
f 854/988/843 816/948/805 813/945/802 811/943/800
f 855/989/844 853/987/842 856/990/845 857/991/846
f 855/989/844 857/991/846 858/992/847 819/951/808
f 855/989/844 819/951/808 817/949/806 816/948/805
f 858/992/847 857/991/846 859/993/848 860/994/849
f 858/992/847 860/994/849 861/995/850 862/996/851
f 858/992/847 862/996/851 820/952/809 819/951/808
f 862/996/851 861/995/850 863/997/852 864/998/853
f 862/996/851 864/998/853 821/953/810 820/952/809
f 864/998/853 863/997/852 865/999/854 866/1000/855
f 864/998/853 866/1000/855 823/955/812 821/953/810
f 866/1001/855 865/1002/854 867/1003/856 868/1004/857
f 866/1001/855 868/1004/857 825/959/814 823/958/812
f 868/1004/857 867/1003/856 869/1005/858 870/1006/859
f 868/1004/857 870/1006/859 827/961/816 825/959/814
f 870/1006/859 869/1005/858 871/1007/860 872/1008/861
f 870/1006/859 872/1008/861 829/963/818 827/961/816
f 872/1008/861 871/1007/860 873/1009/862 874/1010/863
f 872/1008/861 874/1010/863 831/965/820 829/963/818
f 874/1010/863 873/1009/862 875/1011/864 876/1012/865
f 874/1010/863 876/1012/865 833/967/822 831/965/820
f 876/1012/865 875/1011/864 877/1013/866 878/1014/867
f 876/1012/865 878/1014/867 835/969/824 833/967/822
f 878/1014/867 877/1013/866 879/1015/868 880/1016/869
f 878/1014/867 880/1016/869 837/971/826 835/969/824
f 880/1016/869 879/1015/868 881/1017/870 882/1018/871
f 880/1016/869 882/1018/871 839/973/828 837/971/826
f 882/1018/871 881/1017/870 883/1019/872 884/1020/873
f 882/1018/871 884/1020/873 841/975/830 839/973/828
f 884/1020/873 883/1019/872 885/1021/874 886/1022/875
f 884/1020/873 886/1022/875 843/977/832 841/975/830
f 886/1022/875 885/1021/874 887/1023/876 888/1024/877
f 886/1022/875 888/1024/877 845/979/834 843/977/832
f 888/1024/877 887/1023/876 889/1025/878 890/1026/879
f 888/1024/877 890/1026/879 847/981/836 845/979/834
f 890/1026/879 889/1025/878 891/1027/880 892/1028/881
f 890/1026/879 892/1028/881 849/983/838 847/981/836
f 892/1028/881 891/1027/880 893/1029/882 894/1030/883
f 892/1028/881 894/1030/883 851/985/840 849/983/838
f 894/1030/883 893/1029/882 895/1031/884 856/990/845
f 894/1030/883 856/990/845 853/987/842 851/985/840
f 895/1032/884 893/1033/882 896/1034/885 897/1035/886
f 895/1032/884 897/1035/886 898/1036/887 859/1037/848
f 895/1031/884 859/993/848 857/991/846 856/990/845
f 898/1036/887 897/1035/886 536/571/525 544/579/533
f 898/1036/887 544/579/533 549/584/538 899/1038/888
f 898/1036/887 899/1038/888 860/1039/849 859/1037/848
f 899/1038/888 549/584/538 551/586/540 900/1040/889
f 899/1038/888 900/1040/889 861/1041/850 860/1039/849
f 900/1040/889 551/586/540 901/1042/890 902/1043/891
f 900/1040/889 902/1043/891 863/1044/852 861/1041/850
f 902/1045/891 901/1046/890 903/1047/892 904/1048/893
f 902/1045/891 904/1048/893 865/1049/854 863/1050/852
f 904/1048/893 903/1047/892 905/1051/894 906/1052/895
f 904/1048/893 906/1052/895 867/1053/856 865/1049/854
f 906/1052/895 905/1051/894 907/1054/896 908/1055/897
f 906/1052/895 908/1055/897 869/1056/858 867/1053/856
f 908/1055/897 907/1054/896 909/1057/898 910/1058/899
f 908/1055/897 910/1058/899 871/1059/860 869/1056/858
f 910/1058/899 909/1057/898 911/1060/900 912/1061/901
f 910/1058/899 912/1061/901 873/1062/862 871/1059/860
f 912/1061/901 911/1060/900 913/1063/902 914/1064/903
f 912/1061/901 914/1064/903 875/1065/864 873/1062/862
f 914/1064/903 913/1063/902 915/1066/904 916/1067/905
f 914/1064/903 916/1067/905 877/1068/866 875/1065/864
f 916/1067/905 915/1066/904 917/1069/906 918/1070/907
f 916/1067/905 918/1070/907 879/1071/868 877/1068/866
f 918/1070/907 917/1069/906 919/1072/908 920/1073/909
f 918/1070/907 920/1073/909 881/1074/870 879/1071/868
f 920/1073/909 919/1072/908 921/1075/910 922/1076/911
f 920/1073/909 922/1076/911 883/1077/872 881/1074/870
f 922/1076/911 921/1075/910 923/1078/912 924/1079/913
f 922/1076/911 924/1079/913 885/1080/874 883/1077/872
f 924/1079/913 923/1078/912 925/1081/914 926/1082/915
f 924/1079/913 926/1082/915 887/1083/876 885/1080/874
f 926/1082/915 925/1081/914 927/1084/916 928/1085/917
f 926/1082/915 928/1085/917 889/1086/878 887/1083/876
f 928/1085/917 927/1084/916 538/573/527 929/1087/918
f 928/1085/917 929/1087/918 891/1088/880 889/1086/878
f 929/1087/918 538/573/527 537/572/526 896/1034/885
f 929/1087/918 896/1034/885 893/1033/882 891/1088/880
f 927/1084/916 925/1081/914 930/1089/919 931/1090/920
f 927/1084/916 931/1090/920 533/568/522 538/573/527
f 931/1090/920 930/1089/919 932/1091/921 933/1092/922
f 931/1090/920 933/1092/922 534/569/523 533/568/522
f 933/1092/922 932/1091/921 934/1093/923 935/1094/924
f 933/1092/922 935/1094/924 540/575/529 534/569/523
f 935/1094/924 934/1093/923 500/526/489 499/525/488
f 935/1094/924 499/525/488 498/524/487 540/575/529
f 934/1093/923 936/1095/925 937/1096/926 500/526/489
f 934/1093/923 932/1091/921 938/1097/927 936/1095/925
f 938/1097/927 939/1098/928 940/1099/929 936/1095/925
f 938/1097/927 932/1091/921 930/1089/919 941/1100/930
f 938/1097/927 941/1100/930 942/1101/931 939/1098/928
f 942/1101/931 943/1102/932 944/1103/933 939/1098/928
f 942/1101/931 941/1100/930 923/1078/912 921/1075/910
f 942/1101/931 921/1075/910 919/1072/908 943/1102/932
f 944/1103/933 945/1104/934 946/1105/935 947/1106/936
f 944/1103/933 947/1106/936 940/1099/929 939/1098/928
f 944/1103/933 943/1102/932 948/1107/937 945/1104/934
f 948/1107/937 949/1108/938 950/1109/939 945/1104/934
f 948/1107/937 943/1102/932 919/1072/908 917/1069/906
f 948/1107/937 917/1069/906 915/1066/904 949/1108/938
f 950/1109/939 951/1110/940 952/1111/941 953/1112/942
f 950/1109/939 953/1112/942 946/1105/935 945/1104/934
f 950/1109/939 949/1108/938 954/1113/943 951/1110/940
f 954/1113/943 955/1114/944 956/1115/945 951/1110/940
f 954/1113/943 949/1108/938 915/1066/904 913/1063/902
f 954/1113/943 913/1063/902 911/1060/900 955/1114/944
f 956/1115/945 957/1116/946 958/1117/947 959/1118/948
f 956/1115/945 959/1118/948 952/1111/941 951/1110/940
f 956/1115/945 955/1114/944 960/1119/949 957/1116/946
f 960/1119/949 961/1120/950 962/1121/951 957/1116/946
f 960/1119/949 955/1114/944 911/1060/900 909/1057/898
f 960/1119/949 909/1057/898 907/1054/896 961/1120/950
f 962/1121/951 963/1122/952 964/1123/953 965/1124/954
f 962/1121/951 965/1124/954 958/1117/947 957/1116/946
f 962/1121/951 961/1120/950 966/1125/955 963/1122/952
f 966/1125/955 967/1126/956 968/1127/957 963/1122/952
f 966/1125/955 961/1120/950 907/1054/896 905/1051/894
f 966/1125/955 905/1051/894 903/1047/892 967/1126/956
f 968/1127/957 969/1128/958 970/1129/959 971/1130/960
f 968/1127/957 971/1130/960 964/1123/953 963/1122/952
f 968/1127/957 967/1126/956 972/1131/961 969/1128/958
f 972/1132/961 548/583/537 973/1133/962 969/1134/958
f 972/1131/961 967/1126/956 903/1047/892 901/1046/890
f 972/1132/961 901/1042/890 551/586/540 548/583/537
f 973/1133/962 974/1135/963 975/1136/964 976/1137/965
f 973/1133/962 976/1137/965 970/1138/959 969/1134/958
f 973/1133/962 548/583/537 547/582/536 974/1135/963
f 976/1137/965 975/1136/964 977/1139/966 978/1140/967
f 976/1137/965 978/1140/967 979/1141/968 970/1138/959
f 979/1141/968 978/1140/967 980/1142/969 981/1143/970
f 979/1144/968 981/1145/970 522/562/511 528/561/517
f 979/1144/968 528/561/517 971/1130/960 970/1129/959
f 981/1143/970 980/1142/969 982/1146/971 983/1147/972
f 981/1148/970 983/1149/972 523/555/512 522/554/511
f 983/1147/972 982/1146/971 984/1150/973 985/1151/974
f 983/1149/972 985/1152/974 986/1153/975 523/555/512
f 986/1153/975 985/1152/974 987/1154/976 988/1155/977
f 986/1153/975 988/1155/977 989/1156/978 990/1157/979
f 986/1153/975 990/1157/979 524/556/513 523/555/512
f 990/1157/979 989/1156/978 991/1158/980 992/1159/981
f 990/1157/979 992/1159/981 525/557/514 524/556/513
f 992/1159/981 991/1158/980 993/1160/982 994/1161/983
f 992/1159/981 994/1161/983 995/1162/984 525/557/514
f 995/1162/984 996/1163/985 526/558/515 525/557/514
f 996/1163/985 997/1164/986 531/565/520 526/558/515
f 997/1164/986 998/1165/987 520/1166/509 531/565/520
f 998/1165/987 999/1167/988 511/540/500 520/1166/509
f 999/1167/988 1000/1168/989 512/541/501 511/540/500
f 1000/1168/989 1001/1169/990 1002/1170/991 512/541/501
f 1002/1170/991 1001/1169/990 1003/1171/992 1004/1172/993
f 1002/1173/991 1004/1174/993 1005/1175/994 1006/1176/995
f 1002/1173/991 1006/1176/995 513/547/502 512/1177/501
f 1006/1176/995 1005/1175/994 1007/1178/996 1008/1179/997
f 1006/1176/995 1008/1179/997 517/548/506 513/547/502
f 1008/1179/997 1007/1178/996 1009/1180/998 1010/1181/999
f 1008/1179/997 1010/1181/999 1011/1182/1000 517/548/506
f 1011/1182/1000 1010/1181/999 1012/1183/1001 1013/1184/1002
f 1011/1182/1000 1013/1184/1002 1014/1185/1003 1015/1186/1004
f 1011/1182/1000 1015/1186/1004 514/544/503 517/548/506
f 1015/1186/1004 1014/1185/1003 1016/1187/1005 1017/1188/1006
f 1015/1186/1004 1017/1188/1006 515/545/504 514/544/503
f 1017/1188/1006 1016/1187/1005 946/1105/935 953/1112/942
f 1017/1188/1006 953/1112/942 952/1111/941 515/545/504
f 1016/1187/1005 1014/1185/1003 1018/1189/1007 1019/1190/1008
f 1016/1187/1005 1019/1190/1008 947/1106/936 946/1105/935
f 1019/1190/1008 1018/1189/1007 1020/1191/1009 1021/1192/1010
f 1019/1190/1008 1021/1192/1010 940/1099/929 947/1106/936
f 1021/1192/1010 1020/1191/1009 1022/1193/1011 937/1096/926
f 1021/1192/1010 937/1096/926 936/1095/925 940/1099/929
f 1022/1193/1011 1020/1191/1009 1023/1194/1012 1024/1195/1013
f 1022/1193/1011 1024/1195/1013 495/521/484 494/520/483
f 1022/1193/1011 494/520/483 500/526/489 937/1096/926
f 1024/1195/1013 1023/1194/1012 1025/1196/1014 1026/1197/1015
f 1024/1195/1013 1026/1197/1015 1027/1198/1016 495/521/484
f 1027/1198/1016 1026/1197/1015 1028/1199/1017 1029/1200/1018
f 1027/1198/1016 1029/1200/1018 1030/1201/1019 1031/1202/1020
f 1027/1198/1016 1031/1202/1020 491/517/480 495/521/484
f 1031/1202/1020 1030/1201/1019 1032/1203/1021 1033/1204/1022
f 1031/1202/1020 1033/1204/1022 492/518/481 491/517/480
f 1033/1204/1022 1032/1203/1021 1034/1205/1023 1035/1206/1024
f 1033/1204/1022 1035/1206/1024 1036/1207/1025 492/518/481
f 1036/1207/1025 1035/1206/1024 1037/1208/1026 1038/1209/1027
f 1036/1207/1025 1038/1209/1027 1039/1210/1028 1040/1211/1029
f 1036/1207/1025 1040/1211/1029 493/519/482 492/518/481
f 1040/1211/1029 1039/1210/1028 1041/1212/1030 1042/1213/1031
f 1040/1211/1029 1042/1213/1031 496/522/485 493/519/482
f 1042/1213/1031 1041/1212/1030 1043/1214/1032 1044/1215/1033
f 1042/1213/1031 1044/1215/1033 1045/1216/1034 496/522/485
f 1045/1216/1034 1046/1217/1035 497/523/486 496/522/485
f 1045/1216/1034 1044/1215/1033 547/582/536 546/581/535
f 1045/1216/1034 546/581/535 550/585/539 1046/1217/1035
f 1046/1217/1035 541/576/530 498/524/487 497/523/486
f 1046/1217/1035 550/585/539 542/577/531 541/576/530
f 1044/1215/1033 1043/1214/1032 974/1135/963 547/582/536
f 1043/1214/1032 1041/1212/1030 1047/1218/1036 1048/1219/1037
f 1043/1214/1032 1048/1219/1037 975/1136/964 974/1135/963
f 1048/1219/1037 1047/1218/1036 1049/1220/1038 1050/1221/1039
f 1048/1219/1037 1050/1221/1039 977/1139/966 975/1136/964
f 1050/1221/1039 1049/1220/1038 1051/1222/1040 1052/1223/1041
f 1050/1221/1039 1052/1223/1041 1053/1224/1042 977/1139/966
f 1053/1224/1042 1052/1223/1041 508/537/497 1054/1225/1043
f 1053/1224/1042 1054/1225/1043 982/1146/971 980/1142/969
f 1053/1224/1042 980/1142/969 978/1140/967 977/1139/966
f 1054/1225/1043 508/537/497 507/536/496 1055/1226/1044
f 1054/1225/1043 1055/1226/1044 984/1150/973 982/1146/971
f 1055/1226/1044 507/536/496 505/534/494 1056/1227/1045
f 1055/1226/1044 1056/1227/1045 1057/1228/1046 984/1150/973
f 1057/1229/1046 1056/1230/1045 1058/1231/1047 1059/1232/1048
f 1057/1229/1046 1059/1232/1048 1060/1233/1049 987/1234/976
f 1057/1228/1046 987/1235/976 985/1151/974 984/1150/973
f 1060/1233/1049 1059/1232/1048 1061/1236/1050 1062/1237/1051
f 1060/1238/1049 1062/1239/1051 1063/1240/1052 1064/1241/1053
f 1060/1238/1049 1064/1241/1053 988/1242/977 987/1243/976
f 1064/1241/1053 1063/1240/1052 1065/1244/1054 1066/1245/1055
f 1064/1241/1053 1066/1245/1055 989/1246/978 988/1242/977
f 1066/1245/1055 1065/1244/1054 1067/1247/1056 1068/1248/1057
f 1066/1245/1055 1068/1248/1057 991/1249/980 989/1246/978
f 1068/1248/1057 1067/1247/1056 1069/1250/1058 1070/1251/1059
f 1068/1248/1057 1070/1251/1059 993/1252/982 991/1249/980
f 1071/1253/1060 1072/1254/1061 1073/1255/1062 1074/1256/1063
f 1071/1253/1060 1074/1256/1063 1004/1172/993 1003/1171/992
f 1074/1257/1063 1073/1258/1062 1075/1259/1064 1076/1260/1065
f 1074/1257/1063 1076/1260/1065 1005/1175/994 1004/1174/993
f 1076/1260/1065 1075/1259/1064 1077/1261/1066 1078/1262/1067
f 1076/1260/1065 1078/1262/1067 1007/1178/996 1005/1175/994
f 1078/1262/1067 1077/1261/1066 1079/1263/1068 1080/1264/1069
f 1078/1262/1067 1080/1264/1069 1009/1180/998 1007/1178/996
f 1080/1264/1069 1079/1263/1068 1081/1265/1070 1082/1266/1071
f 1080/1264/1069 1082/1266/1071 1083/1267/1072 1009/1180/998
f 1083/1267/1072 1082/1266/1071 1084/1268/1073 1085/1269/1074
f 1083/1267/1072 1085/1269/1074 1086/1270/1075 1012/1183/1001
f 1083/1267/1072 1012/1183/1001 1010/1181/999 1009/1180/998
f 1086/1270/1075 1085/1269/1074 1087/1271/1076 1025/1196/1014
f 1086/1270/1075 1025/1196/1014 1023/1194/1012 1088/1272/1077
f 1086/1270/1075 1088/1272/1077 1013/1184/1002 1012/1183/1001
f 1088/1272/1077 1023/1194/1012 1020/1191/1009 1018/1189/1007
f 1088/1272/1077 1018/1189/1007 1014/1185/1003 1013/1184/1002
f 1087/1271/1076 1085/1269/1074 1084/1268/1073 1089/1273/1078
f 1087/1271/1076 1089/1273/1078 1090/1274/1079 1028/1199/1017
f 1087/1271/1076 1028/1199/1017 1026/1197/1015 1025/1196/1014
f 1090/1274/1079 1089/1273/1078 1091/1275/1080 1092/1276/1081
f 1090/1274/1079 1092/1276/1081 1093/1277/1082 1094/1278/1083
f 1090/1274/1079 1094/1278/1083 1029/1200/1018 1028/1199/1017
f 1094/1278/1083 1093/1277/1082 1095/1279/1084 1096/1280/1085
f 1094/1278/1083 1096/1280/1085 1030/1201/1019 1029/1200/1018
f 1096/1280/1085 1095/1279/1084 1097/1281/1086 1098/1282/1087
f 1096/1280/1085 1098/1282/1087 1032/1203/1021 1030/1201/1019
f 1098/1282/1087 1097/1281/1086 1099/1283/1088 1100/1284/1089
f 1098/1282/1087 1100/1284/1089 1034/1205/1023 1032/1203/1021
f 1100/1284/1089 1099/1283/1088 1101/1285/1090 1102/1286/1091
f 1100/1284/1089 1102/1286/1091 1103/1287/1092 1034/1205/1023
f 1103/1287/1092 1102/1286/1091 1104/1288/1093 1105/1289/1094
f 1103/1287/1092 1105/1289/1094 1106/1290/1095 1037/1208/1026
f 1103/1287/1092 1037/1208/1026 1035/1206/1024 1034/1205/1023
f 1106/1290/1095 1105/1289/1094 1107/1291/1096 1108/1292/1097
f 1106/1290/1095 1108/1292/1097 1109/1293/1098 1110/1294/1099
f 1106/1290/1095 1110/1294/1099 1038/1209/1027 1037/1208/1026
f 1110/1294/1099 1109/1293/1098 1111/1295/1100 1112/1296/1101
f 1110/1294/1099 1112/1296/1101 1039/1210/1028 1038/1209/1027
f 1112/1296/1101 1111/1295/1100 1049/1220/1038 1047/1218/1036
f 1112/1296/1101 1047/1218/1036 1041/1212/1030 1039/1210/1028
f 1111/1295/1100 1109/1293/1098 1113/1297/1102 1114/1298/1103
f 1111/1295/1100 1114/1298/1103 1051/1222/1040 1049/1220/1038
f 1114/1298/1103 1113/1297/1102 1115/1299/1104 1116/1300/1105
f 1114/1298/1103 1116/1300/1105 509/538/498 1051/1222/1040
f 1116/1300/1105 1115/1299/1104 1117/1301/1106 1118/1302/1107
f 1116/1300/1105 1118/1302/1107 469/490/458 509/538/498
f 1117/1301/1106 1115/1299/1104 1119/1303/1108 1120/1304/1109
f 1117/1301/1106 1120/1304/1109 1121/1305/1110 1122/1306/1111
f 1117/1301/1106 1122/1306/1111 1123/1307/1112 1118/1302/1107
f 1122/1306/1111 1121/1305/1110 1124/1308/1113 1125/1309/1114
f 1126/1310/1115 1127/1311/1116 1128/1312/1117 1129/1313/1118
f 1126/1310/1115 1130/1314/1119 1131/1315/1120 1127/1311/1116
f 1131/1315/1120 1132/1316/1121 1133/1317/1122 1127/1311/1116
f 1131/1315/1120 1130/1314/1119 1069/1250/1058 1067/1247/1056
f 1131/1315/1120 1067/1247/1056 1065/1244/1054 1132/1316/1121
f 1133/1317/1122 1134/1318/1123 1135/1319/1124 1136/1320/1125
f 1133/1317/1122 1136/1320/1125 1128/1312/1117 1127/1311/1116
f 1133/1317/1122 1132/1316/1121 1137/1321/1126 1134/1318/1123
f 1137/1321/1126 1138/1322/1127 1139/1323/1128 1134/1318/1123
f 1137/1321/1126 1132/1316/1121 1065/1244/1054 1063/1240/1052
f 1137/1321/1126 1063/1240/1052 1062/1239/1051 1138/1322/1127
f 1139/1324/1128 1140/1325/1129 1141/1326/1130 1142/1327/1131
f 1139/1323/1128 1142/1328/1131 1135/1319/1124 1134/1318/1123
f 1139/1324/1128 1138/1329/1127 1143/1330/1132 1140/1325/1129
f 1143/1330/1132 1144/1331/1133 1145/1332/1134 1140/1325/1129
f 1143/1330/1132 1138/1329/1127 1062/1237/1051 1061/1236/1050
f 1143/1330/1132 1061/1236/1050 1146/1333/1135 1144/1331/1133
f 1146/1333/1135 1147/1334/1136 1148/1335/1137 1144/1331/1133
f 1146/1333/1135 1061/1236/1050 1059/1232/1048 1058/1231/1047
f 1146/1333/1135 1058/1231/1047 504/532/493 1147/1334/1136
f 1148/1335/1137 1149/1336/1138 1150/1337/1139 1151/1338/1140
f 1148/1335/1137 1151/1338/1140 1145/1332/1134 1144/1331/1133
f 1148/1335/1137 1147/1334/1136 1152/1339/1141 1149/1336/1138
f 1152/1339/1141 472/495/461 471/494/460 1149/1336/1138
f 1152/1339/1141 1147/1334/1136 504/532/493 503/531/492
f 1152/1339/1141 503/531/492 473/496/462 472/495/461
f 1151/1338/1140 1150/1337/1139 455/473/444 454/472/443
f 1151/1338/1140 454/472/443 459/477/448 1145/1332/1134
f 1150/1337/1139 1153/1340/1142 1154/1341/1143 455/473/444
f 1150/1337/1139 1149/1336/1138 471/494/460 1153/1340/1142
f 1154/1341/1143 429/447/418 433/451/422 1155/1342/1144
f 1154/1341/1143 1155/1342/1144 452/470/441 455/473/444
f 1154/1341/1143 1153/1340/1142 430/448/419 429/447/418
f 1155/1342/1144 433/451/422 443/461/432 442/460/431
f 1155/1342/1144 442/460/431 441/459/430 452/470/441
f 1153/1340/1142 471/494/460 467/493/456 430/448/419
f 1145/1332/1134 459/477/448 1141/1326/1130 1140/1325/1129
f 1142/1327/1131 1141/1326/1130 1156/1343/1145 1157/1344/1146
f 1142/1328/1131 1157/1345/1146 1158/1346/1147 1135/1319/1124
f 1158/1346/1147 1157/1345/1146 1159/1347/1148 1160/1348/1149
f 1158/1346/1147 1160/1348/1149 1161/1349/1150 1162/1350/1151
f 1158/1346/1147 1162/1350/1151 1136/1320/1125 1135/1319/1124
f 1162/1350/1151 1161/1349/1150 1163/1351/1152 1164/1352/1153
f 1162/1350/1151 1164/1352/1153 1128/1312/1117 1136/1320/1125
f 1164/1352/1153 1163/1351/1152 1165/1353/1154 1166/1354/1155
f 1164/1352/1153 1166/1354/1155 1129/1313/1118 1128/1312/1117
f 1165/1353/1154 1163/1351/1152 1167/1355/1156 1168/1356/1157
f 1169/1357/1158 1170/1358/1159 1171/1359/1160 1172/1360/1161
f 1169/1357/1158 1172/1360/1161 57/57/57 56/56/56
f 1172/1360/1161 1171/1359/1160 1173/1361/1162 68/68/68
f 1172/1360/1161 68/68/68 58/58/58 57/57/57
f 1173/1361/1162 1171/1359/1160 1174/1362/1163 1175/1363/1164
f 1173/1361/1162 1175/1363/1164 1176/1364/1165 1177/1365/1166
f 1173/1361/1162 1177/1365/1166 69/69/69 68/68/68
f 1177/1365/1166 1176/1364/1165 1178/1366/1167 1179/1367/1168
f 1177/1365/1166 1179/1367/1168 1180/1368/1169 69/69/69
f 1180/1368/1169 64/64/64 66/66/66 69/69/69
f 1180/1368/1169 1179/1367/1168 1181/1369/1170 1182/1370/1171
f 1180/1368/1169 1182/1370/1171 1183/1371/1172 64/64/64
f 1183/1371/1172 1184/1372/1173 65/65/65 64/64/64
f 1183/1371/1172 1182/1370/1171 1185/1373/1174 403/418/392
f 1183/1371/1172 403/418/392 402/417/391 1184/1372/1173
f 1185/1373/1174 1182/1370/1171 1181/1369/1170 414/429/403
f 1185/1373/1174 414/429/403 30/30/30 445/463/434
f 1185/1373/1174 445/463/434 404/419/393 403/418/392
f 1184/1372/1173 76/76/76 75/75/75 65/65/65
f 1184/1372/1173 402/417/391 401/416/390 76/76/76
f 1181/1369/1170 1179/1367/1168 1178/1366/1167 1186/1374/1175
f 1181/1369/1170 1186/1374/1175 413/428/402 414/429/403
f 1186/1374/1175 1178/1366/1167 97/97/97 1187/1375/1176
f 1186/1374/1175 1187/1375/1176 415/430/404 413/428/402
f 1187/1375/1176 97/97/97 96/96/96 1188/1376/1177
f 1187/1375/1176 1188/1376/1177 1189/1377/1178 415/430/404
f 1189/1377/1178 1188/1376/1177 1190/1378/1179 1191/1379/1180
f 1189/1380/1178 1191/1381/1180 1192/1382/1181 1193/1383/1182
f 1189/1377/1178 1193/1384/1182 416/431/405 415/430/404
f 1193/1383/1182 1192/1382/1181 1194/1385/1183 1195/1386/1184
f 1193/1384/1182 1195/1387/1184 446/464/435 416/431/405
f 1195/1386/1184 1194/1385/1183 1161/1349/1150 1160/1348/1149
f 1195/1386/1184 1160/1348/1149 1159/1347/1148 446/1388/435
f 1194/1385/1183 1192/1382/1181 1196/1389/1185 1167/1355/1156
f 1194/1385/1183 1167/1355/1156 1163/1351/1152 1161/1349/1150
f 1196/1389/1185 1192/1382/1181 1191/1381/1180 1197/1390/1186
f 1196/1389/1185 1197/1390/1186 1198/1391/1187 1199/1392/1188
f 1196/1389/1185 1199/1392/1188 1168/1356/1157 1167/1355/1156
f 1198/1391/1187 1197/1390/1186 1200/1393/1189 1201/1394/1190
f 1202/1395/1191 1203/1396/1192 1204/1397/1193 1174/1362/1163
f 1202/1395/1191 1174/1362/1163 1171/1359/1160 1170/1358/1159
f 1204/1397/1193 1203/1396/1192 1205/1398/1194 1206/1399/1195
f 1204/1397/1193 1206/1399/1195 94/94/94 93/93/93
f 1204/1397/1193 93/93/93 1175/1363/1164 1174/1362/1163
f 1206/1399/1195 1205/1398/1194 1207/1400/1196 1208/1401/1197
f 1206/1399/1195 1208/1401/1197 95/95/95 94/94/94
f 1208/1402/1197 1207/1403/1196 1201/1394/1190 1200/1393/1189
f 1208/1402/1197 1200/1393/1189 1190/1404/1179 95/1405/95
f 1200/1393/1189 1197/1390/1186 1191/1381/1180 1190/1404/1179
f 1190/1378/1179 1188/1376/1177 96/96/96 95/95/95
f 1178/1366/1167 1176/1364/1165 92/92/92 97/97/97
f 1176/1364/1165 1175/1363/1164 93/93/93 92/92/92
f 1157/1344/1146 1156/1343/1145 449/467/438 1159/1406/1148
f 1156/1343/1145 458/476/447 450/468/439 449/467/438
f 1156/1343/1145 1141/1326/1130 459/477/448 458/476/447
f 1209/1407/1198 1210/1408/1199 1211/1409/1200 1212/1410/1201
f 1209/1407/1198 1212/1410/1201 1073/1255/1062 1072/1254/1061
f 1212/1410/1201 1211/1409/1200 1213/1411/1202 1214/1412/1203
f 1212/1413/1201 1214/1414/1203 1075/1259/1064 1073/1258/1062
f 1214/1412/1203 1213/1411/1202 1215/1415/1204 1216/1416/1205
f 1214/1414/1203 1216/1417/1205 1077/1261/1066 1075/1259/1064
f 1216/1417/1205 1215/1418/1204 1217/1419/1206 1218/1420/1207
f 1216/1417/1205 1218/1420/1207 1079/1263/1068 1077/1261/1066
f 1218/1420/1207 1217/1419/1206 1219/1421/1208 1220/1422/1209
f 1218/1420/1207 1220/1422/1209 1081/1265/1070 1079/1263/1068
f 1220/1422/1209 1219/1421/1208 1221/1423/1210 1222/1424/1211
f 1220/1422/1209 1222/1424/1211 1223/1425/1212 1081/1265/1070
f 1223/1425/1212 1222/1424/1211 1224/1426/1213 1091/1275/1080
f 1223/1425/1212 1091/1275/1080 1089/1273/1078 1084/1268/1073
f 1223/1425/1212 1084/1268/1073 1082/1266/1071 1081/1265/1070
f 1224/1426/1213 1222/1424/1211 1221/1423/1210 1225/1427/1214
f 1224/1426/1213 1225/1427/1214 1226/1428/1215 1227/1429/1216
f 1224/1426/1213 1227/1429/1216 1092/1276/1081 1091/1275/1080
f 1227/1429/1216 1226/1428/1215 1228/1430/1217 1229/1431/1218
f 1227/1429/1216 1229/1431/1218 1093/1277/1082 1092/1276/1081
f 1229/1431/1218 1228/1430/1217 1230/1432/1219 1231/1433/1220
f 1229/1431/1218 1231/1433/1220 1095/1279/1084 1093/1277/1082
f 1231/1433/1220 1230/1432/1219 396/411/385 1232/1434/1221
f 1231/1433/1220 1232/1434/1221 1097/1281/1086 1095/1279/1084
f 1232/1434/1221 396/411/385 394/407/383 1233/1435/1222
f 1232/1434/1221 1233/1435/1222 1099/1283/1088 1097/1281/1086
f 1233/1436/1222 394/409/383 395/410/384 1234/1437/1223
f 1233/1436/1222 1234/1437/1223 1101/1438/1090 1099/1439/1088
f 1234/1437/1223 395/410/384 1235/1440/1224 1236/1441/1225
f 1234/1437/1223 1236/1441/1225 1237/1442/1226 1101/1438/1090
f 1237/1442/1226 1236/1441/1225 1238/1443/1227 1239/1444/1228
f 1237/1442/1226 1239/1444/1228 1240/1445/1229 1104/1446/1093
f 1237/1447/1226 1104/1288/1093 1102/1286/1091 1101/1285/1090
f 1240/1445/1229 1239/1444/1228 1241/1448/1230 1242/1449/1231
f 1240/1445/1229 1242/1449/1231 1243/1450/1232 1107/1451/1096
f 1240/1452/1229 1107/1291/1096 1105/1289/1094 1104/1288/1093
f 1243/1450/1232 1242/1449/1231 425/442/414 427/445/416
f 1243/1453/1232 427/1454/416 1119/1303/1108 1244/1455/1233
f 1243/1453/1232 1244/1455/1233 1108/1292/1097 1107/1291/1096
f 1244/1455/1233 1119/1303/1108 1115/1299/1104 1113/1297/1102
f 1244/1455/1233 1113/1297/1102 1109/1293/1098 1108/1292/1097
f 1242/1449/1231 1241/1448/1230 426/443/415 425/442/414
f 1241/1448/1230 1239/1444/1228 1238/1443/1227 1245/1456/1234
f 1241/1448/1230 1245/1456/1234 1246/1457/1235 426/443/415
f 1246/1457/1235 1245/1456/1234 1247/1458/1236 1248/1459/1237
f 1246/1457/1235 1248/1459/1237 1249/1460/1238 1250/1461/1239
f 1246/1457/1235 1250/1461/1239 421/437/410 426/443/415
f 1250/1461/1239 1249/1460/1238 1251/1462/1240 1252/1463/1241
f 1250/1461/1239 1252/1463/1241 422/438/411 421/437/410
f 1253/1464/1242 1254/1465/1243 1255/1466/1244 1256/1467/1245
f 1253/1464/1242 1256/1467/1245 1211/1409/1200 1210/1408/1199
f 1256/1467/1245 1255/1466/1244 1257/1468/1246 1258/1469/1247
f 1256/1467/1245 1258/1469/1247 1213/1411/1202 1211/1409/1200
f 1258/1469/1247 1257/1468/1246 1259/1470/1248 1260/1471/1249
f 1258/1469/1247 1260/1471/1249 1215/1415/1204 1213/1411/1202
f 1260/1471/1249 1259/1470/1248 1261/1472/1250 1262/1473/1251
f 1260/1471/1249 1262/1473/1251 1217/1474/1206 1215/1415/1204
f 1262/1473/1251 1261/1472/1250 1263/1475/1252 1264/1476/1253
f 1262/1473/1251 1264/1476/1253 1219/1477/1208 1217/1474/1206
f 1264/1476/1253 1263/1475/1252 1265/1478/1254 1266/1479/1255
f 1264/1476/1253 1266/1479/1255 1221/1480/1210 1219/1477/1208
f 1266/1479/1255 1265/1478/1254 391/403/380 393/406/382
f 1266/1479/1255 393/406/382 1225/1481/1214 1221/1480/1210
f 1265/1478/1254 1263/1475/1252 1267/1482/1256 1268/1483/1257
f 1265/1478/1254 1268/1483/1257 392/404/381 391/403/380
f 1268/1483/1257 1267/1482/1256 1269/1484/1258 1270/1485/1259
f 1268/1483/1257 1270/1485/1259 1271/1486/1260 392/404/381
f 1271/1486/1260 1270/1485/1259 1272/1487/1261 1273/1488/1262
f 1271/1486/1260 1273/1488/1262 1274/1489/1263 1275/1490/1264
f 1271/1486/1260 1275/1490/1264 387/396/376 392/404/381
f 1275/1490/1264 1274/1489/1263 355/358/344 354/357/343
f 1275/1490/1264 354/357/343 382/390/371 387/396/376
f 1274/1489/1263 1273/1488/1262 1276/1491/1265 1277/1492/1266
f 1274/1489/1263 1277/1492/1266 356/359/345 355/358/344
f 1277/1492/1266 1276/1491/1265 1278/1493/1267 1279/1494/1268
f 1277/1492/1266 1279/1494/1268 1280/1495/1269 356/359/345
f 1280/1495/1269 1279/1494/1268 1281/1496/1270 1282/1497/1271
f 1280/1495/1269 1282/1497/1271 1283/1498/1272 1284/1499/1273
f 1280/1495/1269 1284/1499/1273 357/360/346 356/359/345
f 1284/1500/1273 1283/1501/1272 1285/1502/1274 1286/1503/1275
f 1284/1500/1273 1286/1503/1275 1287/1504/1276 357/1505/346
f 1286/1503/1275 1285/1502/1274 1288/1506/1277 1289/1507/1278
f 1286/1503/1275 1289/1507/1278 1290/1508/1279 1287/1504/1276
f 1290/1508/1279 1289/1507/1278 308/311/298 1291/1509/1280
f 1290/1508/1279 1291/1509/1280 1292/1510/1281 1293/1511/1282
f 1290/1508/1279 1293/1511/1282 1294/1512/1283 1287/1504/1276
f 1293/1511/1282 1292/1510/1281 1295/1513/1284 1296/1514/1285
f 1293/1511/1282 1296/1514/1285 375/381/364 1294/1512/1283
f 1296/1514/1285 1295/1513/1284 365/368/354 368/371/357
f 1296/1514/1285 368/371/357 376/382/365 375/381/364
f 1295/1513/1284 1292/1510/1281 325/328/315 326/329/316
f 1295/1513/1284 326/329/316 351/354/340 365/368/354
f 1289/1507/1278 1288/1506/1277 309/312/299 308/311/298
f 1288/1506/1277 1285/1502/1274 1297/1515/1286 1298/1516/1287
f 1288/1506/1277 1298/1516/1287 310/313/300 309/312/299
f 1298/1516/1287 1297/1515/1286 1299/1517/1288 1300/1518/1289
f 1298/1516/1287 1300/1518/1289 294/297/284 310/313/300
f 1300/1518/1289 1299/1517/1288 1301/1519/1290 291/294/281
f 1300/1518/1289 291/294/281 290/293/280 294/297/284
f 1301/1520/1290 1302/1521/1291 1303/1522/1292 1304/1523/1293
f 1301/1520/1290 1304/1523/1293 285/289/275 291/1524/281
f 1301/1519/1290 1299/1517/1288 1305/1525/1294 1302/1526/1291
f 1305/1527/1294 1306/1528/1295 1307/1529/1296 1302/1521/1291
f 1305/1525/1294 1299/1517/1288 1297/1515/1286 1308/1530/1297
f 1305/1531/1294 1308/1532/1297 1309/1533/1298 1306/1534/1295
f 1309/1533/1298 1310/1535/1299 1311/1536/1300 1306/1534/1295
f 1309/1533/1298 1308/1532/1297 1283/1498/1272 1282/1497/1271
f 1309/1533/1298 1282/1497/1271 1281/1496/1270 1310/1535/1299
f 1311/1537/1300 1312/1538/1301 1313/1539/1302 1314/1540/1303
f 1311/1537/1300 1314/1540/1303 1307/1529/1296 1306/1528/1295
f 1311/1536/1300 1310/1535/1299 1315/1541/1304 1312/1542/1301
f 1315/1541/1304 1316/1543/1305 1317/1544/1306 1312/1542/1301
f 1315/1541/1304 1310/1535/1299 1281/1496/1270 1318/1545/1307
f 1315/1541/1304 1318/1545/1307 1319/1546/1308 1316/1543/1305
f 1319/1546/1308 1320/1547/1309 1321/1548/1310 1316/1543/1305
f 1319/1546/1308 1318/1545/1307 1278/1493/1267 1322/1549/1311
f 1319/1546/1308 1322/1549/1311 1323/1550/1312 1320/1547/1309
f 1323/1550/1312 1324/1551/1313 1325/1552/1314 1320/1547/1309
f 1323/1550/1312 1322/1549/1311 1326/1553/1315 1327/1554/1316
f 1323/1550/1312 1327/1554/1316 1328/1555/1317 1324/1551/1313
f 1328/1555/1317 1329/1556/1318 1330/1557/1319 1324/1551/1313
f 1328/1555/1317 1327/1554/1316 1331/1558/1320 1332/1559/1321
f 1328/1555/1317 1332/1559/1321 1333/1560/1322 1329/1556/1318
f 1333/1560/1322 1334/1561/1323 1335/1562/1324 1329/1556/1318
f 1333/1560/1322 1332/1559/1321 1336/1563/1325 1337/1564/1326
f 1333/1560/1322 1337/1564/1326 1338/1565/1327 1334/1561/1323
f 1338/1565/1327 1339/1566/1328 1340/1567/1329 1334/1561/1323
f 1338/1565/1327 1337/1564/1326 1341/1568/1330 1342/1569/1331
f 1338/1565/1327 1342/1569/1331 1343/1570/1332 1339/1566/1328
f 1343/1570/1332 1344/1571/1333 1345/1572/1334 1339/1566/1328
f 1343/1570/1332 1342/1569/1331 1257/1468/1246 1255/1466/1244
f 1343/1570/1332 1255/1466/1244 1254/1465/1243 1344/1571/1333
f 1345/1572/1334 1346/1573/1335 1340/1567/1329 1339/1566/1328
f 1347/1574/1336 1348/1575/1337 1349/1576/1338 1350/1577/1339
f 1347/1574/1336 1350/1577/1339 1340/1567/1329 1346/1573/1335
f 1350/1577/1339 1349/1576/1338 1351/1578/1340 1335/1562/1324
f 1350/1577/1339 1335/1562/1324 1334/1561/1323 1340/1567/1329
f 1351/1578/1340 1349/1576/1338 1352/1579/1341 1353/1580/1342
f 1351/1578/1340 1353/1580/1342 1354/1581/1343 1330/1557/1319
f 1351/1578/1340 1330/1557/1319 1329/1556/1318 1335/1562/1324
f 1354/1581/1343 1353/1580/1342 301/304/291 1355/1582/1344
f 1354/1581/1343 1355/1582/1344 1356/1583/1345 1325/1552/1314
f 1354/1581/1343 1325/1552/1314 1324/1551/1313 1330/1557/1319
f 1356/1583/1345 1355/1582/1344 1357/1584/1346 1358/1585/1347
f 1356/1583/1345 1358/1585/1347 1359/1586/1348 1321/1548/1310
f 1356/1583/1345 1321/1548/1310 1320/1547/1309 1325/1552/1314
f 1359/1586/1348 1358/1585/1347 1360/1587/1349 1361/1588/1350
f 1359/1586/1348 1361/1588/1350 1362/1589/1351 1317/1544/1306
f 1359/1586/1348 1317/1544/1306 1316/1543/1305 1321/1548/1310
f 1362/1589/1351 1361/1588/1350 1363/1590/1352 1364/1591/1353
f 1362/1592/1351 1364/1593/1353 1365/1594/1354 1313/1539/1302
f 1362/1589/1351 1313/1595/1302 1312/1542/1301 1317/1544/1306
f 1365/1594/1354 1364/1593/1353 1366/1596/1355 1367/1597/1356
f 1365/1594/1354 1367/1597/1356 1368/1598/1357 1369/1599/1358
f 1365/1594/1354 1369/1599/1358 1314/1540/1303 1313/1539/1302
f 1369/1599/1358 1368/1598/1357 1370/1600/1359 1371/1601/1360
f 1369/1599/1358 1371/1601/1360 1307/1529/1296 1314/1540/1303
f 1371/1601/1360 1370/1600/1359 1372/1602/1361 1303/1522/1292
f 1371/1601/1360 1303/1522/1292 1302/1521/1291 1307/1529/1296
f 1372/1602/1361 1370/1600/1359 1373/1603/1362 1374/1604/1363
f 1372/1602/1361 1374/1604/1363 1375/1605/1364 1376/1606/1365
f 1372/1602/1361 1376/1606/1365 1304/1523/1293 1303/1522/1292
f 1376/1606/1365 1375/1605/1364 1377/1607/1366 288/290/278
f 1376/1606/1365 288/290/278 285/289/275 1304/1523/1293
f 1375/1605/1364 1374/1604/1363 1378/1608/1367 1379/1609/1368
f 1375/1605/1364 1379/1609/1368 1380/1610/1369 1377/1607/1366
f 1379/1609/1368 1378/1608/1367 1381/1611/1370 1382/1612/1371
f 1379/1609/1368 1382/1612/1371 1383/1613/1372 1380/1610/1369
f 1382/1612/1371 1381/1611/1370 1384/1614/1373 1385/1615/1374
f 1382/1612/1371 1385/1615/1374 1386/1616/1375 1383/1613/1372
f 1386/1616/1375 1385/1615/1374 1387/1617/1376 1388/1618/1377
f 1386/1616/1375 1388/1618/1377 1389/1619/1378 267/1620/1379
f 1386/1616/1375 267/1620/1379 266/1621/1380 1383/1613/1372
f 1388/1618/1377 1387/1617/1376 1390/1622/1381 1391/1623/1382
f 1388/1618/1377 1391/1623/1382 260/271/260 1389/1619/1378
f 1391/1623/1382 1390/1622/1381 1392/1624/1383 1393/1625/1384
f 1391/1623/1382 1393/1625/1384 261/272/261 260/271/260
f 1393/1625/1384 1392/1624/1383 1394/1626/1385 1395/1627/1386
f 1393/1625/1384 1395/1627/1386 249/258/249 261/272/261
f 1395/1627/1386 1394/1626/1385 1396/1628/1387 1397/1629/1388
f 1395/1627/1386 1397/1629/1388 248/257/248 249/258/249
f 1397/1629/1388 1396/1628/1387 1398/1630/1389 1399/1631/1390
f 1397/1629/1388 1399/1631/1390 245/252/245 248/257/248
f 1399/1631/1390 1398/1630/1389 1400/1632/1391 1401/1633/1392
f 1399/1631/1390 1401/1633/1392 246/253/246 245/252/245
f 1401/1633/1392 1400/1632/1391 1402/1634/1393 229/236/229
f 1401/1633/1392 229/236/229 228/235/228 246/253/246
f 1402/1634/1393 1403/1635/1394 1404/1636/1395 1405/1637/1396
f 1402/1634/1393 1405/1637/1396 211/215/211 229/236/229
f 1402/1634/1393 1400/1632/1391 1406/1638/1397 1403/1635/1394
f 1406/1638/1397 1407/1639/1398 1408/1640/1399 1403/1635/1394
f 1406/1638/1397 1400/1632/1391 1398/1630/1389 252/261/252
f 1406/1638/1397 252/261/252 251/260/251 1407/1639/1398
f 1408/1640/1399 1409/1641/1400 1410/1642/1401 1411/1643/1402
f 1408/1640/1399 1411/1643/1402 1404/1636/1395 1403/1635/1394
f 1408/1640/1399 1407/1639/1398 1412/1644/1403 1409/1641/1400
f 1412/1644/1403 1413/1645/1404 1414/1646/1405 1409/1641/1400
f 1412/1644/1403 1407/1639/1398 251/260/251 1415/1647/1406
f 1412/1644/1403 1415/1647/1406 1416/1648/1407 1413/1645/1404
f 1416/1648/1407 1417/1649/1408 1418/1650/1409 1413/1645/1404
f 1416/1648/1407 1415/1647/1406 256/265/256 1419/1651/1410
f 1416/1648/1407 1419/1651/1410 1420/1652/1411 1417/1649/1408
f 1420/1652/1411 1421/1653/1412 1422/1654/1413 1417/1649/1408
f 1420/1652/1411 1419/1651/1410 1423/1655/1414 1424/1656/1415
f 1420/1652/1411 1424/1656/1415 1425/1657/1416 1421/1653/1412
f 1425/1657/1416 1426/1658/1417 1427/1659/1418 1421/1653/1412
f 1425/1657/1416 1424/1656/1415 1428/1660/1419 1429/1661/1420
f 1425/1657/1416 1429/1661/1420 1430/1662/1421 1426/1658/1417
f 1430/1662/1421 1431/1663/1422 1432/1664/1423 1426/1658/1417
f 1430/1662/1421 1429/1661/1420 1433/1665/1424 1434/1666/1425
f 1430/1662/1421 1434/1666/1425 1435/1667/1426 1431/1663/1422
f 1435/1667/1426 1436/1668/1427 1437/1669/1428 1431/1663/1422
f 1435/1667/1426 1434/1666/1425 1438/1670/1429 1439/1671/1430
f 1435/1667/1426 1439/1671/1430 1440/1672/1431 1436/1668/1427
f 1440/1672/1431 1441/1673/1432 1442/1674/1433 1436/1668/1427
f 1440/1672/1431 1439/1671/1430 1443/1675/1434 1444/1676/1435
f 1440/1672/1431 1444/1676/1435 1445/1677/1436 1441/1673/1432
f 1445/1678/1436 1446/1679/1437 1447/1680/1438 1441/1681/1432
f 1445/1677/1436 1444/1676/1435 1448/1682/1439 1449/1683/1440
f 1445/1678/1436 1449/1684/1440 1450/1685/1441 1446/1679/1437
f 1450/1685/1441 1451/1686/1442 1452/1687/1443 1446/1679/1437
f 1450/1685/1441 1449/1684/1440 1453/1688/1444 1454/1689/1445
f 1450/1685/1441 1454/1689/1445 1455/1690/1446 1451/1686/1442
f 1455/1690/1446 1456/1691/1447 1457/1692/1448 1451/1686/1442
f 1455/1690/1446 1454/1689/1445 1458/1693/1449 1459/1694/1450
f 1455/1690/1446 1459/1694/1450 1460/1695/1451 1456/1691/1447
f 1460/1695/1451 1461/1696/1452 1462/1697/1453 1456/1691/1447
f 1460/1695/1451 1459/1694/1450 1463/1698/1454 1464/1699/1455
f 1460/1695/1451 1464/1699/1455 1465/1700/1456 1461/1696/1452
f 1465/1700/1456 1466/1701/1457 1467/1702/1458 1461/1696/1452
f 1465/1700/1456 1464/1699/1455 1468/1703/1459 1469/1704/1460
f 1465/1700/1456 1469/1704/1460 1470/1705/1461 1466/1701/1457
f 1470/1705/1461 1471/1706/1462 1472/1707/1463 1466/1701/1457
f 1470/1705/1461 1469/1704/1460 1473/1708/1464 1474/1709/1465
f 1470/1705/1461 1474/1709/1465 1475/1710/1466 1471/1706/1462
f 1475/1711/1466 1476/1712/1467 1477/1713/1468 1471/1714/1462
f 1475/1710/1466 1474/1709/1465 13/1715/13 1478/1716/1469
f 1475/1711/1466 1478/1717/1469 1479/1718/1470 1476/1712/1467
f 1479/1718/1470 1480/1719/1471 1481/1720/1472 1476/1712/1467
f 1479/1718/1470 1478/1717/1469 1482/1721/1473 1483/1722/1474
f 1479/1718/1470 1483/1722/1474 1484/1723/1475 1480/1719/1471
f 1484/1724/1475 1485/1725/1476 1486/1726/1477 1480/1727/1471
f 1484/1723/1475 1483/1722/1474 1487/1728/1478 1488/1729/1479
f 1484/1724/1475 1488/1730/1479 282/283/272 1485/1725/1476
f 1488/1729/1479 1487/1728/1478 1489/1731/1480 1490/1732/1481
f 1488/1729/1479 1490/1732/1481 283/1733/273 282/1734/272
f 1491/1735/1482 1492/1736/1483 299/302/289 1352/1579/1341
f 1491/1735/1482 1352/1579/1341 1349/1576/1338 1348/1575/1337
f 1492/1736/1483 1493/1737/1484 300/303/290 299/302/289
f 1493/1737/1484 1494/1738/1485 1495/1739/1486 300/303/290
f 1489/1731/1480 1487/1728/1478 9/9/9 8/8/8
f 1487/1728/1478 1483/1722/1474 1482/1721/1473 9/9/9
f 1486/1726/1477 303/306/293 312/315/302 1496/1740/1487
f 1486/1741/1477 1496/1742/1487 1481/1720/1472 1480/1719/1471
f 1486/1726/1477 1485/1725/1476 304/307/294 303/306/293
f 1496/1742/1487 312/1743/302 1497/1744/1488 1498/1745/1489
f 1496/1742/1487 1498/1745/1489 1499/1746/1490 1481/1720/1472
f 1499/1746/1490 1498/1745/1489 1500/1747/1491 1501/1748/1492
f 1499/1746/1490 1501/1748/1492 1502/1749/1493 1477/1713/1468
f 1499/1746/1490 1477/1713/1468 1476/1712/1467 1481/1720/1472
f 1502/1749/1493 1501/1748/1492 1503/1750/1494 1504/1751/1495
f 1502/1752/1493 1504/1753/1495 1505/1754/1496 1472/1707/1463
f 1502/1752/1493 1472/1707/1463 1471/1706/1462 1477/1755/1468
f 1505/1754/1496 1504/1753/1495 1506/1756/1497 1507/1757/1498
f 1505/1754/1496 1507/1757/1498 1508/1758/1499 1467/1702/1458
f 1505/1754/1496 1467/1702/1458 1466/1701/1457 1472/1707/1463
f 1508/1758/1499 1507/1757/1498 1509/1759/1500 1510/1760/1501
f 1508/1758/1499 1510/1760/1501 1511/1761/1502 1462/1697/1453
f 1508/1758/1499 1462/1697/1453 1461/1696/1452 1467/1702/1458
f 1511/1761/1502 1510/1760/1501 1512/1762/1503 1513/1763/1504
f 1511/1761/1502 1513/1763/1504 1514/1764/1505 1457/1692/1448
f 1511/1761/1502 1457/1692/1448 1456/1691/1447 1462/1697/1453
f 1514/1764/1505 1513/1763/1504 1515/1765/1506 1516/1766/1507
f 1514/1764/1505 1516/1766/1507 1517/1767/1508 1452/1687/1443
f 1514/1764/1505 1452/1687/1443 1451/1686/1442 1457/1692/1448
f 1517/1767/1508 1516/1766/1507 1518/1768/1509 1519/1769/1510
f 1517/1767/1508 1519/1769/1510 1520/1770/1511 1447/1680/1438
f 1517/1767/1508 1447/1680/1438 1446/1679/1437 1452/1687/1443
f 1520/1770/1511 1519/1769/1510 1521/1771/1512 1522/1772/1513
f 1520/1770/1511 1522/1772/1513 1523/1773/1514 1442/1774/1433
f 1520/1770/1511 1442/1774/1433 1441/1681/1432 1447/1680/1438
f 1523/1773/1514 1522/1772/1513 1524/1775/1515 1525/1776/1516
f 1523/1773/1514 1525/1776/1516 1526/1777/1517 1437/1778/1428
f 1523/1779/1514 1437/1669/1428 1436/1668/1427 1442/1674/1433
f 1526/1777/1517 1525/1776/1516 1527/1780/1518 1528/1781/1519
f 1526/1782/1517 1528/1783/1519 1529/1784/1520 1432/1664/1423
f 1526/1782/1517 1432/1664/1423 1431/1663/1422 1437/1669/1428
f 1529/1784/1520 1528/1783/1519 1530/1785/1521 1531/1786/1522
f 1529/1784/1520 1531/1786/1522 1532/1787/1523 1427/1659/1418
f 1529/1784/1520 1427/1659/1418 1426/1658/1417 1432/1664/1423
f 1532/1787/1523 1531/1786/1522 1533/1788/1524 1534/1789/1525
f 1532/1787/1523 1534/1789/1525 1535/1790/1526 1422/1654/1413
f 1532/1787/1523 1422/1654/1413 1421/1653/1412 1427/1659/1418
f 1535/1790/1526 1534/1789/1525 1536/1791/1527 1537/1792/1528
f 1535/1790/1526 1537/1792/1528 1538/1793/1529 1418/1650/1409
f 1535/1790/1526 1418/1650/1409 1417/1649/1408 1422/1654/1413
f 1538/1793/1529 1537/1792/1528 1539/1794/1530 1540/1795/1531
f 1538/1793/1529 1540/1795/1531 1541/1796/1532 1414/1646/1405
f 1538/1793/1529 1414/1646/1405 1413/1645/1404 1418/1650/1409
f 1541/1796/1532 1540/1795/1531 1542/1797/1533 1543/1798/1534
f 1541/1796/1532 1543/1798/1534 208/212/208 1410/1642/1401
f 1541/1796/1532 1410/1642/1401 1409/1641/1400 1414/1646/1405
f 1543/1798/1534 1542/1797/1533 1544/1799/1535 1545/1800/1536
f 1543/1798/1534 1545/1800/1536 202/206/202 208/212/208
f 1545/1800/1536 1544/1799/1535 1546/1801/1537 1547/1802/1538
f 1545/1800/1536 1547/1802/1538 193/197/193 202/206/202
f 1547/1802/1538 1546/1801/1537 1548/1803/1539 1549/1804/1540
f 1547/1802/1538 1549/1804/1540 194/198/194 193/197/193
f 1549/1804/1540 1548/1803/1539 1550/1805/1541 1551/1806/1542
f 1549/1804/1540 1551/1806/1542 199/203/199 194/198/194
f 1551/1806/1542 1552/1807/1543 1553/1808/1544 199/203/199
f 1551/1806/1542 1550/1805/1541 1554/1809/1545 1552/1807/1543
f 1554/1809/1545 109/1810/109 1555/1811/1546 1552/1807/1543
f 1554/1809/1545 1550/1805/1541 198/202/198 1556/1812/1547
f 1554/1809/1545 1556/1812/1547 110/1813/110 109/1810/109
f 1556/1812/1547 198/202/198 197/201/197 1557/1814/1548
f 1556/1812/1547 1557/1814/1548 111/1815/111 110/1813/110
f 1557/1814/1548 197/201/197 1558/1816/1549 1559/1817/1550
f 1557/1814/1548 1559/1817/1550 170/1818/170 111/1815/111
f 1559/1817/1550 1558/1816/1549 1560/1819/1551 1561/1820/1552
f 1559/1817/1550 1561/1820/1552 1562/1821/1553 170/1818/170
f 1562/1822/1553 173/177/173 168/172/168 170/174/170
f 1562/1821/1553 1561/1820/1552 1563/1823/1554 1564/1824/1555
f 1562/1822/1553 1564/1825/1555 1565/1826/1556 173/177/173
f 1565/1826/1556 1566/1827/1557 174/178/174 173/177/173
f 1565/1826/1556 1564/1825/1555 1567/1828/1558 1568/1829/1559
f 1565/1826/1556 1568/1829/1559 1569/1830/1560 1566/1827/1557
f 1569/1830/1560 1570/1831/1561 1571/1832/1562 1566/1827/1557
f 1569/1830/1560 1568/1829/1559 1572/1833/1563 1573/1834/1564
f 1569/1830/1560 1573/1834/1564 1574/1835/1565 1570/1831/1561
f 1574/1835/1565 1575/1836/1566 1576/1837/1567 1570/1831/1561
f 1574/1835/1565 1573/1834/1564 1577/1838/1568 1578/1839/1569
f 1574/1835/1565 1578/1839/1569 1579/1840/1570 1575/1836/1566
f 1579/1840/1570 1580/1841/1571 1581/1842/1572 1575/1836/1566
f 1579/1840/1570 1578/1839/1569 1582/1843/1573 1583/1844/1574
f 1579/1840/1570 1583/1844/1574 1584/1845/1575 1580/1841/1571
f 1584/1845/1575 1585/1846/1576 1586/1847/1577 1580/1841/1571
f 1584/1845/1575 1583/1844/1574 1587/1848/1578 1588/1849/1579
f 1584/1845/1575 1588/1849/1579 1589/1850/1580 1585/1846/1576
f 1589/1850/1580 1590/1851/1581 241/248/241 1585/1846/1576
f 1589/1850/1580 1588/1849/1579 1591/1852/1582 1592/1853/1583
f 1589/1850/1580 1592/1853/1583 1593/1854/1584 1590/1851/1581
f 1593/1854/1584 1594/1855/1585 1595/1856/1586 1590/1851/1581
f 1593/1854/1584 1592/1853/1583 1596/1857/1587 1597/1858/1588
f 1593/1854/1584 1597/1858/1588 1598/1859/1589 1594/1855/1585
f 1598/1859/1589 1599/1860/1590 1600/1861/1591 1594/1855/1585
f 1598/1859/1589 1597/1858/1588 1601/1862/1592 1602/1863/1593
f 1598/1859/1589 1602/1863/1593 1603/1864/1594 1599/1860/1590
f 1603/1864/1594 1604/1865/1595 1605/1866/1596 1599/1860/1590
f 1603/1864/1594 1602/1863/1593 1606/1867/1597 1607/1868/1598
f 1603/1864/1594 1607/1868/1598 1608/1869/1599 1604/1865/1595
f 1608/1869/1599 1609/1870/1600 1610/1871/1601 1604/1865/1595
f 1608/1869/1599 1607/1868/1598 1611/1872/1602 1612/1873/1603
f 1608/1869/1599 1612/1873/1603 1613/1874/1604 1609/1870/1600
f 1613/1874/1604 1614/1875/1605 268/276/265 1609/1870/1600
f 1613/1874/1604 1612/1873/1603 1615/1876/1606 1616/1877/1607
f 1613/1874/1604 1616/1877/1607 1617/1878/1608 1614/1875/1605
f 1616/1877/1607 1615/1876/1606 1618/1879/1609 1619/1880/1610
f 1616/1877/1607 1619/1880/1610 289/1881/279 1617/1878/1608
f 1619/1882/1610 1618/1883/1609 1500/1747/1491 1620/1884/1611
f 1619/1882/1610 1620/1884/1611 286/1885/276 289/1886/279
f 1618/1879/1609 1615/1876/1606 1621/1887/1612 1503/1888/1494
f 1618/1883/1609 1503/1750/1494 1501/1748/1492 1500/1747/1491
f 1621/1887/1612 1615/1876/1606 1612/1873/1603 1611/1872/1602
f 1621/1887/1612 1611/1872/1602 1622/1889/1613 1506/1756/1497
f 1621/1887/1612 1506/1756/1497 1504/1753/1495 1503/1888/1494
f 1622/1889/1613 1611/1872/1602 1607/1868/1598 1606/1867/1597
f 1622/1889/1613 1606/1867/1597 1623/1890/1614 1509/1759/1500
f 1622/1889/1613 1509/1759/1500 1507/1757/1498 1506/1756/1497
f 1623/1890/1614 1606/1867/1597 1602/1863/1593 1601/1862/1592
f 1623/1890/1614 1601/1862/1592 1624/1891/1615 1512/1762/1503
f 1623/1890/1614 1512/1762/1503 1510/1760/1501 1509/1759/1500
f 1624/1891/1615 1601/1862/1592 1597/1858/1588 1596/1857/1587
f 1624/1891/1615 1596/1857/1587 1625/1892/1616 1515/1765/1506
f 1624/1891/1615 1515/1765/1506 1513/1763/1504 1512/1762/1503
f 1625/1892/1616 1596/1857/1587 1592/1853/1583 1591/1852/1582
f 1625/1892/1616 1591/1852/1582 1626/1893/1617 1518/1768/1509
f 1625/1892/1616 1518/1768/1509 1516/1766/1507 1515/1765/1506
f 1626/1893/1617 1591/1852/1582 1588/1849/1579 1587/1848/1578
f 1626/1893/1617 1587/1848/1578 1627/1894/1618 1521/1771/1512
f 1626/1893/1617 1521/1771/1512 1519/1769/1510 1518/1768/1509
f 1627/1894/1618 1587/1848/1578 1583/1844/1574 1582/1843/1573
f 1627/1894/1618 1582/1843/1573 1628/1895/1619 1524/1775/1515
f 1627/1894/1618 1524/1775/1515 1522/1772/1513 1521/1771/1512
f 1628/1895/1619 1582/1843/1573 1578/1839/1569 1577/1838/1568
f 1628/1895/1619 1577/1838/1568 1629/1896/1620 1527/1780/1518
f 1628/1895/1619 1527/1780/1518 1525/1776/1516 1524/1775/1515
f 1629/1896/1620 1577/1838/1568 1573/1834/1564 1572/1833/1563
f 1629/1896/1620 1572/1833/1563 1630/1897/1621 1530/1898/1521
f 1629/1896/1620 1530/1898/1521 1528/1781/1519 1527/1780/1518
f 1630/1897/1621 1572/1833/1563 1568/1829/1559 1567/1828/1558
f 1630/1899/1621 1567/1900/1558 1631/1901/1622 1533/1788/1524
f 1630/1899/1621 1533/1788/1524 1531/1786/1522 1530/1785/1521
f 1631/1901/1622 1567/1900/1558 1564/1824/1555 1563/1823/1554
f 1631/1901/1622 1563/1823/1554 1632/1902/1623 1536/1791/1527
f 1631/1901/1622 1536/1791/1527 1534/1789/1525 1533/1788/1524
f 1632/1902/1623 1563/1823/1554 1561/1820/1552 1560/1819/1551
f 1632/1902/1623 1560/1819/1551 1633/1903/1624 1539/1794/1530
f 1632/1902/1623 1539/1794/1530 1537/1792/1528 1536/1791/1527
f 1633/1903/1624 1560/1819/1551 1558/1816/1549 1634/1904/1625
f 1633/1903/1624 1634/1904/1625 1544/1799/1535 1542/1797/1533
f 1633/1903/1624 1542/1797/1533 1540/1795/1531 1539/1794/1530
f 1634/1904/1625 1558/1816/1549 197/201/197 196/200/196
f 1634/1904/1625 196/200/196 1546/1801/1537 1544/1799/1535
f 1610/1871/1601 264/275/264 263/1905/1626 1635/1906/1627
f 1610/1871/1601 1635/1906/1627 1605/1866/1596 1604/1865/1595
f 1610/1871/1601 1609/1870/1600 268/276/265 264/275/264
f 1605/1866/1596 1635/1906/1627 258/267/258 1636/1907/1628
f 1605/1866/1596 1636/1907/1628 1600/1861/1591 1599/1860/1590
f 1636/1907/1628 258/267/258 100/100/100 1637/1908/1629
f 1636/1907/1628 1637/1908/1629 1638/1909/1630 1600/1861/1591
f 1638/1909/1630 1637/1908/1629 1639/1910/1631 1640/1911/1632
f 1638/1909/1630 1640/1911/1632 242/249/242 1595/1856/1586
f 1638/1909/1630 1595/1856/1586 1594/1855/1585 1600/1861/1591
f 1640/1911/1632 1639/1910/1631 1641/1912/1633 1642/1913/1634
f 1640/1911/1632 1642/1913/1634 238/245/238 242/249/242
f 1642/1913/1634 1641/1912/1633 1643/1914/1635 1644/1915/1636
f 1642/1913/1634 1644/1915/1636 239/246/239 238/245/238
f 1644/1915/1636 1643/1914/1635 227/234/227 224/231/224
f 1644/1915/1636 224/231/224 223/230/223 239/246/239
f 1643/1914/1635 1645/1916/1637 232/239/232 227/234/227
f 1643/1914/1635 1641/1912/1633 1646/1917/1638 1645/1916/1637
f 1646/1917/1638 104/1918/103 247/256/247 1645/1916/1637
f 1646/1917/1638 1641/1912/1633 1639/1910/1631 99/99/99
f 1646/1917/1638 99/99/99 98/98/98 104/1918/103
f 1645/1916/1637 247/256/247 233/240/233 232/239/232
f 1639/1910/1631 1637/1908/1629 100/100/100 99/99/99
f 1595/1856/1586 242/249/242 241/248/241 1590/1851/1581
f 1586/1847/1577 243/250/243 1647/1919/1639 1648/1920/1640
f 1586/1847/1577 1648/1920/1640 1581/1842/1572 1580/1841/1571
f 1586/1847/1577 1585/1846/1576 241/248/241 243/250/243
f 1648/1920/1640 1647/1919/1639 1649/1921/1641 1650/1922/1642
f 1648/1920/1640 1650/1922/1642 1651/1923/1643 1581/1842/1572
f 1651/1923/1643 1650/1922/1642 187/191/187 1652/1924/1644
f 1651/1923/1643 1652/1924/1644 1653/1925/1645 1576/1837/1567
f 1651/1923/1643 1576/1837/1567 1575/1836/1566 1581/1842/1572
f 1653/1925/1645 1652/1924/1644 1654/1926/1646 1655/1927/1647
f 1653/1925/1645 1655/1927/1647 1656/1928/1648 1571/1832/1562
f 1653/1925/1645 1571/1832/1562 1570/1831/1561 1576/1837/1567
f 1656/1928/1648 1655/1927/1647 1657/1929/1649 177/181/177
f 1656/1928/1648 177/181/177 171/175/171 174/178/174
f 1656/1928/1648 174/178/174 1566/1827/1557 1571/1832/1562
f 1657/1929/1649 1658/1930/1650 163/167/163 166/170/166
f 1657/1929/1649 166/170/166 175/179/175 177/181/177
f 1657/1929/1649 1655/1927/1647 1654/1926/1646 1658/1930/1650
f 1658/1930/1650 183/187/183 164/168/164 163/167/163
f 1658/1930/1650 1654/1926/1646 184/188/184 183/187/183
f 1654/1926/1646 1652/1924/1644 187/191/187 184/188/184
f 1650/1922/1642 1649/1921/1641 185/189/185 187/191/187
f 1649/1921/1641 1659/1931/1651 186/190/186 185/189/185
f 1649/1921/1641 1647/1919/1639 1660/1932/1652 1659/1931/1651
f 1660/1932/1652 1661/1933/1653 1662/1934/1654 1659/1931/1651
f 1660/1932/1652 1647/1919/1639 243/250/243 240/247/240
f 1660/1932/1652 240/247/240 1663/1935/1655 1661/1933/1653
f 1663/1935/1655 1664/1936/1656 217/222/217 1661/1933/1653
f 1663/1935/1655 240/247/240 239/246/239 223/230/223
f 1663/1935/1655 223/230/223 222/229/222 1664/1936/1656
f 1664/1936/1656 219/1937/219 210/223/210 217/222/217
f 1664/1936/1656 222/229/222 226/233/226 219/1937/219
f 1662/1934/1654 216/221/216 218/225/218 1665/1938/1657
f 1662/1934/1654 1665/1938/1657 186/190/186 1659/1931/1651
f 1662/1934/1654 1661/1933/1653 217/222/217 216/221/216
f 1665/1938/1657 218/225/218 1666/1939/1658 1667/1940/1659
f 1665/1938/1657 1667/1940/1659 179/183/179 186/190/186
f 1667/1940/1659 1666/1939/1658 1668/1941/1660 1669/1942/1661
f 1667/1940/1659 1669/1942/1661 180/184/180 179/183/179
f 1669/1942/1661 1668/1941/1660 1670/1943/1662 1671/1944/1663
f 1669/1942/1661 1671/1944/1663 1672/1945/1664 180/184/180
f 1672/1945/1664 1671/1944/1663 1673/1946/1665 1674/1947/1666
f 1672/1945/1664 1674/1947/1666 1675/1948/1667 1676/1949/1668
f 1672/1945/1664 1676/1949/1668 181/185/181 180/184/180
f 1676/1949/1668 1675/1948/1667 1677/1950/1669 137/138/137
f 1676/1949/1668 137/138/137 136/137/136 181/185/181
f 1677/1950/1669 1675/1948/1667 1678/1951/1670 1679/1952/1671
f 1677/1950/1669 1679/1952/1671 1680/1953/1672 1681/1954/1673
f 1677/1950/1669 1681/1954/1673 138/139/138 137/138/137
f 1681/1954/1673 1680/1953/1672 142/143/142 146/147/146
f 1681/1954/1673 146/147/146 139/140/139 138/139/138
f 1680/1953/1672 1679/1952/1671 1682/1955/1674 1683/1956/1675
f 1680/1953/1672 1683/1956/1675 143/144/143 142/143/142
f 1683/1956/1675 1682/1955/1674 1684/1957/1676 1685/1958/1677
f 1683/1956/1675 1685/1958/1677 1686/1959/1678 143/144/143
f 1686/1959/1678 1687/1960/1679 144/145/144 143/144/143
f 1686/1959/1678 1685/1958/1677 1688/1961/1680 157/158/157
f 1686/1959/1678 157/158/157 156/157/156 1687/1960/1679
f 1688/1961/1680 1685/1958/1677 1684/1957/1676 1689/1962/1681
f 1688/1961/1680 1689/1962/1681 1690/1963/1682 1691/1964/1683
f 1688/1961/1680 1691/1964/1683 158/159/158 157/158/157
f 1691/1964/1683 1690/1963/1682 1692/1965/1684 153/1966/153
f 1691/1967/1683 153/154/153 152/153/152 158/1968/158
f 1692/1969/1684 1690/1970/1682 1693/1971/1685 1694/1972/1686
f 1692/1969/1684 1694/1972/1686 1695/1973/1687 1696/1974/1688
f 1692/1969/1684 1696/1974/1688 149/150/149 153/154/153
f 1696/1974/1688 1695/1973/1687 1697/1975/1689 1698/1976/1690
f 1696/1974/1688 1698/1976/1690 150/151/150 149/150/149
f 1698/1976/1690 1697/1975/1689 1699/1977/1691 1700/1978/1692
f 1698/1976/1690 1700/1978/1692 1701/1979/1693 150/151/150
f 1701/1979/1693 162/166/162 151/152/151 150/151/150
f 1701/1979/1693 1700/1978/1692 1702/1980/1694 1703/1981/1695
f 1701/1979/1693 1703/1981/1695 1704/1982/1696 162/166/162
f 1704/1982/1696 1705/1983/1697 160/163/160 162/166/162
f 1704/1982/1696 1703/1981/1695 1706/1984/1698 1707/1985/1699
f 1704/1982/1696 1707/1985/1699 1708/1986/1700 1705/1983/1697
f 1708/1986/1700 1709/1987/1701 1710/1988/1702 1705/1983/1697
f 1708/1986/1700 1707/1985/1699 190/194/190 1711/1989/1703
f 1708/1986/1700 1711/1989/1703 1712/1990/1704 1709/1987/1701
f 1712/1990/1704 1713/1991/1705 1714/1992/1706 1709/1987/1701
f 1712/1990/1704 1711/1989/1703 200/204/200 1715/1993/1707
f 1712/1990/1704 1715/1993/1707 1716/1994/1708 1713/1991/1705
f 1716/1994/1708 116/1995/116 115/1996/115 1713/1991/1705
f 1716/1994/1708 1715/1993/1707 1553/1808/1544 1717/1997/1709
f 1716/1994/1708 1717/1997/1709 1718/1998/1710 116/1995/116
f 1718/1999/1710 167/171/167 117/118/117 116/117/116
f 1718/1998/1710 1717/1997/1709 1555/1811/1546 1719/2000/1711
f 1718/1999/1710 1719/2001/1711 1720/2002/1712 167/171/167
f 1720/2002/1712 176/180/176 165/169/165 167/171/167
f 1720/2002/1712 1719/2001/1711 108/109/108 107/108/107
f 1720/2002/1712 107/108/107 169/173/169 176/180/176
f 1719/2001/1711 1555/2003/1546 109/110/109 108/109/108
f 1717/1997/1709 1553/1808/1544 1552/1807/1543 1555/1811/1546
f 1715/1993/1707 200/204/200 199/203/199 1553/1808/1544
f 1714/2004/1706 114/115/114 1721/2005/1713 1722/2006/1714
f 1714/1992/1706 1722/2007/1714 1710/1988/1702 1709/1987/1701
f 1714/2004/1706 1713/2008/1705 115/116/115 114/115/114
f 1722/2006/1714 1721/2005/1713 1723/2009/1715 1724/2010/1716
f 1722/2006/1714 1724/2010/1716 161/2011/161 1710/2012/1702
f 1724/2010/1716 1723/2009/1715 147/148/147 1725/2013/1717
f 1724/2010/1716 1725/2013/1717 159/161/159 161/2011/161
f 1725/2013/1717 147/148/147 144/145/144 1687/1960/1679
f 1725/2013/1717 1687/1960/1679 156/157/156 159/161/159
f 1723/2009/1715 1726/2014/1718 145/146/145 147/148/147
f 1723/2009/1715 1721/2005/1713 1727/2015/1719 1726/2014/1718
f 1727/2015/1719 140/141/140 139/140/139 1726/2014/1718
f 1727/2015/1719 1721/2005/1713 114/115/114 113/114/113
f 1727/2015/1719 113/114/113 120/121/120 140/141/140
f 1726/2014/1718 139/140/139 146/147/146 145/146/145
f 1711/1989/1703 190/194/190 189/193/189 200/204/200
f 1710/1988/1702 161/164/161 160/163/160 1705/1983/1697
f 1707/1985/1699 1706/1984/1698 191/195/191 190/194/190
f 1706/1984/1698 1703/1981/1695 1702/1980/1694 203/207/203
f 1706/1984/1698 203/207/203 192/196/192 191/195/191
f 1702/1980/1694 1700/1978/1692 1699/1977/1691 1728/2016/1720
f 1702/1980/1694 1728/2016/1720 204/208/204 203/207/203
f 1728/2016/1720 1699/1977/1691 1729/2017/1721 1730/2018/1722
f 1728/2016/1720 1730/2018/1722 205/209/205 204/208/204
f 1730/2018/1722 1729/2017/1721 1731/2019/1723 1732/2020/1724
f 1730/2018/1722 1732/2020/1724 1733/2021/1725 205/209/205
f 1733/2021/1725 1732/2020/1724 1734/2022/1726 1735/2023/1727
f 1733/2021/1725 1735/2023/1727 214/218/214 1736/2024/1728
f 1733/2021/1725 1736/2024/1728 206/210/206 205/209/205
f 1736/2024/1728 214/218/214 212/216/212 1737/2025/1729
f 1736/2024/1728 1737/2025/1729 209/213/209 206/210/206
f 1737/2025/1729 212/216/212 211/215/211 1405/1637/1396
f 1737/2025/1729 1405/1637/1396 1404/1636/1395 209/213/209
f 1735/2026/1727 1734/2027/1726 1738/2028/1730 1739/2029/1731
f 1735/2026/1727 1739/2029/1731 215/224/215 214/2030/214
f 1739/2029/1731 1738/2028/1730 1668/1941/1660 1666/1939/1658
f 1739/2029/1731 1666/1939/1658 218/225/218 215/224/215
f 1738/2028/1730 1734/2027/1726 1740/2031/1732 1741/2032/1733
f 1738/2028/1730 1741/2032/1733 1670/1943/1662 1668/1941/1660
f 1741/2032/1733 1740/2031/1732 1742/2033/1734 1743/2034/1735
f 1741/2032/1733 1743/2034/1735 1744/2035/1736 1670/1943/1662
f 1744/2035/1736 1743/2034/1735 1745/2036/1737 123/124/123
f 1744/2035/1736 123/124/123 122/123/122 1673/1946/1665
f 1744/2035/1736 1673/1946/1665 1671/1944/1663 1670/1943/1662
f 1745/2036/1737 132/2037/132 131/2038/131 1746/2039/1738
f 1745/2036/1737 1746/2039/1738 124/125/124 123/124/123
f 1745/2036/1737 1743/2034/1735 1742/2033/1734 132/2037/132
f 1746/2039/1738 1747/2040/1739 127/128/127 124/125/124
f 1746/2039/1738 131/2038/131 130/2041/130 1747/2040/1739
f 1747/2040/1739 1748/2042/1740 1749/2043/1741 127/128/127
f 1747/2040/1739 130/2041/130 1693/2044/1685 1748/2042/1740
f 1749/2043/1741 1684/1957/1676 1682/1955/1674 1750/2045/1742
f 1749/2043/1741 1750/2045/1742 125/126/125 127/128/127
f 1749/2043/1741 1748/2042/1740 1689/1962/1681 1684/1957/1676
f 1750/2045/1742 1682/1955/1674 1679/1952/1671 1678/1951/1670
f 1750/2045/1742 1678/1951/1670 126/127/126 125/126/125
f 1748/2042/1740 1693/2044/1685 1690/1963/1682 1689/1962/1681
f 1742/2046/1734 1751/2047/1743 133/134/133 132/133/132
f 1742/2046/1734 1740/2048/1732 1731/2019/1723 1751/2047/1743
f 1751/2047/1743 1752/2049/1744 134/135/134 133/134/133
f 1751/2047/1743 1731/2019/1723 1729/2017/1721 1752/2049/1744
f 1752/2049/1744 1697/1975/1689 1695/1973/1687 134/135/134
f 1752/2049/1744 1729/2017/1721 1699/1977/1691 1697/1975/1689
f 1740/2048/1732 1734/2022/1726 1732/2020/1724 1731/2019/1723
f 1695/1973/1687 1694/1972/1686 129/130/129 134/135/134
f 1694/1972/1686 1693/1971/1685 130/131/130 129/130/129
f 1678/1951/1670 1675/1948/1667 1674/1947/1666 126/127/126
f 1674/1947/1666 1673/1946/1665 122/123/122 126/127/126
f 1550/1805/1541 1548/1803/1539 195/199/195 198/202/198
f 1548/1803/1539 1546/1801/1537 196/200/196 195/199/195
f 1500/1747/1491 1498/1745/1489 1497/1744/1488 1620/1884/1611
f 1485/1725/1476 282/283/272 277/278/267 304/307/294
f 1482/1721/1473 1478/1717/1469 13/13/13 12/12/12
f 1482/1721/1473 12/12/12 10/10/10 9/9/9
f 1474/1709/1465 1473/1708/1464 14/2050/14 13/1715/13
f 1473/1708/1464 1469/1704/1460 1468/1703/1459 1753/2051/1745
f 1473/1708/1464 1753/2051/1745 1754/2052/1746 14/2050/14
f 1754/2052/1746 1753/2051/1745 1755/2053/1747 1756/2054/1748
f 1754/2052/1746 1756/2054/1748 1757/2055/1749 1758/2056/1750
f 1756/2054/1748 1755/2053/1747 1759/2057/1751 1760/2058/1752
f 1756/2054/1748 1760/2058/1752 1761/2059/1753 1757/2055/1749
f 1761/2059/1753 1760/2058/1752 297/2060/287 296/2061/286
f 1761/2062/1753 296/299/286 300/303/290 1495/1739/1486
f 1761/2059/1753 1495/2063/1486 1762/2064/1754 1757/2055/1749
f 1760/2058/1752 1759/2057/1751 1763/2065/1755 297/2060/287
f 1763/2065/1755 1759/2057/1751 1764/2066/1756 1765/2067/1757
f 1763/2068/1755 1765/2069/1757 1766/2070/1758 1767/2071/1759
f 1763/2068/1755 1767/2071/1759 298/301/288 297/300/287
f 1767/2071/1759 1766/2070/1758 1768/2072/1760 1769/2073/1761
f 1767/2071/1759 1769/2073/1761 1357/1584/1346 298/301/288
f 1769/2073/1761 1768/2072/1760 1770/2074/1762 1360/1587/1349
f 1769/2073/1761 1360/1587/1349 1358/1585/1347 1357/1584/1346
f 1770/2074/1762 1768/2072/1760 1771/2075/1763 1772/2076/1764
f 1770/2077/1762 1772/2078/1764 1773/2079/1765 1363/2080/1352
f 1770/2074/1762 1363/1590/1352 1361/1588/1350 1360/1587/1349
f 1773/2079/1765 1772/2078/1764 1774/2081/1766 1775/2082/1767
f 1773/2079/1765 1775/2082/1767 1776/2083/1768 1366/1596/1355
f 1773/2079/1765 1366/1596/1355 1364/1593/1353 1363/2080/1352
f 1776/2083/1768 1775/2082/1767 1777/2084/1769 1778/2085/1770
f 1776/2083/1768 1778/2085/1770 1779/2086/1771 1780/2087/1772
f 1776/2083/1768 1780/2087/1772 1367/1597/1356 1366/1596/1355
f 1780/2087/1772 1779/2086/1771 1781/2088/1773 1782/2089/1774
f 1780/2087/1772 1782/2089/1774 1368/1598/1357 1367/1597/1356
f 1782/2089/1774 1781/2088/1773 1783/2090/1775 1373/1603/1362
f 1782/2089/1774 1373/1603/1362 1370/1600/1359 1368/1598/1357
f 1783/2090/1775 1781/2088/1773 1784/2091/1776 1785/2092/1777
f 1783/2090/1775 1785/2092/1777 1381/1611/1370 1378/1608/1367
f 1783/2090/1775 1378/1608/1367 1374/1604/1363 1373/1603/1362
f 1785/2092/1777 1784/2091/1776 1786/2093/1778 1787/2094/1779
f 1785/2092/1777 1787/2094/1779 1384/1614/1373 1381/1611/1370
f 1787/2094/1779 1786/2093/1778 1788/2095/1780 1789/2096/1781
f 1787/2094/1779 1789/2096/1781 1790/2097/1782 1384/1614/1373
f 1790/2097/1782 1789/2096/1781 1791/2098/1783 1792/2099/1784
f 1790/2097/1782 1792/2099/1784 1390/1622/1381 1387/1617/1376
f 1790/2097/1782 1387/1617/1376 1385/1615/1374 1384/1614/1373
f 1792/2099/1784 1791/2098/1783 1793/2100/1785 1794/2101/1786
f 1792/2099/1784 1794/2101/1786 1392/1624/1383 1390/1622/1381
f 1794/2101/1786 1793/2100/1785 254/263/254 257/266/257
f 1794/2101/1786 257/266/257 1394/1626/1385 1392/1624/1383
f 1793/2100/1785 1795/2102/1787 255/264/255 254/263/254
f 1793/2100/1785 1791/2098/1783 1796/2103/1788 1795/2102/1787
f 1796/2103/1788 1797/2104/1789 1798/2105/1790 1795/2102/1787
f 1796/2103/1788 1791/2098/1783 1789/2096/1781 1788/2095/1780
f 1796/2103/1788 1788/2095/1780 1799/2106/1791 1797/2104/1789
f 1799/2106/1791 1800/2107/1792 1801/2108/1793 1797/2104/1789
f 1799/2106/1791 1788/2095/1780 1786/2093/1778 1802/2109/1794
f 1799/2106/1791 1802/2109/1794 1803/2110/1795 1800/2107/1792
f 1803/2110/1795 1804/2111/1796 1805/2112/1797 1800/2107/1792
f 1803/2110/1795 1802/2109/1794 1806/2113/1798 1807/2114/1799
f 1803/2110/1795 1807/2114/1799 1808/2115/1800 1804/2111/1796
f 1808/2115/1800 1809/2116/1801 1810/2117/1802 1804/2111/1796
f 1808/2115/1800 1807/2114/1799 1778/2085/1770 1777/2084/1769
f 1808/2115/1800 1777/2084/1769 1811/2118/1803 1809/2116/1801
f 1811/2118/1803 1812/2119/1804 1813/2120/1805 1809/2116/1801
f 1811/2118/1803 1777/2084/1769 1775/2082/1767 1774/2081/1766
f 1811/2118/1803 1774/2081/1766 1814/2121/1806 1812/2119/1804
f 1814/2121/1806 1815/2122/1807 1816/2123/1808 1812/2119/1804
f 1814/2121/1806 1774/2081/1766 1772/2078/1764 1771/2124/1763
f 1814/2121/1806 1771/2124/1763 1817/2125/1809 1815/2122/1807
f 1817/2125/1809 1818/2126/1810 1819/2127/1811 1815/2122/1807
f 1817/2125/1809 1771/2124/1763 1768/2128/1760 1766/2129/1758
f 1817/2125/1809 1766/2129/1758 1765/2130/1757 1818/2126/1810
f 1819/2131/1811 1458/1693/1449 1454/1689/1445 1453/1688/1444
f 1819/2127/1811 1453/2132/1444 1816/2123/1808 1815/2122/1807
f 1819/2131/1811 1818/2133/1810 1820/2134/1812 1458/1693/1449
f 1820/2134/1812 1463/1698/1454 1459/1694/1450 1458/1693/1449
f 1820/2134/1812 1818/2133/1810 1765/2067/1757 1764/2066/1756
f 1820/2134/1812 1764/2066/1756 1821/2135/1813 1463/1698/1454
f 1821/2135/1813 1468/1703/1459 1464/1699/1455 1463/1698/1454
f 1821/2135/1813 1764/2066/1756 1759/2057/1751 1755/2053/1747
f 1821/2135/1813 1755/2053/1747 1753/2051/1745 1468/1703/1459
f 1816/2123/1808 1453/2132/1444 1449/1683/1440 1448/1682/1439
f 1816/2123/1808 1448/1682/1439 1813/2120/1805 1812/2119/1804
f 1813/2120/1805 1448/1682/1439 1444/1676/1435 1443/1675/1434
f 1813/2120/1805 1443/1675/1434 1810/2117/1802 1809/2116/1801
f 1810/2117/1802 1443/1675/1434 1439/1671/1430 1438/1670/1429
f 1810/2117/1802 1438/1670/1429 1805/2112/1797 1804/2111/1796
f 1807/2114/1799 1806/2113/1798 1779/2086/1771 1778/2085/1770
f 1806/2113/1798 1802/2109/1794 1786/2093/1778 1784/2091/1776
f 1806/2113/1798 1784/2091/1776 1781/2088/1773 1779/2086/1771
f 1805/2112/1797 1438/1670/1429 1434/1666/1425 1433/1665/1424
f 1805/2112/1797 1433/1665/1424 1801/2108/1793 1800/2107/1792
f 1801/2108/1793 1433/1665/1424 1429/1661/1420 1428/1660/1419
f 1801/2108/1793 1428/1660/1419 1798/2105/1790 1797/2104/1789
f 1798/2105/1790 1428/1660/1419 1424/1656/1415 1423/1655/1414
f 1798/2105/1790 1423/1655/1414 255/264/255 1795/2102/1787
f 1423/1655/1414 1419/1651/1410 256/265/256 255/264/255
f 1415/1647/1406 251/260/251 250/259/250 256/265/256
f 1411/1643/1402 1410/1642/1401 208/212/208 207/211/207
f 1411/1643/1402 207/211/207 209/213/209 1404/1636/1395
f 1398/1630/1389 1396/1628/1387 253/262/253 252/261/252
f 1396/1628/1387 1394/1626/1385 257/266/257 253/262/253
f 1357/1584/1346 1355/1582/1344 301/304/291 298/301/288
f 1353/1580/1342 1352/1579/1341 299/302/289 301/304/291
f 1342/1569/1331 1341/1568/1330 1259/1470/1248 1257/1468/1246
f 1341/1568/1330 1337/1564/1326 1336/1563/1325 1822/2136/1814
f 1341/1568/1330 1822/2136/1814 1261/1472/1250 1259/1470/1248
f 1822/2136/1814 1336/1563/1325 1269/1484/1258 1267/1482/1256
f 1822/2136/1814 1267/1482/1256 1263/1475/1252 1261/1472/1250
f 1336/1563/1325 1332/1559/1321 1331/1558/1320 1269/1484/1258
f 1331/1558/1320 1327/1554/1316 1326/1553/1315 1272/1487/1261
f 1331/1558/1320 1272/1487/1261 1270/1485/1259 1269/1484/1258
f 1326/1553/1315 1322/1549/1311 1278/1493/1267 1276/1491/1265
f 1326/1553/1315 1276/1491/1265 1273/1488/1262 1272/1487/1261
f 1318/1545/1307 1281/1496/1270 1279/1494/1268 1278/1493/1267
f 1308/1530/1297 1297/1515/1286 1285/1502/1274 1283/1501/1272
f 1251/1462/1240 1249/1460/1238 3/3/3 2/2/2
f 1249/1460/1238 1248/1459/1237 1823/2137/1815 3/3/3
f 1823/2137/1815 1824/2138/1816 1825/2139/1817 353/356/342
f 1823/2137/1815 353/356/342 4/4/4 3/3/3
f 1823/2137/1815 1248/1459/1237 1247/1458/1236 1824/2138/1816
f 1825/2139/1817 1826/2140/1818 363/366/352 1827/2141/1819
f 1825/2139/1817 1827/2141/1819 352/355/341 353/356/342
f 1825/2139/1817 1824/2138/1816 1828/2142/1820 1826/2140/1818
f 1828/2142/1820 1829/2143/1821 359/362/348 1826/2140/1818
f 1828/2142/1820 1824/2138/1816 1247/1458/1236 1830/2144/1822
f 1828/2142/1820 1830/2144/1822 1235/1440/1224 1829/2143/1821
f 1830/2144/1822 1247/1458/1236 1245/1456/1234 1238/1443/1227
f 1830/2144/1822 1238/1443/1227 1236/1441/1225 1235/1440/1224
f 1829/2143/1821 372/378/361 360/363/349 359/362/348
f 1829/2143/1821 1235/1440/1224 395/410/384 372/378/361
f 1827/2141/1819 363/366/352 362/365/351 1831/2145/1823
f 1827/2141/1819 1831/2145/1823 337/340/326 352/355/341
f 1831/2145/1823 362/365/351 342/345/331 333/336/323
f 1831/2145/1823 333/336/323 332/335/322 337/340/326
f 1826/2140/1818 359/362/348 358/361/347 363/366/352
f 1230/1432/1219 1228/1430/1217 389/399/378 411/426/400
f 1230/1432/1219 411/426/400 397/412/386 396/411/385
f 1228/1430/1217 1226/1428/1215 390/400/379 389/399/378
f 1226/2146/1215 1225/1481/1214 393/406/382 390/405/379
f 1832/2147/1824 423/440/412 420/435/409 419/434/408
f 1832/2147/1824 1124/1308/1113 1121/1305/1110 423/440/412
f 1121/1305/1110 1120/1304/1109 424/441/413 423/440/412
f 1120/1304/1109 1119/1303/1108 427/1454/416 424/441/413
f 1058/1231/1047 1056/1230/1045 505/533/494 504/532/493
f 1052/1223/1041 1051/1222/1040 509/538/498 508/537/497
f 971/1130/960 528/561/517 527/560/516 964/1123/953
f 965/1124/954 964/1123/953 527/560/516 530/564/519
f 965/1124/954 530/564/519 518/549/507 958/1117/947
f 959/1118/948 958/1117/947 518/549/507 516/546/505
f 959/1118/948 516/546/505 515/545/504 952/1111/941
f 941/1100/930 930/1089/919 925/1081/914 923/1078/912
f 897/1035/886 896/1034/885 537/572/526 536/571/525
f 769/899/758 766/892/755 764/890/753 763/889/752
f 724/827/713 722/825/711 709/802/698 708/2148/697
f 722/825/711 720/823/709 710/803/699 709/802/698
f 720/823/709 716/814/705 712/807/701 710/803/699
f 669/746/658 666/742/655 584/622/573 587/625/576
f 669/746/658 587/625/576 571/606/560 579/617/568
f 637/2149/626 636/689/625 629/675/618 628/2150/617
f 619/663/608 618/662/607 623/667/612 625/669/614
f 587/625/576 583/621/572 567/607/556 571/606/560
f 583/2151/572 582/805/571 568/603/557 567/602/556
f 576/614/565 572/610/561 563/598/552 556/591/545
f 576/614/565 556/591/545 552/587/541 555/590/544
f 572/2152/561 569/604/558 565/813/554 563/2153/552
f 550/585/539 549/584/538 544/579/533 542/577/531
f 531/2154/520 520/551/509 519/550/508 529/563/518
f 530/564/519 529/563/518 519/550/508 518/549/507
f 503/531/492 488/2155/477 485/511/474 473/496/462
f 502/528/491 1833/2156/1825 1834/2157/1826 1835/2158/1827
f 502/528/491 1835/2158/1827 487/513/476 489/515/478
f 502/528/491 481/505/470 480/504/469 1833/2156/1825
f 1835/2158/1827 1834/2157/1826 465/483/454 475/499/464
f 1835/2158/1827 475/499/464 483/507/472 487/513/476
f 1834/2157/1826 478/502/467 466/484/455 465/483/454
f 1834/2157/1826 1833/2156/1825 479/503/468 478/502/467
f 478/502/467 477/501/466 470/491/459 466/484/455
f 467/493/456 447/465/436 431/449/420 430/448/419
f 457/475/446 456/474/445 1836/2159/1828 1837/2160/1829
f 457/475/446 1837/2160/1829 444/462/433 450/468/439
f 1837/2160/1829 1836/2159/1828 405/420/394 407/422/396
f 1837/2160/1829 407/422/396 400/415/389 444/462/433
f 1836/2159/1828 1838/2161/1830 406/421/395 405/420/394
f 1836/2159/1828 456/474/445 1839/2162/1831 1838/2161/1830
f 1839/2162/1831 1840/2163/1832 1841/2164/1833 1838/2161/1830
f 1839/2162/1831 456/474/445 453/471/442 1842/2165/1834
f 1839/2162/1831 1842/2165/1834 1843/2166/1835 1840/2163/1832
f 1843/2166/1835 1844/2167/1836 1845/2168/1837 1840/2163/1832
f 1843/2166/1835 1842/2165/1834 440/458/429 439/457/428
f 1843/2166/1835 439/457/428 1846/2169/1838 1844/2167/1836
f 1846/2169/1838 1847/2170/1839 1848/2171/1840 1844/2167/1836
f 1846/2169/1838 439/457/428 438/456/427 1849/2172/1841
f 1846/2169/1838 1849/2172/1841 1850/2173/1842 1847/2170/1839
f 1850/2173/1842 1849/2172/1841 1851/2174/1843 1852/2175/1844
f 1852/2175/1844 1851/2174/1843 432/450/421 436/454/425
f 1851/2174/1843 1849/2172/1841 438/456/427 443/461/432
f 1851/2174/1843 443/461/432 433/451/422 432/450/421
f 1853/2176/1845 1854/2177/1846 1855/2178/1847 1845/2168/1837
f 1853/2176/1845 1845/2168/1837 1844/2167/1836 1848/2171/1840
f 1855/2178/1847 1854/2177/1846 83/83/83 81/81/81
f 1855/2178/1847 81/81/81 86/86/86 1841/2164/1833
f 1855/2178/1847 1841/2164/1833 1840/2163/1832 1845/2168/1837
f 1842/2165/1834 453/471/442 441/459/430 440/458/429
f 1841/2164/1833 86/86/86 406/421/395 1838/2161/1830
f 445/463/434 400/415/389 407/422/396 404/419/393
f 412/427/401 378/402/367 377/393/366 384/392/373
f 412/427/401 384/392/373 385/394/374 397/412/386
f 406/421/395 86/86/86 85/85/85 90/90/90
f 401/416/390 55/55/55 74/74/74 76/76/76
f 401/416/390 88/88/88 53/53/53 55/55/55
f 382/390/371 354/357/343 348/351/337 380/387/369
f 380/387/369 348/351/337 347/350/336 374/388/363
f 377/383/366 376/382/365 368/371/357 367/370/356
f 375/381/364 374/380/363 347/2179/336 1294/1512/1283
f 351/354/340 326/329/316 323/326/313 345/348/334
f 345/348/334 323/326/313 322/325/312 339/342/328
f 342/345/331 341/344/330 329/332/319 333/336/323
f 341/344/330 340/343/329 330/333/320 329/332/319
f 340/343/329 339/342/328 322/325/312 321/324/311
f 340/343/329 321/324/311 1856/2180/1848 330/333/320
f 1856/2180/1848 321/324/311 320/323/310 1857/2181/1849
f 1856/2180/1848 1857/2181/1849 1858/2182/1850 1859/2183/1851
f 1856/2180/1848 1859/2183/1851 327/330/317 330/333/320
f 1859/2183/1851 1858/2182/1850 1860/2184/1852 1861/2185/1853
f 1859/2183/1851 1861/2185/1853 328/331/318 327/330/317
f 1861/2185/1853 1860/2184/1852 1862/2186/1854 1863/2187/1855
f 1861/2185/1853 1863/2187/1855 1864/2188/1856 328/331/318
f 1865/2189/1857 1866/2190/1858 1867/2191/1859 1868/2192/1860
f 1865/2189/1857 1868/2192/1860 280/281/270 1869/2193/1861
f 1868/2192/1860 1867/2191/1859 1870/2194/1862 1871/2195/1863
f 1868/2192/1860 1871/2195/1863 281/282/271 280/281/270
f 1871/2195/1863 1870/2194/1862 1872/2196/1864 306/309/296
f 1871/2195/1863 306/309/296 305/308/295 281/282/271
f 1872/2196/1864 1873/2197/1865 1874/2198/1866 1875/2199/1867
f 1872/2196/1864 1875/2199/1867 307/310/297 306/309/296
f 1872/2196/1864 1870/2194/1862 1876/2200/1868 1873/2197/1865
f 1876/2200/1868 1858/2182/1850 1857/2181/1849 1873/2197/1865
f 1876/2200/1868 1870/2194/1862 1867/2191/1859 1877/2201/1869
f 1876/2200/1868 1877/2201/1869 1860/2184/1852 1858/2182/1850
f 1877/2201/1869 1867/2191/1859 1866/2190/1858 1878/2202/1870
f 1877/2201/1869 1878/2202/1870 1862/2186/1854 1860/2184/1852
f 1873/2197/1865 1857/2181/1849 320/323/310 1874/2198/1866
f 1869/2193/1861 280/281/270 276/277/266 279/280/269
f 335/338/325 318/321/308 315/318/305 1879/2203/1871
f 1879/2203/1871 315/318/305 17/17/17 16/16/16
f 320/323/310 325/328/315 1292/1510/1281 1291/1509/1280
f 1874/2198/1866 320/323/310 1291/1509/1280 1875/2199/1867
f 1875/2199/1867 1291/1509/1280 308/311/298 307/310/297
f 312/315/302 311/314/301 293/296/283 1497/2204/1488
f 311/314/301 310/313/300 294/297/284 293/296/283
f 305/308/295 304/307/294 277/278/267 281/282/271
f 1614/2205/1605 269/2206/1872 265/2207/262 268/2208/265
f 261/272/261 249/258/249 102/105/104 101/269/101
f 246/253/246 228/235/228 234/2209/234 236/254/236
f 235/242/235 234/241/234 228/2210/228 220/2211/220
f 235/242/235 220/2211/220 219/1937/219 226/233/226
f 235/242/235 226/233/226 225/232/225 231/238/231
f 232/239/232 231/238/231 225/232/225 227/234/227
f 183/187/183 182/186/182 1883/2212/1873 164/168/164
f 1883/2212/1873 182/186/182 136/137/136 135/136/135
f 1883/2212/1873 135/136/135 140/141/140 120/121/120
f 1883/2212/1873 120/121/120 119/120/119 164/168/164
f 182/186/182 178/182/178 181/185/181 136/137/136
f 176/180/176 175/179/175 166/170/166 165/169/165
f 85/85/85 82/82/82 51/51/51 54/54/54
f 82/82/82 78/78/78 52/52/52 51/51/51
f 84/84/84 1884/2213/1874 80/80/80 79/79/79
f 1884/2213/1874 43/43/43 42/42/42 80/80/80
f 80/80/80 42/42/42 1885/2214/1875 77/77/77
f 1885/2214/1875 42/42/42 41/41/41 1886/2215/1876
f 1885/2214/1875 1886/2215/1876 49/49/49 52/52/52
f 1885/2214/1875 52/52/52 78/78/78 77/77/77
f 1886/2215/1876 41/41/41 44/44/44 1887/2216/1877
f 1886/2215/1876 1887/2216/1877 50/50/50 49/49/49
f 74/74/74 55/55/55 48/48/48 70/70/70
f 70/70/70 48/48/48 47/47/47 71/71/71
f 10/10/10 12/12/12 11/11/11 7/7/7
f 615/659/604 617/661/606 626/670/615 616/660/605
f 1754/2052/1746 1758/2056/1750 11/2217/11 14/2050/14
f 244/255/244 247/256/247 104/1918/103 103/2218/102
f 390/400/379 386/2219/375 381/2220/370 383/397/372
f 1833/2156/1825 480/504/469 476/500/465 479/503/468
f 17/17/17 314/317/304 328/331/318 18/18/18
f 328/331/318 1864/2188/1856 15/15/15 18/18/18
f 1888/2221/1878 460/487/449 469/490/458 1118/1302/1107
f 409/424/398 449/467/438 398/413/387 28/28/28
f 409/424/398 446/464/435 1159/1406/1148 449/467/438
f 39/39/39 60/60/60 73/73/73 40/40/40
f 263/2222/1626 262/2223/263 267/1620/1379 1389/1619/1378
f 1635/2224/1627 260/271/260 259/270/259 258/2225/258
f 1635/2224/1627 263/2222/1626 1389/1619/1378 260/271/260
f 1380/1610/1369 1383/1613/1372 266/1621/1380 269/2206/1872
f 1617/2226/1608 289/291/279 288/290/278 1377/1607/1366
f 1614/2205/1605 1617/2226/1608 1380/1610/1369 269/2206/1872
f 293/296/283 292/295/282 284/285/274 287/288/277
f 286/1885/276 1620/1884/1611 1497/1744/1488 287/2227/277
f 60/60/60 59/59/59 67/67/67 73/73/73
f 1890/2228/1879 1891/2229/1880 2/2230/2 1/2231/1
f 6/2232/6 1892/2233/1881 1890/2228/1879 1/2231/1
f 1893/2234/1882 1894/2235/1883 8/8/8 7/7/7
f 1895/2236/1884 1896/2237/1885 1897/2238/1886 11/11/11
f 1898/2239/1887 1899/2240/1888 16/16/16 15/15/15
f 1900/2241/1889 1901/2242/1890 20/20/20 19/19/19
f 24/24/24 1902/2243/1891 1900/2241/1889 19/19/19
f 1903/2244/1892 1904/2245/1893 1905/2246/1894 1906/2247/1895
f 1905/2246/1894 1907/2248/1896 1908/2249/1897 1906/2247/1895
f 1906/2247/1895 1908/2249/1897 1909/2250/1898 1903/2244/1892
f 1910/2251/1899 34/34/34 33/33/33 1911/2252/1900
f 38/38/38 37/37/37 1912/2253/1901 1911/2252/1900
f 1913/2254/1902 1914/2255/1903 1910/2251/1899 1911/2252/1900
f 44/44/44 43/43/43 1915/2256/1904 1916/2257/1905
f 1917/2258/1906 47/47/47 46/46/46 1918/2259/1907
f 46/46/46 50/50/50 1919/2260/1908 1918/2259/1907
f 1919/2260/1908 1920/2261/1909 1921/2262/1910 1918/2259/1907
f 1921/2262/1910 1922/2263/1911 1923/2264/1912 1918/2259/1907
f 1923/2264/1912 1924/2265/1913 1917/2258/1906 1918/2259/1907
f 1925/2266/1914 56/56/56 34/34/34 1910/2251/1899
f 1926/2267/1915 1927/2268/1916 1925/2266/1914 1910/2251/1899
f 1914/2255/1903 1928/2269/1917 1926/2267/1915 1910/2251/1899
f 1927/2268/1916 1929/2270/1918 1930/2271/1919 1931/2272/1920
f 1931/2272/1920 1930/2271/1919 1932/2273/1921 1933/2274/1922
f 1931/2272/1920 1933/2274/1922 1934/2275/1923 1927/2268/1916
f 1926/2267/1915 1935/2276/1924 1929/2270/1918 1927/2268/1916
f 1936/2277/1925 1937/2278/1926 1927/2268/1916 1934/2275/1923
f 72/72/72 71/71/71 1938/2279/1927 1913/2254/1902
f 1938/2279/1927 1939/2280/1928 1940/2281/1929 1913/2254/1902
f 1929/2270/1918 1941/2282/1930 1932/2273/1921 1930/2271/1919
f 1940/2281/1929 1941/2282/1930 1929/2270/1918 1935/2276/1924
f 1939/2280/1928 1942/2283/1931 1941/2282/1930 1940/2281/1929
f 1943/2284/1932 1944/2285/1933 1945/2286/1934 1946/2287/1935
f 1947/2288/1936 1945/2286/1934 1944/2285/1933 1948/2289/1937
f 1944/2285/1933 84/84/84 83/83/83 1948/2289/1937
f 1949/2290/1938 1950/2291/1939 1947/2288/1936 1948/2289/1937
f 1951/2292/1940 1952/2293/1941 1953/2294/1942 1954/2295/1943
f 1953/2296/1942 1923/2264/1912 1922/2263/1911 1954/2297/1943
f 1922/2263/1911 1950/2291/1939 1951/2298/1940 1954/2297/1943
f 1955/2299/1944 1956/2300/1945 1957/2301/1946 1958/2302/1947
f 1959/2303/1948 1960/2304/1949 1955/2299/1944 1958/2302/1947
f 1957/2301/1946 1961/2305/1950 1959/2303/1948 1958/2302/1947
f 1962/2306/1951 1963/2307/1952 1964/2308/1953 1965/2309/1954
f 1966/2310/1955 1965/2311/1954 1967/2312/1956 1968/2313/1957
f 1969/2314/1958 1970/2315/1959 1971/2316/1960 1972/2317/1961
f 1973/2318/1962 1974/2319/1963 1969/2314/1958 1972/2317/1961
f 1971/2316/1960 1975/2320/1964 1973/2318/1962 1972/2317/1961
f 1976/2321/1965 1977/2322/1966 1978/2323/1967 1979/2324/1968
f 1980/2325/1969 1981/2326/1970 1976/2321/1965 1979/2324/1968
f 1982/2327/1971 1983/2328/1972 1980/2325/1969 1979/2324/1968
f 1978/2329/1967 1984/2330/1973 1982/2331/1971 1979/2332/1968
f 1985/2333/1974 1986/2334/1975 1987/2335/1976 1988/2336/1977
f 1987/2335/1976 1989/2337/1978 1990/2338/1979 1988/2336/1977
f 1990/2338/1979 1991/2339/1980 1985/2333/1974 1988/2336/1977
f 1992/2340/1981 1993/2341/1982 1994/2342/1983 1995/2343/1984
f 1996/2344/1985 1997/2345/1986 1992/2340/1981 1995/2343/1984
f 1994/2342/1983 1998/2346/1987 1996/2344/1985 1995/2343/1984
f 1999/2347/1988 2000/2348/1989 2001/2349/1990 2002/2350/1991
f 2003/2351/1992 2004/2352/1993 1999/2347/1988 2002/2350/1991
f 2005/2353/1994 2006/2354/1995 2007/2355/1996 2008/2356/1997
f 2007/2355/1996 2009/2357/1998 2010/2358/1999 2008/2356/1997
f 2010/2358/1999 2011/2359/2000 2005/2353/1994 2008/2356/1997
f 2012/2360/2001 2013/2361/2002 2014/2362/2003 2015/2363/2004
f 2014/2362/2003 2016/2364/2005 2017/2365/2006 2015/2363/2004
f 2017/2365/2006 2018/2366/2007 2012/2360/2001 2015/2363/2004
f 2019/2367/2008 2020/2368/2009 2021/2369/2010 2022/2370/2011
f 2021/2369/2010 2023/2371/2012 2018/2366/2007 2022/2370/2011
f 2018/2366/2007 2017/2365/2006 2019/2367/2008 2022/2370/2011
f 2023/2371/2012 2024/2372/2013 2025/2373/2014 2018/2366/2007
f 2025/2373/2014 2026/2374/2015 2012/2360/2001 2018/2366/2007
f 1982/2331/1971 2027/2375/2016 2028/2376/2017 1983/2377/1972
f 2028/2376/2017 2029/2378/2018 2030/2379/2019 1983/2377/1972
f 2030/2380/2019 2031/2381/2020 1980/2325/1969 1983/2328/1972
f 1971/2382/1960 1970/2383/1959 2032/2384/2021 2033/2385/2022
f 2034/2386/2023 1975/2320/1964 1971/2316/1960 2033/2387/2022
f 2032/2384/2021 2035/2388/2024 2036/2389/2025 2033/2385/2022
f 2036/2389/2025 2037/2390/2026 2038/2391/2027 2033/2385/2022
f 2032/2384/2021 2039/2392/2028 2040/2393/2029 2035/2388/2024
f 2040/2393/2029 2041/2394/2030 2036/2389/2025 2035/2388/2024
f 2042/2395/2031 2043/2396/2032 2044/2397/2033 2045/2398/2034
f 2046/2399/2035 2047/2400/2036 2048/2401/2037 2045/2398/2034
f 2044/2397/2033 2049/2402/2038 2050/2403/2039 2045/2398/2034
f 2050/2403/2039 2051/2404/2040 2046/2399/2035 2045/2398/2034
f 2052/2405/2041 2053/2406/2042 2054/2407/2043 2055/2408/2044
f 2056/2409/2045 2057/2410/2046 2052/2405/2041 2055/2408/2044
f 2054/2407/2043 2058/2411/2047 2056/2409/2045 2055/2408/2044
f 2059/2412/2048 2060/2413/2049 2061/2414/2050 2062/2415/2051
f 2063/2416/2052 2064/2417/2053 2058/2411/2047 2054/2407/2043
f 2057/2410/2046 2056/2409/2045 2065/2418/2054 2066/2419/2055
f 2067/2420/2056 2068/2421/2057 2057/2410/2046 2066/2419/2055
f 2069/2422/2058 2070/2423/2059 2067/2420/2056 2066/2419/2055
f 2065/2418/2054 2071/2424/2060 2072/2425/2061 2066/2419/2055
f 2072/2425/2061 2073/2426/2062 2069/2422/2058 2066/2419/2055
f 2074/2427/2063 2075/2428/2064 2076/2429/2065 2077/2430/2066
f 2078/2431/2067 2079/2432/2068 2075/2428/2064 2074/2427/2063
f 2077/2430/2066 2080/2433/2069 2081/2434/2070 2074/2427/2063
f 2081/2434/2070 2082/2435/2071 2078/2431/2067 2074/2427/2063
f 2076/2429/2065 2083/2436/2072 2084/2437/2073 2077/2430/2066
f 2085/2438/2074 2086/2439/2075 2087/2440/2076 2088/2441/2077
f 2087/2440/2076 2089/2442/2078 2090/2443/2079 2088/2441/2077
f 2090/2443/2079 2091/2444/2080 2085/2438/2074 2088/2441/2077
f 2092/2445/2081 2093/2446/2082 2083/2447/2072 2076/2448/2065
f 2094/2449/2083 2095/2450/2084 2096/2451/2085 2097/2452/2086
f 2096/2451/2085 2098/2453/2087 2099/2454/2088 2097/2452/2086
f 2099/2454/2088 2100/2455/2089 2094/2449/2083 2097/2452/2086
f 2101/2456/2090 2102/2457/2091 2103/2458/2092 2104/2459/2093
f 2104/2459/2093 2103/2458/2092 2105/2460/2094 2106/2461/2095
f 2106/2461/2095 2107/2462/2096 2101/2456/2090 2104/2459/2093
f 2100/2463/2089 2108/2464/2097 2109/2465/2098 2110/2466/2099
f 2111/2467/2100 2094/2449/2083 2100/2455/2089 2110/2468/2099
f 2109/2465/2098 2112/2469/2101 1968/2313/1957 2110/2466/2099
f 2112/2469/2101 2113/2470/2102 1966/2310/1955 1968/2313/1957
f 2114/2471/2103 2115/2472/2104 2116/2473/2105 2117/2474/2106
f 2118/2475/2107 2119/2476/2108 2120/2477/2109 2117/2474/2106
f 2120/2477/2109 2121/2478/2110 2114/2471/2103 2117/2474/2106
f 2122/2479/2111 2123/2480/2112 1963/2307/1952 1962/2306/1951
f 2124/2481/2113 2125/2482/2114 2122/2483/2111 1962/2484/1951
f 2132/2485/2115 2126/2486/2116 2128/2487/2117 2131/2488/2118
f 279/2489/269 278/2490/268 2140/2491/2119 2141/2492/2120
f 2142/2493/2121 2143/2494/2122 2141/2492/2120 2140/2491/2119
f 278/2490/268 283/1733/273 2144/2495/2123 2140/2491/2119
f 2145/2496/2124 2146/2497/2125 2147/2498/2126 2148/2499/2127
f 2146/2497/2125 2149/2500/2128 2150/2501/2129 2147/2498/2126
f 2151/2502/2130 2152/2503/2131 2148/2504/2127 2147/2505/2126
f 2152/2503/2131 2154/2506/2132 2155/2507/2133 2153/2508/2134
f 2156/2509/2135 2157/2510/2136 2158/2511/2137 2159/2512/2138
f 2159/2513/2138 2158/2514/2137 2160/2515/2139 2161/2516/2140
f 2161/2516/2140 2162/2517/2141 2156/2518/2135 2159/2513/2138
f 2163/2519/2142 2164/2520/2143 2165/2521/2144 2166/2522/2145
f 2167/2523/2146 2168/2524/2147 2163/2519/2142 2166/2522/2145
f 2169/2525/2148 2170/2526/2149 2167/2527/2146 2166/2528/2145
f 2171/2529/2150 2172/2530/2151 2169/2525/2148 2166/2528/2145
f 2165/2521/2144 2173/2531/2152 2171/2532/2150 2166/2522/2145
f 2174/2533/2153 1899/2240/1888 2175/2534/2154 2176/2535/2155
f 2175/2534/2154 2177/2536/2156 2178/2537/2157 2176/2535/2155
f 2178/2537/2157 2179/2538/2158 2174/2533/2153 2176/2535/2155
f 2180/2539/2159 2181/2540/2160 2182/2541/2161 2183/2542/2162
f 2184/2543/2163 2185/2544/2164 2180/2539/2159 2183/2542/2162
f 2182/2541/2161 2186/2545/2165 2184/2543/2163 2183/2542/2162
f 2186/2546/2165 2187/2547/2166 2185/2548/2164 2184/2549/2163
f 2175/2534/2154 2188/2550/2167 2189/2551/2168 2177/2536/2156
f 2189/2551/2168 2190/2552/2169 2191/2553/2170 2177/2536/2156
f 2192/2554/2171 2193/2555/2172 2178/2537/2157 2177/2536/2156
f 2191/2553/2170 2194/2556/2173 2192/2554/2171 2177/2536/2156
f 336/339/15 335/338/325 2179/2538/2158 2195/2557/2174
f 2179/2538/2158 2178/2537/2157 2193/2555/2172 2195/2557/2174
f 1892/2233/1881 6/2232/6 336/2558/15 2195/2559/2174
f 2192/2560/2171 2196/2561/2175 2195/2559/2174 2193/2562/2172
f 2197/2563/2176 2198/2564/2177 2199/2565/2178 2200/2566/2179
f 2201/2567/2180 2202/2568/2181 2197/2563/2176 2200/2566/2179
f 2199/2569/2178 2203/2570/2182 2204/2571/2183 2200/2572/2179
f 2205/2573/2184 2206/2574/2185 2207/2575/2186 2208/2576/2187
f 2209/2577/2188 2201/2567/2180 2200/2566/2179 2204/2578/2183
f 2203/2570/2182 2210/2579/2189 2209/2580/2188 2204/2571/2183
f 2195/2559/2174 2196/2561/2175 2211/2581/2190 1892/2233/1881
f 2211/2581/2190 2212/2582/2191 1890/2228/1879 1892/2233/1881
f 2213/2583/2192 2214/2584/2193 2206/2574/2185 2205/2573/2184
f 2215/2585/2194 2216/2586/2195 2213/2583/2192 2205/2573/2184
f 2217/2587/2196 2218/2588/2197 2219/2589/2198 2209/2580/2188
f 2219/2589/2198 2220/2590/2199 2201/2591/2180 2209/2580/2188
f 2221/2592/2200 2202/2593/2181 2201/2591/2180 2220/2590/2199
f 2219/2589/2198 2222/2594/2201 2221/2592/2200 2220/2590/2199
f 2210/2579/2189 2223/2595/2202 2224/2596/2203 2209/2580/2188
f 2224/2596/2203 2225/2597/2204 2217/2587/2196 2209/2580/2188
f 2223/2595/2202 2226/2598/2205 2227/2599/2206 2224/2596/2203
f 2228/2600/2207 2229/2601/2208 2225/2597/2204 2224/2596/2203
f 2227/2599/2206 2230/2602/2209 2228/2600/2207 2224/2596/2203
f 2229/2601/2208 2231/2603/2210 2217/2587/2196 2225/2597/2204
f 2232/2604/2211 2233/2605/2212 2234/2606/2213 2235/2607/2214
f 2236/2608/2215 2237/2609/2216 2232/2604/2211 2235/2607/2214
f 2234/2606/2213 2238/2610/2217 2239/2611/2218 2235/2607/2214
f 2238/2610/2217 2240/2612/2219 2241/2613/2220 2239/2611/2218
f 2241/2613/2220 2242/2614/2221 2235/2607/2214 2239/2611/2218
f 2227/2599/2206 2237/2609/2216 2243/2615/2222 2230/2602/2209
f 2243/2615/2222 2244/2616/2223 2228/2600/2207 2230/2602/2209
f 2240/2612/2219 2245/2617/2224 2246/2618/2225 2241/2613/2220
f 2247/2619/2226 2248/2620/2227 2249/2621/2228 2242/2614/2221
f 2249/2621/2228 2236/2608/2215 2235/2607/2214 2242/2614/2221
f 2245/2617/2224 2250/2622/2229 2251/2623/2230 2246/2618/2225
f 2251/2623/2230 2252/2624/2231 2247/2619/2226 2246/2618/2225
f 2229/2601/2208 2228/2600/2207 2244/2616/2223 2253/2625/2232
f 2254/2626/2233 2231/2603/2210 2229/2601/2208 2253/2625/2232
f 2244/2616/2223 2255/2627/2234 2256/2628/2235 2253/2625/2232
f 2257/2629/2236 2258/2630/2237 1903/2244/1892 1909/2250/1898
f 1908/2249/1897 2259/2631/2238 2257/2629/2236 1909/2250/1898
f 2260/2632/2239 2261/2633/2240 1953/2294/1942 1952/2293/1941
f 2262/2634/2241 2263/2635/2242 2260/2632/2239 1952/2293/1941
f 1951/2292/1940 2264/2636/2243 2265/2637/2244 1952/2293/1941
f 2265/2637/2244 2266/2638/2245 2262/2634/2241 1952/2293/1941
f 2267/2639/2246 2268/2640/2247 1904/2245/1893 1903/2244/1892
f 2249/2621/2228 2248/2620/2227 2269/2641/2248 2270/2642/2249
f 2271/2643/2250 2236/2608/2215 2249/2621/2228 2270/2642/2249
f 2269/2641/2248 2255/2627/2234 2271/2643/2250 2270/2642/2249
f 2272/2644/2251 1907/2248/1896 1905/2246/1894 2273/2645/2252
f 2268/2640/2247 2274/2646/2253 2275/2647/2254 2273/2645/2252
f 1905/2246/1894 1904/2245/1893 2268/2640/2247 2273/2645/2252
f 2276/2648/2255 419/434/408 418/433/407 2277/2649/2256
f 418/2650/407 422/2651/411 2278/2652/2257 2277/2653/2256
f 2279/2654/2258 2280/2655/2259 2276/2648/2255 2277/2649/2256
f 2278/2652/2257 2281/2656/2260 2282/2657/2261 2277/2653/2256
f 2282/2657/2261 2283/2658/2262 2279/2659/2258 2277/2653/2256
f 2284/2660/2263 2285/2661/2264 2286/2662/2265 2287/2663/2266
f 2286/2664/2265 2288/2665/2267 2289/2666/2268 2287/2667/2266
f 1901/2668/1890 2290/2669/2269 2284/2660/2263 2287/2663/2266
f 2289/2666/2268 436/454/425 435/453/424 2287/2667/2266
f 435/453/424 20/20/20 1901/2242/1890 2287/2667/2266
f 2291/2670/2270 2292/2671/2271 2293/2672/2272 2294/2673/2273
f 2295/2674/2274 2296/2675/2275 2291/2670/2270 2294/2673/2273
f 2293/2672/2272 2297/2676/2276 2295/2674/2274 2294/2673/2273
f 2259/2631/2238 2298/2677/2277 2258/2630/2237 2257/2629/2236
f 1908/2249/1897 1907/2248/1896 2299/2678/2278 2259/2631/2238
f 2300/2679/2279 2274/2646/2253 2268/2640/2247 2267/2639/2246
f 2301/2680/2280 2302/2681/2281 2284/2660/2263 2290/2669/2269
f 1901/2242/1890 1900/2241/1889 2301/2682/2280 2290/2683/2269
f 2298/2677/2277 2303/2684/2282 2304/2685/2283 2258/2630/2237
f 2305/2686/2284 2296/2675/2275 2306/2687/2285 2307/2688/2286
f 2306/2689/2285 2308/2690/2287 2309/2691/2288 2307/2692/2286
f 2310/2693/2289 2311/2694/2290 2305/2695/2284 2307/2696/2286
f 2312/2697/2291 2303/2684/2282 2310/2693/2289 2307/2696/2286
f 2309/2698/2288 2313/2699/2292 2312/2697/2291 2307/2696/2286
f 2314/2700/2293 2301/2682/2280 1900/2241/1889 1902/2243/1891
f 462/480/451 461/479/450 2314/2700/2293 1902/2243/1891
f 2315/2701/2294 2316/2702/2295 2317/2703/2296 2318/2704/2297
f 2317/2703/2296 2319/2705/2298 2302/2681/2281 2318/2704/2297
f 2302/2681/2281 2301/2680/2280 2314/2706/2293 2318/2704/2297
f 2314/2707/2293 2320/2708/2299 2321/2709/2300 2318/2710/2297
f 2321/2711/2300 2322/2712/2301 2315/2701/2294 2318/2704/2297
f 2323/2713/2302 2324/2714/2303 2319/2705/2298 2317/2703/2296
f 2325/2715/2304 2326/2716/2305 2323/2713/2302 2317/2703/2296
f 2316/2702/2295 2327/2717/2306 2325/2715/2304 2317/2703/2296
f 2328/2718/2307 2329/2719/2308 2330/2720/2309 2331/2721/2310
f 2330/2720/2309 2332/2722/2311 2333/2723/2312 2331/2721/2310
f 2334/2724/2313 2335/2725/2314 2336/2726/2315 2337/2727/2316
f 2325/2715/2304 2327/2717/2306 2336/2728/2315 2335/2729/2314
f 2334/2724/2313 2326/2730/2305 2325/2731/2304 2335/2725/2314
f 2337/2727/2316 2336/2726/2315 2338/2732/2317 2339/2733/2318
f 2340/2734/2319 2334/2724/2313 2337/2727/2316 2339/2733/2318
f 2338/2732/2317 2341/2735/2320 2340/2734/2319 2339/2733/2318
f 2342/2736/2321 2343/2737/2322 2344/2738/2323 2345/2739/2324
f 2344/2738/2323 2346/2740/2325 2347/2741/2326 2345/2739/2324
f 2348/2742/2327 2349/2743/2328 2342/2736/2321 2345/2739/2324
f 2350/2744/2329 2351/2745/2330 2348/2742/2327 2345/2739/2324
f 2347/2741/2326 2352/2746/2331 2350/2744/2329 2345/2739/2324
f 2332/2722/2311 2330/2720/2309 2322/2747/2301 2353/2748/2332
f 2341/2735/2320 2354/2749/2333 2332/2722/2311 2353/2748/2332
f 2355/2750/2334 2340/2734/2319 2341/2735/2320 2353/2748/2332
f 2356/2751/2335 2357/2752/2336 2355/2750/2334 2353/2748/2332
f 2322/2753/2301 2321/2709/2300 2356/2754/2335 2353/2755/2332
f 2358/2756/2337 2359/2757/2338 2360/2758/2339 2361/2759/2340
f 2361/2759/2340 2360/2758/2339 2356/2754/2335 2321/2709/2300
f 2321/2709/2300 2320/2708/2299 2358/2756/2337 2361/2759/2340
f 2362/2760/2341 2363/2761/2342 2364/2762/2343 2365/2763/2344
f 2366/2764/2345 2367/2765/2346 2368/2766/2347 2365/2763/2344
f 2368/2766/2347 2369/2767/2348 2362/2760/2341 2365/2763/2344
f 2370/2768/2349 2371/2769/2350 2366/2764/2345 2365/2763/2344
f 2364/2762/2343 2372/2770/2351 2370/2768/2349 2365/2763/2344
f 2373/2771/2352 2374/2772/2353 2375/2773/2354 2376/2774/2355
f 2377/2775/2356 2378/2776/2357 2373/2771/2352 2376/2774/2355
f 2375/2773/2354 2379/2777/2358 2380/2778/2359 2376/2774/2355
f 2380/2778/2359 2381/2779/2360 2382/2780/2361 2376/2774/2355
f 2382/2780/2361 2383/2781/2362 2377/2775/2356 2376/2774/2355
f 2384/2782/2363 2385/2783/2364 2386/2784/2365 2387/2785/2366
f 2388/2786/2367 2389/2787/2368 2384/2782/2363 2387/2785/2366
f 2386/2784/2365 2390/2788/2369 2388/2786/2367 2387/2785/2366
f 2391/2789/2370 2351/2745/2330 2392/2790/2371 2393/2791/2372
f 2394/2792/2373 2395/2793/2374 2391/2789/2370 2393/2791/2372
f 2394/2792/2373 2393/2791/2372 2392/2790/2371 2385/2783/2364
f 2384/2782/2363 2395/2793/2374 2394/2792/2373 2385/2783/2364
f 2384/2782/2363 2389/2787/2368 2396/2794/2375 2395/2793/2374
f 2397/2795/2376 2398/2796/2377 2399/2797/2378 2400/2798/2379
f 2400/2798/2379 2399/2797/2378 2401/2799/2380 2402/2800/2381
f 2402/2800/2381 2403/2801/2382 2397/2795/2376 2400/2798/2379
f 2404/2802/2383 2405/2803/2384 2406/2804/2385 2407/2805/2386
f 2406/2806/2385 2408/2807/2387 2409/2808/2388 2407/2809/2386
f 2406/2804/2385 2405/2803/2384 2410/2810/2389 2411/2811/2390
f 2412/2812/2391 2408/2807/2387 2406/2806/2385 2411/2813/2390
f 2410/2814/2389 2413/2815/2392 2412/2812/2391 2411/2813/2390
f 2414/2816/2393 2409/2808/2388 2408/2807/2387 2415/2817/2394
f 2408/2807/2387 2412/2812/2391 2416/2818/2395 2415/2817/2394
f 2416/2818/2395 2417/2819/2396 2414/2816/2393 2415/2817/2394
f 2412/2812/2391 2413/2815/2392 2417/2819/2396 2416/2818/2395
f 2418/2820/2397 2419/2821/2398 2420/2822/2399 2421/2823/2400
f 2421/2823/2400 2420/2822/2399 2422/2824/2401 2423/2825/2402
f 2423/2825/2402 2424/2826/2403 2418/2820/2397 2421/2823/2400
f 2425/2827/2404 2426/2828/2405 2427/2829/2406 2423/2830/2402
f 2427/2831/2406 2428/2832/2407 2424/2826/2403 2423/2825/2402
f 2429/2833/2408 2430/2834/2409 2425/2827/2404 2423/2830/2402
f 2422/2824/2401 2431/2835/2410 2429/2836/2408 2423/2825/2402
f 2432/2837/2411 2433/2838/2412 2434/2839/2413 2435/2840/2414
f 2436/2841/2415 2437/2842/2416 2438/2843/2417 2435/2840/2414
f 2438/2843/2417 2439/2844/2418 2432/2837/2411 2435/2840/2414
f 2440/2845/2419 2426/2828/2405 2425/2827/2404 2441/2846/2420
f 2442/2847/2421 2443/2848/2422 2440/2849/2419 2441/2850/2420
f 2444/2851/2423 2445/2852/2424 2442/2853/2421 2441/2846/2420
f 2425/2827/2404 2430/2834/2409 2446/2854/2425 2441/2846/2420
f 2446/2854/2425 2447/2855/2426 2444/2851/2423 2441/2846/2420
f 2448/2856/2427 2449/2857/2428 2450/2858/2429 2451/2859/2430
f 2452/2860/2431 2453/2861/2432 2448/2856/2427 2451/2859/2430
f 2450/2858/2429 2454/2862/2433 2452/2860/2431 2451/2859/2430
f 2453/2861/2432 2455/2863/2434 2449/2857/2428 2448/2856/2427
f 2454/2862/2433 2455/2863/2434 2453/2861/2432 2452/2860/2431
f 2456/2864/2435 2457/2865/2436 2458/2866/2437 2455/2863/2434
f 2454/2862/2433 2459/2867/2438 2460/2868/2439 2455/2863/2434
f 2460/2868/2439 2461/2869/2440 2456/2864/2435 2455/2863/2434
f 2462/2870/2441 2463/2871/2442 2449/2857/2428 2455/2863/2434
f 2464/2872/2443 2465/2873/2444 2462/2870/2441 2455/2863/2434
f 2458/2866/2437 2466/2874/2445 2464/2872/2443 2455/2863/2434
f 2458/2866/2437 2457/2865/2436 2467/2875/2446 2468/2876/2447
f 2469/2877/2448 2466/2874/2445 2458/2866/2437 2468/2876/2447
f 2470/2878/2449 2471/2879/2450 2472/2880/2451 2473/2881/2452
f 2474/2882/2453 2475/2883/2454 2470/2878/2449 2473/2881/2452
f 2476/2884/2455 2477/2885/2456 2475/2883/2454 2474/2882/2453
f 2478/2886/2457 2466/2874/2445 2469/2877/2448 2479/2887/2458
f 2480/2888/2459 2481/2889/2460 2478/2886/2457 2479/2887/2458
f 2482/2890/2461 2483/2891/2462 2480/2888/2459 2479/2887/2458
f 2467/2875/2446 2457/2865/2436 2484/2892/2463 2479/2887/2458
f 2472/2880/2451 2471/2879/2450 2485/2893/2464 2476/2884/2455
f 2486/2894/2465 2487/2895/2466 2488/2896/2467 2476/2897/2455
f 2485/2893/2464 2489/2898/2468 2486/2899/2465 2476/2884/2455
f 2488/2900/2467 2490/2901/2469 2477/2885/2456 2476/2884/2455
f 2484/2892/2463 2491/2902/2470 2492/2903/2471 2479/2887/2458
f 2492/2904/2471 2493/2905/2472 2482/2906/2461 2479/2907/2458
f 2487/2895/2466 2486/2894/2465 2480/2888/2459 2483/2891/2462
f 2492/2904/2471 2488/2900/2467 2487/2908/2466 2493/2905/2472
f 2487/2895/2466 2483/2891/2462 2482/2890/2461 2493/2909/2472
f 2494/2910/2473 2495/2911/2474 2490/2901/2469 2491/2912/2470
f 2484/2892/2463 2496/2913/2475 2494/2914/2473 2491/2902/2470
f 2490/2901/2469 2488/2900/2467 2492/2904/2471 2491/2912/2470
f 2497/2915/2476 2498/2916/2477 2494/2914/2473 2496/2913/2475
f 2456/2864/2435 2461/2869/2440 2497/2915/2476 2496/2913/2475
f 2484/2892/2463 2457/2865/2436 2456/2864/2435 2496/2913/2475
f 2499/2917/2478 2500/2918/2479 2498/2916/2477 2497/2915/2476
f 2461/2869/2440 2501/2919/2480 2499/2917/2478 2497/2915/2476
f 2502/2920/2481 2503/2921/2482 2499/2917/2478 2501/2919/2480
f 2504/2922/2483 2505/2923/2484 2502/2920/2481 2501/2919/2480
f 2461/2869/2440 2460/2868/2439 2504/2922/2483 2501/2919/2480
f 2506/2924/2485 2507/2925/2486 2505/2923/2484 2504/2922/2483
f 2460/2868/2439 2459/2867/2438 2506/2924/2485 2504/2922/2483
f 2508/2926/2487 2509/2927/2488 2507/2925/2486 2506/2924/2485
f 2459/2867/2438 2510/2928/2489 2508/2926/2487 2506/2924/2485
f 2463/2871/2442 2511/2929/2490 2508/2926/2487 2510/2928/2489
f 2450/2858/2429 2449/2857/2428 2463/2871/2442 2510/2928/2489
f 2459/2867/2438 2454/2862/2433 2450/2858/2429 2510/2928/2489
f 2512/2930/2491 2509/2927/2488 2508/2926/2487 2511/2929/2490
f 2513/2931/2492 2514/2932/2493 2512/2930/2491 2511/2929/2490
f 2463/2871/2442 2462/2870/2441 2513/2931/2492 2511/2929/2490
f 2515/2933/2494 2516/2934/2495 2514/2932/2493 2513/2931/2492
f 2462/2870/2441 2465/2873/2444 2515/2933/2494 2513/2931/2492
f 2437/2842/2416 2436/2841/2415 2516/2934/2495 2515/2933/2494
f 2465/2873/2444 2517/2935/2496 2437/2842/2416 2515/2933/2494
f 2518/2936/2497 2438/2843/2417 2437/2842/2416 2517/2935/2496
f 2519/2937/2498 2520/2938/2499 2518/2936/2497 2517/2935/2496
f 2465/2873/2444 2464/2872/2443 2519/2937/2498 2517/2935/2496
f 2478/2886/2457 2481/2889/2460 2520/2938/2499 2519/2937/2498
f 2464/2872/2443 2466/2874/2445 2478/2886/2457 2519/2937/2498
f 2521/2939/2500 2522/2940/2501 2518/2936/2497 2520/2938/2499
f 2481/2889/2460 2489/2941/2468 2521/2939/2500 2520/2938/2499
f 2523/2942/2502 2431/2835/2410 2522/2940/2501 2521/2939/2500
f 2489/2941/2468 2485/2943/2464 2523/2942/2502 2521/2939/2500
f 2524/2944/2503 2429/2833/2408 2431/2945/2410 2523/2946/2502
f 2485/2893/2464 2471/2879/2450 2524/2944/2503 2523/2946/2502
f 2525/2947/2504 2430/2834/2409 2429/2833/2408 2524/2944/2503
f 2471/2879/2450 2470/2878/2449 2525/2947/2504 2524/2944/2503
f 2526/2948/2505 2446/2854/2425 2430/2834/2409 2525/2947/2504
f 2470/2878/2449 2475/2883/2454 2526/2948/2505 2525/2947/2504
f 2527/2949/2506 2447/2855/2426 2446/2854/2425 2526/2948/2505
f 2475/2883/2454 2477/2885/2456 2527/2949/2506 2526/2948/2505
f 2495/2911/2474 2528/2950/2507 2447/2855/2426 2527/2949/2506
f 2477/2885/2456 2490/2901/2469 2495/2911/2474 2527/2949/2506
f 2529/2951/2508 2444/2851/2423 2447/2855/2426 2528/2950/2507
f 2498/2952/2477 2500/2953/2479 2529/2951/2508 2528/2950/2507
f 2495/2911/2474 2494/2910/2473 2498/2952/2477 2528/2950/2507
f 2530/2954/2509 2445/2852/2424 2444/2851/2423 2529/2951/2508
f 2500/2953/2479 2531/2955/2510 2530/2954/2509 2529/2951/2508
f 2532/2956/2511 2533/2957/2512 2530/2954/2509 2531/2955/2510
f 2503/2921/2482 2534/2958/2513 2532/2959/2511 2531/2960/2510
f 2500/2918/2479 2499/2917/2478 2503/2921/2482 2531/2960/2510
f 2535/2961/2514 2536/2962/2515 2532/2963/2511 2534/2964/2513
f 2537/2965/2516 2538/2966/2517 2535/2967/2514 2534/2958/2513
f 2503/2921/2482 2502/2920/2481 2537/2965/2516 2534/2958/2513
f 2539/2968/2518 2540/2969/2519 2538/2966/2517 2537/2965/2516
f 2502/2920/2481 2505/2923/2484 2539/2968/2518 2537/2965/2516
f 2541/2970/2520 2542/2971/2521 2540/2969/2519 2539/2968/2518
f 2505/2923/2484 2507/2925/2486 2541/2970/2520 2539/2968/2518
f 2543/2972/2522 2544/2973/2523 2542/2971/2521 2541/2970/2520
f 2507/2925/2486 2509/2927/2488 2543/2972/2522 2541/2970/2520
f 2545/2974/2524 2546/2975/2525 2544/2973/2523 2543/2972/2522
f 2509/2927/2488 2512/2930/2491 2545/2974/2524 2543/2972/2522
f 2547/2976/2526 2548/2977/2527 2546/2975/2525 2545/2974/2524
f 2512/2930/2491 2514/2932/2493 2547/2976/2526 2545/2974/2524
f 2549/2978/2528 2550/2979/2529 2548/2977/2527 2547/2976/2526
f 2514/2932/2493 2516/2934/2495 2549/2978/2528 2547/2976/2526
f 2551/2980/2530 2552/2981/2531 2550/2979/2529 2549/2978/2528
f 2516/2934/2495 2436/2841/2415 2551/2980/2530 2549/2978/2528
f 2553/2982/2532 2554/2983/2533 2552/2981/2531 2551/2980/2530
f 2436/2841/2415 2435/2840/2414 2553/2982/2532 2551/2980/2530
f 2555/2984/2534 2556/2985/2535 2554/2983/2533 2553/2982/2532
f 2435/2840/2414 2434/2839/2413 2555/2984/2534 2553/2982/2532
f 2557/2986/2536 2558/2987/2537 2556/2985/2535 2555/2984/2534
f 2434/2839/2413 2559/2988/2538 2557/2986/2536 2555/2984/2534
f 2560/2989/2539 2561/2990/2540 2557/2986/2536 2559/2988/2538
f 2562/2991/2541 2563/2992/2542 2560/2989/2539 2559/2988/2538
f 2434/2839/2413 2433/2838/2412 2562/2991/2541 2559/2988/2538
f 2564/2993/2543 2565/2994/2544 2563/2992/2542 2562/2991/2541
f 2433/2838/2412 2419/2821/2398 2564/2993/2543 2562/2991/2541
f 2566/2995/2545 2567/2996/2546 2565/2994/2544 2564/2993/2543
f 2419/2821/2398 2418/2820/2397 2566/2995/2545 2564/2993/2543
f 2413/2815/2392 2410/2814/2389 2567/2996/2546 2566/2995/2545
f 2418/2820/2397 2417/2819/2396 2413/2815/2392 2566/2995/2545
f 2568/2997/2547 2569/2998/2548 2565/2999/2544 2567/3000/2546
f 2410/2810/2389 2405/2803/2384 2568/2997/2547 2567/3000/2546
f 2570/3001/2549 2571/3002/2550 2569/2998/2548 2568/2997/2547
f 2405/2803/2384 2404/2802/2383 2570/3001/2549 2568/2997/2547
f 2427/2829/2406 2426/2828/2405 2571/3002/2550 2570/3001/2549
f 2404/2802/2383 2428/3003/2407 2427/2829/2406 2570/3001/2549
f 2572/3004/2551 2573/3005/2552 2569/2998/2548 2571/3002/2550
f 2426/2828/2405 2440/2845/2419 2572/3004/2551 2571/3002/2550
f 2574/3006/2553 2575/3007/2554 2573/3008/2552 2572/3009/2551
f 2440/2849/2419 2443/2848/2422 2574/3006/2553 2572/3009/2551
f 2576/3010/2555 2577/3011/2556 2575/3007/2554 2574/3006/2553
f 2443/2848/2422 2578/3012/2557 2576/3010/2555 2574/3006/2553
f 2579/3013/2558 2580/3014/2559 2576/3010/2555 2578/3012/2557
f 2581/3015/2560 2582/3016/2561 2579/3013/2558 2578/3012/2557
f 2443/2848/2422 2442/2847/2421 2581/3015/2560 2578/3012/2557
f 2583/3017/2562 2584/3018/2563 2582/3016/2561 2581/3015/2560
f 2442/2847/2421 2445/3019/2424 2583/3017/2562 2581/3015/2560
f 2533/3020/2512 2585/3021/2564 2584/3022/2563 2583/3023/2562
f 2445/2852/2424 2530/2954/2509 2533/2957/2512 2583/3024/2562
f 2586/3025/2565 2587/3026/2566 2584/3022/2563 2585/3021/2564
f 2536/3027/2515 2588/3028/2567 2586/3025/2565 2585/3021/2564
f 2533/3020/2512 2532/3029/2511 2536/3027/2515 2585/3021/2564
f 2589/3030/2568 2590/3031/2569 2586/3025/2565 2588/3028/2567
f 2591/3032/2570 2592/3033/2571 2589/3034/2568 2588/3035/2567
f 2536/2962/2515 2535/2961/2514 2591/3032/2570 2588/3035/2567
f 2593/3036/2572 2594/3037/2573 2592/3033/2571 2591/3032/2570
f 2535/2961/2514 2538/3038/2517 2593/3036/2572 2591/3032/2570
f 2595/3039/2574 2596/3040/2575 2594/3037/2573 2593/3036/2572
f 2538/3038/2517 2540/3041/2519 2595/3039/2574 2593/3036/2572
f 2597/3042/2576 2598/3043/2577 2596/3040/2575 2595/3039/2574
f 2540/3041/2519 2542/3044/2521 2597/3042/2576 2595/3039/2574
f 2599/3045/2578 2600/3046/2579 2598/3043/2577 2597/3042/2576
f 2542/3044/2521 2544/3047/2523 2599/3045/2578 2597/3042/2576
f 2601/3048/2580 2602/3049/2581 2600/3046/2579 2599/3045/2578
f 2544/3047/2523 2546/3050/2525 2601/3048/2580 2599/3045/2578
f 2603/3051/2582 2604/3052/2583 2602/3049/2581 2601/3048/2580
f 2546/3050/2525 2548/3053/2527 2603/3051/2582 2601/3048/2580
f 2605/3054/2584 2606/3055/2585 2604/3052/2583 2603/3051/2582
f 2548/3053/2527 2550/3056/2529 2605/3054/2584 2603/3051/2582
f 2607/3057/2586 2608/3058/2587 2606/3055/2585 2605/3054/2584
f 2550/3056/2529 2552/3059/2531 2607/3057/2586 2605/3054/2584
f 2609/3060/2588 2610/3061/2589 2608/3058/2587 2607/3057/2586
f 2552/3059/2531 2554/3062/2533 2609/3060/2588 2607/3057/2586
f 2611/3063/2590 2612/3064/2591 2610/3061/2589 2609/3060/2588
f 2554/3062/2533 2556/3065/2535 2611/3063/2590 2609/3060/2588
f 2613/3066/2592 2614/3067/2593 2612/3064/2591 2611/3063/2590
f 2556/3065/2535 2558/3068/2537 2613/3066/2592 2611/3063/2590
f 2615/3069/2594 2616/3070/2595 2614/3067/2593 2613/3066/2592
f 2558/3068/2537 2617/3071/2596 2615/3069/2594 2613/3066/2592
f 2618/3072/2597 2619/3073/2598 2615/3069/2594 2617/3071/2596
f 2561/3074/2540 2577/3075/2556 2618/3072/2597 2617/3071/2596
f 2558/2987/2537 2557/2986/2536 2561/2990/2540 2617/3076/2596
f 2580/3077/2559 2620/3078/2599 2619/3073/2598 2618/3072/2597
f 2577/3011/2556 2576/3010/2555 2580/3014/2559 2618/3079/2597
f 2621/3080/2600 2622/3081/2601 2619/3073/2598 2620/3078/2599
f 2623/3082/2602 2624/3083/2603 2621/3080/2600 2620/3078/2599
f 2580/3077/2559 2579/3084/2558 2623/3082/2602 2620/3078/2599
f 2625/3085/2604 2626/3086/2605 2624/3083/2603 2623/3082/2602
f 2579/3084/2558 2582/3087/2561 2625/3085/2604 2623/3082/2602
f 2587/3026/2566 2627/3088/2606 2626/3086/2605 2625/3085/2604
f 2582/3087/2561 2584/3022/2563 2587/3026/2566 2625/3085/2604
f 2628/3089/2607 2629/3090/2608 2626/3086/2605 2627/3088/2606
f 2590/3031/2569 2630/3091/2609 2628/3089/2607 2627/3088/2606
f 2587/3026/2566 2586/3025/2565 2590/3031/2569 2627/3088/2606
f 2631/3092/2610 2632/3093/2611 2628/3089/2607 2630/3091/2609
f 2633/3094/2612 2634/3095/2613 2631/3092/2610 2630/3091/2609
f 2590/3031/2569 2589/3030/2568 2633/3094/2612 2630/3091/2609
f 2635/3096/2614 2636/3097/2615 2634/3098/2613 2633/3099/2612
f 2589/3034/2568 2592/3033/2571 2635/3096/2614 2633/3099/2612
f 2637/3100/2616 2638/3101/2617 2636/3097/2615 2635/3096/2614
f 2592/3033/2571 2594/3037/2573 2637/3100/2616 2635/3096/2614
f 2639/3102/2618 2640/3103/2619 2638/3101/2617 2637/3100/2616
f 2594/3037/2573 2596/3040/2575 2639/3102/2618 2637/3100/2616
f 2641/3104/2620 2642/3105/2621 2640/3103/2619 2639/3102/2618
f 2596/3040/2575 2598/3043/2577 2641/3104/2620 2639/3102/2618
f 2643/3106/2622 2644/3107/2623 2642/3105/2621 2641/3104/2620
f 2598/3043/2577 2600/3046/2579 2643/3106/2622 2641/3104/2620
f 2645/3108/2624 2646/3109/2625 2644/3107/2623 2643/3106/2622
f 2600/3046/2579 2602/3049/2581 2645/3108/2624 2643/3106/2622
f 2647/3110/2626 2648/3111/2627 2646/3109/2625 2645/3108/2624
f 2602/3049/2581 2604/3052/2583 2647/3110/2626 2645/3108/2624
f 2649/3112/2628 2650/3113/2629 2648/3111/2627 2647/3110/2626
f 2604/3052/2583 2606/3055/2585 2649/3112/2628 2647/3110/2626
f 2651/3114/2630 2652/3115/2631 2650/3113/2629 2649/3112/2628
f 2606/3055/2585 2608/3058/2587 2651/3114/2630 2649/3112/2628
f 2653/3116/2632 2654/3117/2633 2652/3115/2631 2651/3114/2630
f 2608/3058/2587 2610/3061/2589 2653/3116/2632 2651/3114/2630
f 2655/3118/2634 2656/3119/2635 2654/3117/2633 2653/3116/2632
f 2610/3061/2589 2612/3064/2591 2655/3118/2634 2653/3116/2632
f 2657/3120/2636 2658/3121/2637 2656/3119/2635 2655/3118/2634
f 2612/3064/2591 2614/3067/2593 2657/3120/2636 2655/3118/2634
f 2659/3122/2638 2660/3123/2639 2658/3121/2637 2657/3120/2636
f 2614/3067/2593 2616/3070/2595 2659/3122/2638 2657/3120/2636
f 2661/3124/2640 2662/3125/2641 2660/3123/2639 2659/3122/2638
f 2616/3070/2595 2622/3081/2601 2661/3124/2640 2659/3122/2638
f 2663/3126/2642 2664/3127/2643 2662/3125/2641 2661/3124/2640
f 2622/3081/2601 2621/3080/2600 2663/3126/2642 2661/3124/2640
f 2665/3128/2644 2666/3129/2645 2664/3127/2643 2663/3126/2642
f 2621/3080/2600 2624/3083/2603 2665/3128/2644 2663/3126/2642
f 2629/3090/2608 2667/3130/2646 2666/3129/2645 2665/3128/2644
f 2624/3083/2603 2626/3086/2605 2629/3090/2608 2665/3128/2644
f 2668/3131/2647 2669/3132/2648 2666/3129/2645 2667/3130/2646
f 2632/3093/2611 2670/3133/2649 2668/3131/2647 2667/3130/2646
f 2629/3090/2608 2628/3089/2607 2632/3093/2611 2667/3130/2646
f 2671/3134/2650 2672/3135/2651 2668/3131/2647 2670/3133/2649
f 2673/3136/2652 2674/3137/2653 2671/3134/2650 2670/3133/2649
f 2632/3093/2611 2631/3092/2610 2673/3136/2652 2670/3133/2649
f 2675/3138/2654 2676/3139/2655 2674/3137/2653 2673/3136/2652
f 2631/3092/2610 2634/3095/2613 2675/3138/2654 2673/3136/2652
f 2677/3140/2656 2678/3141/2657 2676/3142/2655 2675/3143/2654
f 2634/3098/2613 2636/3097/2615 2677/3140/2656 2675/3143/2654
f 2679/3144/2658 2680/3145/2659 2678/3141/2657 2677/3140/2656
f 2636/3097/2615 2638/3101/2617 2679/3144/2658 2677/3140/2656
f 2681/3146/2660 2682/3147/2661 2680/3145/2659 2679/3144/2658
f 2638/3101/2617 2640/3103/2619 2681/3146/2660 2679/3144/2658
f 2683/3148/2662 2684/3149/2663 2682/3147/2661 2681/3146/2660
f 2640/3103/2619 2642/3105/2621 2683/3148/2662 2681/3146/2660
f 2685/3150/2664 2686/3151/2665 2684/3149/2663 2683/3148/2662
f 2642/3105/2621 2644/3107/2623 2685/3150/2664 2683/3148/2662
f 2687/3152/2666 2688/3153/2667 2686/3151/2665 2685/3150/2664
f 2644/3107/2623 2646/3109/2625 2687/3152/2666 2685/3150/2664
f 2689/3154/2668 2690/3155/2669 2688/3153/2667 2687/3152/2666
f 2646/3109/2625 2648/3111/2627 2689/3154/2668 2687/3152/2666
f 2691/3156/2670 2692/3157/2671 2690/3155/2669 2689/3154/2668
f 2648/3111/2627 2650/3113/2629 2691/3156/2670 2689/3154/2668
f 2693/3158/2672 2694/3159/2673 2692/3157/2671 2691/3156/2670
f 2650/3113/2629 2652/3115/2631 2693/3158/2672 2691/3156/2670
f 2695/3160/2674 2696/3161/2675 2694/3159/2673 2693/3158/2672
f 2652/3115/2631 2654/3117/2633 2695/3160/2674 2693/3158/2672
f 2697/3162/2676 2698/3163/2677 2696/3161/2675 2695/3160/2674
f 2654/3117/2633 2656/3119/2635 2697/3162/2676 2695/3160/2674
f 2699/3164/2678 2700/3165/2679 2698/3163/2677 2697/3162/2676
f 2656/3119/2635 2658/3121/2637 2699/3164/2678 2697/3162/2676
f 2701/3166/2680 2702/3167/2681 2700/3165/2679 2699/3164/2678
f 2658/3121/2637 2660/3123/2639 2701/3166/2680 2699/3164/2678
f 2703/3168/2682 2704/3169/2683 2702/3167/2681 2701/3166/2680
f 2660/3123/2639 2662/3125/2641 2703/3168/2682 2701/3166/2680
f 2705/3170/2684 2706/3171/2685 2704/3169/2683 2703/3168/2682
f 2662/3125/2641 2664/3127/2643 2705/3170/2684 2703/3168/2682
f 2669/3132/2648 2707/3172/2686 2706/3171/2685 2705/3170/2684
f 2664/3127/2643 2666/3129/2645 2669/3132/2648 2705/3170/2684
f 2708/3173/2687 2709/3174/2688 2706/3171/2685 2707/3172/2686
f 2672/3135/2651 2710/3175/2689 2708/3173/2687 2707/3172/2686
f 2669/3132/2648 2668/3131/2647 2672/3135/2651 2707/3172/2686
f 2711/3176/2690 2712/3177/2691 2708/3173/2687 2710/3175/2689
f 2713/3178/2692 2714/3179/2693 2711/3176/2690 2710/3175/2689
f 2672/3135/2651 2671/3134/2650 2713/3178/2692 2710/3175/2689
f 2715/3180/2694 2716/3181/2695 2714/3179/2693 2713/3178/2692
f 2671/3134/2650 2674/3137/2653 2715/3180/2694 2713/3178/2692
f 2717/3182/2696 2718/3183/2697 2716/3181/2695 2715/3180/2694
f 2674/3137/2653 2676/3139/2655 2717/3182/2696 2715/3180/2694
f 2719/3184/2698 2720/3185/2699 2718/3186/2697 2717/3187/2696
f 2676/3142/2655 2678/3141/2657 2719/3184/2698 2717/3187/2696
f 2721/3188/2700 2722/3189/2701 2720/3185/2699 2719/3184/2698
f 2678/3141/2657 2680/3145/2659 2721/3188/2700 2719/3184/2698
f 2723/3190/2702 2724/3191/2703 2722/3189/2701 2721/3188/2700
f 2680/3145/2659 2682/3147/2661 2723/3190/2702 2721/3188/2700
f 2725/3192/2704 2726/3193/2705 2724/3191/2703 2723/3190/2702
f 2682/3147/2661 2684/3149/2663 2725/3192/2704 2723/3190/2702
f 2727/3194/2706 2728/3195/2707 2726/3193/2705 2725/3192/2704
f 2684/3149/2663 2686/3151/2665 2727/3194/2706 2725/3192/2704
f 2729/3196/2708 2730/3197/2709 2728/3195/2707 2727/3194/2706
f 2686/3151/2665 2688/3153/2667 2729/3196/2708 2727/3194/2706
f 2731/3198/2710 2732/3199/2711 2730/3197/2709 2729/3196/2708
f 2688/3153/2667 2690/3155/2669 2731/3198/2710 2729/3196/2708
f 2733/3200/2712 2734/3201/2713 2732/3199/2711 2731/3198/2710
f 2690/3155/2669 2692/3157/2671 2733/3200/2712 2731/3198/2710
f 2735/3202/2714 2736/3203/2715 2734/3201/2713 2733/3200/2712
f 2692/3157/2671 2694/3159/2673 2735/3202/2714 2733/3200/2712
f 2737/3204/2716 2738/3205/2717 2736/3203/2715 2735/3202/2714
f 2694/3159/2673 2696/3161/2675 2737/3204/2716 2735/3202/2714
f 2739/3206/2718 2740/3207/2719 2738/3205/2717 2737/3204/2716
f 2696/3161/2675 2698/3163/2677 2739/3206/2718 2737/3204/2716
f 2741/3208/2720 2742/3209/2721 2740/3207/2719 2739/3206/2718
f 2698/3163/2677 2700/3165/2679 2741/3208/2720 2739/3206/2718
f 2743/3210/2722 2744/3211/2723 2742/3209/2721 2741/3208/2720
f 2700/3165/2679 2702/3167/2681 2743/3210/2722 2741/3208/2720
f 2745/3212/2724 2746/3213/2725 2744/3211/2723 2743/3210/2722
f 2702/3167/2681 2704/3169/2683 2745/3212/2724 2743/3210/2722
f 2709/3174/2688 2747/3214/2726 2746/3213/2725 2745/3212/2724
f 2704/3169/2683 2706/3171/2685 2709/3174/2688 2745/3212/2724
f 2748/3215/2727 2749/3216/2728 2746/3217/2725 2747/3218/2726
f 2712/3219/2691 2750/3220/2729 2748/3215/2727 2747/3218/2726
f 2709/3174/2688 2708/3173/2687 2712/3177/2691 2747/3214/2726
f 2396/2794/2375 2389/2787/2368 2748/3215/2727 2750/3220/2729
f 2751/3221/2730 2402/2800/2381 2396/2794/2375 2750/3220/2729
f 2712/3219/2691 2711/3222/2690 2751/3221/2730 2750/3220/2729
f 2752/3223/2731 2403/2801/2382 2402/2800/2381 2751/3221/2730
f 2711/3222/2690 2714/3224/2693 2752/3223/2731 2751/3221/2730
f 2753/3225/2732 2754/3226/2733 2403/2801/2382 2752/3223/2731
f 2714/3224/2693 2716/3227/2695 2753/3225/2732 2752/3223/2731
f 2755/3228/2734 2756/3229/2735 2754/3230/2733 2753/3231/2732
f 2716/3232/2695 2718/3233/2697 2755/3228/2734 2753/3231/2732
f 2757/3234/2736 2758/3235/2737 2756/3229/2735 2755/3228/2734
f 2718/3233/2697 2720/3236/2699 2757/3234/2736 2755/3228/2734
f 2759/3237/2738 2760/3238/2739 2758/3235/2737 2757/3234/2736
f 2720/3236/2699 2722/3239/2701 2759/3237/2738 2757/3234/2736
f 2761/3240/2740 2762/3241/2741 2760/3238/2739 2759/3237/2738
f 2722/3239/2701 2724/3242/2703 2761/3240/2740 2759/3237/2738
f 2763/3243/2742 2764/3244/2743 2762/3241/2741 2761/3240/2740
f 2724/3242/2703 2726/3245/2705 2763/3243/2742 2761/3240/2740
f 2765/3246/2744 2766/3247/2745 2764/3244/2743 2763/3243/2742
f 2726/3245/2705 2728/3248/2707 2765/3246/2744 2763/3243/2742
f 2767/3249/2746 2768/3250/2747 2766/3247/2745 2765/3246/2744
f 2728/3248/2707 2730/3251/2709 2767/3249/2746 2765/3246/2744
f 2769/3252/2748 2770/3253/2749 2768/3250/2747 2767/3249/2746
f 2730/3251/2709 2732/3254/2711 2769/3252/2748 2767/3249/2746
f 2771/3255/2750 2772/3256/2751 2770/3253/2749 2769/3252/2748
f 2732/3254/2711 2734/3257/2713 2771/3255/2750 2769/3252/2748
f 2773/3258/2752 2774/3259/2753 2772/3256/2751 2771/3255/2750
f 2734/3257/2713 2736/3260/2715 2773/3258/2752 2771/3255/2750
f 2775/3261/2754 2776/3262/2755 2774/3259/2753 2773/3258/2752
f 2736/3260/2715 2738/3263/2717 2775/3261/2754 2773/3258/2752
f 2777/3264/2756 2778/3265/2757 2776/3262/2755 2775/3261/2754
f 2738/3263/2717 2740/3266/2719 2777/3264/2756 2775/3261/2754
f 2779/3267/2758 2780/3268/2759 2778/3265/2757 2777/3264/2756
f 2740/3266/2719 2742/3269/2721 2779/3267/2758 2777/3264/2756
f 2781/3270/2760 2390/2788/2369 2780/3268/2759 2779/3267/2758
f 2742/3269/2721 2744/3271/2723 2781/3270/2760 2779/3267/2758
f 2749/3216/2728 2388/2786/2367 2390/2788/2369 2781/3270/2760
f 2744/3271/2723 2746/3217/2725 2749/3216/2728 2781/3270/2760
f 2782/3272/2761 2783/3273/2762 2778/3265/2757 2780/3268/2759
f 2390/2788/2369 2386/2784/2365 2782/3272/2761 2780/3268/2759
f 2784/3274/2763 2785/3275/2764 2783/3273/2762 2782/3272/2761
f 2386/2784/2365 2385/2783/2364 2784/3274/2763 2782/3272/2761
f 2786/3276/2765 2787/3277/2766 2785/3275/2764 2784/3274/2763
f 2385/2783/2364 2392/2790/2371 2786/3276/2765 2784/3274/2763
f 2350/2744/2329 2352/2746/2331 2787/3277/2766 2786/3276/2765
f 2392/2790/2371 2351/2745/2330 2350/2744/2329 2786/3276/2765
f 2352/2746/2331 2788/3278/2767 2789/3279/2768 2787/3277/2766
f 2789/3279/2768 2790/3280/2769 2785/3275/2764 2787/3277/2766
f 2789/3279/2768 2791/3281/2770 2792/3282/2771 2790/3280/2769
f 2793/3283/2772 2783/3273/2762 2785/3275/2764 2790/3280/2769
f 2792/3282/2771 2794/3284/2773 2793/3283/2772 2790/3280/2769
f 2792/3282/2771 2795/3285/2774 2796/3286/2775 2794/3284/2773
f 2774/3259/2753 2776/3262/2755 2793/3283/2772 2794/3284/2773
f 2796/3286/2775 2772/3256/2751 2774/3259/2753 2794/3284/2773
f 2797/3287/2776 2798/3288/2777 2799/3289/2778 2795/3285/2774
f 2792/3282/2771 2791/3281/2770 2797/3287/2776 2795/3285/2774
f 2799/3289/2778 2800/3290/2779 2796/3286/2775 2795/3285/2774
f 2799/3289/2778 2801/3291/2780 2802/3292/2781 2800/3290/2779
f 2770/3253/2749 2772/3256/2751 2796/3286/2775 2800/3290/2779
f 2802/3292/2781 2768/3250/2747 2770/3253/2749 2800/3290/2779
f 2803/3293/2782 2804/3294/2783 2805/3295/2784 2801/3291/2780
f 2799/3289/2778 2798/3288/2777 2803/3293/2782 2801/3291/2780
f 2805/3295/2784 2806/3296/2785 2802/3292/2781 2801/3291/2780
f 2805/3295/2784 2807/3297/2786 2808/3298/2787 2806/3296/2785
f 2766/3247/2745 2768/3250/2747 2802/3292/2781 2806/3296/2785
f 2808/3298/2787 2764/3244/2743 2766/3247/2745 2806/3296/2785
f 2809/3299/2788 2810/3300/2789 2811/3301/2790 2807/3297/2786
f 2805/3295/2784 2804/3294/2783 2809/3299/2788 2807/3297/2786
f 2811/3301/2790 2812/3302/2791 2808/3298/2787 2807/3297/2786
f 2811/3301/2790 2813/3303/2792 2814/3304/2793 2812/3302/2791
f 2762/3241/2741 2764/3244/2743 2808/3298/2787 2812/3302/2791
f 2814/3304/2793 2760/3238/2739 2762/3241/2741 2812/3302/2791
f 2815/3305/2794 2816/3306/2795 2817/3307/2796 2813/3303/2792
f 2811/3301/2790 2810/3300/2789 2815/3305/2794 2813/3303/2792
f 2817/3307/2796 2818/3308/2797 2814/3304/2793 2813/3303/2792
f 2817/3307/2796 2819/3309/2798 2820/3310/2799 2818/3308/2797
f 2758/3235/2737 2760/3238/2739 2814/3304/2793 2818/3308/2797
f 2820/3310/2799 2756/3229/2735 2758/3235/2737 2818/3308/2797
f 2821/3311/2800 2822/3312/2801 2823/3313/2802 2819/3309/2798
f 2817/3307/2796 2816/3306/2795 2821/3311/2800 2819/3309/2798
f 2823/3313/2802 2824/3314/2803 2820/3310/2799 2819/3309/2798
f 2823/3315/2802 2825/3316/2804 2397/2795/2376 2824/3317/2803
f 2754/3230/2733 2756/3229/2735 2820/3310/2799 2824/3314/2803
f 2397/2795/2376 2403/2801/2382 2754/3226/2733 2824/3317/2803
f 2826/3318/2805 2827/3319/2806 2828/3320/2807 2825/3316/2804
f 2823/3315/2802 2822/3321/2801 2826/3318/2805 2825/3316/2804
f 2828/3320/2807 2398/2796/2377 2397/2795/2376 2825/3316/2804
f 2829/3322/2808 2830/3323/2809 2827/3319/2806 2826/3318/2805
f 2822/3321/2801 2831/3324/2810 2829/3322/2808 2826/3318/2805
f 2832/3325/2811 2833/3326/2812 2829/3322/2808 2831/3324/2810
f 2379/2777/2358 2375/2773/2354 2832/3327/2811 2831/3328/2810
f 2822/3312/2801 2821/3311/2800 2379/2777/2358 2831/3328/2810
f 2834/3329/2813 2835/3330/2814 2833/3326/2812 2832/3325/2811
f 2375/2773/2354 2374/2772/2353 2834/3331/2813 2832/3327/2811
f 2836/3332/2815 2837/3333/2816 2835/3330/2814 2834/3329/2813
f 2374/2772/2353 2838/3334/2817 2836/3335/2815 2834/3331/2813
f 2839/3336/2818 2840/3337/2819 2836/3335/2815 2838/3334/2817
f 2841/3338/2820 2842/3339/2821 2839/3336/2818 2838/3334/2817
f 2374/2772/2353 2373/2771/2352 2841/3338/2820 2838/3334/2817
f 2843/3340/2822 2844/3341/2823 2842/3339/2821 2841/3338/2820
f 2373/2771/2352 2378/2776/2357 2843/3340/2822 2841/3338/2820
f 994/1161/983 993/1160/982 2844/3341/2823 2843/3340/2822
f 2378/2776/2357 995/1162/984 994/1161/983 2843/3340/2822
f 2378/2776/2357 2377/2775/2356 996/1163/985 995/1162/984
f 2377/2775/2356 2383/2781/2362 997/1164/986 996/1163/985
f 2383/2781/2362 2372/2770/2351 998/1165/987 997/1164/986
f 2372/2770/2351 2364/2762/2343 999/1167/988 998/1165/987
f 2364/2762/2343 2363/2761/2342 1000/1168/989 999/1167/988
f 2363/2761/2342 2845/3342/2824 1001/1169/990 1000/1168/989
f 2846/3343/2825 1003/1171/992 1001/1169/990 2845/3342/2824
f 2847/3344/2826 2848/3345/2827 2846/3343/2825 2845/3342/2824
f 2363/2761/2342 2362/2760/2341 2847/3344/2826 2845/3342/2824
f 2849/3346/2828 2850/3347/2829 2848/3345/2827 2847/3344/2826
f 2362/2760/2341 2369/2767/2348 2849/3346/2828 2847/3344/2826
f 2851/3348/2830 2852/3349/2831 2850/3347/2829 2849/3346/2828
f 2369/2767/2348 2853/3350/2832 2851/3348/2830 2849/3346/2828
f 2854/3351/2833 2855/3352/2834 2851/3348/2830 2853/3350/2832
f 2856/3353/2835 2857/3354/2836 2854/3351/2833 2853/3350/2832
f 2369/2767/2348 2368/2766/2347 2856/3353/2835 2853/3350/2832
f 2858/3355/2837 2859/3356/2838 2857/3354/2836 2856/3353/2835
f 2368/2766/2347 2367/2765/2346 2858/3355/2837 2856/3353/2835
f 2803/3293/2782 2798/3288/2777 2859/3356/2838 2858/3355/2837
f 2367/2765/2346 2804/3294/2783 2803/3293/2782 2858/3355/2837
f 2860/3357/2839 2861/3358/2840 2857/3354/2836 2859/3356/2838
f 2798/3288/2777 2797/3287/2776 2860/3357/2839 2859/3356/2838
f 2862/3359/2841 2863/3360/2842 2861/3358/2840 2860/3357/2839
f 2797/3287/2776 2791/3281/2770 2862/3359/2841 2860/3357/2839
f 2788/3278/2767 2864/3361/2843 2863/3360/2842 2862/3359/2841
f 2791/3281/2770 2789/3279/2768 2788/3278/2767 2862/3359/2841
f 2865/3362/2844 2866/3363/2845 2863/3360/2842 2864/3361/2843
f 2347/2741/2326 2346/2740/2325 2865/3362/2844 2864/3361/2843
f 2788/3278/2767 2352/2746/2331 2347/2741/2326 2864/3361/2843
f 2867/3364/2846 2868/3365/2847 2866/3363/2845 2865/3362/2844
f 2346/2740/2325 2869/3366/2848 2867/3364/2846 2865/3362/2844
f 2870/3367/2849 2871/3368/2850 2867/3364/2846 2869/3366/2848
f 2872/3369/2851 2873/3370/2852 2870/3367/2849 2869/3366/2848
f 2346/2740/2325 2344/2738/2323 2872/3369/2851 2869/3366/2848
f 2874/3371/2853 2875/3372/2854 2873/3370/2852 2872/3369/2851
f 2344/2738/2323 2343/2737/2322 2874/3371/2853 2872/3369/2851
f 2876/3373/2855 2877/3374/2856 2875/3372/2854 2874/3371/2853
f 2343/2737/2322 2878/3375/2857 2876/3373/2855 2874/3371/2853
f 2879/3376/2858 2880/3377/2859 2876/3373/2855 2878/3375/2857
f 2881/3378/2860 2882/3379/2861 2879/3376/2858 2878/3375/2857
f 2343/2737/2322 2342/2736/2321 2881/3378/2860 2878/3375/2857
f 2883/3380/2862 2884/3381/2863 2882/3379/2861 2881/3378/2860
f 2342/2736/2321 2349/2743/2328 2883/3380/2862 2881/3378/2860
f 2885/3382/2864 2886/3383/2865 2884/3381/2863 2883/3380/2862
f 2349/2743/2328 2887/3384/2866 2885/3382/2864 2883/3380/2862
f 2349/2743/2328 2348/2742/2327 2888/3385/2867 2887/3384/2866
f 2399/2797/2378 2398/2796/2377 2885/3382/2864 2887/3384/2866
f 2888/3385/2867 2401/2799/2380 2399/2797/2378 2887/3384/2866
f 2348/2742/2327 2351/2745/2330 2391/2789/2370 2888/3385/2867
f 2391/2789/2370 2395/2793/2374 2401/2799/2380 2888/3385/2867
f 2398/2796/2377 2828/3320/2807 2886/3383/2865 2885/3382/2864
f 2889/3386/2868 2890/3387/2869 2884/3381/2863 2886/3383/2865
f 2828/3320/2807 2827/3319/2806 2889/3386/2868 2886/3383/2865
f 2891/3388/2870 2892/3389/2871 2890/3387/2869 2889/3386/2868
f 2827/3319/2806 2830/3323/2809 2891/3388/2870 2889/3386/2868
f 2893/3390/2872 2894/3391/2873 2892/3389/2871 2891/3388/2870
f 2830/3323/2809 2895/3392/2874 2893/3390/2872 2891/3388/2870
f 2896/3393/2875 2359/2757/2338 2893/3390/2872 2895/3392/2874
f 2833/3326/2812 2835/3330/2814 2896/3393/2875 2895/3392/2874
f 2830/3323/2809 2829/3322/2808 2833/3326/2812 2895/3392/2874
f 2897/3394/2876 2360/2758/2339 2359/2757/2338 2896/3393/2875
f 2835/3330/2814 2837/3333/2816 2897/3394/2876 2896/3393/2875
f 2898/3395/2877 2356/2754/2335 2360/2758/2339 2897/3394/2876
f 2837/3333/2816 2899/3396/2878 2898/3395/2877 2897/3394/2876
f 2900/3397/2879 2901/3398/2880 2898/3399/2877 2899/3400/2878
f 2840/3401/2819 2902/3402/2881 2900/3397/2879 2899/3400/2878
f 2837/3333/2816 2836/3332/2815 2840/3403/2819 2899/3396/2878
f 2903/3404/2882 2904/3405/2883 2900/3397/2879 2902/3402/2881
f 2905/3406/2884 2906/3407/2885 2903/3404/2882 2902/3402/2881
f 2840/3401/2819 2839/3408/2818 2905/3406/2884 2902/3402/2881
f 2907/3409/2886 2908/3410/2887 2906/3407/2885 2905/3406/2884
f 2839/3408/2818 2842/3411/2821 2907/3409/2886 2905/3406/2884
f 2909/3412/2888 2910/3413/2889 2908/3410/2887 2907/3409/2886
f 2842/3411/2821 2844/3414/2823 2909/3412/2888 2907/3409/2886
f 1070/1251/1059 1069/1250/1058 2910/3413/2889 2909/3412/2888
f 2844/3414/2823 993/1252/982 1070/1251/1059 2909/3412/2888
f 2911/3415/2890 2912/3416/2891 1072/1254/1061 1071/1253/1060
f 1003/1171/992 2846/3343/2825 2911/3415/2890 1071/1253/1060
f 2913/3417/2892 2914/3418/2893 2912/3416/2891 2911/3415/2890
f 2846/3343/2825 2848/3345/2827 2913/3417/2892 2911/3415/2890
f 2915/3419/2894 2916/3420/2895 2914/3418/2893 2913/3417/2892
f 2848/3345/2827 2850/3347/2829 2915/3419/2894 2913/3417/2892
f 2917/3421/2896 2918/3422/2897 2916/3420/2895 2915/3419/2894
f 2850/3347/2829 2852/3349/2831 2917/3421/2896 2915/3419/2894
f 2919/3423/2898 2920/3424/2899 2918/3422/2897 2917/3421/2896
f 2852/3349/2831 2921/3425/2900 2919/3423/2898 2917/3421/2896
f 2922/3426/2901 2923/3427/2902 2919/3423/2898 2921/3425/2900
f 2855/3352/2834 2924/3428/2903 2922/3426/2901 2921/3425/2900
f 2852/3349/2831 2851/3348/2830 2855/3352/2834 2921/3425/2900
f 2868/3365/2847 2925/3429/2904 2922/3426/2901 2924/3428/2903
f 2926/3430/2905 2866/3363/2845 2868/3365/2847 2924/3428/2903
f 2855/3352/2834 2854/3351/2833 2926/3430/2905 2924/3428/2903
f 2861/3358/2840 2863/3360/2842 2866/3363/2845 2926/3430/2905
f 2854/3351/2833 2857/3354/2836 2861/3358/2840 2926/3430/2905
f 2927/3431/2906 2923/3427/2902 2922/3426/2901 2925/3429/2904
f 2871/3368/2850 2928/3432/2907 2927/3431/2906 2925/3429/2904
f 2868/3365/2847 2867/3364/2846 2871/3368/2850 2925/3429/2904
f 2929/3433/2908 2930/3434/2909 2927/3431/2906 2928/3432/2907
f 2931/3435/2910 2932/3436/2911 2929/3433/2908 2928/3432/2907
f 2871/3368/2850 2870/3367/2849 2931/3435/2910 2928/3432/2907
f 2933/3437/2912 2934/3438/2913 2932/3436/2911 2931/3435/2910
f 2870/3367/2849 2873/3370/2852 2933/3437/2912 2931/3435/2910
f 2935/3439/2914 2936/3440/2915 2934/3438/2913 2933/3437/2912
f 2873/3370/2852 2875/3372/2854 2935/3439/2914 2933/3437/2912
f 2937/3441/2916 2938/3442/2917 2936/3440/2915 2935/3439/2914
f 2875/3372/2854 2877/3374/2856 2937/3441/2916 2935/3439/2914
f 2939/3443/2918 2940/3444/2919 2938/3442/2917 2937/3441/2916
f 2877/3374/2856 2941/3445/2920 2939/3443/2918 2937/3441/2916
f 2942/3446/2921 2943/3447/2922 2939/3443/2918 2941/3445/2920
f 2880/3377/2859 2944/3448/2923 2942/3446/2921 2941/3445/2920
f 2877/3374/2856 2876/3373/2855 2880/3377/2859 2941/3445/2920
f 2945/3449/2924 2946/3450/2925 2942/3446/2921 2944/3448/2923
f 2947/3451/2926 2948/3452/2927 2945/3449/2924 2944/3448/2923
f 2880/3377/2859 2879/3376/2858 2947/3451/2926 2944/3448/2923
f 2949/3453/2928 2950/3454/2929 2948/3452/2927 2947/3451/2926
f 2879/3376/2858 2882/3379/2861 2949/3453/2928 2947/3451/2926
f 2890/3387/2869 2892/3389/2871 2950/3454/2929 2949/3453/2928
f 2882/3379/2861 2884/3381/2863 2890/3387/2869 2949/3453/2928
f 2951/3455/2930 2952/3456/2931 2948/3452/2927 2950/3454/2929
f 2892/3389/2871 2894/3391/2873 2951/3455/2930 2950/3454/2929
f 2953/3457/2932 2954/3458/2933 2952/3456/2931 2951/3455/2930
f 2894/3391/2873 2358/2756/2337 2953/3457/2932 2951/3455/2930
f 2955/3459/2934 2956/3460/2935 2954/3458/2933 2953/3457/2932
f 2358/2756/2337 2320/2708/2299 2955/3459/2934 2953/3457/2932
f 2957/3461/2936 2958/3462/2937 2954/3458/2933 2956/3460/2935
f 2959/3463/2938 2960/3464/2939 2957/3465/2936 2956/3466/2935
f 2955/3467/2934 1123/1307/1112 2959/3463/2938 2956/3466/2935
f 1125/1309/1114 1124/1308/1113 2960/3464/2939 2959/3463/2938
f 1129/1313/1118 2961/3468/2940 2962/3469/2941 1126/1310/1115
f 2962/3469/2941 2963/3470/2942 1130/1314/1119 1126/1310/1115
f 2962/3469/2941 2964/3471/2943 2965/3472/2944 2963/3470/2942
f 2910/3413/2889 1069/1250/1058 1130/1314/1119 2963/3470/2942
f 2965/3472/2944 2908/3410/2887 2910/3413/2889 2963/3470/2942
f 2966/3473/2945 2967/3474/2946 2968/3475/2947 2964/3471/2943
f 2962/3469/2941 2961/3468/2940 2966/3473/2945 2964/3471/2943
f 2968/3475/2947 2969/3476/2948 2965/3472/2944 2964/3471/2943
f 2968/3475/2947 2970/3477/2949 2971/3478/2950 2969/3476/2948
f 2906/3407/2885 2908/3410/2887 2965/3472/2944 2969/3476/2948
f 2971/3478/2950 2903/3404/2882 2906/3407/2885 2969/3476/2948
f 2972/3479/2951 2973/3480/2952 2974/3481/2953 2970/3477/2949
f 2968/3475/2947 2967/3474/2946 2972/3479/2951 2970/3477/2949
f 2974/3481/2953 2975/3482/2954 2971/3478/2950 2970/3477/2949
f 2974/3481/2953 2976/3483/2955 2977/3484/2956 2975/3482/2954
f 2904/3405/2883 2903/3404/2882 2971/3478/2950 2975/3482/2954
f 2977/3484/2956 2978/3485/2957 2904/3405/2883 2975/3482/2954
f 2977/3486/2956 2979/3487/2958 2980/3488/2959 2978/3489/2957
f 2901/3398/2880 2900/3397/2879 2904/3405/2883 2978/3485/2957
f 2980/3488/2959 2357/2752/2336 2901/3490/2880 2978/3489/2957
f 2981/3491/2960 2982/3492/2961 2983/3493/2962 2979/3487/2958
f 2977/3484/2956 2976/3483/2955 2981/3494/2960 2979/3495/2958
f 2983/3493/2962 2984/3496/2963 2980/3488/2959 2979/3487/2958
f 2983/3493/2962 2324/3497/2303 2323/3498/2302 2984/3496/2963
f 2355/2750/2334 2357/2752/2336 2980/3488/2959 2984/3496/2963
f 2323/3498/2302 2326/2730/2305 2355/2750/2334 2984/3496/2963
f 2309/2691/2288 2308/2690/2287 2982/3492/2961 2981/3491/2960
f 2976/3483/2955 2313/2699/2292 2309/2698/2288 2981/3494/2960
f 2308/2690/2287 2985/3499/2964 2986/3500/2965 2982/3492/2961
f 2986/3500/2965 2324/3497/2303 2983/3493/2962 2982/3492/2961
f 2987/3501/2966 2288/2665/2267 2286/2664/2265 2985/3502/2964
f 2308/2690/2287 2306/2689/2285 2987/3503/2966 2985/3499/2964
f 2286/2662/2265 2285/2661/2264 2986/3504/2965 2985/3505/2964
f 2295/2674/2274 2297/2676/2276 2288/2665/2267 2987/3501/2966
f 2306/2687/2285 2296/2675/2275 2295/2674/2274 2987/3501/2966
f 2285/2661/2264 2319/2705/2298 2324/2714/2303 2986/3504/2965
f 2974/3481/2953 2973/3480/2952 2313/2699/2292 2976/3483/2955
f 2988/3506/2967 2989/3507/2968 2973/3480/2952 2972/3479/2951
f 2967/3474/2946 2990/3508/2969 2988/3506/2967 2972/3479/2951
f 2991/3509/2970 2992/3510/2971 2988/3506/2967 2990/3508/2969
f 2993/3511/2972 2994/3512/2973 2991/3509/2970 2990/3508/2969
f 2967/3474/2946 2966/3473/2945 2993/3511/2972 2990/3508/2969
f 2995/3513/2974 2996/3514/2975 2994/3512/2973 2993/3511/2972
f 2966/3473/2945 2961/3468/2940 2995/3513/2974 2993/3511/2972
f 1166/1354/1155 1165/1353/1154 2996/3514/2975 2995/3513/2974
f 2961/3468/2940 1129/1313/1118 1166/1354/1155 2995/3513/2974
f 1168/1356/1157 2997/3515/2976 2996/3514/2975 1165/1353/1154
f 2998/3516/2977 2999/3517/2978 1170/1358/1159 1169/1357/1158
f 56/56/56 1925/2266/1914 2998/3516/2977 1169/1357/1158
f 1937/2278/1926 3000/3518/2979 2999/3517/2978 2998/3516/2977
f 1925/2266/1914 1927/2268/1916 1937/2278/1926 2998/3516/2977
f 3001/3519/2980 3002/3520/2981 2999/3517/2978 3000/3518/2979
f 3003/3521/2982 3004/3522/2983 3001/3519/2980 3000/3518/2979
f 1937/2278/1926 1936/2277/1925 3003/3521/2982 3000/3518/2979
f 3005/3523/2984 3006/3524/2985 3004/3522/2983 3003/3521/2982
f 1936/2277/1925 3007/3525/2986 3005/3523/2984 3003/3521/2982
f 1936/2277/1925 1934/2275/1923 1933/2274/1922 3007/3525/2986
f 3008/3526/2987 3009/3527/2988 3005/3523/2984 3007/3525/2986
f 1933/2274/1922 3010/3528/2989 3008/3526/2987 3007/3525/2986
f 1933/2274/1922 1932/2273/1921 3011/3529/2990 3010/3528/2989
f 2263/2635/2242 3012/3530/2991 3008/3531/2987 3010/3532/2989
f 3011/3529/2990 2260/3533/2239 2263/3534/2242 3010/3528/2989
f 2272/2644/2251 3009/3535/2988 3008/3531/2987 3012/3530/2991
f 2299/2678/2278 1907/2248/1896 2272/2644/2251 3012/3530/2991
f 2263/2635/2242 2262/2634/2241 2299/2678/2278 3012/3530/2991
f 1932/2273/1921 1941/2282/1930 1942/2283/1931 3011/3529/2990
f 1942/2283/1931 2261/3536/2240 2260/3533/2239 3011/3529/2990
f 3013/3537/2992 3006/3538/2985 3005/3539/2984 3009/3535/2988
f 2272/2644/2251 2273/2645/2252 3013/3537/2992 3009/3535/2988
f 3014/3540/2993 1961/3541/1950 3006/3538/2985 3013/3537/2992
f 2273/2645/2252 2275/2647/2254 3014/3540/2993 3013/3537/2992
f 3015/3542/2994 1959/3543/1948 1961/3541/1950 3014/3540/2993
f 2275/2647/2254 3016/3544/2995 3015/3542/2994 3014/3540/2993
f 3017/3545/2996 3018/3546/2997 3015/3542/2994 3016/3544/2995
f 3019/3547/2998 3020/3548/2999 3017/3545/2996 3016/3544/2995
f 2275/2647/2254 2274/2646/2253 3019/3547/2998 3016/3544/2995
f 3021/3549/3000 3022/3550/3001 3020/3548/2999 3019/3547/2998
f 2274/2646/2253 2300/2679/2279 3021/3549/3000 3019/3547/2998
f 2991/3509/2970 2994/3512/2973 3022/3550/3001 3021/3549/3000
f 2300/2679/2279 2992/3510/2971 2991/3509/2970 3021/3549/3000
f 2997/3515/2976 3023/3551/3002 3020/3548/2999 3022/3550/3001
f 2994/3512/2973 2996/3514/2975 2997/3515/2976 3022/3550/3001
f 3024/3552/3003 3017/3545/2996 3020/3548/2999 3023/3551/3002
f 1199/1392/1188 1198/1391/1187 3024/3552/3003 3023/3551/3002
f 2997/3515/2976 1168/1356/1157 1199/1392/1188 3023/3551/3002
f 1201/1394/1190 3025/3553/3004 3024/3552/3003 1198/1391/1187
f 3002/3520/2981 3026/3554/3005 1203/1396/1192 1202/1395/1191
f 1170/1358/1159 2999/3517/2978 3002/3520/2981 1202/1395/1191
f 3027/3555/3006 1205/1398/1194 1203/1396/1192 3026/3554/3005
f 1956/2300/1945 1955/2299/1944 3027/3555/3006 3026/3554/3005
f 3002/3520/2981 3001/3519/2980 1956/2300/1945 3026/3554/3005
f 3028/3556/3007 1207/1400/1196 1205/1398/1194 3027/3555/3006
f 1955/2299/1944 1960/2304/1949 3028/3556/3007 3027/3555/3006
f 3025/3553/3004 1201/1394/1190 1207/1403/1196 3028/3557/3007
f 1960/3558/1949 3018/3546/2997 3025/3553/3004 3028/3557/3007
f 3018/3546/2997 3017/3545/2996 3024/3552/3003 3025/3553/3004
f 1960/3558/1949 1959/3543/1948 3015/3542/2994 3018/3546/2997
f 1961/2305/1950 1957/2301/1946 3004/3522/2983 3006/3524/2985
f 1957/2301/1946 1956/2300/1945 3001/3519/2980 3004/3522/2983
f 2992/3510/2971 2304/2685/2283 2989/3507/2968 2988/3506/2967
f 2304/2685/2283 2303/2684/2282 2312/2697/2291 2989/3507/2968
f 2312/2697/2291 2313/2699/2292 2973/3480/2952 2989/3507/2968
f 3029/3559/3008 3030/3560/3009 1210/1408/1199 1209/1407/1198
f 1072/1254/1061 2912/3416/2891 3029/3559/3008 1209/1407/1198
f 3031/3561/3010 3032/3562/3011 3030/3560/3009 3029/3559/3008
f 2912/3416/2891 2914/3418/2893 3031/3561/3010 3029/3559/3008
f 3033/3563/3012 3034/3564/3013 3032/3562/3011 3031/3561/3010
f 2914/3418/2893 2916/3420/2895 3033/3563/3012 3031/3561/3010
f 3035/3565/3014 3036/3566/3015 3034/3564/3013 3033/3563/3012
f 2916/3420/2895 2918/3422/2897 3035/3565/3014 3033/3563/3012
f 3037/3567/3016 3038/3568/3017 3036/3566/3015 3035/3565/3014
f 2918/3422/2897 2920/3424/2899 3037/3567/3016 3035/3565/3014
f 3039/3569/3018 3040/3570/3019 3038/3568/3017 3037/3567/3016
f 2920/3424/2899 3041/3571/3020 3039/3569/3018 3037/3567/3016
f 2930/3434/2909 3042/3572/3021 3039/3569/3018 3041/3571/3020
f 2923/3427/2902 2927/3431/2906 2930/3434/2909 3041/3571/3020
f 2920/3424/2899 2919/3423/2898 2923/3427/2902 3041/3571/3020
f 3043/3573/3022 3040/3570/3019 3039/3569/3018 3042/3572/3021
f 3044/3574/3023 3045/3575/3024 3043/3573/3022 3042/3572/3021
f 2930/3434/2909 2929/3433/2908 3044/3574/3023 3042/3572/3021
f 3046/3576/3025 3047/3577/3026 3045/3575/3024 3044/3574/3023
f 2929/3433/2908 2932/3436/2911 3046/3576/3025 3044/3574/3023
f 3048/3578/3027 3049/3579/3028 3047/3577/3026 3046/3576/3025
f 2932/3436/2911 2934/3438/2913 3048/3578/3027 3046/3576/3025
f 3050/3580/3029 2256/2628/2235 3049/3579/3028 3048/3578/3027
f 2934/3438/2913 2936/3440/2915 3050/3580/3029 3048/3578/3027
f 3051/3581/3030 2253/2625/2232 2256/2628/2235 3050/3580/3029
f 2936/3440/2915 2938/3442/2917 3051/3581/3030 3050/3580/3029
f 3052/3582/3031 2254/2626/2233 2253/2625/2232 3051/3581/3030
f 2938/3442/2917 2940/3444/2919 3052/3582/3031 3051/3581/3030
f 3053/3583/3032 3054/3584/3033 2254/2626/2233 3052/3582/3031
f 2940/3444/2919 3055/3585/3034 3053/3583/3032 3052/3582/3031
f 3056/3586/3035 3057/3587/3036 3053/3583/3032 3055/3585/3034
f 2943/3447/2922 3058/3588/3037 3056/3586/3035 3055/3585/3034
f 2940/3444/2919 2939/3443/2918 2943/3447/2922 3055/3585/3034
f 3059/3589/3038 3060/3590/3039 3056/3586/3035 3058/3588/3037
f 2946/3450/2925 3061/3591/3040 3059/3589/3038 3058/3588/3037
f 2943/3447/2922 2942/3446/2921 2946/3450/2925 3058/3588/3037
f 2283/2658/2262 2282/2657/2261 3059/3589/3038 3061/3591/3040
f 3062/3592/3041 2958/3462/2937 2283/2658/2262 3061/3591/3040
f 2946/3450/2925 2945/3449/2924 3062/3592/3041 3061/3591/3040
f 2952/3456/2931 2954/3458/2933 2958/3462/2937 3062/3592/3041
f 2945/3449/2924 2948/3452/2927 2952/3456/2931 3062/3592/3041
f 2282/2657/2261 2281/2656/2260 3060/3590/3039 3059/3589/3038
f 3063/3593/3042 3057/3587/3036 3056/3586/3035 3060/3590/3039
f 2281/2656/2260 3064/3594/3043 3063/3593/3042 3060/3590/3039
f 3065/3595/3044 3066/3596/3045 3063/3593/3042 3064/3594/3043
f 3067/3597/3046 3068/3598/3047 3065/3595/3044 3064/3594/3043
f 2281/2656/2260 2278/2652/2257 3067/3597/3046 3064/3594/3043
f 1252/3599/1241 1251/3600/1240 3068/3598/3047 3067/3597/3046
f 2278/2652/2257 422/2651/411 1252/3599/1241 3067/3597/3046
f 3069/3601/3048 3070/3602/3049 1254/1465/1243 1253/1464/1242
f 1210/1408/1199 3030/3560/3009 3069/3601/3048 1253/1464/1242
f 3071/3603/3050 3072/3604/3051 3070/3602/3049 3069/3601/3048
f 3030/3560/3009 3032/3562/3011 3071/3603/3050 3069/3601/3048
f 3073/3605/3052 3074/3606/3053 3072/3604/3051 3071/3603/3050
f 3032/3562/3011 3034/3564/3013 3073/3605/3052 3071/3603/3050
f 3075/3607/3054 3076/3608/3055 3074/3606/3053 3073/3605/3052
f 3034/3564/3013 3036/3566/3015 3075/3607/3054 3073/3605/3052
f 3077/3609/3056 3078/3610/3057 3076/3608/3055 3075/3607/3054
f 3036/3566/3015 3038/3568/3017 3077/3609/3056 3075/3607/3054
f 3079/3611/3058 3080/3612/3059 3078/3610/3057 3077/3609/3056
f 3038/3568/3017 3040/3570/3019 3079/3611/3058 3077/3609/3056
f 2252/2624/2231 2251/2623/2230 3080/3612/3059 3079/3611/3058
f 3040/3570/3019 3043/3573/3022 2252/2624/2231 3079/3611/3058
f 3081/3613/3060 3082/3614/3061 3078/3610/3057 3080/3612/3059
f 2251/2623/2230 2250/2622/2229 3081/3613/3060 3080/3612/3059
f 3083/3615/3062 3084/3616/3063 3082/3614/3061 3081/3613/3060
f 2250/2622/2229 3085/3617/3064 3083/3615/3062 3081/3613/3060
f 3086/3618/3065 3087/3619/3066 3083/3615/3062 3085/3617/3064
f 3088/3620/3067 3089/3621/3068 3086/3618/3065 3085/3617/3064
f 2250/2622/2229 2245/2617/2224 3088/3620/3067 3085/3617/3064
f 2214/2584/2193 2213/2583/2192 3089/3621/3068 3088/3620/3067
f 2245/2617/2224 2240/2612/2219 2214/2584/2193 3088/3620/3067
f 3090/3622/3069 3091/3623/3070 3086/3618/3065 3089/3621/3068
f 2213/2583/2192 2216/2586/2195 3090/3622/3069 3089/3621/3068
f 3092/3624/3071 3093/3625/3072 3091/3623/3070 3090/3622/3069
f 2216/2586/2195 3094/3626/3073 3092/3624/3071 3090/3622/3069
f 3095/3627/3074 3096/3628/3075 3092/3624/3071 3094/3626/3073
f 3097/3629/3076 3098/3630/3077 3095/3627/3074 3094/3626/3073
f 2216/2586/2195 2215/2585/2194 3097/3629/3076 3094/3626/3073
f 3099/3631/3078 3100/3632/3079 3098/3630/3077 3097/3629/3076
f 2215/2585/2194 3101/3633/3080 3099/3631/3078 3097/3629/3076
f 3102/3634/3081 3103/3635/3082 3100/3632/3079 3099/3631/3078
f 3101/3633/3080 3104/3636/3083 3102/3634/3081 3099/3631/3078
f 3105/3637/3084 2170/2526/2149 3102/3634/3081 3104/3636/3083
f 3106/3638/3085 3107/3639/3086 3105/3637/3084 3104/3636/3083
f 3101/3633/3080 3108/3640/3087 3106/3638/3085 3104/3636/3083
f 3109/3641/3088 3110/3642/3089 3107/3639/3086 3106/3638/3085
f 3108/3640/3087 2233/2605/2212 3109/3641/3088 3106/3638/3085
f 2226/2598/2205 2223/2595/2202 3110/3642/3089 3109/3641/3088
f 2233/2605/2212 2232/2604/2211 2226/2598/2205 3109/3641/3088
f 2187/2547/2166 2186/2546/2165 3107/3639/3086 3110/3642/3089
f 2223/2595/2202 2210/2579/2189 2187/2547/2166 3110/3642/3089
f 2170/2526/2149 2169/2525/2148 3103/3635/3082 3102/3634/3081
f 3111/3643/3090 3112/3644/3091 3100/3632/3079 3103/3635/3082
f 2169/2525/2148 2172/2530/2151 3111/3643/3090 3103/3635/3082
f 3113/3645/3092 3114/3646/3093 3112/3644/3091 3111/3643/3090
f 2172/2530/2151 2154/2506/2132 3113/3645/3092 3111/3643/3090
f 2151/2502/2130 3115/3647/3094 3114/3646/3093 3113/3645/3092
f 2154/2506/2132 2152/2503/2131 2151/2502/2130 3113/3645/3092
f 3116/3648/3095 3117/3649/3096 3118/3650/3097 3115/3647/3094
f 2151/2502/2130 2147/2505/2126 3116/3648/3095 3115/3647/3094
f 3118/3650/3097 3119/3651/3098 3114/3646/3093 3115/3647/3094
f 3118/3652/3097 3120/3653/3099 3121/3654/3100 3119/3655/3098
f 3122/3656/3101 3112/3644/3091 3114/3646/3093 3119/3651/3098
f 3121/3657/3100 3123/3658/3102 3122/3656/3101 3119/3651/3098
f 3121/3657/3100 3124/3659/3103 3125/3660/3104 3123/3658/3102
f 3095/3627/3074 3098/3630/3077 3122/3656/3101 3123/3658/3102
f 3125/3660/3104 3096/3628/3075 3095/3627/3074 3123/3658/3102
f 3126/3661/3105 3127/3662/3106 3128/3663/3107 3124/3664/3103
f 3121/3654/3100 3120/3653/3099 3126/3661/3105 3124/3664/3103
f 3128/3665/3107 3129/3666/3108 3125/3660/3104 3124/3659/3103
f 3128/3665/3107 3130/3667/3109 3131/3668/3110 3129/3666/3108
f 3132/3669/3111 3096/3628/3075 3125/3660/3104 3129/3666/3108
f 3131/3668/3110 3133/3670/3112 3132/3669/3111 3129/3666/3108
f 3131/3668/3110 3134/3671/3113 3135/3672/3114 3133/3670/3112
f 3136/3673/3115 3093/3625/3072 3132/3669/3111 3133/3670/3112
f 3135/3672/3114 3137/3674/3116 3136/3673/3115 3133/3670/3112
f 3135/3672/3114 3138/3675/3117 3139/3676/3118 3137/3674/3116
f 3140/3677/3119 3141/3678/3120 3136/3673/3115 3137/3674/3116
f 3139/3676/3118 3142/3679/3121 3140/3677/3119 3137/3674/3116
f 3139/3676/3118 3143/3680/3122 3144/3681/3123 3142/3679/3121
f 3145/3682/3124 3146/3683/3125 3140/3677/3119 3142/3679/3121
f 3144/3681/3123 3147/3684/3126 3145/3682/3124 3142/3679/3121
f 3144/3681/3123 3148/3685/3127 3149/3686/3128 3147/3684/3126
f 3150/3687/3129 3151/3688/3130 3145/3682/3124 3147/3684/3126
f 3149/3686/3128 3152/3689/3131 3150/3687/3129 3147/3684/3126
f 3149/3686/3128 3153/3690/3132 3154/3691/3133 3152/3689/3131
f 3155/3692/3134 3156/3693/3135 3150/3687/3129 3152/3689/3131
f 3154/3691/3133 3157/3694/3136 3155/3692/3134 3152/3689/3131
f 3154/3691/3133 1345/1572/1334 1344/1571/1333 3157/3694/3136
f 3070/3602/3049 3072/3604/3051 3155/3692/3134 3157/3694/3136
f 1344/1571/1333 1254/1465/1243 3070/3602/3049 3157/3694/3136
f 3154/3691/3133 3153/3690/3132 1346/1573/1335 1345/1572/1334
f 3158/3695/3137 3159/3696/3138 1348/1575/1337 1347/1574/1336
f 1346/1573/1335 3153/3690/3132 3158/3695/3137 1347/1574/1336
f 3148/3685/3127 3160/3697/3139 3159/3696/3138 3158/3695/3137
f 3153/3690/3132 3149/3686/3128 3148/3685/3127 3158/3695/3137
f 3161/3698/3140 3162/3699/3141 3159/3696/3138 3160/3697/3139
f 3143/3680/3122 3163/3700/3142 3161/3698/3140 3160/3697/3139
f 3148/3685/3127 3144/3681/3123 3143/3680/3122 3160/3697/3139
f 3164/3701/3143 2162/2517/2141 3161/3698/3140 3163/3700/3142
f 3138/3675/3117 3165/3702/3144 3164/3701/3143 3163/3700/3142
f 3143/3680/3122 3139/3676/3118 3138/3675/3117 3163/3700/3142
f 3166/3703/3145 3167/3704/3146 3164/3701/3143 3165/3702/3144
f 3134/3671/3113 3168/3705/3147 3166/3703/3145 3165/3702/3144
f 3138/3675/3117 3135/3672/3114 3134/3671/3113 3165/3702/3144
f 3169/3706/3148 3170/3707/3149 3166/3703/3145 3168/3705/3147
f 3130/3708/3109 3171/3709/3150 3169/3710/3148 3168/3711/3147
f 3134/3671/3113 3131/3668/3110 3130/3667/3109 3168/3705/3147
f 3172/3712/3151 3173/3713/3152 3169/3710/3148 3171/3709/3150
f 3127/3662/3106 3174/3714/3153 3172/3712/3151 3171/3709/3150
f 3130/3708/3109 3128/3663/3107 3127/3662/3106 3171/3709/3150
f 3175/3715/3154 3176/3716/3155 3172/3712/3151 3174/3714/3153
f 3177/3717/3156 3178/3718/3157 3175/3715/3154 3174/3714/3153
f 3127/3662/3106 3126/3661/3105 3177/3717/3156 3174/3714/3153
f 3179/3719/3158 3180/3720/3159 3178/3718/3157 3177/3717/3156
f 3126/3661/3105 3120/3653/3099 3179/3719/3158 3177/3717/3156
f 3117/3721/3096 3181/3722/3160 3180/3720/3159 3179/3719/3158
f 3120/3653/3099 3118/3652/3097 3117/3721/3096 3179/3719/3158
f 3182/3723/3161 3183/3724/3162 3180/3720/3159 3181/3722/3160
f 3184/3725/3163 3185/3726/3164 3182/3723/3161 3181/3722/3160
f 3117/3721/3096 3116/3727/3095 3184/3725/3163 3181/3722/3160
f 2150/2501/2129 3186/3728/3165 3185/3726/3164 3184/3725/3163
f 3116/3727/3095 2147/2498/2126 2150/2501/2129 3184/3725/3163
f 3187/3729/3166 3188/3730/3167 3182/3723/3161 3185/3726/3164
f 3186/3728/3165 3189/3731/3168 3187/3729/3166 3185/3726/3164
f 3190/3732/3169 3191/3733/3170 3188/3730/3167 3187/3729/3166
f 3189/3731/3168 3192/3734/3171 3190/3732/3169 3187/3729/3166
f 3193/3735/3172 3194/3736/3173 3191/3733/3170 3190/3732/3169
f 3192/3734/3171 3195/3737/3174 3193/3735/3172 3190/3732/3169
f 3196/3738/3175 3197/3739/3176 3193/3735/3172 3195/3737/3174
f 2129/3740/3177 3198/3741/3178 3196/3738/3175 3195/3737/3174
f 3192/3734/3171 2130/3742/3179 2129/3740/3177 3195/3737/3174
f 3199/3743/3180 3200/3744/3181 3197/3739/3176 3196/3738/3175
f 3198/3741/3178 2125/2482/2114 3199/3743/3180 3196/3738/3175
f 3201/3745/3182 3202/3746/3183 3200/3744/3181 3199/3743/3180
f 2125/2482/2114 2124/2481/2113 3201/3745/3182 3199/3743/3180
f 3203/3747/3184 3204/3748/3185 3202/3746/3183 3201/3745/3182
f 2124/2481/2113 2113/2470/2102 3203/3747/3184 3201/3745/3182
f 3205/3749/3186 3206/3750/3187 3204/3748/3185 3203/3747/3184
f 2113/2470/2102 2112/2469/2101 3205/3749/3186 3203/3747/3184
f 3207/3751/3188 3208/3752/3189 3206/3750/3187 3205/3749/3186
f 2112/2469/2101 2109/2465/2098 3207/3751/3188 3205/3749/3186
f 3209/3753/3190 3210/3754/3191 3208/3752/3189 3207/3751/3188
f 2109/2465/2098 2108/2464/2097 3209/3753/3190 3207/3751/3188
f 2092/2445/2081 3211/3755/3192 3210/3754/3191 3209/3753/3190
f 2108/2464/2097 2093/2446/2082 2092/2445/2081 3209/3753/3190
f 3212/3756/3193 3213/3757/3194 3214/3758/3195 3211/3755/3192
f 2092/2445/2081 2076/2448/2065 3212/3756/3193 3211/3755/3192
f 3214/3758/3195 3215/3759/3196 3210/3754/3191 3211/3755/3192
f 3214/3758/3195 3216/3760/3197 3217/3761/3198 3215/3759/3196
f 2115/2472/2104 3208/3752/3189 3210/3754/3191 3215/3759/3196
f 3217/3761/3198 2116/2473/2105 2115/2472/2104 3215/3759/3196
f 3218/3762/3199 3219/3763/3200 3220/3764/3201 3216/3760/3197
f 3214/3758/3195 3213/3757/3194 3218/3762/3199 3216/3760/3197
f 3220/3764/3201 3221/3765/3202 3217/3761/3198 3216/3760/3197
f 3220/3764/3201 3222/3766/3203 3223/3767/3204 3221/3765/3202
f 3224/3768/3205 2116/2473/2105 3217/3761/3198 3221/3765/3202
f 3223/3767/3204 3225/3769/3206 3224/3768/3205 3221/3765/3202
f 3223/3767/3204 3226/3770/3207 3227/3771/3208 3225/3769/3206
f 3228/3772/3209 2118/2475/2107 3224/3768/3205 3225/3769/3206
f 3227/3771/3208 3229/3773/3210 3228/3772/3209 3225/3769/3206
f 3227/3771/3208 3230/3774/3211 3231/3775/3212 3229/3773/3210
f 3232/3776/3213 3233/3777/3214 3228/3772/3209 3229/3773/3210
f 3231/3775/3212 3234/3778/3215 3232/3776/3213 3229/3773/3210
f 3231/3775/3212 3235/3779/3216 3236/3780/3217 3234/3778/3215
f 3237/3781/3218 3238/3782/3219 3232/3776/3213 3234/3778/3215
f 3236/3780/3217 3239/3783/3220 3237/3781/3218 3234/3778/3215
f 3236/3780/3217 3240/3784/3221 3241/3785/3222 3239/3783/3220
f 3242/3786/3223 3243/3787/3224 3237/3781/3218 3239/3783/3220
f 3241/3785/3222 3244/3788/3225 3242/3786/3223 3239/3783/3220
f 3241/3785/3222 3245/3789/3226 3246/3790/3227 3244/3788/3225
f 3247/3791/3228 3248/3792/3229 3242/3786/3223 3244/3788/3225
f 3246/3790/3227 3249/3793/3230 3247/3791/3228 3244/3788/3225
f 3246/3790/3227 3250/3794/3231 3251/3795/3232 3249/3793/3230
f 3252/3796/3233 3253/3797/3234 3247/3791/3228 3249/3793/3230
f 3251/3795/3232 3254/3798/3235 3252/3796/3233 3249/3793/3230
f 3251/3799/3232 3255/3800/3236 3256/3801/3237 3254/3802/3235
f 3257/3803/3238 3258/3804/3239 3252/3796/3233 3254/3798/3235
f 3256/3801/3237 3259/3805/3240 3257/3806/3238 3254/3802/3235
f 3256/3801/3237 3260/3807/3241 3261/3808/3242 3259/3805/3240
f 3262/3809/3243 3263/3810/3244 3257/3806/3238 3259/3805/3240
f 3261/3808/3242 3264/3811/3245 3262/3809/3243 3259/3805/3240
f 3261/3808/3242 3265/3812/3246 3266/3813/3247 3264/3811/3245
f 3267/3814/3248 3268/3815/3249 3262/3809/3243 3264/3811/3245
f 3266/3813/3247 3269/3816/3250 3267/3814/3248 3264/3811/3245
f 3266/3813/3247 3270/3817/3251 3271/3818/3252 3269/3816/3250
f 3272/3819/3253 3273/3820/3254 3267/3814/3248 3269/3816/3250
f 3271/3821/3252 3274/3822/3255 3272/3823/3253 3269/3824/3250
f 3271/3821/3252 3275/3825/3256 3276/3826/3257 3274/3822/3255
f 3277/3827/3258 3278/3828/3259 3272/3823/3253 3274/3822/3255
f 3276/3826/3257 3279/3829/3260 3277/3827/3258 3274/3822/3255
f 3276/3826/3257 3280/3830/3261 3281/3831/3262 3279/3829/3260
f 3282/3832/3263 3283/3833/3264 3277/3827/3258 3279/3829/3260
f 3281/3831/3262 3284/3834/3265 3282/3832/3263 3279/3829/3260
f 3281/3831/3262 3285/3835/3266 3286/3836/3267 3284/3834/3265
f 3287/3837/3268 1896/2237/1885 3282/3832/3263 3284/3834/3265
f 3286/3836/3267 3288/3838/3269 3287/3837/3268 3284/3834/3265
f 3286/3836/3267 3289/3839/3270 3290/3840/3271 3288/3838/3269
f 3291/3841/3272 3292/3842/3273 3287/3837/3268 3288/3838/3269
f 3290/3840/3271 3293/3843/3274 3291/3841/3272 3288/3838/3269
f 3290/3840/3271 3294/3844/3275 3295/3845/3276 3293/3843/3274
f 3296/3846/3277 3297/3847/3278 3291/3841/3272 3293/3843/3274
f 3295/3845/3276 2144/2495/2123 3296/3846/3277 3293/3843/3274
f 1490/1732/1481 1489/1731/1480 3297/3847/3278 3296/3846/3277
f 2144/2495/2123 283/1733/273 1490/1732/1481 3296/3846/3277
f 3162/3699/3141 2161/2516/2140 1492/1736/1483 1491/1735/1482
f 1348/1575/1337 3159/3696/3138 3162/3699/3141 1491/1735/1482
f 2161/2516/2140 2160/2515/2139 1493/1737/1484 1492/1736/1483
f 2160/2515/2139 3298/3848/3279 1494/1738/1485 1493/1737/1484
f 8/8/8 1894/2235/1883 3297/3847/3278 1489/1731/1480
f 1894/2235/1883 3292/3842/3273 3291/3841/3272 3297/3847/3278
f 3299/3849/3280 2173/2531/2152 2165/2521/2144 3294/3844/3275
f 3290/3840/3271 3289/3839/3270 3299/3849/3280 3294/3844/3275
f 2165/2521/2144 2164/2520/2143 3295/3845/3276 3294/3844/3275
f 3300/3850/3281 3301/3851/3282 2173/2531/2152 3299/3849/3280
f 3289/3839/3270 3302/3852/3283 3300/3850/3281 3299/3849/3280
f 3303/3853/3284 3304/3854/3285 3300/3850/3281 3302/3852/3283
f 3285/3835/3266 3305/3855/3286 3303/3853/3284 3302/3852/3283
f 3289/3839/3270 3286/3836/3267 3285/3835/3266 3302/3852/3283
f 3306/3856/3287 3307/3857/3288 3303/3853/3284 3305/3855/3286
f 3280/3830/3261 3308/3858/3289 3306/3856/3287 3305/3855/3286
f 3285/3835/3266 3281/3831/3262 3280/3830/3261 3305/3855/3286
f 3309/3859/3290 3310/3860/3291 3306/3856/3287 3308/3858/3289
f 3275/3861/3256 3311/3862/3292 3309/3863/3290 3308/3864/3289
f 3280/3830/3261 3276/3826/3257 3275/3825/3256 3308/3858/3289
f 3312/3865/3293 3313/3866/3294 3309/3863/3290 3311/3862/3292
f 3270/3817/3251 3314/3867/3295 3312/3865/3293 3311/3862/3292
f 3275/3861/3256 3271/3818/3252 3270/3817/3251 3311/3862/3292
f 3315/3868/3296 3316/3869/3297 3312/3865/3293 3314/3867/3295
f 3265/3812/3246 3317/3870/3298 3315/3868/3296 3314/3867/3295
f 3270/3817/3251 3266/3813/3247 3265/3812/3246 3314/3867/3295
f 3318/3871/3299 3319/3872/3300 3315/3868/3296 3317/3870/3298
f 3260/3807/3241 3320/3873/3301 3318/3871/3299 3317/3870/3298
f 3265/3812/3246 3261/3808/3242 3260/3807/3241 3317/3870/3298
f 3321/3874/3302 3322/3875/3303 3318/3871/3299 3320/3873/3301
f 3255/3800/3236 3323/3876/3304 3321/3874/3302 3320/3873/3301
f 3260/3807/3241 3256/3801/3237 3255/3800/3236 3320/3873/3301
f 3324/3877/3305 3325/3878/3306 3321/3874/3302 3323/3876/3304
f 3250/3879/3231 3326/3880/3307 3324/3877/3305 3323/3876/3304
f 3255/3800/3236 3251/3799/3232 3250/3879/3231 3323/3876/3304
f 3327/3881/3308 3328/3882/3309 3324/3877/3305 3326/3880/3307
f 3245/3789/3226 3329/3883/3310 3327/3884/3308 3326/3885/3307
f 3250/3794/3231 3246/3790/3227 3245/3789/3226 3326/3885/3307
f 3330/3886/3311 3331/3887/3312 3327/3884/3308 3329/3883/3310
f 3240/3784/3221 3332/3888/3313 3330/3886/3311 3329/3883/3310
f 3245/3789/3226 3241/3785/3222 3240/3784/3221 3329/3883/3310
f 3333/3889/3314 3334/3890/3315 3330/3886/3311 3332/3888/3313
f 3235/3779/3216 3335/3891/3316 3333/3889/3314 3332/3888/3313
f 3240/3784/3221 3236/3780/3217 3235/3779/3216 3332/3888/3313
f 3336/3892/3317 3337/3893/3318 3333/3889/3314 3335/3891/3316
f 3230/3774/3211 3338/3894/3319 3336/3892/3317 3335/3891/3316
f 3235/3779/3216 3231/3775/3212 3230/3774/3211 3335/3891/3316
f 3339/3895/3320 3340/3896/3321 3336/3892/3317 3338/3894/3319
f 3226/3770/3207 3341/3897/3322 3339/3895/3320 3338/3894/3319
f 3230/3774/3211 3227/3771/3208 3226/3770/3207 3338/3894/3319
f 3342/3898/3323 3343/3899/3324 3339/3895/3320 3341/3897/3322
f 3222/3766/3203 3344/3900/3325 3342/3898/3323 3341/3897/3322
f 3226/3770/3207 3223/3767/3204 3222/3766/3203 3341/3897/3322
f 3345/3901/3326 3346/3902/3327 3342/3898/3323 3344/3900/3325
f 3219/3763/3200 2071/2424/2060 3345/3901/3326 3344/3900/3325
f 3222/3766/3203 3220/3764/3201 3219/3763/3200 3344/3900/3325
f 3347/3903/3328 3348/3904/3329 3346/3902/3327 3345/3901/3326
f 2071/2424/2060 2065/2418/2054 3347/3903/3328 3345/3901/3326
f 3349/3905/3330 3350/3906/3331 3348/3904/3329 3347/3903/3328
f 2065/2418/2054 2056/2409/2045 3349/3905/3330 3347/3903/3328
f 3351/3907/3332 3352/3908/3333 3350/3906/3331 3349/3905/3330
f 2056/2409/2045 2058/2411/2047 3351/3907/3332 3349/3905/3330
f 3353/3909/3334 3354/3910/3335 3352/3908/3333 3351/3907/3332
f 2058/2411/2047 2064/2417/2053 3353/3909/3334 3351/3907/3332
f 2064/2417/2053 3355/3911/3336 3356/3912/3337 3353/3909/3334
f 3356/3912/3337 3357/3913/3338 3354/3910/3335 3353/3909/3334
f 3356/3912/3337 3358/3914/3339 1974/2319/1963 3357/3913/3338
f 3359/3915/3340 2059/2412/2048 3354/3910/3335 3357/3913/3338
f 1974/2319/1963 1973/2318/1962 3359/3915/3340 3357/3913/3338
f 3360/3916/3341 2060/2413/2049 2059/2412/2048 3359/3915/3340
f 1973/2318/1962 1975/2320/1964 3360/3916/3341 3359/3915/3340
f 3361/3917/3342 3362/3918/3343 2060/2413/2049 3360/3916/3341
f 1975/2320/1964 2034/2386/2023 3361/3917/3342 3360/3916/3341
f 3363/3919/3344 3364/3920/3345 3362/3918/3343 3361/3917/3342
f 2034/2386/2023 3365/3921/3346 3363/3919/3344 3361/3917/3342
f 2034/2386/2023 2033/2387/2022 2038/3922/2027 3365/3921/3346
f 3366/3923/3347 3367/3924/3348 3363/3919/3344 3365/3921/3346
f 2038/3922/2027 3368/3925/3349 3366/3923/3347 3365/3921/3346
f 2038/2391/2027 2037/2390/2026 3369/3926/3350 3368/3927/3349
f 3370/3928/3351 3371/3929/3352 3366/3923/3347 3368/3925/3349
f 3369/3926/3350 3372/3930/3353 3370/3931/3351 3368/3927/3349
f 3369/3926/3350 3373/3932/3354 3374/3933/3355 3372/3930/3353
f 3375/3934/3356 3376/3935/3357 3370/3931/3351 3372/3930/3353
f 3374/3936/3355 3377/3937/3358 3375/3938/3356 3372/3939/3353
f 3374/3936/3355 3378/3940/3359 3379/3941/3360 3377/3937/3358
f 3380/3942/3361 3381/3943/3362 3375/3938/3356 3377/3937/3358
f 3379/3941/3360 3382/3944/3363 3380/3942/3361 3377/3937/3358
f 3379/3941/3360 3383/3945/3364 3384/3946/3365 3382/3944/3363
f 3385/3947/3366 3386/3948/3367 3380/3942/3361 3382/3944/3363
f 3384/3946/3365 3387/3949/3368 3385/3947/3366 3382/3944/3363
f 3384/3946/3365 3388/3950/3369 3389/3951/3370 3387/3949/3368
f 3390/3952/3371 3391/3953/3372 3385/3947/3366 3387/3949/3368
f 3389/3951/3370 3392/3954/3373 3390/3952/3371 3387/3949/3368
f 3389/3951/3370 2106/3955/2095 3393/3956/3374 3392/3954/3373
f 3394/3957/3375 3395/3958/3376 3390/3952/3371 3392/3954/3373
f 3393/3956/3374 3396/3959/3377 3394/3957/3375 3392/3954/3373
f 3393/3960/3374 3397/3961/3378 3398/3962/3379 3396/3963/3377
f 3399/3964/3380 3400/3965/3381 3394/3957/3375 3396/3959/3377
f 3398/3962/3379 3401/3966/3382 3399/3967/3380 3396/3963/3377
f 3398/3962/3379 3402/3968/3383 3403/3969/3384 3401/3966/3382
f 3404/3970/3385 3405/3971/3386 3399/3964/3380 3401/3972/3382
f 3403/3969/3384 3406/3973/3387 3404/3974/3385 3401/3966/3382
f 3403/3969/3384 3407/3975/3388 3408/3976/3389 3406/3973/3387
f 3409/3977/3390 3410/3978/3391 3404/3970/3385 3406/3979/3387
f 3408/3976/3389 3411/3980/3392 3409/3981/3390 3406/3973/3387
f 3408/3976/3389 3412/3982/3393 3413/3983/3394 3411/3980/3392
f 3414/3984/3395 3415/3985/3396 3409/3977/3390 3411/3986/3392
f 3413/3987/3394 3416/3988/3397 3414/3989/3395 3411/3990/3392
f 3413/3987/3394 2132/2485/2115 3417/3991/3398 3416/3988/3397
f 3418/3992/3399 3419/3993/3400 3414/3989/3395 3416/3988/3397
f 3417/3991/3398 3420/3994/3401 3418/3992/3399 3416/3988/3397
f 3421/3995/3402 3422/3996/3403 3419/3993/3400 3418/3992/3399
f 3420/3994/3401 2149/2500/2128 3421/3995/3402 3418/3992/3399
f 3423/3997/3404 3304/3998/3285 3422/3996/3403 3421/3995/3402
f 2149/2500/2128 2146/2497/2125 3423/3997/3404 3421/3995/3402
f 3307/3999/3288 3424/4000/3405 3419/4001/3400 3422/4002/3403
f 3304/3854/3285 3303/3853/3284 3307/3857/3288 3422/4003/3403
f 3415/3985/3396 3414/3984/3395 3419/4001/3400 3424/4000/3405
f 3310/4004/3291 3425/4005/3406 3415/3985/3396 3424/4000/3405
f 3307/3857/3288 3306/3856/3287 3310/3860/3291 3424/4006/3405
f 3410/3978/3391 3409/3977/3390 3415/3985/3396 3425/4005/3406
f 3313/3866/3294 3426/4007/3407 3410/3978/3391 3425/4005/3406
f 3310/4004/3291 3309/3863/3290 3313/3866/3294 3425/4005/3406
f 3405/3971/3386 3404/3970/3385 3410/3978/3391 3426/4007/3407
f 3316/3869/3297 3427/4008/3408 3405/3971/3386 3426/4007/3407
f 3313/3866/3294 3312/3865/3293 3316/3869/3297 3426/4007/3407
f 3400/3965/3381 3399/3964/3380 3405/3971/3386 3427/4008/3408
f 3319/3872/3300 3428/4009/3409 3400/3965/3381 3427/4008/3408
f 3316/3869/3297 3315/3868/3296 3319/3872/3300 3427/4008/3408
f 3395/3958/3376 3394/3957/3375 3400/3965/3381 3428/4009/3409
f 3322/3875/3303 3429/4010/3410 3395/3958/3376 3428/4009/3409
f 3319/3872/3300 3318/3871/3299 3322/3875/3303 3428/4009/3409
f 3391/3953/3372 3390/3952/3371 3395/3958/3376 3429/4010/3410
f 3325/3878/3306 3430/4011/3411 3391/3953/3372 3429/4010/3410
f 3322/3875/3303 3321/3874/3302 3325/3878/3306 3429/4010/3410
f 3386/3948/3367 3385/3947/3366 3391/3953/3372 3430/4011/3411
f 3328/3882/3309 3431/4012/3412 3386/3948/3367 3430/4011/3411
f 3325/3878/3306 3324/3877/3305 3328/3882/3309 3430/4011/3411
f 3381/3943/3362 3380/3942/3361 3386/3948/3367 3431/4012/3412
f 3331/4013/3312 3432/4014/3413 3381/3943/3362 3431/4012/3412
f 3328/3882/3309 3327/3881/3308 3331/4013/3312 3431/4012/3412
f 3376/4015/3357 3375/3938/3356 3381/3943/3362 3432/4014/3413
f 3334/3890/3315 3433/4016/3414 3376/4017/3357 3432/4018/3413
f 3331/3887/3312 3330/3886/3311 3334/3890/3315 3432/4018/3413
f 3371/3929/3352 3370/3928/3351 3376/4017/3357 3433/4016/3414
f 3337/3893/3318 3434/4019/3415 3371/3929/3352 3433/4016/3414
f 3334/3890/3315 3333/3889/3314 3337/3893/3318 3433/4016/3414
f 3367/3924/3348 3366/3923/3347 3371/3929/3352 3434/4019/3415
f 3340/3896/3321 3435/4020/3416 3367/3924/3348 3434/4019/3415
f 3337/3893/3318 3336/3892/3317 3340/3896/3321 3434/4019/3415
f 3364/3920/3345 3363/3919/3344 3367/3924/3348 3435/4020/3416
f 3343/3899/3324 3436/4021/3417 3364/3920/3345 3435/4020/3416
f 3340/3896/3321 3339/3895/3320 3343/3899/3324 3435/4020/3416
f 3437/4022/3418 3362/3918/3343 3364/3920/3345 3436/4021/3417
f 3346/3902/3327 3348/3904/3329 3437/4022/3418 3436/4021/3417
f 3343/3899/3324 3342/3898/3323 3346/3902/3327 3436/4021/3417
f 2061/2414/2050 2060/2413/2049 3362/3918/3343 3437/4022/3418
f 3348/3904/3329 3350/3906/3331 2061/2414/2050 3437/4022/3418
f 3438/4023/3419 2127/4024/3420 2126/4025/2116 3412/3982/3393
f 3408/3976/3389 3407/3975/3388 3438/4023/3419 3412/3982/3393
f 2126/2486/2116 2132/2485/2115 3413/3987/3394 3412/4026/3393
f 3439/4027/3421 2123/2480/2112 3438/4023/3419 3407/3975/3388
f 3403/3969/3384 3402/3968/3383 3439/4027/3421 3407/3975/3388
f 3440/4028/3422 1963/2307/1952 2123/2480/2112 3439/4027/3421
f 3402/3968/3383 3441/4029/3423 3440/4028/3422 3439/4027/3421
f 3442/4030/3424 3443/4031/3425 3440/4028/3422 3441/4029/3423
f 3397/3961/3378 2105/2460/2094 3442/4030/3424 3441/4029/3423
f 3402/3968/3383 3398/3962/3379 3397/3961/3378 3441/4029/3423
f 3444/4032/3426 3445/4033/3427 3443/4031/3425 3442/4030/3424
f 2105/2460/2094 2103/2458/2092 3444/4032/3426 3442/4030/3424
f 3446/4034/3428 3447/4035/3429 3445/4033/3427 3444/4032/3426
f 2103/2458/2092 2102/2457/2091 3446/4034/3428 3444/4032/3426
f 2085/2438/2074 2091/2444/2080 3447/4035/3429 3446/4034/3428
f 2102/2457/2091 2086/2439/2075 2085/2438/2074 3446/4034/3428
f 2091/2444/2080 2095/2450/2084 3448/4036/3430 3447/4035/3429
f 3448/4036/3430 3449/4037/3431 3445/4033/3427 3447/4035/3429
f 3448/4036/3430 2111/2467/2100 1967/4038/1956 3449/4037/3431
f 1964/2308/1953 3443/4031/3425 3445/4033/3427 3449/4037/3431
f 1967/4038/1956 1965/2309/1954 1964/2308/1953 3449/4037/3431
f 2095/2450/2084 2094/2449/2083 2111/2467/2100 3448/4036/3430
f 1964/2308/1953 1963/2307/1952 3440/4028/3422 3443/4031/3425
f 3393/3960/3374 2106/2461/2095 2105/2460/2094 3397/3961/3378
f 3450/4039/3432 3451/4040/3433 2107/4041/2096 3388/3950/3369
f 3384/3946/3365 3383/3945/3364 3450/4039/3432 3388/3950/3369
f 2107/4041/2096 2106/3955/2095 3389/3951/3370 3388/3950/3369
f 3452/4042/3434 3453/4043/3435 3451/4044/3433 3450/4045/3432
f 3383/3945/3364 3454/4046/3436 3452/4047/3434 3450/4039/3432
f 3455/4048/3437 2051/2404/2040 3452/4042/3434 3454/4049/3436
f 3378/4050/3359 3456/4051/3438 3455/4048/3437 3454/4049/3436
f 3383/3945/3364 3379/3941/3360 3378/3940/3359 3454/4046/3436
f 3457/4052/3439 3458/4053/3440 3455/4048/3437 3456/4051/3438
f 3373/3932/3354 3459/4054/3441 3457/4052/3439 3456/4051/3438
f 3378/4050/3359 3374/3933/3355 3373/3932/3354 3456/4051/3438
f 2041/2394/2030 3460/4055/3442 3457/4052/3439 3459/4054/3441
f 2037/2390/2026 2036/2389/2025 2041/2394/2030 3459/4054/3441
f 3373/3932/3354 3369/3926/3350 2037/2390/2026 3459/4054/3441
f 2029/2378/2018 2028/2376/2017 3461/4056/3443 3460/4055/3442
f 2041/2394/2030 2040/2393/2029 2029/2378/2018 3460/4055/3442
f 3461/4056/3443 3458/4053/3440 3457/4052/3439 3460/4055/3442
f 2028/2376/2017 2027/2375/2016 2047/2400/2036 3461/4056/3443
f 2047/2400/2036 2046/2399/2035 3458/4053/3440 3461/4056/3443
f 2046/2399/2035 2051/2404/2040 3455/4048/3437 3458/4053/3440
f 2051/2404/2040 2050/2403/2039 3453/4043/3435 3452/4042/3434
f 2050/2403/2039 2049/2402/2038 3462/4057/3444 3453/4043/3435
f 3462/4057/3444 3463/4058/3445 3451/4044/3433 3453/4043/3435
f 3462/4057/3444 3464/4059/3446 3465/4060/3447 3463/4058/3445
f 2101/2456/2090 2107/2462/2096 3451/4044/3433 3463/4058/3445
f 3465/4060/3447 3466/4061/3448 2101/2456/2090 3463/4058/3445
f 3465/4060/3447 2080/2433/2069 3467/4062/3449 3466/4061/3448
f 2086/2439/2075 2102/2457/2091 2101/2456/2090 3466/4061/3448
f 3467/4062/3449 2087/2440/2076 2086/2439/2075 3466/4061/3448
f 2080/2433/2069 2077/2430/2066 2084/2437/2073 3467/4062/3449
f 2084/2437/2073 2089/2442/2078 2087/2440/2076 3467/4062/3449
f 3468/4063/3450 2082/2435/2071 2081/2434/2070 3464/4059/3446
f 3462/4057/3444 2049/2402/2038 3468/4063/3450 3464/4059/3446
f 2081/2434/2070 2080/2433/2069 3465/4060/3447 3464/4059/3446
f 3469/4064/3451 3470/4065/3452 2082/2435/2071 3468/4063/3450
f 2049/2402/2038 2044/2397/2033 3469/4064/3451 3468/4063/3450
f 3471/4066/3453 3472/4067/3454 3470/4065/3452 3469/4064/3451
f 2044/2397/2033 2043/2396/2032 3471/4066/3453 3469/4064/3451
f 3473/4068/3455 3474/4069/3456 3472/4067/3454 3471/4066/3453
f 2043/2396/2032 3475/4070/3457 3473/4068/3455 3471/4066/3453
f 3476/4071/3458 3477/4072/3459 3473/4068/3455 3475/4070/3457
f 3478/4073/3460 3479/4074/3461 3476/4071/3458 3475/4070/3457
f 2043/2396/2032 2042/2395/2031 3478/4073/3460 3475/4070/3457
f 2000/2348/1989 3480/4075/3462 3479/4074/3461 3478/4073/3460
f 2042/2395/2031 2001/2349/1990 2000/2348/1989 3478/4073/3460
f 3481/4076/3463 3482/4077/3464 3479/4074/3461 3480/4075/3462
f 3483/4078/3465 3484/4079/3466 3481/4076/3463 3480/4075/3462
f 2000/2348/1989 1999/2347/1988 3483/4078/3465 3480/4075/3462
f 2009/2357/1998 2007/2355/1996 3484/4079/3466 3483/4078/3465
f 1999/2347/1988 2004/2352/1993 2009/2357/1998 3483/4078/3465
f 3485/4080/3467 3486/4081/3468 3481/4076/3463 3484/4079/3466
f 2007/2355/1996 2006/2354/1995 3485/4080/3467 3484/4079/3466
f 3487/4082/3469 3488/4083/3470 3486/4081/3468 3485/4080/3467
f 2006/2354/1995 3489/4084/3471 3487/4082/3469 3485/4080/3467
f 2006/2354/1995 2005/2353/1994 3490/4085/3472 3489/4084/3471
f 2020/4086/2009 3491/4087/3473 3487/4082/3469 3489/4084/3471
f 3490/4088/3472 2021/2369/2010 2020/2368/2009 3489/4089/3471
f 3492/4090/3474 3488/4083/3470 3487/4082/3469 3491/4087/3473
f 3493/4091/3475 3494/4092/3476 3492/4090/3474 3491/4087/3473
f 2020/4086/2009 2019/4093/2008 3493/4091/3475 3491/4087/3473
f 2016/4094/2005 3495/4095/3477 3494/4092/3476 3493/4091/3475
f 2019/4093/2008 2017/4096/2006 2016/4094/2005 3493/4091/3475
f 3496/4097/3478 3497/4098/3479 3494/4092/3476 3495/4095/3477
f 3498/4099/3480 3499/4100/3481 3496/4101/3478 3495/4102/3477
f 2016/2364/2005 2014/2362/2003 3498/4099/3480 3495/4102/3477
f 3500/4103/3482 3501/4104/3483 3499/4100/3481 3498/4099/3480
f 2014/2362/2003 2013/2361/2002 3500/4103/3482 3498/4099/3480
f 3502/4105/3484 3503/4106/3485 3501/4104/3483 3500/4103/3482
f 2013/2361/2002 3504/4107/3486 3502/4105/3484 3500/4103/3482
f 2013/2361/2002 2012/2360/2001 2026/2374/2015 3504/4107/3486
f 3505/4108/3487 3506/4109/3488 3502/4105/3484 3504/4107/3486
f 2026/2374/2015 3507/4110/3489 3505/4108/3487 3504/4107/3486
f 2026/2374/2015 2025/2373/2014 3508/4111/3490 3507/4110/3489
f 3509/4112/3491 3510/4113/3492 3505/4108/3487 3507/4110/3489
f 3508/4111/3490 3511/4114/3493 3509/4112/3491 3507/4110/3489
f 3508/4111/3490 3512/4115/3494 3513/4116/3495 3511/4114/3493
f 3514/4117/3496 2053/2406/2042 3509/4112/3491 3511/4114/3493
f 3513/4116/3495 3515/4118/3497 3514/4117/3496 3511/4114/3493
f 3513/4116/3495 3516/4119/3498 3517/4120/3499 3515/4118/3497
f 3518/4121/3500 2063/2416/2052 3514/4117/3496 3515/4118/3497
f 3517/4120/3499 3519/4122/3501 3518/4121/3500 3515/4118/3497
f 3517/4120/3499 1976/2321/1965 1981/2326/1970 3519/4122/3501
f 3520/4123/3502 3355/3911/3336 3518/4121/3500 3519/4122/3501
f 1981/2326/1970 3521/4124/3503 3520/4123/3502 3519/4122/3501
f 1981/2326/1970 1980/2325/1969 2031/2381/2020 3521/4124/3503
f 3522/4125/3504 3358/3914/3339 3520/4123/3502 3521/4124/3503
f 2031/2381/2020 3523/4126/3505 3522/4125/3504 3521/4124/3503
f 2031/2381/2020 2030/2380/2019 2039/4127/2028 3523/4126/3505
f 1970/2315/1959 1969/2314/1958 3522/4125/3504 3523/4126/3505
f 2039/4127/2028 2032/4128/2021 1970/2315/1959 3523/4126/3505
f 1969/2314/1958 1974/2319/1963 3358/3914/3339 3522/4125/3504
f 3358/3914/3339 3356/3912/3337 3355/3911/3336 3520/4123/3502
f 3355/3911/3336 2064/2417/2053 2063/2416/2052 3518/4121/3500
f 3524/4129/3506 3525/4130/3507 1977/2322/1966 3516/4119/3498
f 3513/4116/3495 3512/4115/3494 3524/4129/3506 3516/4119/3498
f 1977/2322/1966 1976/2321/1965 3517/4120/3499 3516/4119/3498
f 3526/4131/3508 3527/4132/3509 3525/4130/3507 3524/4129/3506
f 3512/4115/3494 2024/2372/2013 3526/4131/3508 3524/4129/3506
f 3528/4133/3510 2011/2359/2000 3527/4134/3509 3526/4135/3508
f 2024/2372/2013 2023/2371/2012 3528/4136/3510 3526/4131/3508
f 3490/4085/3472 2005/2353/1994 2011/2359/2000 3528/4133/3510
f 2023/2371/2012 2021/2369/2010 3490/4088/3472 3528/4136/3510
f 2011/2359/2000 2010/2358/1999 3529/4137/3511 3527/4134/3509
f 3529/4137/3511 3530/4138/3512 3525/4139/3507 3527/4134/3509
f 3529/4137/3511 2004/2352/1993 2003/2351/1992 3530/4138/3512
f 1978/2323/1967 1977/2322/1966 3525/4130/3507 3530/4140/3512
f 2003/2351/1992 1984/2330/1973 1978/2329/1967 3530/4138/3512
f 2010/2358/1999 2009/2357/1998 2004/2352/1993 3529/4137/3511
f 2063/2416/2052 2054/2407/2043 2053/2406/2042 3514/4117/3496
f 3508/4111/3490 2025/2373/2014 2024/2372/2013 3512/4115/3494
f 2053/2406/2042 2052/2405/2041 3510/4113/3492 3509/4112/3491
f 2068/2421/2057 3506/4109/3488 3505/4108/3487 3510/4113/3492
f 2052/2405/2041 2057/2410/2046 2068/2421/2057 3510/4113/3492
f 3531/4141/3513 3503/4106/3485 3502/4105/3484 3506/4109/3488
f 2068/2421/2057 2067/2420/2056 3531/4141/3513 3506/4109/3488
f 3532/4142/3514 3533/4143/3515 3503/4106/3485 3531/4141/3513
f 2067/2420/2056 2070/2423/2059 3532/4142/3514 3531/4141/3513
f 3534/4144/3516 3535/4145/3517 3533/4143/3515 3532/4142/3514
f 2070/2423/2059 3536/4146/3518 3534/4144/3516 3532/4142/3514
f 3537/4147/3519 3538/4148/3520 3534/4144/3516 3536/4146/3518
f 3539/4149/3521 2079/4150/2068 3537/4147/3519 3536/4146/3518
f 2070/2423/2059 2069/2422/2058 3539/4149/3521 3536/4146/3518
f 3540/4151/3522 2075/2428/2064 2079/2432/2068 3539/4152/3521
f 2069/2422/2058 2073/2426/2062 3540/4153/3522 3539/4149/3521
f 3212/4154/3193 2076/2429/2065 2075/2428/2064 3540/4151/3522
f 2073/2426/2062 3213/3757/3194 3212/3756/3193 3540/4153/3522
f 3541/4155/3523 3542/4156/3524 3538/4157/3520 3537/4158/3519
f 2079/2432/2068 2078/2431/2067 3541/4155/3523 3537/4158/3519
f 3470/4065/3452 3472/4067/3454 3542/4156/3524 3541/4155/3523
f 2078/2431/2067 2082/2435/2071 3470/4065/3452 3541/4155/3523
f 3543/4159/3525 3544/4160/3526 3538/4157/3520 3542/4156/3524
f 3472/4067/3454 3474/4069/3456 3543/4159/3525 3542/4156/3524
f 3545/4161/3527 3546/4162/3528 3544/4160/3526 3543/4159/3525
f 3474/4069/3456 3547/4163/3529 3545/4161/3527 3543/4159/3525
f 1986/2334/1975 3548/4164/3530 3545/4161/3527 3547/4163/3529
f 3477/4072/3459 1987/2335/1976 1986/2334/1975 3547/4163/3529
f 3474/4069/3456 3473/4068/3455 3477/4072/3459 3547/4163/3529
f 3549/4165/3531 1992/2340/1981 1997/2345/1986 3548/4164/3530
f 1986/2334/1975 1985/2333/1974 3549/4165/3531 3548/4164/3530
f 1997/2345/1986 3546/4162/3528 3545/4161/3527 3548/4164/3530
f 1985/2333/1974 1991/2339/1980 3550/4166/3532 3549/4165/3531
f 3550/4166/3532 1993/2341/1982 1992/2340/1981 3549/4165/3531
f 1991/2339/1980 3551/4167/3533 3552/4168/3534 3550/4166/3532
f 3552/4168/3534 3497/4098/3479 1993/2341/1982 3550/4166/3532
f 3553/4169/3535 3486/4081/3468 3488/4083/3470 3551/4167/3533
f 1991/2339/1980 1990/2338/1979 3553/4169/3535 3551/4167/3533
f 3488/4083/3470 3492/4090/3474 3552/4168/3534 3551/4167/3533
f 3482/4077/3464 3481/4076/3463 3486/4081/3468 3553/4169/3535
f 1990/2338/1979 1989/2337/1978 3482/4077/3464 3553/4169/3535
f 3492/4090/3474 3494/4092/3476 3497/4098/3479 3552/4168/3534
f 1997/2345/1986 1996/2344/1985 3554/4170/3536 3546/4162/3528
f 3554/4170/3536 3535/4171/3517 3544/4160/3526 3546/4162/3528
f 1996/2344/1985 1998/2346/1987 3555/4172/3537 3554/4170/3536
f 3555/4173/3537 3533/4143/3515 3535/4145/3517 3554/4174/3536
f 1998/4175/1987 3499/4100/3481 3501/4104/3483 3555/4173/3537
f 3501/4104/3483 3503/4106/3485 3533/4143/3515 3555/4173/3537
f 3535/4145/3517 3534/4144/3516 3538/4148/3520 3544/4176/3526
f 1998/4175/1987 1994/4177/1983 3496/4101/3478 3499/4100/3481
f 1994/2342/1983 1993/2341/1982 3497/4098/3479 3496/4097/3478
f 1989/2337/1978 3476/4071/3458 3479/4074/3461 3482/4077/3464
f 1989/2337/1978 1987/2335/1976 3477/4072/3459 3476/4071/3458
f 2059/2412/2048 2062/2415/2051 3352/3908/3333 3354/3910/3335
f 2062/2415/2051 2061/2414/2050 3350/3906/3331 3352/3908/3333
f 3423/4178/3404 3301/3851/3282 3300/3850/3281 3304/3854/3285
f 2164/2520/2143 2140/2491/2119 2144/2495/2123 3295/3845/3276
f 1897/2238/1886 1896/2237/1885 3287/3837/3268 3292/3842/3273
f 1894/2235/1883 1893/2234/1882 1897/2238/1886 3292/3842/3273
f 1896/2237/1885 1895/2236/1884 3283/3833/3264 3282/3832/3263
f 3556/4179/3538 3278/3828/3259 3277/3827/3258 3283/3833/3264
f 1895/2236/1884 3557/4180/3539 3556/4179/3538 3283/3833/3264
f 3558/4181/3540 3559/4182/3541 3556/4179/3538 3557/4180/3539
f 1758/4183/1750 3560/4184/3542 3558/4181/3540 3557/4180/3539
f 3561/4185/3543 3562/4186/3544 3559/4187/3541 3558/4188/3540
f 3560/4189/3542 3563/4190/3545 3561/4185/3543 3558/4188/3540
f 2158/2511/2137 2157/2510/2136 3561/4185/3543 3563/4190/3545
f 3298/3848/3279 2160/2515/2139 2158/2514/2137 3563/4191/3545
f 3560/4189/3542 1762/4192/1754 3298/4193/3279 3563/4190/3545
f 2157/2510/2136 3564/4194/3546 3562/4186/3544 3561/4185/3543
f 3565/4195/3547 3566/4196/3548 3562/4186/3544 3564/4194/3546
f 3567/4197/3549 3568/4198/3550 3565/4199/3547 3564/4200/3546
f 2157/2510/2136 2156/2509/2135 3567/4201/3549 3564/4194/3546
f 3569/4202/3551 3570/4203/3552 3568/4198/3550 3567/4197/3549
f 2156/2518/2135 3167/3704/3146 3569/4204/3551 3567/4205/3549
f 3170/4206/3149 3571/4207/3553 3570/4203/3552 3569/4202/3551
f 3167/3704/3146 3166/3703/3145 3170/3707/3149 3569/4204/3551
f 3572/4208/3554 3573/4209/3555 3570/4203/3552 3571/4207/3553
f 3173/3713/3152 3574/4210/3556 3572/4208/3554 3571/4207/3553
f 3170/4206/3149 3169/3710/3148 3173/3713/3152 3571/4207/3553
f 3575/4211/3557 3576/4212/3558 3572/4208/3554 3574/4210/3556
f 3176/3716/3155 3577/4213/3559 3575/4211/3557 3574/4210/3556
f 3173/3713/3152 3172/3712/3151 3176/3716/3155 3574/4210/3556
f 3578/4214/3560 3579/4215/3561 3575/4211/3557 3577/4213/3559
f 3580/4216/3562 3581/4217/3563 3578/4214/3560 3577/4213/3559
f 3176/3716/3155 3175/3715/3154 3580/4216/3562 3577/4213/3559
f 3582/4218/3564 3583/4219/3565 3581/4217/3563 3580/4216/3562
f 3175/3715/3154 3178/3718/3157 3582/4218/3564 3580/4216/3562
f 3183/3724/3162 3584/4220/3566 3583/4219/3565 3582/4218/3564
f 3178/3718/3157 3180/3720/3159 3183/3724/3162 3582/4218/3564
f 3585/4221/3567 3586/4222/3568 3583/4219/3565 3584/4220/3566
f 3188/3730/3167 3191/3733/3170 3585/4221/3567 3584/4220/3566
f 3183/3724/3162 3182/3723/3161 3188/3730/3167 3584/4220/3566
f 3587/4223/3569 3588/4224/3570 3586/4222/3568 3585/4221/3567
f 3191/3733/3170 3194/3736/3173 3587/4223/3569 3585/4221/3567
f 3589/4225/3571 3590/4226/3572 3588/4224/3570 3587/4223/3569
f 3194/3736/3173 3591/4227/3573 3589/4225/3571 3587/4223/3569
f 3592/4228/3574 3593/4229/3575 3589/4225/3571 3591/4227/3573
f 3197/3739/3176 3200/3744/3181 3592/4228/3574 3591/4227/3573
f 3194/3736/3173 3193/3735/3172 3197/3739/3176 3591/4227/3573
f 3594/4230/3576 3595/4231/3577 3593/4229/3575 3592/4228/3574
f 3200/3744/3181 3202/3746/3183 3594/4230/3576 3592/4228/3574
f 2121/2478/2110 2120/2477/2109 3595/4231/3577 3594/4230/3576
f 3202/3746/3183 3204/3748/3185 2121/2478/2110 3594/4230/3576
f 2120/2477/2109 2119/2476/2108 3596/4232/3578 3595/4231/3577
f 3596/4232/3578 3597/4233/3579 3593/4229/3575 3595/4231/3577
f 3596/4232/3578 3598/4234/3580 3599/4235/3581 3597/4233/3579
f 3590/4226/3572 3589/4225/3571 3593/4229/3575 3597/4233/3579
f 3599/4235/3581 3600/4236/3582 3590/4226/3572 3597/4233/3579
f 3599/4235/3581 3601/4237/3583 3602/4238/3584 3600/4236/3582
f 3603/4239/3585 3588/4224/3570 3590/4226/3572 3600/4236/3582
f 3602/4238/3584 3604/4240/3586 3603/4239/3585 3600/4236/3582
f 3602/4238/3584 3605/4241/3587 3606/4242/3588 3604/4240/3586
f 3607/4243/3589 3608/4244/3590 3603/4239/3585 3604/4240/3586
f 3606/4242/3588 3609/4245/3591 3607/4243/3589 3604/4240/3586
f 3606/4242/3588 3610/4246/3592 3611/4247/3593 3609/4245/3591
f 3579/4215/3561 3578/4214/3560 3607/4243/3589 3609/4245/3591
f 3611/4247/3593 3612/4248/3594 3579/4215/3561 3609/4245/3591
f 3611/4247/3593 3613/4249/3595 3614/4250/3596 3612/4248/3594
f 3576/4212/3558 3575/4211/3557 3579/4215/3561 3612/4248/3594
f 3614/4250/3596 3615/4251/3597 3576/4212/3558 3612/4248/3594
f 3614/4250/3596 3616/4252/3598 3617/4253/3599 3615/4251/3597
f 3573/4209/3555 3572/4208/3554 3576/4212/3558 3615/4251/3597
f 3617/4253/3599 3618/4254/3600 3573/4209/3555 3615/4251/3597
f 3617/4253/3599 3619/4255/3601 3620/4256/3602 3618/4254/3600
f 3568/4198/3550 3570/4203/3552 3573/4209/3555 3618/4254/3600
f 3620/4256/3602 3565/4199/3547 3568/4198/3550 3618/4254/3600
f 3263/3810/3244 3262/3809/3243 3268/3815/3249 3619/4257/3601
f 3617/4253/3599 3616/4252/3598 3263/4258/3244 3619/4255/3601
f 3268/3815/3249 3621/4259/3603 3620/4260/3602 3619/4257/3601
f 3268/3815/3249 3267/3814/3248 3273/3820/3254 3621/4259/3603
f 3566/4196/3548 3565/4195/3547 3620/4260/3602 3621/4259/3603
f 3273/3820/3254 3622/4261/3604 3566/4196/3548 3621/4259/3603
f 3273/4262/3254 3272/3823/3253 3278/3828/3259 3622/4263/3604
f 3559/4187/3541 3562/4186/3544 3566/4196/3548 3622/4261/3604
f 3278/3828/3259 3556/4179/3538 3559/4182/3541 3622/4263/3604
f 3258/3804/3239 3257/3803/3238 3263/4258/3244 3616/4252/3598
f 3614/4250/3596 3613/4249/3595 3258/3804/3239 3616/4252/3598
f 3253/3797/3234 3252/3796/3233 3258/3804/3239 3613/4249/3595
f 3611/4247/3593 3610/4246/3592 3253/3797/3234 3613/4249/3595
f 3248/3792/3229 3247/3791/3228 3253/3797/3234 3610/4246/3592
f 3606/4242/3588 3605/4241/3587 3248/3792/3229 3610/4246/3592
f 3578/4214/3560 3581/4217/3563 3608/4244/3590 3607/4243/3589
f 3586/4222/3568 3588/4224/3570 3603/4239/3585 3608/4244/3590
f 3581/4217/3563 3583/4219/3565 3586/4222/3568 3608/4244/3590
f 3243/3787/3224 3242/3786/3223 3248/3792/3229 3605/4241/3587
f 3602/4238/3584 3601/4237/3583 3243/3787/3224 3605/4241/3587
f 3238/3782/3219 3237/3781/3218 3243/3787/3224 3601/4237/3583
f 3599/4235/3581 3598/4234/3580 3238/3782/3219 3601/4237/3583
f 3233/3777/3214 3232/3776/3213 3238/3782/3219 3598/4234/3580
f 3596/4232/3578 2119/2476/2108 3233/3777/3214 3598/4234/3580
f 2119/2476/2108 2118/2475/2107 3228/3772/3209 3233/3777/3214
f 2118/2475/2107 2117/2474/2106 2116/2473/2105 3224/3768/3205
f 2072/2425/2061 2071/2424/2060 3219/3763/3200 3218/3762/3199
f 3213/3757/3194 2073/2426/2062 2072/2425/2061 3218/3762/3199
f 2115/2472/2104 2114/2471/2103 3206/3750/3187 3208/3752/3189
f 2114/2471/2103 2121/2478/2110 3204/3748/3185 3206/3750/3187
f 2156/2518/2135 2162/2517/2141 3164/3701/3143 3167/3704/3146
f 2162/2517/2141 2161/2516/2140 3162/3699/3141 3161/3698/3140
f 3072/3604/3051 3074/3606/3053 3156/3693/3135 3155/3692/3134
f 3623/4264/3605 3151/3688/3130 3150/3687/3129 3156/3693/3135
f 3074/3606/3053 3076/3608/3055 3623/4264/3605 3156/3693/3135
f 3082/3614/3061 3084/3616/3063 3151/3688/3130 3623/4264/3605
f 3076/3608/3055 3078/3610/3057 3082/3614/3061 3623/4264/3605
f 3084/3616/3063 3146/3683/3125 3145/3682/3124 3151/3688/3130
f 3087/3619/3066 3141/3678/3120 3140/3677/3119 3146/3683/3125
f 3084/3616/3063 3083/3615/3062 3087/3619/3066 3146/3683/3125
f 3091/3623/3070 3093/3625/3072 3136/3673/3115 3141/3678/3120
f 3087/3619/3066 3086/3618/3065 3091/3623/3070 3141/3678/3120
f 3093/3625/3072 3092/3624/3071 3096/3628/3075 3132/3669/3111
f 3098/3630/3077 3100/3632/3079 3112/3644/3091 3122/3656/3101
f 2/2230/2 1891/2229/1880 3068/3598/3047 1251/3600/1240
f 1891/2229/1880 3624/4265/3606 3065/3595/3044 3068/3598/3047
f 2212/2582/2191 3625/4266/3607 3626/4267/3608 3624/4265/3606
f 1891/2229/1880 1890/2228/1879 2212/2582/2191 3624/4265/3606
f 3626/4267/3608 3066/3596/3045 3065/3595/3044 3624/4265/3606
f 3627/4268/3609 2222/2594/2201 3628/4269/3610 3625/4266/3607
f 2212/2582/2191 2211/2581/2190 3627/4268/3609 3625/4266/3607
f 3628/4269/3610 3629/4270/3611 3626/4267/3608 3625/4266/3607
f 3628/4269/3610 2218/2588/2197 3630/4271/3612 3629/4270/3611
f 3631/4272/3613 3066/3596/3045 3626/4267/3608 3629/4270/3611
f 3630/4271/3612 3054/3584/3033 3631/4272/3613 3629/4270/3611
f 3057/3587/3036 3063/3593/3042 3066/3596/3045 3631/4272/3613
f 3054/3584/3033 3053/3583/3032 3057/3587/3036 3631/4272/3613
f 2218/2588/2197 2217/2587/2196 2231/2603/2210 3630/4271/3612
f 2231/2603/2210 2254/2626/2233 3054/3584/3033 3630/4271/3612
f 3632/4273/3614 2221/2592/2200 2222/2594/2201 3627/4268/3609
f 2211/2581/2190 2196/2561/2175 3632/4273/3614 3627/4268/3609
f 2194/4274/2173 2202/2593/2181 2221/2592/2200 3632/4273/3614
f 2196/2561/2175 2192/2560/2171 2194/4274/2173 3632/4273/3614
f 2222/2594/2201 2219/2589/2198 2218/2588/2197 3628/4269/3610
f 2269/2641/2248 2248/2620/2227 3047/3577/3026 3049/3579/3028
f 2256/2628/2235 2255/2627/2234 2269/2641/2248 3049/3579/3028
f 2248/2620/2227 2247/2619/2226 3045/3575/3024 3047/3577/3026
f 2247/2619/2226 2252/2624/2231 3043/3573/3022 3045/3575/3024
f 419/434/408 2276/2648/2255 2280/2655/2259 1832/2147/1824
f 2280/2655/2259 2960/3464/2939 1124/1308/1113 1832/2147/1824
f 2280/2655/2259 2279/2654/2258 2957/3465/2936 2960/3464/2939
f 2279/2659/2258 2283/2658/2262 2958/3462/2937 2957/3461/2936
f 2357/2752/2336 2356/2751/2335 2898/4275/2877 2901/3490/2880
f 2359/2757/2338 2358/2756/2337 2894/3391/2873 2893/3390/2872
f 2816/3306/2795 2380/2778/2359 2379/2777/2358 2821/3311/2800
f 2381/2779/2360 2380/2778/2359 2816/3306/2795 2815/3305/2794
f 2810/3300/2789 2371/2769/2350 2381/2779/2360 2815/3305/2794
f 2366/2764/2345 2371/2769/2350 2810/3300/2789 2809/3299/2788
f 2804/3294/2783 2367/2765/2346 2366/2764/2345 2809/3299/2788
f 2776/3262/2755 2778/3265/2757 2783/3273/2762 2793/3283/2772
f 2389/2787/2368 2388/2786/2367 2749/3216/2728 2748/3215/2727
f 2616/3070/2595 2615/3069/2594 2619/3073/2598 2622/3081/2601
f 2561/2990/2540 2560/2989/2539 2575/3007/2554 2577/3011/2556
f 2560/2989/2539 2563/2992/2542 2573/3008/2552 2575/3007/2554
f 2563/4276/2542 2565/2999/2544 2569/2998/2548 2573/3005/2552
f 2439/2844/2418 2438/2843/2417 2518/2936/2497 2522/2940/2501
f 2431/2835/2410 2422/2824/2401 2439/2844/2418 2522/2940/2501
f 2481/2889/2460 2480/2888/2459 2486/2894/2465 2489/2941/2468
f 2476/2884/2455 2474/2882/2453 2473/2881/2452 2472/2880/2451
f 2422/2824/2401 2420/2822/2399 2432/2837/2411 2439/2844/2418
f 2420/2822/2399 2419/2821/2398 2433/2838/2412 2432/2837/2411
f 2409/2808/2388 2414/2816/2393 2424/2826/2403 2428/2832/2407
f 2404/2802/2383 2407/2805/2386 2409/4277/2388 2428/3003/2407
f 2414/2816/2393 2417/2819/2396 2418/2820/2397 2424/2826/2403
f 2395/2793/2374 2396/2794/2375 2402/2800/2381 2401/2799/2380
f 2382/2780/2361 2370/2768/2349 2372/2770/2351 2383/2781/2362
f 2371/2769/2350 2370/2768/2349 2382/2780/2361 2381/2779/2360
f 2326/2730/2305 2334/2724/2313 2340/2734/2319 2355/2750/2334
f 3633/4278/3615 3634/4279/3616 3635/4280/3617 2354/2749/2333
f 2341/2735/2320 2338/2732/2317 3633/4278/3615 2354/2749/2333
f 3635/4280/3617 2333/2723/2312 2332/2722/2311 2354/2749/2333
f 2327/2717/2306 2316/2702/2295 3634/4281/3616 3633/4282/3615
f 2338/2732/2317 2336/2726/2315 2327/4283/2306 3633/4278/3615
f 2316/2702/2295 2315/2701/2294 2329/4284/2308 3634/4281/3616
f 2329/2719/2308 2328/2718/2307 3635/4280/3617 3634/4279/3616
f 2315/2701/2294 2322/2712/2301 2330/4285/2309 2329/4284/2308
f 2285/2661/2264 2284/2660/2263 2302/2681/2281 2319/2705/2298
f 3636/4286/3618 3637/4287/3619 2311/2694/2290 2310/2693/2289
f 2303/2684/2282 2298/2677/2277 3636/4286/3618 2310/2693/2289
f 2266/2638/2245 2265/2637/2244 3637/4287/3619 3636/4286/3618
f 2298/2677/2277 2259/2631/2238 2266/2638/2245 3636/4286/3618
f 2265/2637/2244 2264/2636/2243 3638/4288/3620 3637/4287/3619
f 3638/4289/3620 3639/4290/3621 2311/4291/2290 3637/4292/3619
f 3638/4289/3620 3640/4293/3622 3641/4294/3623 3639/4290/3621
f 3642/4295/3624 2305/2686/2284 2311/4291/2290 3639/4290/3621
f 3641/4294/3623 3643/4296/3625 3642/4295/3624 3639/4290/3621
f 3641/4294/3623 3644/4297/3626 3645/4298/3627 3643/4296/3625
f 2292/2671/2271 2291/2670/2270 3642/4295/3624 3643/4296/3625
f 3645/4298/3627 3646/4299/3628 2292/2671/2271 3643/4296/3625
f 3645/4298/3627 1848/2171/1840 1847/2170/1839 3646/4299/3628
f 3647/4300/3629 2293/2672/2272 2292/2671/2271 3646/4299/3628
f 1847/2170/1839 1850/2173/1842 3647/4300/3629 3646/4299/3628
f 1852/2175/1844 3648/4301/3630 3647/4300/3629 1850/2173/1842
f 436/454/425 2289/2666/2268 3648/4301/3630 1852/2175/1844
f 2297/2676/2276 2293/2672/2272 3647/4300/3629 3648/4301/3630
f 2289/2666/2268 2288/2665/2267 2297/2676/2276 3648/4301/3630
f 3644/4297/3626 3649/4302/3631 1854/2177/1846 1853/2176/1845
f 1848/2171/1840 3645/4298/3627 3644/4297/3626 1853/2176/1845
f 1948/2289/1937 83/83/83 1854/2177/1846 3649/4302/3631
f 3640/4293/3622 1949/2290/1938 1948/2289/1937 3649/4302/3631
f 3644/4297/3626 3641/4294/3623 3640/4293/3622 3649/4302/3631
f 2291/2670/2270 2296/2675/2275 2305/2686/2284 3642/4295/3624
f 3638/4289/3620 2264/4303/2243 1949/2290/1938 3640/4293/3622
f 2262/2634/2241 2266/2638/2245 2259/2631/2238 2299/2678/2278
f 2243/2615/2222 2237/2609/2216 2236/2608/2215 2271/2643/2250
f 2255/2627/2234 2244/2616/2223 2243/2615/2222 2271/2643/2250
f 1951/2298/1940 1950/2291/1939 1949/2290/1938 2264/4303/2243
f 1942/2283/1931 1939/2280/1928 1924/2265/1913 2261/3536/2240
f 1924/2265/1913 1923/2264/1912 1953/2296/1942 2261/3536/2240
f 2238/2610/2217 2206/2574/2185 2214/2584/2193 2240/2612/2219
f 2234/2606/2213 2207/2575/2186 2206/2574/2185 2238/2610/2217
f 2227/2599/2206 2226/2598/2205 2232/2604/2211 2237/2609/2216
f 3108/3640/3087 2207/2575/2186 2234/2606/2213 2233/2605/2212
f 2203/2570/2182 2185/2548/2164 2187/2547/2166 2210/2579/2189
f 2199/2565/2178 2180/2539/2159 2185/2544/2164 2203/4304/2182
f 2194/2556/2173 2191/2553/2170 2197/2563/2176 2202/2568/2181
f 2191/2553/2170 2190/2552/2169 2198/2564/2177 2197/2563/2176
f 2181/2540/2160 2180/2539/2159 2199/2565/2178 2198/2564/2177
f 2190/2552/2169 3650/4305/3632 2181/2540/2160 2198/2564/2177
f 3651/4306/3633 2182/2541/2161 2181/2540/2160 3650/4305/3632
f 3652/4307/3634 3653/4308/3635 3651/4306/3633 3650/4305/3632
f 2190/2552/2169 2189/2551/2168 3652/4307/3634 3650/4305/3632
f 3654/4309/3636 3655/4310/3637 3653/4308/3635 3652/4307/3634
f 2189/2551/2168 2188/2550/2167 3654/4309/3636 3652/4307/3634
f 1863/2187/1855 1862/2186/1854 3655/4310/3637 3654/4309/3636
f 2188/2550/2167 1864/2188/1856 1863/2187/1855 3654/4309/3636
f 3656/4311/3638 3657/4312/3639 1866/4313/1858 1865/4314/1857
f 1869/4315/1861 2143/2494/2122 3656/4311/3638 1865/4314/1857
f 3658/4316/3640 3659/4317/3641 3657/4312/3639 3656/4311/3638
f 2143/2494/2122 2142/2493/2121 3658/4316/3640 3656/4311/3638
f 2168/2524/2147 3660/4318/3642 3659/4317/3641 3658/4316/3640
f 2142/2493/2121 2163/2519/2142 2168/2524/2147 3658/4316/3640
f 3661/4319/3643 3662/4320/3644 3663/4321/3645 3660/4318/3642
f 2168/2524/2147 2167/2523/2146 3661/4319/3643 3660/4318/3642
f 3663/4321/3645 3664/4322/3646 3659/4317/3641 3660/4318/3642
f 3663/4321/3645 3651/4323/3633 3653/4324/3635 3664/4322/3646
f 3665/4325/3647 3657/4312/3639 3659/4317/3641 3664/4322/3646
f 3653/4308/3635 3655/4310/3637 3665/4326/3647 3664/4327/3646
f 1878/4328/1870 1866/4313/1858 3657/4312/3639 3665/4325/3647
f 3655/4310/3637 1862/2186/1854 1878/2202/1870 3665/4326/3647
f 3662/4320/3644 2182/4329/2161 3651/4323/3633 3663/4321/3645
f 279/2489/269 2141/2492/2120 2143/2494/2122 1869/4315/1861
f 1879/2203/1871 2174/2533/2153 2179/2538/2158 335/338/325
f 16/16/16 1899/2240/1888 2174/2533/2153 1879/2203/1871
f 3105/4330/3084 3107/4331/3086 2186/4332/2165 2182/4329/2161
f 3661/4319/3643 3105/4330/3084 2182/4329/2161 3662/4320/3644
f 2167/2523/2146 2170/4333/2149 3105/4330/3084 3661/4319/3643
f 3301/4334/3282 2155/2507/2133 2171/2529/2150 2173/4335/2152
f 2155/2507/2133 2154/2506/2132 2172/2530/2151 2171/2529/2150
f 2142/2493/2121 2140/2491/2119 2164/2520/2143 2163/2519/2142
f 2132/2485/2115 2131/2488/2118 2133/4336/3648 3417/3991/3398
f 1962/2484/1951 1966/2310/1955 2113/2470/2102 2124/2481/2113
f 2100/2463/2089 2099/4337/2088 2093/2446/2082 2108/2464/2097
f 2083/2447/2072 2093/2446/2082 2099/4337/2088 2098/4338/2087
f 2089/2442/2078 2084/2437/2073 2083/2436/2072 2098/2453/2087
f 2096/2451/2085 2090/2443/2079 2089/2442/2078 2098/2453/2087
f 2091/2444/2080 2090/2443/2079 2096/2451/2085 2095/2450/2084
f 2027/2375/2016 3669/4339/3649 2048/2401/2037 2047/2400/2036
f 2002/2350/1991 2001/2349/1990 2048/2401/2037 3669/4339/3649
f 1984/2330/1973 2003/2351/1992 2002/2350/1991 3669/4339/3649
f 2027/2375/2016 1982/2331/1971 1984/2330/1973 3669/4339/3649
f 2001/2349/1990 2042/2395/2031 2045/2398/2034 2048/2401/2037
f 2030/2379/2019 2029/2378/2018 2040/2393/2029 2039/2392/2028
f 1922/2263/1911 1921/2262/1910 1947/2288/1936 1950/2291/1939
f 1921/2262/1910 1920/2261/1909 1945/2286/1934 1947/2288/1936
f 1944/2285/1933 1943/2284/1932 1884/2213/1874 84/84/84
f 1943/2284/1932 1915/2256/1904 43/43/43 1884/2213/1874
f 1946/2287/1935 3670/4340/3650 1915/2256/1904 1943/2284/1932
f 3671/4341/3651 1916/2257/1905 1915/2256/1904 3670/4340/3650
f 1920/2261/1909 1919/2260/1908 3671/4341/3651 3670/4340/3650
f 1946/2287/1935 1945/2286/1934 1920/2261/1909 3670/4340/3650
f 1887/2216/1877 44/44/44 1916/2257/1905 3671/4341/3651
f 1919/2260/1908 50/50/50 1887/2216/1877 3671/4341/3651
f 1938/2279/1927 1917/2258/1906 1924/2265/1913 1939/2280/1928
f 71/71/71 47/47/47 1917/2258/1906 1938/2279/1927
f 7/7/7 11/11/11 1897/2238/1886 1893/2234/1882
f 2467/2875/2446 2479/2887/2458 2469/2877/2448 2468/2876/2447
f 1895/2236/1884 11/11/11 1758/4183/1750 3557/4180/3539
f 1968/4342/1957 1967/4038/1956 2111/2467/2100 2110/2468/2099
f 2242/2614/2221 2241/2613/2220 2246/2618/2225 2247/2619/2226
f 2328/2718/2307 2331/2721/2310 2333/2723/2312 3635/4280/3617
f 1898/2239/1887 2188/2550/2167 2175/2534/2154 1899/2240/1888
f 1898/2239/1887 15/15/15 1864/2188/1856 2188/2550/2167
f 2955/3459/2934 2320/2708/2299 2314/2707/2293 1888/4343/1878
f 1903/2244/1892 2258/2630/2237 2304/2685/2283 2267/2639/2246
f 2304/2685/2283 2992/3510/2971 2300/2679/2279 2267/2639/2246
f 1913/2254/1902 1940/2281/1929 1928/2269/1917 1914/2255/1903
f 3198/3741/3178 2129/3740/3177 2128/2487/2117 2127/4344/3420
f 2123/2480/2112 2122/2479/2111 2125/4345/2114 3438/4023/3419
f 2125/4345/2114 3198/4346/3178 2127/4024/3420 3438/4023/3419
f 2133/4336/3648 2130/3742/3179 3192/3734/3171 3189/3731/3168
f 3186/3728/3165 2150/2501/2129 2149/2500/2128 3420/3994/3401
f 2133/4336/3648 3189/3731/3168 3420/3994/3401 3417/3991/3398
f 2145/4347/2124 2148/2504/2127 2153/2508/2134 2155/2507/2133
f 2145/4347/2124 3301/4334/3282 3423/4348/3404 2146/4349/2125
f 1940/2281/1929 1935/2276/1924 1926/2267/1915 1928/2269/1917
f 98/104/98 101/269/101 102/105/104
f 262/274/263 263/1905/1626 264/275/264
f 265/2207/262 266/1621/1380 267/1620/1379
f 265/2207/262 267/1620/1379 262/2223/263
f 269/2206/1872 266/1621/1380 265/2207/262
f 270/4350/3652 271/4351/3653 272/4352/3653
f 273/4353/3654 274/4354/3655 275/4355/3656
f 292/295/282 290/293/280 284/285/274
f 1880/4356/3654 1881/4357/3655 1882/4358/3656
f 33/33/33 32/32/32 38/38/38
f 1762/4359/1754 1495/1739/1486 1494/1738/1485
f 461/479/450 460/478/449 1888/4360/1878
f 37/37/37 36/36/36 1889/4361/3657
f 1123/1307/1112 1122/1306/1111 1125/1309/1114
f 1758/2056/1750 1757/2055/1749 1762/2064/1754
f 24/24/24 23/23/23 462/480/451
f 271/4362/3653 270/4350/3652 272/4352/3653
f 275/4355/3656 274/4363/3655 273/4353/3654
f 1882/4358/3656 1881/4364/3655 1880/4356/3654
f 1888/2221/1878 1118/1302/1107 1123/1307/1112
f 1889/4361/3657 36/36/36 40/40/40
f 1889/4361/3657 40/40/40 72/72/72
f 40/40/40 36/36/36 32/32/32
f 1617/2226/1608 1377/1607/1366 1380/1610/1369
f 1497/1744/1488 293/4365/283 287/2227/277
f 349/352/338 357/360/346 346/349/335
f 357/1505/346 1287/1504/1276 346/4366/335
f 346/4366/335 1287/1504/1276 347/2179/336
f 1287/1504/1276 1294/1512/1283 347/2179/336
f 1966/2310/1955 1962/2484/1951 1965/2311/1954
f 2126/2486/2116 2127/4344/3420 2128/2487/2117
f 2129/3740/3177 2130/3742/3179 2131/2488/2118
f 2128/2487/2117 2129/3740/3177 2131/2488/2118
f 2131/2488/2118 2130/3742/3179 2133/4336/3648
f 2134/4367/3658 2135/4368/3658 2136/4369/3658
f 2137/4370/3659 2138/4371/3660 2139/4372/3661
f 2148/2504/2127 2152/2503/2131 2153/2508/2134
f 3666/4373/3659 3667/4374/3660 3668/4375/3661
f 38/38/38 1911/2252/1900 33/33/33
f 1494/1738/1485 3298/3848/3279 1762/4359/1754
f 1888/4360/1878 2314/2700/2293 461/479/450
f 1889/4361/3657 1912/2253/1901 37/37/37
f 1125/1309/1114 2959/3463/2938 1123/1307/1112
f 1762/4376/1754 3560/4184/3542 1758/4183/1750
f 462/480/451 1902/2243/1891 24/24/24
f 2134/4367/3662 2136/4369/3662 2135/4377/3662
f 2139/4372/3661 2138/4378/3660 2137/4370/3659
f 3668/4375/3661 3667/4379/3660 3666/4373/3659
f 1123/1307/1112 2955/3467/2934 1888/2221/1878
f 1913/2254/1902 1912/2253/1901 1889/4361/3657
f 72/72/72 1913/2254/1902 1889/4361/3657
f 1911/2252/1900 1912/2253/1901 1913/2254/1902
f 3189/3731/3168 3186/3728/3165 3420/3994/3401
f 2145/4347/2124 2155/2507/2133 3301/4334/3282
f 2208/2576/2187 2215/2585/2194 2205/2573/2184
f 2208/2576/2187 3101/3633/3080 2215/2585/2194
f 2207/2575/2186 3101/3633/3080 2208/2576/2187
f 2207/2575/2186 3108/3640/3087 3101/3633/3080
