# Blender 4.3.2
# www.blender.org
o model
v -0.000454 1.775812 -0.053769
v -0.000454 1.773521 -0.057696
v -0.006353 1.770734 -0.053017
v -0.004341 1.775139 -0.049055
v -0.847030 1.394359 0.018999
v -0.848665 1.400708 0.014137
v -0.853659 1.397823 0.014555
v -0.849145 1.390768 0.016324
v -0.834048 1.387673 0.016972
v -0.833494 1.394483 0.019515
v -0.849146 1.393278 0.006027
v -0.845803 1.388445 0.010678
v -0.834065 1.391043 0.003973
v -0.834383 1.386016 0.009908
v -0.850570 1.392157 -0.043789
v -0.836698 1.390950 -0.044752
v -0.837441 1.385724 -0.039372
v -0.853181 1.391035 -0.039039
v -0.849416 1.398340 -0.040741
v -0.836277 1.398437 -0.041787
v -0.852429 1.397863 -0.035728
v -0.836605 1.399377 -0.034146
v -0.849776 1.389406 -0.033723
v -0.837121 1.386699 -0.031931
v -0.836212 1.393989 -0.029364
v -0.849003 1.394725 -0.031131
v -0.821516 1.391000 -0.062504
v -0.816953 1.388054 -0.063437
v -0.816901 1.386474 -0.059203
v -0.821413 1.393693 -0.058035
v -0.816138 1.395453 -0.061504
v -0.814199 1.391972 -0.064799
v -0.816611 1.394593 -0.055697
v -0.803517 1.395350 -0.059347
v -0.803342 1.391208 -0.063998
v -0.804137 1.385506 -0.062439
v -0.814630 1.387141 -0.055136
v -0.804697 1.387307 -0.051371
v -0.804158 1.394120 -0.052824
v -0.804951 1.383700 -0.056522
v -0.014318 1.734743 0.015020
v -0.011536 1.737195 0.005916
v -0.021026 1.732934 -0.000753
v -0.028902 1.731392 0.007269
v -0.000454 1.735052 0.030015
v -0.000454 1.738599 0.007888
v -0.026518 1.730639 0.033010
v -0.005248 1.749510 -0.070209
v -0.000454 1.749778 -0.074472
v -0.000454 1.740891 -0.072562
v -0.007379 1.743924 -0.067729
v -0.006973 1.754686 -0.067592
v -0.000454 1.758065 -0.072700
v -0.012033 1.749185 -0.061698
v -0.008320 1.562200 0.135020
v -0.000454 1.561069 0.138918
v -0.000454 1.578009 0.132976
v -0.006313 1.576764 0.128727
v -0.009512 1.572533 0.122971
v -0.009651 1.558752 0.124533
v -0.000454 1.555898 0.125949
v -0.006636 1.587021 0.122099
v -0.011935 1.579214 0.115705
v -0.015180 1.561248 0.116584
v -0.007827 1.601898 0.117440
v -0.013372 1.599086 0.110836
v -0.024742 1.598415 0.105378
v -0.022155 1.580969 0.110138
v -0.022299 1.563299 0.112446
v -0.011137 1.544226 0.124019
v -0.000454 1.542147 0.127561
v -0.017785 1.547257 0.117027
v -0.029907 1.633258 0.114157
v -0.028218 1.616989 0.110411
v -0.018187 1.617281 0.114809
v -0.021244 1.635434 0.117836
v -0.023702 1.651898 0.115371
v -0.033378 1.643084 0.111883
v -0.040497 1.619533 0.106988
v -0.035295 1.578422 0.109181
v -0.031012 1.565785 0.110760
v -0.038972 1.597972 0.104181
v -0.045994 1.572981 0.104230
v -0.035034 1.556722 0.107874
v -0.024146 1.549935 0.111389
v -0.052086 1.637770 0.096013
v -0.039488 1.660946 0.103177
v -0.046092 1.686191 0.084063
v -0.061182 1.671239 0.078323
v -0.073327 1.653769 0.066209
v -0.064408 1.627878 0.078774
v -0.089806 1.604500 0.001559
v -0.092895 1.611324 -0.004415
v -0.092344 1.597320 -0.006298
v -0.089011 1.592627 -0.001523
v -0.084607 1.609829 0.016500
v -0.087980 1.628885 0.009826
v -0.079139 1.592779 0.007075
v -0.087249 1.594985 -0.011497
v -0.088583 1.583527 -0.008369
v -0.075597 1.578658 0.021013
v -0.077750 1.593598 0.033620
v -0.009076 1.499768 0.093419
v -0.011590 1.502949 0.099968
v -0.019690 1.505205 0.092517
v -0.013001 1.499958 0.086139
v -0.000454 1.499012 0.093678
v -0.000454 1.501965 0.102628
v -0.000454 1.498059 0.083647
v -0.079191 1.597934 -0.008739
v -0.078743 1.584287 -0.000461
v -0.422440 0.007659 0.163761
v -0.422406 0.011440 0.166035
v -0.428612 0.010715 0.166728
v -0.427062 0.006293 0.162654
v -0.423550 0.003494 0.155680
v -0.418043 0.006093 0.158615
v -0.415048 0.011084 0.160605
v -0.423231 0.018767 0.164216
v -0.427936 0.020598 0.164737
v -0.428852 0.015638 0.168017
v -0.422559 0.015585 0.166110
v -0.416479 0.016467 0.160512
v -0.420350 0.020004 0.159325
v -0.425966 0.021735 0.157933
v -0.428295 0.008499 0.130549
v -0.437881 0.009971 0.134097
v -0.439455 0.008054 0.127235
v -0.433520 0.007054 0.125204
v -0.425434 0.005953 0.132553
v -0.430679 0.006799 0.141087
v -0.426799 0.003204 0.117070
v -0.420760 0.003372 0.118629
v -0.433812 0.003532 0.115690
v -0.442773 0.007271 0.142823
v -0.450725 0.009600 0.135903
v -0.445129 0.010480 0.130923
v -0.444011 0.008712 0.125787
v -0.455639 0.009440 0.117898
v -0.448519 0.006500 0.116009
v -0.441673 0.004689 0.115314
v -0.446585 0.025657 0.133687
v -0.450208 0.022923 0.139394
v -0.443084 0.023523 0.146949
v -0.440780 0.027022 0.137071
v -0.393678 0.003621 -0.024721
v -0.396911 0.003237 -0.012904
v -0.406081 0.001635 -0.016493
v -0.398046 0.003396 -0.030411
v -0.388556 0.007940 -0.036975
v -0.385292 0.006985 -0.027642
v -0.385984 0.007187 -0.010989
v -0.410171 0.019336 -0.050679
v -0.409054 0.026798 -0.052363
v -0.400651 0.024172 -0.053797
v -0.405166 0.015402 -0.050690
v -0.414060 0.010097 -0.043406
v -0.418045 0.017186 -0.045529
v -0.419208 0.026953 -0.045495
v -0.433541 0.052059 -0.012101
v -0.438396 0.033545 -0.013053
v -0.454993 0.024183 0.017636
v -0.450640 0.033090 0.019859
v -0.422626 0.054850 -0.030421
v -0.427317 0.037193 -0.031649
v -0.421885 0.089826 -0.026628
v -0.413511 0.087202 -0.034132
v -0.434055 0.058230 -0.004672
v -0.423073 0.092513 -0.017856
v -0.448318 0.038659 0.022842
v -0.376487 0.050929 0.013227
v -0.380569 0.031708 0.011338
v -0.376018 0.030452 -0.012276
v -0.373918 0.049682 -0.011329
v -0.388342 0.036083 0.044845
v -0.390392 0.027149 0.041701
v -0.361091 0.076377 -0.013210
v -0.361754 0.079082 0.001956
v -0.367197 0.083898 0.012011
v -0.379131 0.060616 0.025179
v -0.389194 0.044185 0.049337
v -0.094584 0.887312 -0.103955
v -0.072270 0.852464 -0.101571
v -0.089842 0.836864 -0.091645
v -0.116096 0.853852 -0.088605
v -0.143809 0.868977 -0.071441
v -0.129827 0.902460 -0.082923
v -0.120323 0.940468 -0.082191
v -0.092789 0.936880 -0.101217
v -0.059809 0.895277 -0.110836
v -0.051365 0.861091 -0.103377
v -0.061946 0.937085 -0.107546
v -0.093035 0.901037 0.101919
v -0.123546 0.912660 0.089113
v -0.132904 0.891497 0.085925
v -0.109280 0.882683 0.092816
v -0.086370 0.863055 0.093620
v -0.075029 0.869952 0.102637
v -0.057497 0.873900 0.107222
v -0.063181 0.903569 0.112462
v -0.061158 0.929495 0.119764
v -0.089657 0.930449 0.107921
v -0.117827 0.936250 0.096070
v -0.030709 1.225338 0.147245
v -0.063092 1.209786 0.143610
v -0.059222 1.182841 0.144106
v -0.028794 1.188162 0.146426
v -0.000454 1.190802 0.142373
v -0.000454 1.224280 0.143326
v -0.048843 1.243900 0.158137
v -0.070309 1.229185 0.153563
v -0.000454 1.259726 0.146877
v -0.021410 1.261875 0.151270
v -0.041045 1.266712 0.160775
v -0.074304 1.596610 -0.019099
v -0.067240 1.578569 -0.011241
v -0.058741 1.546640 -0.005768
v -0.067725 1.565593 0.010478
v -0.061161 1.253645 0.164616
v -0.077090 1.248387 0.163605
v -0.062249 1.269455 0.168190
v -0.080915 1.267496 0.168616
v -0.108686 1.279966 0.153216
v -0.112273 1.267642 0.151808
v -0.097042 1.265231 0.162900
v -0.098294 1.282408 0.160500
v -0.100703 1.303535 0.145440
v -0.113998 1.294145 0.138990
v -0.124675 1.281646 0.131075
v -0.040715 1.516261 0.065088
v -0.028521 1.508837 0.081090
v -0.031486 1.518928 0.090746
v -0.044840 1.530718 0.080166
v -0.060193 1.550851 0.068789
v -0.059400 1.538495 0.053517
v -0.053547 1.526858 0.039030
v -0.037263 1.510407 0.047586
v -0.020239 1.502506 0.060426
v -0.017487 1.501234 0.073146
v -0.019416 1.500835 0.049959
v -0.052413 1.309808 0.149768
v -0.070494 1.310565 0.152040
v -0.067856 1.289335 0.166430
v -0.045326 1.291588 0.158852
v -0.060892 1.572353 -0.025705
v -0.053086 1.544554 -0.023482
v -0.052624 1.513103 -0.029250
v -0.055670 1.511910 -0.015361
v -0.053674 1.505996 0.000729
v -0.055710 1.528575 0.010667
v -0.062789 1.545898 0.023524
v -0.143790 1.257773 0.068828
v -0.148122 1.246977 0.026016
v -0.142031 1.218943 0.031227
v -0.137225 1.222268 0.066542
v -0.127075 1.213770 0.097997
v -0.134111 1.241522 0.107644
v -0.131928 1.265753 0.121913
v -0.138167 1.287169 0.092032
v -0.139229 1.309203 0.070888
v -0.147479 1.280785 0.051818
v -0.151898 1.263194 0.019511
v -0.034140 1.323517 0.129791
v -0.023345 1.293787 0.145131
v -0.000454 1.294181 0.138870
v -0.000454 1.325421 0.123320
v -0.000454 1.351119 0.109214
v -0.028037 1.351663 0.110010
v -0.060492 1.330252 0.127264
v -0.053475 1.351618 0.107970
v -0.130953 1.319825 0.084162
v -0.128002 1.346108 0.072035
v -0.135058 1.341216 0.065622
v -0.130454 1.299784 0.103828
v -0.134134 1.336884 0.055320
v -0.142165 1.312956 0.059636
v -0.149966 1.289178 0.044287
v -0.136282 1.312184 0.048504
v -0.139694 1.297815 0.034586
v -0.132966 1.328778 0.041232
v -0.135259 1.313859 0.019164
v -0.084448 1.458484 -0.021681
v -0.067791 1.472111 -0.021920
v -0.069174 1.470802 -0.039003
v -0.086792 1.457568 -0.043524
v -0.068209 1.459228 -0.000531
v -0.061008 1.470628 -0.004343
v -0.094110 1.449430 -0.006337
v -0.076489 1.448986 0.009116
v -0.033694 1.434276 -0.074650
v -0.022143 1.474127 -0.061348
v -0.000454 1.470476 -0.061068
v -0.000454 1.431944 -0.071455
v -0.051765 1.452833 -0.064241
v -0.038309 1.481316 -0.056011
v -0.072626 1.416888 -0.077496
v -0.078413 1.435043 -0.069125
v -0.000454 1.396883 -0.077633
v -0.032728 1.395525 -0.083168
v -0.072354 1.389103 -0.083316
v -0.098911 1.395094 0.057959
v -0.078833 1.396501 0.060424
v -0.072169 1.418633 0.043992
v -0.090676 1.416724 0.039105
v -0.096976 1.366366 0.081613
v -0.079713 1.372562 0.084755
v -0.118576 1.403954 0.045062
v -0.131332 1.391696 0.050119
v -0.116952 1.379900 0.060960
v -0.110219 1.417741 0.035873
v -0.119346 1.356387 -0.081026
v -0.111686 1.386110 -0.081555
v -0.074690 1.360243 -0.085775
v -0.074482 1.329970 -0.086469
v -0.109457 1.323488 -0.080401
v -0.131441 1.314115 -0.068759
v -0.142578 1.337169 -0.068559
v -0.163347 1.352602 -0.065758
v -0.155444 1.370469 -0.077163
v -0.147539 1.391855 -0.081964
v -0.172211 1.376327 0.020124
v -0.152296 1.366863 0.036937
v -0.150948 1.373466 0.048197
v -0.165974 1.383848 0.036213
v -0.174760 1.359576 0.005194
v -0.150690 1.358290 0.017636
v -0.183299 1.396008 0.024175
v -0.190158 1.388210 0.018499
v -0.206304 1.395191 0.016038
v -0.219333 1.389000 0.015125
v -0.211974 1.375831 0.013305
v -0.204554 1.404460 0.016716
v -0.222633 1.399889 0.014704
v -0.781195 1.348966 0.038730
v -0.783782 1.354100 0.040971
v -0.787972 1.353387 0.034665
v -0.783627 1.347589 0.032262
v -0.768840 1.352388 0.035226
v -0.770937 1.358704 0.038071
v -0.769383 1.349697 0.028015
v -0.784012 1.360851 0.039131
v -0.773821 1.365017 0.037165
v -0.787175 1.360463 0.034428
v -0.776337 1.368753 0.031880
v -0.785777 1.360921 0.028669
v -0.775908 1.367256 0.024931
v -0.786037 1.355416 0.027812
v -0.773361 1.361514 0.020140
v -0.782611 1.350974 0.026392
v -0.771470 1.353616 0.021228
v -0.744779 1.385795 0.019922
v -0.738770 1.383937 0.031117
v -0.709941 1.392692 0.027243
v -0.715107 1.399418 0.022666
v -0.718265 1.403744 0.018039
v -0.744017 1.395820 0.017011
v -0.757361 1.375041 0.022403
v -0.757979 1.375754 0.029798
v -0.760752 1.384650 0.015267
v -0.762104 1.378664 0.007409
v -0.751293 1.376608 0.010322
v -0.760279 1.394446 0.016613
v -0.752250 1.369691 0.017056
v -0.748003 1.376248 -0.002287
v -0.739530 1.369069 0.006809
v -0.734272 1.363050 0.013691
v -0.752386 1.361451 0.018736
v -0.767895 1.395371 -0.046314
v -0.786799 1.394270 -0.050208
v -0.788118 1.388457 -0.048508
v -0.773631 1.390025 -0.044558
v -0.767689 1.397021 -0.055880
v -0.786580 1.395908 -0.057250
v -0.746188 1.400984 -0.046651
v -0.745688 1.396943 -0.054411
v -0.774766 1.399885 -0.035581
v -0.765622 1.400907 -0.036737
v -0.746730 1.404006 -0.038135
v -0.788315 1.383066 -0.051630
v -0.773171 1.382961 -0.046212
v -0.784428 1.386201 -0.042587
v -0.784856 1.394025 -0.042448
v -0.771126 1.377805 -0.036656
v -0.784347 1.380230 -0.036022
v -0.748099 1.375831 -0.049442
v -0.749783 1.374939 -0.039410
v -0.726838 1.373620 -0.012875
v -0.721211 1.367600 -0.005503
v -0.764404 1.376675 -0.002215
v -0.767147 1.376277 -0.013668
v -0.750931 1.376560 -0.015876
v -0.727325 1.375265 -0.023411
v -0.779184 1.383198 -0.003353
v -0.777662 1.380462 0.007109
v -0.793146 1.382249 0.007528
v -0.792293 1.388257 0.000299
v -0.780224 1.380868 -0.014758
v -0.788097 1.384891 -0.006383
v -0.788280 1.382247 -0.016240
v -0.779558 1.383088 -0.021833
v -0.786739 1.388852 -0.023891
v -0.770906 1.377088 -0.025367
v -0.784854 1.382443 -0.026976
v -0.785025 1.392349 -0.024268
v -0.774627 1.397924 -0.025581
v -0.785001 1.399698 -0.034132
v -0.798230 1.398849 -0.033798
v -0.797362 1.391796 -0.027145
v -0.795846 1.391113 -0.022177
v -0.797076 1.399529 -0.017489
v -0.785629 1.400755 -0.017503
v -0.775866 1.402362 -0.017085
v -0.798847 1.384025 -0.028849
v -0.798057 1.383457 -0.016974
v -0.786073 1.396548 -0.005519
v -0.797372 1.398184 -0.007746
v -0.797865 1.390581 -0.005337
v -0.789933 1.389728 -0.004655
v -0.776010 1.400166 -0.006535
v -0.856044 1.391397 -0.014803
v -0.858734 1.394657 -0.011810
v -0.858642 1.399990 -0.017169
v -0.856941 1.395421 -0.019968
v -0.846640 1.387583 -0.015986
v -0.846524 1.389917 -0.008947
v -0.845689 1.393418 -0.021892
v -0.855987 1.401161 -0.012334
v -0.844946 1.400684 -0.011816
v -0.844959 1.399917 -0.018800
v -0.856558 1.397649 -0.009015
v -0.845511 1.396457 -0.006901
v -0.827294 1.386449 -0.009044
v -0.826821 1.393488 -0.006169
v -0.826337 1.399491 -0.010770
v -0.826321 1.398978 -0.018703
v -0.810289 1.391687 -0.006143
v -0.810073 1.398320 -0.009805
v -0.810011 1.398615 -0.017839
v -0.810239 1.391125 -0.021410
v -0.826740 1.391520 -0.021713
v -0.827305 1.385071 -0.016508
v -0.810643 1.384308 -0.016758
v -0.810654 1.385004 -0.009243
v -0.798348 1.384248 -0.008747
v -0.816231 1.392875 -0.028536
v -0.816778 1.385078 -0.030445
v -0.816415 1.383084 -0.038106
v -0.798515 1.381874 -0.036676
v -0.815699 1.388894 -0.043693
v -0.797779 1.387557 -0.042439
v -0.815367 1.396349 -0.041526
v -0.797800 1.395381 -0.041459
v -0.815677 1.398476 -0.034054
v -0.763649 1.405271 -0.007359
v -0.764030 1.404666 -0.017467
v -0.763989 1.402150 -0.026829
v -0.746856 1.407868 -0.018219
v -0.746959 1.406107 -0.028235
v -0.725632 1.412966 -0.019246
v -0.724938 1.411274 -0.029562
v -0.723255 1.408305 -0.038872
v -0.721541 1.403900 -0.046688
v -0.697470 1.418456 -0.030230
v -0.696310 1.415234 -0.038790
v -0.694133 1.409409 -0.045474
v -0.692410 1.402976 -0.049816
v -0.720222 1.398362 -0.052811
v -0.664160 1.418679 -0.037291
v -0.663650 1.413655 -0.042974
v -0.662932 1.407264 -0.046773
v -0.662396 1.401016 -0.048243
v -0.691017 1.395732 -0.052693
v -0.631316 1.414363 -0.043935
v -0.631447 1.408026 -0.048005
v -0.631576 1.401271 -0.050219
v -0.631700 1.394458 -0.049880
v -0.662004 1.394681 -0.048012
v -0.599730 1.407924 -0.051310
v -0.599874 1.400252 -0.053300
v -0.599969 1.392447 -0.052792
v -0.600025 1.385077 -0.050389
v -0.631951 1.388068 -0.047867
v -0.568299 1.400083 -0.056574
v -0.568341 1.391649 -0.056126
v -0.568188 1.383688 -0.053503
v -0.567851 1.376524 -0.049163
v -0.600107 1.378704 -0.046578
v -0.536842 1.391596 -0.061028
v -0.536572 1.383310 -0.058323
v -0.535940 1.375777 -0.053540
v -0.535165 1.369571 -0.045959
v -0.567511 1.370936 -0.042861
v -0.504514 1.384219 -0.063123
v -0.504001 1.376319 -0.058033
v -0.503323 1.369360 -0.049709
v -0.502787 1.365368 -0.038704
v -0.534585 1.365988 -0.036530
v -0.472540 1.377091 -0.060312
v -0.472536 1.369647 -0.052158
v -0.472496 1.364563 -0.040372
v -0.472308 1.362308 -0.028054
v -0.502623 1.363005 -0.027176
v -0.441975 1.368854 -0.052092
v -0.442648 1.363027 -0.041824
v -0.442116 1.360607 -0.030709
v -0.440550 1.359943 -0.019938
v -0.471766 1.361220 -0.016340
v -0.410273 1.361413 -0.042938
v -0.409464 1.359841 -0.033653
v -0.408563 1.359992 -0.024606
v -0.407667 1.362333 -0.015069
v -0.439019 1.361332 -0.010806
v -0.377105 1.357386 -0.034956
v -0.376549 1.358494 -0.025569
v -0.376299 1.360774 -0.015820
v -0.376485 1.364509 -0.006743
v -0.407143 1.366355 -0.007557
v -0.344753 1.355785 -0.025079
v -0.344704 1.357762 -0.014589
v -0.345355 1.360531 -0.003929
v -0.345691 1.367086 0.004373
v -0.376828 1.370878 0.001290
v -0.312721 1.354890 -0.012716
v -0.313052 1.357365 -0.001364
v -0.313042 1.364309 0.006790
v -0.312719 1.373513 0.012268
v -0.345381 1.376004 0.010104
v -0.279827 1.355959 0.001178
v -0.279623 1.363858 0.009320
v -0.279390 1.373850 0.014304
v -0.279283 1.384500 0.016522
v -0.312248 1.383919 0.015197
v -0.245211 1.367209 0.011434
v -0.245739 1.378000 0.015418
v -0.247189 1.390494 0.016557
v -0.248830 1.400845 0.014659
v -0.279462 1.395539 0.016042
v -0.223908 1.408371 0.014358
v -0.224782 1.416069 0.013839
v -0.250273 1.409917 0.011669
v -0.202798 1.410167 0.020403
v -0.200800 1.418464 0.020778
v -0.198098 1.426647 0.017333
v -0.225065 1.423980 0.010206
v -0.181141 1.403965 0.031549
v -0.176750 1.414126 0.032307
v -0.170942 1.422955 0.029378
v -0.164969 1.431871 0.023480
v -0.194910 1.434967 0.011999
v -0.154358 1.403726 0.043530
v -0.144876 1.413140 0.038711
v -0.135925 1.423206 0.030585
v -0.129482 1.436033 0.018031
v -0.159783 1.441966 0.013580
v -0.105464 1.433327 0.022934
v -0.101091 1.443863 0.007340
v -0.124605 1.447260 0.001449
v -0.085972 1.434043 0.027106
v -0.083437 1.445279 0.019646
v -0.067073 1.436064 0.036506
v -0.064095 1.446021 0.032126
v -0.058587 1.449685 0.023564
v -0.053256 1.457020 0.017167
v -0.041426 1.443800 0.041977
v -0.037387 1.449004 0.034658
v -0.034581 1.456191 0.029971
v -0.033039 1.466423 0.027717
v -0.048799 1.468285 0.013645
v -0.018405 1.450931 0.041807
v -0.017415 1.457975 0.038159
v -0.017190 1.466588 0.037262
v -0.017396 1.477054 0.038149
v -0.032754 1.479134 0.028172
v -0.000454 1.458221 0.041014
v -0.000454 1.466725 0.041324
v -0.000454 1.476204 0.042591
v -0.000454 1.485609 0.044216
v -0.017652 1.487577 0.040209
v -0.000454 1.492904 0.046851
v -0.000454 1.496846 0.051338
v -0.018261 1.496292 0.043765
v -0.034107 1.503523 0.037028
v -0.033099 1.492275 0.031187
v -0.047017 1.513944 0.026009
v -0.045476 1.498688 0.017855
v -0.045906 1.482643 0.013649
v -0.055299 1.486105 -0.003858
v -0.059206 1.488120 -0.020367
v -0.057854 1.488311 -0.034927
v -0.045225 1.513341 -0.040806
v -0.050611 1.486158 -0.047187
v -0.063409 1.464526 -0.053059
v -0.083924 1.449236 -0.058295
v -0.110685 1.427585 -0.071193
v -0.112969 1.439746 -0.061022
v -0.116346 1.447745 -0.048788
v -0.146964 1.441817 -0.066877
v -0.149537 1.451522 -0.054336
v -0.151566 1.456370 -0.038086
v -0.118693 1.452387 -0.032494
v -0.153357 1.456798 -0.020295
v -0.120974 1.452367 -0.016462
v -0.155761 1.452129 -0.002076
v -0.187468 1.453960 -0.024572
v -0.189341 1.451176 -0.008739
v -0.191854 1.443800 0.003745
v -0.222963 1.445335 -0.015515
v -0.223879 1.439868 -0.004554
v -0.224683 1.432294 0.003798
v -0.254091 1.433727 -0.009038
v -0.253172 1.427172 0.000223
v -0.251739 1.418912 0.007062
v -0.281914 1.423663 -0.000112
v -0.280851 1.415545 0.007638
v -0.279994 1.405979 0.013139
v -0.311695 1.414976 0.007560
v -0.311707 1.405379 0.012948
v -0.311880 1.394784 0.015440
v -0.343537 1.406786 0.011242
v -0.344011 1.396509 0.013683
v -0.344658 1.386016 0.013169
v -0.376236 1.398559 0.011053
v -0.376500 1.388941 0.010444
v -0.376814 1.379333 0.007112
v -0.408188 1.389550 0.007729
v -0.407476 1.380460 0.004734
v -0.407072 1.372558 -0.000589
v -0.437499 1.378570 0.006824
v -0.437282 1.370784 0.002462
v -0.438014 1.365187 -0.003319
v -0.470000 1.369654 0.008174
v -0.470587 1.364247 0.002115
v -0.471171 1.361530 -0.006660
v -0.502945 1.366945 0.001236
v -0.502851 1.363695 -0.006639
v -0.502668 1.362489 -0.016446
v -0.534730 1.365290 -0.007834
v -0.534446 1.364004 -0.016821
v -0.534347 1.363963 -0.026423
v -0.567310 1.366417 -0.017358
v -0.567167 1.365956 -0.025946
v -0.567221 1.367466 -0.034682
v -0.600451 1.368906 -0.026419
v -0.600325 1.370039 -0.034158
v -0.600230 1.373416 -0.041066
v -0.632903 1.375372 -0.033646
v -0.632540 1.378207 -0.039665
v -0.632236 1.382463 -0.044457
v -0.662019 1.382178 -0.037589
v -0.661789 1.384621 -0.042348
v -0.661908 1.388961 -0.046090
v -0.689792 1.375658 -0.044600
v -0.689000 1.380480 -0.050537
v -0.689586 1.387884 -0.053281
v -0.720619 1.375683 -0.051545
v -0.719417 1.382157 -0.056738
v -0.719176 1.390694 -0.056796
v -0.746233 1.381105 -0.057231
v -0.745510 1.389474 -0.058451
v -0.769298 1.382132 -0.057841
v -0.767603 1.389873 -0.060056
v -0.787214 1.383726 -0.059543
v -0.786503 1.390578 -0.061743
v -0.722754 1.372937 -0.043135
v -0.725000 1.373736 -0.033586
v -0.751349 1.375608 -0.028400
v -0.691512 1.373619 -0.036788
v -0.693267 1.373525 -0.030072
v -0.662182 1.380810 -0.032072
v -0.662177 1.380479 -0.026189
v -0.694132 1.374141 -0.023606
v -0.633028 1.374452 -0.026659
v -0.632800 1.375423 -0.019362
v -0.661725 1.381111 -0.019968
v -0.600543 1.369602 -0.018528
v -0.600495 1.371811 -0.011048
v -0.632269 1.377756 -0.012162
v -0.567573 1.367872 -0.009162
v -0.567870 1.370900 -0.001513
v -0.600390 1.375264 -0.004161
v -0.534980 1.368215 0.000243
v -0.534935 1.373715 0.006193
v -0.567818 1.376126 0.004284
v -0.502815 1.372511 0.007351
v -0.502474 1.379648 0.011035
v -0.534627 1.380997 0.009566
v -0.469532 1.377417 0.012008
v -0.469314 1.386727 0.013214
v -0.501930 1.388280 0.012521
v -0.438444 1.387636 0.008657
v -0.439323 1.398227 0.007211
v -0.469390 1.397958 0.010903
v -0.408519 1.398971 0.007875
v -0.408162 1.408825 0.004760
v -0.439489 1.409393 0.004039
v -0.375930 1.408296 0.008717
v -0.375389 1.417142 0.003409
v -0.407169 1.417423 -0.000903
v -0.343177 1.416141 0.005931
v -0.342855 1.423843 -0.002291
v -0.374641 1.424455 -0.004872
v -0.311851 1.423128 -0.000630
v -0.312017 1.429030 -0.011215
v -0.342610 1.429287 -0.012658
v -0.282738 1.429591 -0.010439
v -0.283056 1.432627 -0.022203
v -0.312109 1.431954 -0.023302
v -0.254230 1.437476 -0.019896
v -0.253710 1.438441 -0.031763
v -0.282858 1.433203 -0.034593
v -0.222064 1.446937 -0.028278
v -0.220982 1.444235 -0.041633
v -0.252770 1.435616 -0.043923
v -0.186370 1.452714 -0.040607
v -0.185709 1.448077 -0.055835
v -0.220145 1.438656 -0.053852
v -0.219168 1.429429 -0.063937
v -0.250013 1.420434 -0.064531
v -0.251497 1.429595 -0.055004
v -0.184623 1.439027 -0.067437
v -0.183139 1.426589 -0.074967
v -0.217561 1.417345 -0.070621
v -0.145082 1.428506 -0.075209
v -0.144517 1.411482 -0.080680
v -0.182448 1.411472 -0.079356
v -0.109600 1.409852 -0.077671
v -0.182549 1.394429 -0.078937
v -0.214122 1.387221 -0.072774
v -0.215713 1.403235 -0.073799
v -0.245740 1.379526 -0.072601
v -0.246912 1.393999 -0.073627
v -0.248527 1.408409 -0.071007
v -0.279067 1.389787 -0.074142
v -0.279715 1.403526 -0.072426
v -0.280532 1.415473 -0.066498
v -0.311757 1.402470 -0.071816
v -0.311854 1.413879 -0.066623
v -0.311971 1.422910 -0.058563
v -0.281398 1.424576 -0.057767
v -0.312064 1.429351 -0.048117
v -0.282271 1.430681 -0.046803
v -0.312109 1.432174 -0.036002
v -0.343019 1.428976 -0.047827
v -0.342715 1.432292 -0.036460
v -0.342531 1.432236 -0.024155
v -0.374280 1.431907 -0.036485
v -0.373979 1.432399 -0.025182
v -0.374113 1.429472 -0.014524
v -0.405701 1.433171 -0.025885
v -0.405838 1.430282 -0.016485
v -0.406377 1.424683 -0.008008
v -0.437956 1.435628 -0.014243
v -0.438116 1.429615 -0.005690
v -0.438941 1.420751 0.000291
v -0.471219 1.430293 -0.002906
v -0.470288 1.421025 0.003535
v -0.469647 1.409300 0.007141
v -0.502086 1.418075 0.004124
v -0.501464 1.408050 0.007813
v -0.501446 1.398023 0.011223
v -0.533695 1.407124 0.007193
v -0.533815 1.398044 0.009665
v -0.534177 1.389277 0.010482
v -0.565811 1.399171 0.008098
v -0.566492 1.391012 0.008598
v -0.567288 1.383131 0.007640
v -0.598208 1.394336 0.006413
v -0.599231 1.386871 0.005070
v -0.600019 1.380357 0.001456
v -0.629538 1.391606 0.003170
v -0.630583 1.385736 -0.000547
v -0.631451 1.381086 -0.005888
v -0.658716 1.389141 -0.000052
v -0.659823 1.385611 -0.005993
v -0.660986 1.383025 -0.012774
v -0.683811 1.378934 -0.000707
v -0.688018 1.376576 -0.009476
v -0.691791 1.375346 -0.017813
v -0.711296 1.363997 0.002087
v -0.704515 1.365354 0.011008
v -0.730403 1.360619 0.021618
v -0.728764 1.363002 0.029121
v -0.751888 1.358767 0.031743
v -0.751579 1.357378 0.025028
v -0.702146 1.369612 0.019252
v -0.702605 1.376258 0.025515
v -0.729545 1.369367 0.034171
v -0.681212 1.382595 0.006861
v -0.680664 1.387794 0.012562
v -0.682240 1.394081 0.015320
v -0.705585 1.384873 0.028315
v -0.657936 1.393830 0.004557
v -0.657898 1.399679 0.006915
v -0.658284 1.405605 0.007325
v -0.684945 1.400793 0.015545
v -0.628618 1.398112 0.005045
v -0.628214 1.404463 0.005269
v -0.628143 1.410704 0.004127
v -0.658868 1.411264 0.006405
v -0.597474 1.401706 0.006230
v -0.597064 1.408647 0.004619
v -0.596894 1.415059 0.001317
v -0.628309 1.416402 0.000989
v -0.565428 1.407201 0.006066
v -0.565376 1.414696 0.002399
v -0.565643 1.421208 -0.003018
v -0.596979 1.420470 -0.003595
v -0.533870 1.415629 0.003408
v -0.534446 1.423438 -0.002579
v -0.535057 1.429106 -0.010792
v -0.566076 1.426174 -0.010465
v -0.503162 1.426901 -0.002233
v -0.503873 1.432944 -0.010894
v -0.504115 1.435595 -0.021058
v -0.535355 1.431834 -0.020407
v -0.471812 1.436155 -0.011454
v -0.472144 1.438702 -0.021666
v -0.472051 1.437453 -0.032677
v -0.503947 1.434971 -0.031903
v -0.438515 1.437814 -0.024121
v -0.439177 1.436375 -0.034148
v -0.439955 1.431541 -0.044295
v -0.471571 1.432626 -0.043284
v -0.406316 1.432122 -0.035632
v -0.407535 1.427962 -0.045168
v -0.408376 1.421449 -0.053243
v -0.440557 1.422944 -0.052949
v -0.374880 1.428197 -0.046879
v -0.375532 1.422254 -0.055760
v -0.376067 1.414235 -0.062879
v -0.408760 1.413828 -0.060196
v -0.343388 1.422772 -0.057660
v -0.343696 1.414163 -0.065332
v -0.344040 1.403786 -0.070226
v -0.376462 1.405302 -0.067307
v -0.376935 1.395743 -0.068895
v -0.409017 1.398006 -0.066685
v -0.408998 1.406023 -0.065017
v -0.344535 1.392730 -0.071617
v -0.345185 1.381957 -0.070369
v -0.377425 1.386045 -0.067654
v -0.311888 1.390166 -0.073403
v -0.312369 1.378347 -0.072014
v -0.313106 1.367657 -0.068494
v -0.345889 1.372024 -0.066956
v -0.278959 1.376693 -0.072845
v -0.279357 1.365244 -0.069134
v -0.279919 1.355778 -0.063521
v -0.313777 1.358652 -0.063002
v -0.245525 1.366554 -0.068882
v -0.245843 1.355987 -0.063227
v -0.246285 1.348181 -0.056297
v -0.280389 1.348965 -0.056174
v -0.213633 1.371615 -0.067880
v -0.213942 1.359486 -0.062098
v -0.214588 1.349874 -0.055777
v -0.215215 1.345871 -0.046106
v -0.246816 1.344413 -0.046570
v -0.186591 1.359597 -0.062549
v -0.188505 1.347987 -0.055295
v -0.189260 1.342163 -0.044258
v -0.187393 1.343713 -0.030360
v -0.215014 1.347270 -0.033998
v -0.168691 1.340551 -0.055034
v -0.170429 1.334374 -0.041891
v -0.167444 1.335539 -0.024109
v -0.159638 1.341909 -0.001944
v -0.182787 1.348611 -0.013136
v -0.157560 1.321392 -0.037705
v -0.154546 1.322667 -0.016818
v -0.143752 1.330502 0.006632
v -0.137826 1.345655 0.030375
v -0.146067 1.304159 -0.005924
v -0.150311 1.304167 -0.032809
v -0.148832 1.282885 -0.025508
v -0.145498 1.285788 0.006673
v -0.152829 1.267642 -0.019154
v -0.152580 1.273550 0.014609
v -0.150597 1.253388 -0.014704
v -0.142207 1.264049 -0.047264
v -0.140543 1.243909 -0.041720
v -0.135913 1.221322 -0.032924
v -0.146315 1.232791 -0.008063
v -0.129769 1.197369 -0.020711
v -0.140343 1.207433 0.001496
v -0.125594 1.171306 -0.010308
v -0.135745 1.177914 0.011718
v -0.138302 1.184440 0.037253
v -0.134737 1.186342 0.066416
v -0.129585 1.147736 0.017690
v -0.131854 1.150846 0.040986
v -0.129514 1.151564 0.067222
v -0.119400 1.150016 0.092758
v -0.123739 1.182185 0.093988
v -0.126914 1.119511 0.041761
v -0.124486 1.119105 0.066628
v -0.113625 1.117028 0.089975
v -0.094748 1.115415 0.109442
v -0.100789 1.148334 0.114505
v -0.120914 1.087653 0.064155
v -0.109778 1.085528 0.086316
v -0.090578 1.083870 0.105037
v -0.068207 1.083395 0.121823
v -0.073088 1.115441 0.125949
v -0.112210 1.055057 0.085008
v -0.091460 1.052210 0.103439
v -0.068266 1.050758 0.121245
v -0.045011 1.050478 0.133789
v -0.044861 1.084566 0.133581
v -0.098146 1.020994 0.104346
v -0.072847 1.018272 0.121407
v -0.046378 1.017918 0.136370
v -0.018616 1.018212 0.136566
v -0.020003 1.049020 0.136040
v -0.078755 0.987963 0.119269
v -0.051392 0.987267 0.135186
v -0.021920 0.988899 0.139564
v -0.000454 0.988949 0.135668
v -0.000454 1.018205 0.129342
v -0.057061 0.957519 0.128249
v -0.028063 0.958101 0.136498
v -0.000454 0.959201 0.136227
v -0.031658 0.930275 0.129264
v -0.000454 0.931192 0.130959
v -0.000454 1.049019 0.133135
v -0.000454 1.085941 0.136046
v -0.021509 1.085616 0.137465
v -0.000454 1.124111 0.138652
v -0.024460 1.122494 0.140326
v -0.049210 1.118474 0.136589
v -0.027670 1.156133 0.143703
v -0.055644 1.151491 0.142330
v -0.080080 1.148462 0.132129
v -0.083608 1.179038 0.133446
v -0.104414 1.178587 0.116460
v -0.086399 1.204703 0.134767
v -0.108120 1.205834 0.120126
v -0.092709 1.224643 0.145452
v -0.115611 1.228203 0.131494
v -0.096629 1.245627 0.157583
v -0.116827 1.250547 0.144257
v -0.000454 1.158479 0.140434
v -0.000454 1.031188 -0.057961
v -0.028254 1.032790 -0.058060
v -0.027496 1.061147 -0.049812
v -0.000454 1.060210 -0.048673
v -0.000454 1.002532 -0.073962
v -0.029582 1.004709 -0.074385
v -0.058089 1.008795 -0.073446
v -0.055603 1.034751 -0.054027
v -0.000454 0.971257 -0.089309
v -0.030856 0.972824 -0.091934
v -0.060242 0.976013 -0.094357
v -0.089939 0.978242 -0.087812
v -0.086347 1.011512 -0.065400
v -0.031343 0.936734 -0.103622
v -0.000454 0.936285 -0.098692
v -0.000454 0.902344 -0.099935
v -0.030277 0.900324 -0.105824
v -0.000454 0.871845 -0.094156
v -0.026156 0.868188 -0.099329
v -0.000454 0.843379 -0.082776
v -0.019302 0.838894 -0.086327
v -0.038104 0.831134 -0.089487
v -0.013749 0.814035 -0.068365
v -0.027693 0.807265 -0.070392
v -0.039678 0.800214 -0.070913
v -0.053338 0.823243 -0.089290
v -0.049491 0.794683 -0.067417
v -0.065669 0.816069 -0.083100
v -0.060346 0.782471 -0.064605
v -0.079883 0.796588 -0.075623
v -0.104071 0.812320 -0.080600
v -0.130310 0.825721 -0.074961
v -0.091228 0.774343 -0.070773
v -0.115012 0.786513 -0.071107
v -0.140666 0.798812 -0.065007
v -0.163719 0.810712 -0.047648
v -0.154163 0.838308 -0.057438
v -0.125098 0.760595 -0.069545
v -0.151593 0.772664 -0.061420
v -0.175043 0.784432 -0.043462
v -0.194396 0.795524 -0.018481
v -0.182076 0.822367 -0.023074
v -0.161641 0.746952 -0.059363
v -0.185617 0.758046 -0.041038
v -0.205265 0.767764 -0.016485
v -0.216681 0.773750 0.013150
v -0.206194 0.803430 0.010895
v -0.194967 0.731191 -0.038549
v -0.214319 0.739364 -0.014431
v -0.225732 0.744239 0.014686
v -0.225595 0.745718 0.047143
v -0.216466 0.775954 0.045754
v -0.221969 0.710804 -0.012596
v -0.232898 0.714723 0.015625
v -0.233477 0.715339 0.046648
v -0.227446 0.712667 0.075380
v -0.218819 0.744699 0.076945
v -0.239807 0.685222 0.015408
v -0.240982 0.684519 0.044136
v -0.235740 0.680708 0.071148
v -0.226134 0.675263 0.092449
v -0.217682 0.708389 0.097098
v -0.248363 0.653808 0.040184
v -0.243540 0.648816 0.065174
v -0.233861 0.642552 0.086280
v -0.220331 0.636939 0.101732
v -0.212673 0.669675 0.108153
v -0.250334 0.616808 0.058613
v -0.240345 0.610573 0.079658
v -0.226667 0.605277 0.095294
v -0.211065 0.600550 0.105428
v -0.204329 0.631987 0.111823
v -0.243366 0.579175 0.074403
v -0.230861 0.574281 0.089642
v -0.216773 0.569055 0.099412
v -0.202083 0.564008 0.103481
v -0.194850 0.596215 0.109609
v -0.237626 0.542919 0.085266
v -0.225903 0.536778 0.094747
v -0.212845 0.530121 0.098862
v -0.199534 0.523901 0.097755
v -0.187728 0.559508 0.102709
v -0.236570 0.506939 0.083938
v -0.225753 0.501108 0.086410
v -0.214641 0.496092 0.083998
v -0.203747 0.492259 0.077722
v -0.186596 0.518950 0.092049
v -0.240150 0.470865 0.081376
v -0.228189 0.466314 0.080359
v -0.215906 0.463501 0.073370
v -0.205326 0.463251 0.059544
v -0.191722 0.488937 0.067740
v -0.244119 0.440443 0.061479
v -0.232594 0.437678 0.057148
v -0.219656 0.436057 0.047831
v -0.206995 0.433916 0.035453
v -0.190549 0.460512 0.044545
v -0.248711 0.414527 0.042482
v -0.235940 0.410570 0.035274
v -0.225320 0.407692 0.025639
v -0.219103 0.406784 0.013185
v -0.199166 0.432749 0.021095
v -0.250065 0.385104 0.030381
v -0.241510 0.382236 0.019379
v -0.235317 0.381911 0.006532
v -0.231973 0.384054 -0.007841
v -0.216487 0.408322 -0.000660
v -0.253486 0.356369 0.014603
v -0.245249 0.356239 0.000383
v -0.240220 0.358256 -0.014892
v -0.240391 0.361884 -0.029980
v -0.231992 0.388044 -0.022075
v -0.251616 0.329497 -0.005349
v -0.246285 0.330477 -0.021174
v -0.246626 0.332890 -0.036414
v -0.251221 0.336222 -0.050341
v -0.244282 0.366215 -0.043992
v -0.255419 0.300570 -0.024560
v -0.255818 0.301627 -0.039717
v -0.260620 0.304203 -0.053401
v -0.269058 0.307945 -0.064550
v -0.259432 0.339968 -0.061940
v -0.270385 0.271357 -0.039830
v -0.274794 0.273580 -0.053041
v -0.282868 0.277495 -0.063361
v -0.293784 0.282558 -0.070802
v -0.280970 0.312624 -0.072435
v -0.291455 0.246044 -0.050837
v -0.298862 0.249635 -0.060404
v -0.308512 0.254114 -0.067326
v -0.320132 0.259082 -0.071067
v -0.307052 0.288335 -0.074635
v -0.313740 0.221984 -0.057429
v -0.322552 0.225611 -0.063550
v -0.332950 0.229800 -0.066783
v -0.344472 0.234338 -0.066436
v -0.333239 0.264367 -0.070811
v -0.335605 0.196972 -0.059458
v -0.345006 0.200592 -0.062094
v -0.355057 0.204457 -0.061814
v -0.365213 0.208328 -0.058398
v -0.355838 0.238654 -0.062499
v -0.356808 0.171384 -0.057701
v -0.365650 0.174676 -0.057125
v -0.374514 0.178010 -0.054074
v -0.382650 0.181064 -0.048334
v -0.374398 0.211790 -0.051660
v -0.376379 0.144621 -0.053024
v -0.384301 0.147399 -0.050171
v -0.391536 0.150035 -0.044825
v -0.397184 0.152450 -0.036988
v -0.389080 0.183660 -0.039594
v -0.394529 0.116586 -0.044899
v -0.400969 0.118944 -0.039332
v -0.406128 0.121350 -0.032396
v -0.408917 0.123662 -0.022903
v -0.400488 0.154501 -0.026646
v -0.401402 0.155903 -0.015910
v -0.394359 0.186550 -0.016723
v -0.393185 0.185587 -0.028455
v -0.409350 0.125457 -0.013400
v -0.408329 0.127114 -0.003308
v -0.400367 0.156671 -0.005618
v -0.421623 0.095096 -0.007233
v -0.419254 0.098914 0.003636
v -0.415326 0.102270 0.013434
v -0.405311 0.128391 0.006137
v -0.433229 0.066791 0.008694
v -0.429638 0.074588 0.019460
v -0.424620 0.080472 0.028142
v -0.418670 0.084283 0.034983
v -0.410061 0.104368 0.020997
v -0.441625 0.056755 0.039367
v -0.435972 0.063664 0.049221
v -0.428990 0.068101 0.056206
v -0.421267 0.070108 0.060678
v -0.411878 0.085736 0.039883
v -0.446832 0.046636 0.069338
v -0.438854 0.050367 0.077183
v -0.429670 0.052285 0.082536
v -0.419912 0.052343 0.085001
v -0.412799 0.069778 0.063043
v -0.444454 0.035924 0.097825
v -0.434043 0.037230 0.101038
v -0.424636 0.037255 0.103219
v -0.415845 0.036044 0.104067
v -0.410671 0.050121 0.084647
v -0.434475 0.030990 0.121802
v -0.427307 0.028250 0.122339
v -0.419994 0.029300 0.124003
v -0.413240 0.027550 0.124557
v -0.408264 0.032943 0.103636
v -0.428465 0.024489 0.138028
v -0.421929 0.026481 0.139846
v -0.415586 0.024574 0.140613
v -0.410717 0.020079 0.140467
v -0.408198 0.023167 0.124366
v -0.423727 0.023456 0.150217
v -0.417373 0.021792 0.151275
v -0.412461 0.017647 0.151664
v -0.410373 0.011520 0.151372
v -0.408364 0.014061 0.139668
v -0.409757 0.007957 0.138099
v -0.406570 0.011705 0.122820
v -0.405516 0.017597 0.123920
v -0.413118 0.005648 0.149826
v -0.418878 0.002519 0.147552
v -0.414544 0.004218 0.136141
v -0.420231 0.003543 0.134399
v -0.415491 0.004434 0.120024
v -0.410217 0.007220 0.121484
v -0.425248 0.002899 0.144536
v -0.429924 0.004058 0.152410
v -0.434998 0.007476 0.149123
v -0.438559 0.008297 0.155488
v -0.446951 0.005858 0.149886
v -0.432863 0.006329 0.159498
v -0.434582 0.010394 0.164657
v -0.440929 0.010639 0.159938
v -0.442091 0.014700 0.161353
v -0.452574 0.013736 0.157223
v -0.450755 0.007869 0.155238
v -0.435668 0.015596 0.165761
v -0.434625 0.020235 0.162321
v -0.441412 0.018488 0.158892
v -0.439083 0.020200 0.153825
v -0.446304 0.021433 0.151242
v -0.449793 0.018684 0.154816
v -0.432258 0.021658 0.156162
v -0.430267 0.023039 0.148699
v -0.436930 0.021414 0.147523
v -0.435217 0.024701 0.136705
v -0.442751 0.030040 0.120608
v -0.453846 0.033648 0.094569
v -0.451005 0.029788 0.120782
v -0.461834 0.031167 0.092549
v -0.457960 0.026090 0.121447
v -0.468699 0.028946 0.091187
v -0.464442 0.025139 0.122947
v -0.454363 0.021421 0.141914
v -0.469511 0.021642 0.123155
v -0.458681 0.018789 0.143913
v -0.474003 0.017642 0.122747
v -0.461287 0.014266 0.144749
v -0.473605 0.011305 0.121286
v -0.459750 0.010286 0.142579
v -0.467574 0.009467 0.119559
v -0.455873 0.008623 0.139365
v -0.461283 0.010781 0.119005
v -0.475916 0.009886 0.088690
v -0.470069 0.006345 0.088915
v -0.462392 0.004339 0.089674
v -0.466025 0.005962 0.053088
v -0.458680 0.002707 0.055963
v -0.449891 0.001700 0.059227
v -0.452832 0.003167 0.090528
v -0.440817 0.001765 0.061787
v -0.442974 0.002098 0.091503
v -0.430780 0.001651 0.063412
v -0.432402 0.000961 0.092359
v -0.419638 0.002084 0.064059
v -0.422733 0.000000 0.093201
v -0.408847 0.004415 0.064757
v -0.413992 0.000674 0.094382
v -0.399918 0.008905 0.066372
v -0.406645 0.003323 0.096090
v -0.393812 0.015476 0.068907
v -0.400744 0.007740 0.098110
v -0.391888 0.023492 0.072005
v -0.397527 0.014443 0.099953
v -0.393552 0.031246 0.075243
v -0.398258 0.021801 0.101387
v -0.397445 0.038812 0.078262
v -0.402558 0.028296 0.102586
v -0.402820 0.045348 0.081627
v -0.392316 0.053086 0.054969
v -0.397474 0.061020 0.060076
v -0.404544 0.066755 0.062971
v -0.389862 0.076425 0.039188
v -0.396508 0.081785 0.042161
v -0.404203 0.084949 0.042422
v -0.387928 0.100059 0.028832
v -0.395609 0.103410 0.029403
v -0.403285 0.104915 0.026669
v -0.386468 0.125709 0.021382
v -0.393933 0.127795 0.018812
v -0.400409 0.128729 0.013534
v -0.385000 0.154288 0.016264
v -0.392006 0.155961 0.011247
v -0.397319 0.156748 0.003688
v -0.383832 0.184454 0.011798
v -0.389501 0.185964 0.003927
v -0.393063 0.186668 -0.005739
v -0.381908 0.215472 0.005673
v -0.386146 0.216816 -0.004707
v -0.387898 0.217200 -0.016747
v -0.379445 0.247033 -0.003247
v -0.381438 0.247806 -0.016451
v -0.380053 0.247343 -0.030559
v -0.386487 0.216439 -0.029632
v -0.374869 0.245490 -0.044147
v -0.381853 0.214577 -0.041916
v -0.366411 0.242489 -0.055052
v -0.367776 0.276292 -0.045947
v -0.358408 0.273249 -0.058100
v -0.346397 0.269213 -0.066523
v -0.350477 0.304181 -0.060586
v -0.336983 0.299744 -0.069673
v -0.321836 0.294304 -0.074488
v -0.326903 0.330290 -0.071064
v -0.310924 0.324131 -0.075960
v -0.295293 0.318101 -0.076208
v -0.299740 0.355013 -0.073811
v -0.284812 0.349429 -0.074298
v -0.271185 0.344356 -0.069913
v -0.274535 0.381071 -0.067191
v -0.262332 0.376048 -0.063132
v -0.251847 0.371081 -0.055372
v -0.251544 0.405689 -0.054135
v -0.242110 0.399522 -0.046257
v -0.235321 0.393335 -0.035113
v -0.227547 0.425116 -0.036915
v -0.220299 0.417844 -0.026761
v -0.216605 0.411945 -0.014411
v -0.200667 0.441264 -0.019305
v -0.196486 0.435836 -0.007067
v -0.196184 0.433291 0.006820
v -0.177888 0.463581 -0.000259
v -0.177571 0.461059 0.013972
v -0.180845 0.459785 0.028624
v -0.162885 0.491845 0.022026
v -0.166847 0.489732 0.037421
v -0.177589 0.487133 0.053365
v -0.155183 0.520722 0.047696
v -0.164321 0.517990 0.066056
v -0.174674 0.516472 0.081400
v -0.154068 0.552977 0.072182
v -0.163588 0.553444 0.086890
v -0.174541 0.555686 0.097058
v -0.153033 0.587274 0.091098
v -0.164557 0.589481 0.101949
v -0.178943 0.592483 0.108287
v -0.154993 0.621903 0.107010
v -0.170214 0.624598 0.114022
v -0.187185 0.627905 0.115879
v -0.161540 0.657744 0.119001
v -0.179117 0.660812 0.121569
v -0.196628 0.664802 0.117940
v -0.170221 0.695897 0.126074
v -0.188066 0.699704 0.122867
v -0.204237 0.703870 0.113204
v -0.178235 0.736259 0.124330
v -0.195061 0.739684 0.114905
v -0.208868 0.742569 0.098957
v -0.184559 0.775362 0.111728
v -0.199021 0.776850 0.096392
v -0.209439 0.776759 0.074982
v -0.187601 0.810169 0.089967
v -0.198470 0.809073 0.069497
v -0.205789 0.807015 0.042391
v -0.185823 0.840696 0.061412
v -0.193098 0.838298 0.035256
v -0.193399 0.832441 0.005286
v -0.180187 0.867623 0.025509
v -0.181703 0.861715 -0.005906
v -0.172348 0.850796 -0.033382
v -0.171170 0.891412 -0.017038
v -0.162528 0.881720 -0.047198
v -0.161736 0.919552 -0.021704
v -0.150498 0.913721 -0.055750
v -0.154956 0.946504 -0.020912
v -0.142626 0.944182 -0.056443
v -0.149809 0.972656 -0.014264
v -0.135923 0.975710 -0.046104
v -0.115474 0.978286 -0.071215
v -0.133821 1.006321 -0.028979
v -0.112679 1.010652 -0.050072
v -0.127219 1.033503 -0.011657
v -0.107560 1.035688 -0.031015
v -0.082306 1.036019 -0.045117
v -0.101456 1.061225 -0.019443
v -0.079247 1.061340 -0.033067
v -0.053886 1.061431 -0.043575
v -0.078544 1.088645 -0.028913
v -0.053359 1.089049 -0.039483
v -0.027208 1.089365 -0.046304
v -0.053640 1.116690 -0.039167
v -0.027255 1.117323 -0.045998
v -0.000454 1.117647 -0.045373
v -0.000454 1.089166 -0.045599
v -0.027891 1.144919 -0.048043
v -0.000454 1.145765 -0.047353
v -0.000454 1.371635 0.089778
v -0.000454 1.396198 0.075851
v -0.028167 1.397295 0.074011
v -0.028941 1.374077 0.090816
v -0.055577 1.397571 0.067178
v -0.056347 1.374024 0.086823
v -0.078581 1.349232 0.105050
v -0.081552 1.329264 0.124771
v -0.099017 1.342311 0.101517
v -0.100689 1.323291 0.121096
v -0.085759 1.309070 0.150059
v -0.117692 1.331369 0.095048
v -0.117534 1.312923 0.114283
v -0.115751 1.354792 0.078533
v -0.129956 1.368334 0.060990
v -0.142992 1.381925 0.052901
v -0.137272 1.359933 0.056203
v -0.140163 1.353336 0.047128
v -0.162362 1.393632 0.043358
v -0.084330 1.287109 0.165320
v -0.026038 1.419159 0.065306
v -0.049916 1.419278 0.053415
v -0.045419 1.435557 0.047646
v -0.022709 1.434795 0.057651
v -0.020247 1.443224 0.048664
v -0.000454 1.416964 0.065745
v -0.000454 1.430540 0.056397
v -0.000454 1.440912 0.046730
v -0.000454 1.449738 0.042297
v -0.000454 1.511129 0.107923
v -0.000454 1.522230 0.111179
v -0.009972 1.522434 0.109379
v -0.011512 1.511635 0.105730
v -0.019145 1.524362 0.105074
v -0.020982 1.513893 0.099519
v -0.030114 1.528631 0.099591
v -0.026984 1.538792 0.106963
v -0.040388 1.548657 0.101515
v -0.044217 1.540915 0.091954
v -0.018190 1.534848 0.112106
v -0.011069 1.531795 0.119042
v -0.000454 1.530412 0.123069
v -0.053489 1.567862 0.095941
v -0.058149 1.560832 0.083358
v -0.061774 1.595032 0.088369
v -0.069182 1.587047 0.071790
v -0.071772 1.574357 0.053351
v -0.074539 1.612898 0.056631
v -0.069219 1.560400 0.037575
v -0.083463 1.633019 0.044701
v -0.080408 1.675314 0.048912
v -0.088757 1.652233 0.031808
v -0.081753 1.691188 0.028063
v -0.089764 1.667629 0.015722
v -0.090092 1.638629 0.002151
v -0.088042 1.676056 -0.004829
v -0.090654 1.644258 -0.011395
v -0.083659 1.616523 -0.012734
v -0.088447 1.615106 -0.009264
v -0.088709 1.645964 -0.027878
v -0.081812 1.618223 -0.024786
v -0.082405 1.646058 -0.046801
v -0.077523 1.618511 -0.041155
v -0.070045 1.594410 -0.032764
v -0.066446 1.618482 -0.060522
v -0.059437 1.592670 -0.051291
v -0.051374 1.568542 -0.042044
v -0.043327 1.592506 -0.066167
v -0.037386 1.567232 -0.054747
v -0.032849 1.541227 -0.046365
v -0.044769 1.542711 -0.036600
v -0.033439 1.511757 -0.049306
v -0.017871 1.540376 -0.052078
v -0.018356 1.509591 -0.053683
v -0.000454 1.539908 -0.053599
v -0.000454 1.508094 -0.053822
v -0.000454 1.603351 0.120838
v -0.000454 1.618231 0.120633
v -0.009893 1.617516 0.119082
v -0.000454 1.590441 0.125376
v -0.000454 1.636157 0.121699
v -0.011190 1.635888 0.120485
v -0.000454 1.656202 0.118770
v -0.012101 1.655085 0.117972
v -0.000454 1.671852 0.109534
v -0.010307 1.676692 0.105206
v -0.026197 1.671268 0.105101
v -0.000454 1.710841 0.084250
v -0.028912 1.697721 0.087781
v -0.030660 1.719355 0.066677
v -0.051696 1.710256 0.064249
v -0.049767 1.722655 0.034419
v -0.069003 1.709246 0.034002
v -0.068074 1.694988 0.059166
v -0.046980 1.726327 0.007556
v -0.065552 1.715694 0.006756
v -0.079601 1.700780 0.003270
v -0.061510 1.717065 -0.018714
v -0.075532 1.702356 -0.022540
v -0.085304 1.677265 -0.026270
v -0.068556 1.699523 -0.044300
v -0.078374 1.675531 -0.047271
v -0.056813 1.695636 -0.061716
v -0.065904 1.673072 -0.066243
v -0.069299 1.646000 -0.066679
v -0.046727 1.671496 -0.080729
v -0.049898 1.645520 -0.082415
v -0.048418 1.618773 -0.076466
v -0.026021 1.645537 -0.091016
v -0.025776 1.619305 -0.085719
v -0.023345 1.593215 -0.074978
v -0.000454 1.619462 -0.088267
v -0.000454 1.593520 -0.077953
v -0.000454 1.567010 -0.064983
v -0.020090 1.566940 -0.062503
v -0.000454 1.645234 -0.093040
v -0.023911 1.670605 -0.087794
v -0.000454 1.669579 -0.088936
v -0.020185 1.690234 -0.077383
v -0.000454 1.688864 -0.078158
v -0.040156 1.692377 -0.072907
v -0.031735 1.705790 -0.063343
v -0.016458 1.702021 -0.067257
v -0.044127 1.710618 -0.054593
v -0.033231 1.717204 -0.048078
v -0.024434 1.712202 -0.055588
v -0.054289 1.715012 -0.039548
v -0.040875 1.721699 -0.034945
v -0.031862 1.724709 -0.031812
v -0.026357 1.719722 -0.043286
v -0.045714 1.725235 -0.016107
v -0.033467 1.728788 -0.015135
v -0.026719 1.730394 -0.014781
v -0.024864 1.726460 -0.029020
v -0.022475 1.732638 -0.030386
v -0.017559 1.727849 -0.040991
v -0.019980 1.722223 -0.039578
v -0.023844 1.738483 -0.018683
v -0.024547 1.748182 -0.029969
v -0.024065 1.740419 -0.038350
v -0.020688 1.744461 -0.008970
v -0.019734 1.755359 -0.022494
v -0.015655 1.762817 -0.036444
v -0.021320 1.756699 -0.042730
v -0.011985 1.749320 -0.003048
v -0.011013 1.759574 -0.017804
v -0.010229 1.768697 -0.030777
v -0.007507 1.773254 -0.041348
v -0.010755 1.767334 -0.046098
v -0.000454 1.762558 -0.015866
v -0.000454 1.768602 -0.029494
v -0.000454 1.774537 -0.039375
v -0.000454 1.776440 -0.046005
v -0.000454 1.769350 -0.062073
v -0.000454 1.765659 -0.068588
v -0.008394 1.761175 -0.063877
v -0.007227 1.765921 -0.057907
v -0.015468 1.756133 -0.057616
v -0.014434 1.762802 -0.051992
v -0.021568 1.749482 -0.048727
v -0.015140 1.742287 -0.054404
v -0.017600 1.734777 -0.046872
v -0.009773 1.735784 -0.062412
v -0.011456 1.728574 -0.055417
v -0.012110 1.723292 -0.047535
v -0.000454 1.722922 -0.059706
v -0.000454 1.718961 -0.051260
v -0.000454 1.716798 -0.047594
v -0.013687 1.719275 -0.044659
v -0.009435 1.712552 -0.054227
v -0.019058 1.715870 -0.049902
v -0.013299 1.708433 -0.060176
v -0.000454 1.711051 -0.056129
v -0.000454 1.707032 -0.061600
v -0.000454 1.700578 -0.068617
v -0.000454 1.750768 -0.001488
v -0.000454 1.731255 -0.067846
v -0.000454 1.724110 0.067962
v -0.051522 1.599387 0.098519
v -0.000454 1.201829 -0.057742
v -0.031296 1.198895 -0.060061
v -0.033935 1.225074 -0.069182
v -0.000454 1.227759 -0.065247
v -0.000454 1.174332 -0.051462
v -0.029169 1.172249 -0.052790
v -0.057484 1.169353 -0.049632
v -0.061472 1.194291 -0.059543
v -0.055007 1.143525 -0.042509
v -0.081245 1.142370 -0.033032
v -0.084281 1.167110 -0.040751
v -0.079342 1.115996 -0.029158
v -0.101294 1.115872 -0.016413
v -0.104371 1.142430 -0.020303
v -0.099807 1.088411 -0.015633
v -0.114552 1.088529 0.000814
v -0.116650 1.116584 -0.000159
v -0.117979 1.060533 -0.002445
v -0.127030 1.059739 0.017355
v -0.122429 1.088835 0.019882
v -0.137766 1.031149 0.010826
v -0.140553 1.029447 0.036180
v -0.129177 1.058952 0.039432
v -0.146340 1.001804 -0.001721
v -0.150290 0.999494 0.029059
v -0.145444 0.998412 0.058886
v -0.135493 1.028514 0.061842
v -0.154917 0.970975 0.020842
v -0.150215 0.969845 0.054045
v -0.136455 0.968188 0.081290
v -0.130866 0.996610 0.084629
v -0.158649 0.946699 0.016024
v -0.153942 0.945498 0.049791
v -0.141528 0.942609 0.077653
v -0.112432 0.963619 0.101243
v -0.158024 0.920859 0.046899
v -0.144727 0.918357 0.071848
v -0.163502 0.895781 0.047910
v -0.151597 0.894979 0.070583
v -0.173287 0.869459 0.053366
v -0.162370 0.869769 0.074507
v -0.145802 0.867762 0.089253
v -0.125258 0.861545 0.095721
v -0.174946 0.841432 0.081840
v -0.159282 0.839903 0.096549
v -0.140434 0.835625 0.103852
v -0.119957 0.827138 0.103428
v -0.103014 0.848789 0.094499
v -0.172523 0.809098 0.104964
v -0.154270 0.805378 0.112862
v -0.134910 0.799050 0.112955
v -0.115295 0.787808 0.105612
v -0.099321 0.810642 0.095625
v -0.166957 0.772098 0.120395
v -0.147896 0.767251 0.121376
v -0.129425 0.759684 0.115059
v -0.109287 0.744778 0.099975
v -0.093370 0.767537 0.094711
v -0.159672 0.732214 0.126214
v -0.141660 0.727627 0.121038
v -0.123762 0.719350 0.107735
v -0.104981 0.704497 0.090926
v -0.087145 0.726695 0.088319
v -0.152429 0.692675 0.122019
v -0.136184 0.688542 0.111740
v -0.120524 0.679740 0.094362
v -0.104663 0.667318 0.074730
v -0.087873 0.690228 0.072988
v -0.146024 0.655023 0.110739
v -0.132256 0.650500 0.096354
v -0.119469 0.642729 0.076141
v -0.107872 0.633989 0.051662
v -0.092860 0.658454 0.050534
v -0.142504 0.619049 0.094759
v -0.131884 0.614666 0.076675
v -0.122309 0.608987 0.052486
v -0.117324 0.604892 0.027687
v -0.102828 0.629771 0.026031
v -0.143316 0.585091 0.074859
v -0.135353 0.582186 0.052714
v -0.130853 0.579505 0.029367
v -0.130824 0.578289 0.008222
v -0.117523 0.603326 0.005313
v -0.146237 0.552485 0.052174
v -0.141663 0.551976 0.030430
v -0.141544 0.551626 0.010901
v -0.146245 0.552214 -0.006087
v -0.135684 0.578765 -0.010108
v -0.150685 0.522521 0.028810
v -0.150850 0.523160 0.010881
v -0.155747 0.524720 -0.004701
v -0.166239 0.528271 -0.016596
v -0.155956 0.554676 -0.019188
v -0.163012 0.493612 0.006378
v -0.167374 0.496493 -0.007785
v -0.176985 0.501217 -0.018693
v -0.190541 0.507490 -0.027243
v -0.179910 0.533541 -0.025403
v -0.182236 0.467499 -0.013270
v -0.191452 0.473737 -0.023275
v -0.203811 0.481643 -0.031576
v -0.218824 0.490044 -0.037588
v -0.206910 0.515147 -0.033765
v -0.209149 0.448997 -0.029041
v -0.219980 0.457266 -0.037289
v -0.232940 0.465280 -0.042876
v -0.246991 0.471652 -0.042523
v -0.234638 0.497102 -0.037678
v -0.236986 0.432604 -0.045040
v -0.248412 0.439401 -0.049626
v -0.261128 0.444998 -0.049204
v -0.273856 0.449651 -0.044998
v -0.260589 0.476618 -0.038168
v -0.262731 0.411386 -0.058292
v -0.275295 0.416387 -0.057973
v -0.288030 0.420776 -0.053257
v -0.300167 0.424420 -0.044387
v -0.285746 0.453250 -0.036556
v -0.287878 0.386099 -0.066630
v -0.301409 0.390827 -0.061556
v -0.314658 0.395125 -0.052349
v -0.325753 0.397797 -0.038558
v -0.310568 0.426937 -0.031748
v -0.314676 0.360777 -0.068626
v -0.328588 0.365949 -0.058717
v -0.339805 0.368959 -0.044179
v -0.346438 0.369473 -0.026556
v -0.332425 0.398097 -0.021768
v -0.341117 0.335528 -0.061530
v -0.351997 0.338903 -0.047385
v -0.358005 0.339922 -0.030121
v -0.359578 0.338842 -0.012001
v -0.348344 0.368106 -0.008227
v -0.360749 0.307413 -0.047442
v -0.366558 0.309060 -0.031503
v -0.367853 0.308815 -0.014519
v -0.365246 0.306880 0.000832
v -0.357073 0.336238 0.004179
v -0.373403 0.278130 -0.031140
v -0.374872 0.278401 -0.015678
v -0.372550 0.277124 -0.001412
v -0.367352 0.274783 0.010858
v -0.359808 0.303890 0.013852
v -0.374687 0.245213 0.008153
v -0.367730 0.242632 0.016892
v -0.359703 0.271701 0.020383
v -0.375561 0.213404 0.013773
v -0.367481 0.210703 0.019412
v -0.358735 0.239481 0.023029
v -0.376344 0.182211 0.016959
v -0.367744 0.179483 0.019581
v -0.358111 0.207541 0.022281
v -0.377061 0.151893 0.018710
v -0.368901 0.149060 0.018712
v -0.358614 0.176375 0.019440
v -0.378776 0.122822 0.021202
v -0.371031 0.119318 0.018609
v -0.360642 0.145905 0.015981
v -0.380822 0.095299 0.025297
v -0.373951 0.089789 0.019783
v -0.363920 0.115488 0.013150
v -0.384056 0.069244 0.033706
v -0.358623 0.112144 0.004896
v -0.347860 0.139828 0.001860
v -0.353487 0.142759 0.010140
v -0.335413 0.167280 0.001164
v -0.341675 0.170069 0.010170
v -0.349654 0.173149 0.016277
v -0.329787 0.197894 0.011516
v -0.338428 0.201011 0.018178
v -0.348050 0.204228 0.021819
v -0.326990 0.229155 0.020963
v -0.337482 0.232516 0.025195
v -0.348340 0.236003 0.025854
v -0.326758 0.260550 0.028875
v -0.338650 0.264333 0.029757
v -0.349914 0.268129 0.026798
v -0.329369 0.292026 0.033641
v -0.341356 0.296248 0.030687
v -0.351771 0.300238 0.024058
v -0.332594 0.324021 0.034341
v -0.343251 0.328648 0.027859
v -0.351510 0.332763 0.017516
v -0.332190 0.357013 0.031549
v -0.340283 0.361559 0.021350
v -0.345784 0.365282 0.008165
v -0.325864 0.389467 0.024158
v -0.331406 0.393383 0.011388
v -0.334136 0.396423 -0.004319
v -0.315871 0.420995 0.015712
v -0.318384 0.424853 0.000844
v -0.316825 0.427103 -0.015783
v -0.302512 0.452748 0.008194
v -0.300855 0.454993 -0.008405
v -0.295054 0.455112 -0.024043
v -0.287279 0.481945 -0.001429
v -0.281761 0.482008 -0.017187
v -0.272797 0.480288 -0.029831
v -0.270722 0.507690 -0.012007
v -0.261873 0.506051 -0.024862
v -0.249275 0.502356 -0.033183
v -0.252217 0.531693 -0.020698
v -0.239551 0.528068 -0.029241
v -0.224117 0.522468 -0.034188
v -0.231306 0.554505 -0.026769
v -0.214837 0.548208 -0.032565
v -0.196763 0.540609 -0.032115
v -0.206441 0.574130 -0.035509
v -0.187169 0.565996 -0.035114
v -0.169729 0.559286 -0.028793
v -0.177548 0.591842 -0.041387
v -0.159562 0.585386 -0.035183
v -0.145331 0.581049 -0.024547
v -0.148643 0.611615 -0.041687
v -0.133765 0.606964 -0.029993
v -0.123176 0.604147 -0.014224
v -0.121247 0.632300 -0.034651
v -0.109691 0.629149 -0.017705
v -0.103481 0.628501 0.003063
v -0.095603 0.653786 -0.021680
v -0.088873 0.654006 0.000343
v -0.088017 0.655670 0.024733
v -0.074173 0.679458 -0.003461
v -0.072567 0.682105 0.023108
v -0.077188 0.684354 0.050068
v -0.057273 0.707960 0.020966
v -0.061390 0.711328 0.049551
v -0.071189 0.715674 0.071589
v -0.048779 0.735865 0.047965
v -0.057171 0.742175 0.070743
v -0.071501 0.750623 0.086191
v -0.048771 0.761093 0.067580
v -0.061202 0.772355 0.083747
v -0.078446 0.788088 0.091516
v -0.053586 0.784612 0.079311
v -0.067640 0.801549 0.088366
v -0.085098 0.824950 0.090589
v -0.059066 0.810621 0.085560
v -0.071515 0.835604 0.089600
v -0.051298 0.815754 0.087039
v -0.062038 0.841125 0.096273
v -0.041664 0.818668 0.092718
v -0.049568 0.845181 0.101761
v -0.025318 0.822245 0.097256
v -0.030656 0.848375 0.106664
v -0.033806 0.877069 0.113511
v -0.000454 0.850634 0.109456
v -0.000454 0.879004 0.116467
v -0.000454 0.905599 0.123933
v -0.034260 0.904528 0.120905
v -0.000454 0.824037 0.099653
v -0.019939 0.800441 0.081115
v -0.000454 0.801337 0.082770
v -0.016176 0.784726 0.060630
v -0.000454 0.784899 0.061645
v -0.034571 0.797511 0.077826
v -0.029105 0.783517 0.059581
v -0.025551 0.774063 0.039191
v -0.014201 0.775127 0.039382
v -0.042786 0.795658 0.075469
v -0.036540 0.780740 0.059789
v -0.032589 0.770524 0.039894
v -0.030551 0.764855 0.016039
v -0.023957 0.769557 0.015989
v -0.040769 0.777328 0.060875
v -0.037280 0.766403 0.040732
v -0.035086 0.760768 0.016202
v -0.034679 0.762260 -0.009301
v -0.029782 0.765562 -0.008865
v -0.039575 0.760318 0.042446
v -0.037730 0.753711 0.016813
v -0.036935 0.755293 -0.009848
v -0.039876 0.760891 -0.032678
v -0.036376 0.768474 -0.031528
v -0.040504 0.744555 0.017616
v -0.040054 0.744789 -0.010268
v -0.043815 0.748567 -0.033917
v -0.053379 0.754776 -0.052201
v -0.047274 0.770079 -0.050553
v -0.046660 0.727567 -0.010291
v -0.051829 0.728063 -0.034219
v -0.062706 0.731928 -0.052263
v -0.078778 0.739028 -0.064694
v -0.069402 0.763354 -0.064587
v -0.065826 0.702870 -0.031566
v -0.077346 0.705625 -0.049972
v -0.093329 0.712947 -0.063015
v -0.112706 0.723507 -0.069109
v -0.100286 0.749186 -0.070568
v -0.093538 0.680886 -0.044993
v -0.109651 0.687635 -0.058298
v -0.128290 0.697750 -0.065377
v -0.149161 0.709396 -0.064917
v -0.136006 0.735455 -0.068139
v -0.124247 0.662992 -0.052379
v -0.143182 0.671860 -0.059578
v -0.163245 0.682217 -0.059962
v -0.184057 0.693325 -0.052215
v -0.172267 0.720654 -0.056332
v -0.155914 0.645291 -0.053820
v -0.176312 0.654663 -0.054097
v -0.196322 0.665075 -0.047122
v -0.214545 0.675113 -0.032012
v -0.204266 0.703495 -0.035610
v -0.187804 0.627006 -0.048123
v -0.207991 0.636839 -0.041115
v -0.225276 0.646159 -0.027455
v -0.239021 0.652833 -0.008974
v -0.230124 0.682243 -0.011026
v -0.217866 0.609062 -0.034637
v -0.234865 0.616750 -0.022334
v -0.247707 0.622030 -0.006110
v -0.254780 0.623797 0.013646
v -0.247374 0.655501 0.014360
v -0.240711 0.587453 -0.018136
v -0.252850 0.590058 -0.004344
v -0.259300 0.590321 0.012702
v -0.259497 0.588440 0.032328
v -0.255289 0.621854 0.035816
v -0.254768 0.559902 -0.004828
v -0.259741 0.559536 0.011076
v -0.259842 0.557547 0.029744
v -0.255009 0.553796 0.050685
v -0.253884 0.584375 0.053930
v -0.265653 0.532567 0.007987
v -0.266298 0.530373 0.026769
v -0.262687 0.525841 0.047309
v -0.255662 0.519553 0.064974
v -0.247228 0.548478 0.070464
v -0.277059 0.505403 0.022600
v -0.273572 0.499619 0.041573
v -0.267467 0.492024 0.057223
v -0.260300 0.483983 0.069666
v -0.246417 0.512964 0.077213
v -0.286191 0.474545 0.033043
v -0.279214 0.466984 0.046095
v -0.272120 0.459198 0.055835
v -0.262909 0.450778 0.061671
v -0.251228 0.476705 0.077735
v -0.294435 0.442507 0.035752
v -0.287143 0.436487 0.045080
v -0.279110 0.429701 0.050884
v -0.270865 0.422401 0.051314
v -0.253539 0.444704 0.062683
v -0.302329 0.410600 0.035884
v -0.294489 0.405904 0.040615
v -0.284592 0.400204 0.043106
v -0.273375 0.394832 0.042026
v -0.260773 0.418119 0.047984
v -0.308406 0.379391 0.040039
v -0.297333 0.373639 0.042452
v -0.285636 0.367919 0.041058
v -0.273792 0.362571 0.036413
v -0.261356 0.389776 0.038063
v -0.310063 0.346293 0.040115
v -0.297573 0.340863 0.038708
v -0.285069 0.335896 0.033771
v -0.272738 0.332146 0.023596
v -0.262930 0.358420 0.027717
v -0.307425 0.314283 0.035601
v -0.294370 0.309942 0.030205
v -0.281353 0.306145 0.020076
v -0.268607 0.302872 0.006081
v -0.261295 0.330040 0.009695
v -0.303969 0.283903 0.026988
v -0.291799 0.280182 0.017575
v -0.280068 0.275710 0.004757
v -0.272222 0.272038 -0.010254
v -0.259208 0.300915 -0.009082
v -0.304482 0.253198 0.015453
v -0.295004 0.249101 0.004008
v -0.288672 0.245616 -0.010272
v -0.286391 0.243992 -0.024712
v -0.269623 0.270851 -0.025305
v -0.309482 0.222388 0.002866
v -0.303983 0.219471 -0.010261
v -0.302188 0.218048 -0.023865
v -0.303058 0.217886 -0.036893
v -0.287387 0.244201 -0.038490
v -0.318044 0.192663 -0.010239
v -0.316215 0.191192 -0.022882
v -0.317250 0.190872 -0.035050
v -0.321128 0.191818 -0.045702
v -0.306977 0.219239 -0.048404
v -0.329943 0.163607 -0.021819
v -0.331129 0.163186 -0.033011
v -0.334747 0.163864 -0.042915
v -0.340782 0.165709 -0.050471
v -0.327506 0.193952 -0.054070
v -0.344443 0.134772 -0.031109
v -0.348008 0.135374 -0.040377
v -0.353617 0.136879 -0.047225
v -0.360566 0.139087 -0.051941
v -0.348228 0.168267 -0.055421
v -0.360682 0.106546 -0.037267
v -0.365685 0.107771 -0.044760
v -0.372181 0.109738 -0.049737
v -0.379795 0.111923 -0.051146
v -0.368407 0.141789 -0.053790
v -0.375997 0.079944 -0.043303
v -0.382004 0.081473 -0.048957
v -0.389838 0.083142 -0.050030
v -0.397753 0.084610 -0.046071
v -0.387414 0.114183 -0.049107
v -0.387895 0.056774 -0.050526
v -0.395747 0.057838 -0.051652
v -0.404388 0.057924 -0.047666
v -0.412776 0.056694 -0.039808
v -0.405045 0.085791 -0.039800
v -0.398401 0.038629 -0.054368
v -0.407718 0.039909 -0.051510
v -0.417425 0.039198 -0.043356
v -0.430345 0.025404 -0.033100
v -0.429985 0.015452 -0.032876
v -0.440974 0.013018 -0.011800
v -0.441314 0.022504 -0.013195
v -0.454010 0.008793 0.019046
v -0.456448 0.016512 0.017259
v -0.471327 0.010936 0.051490
v -0.473376 0.018525 0.051519
v -0.470178 0.025788 0.052624
v -0.483134 0.013333 0.088658
v -0.482194 0.022553 0.089138
v -0.474917 0.025297 0.089809
v -0.465002 0.030958 0.054340
v -0.459440 0.035569 0.057194
v -0.445329 0.048130 0.029780
v -0.453706 0.040894 0.061803
v -0.436599 0.006285 -0.008455
v -0.448440 0.004019 0.022122
v -0.430398 0.002805 -0.004371
v -0.441661 0.001975 0.025446
v -0.423217 0.001890 0.000092
v -0.433984 0.002546 0.028877
v -0.415091 0.003117 0.004472
v -0.425639 0.004573 0.032026
v -0.405311 0.005988 0.008469
v -0.415685 0.007506 0.034736
v -0.394813 0.010836 0.011551
v -0.405356 0.011538 0.036998
v -0.385663 0.019687 0.012436
v -0.396104 0.018202 0.039174
v -0.377624 0.016379 -0.011007
v -0.376774 0.016980 -0.028146
v -0.376310 0.033101 -0.027012
v -0.378401 0.035459 -0.038014
v -0.378482 0.053025 -0.035382
v -0.376177 0.051108 -0.024468
v -0.380627 0.018722 -0.039202
v -0.385759 0.019935 -0.047423
v -0.382810 0.036638 -0.047070
v -0.393640 0.009083 -0.043531
v -0.399413 0.011457 -0.048087
v -0.392961 0.021608 -0.052333
v -0.403184 0.003962 -0.035196
v -0.408744 0.006044 -0.039499
v -0.413156 0.001676 -0.020695
v -0.419729 0.003529 -0.025277
v -0.425903 0.007713 -0.029856
v -0.389856 0.037246 -0.052734
v -0.381929 0.055083 -0.044784
v -0.371156 0.078523 -0.034866
v -0.357184 0.106412 -0.027749
v -0.366281 0.077146 -0.024933
v -0.355433 0.107378 -0.016954
v -0.343196 0.135380 -0.020246
v -0.344241 0.137184 -0.008815
v -0.355682 0.109355 -0.005688
v -0.331330 0.165016 -0.010093
v -0.322708 0.195015 0.001834
v -0.317511 0.225791 0.013459
v -0.315231 0.256927 0.024015
v -0.316629 0.287832 0.032345
v -0.320342 0.319117 0.036958
v -0.321684 0.351743 0.037742
v -0.318073 0.384660 0.034001
v -0.310107 0.416121 0.027509
v -0.300168 0.448524 0.023559
v -0.289122 0.479851 0.015964
v -0.275666 0.507569 0.004064
v -0.261214 0.533092 -0.007985
v -0.244880 0.558406 -0.017394
v -0.224964 0.581919 -0.029173
v -0.197801 0.600192 -0.041515
v -0.167177 0.618376 -0.047933
v -0.136905 0.637628 -0.047291
v -0.107988 0.656773 -0.039522
v -0.081155 0.678112 -0.026671
v -0.059144 0.704415 -0.007816
v -0.045627 0.730466 0.018899
v -0.042509 0.751553 0.044729
v -0.044141 0.771157 0.063691
v -0.048669 0.791545 0.075975
v -0.041201 0.778984 -0.050027
v -0.033118 0.783190 -0.051293
v -0.030460 0.771884 -0.031581
v -0.023845 0.789592 -0.050167
v -0.022232 0.777856 -0.030392
v -0.022740 0.770689 -0.008077
v -0.011709 0.782113 -0.029207
v -0.012311 0.773286 -0.007474
v -0.013348 0.771024 0.016364
v -0.000454 0.774176 -0.007079
v -0.000454 0.770831 0.016672
v -0.000454 0.775202 0.039638
v -0.000454 0.817162 -0.066589
v -0.000454 0.797123 -0.047546
v -0.012343 0.794884 -0.048548
v -0.000454 0.783694 -0.028590
v -0.170603 0.895050 0.018291
v -0.164132 0.921214 0.015018
v -0.084234 0.958887 0.114214
v -0.106116 0.991908 0.103989
v -0.121384 1.025781 0.085559
v -0.124813 1.057638 0.062729
v -0.124490 1.088751 0.041084
v -0.124695 1.118146 0.019777
v -0.121049 1.144265 -0.003709
v -0.107798 1.167549 -0.027469
v -0.112187 1.191106 -0.038465
v -0.088961 1.189935 -0.052198
v -0.118441 1.214404 -0.051802
v -0.095312 1.214012 -0.064730
v -0.066266 1.219080 -0.070593
v -0.100016 1.239900 -0.074266
v -0.069468 1.244424 -0.079409
v -0.035292 1.250144 -0.077222
v -0.071564 1.271773 -0.084049
v -0.036053 1.276302 -0.082323
v -0.000454 1.278602 -0.077125
v -0.000454 1.252785 -0.072046
v -0.036382 1.304343 -0.084579
v -0.000454 1.306072 -0.079924
v -0.000454 1.364902 -0.080097
v -0.034813 1.363567 -0.085559
v -0.000454 1.334770 -0.080732
v -0.036164 1.333449 -0.085733
v -0.073029 1.300452 -0.085646
v -0.104755 1.294546 -0.079894
v -0.102417 1.266819 -0.078666
v -0.125881 1.263341 -0.066343
v -0.128271 1.287934 -0.069686
v -0.123432 1.239092 -0.061435
v -0.141944 1.284105 -0.051295
v -0.145200 1.306626 -0.053956
v -0.154260 1.325855 -0.055131
v -0.209953 1.355261 -0.004208
v -0.213797 1.350795 -0.019485
v -0.246342 1.351684 -0.007477
v -0.247018 1.349956 -0.021979
v -0.247145 1.346049 -0.034929
v -0.280113 1.350895 -0.023570
v -0.280460 1.347171 -0.035552
v -0.280625 1.345761 -0.046742
v -0.313312 1.350163 -0.035869
v -0.313961 1.349258 -0.046540
v -0.314121 1.352272 -0.055653
v -0.346350 1.353707 -0.045773
v -0.346814 1.357065 -0.054581
v -0.346545 1.363508 -0.061652
v -0.378479 1.362412 -0.052775
v -0.378330 1.369106 -0.059348
v -0.377920 1.377120 -0.064248
v -0.410116 1.373874 -0.058138
v -0.409663 1.381786 -0.062703
v -0.409212 1.389749 -0.065694
v -0.440906 1.383951 -0.065228
v -0.440396 1.391642 -0.069389
v -0.440262 1.399459 -0.070201
v -0.472531 1.392548 -0.069138
v -0.472416 1.400447 -0.069620
v -0.471986 1.408432 -0.066213
v -0.440591 1.407599 -0.066218
v -0.471792 1.416275 -0.060067
v -0.440628 1.414966 -0.059947
v -0.471528 1.424403 -0.052697
v -0.503683 1.416881 -0.058119
v -0.503364 1.424595 -0.051079
v -0.503507 1.431195 -0.042412
v -0.535675 1.423337 -0.047899
v -0.535478 1.428601 -0.039930
v -0.535403 1.431534 -0.030422
v -0.567164 1.426406 -0.036984
v -0.566821 1.428634 -0.028324
v -0.566468 1.428846 -0.019221
v -0.598335 1.426865 -0.026331
v -0.597801 1.426829 -0.018035
v -0.597287 1.424661 -0.010186
v -0.629863 1.425480 -0.016716
v -0.629249 1.423688 -0.009923
v -0.628705 1.420604 -0.003766
v -0.662563 1.422594 -0.008054
v -0.661305 1.420143 -0.001886
v -0.660081 1.416569 0.003108
v -0.692666 1.415770 0.004595
v -0.690112 1.412031 0.009861
v -0.687523 1.406879 0.013503
v -0.721479 1.408895 0.010773
v -0.723375 1.412230 0.001771
v -0.745577 1.407846 0.002239
v -0.744523 1.404502 0.011337
v -0.695073 1.418326 -0.002951
v -0.696725 1.419364 -0.011569
v -0.725106 1.413393 -0.008433
v -0.663605 1.424023 -0.014939
v -0.664147 1.423834 -0.022666
v -0.697561 1.419447 -0.020845
v -0.630439 1.425346 -0.024242
v -0.630846 1.423189 -0.031690
v -0.664326 1.422095 -0.030294
v -0.598790 1.424721 -0.034397
v -0.599146 1.420446 -0.041379
v -0.631139 1.419425 -0.038415
v -0.567478 1.421931 -0.044577
v -0.567784 1.415560 -0.050311
v -0.599462 1.414742 -0.047063
v -0.535989 1.416419 -0.054166
v -0.536389 1.408811 -0.058850
v -0.568090 1.408196 -0.054417
v -0.504245 1.408962 -0.063513
v -0.504710 1.400738 -0.066254
v -0.536762 1.400315 -0.061333
v -0.504767 1.391986 -0.066005
v -0.472457 1.384800 -0.065753
v -0.441320 1.376549 -0.059415
v -0.410522 1.366180 -0.051664
v -0.377966 1.358439 -0.044342
v -0.345294 1.353653 -0.035812
v -0.312745 1.353156 -0.024516
v -0.279935 1.352590 -0.010447
v -0.245577 1.357875 0.004352
v -0.208870 1.366083 0.008673
v -0.746377 1.408514 -0.007882
v -0.762830 1.405448 0.001938
v -0.777842 1.399477 0.001244
v -0.776738 1.401827 0.010997
v -0.761373 1.403272 0.011572
v -0.775941 1.394538 0.016935
v -0.792967 1.401342 0.010975
v -0.792931 1.394541 0.017246
v -0.793074 1.385723 0.015569
v -0.776181 1.384993 0.014900
v -0.812660 1.394331 0.018069
v -0.813137 1.386419 0.016425
v -0.813627 1.383838 0.008909
v -0.812723 1.389267 0.002660
v -0.833549 1.398625 0.005694
v -0.812117 1.397234 0.004191
v -0.792652 1.397138 0.001709
v -0.833342 1.400322 0.013804
v -0.812662 1.399906 0.012135
v -0.845933 1.399490 0.006892
v -0.184114 1.374784 -0.071399
v -0.733072 1.377409 0.035384
v -0.756101 1.370832 0.035716
v -0.753791 1.364339 0.036032
v -0.000454 1.498768 0.059082
v -0.000454 1.498433 0.070805
v -0.783772 1.392601 -0.001678
v 0.003434 1.775139 -0.049055
v 0.005446 1.770734 -0.053017
v 0.848238 1.390768 0.016324
v 0.852752 1.397823 0.014555
v 0.847757 1.400708 0.014137
v 0.846123 1.394359 0.018999
v 0.832586 1.394483 0.019515
v 0.833141 1.387673 0.016972
v 0.844896 1.388445 0.010678
v 0.848238 1.393278 0.006027
v 0.833476 1.386016 0.009908
v 0.833158 1.391043 0.003973
v 0.852274 1.391035 -0.039039
v 0.836534 1.385724 -0.039372
v 0.835791 1.390950 -0.044752
v 0.849663 1.392157 -0.043789
v 0.835370 1.398437 -0.041787
v 0.848509 1.398340 -0.040741
v 0.851521 1.397863 -0.035728
v 0.835697 1.399377 -0.034146
v 0.836214 1.386699 -0.031931
v 0.848868 1.389406 -0.033723
v 0.848096 1.394725 -0.031131
v 0.835305 1.393989 -0.029364
v 0.820505 1.393693 -0.058035
v 0.815993 1.386474 -0.059203
v 0.816045 1.388054 -0.063437
v 0.820609 1.391000 -0.062504
v 0.813292 1.391972 -0.064799
v 0.815231 1.395453 -0.061504
v 0.815704 1.394593 -0.055697
v 0.802435 1.391208 -0.063998
v 0.802609 1.395350 -0.059347
v 0.803229 1.385506 -0.062439
v 0.813723 1.387141 -0.055136
v 0.803250 1.394120 -0.052824
v 0.803790 1.387307 -0.051371
v 0.804044 1.383700 -0.056522
v 0.027995 1.731392 0.007269
v 0.020119 1.732934 -0.000753
v 0.010628 1.737195 0.005916
v 0.013410 1.734743 0.015020
v 0.025611 1.730639 0.033010
v 0.006472 1.743924 -0.067729
v 0.004341 1.749510 -0.070209
v 0.006066 1.754686 -0.067592
v 0.011126 1.749185 -0.061698
v 0.005406 1.576764 0.128727
v 0.007413 1.562200 0.135020
v 0.008743 1.558752 0.124533
v 0.008604 1.572533 0.122971
v 0.011027 1.579214 0.115705
v 0.005729 1.587021 0.122099
v 0.014272 1.561248 0.116584
v 0.012465 1.599086 0.110836
v 0.006920 1.601898 0.117440
v 0.021248 1.580969 0.110138
v 0.023834 1.598415 0.105378
v 0.021392 1.563299 0.112446
v 0.010230 1.544226 0.124019
v 0.016878 1.547257 0.117027
v 0.020337 1.635434 0.117836
v 0.017280 1.617281 0.114809
v 0.027311 1.616989 0.110411
v 0.029000 1.633258 0.114157
v 0.032471 1.643084 0.111883
v 0.022795 1.651898 0.115371
v 0.039589 1.619533 0.106988
v 0.030104 1.565785 0.110760
v 0.034388 1.578422 0.109181
v 0.038065 1.597972 0.104181
v 0.034127 1.556722 0.107874
v 0.045087 1.572981 0.104230
v 0.023239 1.549935 0.111389
v 0.060275 1.671239 0.078323
v 0.045185 1.686191 0.084063
v 0.038581 1.660946 0.103177
v 0.051178 1.637770 0.096013
v 0.063500 1.627878 0.078774
v 0.072420 1.653769 0.066209
v 0.088104 1.592627 -0.001523
v 0.091437 1.597320 -0.006298
v 0.091988 1.611324 -0.004415
v 0.088899 1.604500 0.001559
v 0.087073 1.628885 0.009826
v 0.083700 1.609829 0.016500
v 0.078231 1.592779 0.007075
v 0.087675 1.583527 -0.008369
v 0.086342 1.594985 -0.011497
v 0.076843 1.593598 0.033620
v 0.074689 1.578658 0.021013
v 0.012094 1.499958 0.086139
v 0.018782 1.505205 0.092517
v 0.010683 1.502949 0.099968
v 0.008169 1.499768 0.093419
v 0.077836 1.584287 -0.000461
v 0.078283 1.597934 -0.008739
v 0.426155 0.006293 0.162654
v 0.427705 0.010715 0.166728
v 0.421498 0.011440 0.166035
v 0.421532 0.007659 0.163761
v 0.417135 0.006093 0.158615
v 0.422643 0.003494 0.155680
v 0.414141 0.011084 0.160605
v 0.421652 0.015585 0.166110
v 0.427945 0.015638 0.168017
v 0.427028 0.020598 0.164737
v 0.422323 0.018767 0.164216
v 0.419443 0.020004 0.159325
v 0.415572 0.016467 0.160512
v 0.425059 0.021735 0.157933
v 0.432613 0.007054 0.125204
v 0.438547 0.008054 0.127235
v 0.436973 0.009971 0.134097
v 0.427387 0.008499 0.130549
v 0.429771 0.006799 0.141087
v 0.424527 0.005953 0.132553
v 0.419853 0.003372 0.118629
v 0.425892 0.003204 0.117070
v 0.432905 0.003532 0.115690
v 0.444221 0.010480 0.130923
v 0.449818 0.009600 0.135903
v 0.441865 0.007271 0.142823
v 0.443104 0.008712 0.125787
v 0.447612 0.006500 0.116009
v 0.454732 0.009440 0.117898
v 0.440765 0.004689 0.115314
v 0.439873 0.027022 0.137071
v 0.442177 0.023523 0.146949
v 0.449301 0.022923 0.139394
v 0.445677 0.025657 0.133687
v 0.397139 0.003396 -0.030411
v 0.405174 0.001635 -0.016493
v 0.396003 0.003237 -0.012904
v 0.392770 0.003621 -0.024721
v 0.384385 0.006985 -0.027642
v 0.387648 0.007940 -0.036975
v 0.385076 0.007187 -0.010989
v 0.404258 0.015402 -0.050690
v 0.399744 0.024172 -0.053797
v 0.408147 0.026798 -0.052363
v 0.409264 0.019336 -0.050679
v 0.417138 0.017186 -0.045529
v 0.413153 0.010097 -0.043406
v 0.418301 0.026953 -0.045495
v 0.449733 0.033090 0.019859
v 0.454086 0.024183 0.017636
v 0.437488 0.033545 -0.013053
v 0.432634 0.052059 -0.012101
v 0.426410 0.037193 -0.031649
v 0.421719 0.054850 -0.030421
v 0.412604 0.087202 -0.034132
v 0.420977 0.089826 -0.026628
v 0.422166 0.092513 -0.017856
v 0.433148 0.058230 -0.004672
v 0.447411 0.038659 0.022842
v 0.373011 0.049682 -0.011329
v 0.375111 0.030452 -0.012276
v 0.379662 0.031708 0.011338
v 0.375580 0.050929 0.013227
v 0.389485 0.027149 0.041701
v 0.387435 0.036083 0.044845
v 0.360847 0.079082 0.001956
v 0.360184 0.076377 -0.013210
v 0.378223 0.060616 0.025179
v 0.366290 0.083898 0.012011
v 0.388287 0.044185 0.049337
v 0.115188 0.853852 -0.088605
v 0.088934 0.836864 -0.091645
v 0.071363 0.852464 -0.101571
v 0.093677 0.887312 -0.103955
v 0.128920 0.902460 -0.082923
v 0.142902 0.868977 -0.071441
v 0.091882 0.936880 -0.101217
v 0.119416 0.940468 -0.082191
v 0.050457 0.861091 -0.103377
v 0.058901 0.895277 -0.110836
v 0.061039 0.937085 -0.107546
v 0.108373 0.882683 0.092816
v 0.131997 0.891497 0.085925
v 0.122639 0.912660 0.089113
v 0.092128 0.901037 0.101919
v 0.074122 0.869952 0.102637
v 0.085462 0.863055 0.093620
v 0.062274 0.903569 0.112462
v 0.056590 0.873900 0.107222
v 0.088749 0.930449 0.107921
v 0.060251 0.929495 0.119764
v 0.116920 0.936250 0.096070
v 0.027887 1.188162 0.146426
v 0.058315 1.182841 0.144106
v 0.062185 1.209786 0.143610
v 0.029801 1.225338 0.147245
v 0.069401 1.229185 0.153563
v 0.047936 1.243900 0.158137
v 0.020503 1.261875 0.151270
v 0.040137 1.266712 0.160775
v 0.066333 1.578569 -0.011241
v 0.073397 1.596610 -0.019099
v 0.066818 1.565593 0.010478
v 0.057834 1.546640 -0.005768
v 0.076182 1.248387 0.163605
v 0.060254 1.253645 0.164616
v 0.080007 1.267496 0.168616
v 0.061341 1.269455 0.168190
v 0.097387 1.282408 0.160500
v 0.096134 1.265231 0.162900
v 0.111365 1.267642 0.151808
v 0.107779 1.279966 0.153216
v 0.113091 1.294145 0.138990
v 0.099796 1.303535 0.145440
v 0.123768 1.281646 0.131075
v 0.043933 1.530718 0.080166
v 0.030579 1.518928 0.090746
v 0.027613 1.508837 0.081090
v 0.039807 1.516261 0.065088
v 0.058493 1.538495 0.053517
v 0.059286 1.550851 0.068789
v 0.036355 1.510407 0.047586
v 0.052640 1.526858 0.039030
v 0.016580 1.501234 0.073146
v 0.019332 1.502506 0.060426
v 0.018508 1.500835 0.049959
v 0.044419 1.291588 0.158852
v 0.066949 1.289335 0.166430
v 0.069587 1.310565 0.152040
v 0.051506 1.309808 0.149768
v 0.052179 1.544554 -0.023482
v 0.059985 1.572353 -0.025705
v 0.054762 1.511910 -0.015361
v 0.051717 1.513103 -0.029250
v 0.054803 1.528575 0.010667
v 0.052767 1.505996 0.000729
v 0.061882 1.545898 0.023524
v 0.136318 1.222268 0.066542
v 0.141124 1.218943 0.031227
v 0.147215 1.246977 0.026016
v 0.142883 1.257773 0.068828
v 0.133204 1.241522 0.107644
v 0.126168 1.213770 0.097997
v 0.137259 1.287169 0.092032
v 0.131020 1.265753 0.121913
v 0.146572 1.280785 0.051818
v 0.138322 1.309203 0.070888
v 0.150991 1.263194 0.019511
v 0.022438 1.293787 0.145131
v 0.033232 1.323517 0.129791
v 0.027130 1.351663 0.110010
v 0.059585 1.330252 0.127264
v 0.052567 1.351618 0.107970
v 0.134151 1.341216 0.065622
v 0.127095 1.346108 0.072035
v 0.130046 1.319825 0.084162
v 0.129546 1.299784 0.103828
v 0.141257 1.312956 0.059636
v 0.133227 1.336884 0.055320
v 0.149059 1.289178 0.044287
v 0.138787 1.297815 0.034586
v 0.135374 1.312184 0.048504
v 0.132058 1.328778 0.041232
v 0.134351 1.313859 0.019164
v 0.085884 1.457568 -0.043524
v 0.068267 1.470802 -0.039003
v 0.066884 1.472111 -0.021920
v 0.083541 1.458484 -0.021681
v 0.060101 1.470628 -0.004343
v 0.067301 1.459228 -0.000531
v 0.075581 1.448986 0.009116
v 0.093202 1.449430 -0.006337
v 0.021236 1.474127 -0.061348
v 0.032786 1.434276 -0.074650
v 0.037402 1.481316 -0.056011
v 0.050857 1.452833 -0.064241
v 0.077506 1.435043 -0.069125
v 0.071719 1.416888 -0.077496
v 0.031821 1.395525 -0.083168
v 0.071447 1.389103 -0.083316
v 0.089769 1.416724 0.039105
v 0.071262 1.418633 0.043992
v 0.077925 1.396501 0.060424
v 0.098004 1.395094 0.057959
v 0.078806 1.372562 0.084755
v 0.096069 1.366366 0.081613
v 0.116045 1.379900 0.060960
v 0.130425 1.391696 0.050119
v 0.117669 1.403954 0.045062
v 0.109311 1.417741 0.035873
v 0.073783 1.360243 -0.085775
v 0.110779 1.386110 -0.081555
v 0.118438 1.356387 -0.081026
v 0.108549 1.323488 -0.080401
v 0.073575 1.329970 -0.086469
v 0.141670 1.337169 -0.068559
v 0.130534 1.314115 -0.068759
v 0.154536 1.370469 -0.077163
v 0.162440 1.352602 -0.065758
v 0.146631 1.391855 -0.081964
v 0.165066 1.383848 0.036213
v 0.150040 1.373466 0.048197
v 0.151388 1.366863 0.036937
v 0.171304 1.376327 0.020124
v 0.149783 1.358290 0.017636
v 0.173853 1.359576 0.005194
v 0.189251 1.388210 0.018499
v 0.182392 1.396008 0.024175
v 0.211067 1.375831 0.013305
v 0.218426 1.389000 0.015125
v 0.205397 1.395191 0.016038
v 0.203646 1.404460 0.016716
v 0.221726 1.399889 0.014704
v 0.782719 1.347589 0.032262
v 0.787065 1.353387 0.034665
v 0.782875 1.354100 0.040971
v 0.780287 1.348966 0.038730
v 0.770030 1.358704 0.038071
v 0.767933 1.352388 0.035226
v 0.768476 1.349697 0.028015
v 0.772913 1.365017 0.037165
v 0.783105 1.360851 0.039131
v 0.786267 1.360463 0.034428
v 0.775430 1.368753 0.031880
v 0.775001 1.367256 0.024931
v 0.784870 1.360921 0.028669
v 0.785130 1.355416 0.027812
v 0.772454 1.361514 0.020140
v 0.770563 1.353616 0.021228
v 0.781704 1.350974 0.026392
v 0.714200 1.399418 0.022666
v 0.709033 1.392692 0.027243
v 0.737863 1.383937 0.031117
v 0.743871 1.385795 0.019922
v 0.743110 1.395820 0.017011
v 0.717358 1.403744 0.018039
v 0.757072 1.375754 0.029798
v 0.756454 1.375041 0.022403
v 0.750386 1.376608 0.010322
v 0.761197 1.378664 0.007409
v 0.759845 1.384650 0.015267
v 0.759371 1.394446 0.016613
v 0.751342 1.369691 0.017056
v 0.738622 1.369069 0.006809
v 0.747096 1.376248 -0.002287
v 0.751479 1.361451 0.018736
v 0.733365 1.363050 0.013691
v 0.772724 1.390025 -0.044558
v 0.787210 1.388457 -0.048508
v 0.785892 1.394270 -0.050208
v 0.766987 1.395371 -0.046314
v 0.785672 1.395908 -0.057250
v 0.766782 1.397021 -0.055880
v 0.744780 1.396943 -0.054411
v 0.745280 1.400984 -0.046651
v 0.764715 1.400907 -0.036737
v 0.773858 1.399885 -0.035581
v 0.745823 1.404006 -0.038135
v 0.772264 1.382961 -0.046212
v 0.787408 1.383066 -0.051630
v 0.783949 1.394025 -0.042448
v 0.783521 1.386201 -0.042587
v 0.783440 1.380230 -0.036022
v 0.770219 1.377805 -0.036656
v 0.748876 1.374939 -0.039410
v 0.747192 1.375831 -0.049442
v 0.720304 1.367600 -0.005503
v 0.725930 1.373620 -0.012875
v 0.763497 1.376675 -0.002215
v 0.750023 1.376560 -0.015876
v 0.766240 1.376277 -0.013668
v 0.726417 1.375265 -0.023411
v 0.776755 1.380462 0.007109
v 0.778276 1.383198 -0.003353
v 0.791386 1.388257 0.000299
v 0.792239 1.382249 0.007528
v 0.779316 1.380868 -0.014758
v 0.787373 1.382247 -0.016240
v 0.787190 1.384891 -0.006383
v 0.785832 1.388852 -0.023891
v 0.778651 1.383088 -0.021833
v 0.769999 1.377088 -0.025367
v 0.783947 1.382443 -0.026976
v 0.784094 1.399698 -0.034132
v 0.773720 1.397924 -0.025581
v 0.784118 1.392349 -0.024268
v 0.796454 1.391796 -0.027145
v 0.797323 1.398849 -0.033798
v 0.784722 1.400755 -0.017503
v 0.796169 1.399529 -0.017489
v 0.794939 1.391113 -0.022177
v 0.774959 1.402362 -0.017085
v 0.797940 1.384025 -0.028849
v 0.797150 1.383457 -0.016974
v 0.789025 1.389728 -0.004655
v 0.796958 1.390581 -0.005337
v 0.796464 1.398184 -0.007746
v 0.785166 1.396548 -0.005519
v 0.775102 1.400166 -0.006535
v 0.856034 1.395421 -0.019968
v 0.857735 1.399990 -0.017169
v 0.857827 1.394657 -0.011810
v 0.855137 1.391397 -0.014803
v 0.845617 1.389917 -0.008947
v 0.845733 1.387583 -0.015986
v 0.844781 1.393418 -0.021892
v 0.844052 1.399917 -0.018800
v 0.844039 1.400684 -0.011816
v 0.855080 1.401161 -0.012334
v 0.855650 1.397649 -0.009015
v 0.844604 1.396457 -0.006901
v 0.825913 1.393488 -0.006169
v 0.826386 1.386449 -0.009044
v 0.825430 1.399491 -0.010770
v 0.825414 1.398978 -0.018703
v 0.809166 1.398320 -0.009805
v 0.809382 1.391687 -0.006143
v 0.809104 1.398615 -0.017839
v 0.825833 1.391520 -0.021713
v 0.809332 1.391125 -0.021410
v 0.826398 1.385071 -0.016508
v 0.809735 1.384308 -0.016758
v 0.809747 1.385004 -0.009243
v 0.797441 1.384248 -0.008747
v 0.815870 1.385078 -0.030445
v 0.815324 1.392875 -0.028536
v 0.797608 1.381874 -0.036676
v 0.815508 1.383084 -0.038106
v 0.796872 1.387557 -0.042439
v 0.814791 1.388894 -0.043693
v 0.796892 1.395381 -0.041459
v 0.814460 1.396349 -0.041526
v 0.814769 1.398476 -0.034054
v 0.763122 1.404666 -0.017467
v 0.762742 1.405271 -0.007359
v 0.763082 1.402150 -0.026829
v 0.746052 1.406107 -0.028235
v 0.745949 1.407868 -0.018219
v 0.724031 1.411274 -0.029562
v 0.724724 1.412966 -0.019246
v 0.722348 1.408305 -0.038872
v 0.720633 1.403900 -0.046688
v 0.695403 1.415234 -0.038790
v 0.696563 1.418456 -0.030230
v 0.693226 1.409409 -0.045474
v 0.719314 1.398362 -0.052811
v 0.691502 1.402976 -0.049816
v 0.662743 1.413655 -0.042974
v 0.663252 1.418679 -0.037291
v 0.662024 1.407264 -0.046773
v 0.690110 1.395732 -0.052693
v 0.661489 1.401016 -0.048243
v 0.630539 1.408026 -0.048005
v 0.630409 1.414363 -0.043935
v 0.630669 1.401271 -0.050219
v 0.661097 1.394681 -0.048012
v 0.630793 1.394458 -0.049880
v 0.598967 1.400252 -0.053300
v 0.598822 1.407924 -0.051310
v 0.599062 1.392447 -0.052792
v 0.631043 1.388068 -0.047867
v 0.599118 1.385077 -0.050389
v 0.567434 1.391649 -0.056126
v 0.567392 1.400083 -0.056574
v 0.567281 1.383688 -0.053503
v 0.599199 1.378704 -0.046578
v 0.566944 1.376524 -0.049163
v 0.535665 1.383310 -0.058323
v 0.535934 1.391596 -0.061028
v 0.535032 1.375777 -0.053540
v 0.566604 1.370936 -0.042861
v 0.534258 1.369571 -0.045959
v 0.503093 1.376319 -0.058033
v 0.503607 1.384219 -0.063123
v 0.502416 1.369360 -0.049709
v 0.533678 1.365988 -0.036530
v 0.501880 1.365368 -0.038704
v 0.471629 1.369647 -0.052158
v 0.471632 1.377091 -0.060312
v 0.471589 1.364563 -0.040372
v 0.501715 1.363005 -0.027176
v 0.471401 1.362308 -0.028054
v 0.441741 1.363027 -0.041824
v 0.441068 1.368854 -0.052092
v 0.441209 1.360607 -0.030709
v 0.470858 1.361220 -0.016340
v 0.439643 1.359943 -0.019938
v 0.408557 1.359841 -0.033653
v 0.409366 1.361413 -0.042938
v 0.407655 1.359992 -0.024606
v 0.438112 1.361332 -0.010806
v 0.406760 1.362333 -0.015069
v 0.375641 1.358494 -0.025569
v 0.376197 1.357386 -0.034956
v 0.375392 1.360774 -0.015820
v 0.406235 1.366355 -0.007557
v 0.375578 1.364509 -0.006743
v 0.343797 1.357762 -0.014589
v 0.343846 1.355785 -0.025079
v 0.344447 1.360531 -0.003929
v 0.375921 1.370878 0.001290
v 0.344783 1.367086 0.004373
v 0.312144 1.357365 -0.001364
v 0.311814 1.354890 -0.012716
v 0.312134 1.364309 0.006790
v 0.344473 1.376004 0.010104
v 0.311812 1.373513 0.012268
v 0.278715 1.363858 0.009320
v 0.278920 1.355959 0.001178
v 0.278483 1.373850 0.014304
v 0.311341 1.383919 0.015197
v 0.278376 1.384500 0.016522
v 0.244832 1.378000 0.015418
v 0.244304 1.367209 0.011434
v 0.246282 1.390494 0.016557
v 0.278555 1.395539 0.016042
v 0.247922 1.400845 0.014659
v 0.223001 1.408371 0.014358
v 0.249366 1.409917 0.011669
v 0.223875 1.416069 0.013839
v 0.201891 1.410167 0.020403
v 0.199893 1.418464 0.020778
v 0.224158 1.423980 0.010206
v 0.197190 1.426647 0.017333
v 0.175843 1.414126 0.032307
v 0.180234 1.403965 0.031549
v 0.170034 1.422955 0.029378
v 0.194003 1.434967 0.011999
v 0.164062 1.431871 0.023480
v 0.143969 1.413140 0.038711
v 0.153451 1.403726 0.043530
v 0.135018 1.423206 0.030585
v 0.158876 1.441966 0.013580
v 0.128575 1.436033 0.018031
v 0.104557 1.433327 0.022934
v 0.123698 1.447260 0.001449
v 0.100184 1.443863 0.007340
v 0.085065 1.434043 0.027106
v 0.082530 1.445279 0.019646
v 0.063188 1.446021 0.032126
v 0.066165 1.436064 0.036506
v 0.057680 1.449685 0.023564
v 0.052348 1.457020 0.017167
v 0.036479 1.449004 0.034658
v 0.040518 1.443800 0.041977
v 0.033674 1.456191 0.029971
v 0.047892 1.468285 0.013645
v 0.032132 1.466423 0.027717
v 0.016508 1.457975 0.038159
v 0.017498 1.450931 0.041807
v 0.016283 1.466588 0.037262
v 0.031847 1.479134 0.028172
v 0.016489 1.477054 0.038149
v 0.016745 1.487577 0.040209
v 0.017354 1.496292 0.043765
v 0.033200 1.503523 0.037028
v 0.032191 1.492275 0.031187
v 0.044568 1.498688 0.017855
v 0.046110 1.513944 0.026009
v 0.044998 1.482643 0.013649
v 0.054392 1.486105 -0.003858
v 0.058299 1.488120 -0.020367
v 0.056947 1.488311 -0.034927
v 0.049704 1.486158 -0.047187
v 0.044318 1.513341 -0.040806
v 0.062502 1.464526 -0.053059
v 0.083017 1.449236 -0.058295
v 0.112062 1.439746 -0.061022
v 0.109778 1.427585 -0.071193
v 0.115439 1.447745 -0.048788
v 0.148630 1.451522 -0.054336
v 0.146057 1.441817 -0.066877
v 0.117785 1.452387 -0.032494
v 0.150659 1.456370 -0.038086
v 0.120067 1.452367 -0.016462
v 0.152450 1.456798 -0.020295
v 0.154853 1.452129 -0.002076
v 0.188434 1.451176 -0.008739
v 0.186561 1.453960 -0.024572
v 0.190947 1.443800 0.003745
v 0.222972 1.439868 -0.004554
v 0.222056 1.445335 -0.015515
v 0.223776 1.432294 0.003798
v 0.252264 1.427172 0.000223
v 0.253184 1.433727 -0.009038
v 0.250832 1.418912 0.007062
v 0.279944 1.415545 0.007638
v 0.281006 1.423663 -0.000112
v 0.279086 1.405979 0.013139
v 0.310800 1.405379 0.012948
v 0.310788 1.414976 0.007560
v 0.310972 1.394784 0.015440
v 0.343103 1.396509 0.013683
v 0.342630 1.406786 0.011242
v 0.343751 1.386016 0.013169
v 0.375593 1.388941 0.010444
v 0.375329 1.398559 0.011053
v 0.375907 1.379333 0.007112
v 0.406569 1.380460 0.004734
v 0.407281 1.389550 0.007729
v 0.406164 1.372558 -0.000589
v 0.436375 1.370784 0.002462
v 0.436591 1.378570 0.006824
v 0.437107 1.365187 -0.003319
v 0.469680 1.364247 0.002115
v 0.469093 1.369654 0.008174
v 0.470264 1.361530 -0.006660
v 0.501944 1.363695 -0.006639
v 0.502038 1.366945 0.001236
v 0.501761 1.362489 -0.016446
v 0.533538 1.364004 -0.016821
v 0.533823 1.365290 -0.007834
v 0.533440 1.363963 -0.026423
v 0.566259 1.365956 -0.025946
v 0.566403 1.366417 -0.017358
v 0.566314 1.367466 -0.034682
v 0.599417 1.370039 -0.034158
v 0.599544 1.368906 -0.026419
v 0.599323 1.373416 -0.041066
v 0.631632 1.378207 -0.039665
v 0.631996 1.375372 -0.033646
v 0.631328 1.382463 -0.044457
v 0.660882 1.384621 -0.042348
v 0.661111 1.382178 -0.037589
v 0.661001 1.388961 -0.046090
v 0.688092 1.380480 -0.050537
v 0.688885 1.375658 -0.044600
v 0.688679 1.387884 -0.053281
v 0.718509 1.382157 -0.056738
v 0.719712 1.375683 -0.051545
v 0.718268 1.390694 -0.056796
v 0.744603 1.389474 -0.058451
v 0.745325 1.381105 -0.057231
v 0.766696 1.389873 -0.060056
v 0.768391 1.382132 -0.057841
v 0.785596 1.390578 -0.061743
v 0.786307 1.383726 -0.059543
v 0.721847 1.372937 -0.043135
v 0.750442 1.375608 -0.028400
v 0.724092 1.373736 -0.033586
v 0.690605 1.373619 -0.036788
v 0.692360 1.373525 -0.030072
v 0.661274 1.380810 -0.032072
v 0.693225 1.374141 -0.023606
v 0.661270 1.380479 -0.026189
v 0.632120 1.374452 -0.026659
v 0.660818 1.381111 -0.019968
v 0.631893 1.375423 -0.019362
v 0.599636 1.369602 -0.018528
v 0.631362 1.377756 -0.012162
v 0.599587 1.371811 -0.011048
v 0.566666 1.367872 -0.009162
v 0.599483 1.375264 -0.004161
v 0.566963 1.370900 -0.001513
v 0.534073 1.368215 0.000243
v 0.566910 1.376126 0.004284
v 0.534027 1.373715 0.006193
v 0.501908 1.372511 0.007351
v 0.533719 1.380997 0.009566
v 0.501566 1.379648 0.011035
v 0.468624 1.377417 0.012008
v 0.501023 1.388280 0.012521
v 0.468407 1.386727 0.013214
v 0.437537 1.387636 0.008657
v 0.468483 1.397958 0.010903
v 0.438416 1.398227 0.007211
v 0.407612 1.398971 0.007875
v 0.438581 1.409393 0.004039
v 0.407255 1.408825 0.004760
v 0.375023 1.408296 0.008717
v 0.406262 1.417423 -0.000903
v 0.374482 1.417142 0.003409
v 0.342270 1.416141 0.005931
v 0.373734 1.424455 -0.004872
v 0.341948 1.423843 -0.002291
v 0.310943 1.423128 -0.000630
v 0.341702 1.429287 -0.012658
v 0.311110 1.429030 -0.011215
v 0.281831 1.429591 -0.010439
v 0.311202 1.431954 -0.023302
v 0.282148 1.432627 -0.022203
v 0.253323 1.437476 -0.019896
v 0.281951 1.433203 -0.034593
v 0.252803 1.438441 -0.031763
v 0.221156 1.446937 -0.028278
v 0.251862 1.435616 -0.043923
v 0.220075 1.444235 -0.041633
v 0.185463 1.452714 -0.040607
v 0.219238 1.438656 -0.053852
v 0.184802 1.448077 -0.055835
v 0.250590 1.429595 -0.055004
v 0.249105 1.420434 -0.064531
v 0.218260 1.429429 -0.063937
v 0.183715 1.439027 -0.067437
v 0.216654 1.417345 -0.070621
v 0.182231 1.426589 -0.074967
v 0.144175 1.428506 -0.075209
v 0.181541 1.411472 -0.079356
v 0.143610 1.411482 -0.080680
v 0.108693 1.409852 -0.077671
v 0.214806 1.403235 -0.073799
v 0.213215 1.387221 -0.072774
v 0.181641 1.394429 -0.078937
v 0.246005 1.393999 -0.073627
v 0.244832 1.379526 -0.072601
v 0.247619 1.408409 -0.071007
v 0.278808 1.403526 -0.072426
v 0.278159 1.389787 -0.074142
v 0.279624 1.415473 -0.066498
v 0.310947 1.413879 -0.066623
v 0.310850 1.402470 -0.071816
v 0.280491 1.424576 -0.057767
v 0.311064 1.422910 -0.058563
v 0.281364 1.430681 -0.046803
v 0.311157 1.429351 -0.048117
v 0.311202 1.432174 -0.036002
v 0.341808 1.432292 -0.036460
v 0.342111 1.428976 -0.047827
v 0.341624 1.432236 -0.024155
v 0.373072 1.432399 -0.025182
v 0.373373 1.431907 -0.036485
v 0.373206 1.429472 -0.014524
v 0.404931 1.430282 -0.016485
v 0.404794 1.433171 -0.025885
v 0.405470 1.424683 -0.008008
v 0.437209 1.429615 -0.005690
v 0.437048 1.435628 -0.014243
v 0.438034 1.420751 0.000291
v 0.469380 1.421025 0.003535
v 0.470312 1.430293 -0.002906
v 0.468739 1.409300 0.007141
v 0.500557 1.408050 0.007813
v 0.501179 1.418075 0.004124
v 0.500539 1.398023 0.011223
v 0.532908 1.398044 0.009665
v 0.532788 1.407124 0.007193
v 0.533269 1.389277 0.010482
v 0.565584 1.391012 0.008598
v 0.564903 1.399171 0.008098
v 0.566381 1.383131 0.007640
v 0.598323 1.386871 0.005070
v 0.597301 1.394336 0.006413
v 0.599111 1.380357 0.001456
v 0.629676 1.385736 -0.000547
v 0.628631 1.391606 0.003170
v 0.630544 1.381086 -0.005888
v 0.658915 1.385611 -0.005993
v 0.657809 1.389141 -0.000052
v 0.660079 1.383025 -0.012774
v 0.687111 1.376576 -0.009476
v 0.682904 1.378934 -0.000707
v 0.690884 1.375346 -0.017813
v 0.710389 1.363997 0.002087
v 0.729496 1.360619 0.021618
v 0.703607 1.365354 0.011008
v 0.750672 1.357378 0.025028
v 0.750980 1.358767 0.031743
v 0.727857 1.363002 0.029121
v 0.701239 1.369612 0.019252
v 0.728637 1.369367 0.034171
v 0.701698 1.376258 0.025515
v 0.680305 1.382595 0.006861
v 0.679757 1.387794 0.012562
v 0.704677 1.384873 0.028315
v 0.681333 1.394081 0.015320
v 0.657028 1.393830 0.004557
v 0.656991 1.399679 0.006915
v 0.684037 1.400793 0.015545
v 0.657377 1.405605 0.007325
v 0.627711 1.398112 0.005045
v 0.627306 1.404463 0.005269
v 0.657960 1.411264 0.006405
v 0.627236 1.410704 0.004127
v 0.596566 1.401706 0.006230
v 0.596156 1.408647 0.004619
v 0.627401 1.416402 0.000989
v 0.595987 1.415059 0.001317
v 0.564521 1.407201 0.006066
v 0.564469 1.414696 0.002399
v 0.596072 1.420470 -0.003595
v 0.564735 1.421208 -0.003018
v 0.532962 1.415629 0.003408
v 0.533538 1.423438 -0.002579
v 0.565168 1.426174 -0.010465
v 0.534149 1.429106 -0.010792
v 0.502254 1.426901 -0.002233
v 0.502966 1.432944 -0.010894
v 0.534448 1.431834 -0.020407
v 0.503207 1.435595 -0.021058
v 0.470905 1.436155 -0.011454
v 0.471236 1.438702 -0.021666
v 0.503039 1.434971 -0.031903
v 0.471144 1.437453 -0.032677
v 0.437608 1.437814 -0.024121
v 0.438269 1.436375 -0.034148
v 0.470663 1.432626 -0.043284
v 0.439048 1.431541 -0.044295
v 0.405408 1.432122 -0.035632
v 0.406628 1.427962 -0.045168
v 0.439649 1.422944 -0.052949
v 0.407469 1.421449 -0.053243
v 0.373973 1.428197 -0.046879
v 0.374625 1.422254 -0.055760
v 0.407852 1.413828 -0.060196
v 0.375160 1.414235 -0.062879
v 0.342481 1.422772 -0.057660
v 0.342789 1.414163 -0.065332
v 0.375555 1.405302 -0.067307
v 0.343133 1.403786 -0.070226
v 0.408091 1.406023 -0.065017
v 0.408110 1.398006 -0.066685
v 0.376028 1.395743 -0.068895
v 0.343627 1.392730 -0.071617
v 0.376518 1.386045 -0.067654
v 0.344278 1.381957 -0.070369
v 0.310981 1.390166 -0.073403
v 0.311462 1.378347 -0.072014
v 0.344982 1.372024 -0.066956
v 0.312199 1.367657 -0.068494
v 0.278052 1.376693 -0.072845
v 0.278450 1.365244 -0.069134
v 0.312870 1.358652 -0.063002
v 0.279011 1.355778 -0.063521
v 0.244618 1.366554 -0.068882
v 0.244936 1.355987 -0.063227
v 0.279481 1.348965 -0.056174
v 0.245378 1.348181 -0.056297
v 0.213034 1.359486 -0.062098
v 0.212726 1.371615 -0.067880
v 0.213681 1.349874 -0.055777
v 0.245909 1.344413 -0.046570
v 0.214308 1.345871 -0.046106
v 0.187598 1.347987 -0.055295
v 0.185684 1.359597 -0.062549
v 0.188353 1.342163 -0.044258
v 0.214106 1.347270 -0.033998
v 0.186486 1.343713 -0.030360
v 0.169522 1.334374 -0.041891
v 0.167784 1.340551 -0.055034
v 0.166537 1.335539 -0.024109
v 0.181880 1.348611 -0.013136
v 0.158731 1.341909 -0.001944
v 0.153639 1.322667 -0.016818
v 0.156653 1.321392 -0.037705
v 0.142845 1.330502 0.006632
v 0.136919 1.345655 0.030375
v 0.145160 1.304159 -0.005924
v 0.149404 1.304167 -0.032809
v 0.144591 1.285788 0.006673
v 0.147925 1.282885 -0.025508
v 0.151672 1.273550 0.014609
v 0.151921 1.267642 -0.019154
v 0.149689 1.253388 -0.014704
v 0.139635 1.243909 -0.041720
v 0.141300 1.264049 -0.047264
v 0.145408 1.232791 -0.008063
v 0.135006 1.221322 -0.032924
v 0.139435 1.207433 0.001496
v 0.128862 1.197369 -0.020711
v 0.134838 1.177914 0.011718
v 0.124687 1.171306 -0.010308
v 0.137395 1.184440 0.037253
v 0.133830 1.186342 0.066416
v 0.130947 1.150846 0.040986
v 0.128677 1.147736 0.017690
v 0.128607 1.151564 0.067222
v 0.122832 1.182185 0.093988
v 0.118492 1.150016 0.092758
v 0.123578 1.119105 0.066628
v 0.126007 1.119511 0.041761
v 0.112717 1.117028 0.089975
v 0.099882 1.148334 0.114505
v 0.093840 1.115415 0.109442
v 0.108871 1.085528 0.086316
v 0.120006 1.087653 0.064155
v 0.089671 1.083870 0.105037
v 0.072181 1.115441 0.125949
v 0.067300 1.083395 0.121823
v 0.090552 1.052210 0.103439
v 0.111303 1.055057 0.085008
v 0.067358 1.050758 0.121245
v 0.043953 1.084566 0.133581
v 0.044103 1.050478 0.133789
v 0.071939 1.018272 0.121407
v 0.097239 1.020994 0.104346
v 0.045471 1.017918 0.136370
v 0.019096 1.049020 0.136040
v 0.017709 1.018212 0.136566
v 0.050485 0.987267 0.135186
v 0.077848 0.987963 0.119269
v 0.021013 0.988899 0.139564
v 0.027156 0.958101 0.136498
v 0.056154 0.957519 0.128249
v 0.030751 0.930275 0.129264
v 0.020602 1.085616 0.137465
v 0.023553 1.122494 0.140326
v 0.048303 1.118474 0.136589
v 0.054737 1.151491 0.142330
v 0.026762 1.156133 0.143703
v 0.079173 1.148462 0.132129
v 0.082701 1.179038 0.133446
v 0.103507 1.178587 0.116460
v 0.107213 1.205834 0.120126
v 0.085492 1.204703 0.134767
v 0.114703 1.228203 0.131494
v 0.091802 1.224643 0.145452
v 0.115919 1.250547 0.144257
v 0.095722 1.245627 0.157583
v 0.026589 1.061147 -0.049812
v 0.027347 1.032790 -0.058060
v 0.028675 1.004709 -0.074385
v 0.054696 1.034751 -0.054027
v 0.057182 1.008795 -0.073446
v 0.029948 0.972824 -0.091934
v 0.059335 0.976013 -0.094357
v 0.085440 1.011512 -0.065400
v 0.089032 0.978242 -0.087812
v 0.030435 0.936734 -0.103622
v 0.029370 0.900324 -0.105824
v 0.025249 0.868188 -0.099329
v 0.018395 0.838894 -0.086327
v 0.037196 0.831134 -0.089487
v 0.026785 0.807265 -0.070392
v 0.012842 0.814035 -0.068365
v 0.052430 0.823243 -0.089290
v 0.038771 0.800214 -0.070913
v 0.064762 0.816069 -0.083100
v 0.048584 0.794683 -0.067417
v 0.078975 0.796588 -0.075623
v 0.059438 0.782471 -0.064605
v 0.103164 0.812320 -0.080600
v 0.129402 0.825721 -0.074961
v 0.114104 0.786513 -0.071107
v 0.090321 0.774343 -0.070773
v 0.139758 0.798812 -0.065007
v 0.153255 0.838308 -0.057438
v 0.162812 0.810712 -0.047648
v 0.150686 0.772664 -0.061420
v 0.124191 0.760595 -0.069545
v 0.174135 0.784432 -0.043462
v 0.181169 0.822367 -0.023074
v 0.193489 0.795524 -0.018481
v 0.184710 0.758046 -0.041038
v 0.160734 0.746952 -0.059363
v 0.204357 0.767764 -0.016485
v 0.205287 0.803430 0.010895
v 0.215774 0.773750 0.013150
v 0.213412 0.739364 -0.014431
v 0.194060 0.731191 -0.038549
v 0.224824 0.744239 0.014686
v 0.215559 0.775954 0.045754
v 0.224687 0.745718 0.047143
v 0.231991 0.714723 0.015625
v 0.221062 0.710804 -0.012596
v 0.232569 0.715339 0.046648
v 0.217912 0.744699 0.076945
v 0.226539 0.712667 0.075380
v 0.240074 0.684519 0.044136
v 0.238900 0.685222 0.015408
v 0.234833 0.680708 0.071148
v 0.216775 0.708389 0.097098
v 0.225227 0.675263 0.092449
v 0.242633 0.648816 0.065174
v 0.247456 0.653808 0.040184
v 0.232954 0.642552 0.086280
v 0.211766 0.669675 0.108153
v 0.219424 0.636939 0.101732
v 0.239437 0.610573 0.079658
v 0.249427 0.616808 0.058613
v 0.225760 0.605277 0.095294
v 0.203422 0.631987 0.111823
v 0.210158 0.600550 0.105428
v 0.229954 0.574281 0.089642
v 0.242458 0.579175 0.074403
v 0.215865 0.569055 0.099412
v 0.193943 0.596215 0.109609
v 0.201176 0.564008 0.103481
v 0.224995 0.536778 0.094747
v 0.236719 0.542919 0.085266
v 0.211938 0.530121 0.098862
v 0.186821 0.559508 0.102709
v 0.198626 0.523901 0.097755
v 0.224846 0.501108 0.086410
v 0.235663 0.506939 0.083938
v 0.213734 0.496092 0.083998
v 0.185689 0.518950 0.092049
v 0.202839 0.492259 0.077722
v 0.227281 0.466314 0.080359
v 0.239243 0.470865 0.081376
v 0.214999 0.463501 0.073370
v 0.190814 0.488937 0.067740
v 0.204419 0.463251 0.059544
v 0.231687 0.437678 0.057148
v 0.243212 0.440443 0.061479
v 0.218748 0.436057 0.047831
v 0.189642 0.460512 0.044545
v 0.206088 0.433916 0.035453
v 0.235033 0.410570 0.035274
v 0.247804 0.414527 0.042482
v 0.224413 0.407692 0.025639
v 0.198259 0.432749 0.021095
v 0.218196 0.406784 0.013185
v 0.240603 0.382236 0.019379
v 0.249157 0.385104 0.030381
v 0.234410 0.381911 0.006532
v 0.215580 0.408322 -0.000660
v 0.231066 0.384054 -0.007841
v 0.244342 0.356239 0.000383
v 0.252579 0.356369 0.014603
v 0.239312 0.358256 -0.014892
v 0.231084 0.388044 -0.022075
v 0.239484 0.361884 -0.029980
v 0.245378 0.330477 -0.021174
v 0.250709 0.329497 -0.005349
v 0.245719 0.332890 -0.036414
v 0.243375 0.366215 -0.043992
v 0.250314 0.336222 -0.050341
v 0.254911 0.301627 -0.039717
v 0.254512 0.300570 -0.024560
v 0.259713 0.304203 -0.053401
v 0.258525 0.339968 -0.061940
v 0.268150 0.307945 -0.064550
v 0.273887 0.273580 -0.053041
v 0.269477 0.271357 -0.039830
v 0.281960 0.277495 -0.063361
v 0.280063 0.312624 -0.072435
v 0.292877 0.282558 -0.070802
v 0.297955 0.249635 -0.060404
v 0.290548 0.246044 -0.050837
v 0.307605 0.254114 -0.067326
v 0.306145 0.288335 -0.074635
v 0.319225 0.259082 -0.071067
v 0.321645 0.225611 -0.063550
v 0.312833 0.221984 -0.057429
v 0.332043 0.229800 -0.066783
v 0.332332 0.264367 -0.070811
v 0.343565 0.234338 -0.066436
v 0.344099 0.200592 -0.062094
v 0.334698 0.196972 -0.059458
v 0.354150 0.204457 -0.061814
v 0.354930 0.238654 -0.062499
v 0.364306 0.208328 -0.058398
v 0.364742 0.174676 -0.057125
v 0.355901 0.171384 -0.057701
v 0.373607 0.178010 -0.054074
v 0.373490 0.211790 -0.051660
v 0.381743 0.181064 -0.048334
v 0.383394 0.147399 -0.050171
v 0.375472 0.144621 -0.053024
v 0.390628 0.150035 -0.044825
v 0.388173 0.183660 -0.039594
v 0.396276 0.152450 -0.036988
v 0.400062 0.118944 -0.039332
v 0.393622 0.116586 -0.044899
v 0.405221 0.121350 -0.032396
v 0.399580 0.154501 -0.026646
v 0.408010 0.123662 -0.022903
v 0.392278 0.185587 -0.028455
v 0.393451 0.186550 -0.016723
v 0.400494 0.155903 -0.015910
v 0.408442 0.125457 -0.013400
v 0.399460 0.156671 -0.005618
v 0.407422 0.127114 -0.003308
v 0.420716 0.095096 -0.007233
v 0.418347 0.098914 0.003636
v 0.404403 0.128391 0.006137
v 0.414419 0.102270 0.013434
v 0.428731 0.074588 0.019460
v 0.432322 0.066791 0.008694
v 0.423713 0.080472 0.028142
v 0.409154 0.104368 0.020997
v 0.417762 0.084283 0.034983
v 0.435065 0.063664 0.049221
v 0.440718 0.056755 0.039367
v 0.428083 0.068101 0.056206
v 0.410971 0.085736 0.039883
v 0.420359 0.070108 0.060678
v 0.437946 0.050367 0.077183
v 0.445925 0.046636 0.069338
v 0.428763 0.052285 0.082536
v 0.411892 0.069778 0.063043
v 0.419005 0.052343 0.085001
v 0.433135 0.037230 0.101038
v 0.443546 0.035924 0.097825
v 0.423729 0.037255 0.103219
v 0.409764 0.050121 0.084647
v 0.414938 0.036044 0.104067
v 0.426399 0.028250 0.122339
v 0.433567 0.030990 0.121802
v 0.419087 0.029300 0.124003
v 0.407356 0.032943 0.103636
v 0.412332 0.027550 0.124557
v 0.421022 0.026481 0.139846
v 0.427558 0.024489 0.138028
v 0.414679 0.024574 0.140613
v 0.407291 0.023167 0.124366
v 0.409810 0.020079 0.140467
v 0.416466 0.021792 0.151275
v 0.422819 0.023456 0.150217
v 0.411553 0.017647 0.151664
v 0.407457 0.014061 0.139668
v 0.409466 0.011520 0.151372
v 0.404609 0.017597 0.123920
v 0.405663 0.011705 0.122820
v 0.408849 0.007957 0.138099
v 0.412211 0.005648 0.149826
v 0.413637 0.004218 0.136141
v 0.417970 0.002519 0.147552
v 0.409310 0.007220 0.121484
v 0.414584 0.004434 0.120024
v 0.419324 0.003543 0.134399
v 0.424341 0.002899 0.144536
v 0.434091 0.007476 0.149123
v 0.429017 0.004058 0.152410
v 0.446044 0.005858 0.149886
v 0.437652 0.008297 0.155488
v 0.431955 0.006329 0.159498
v 0.440022 0.010639 0.159938
v 0.433675 0.010394 0.164657
v 0.449847 0.007869 0.155238
v 0.451666 0.013736 0.157223
v 0.441184 0.014700 0.161353
v 0.434760 0.015596 0.165761
v 0.440505 0.018488 0.158892
v 0.433718 0.020235 0.162321
v 0.448886 0.018684 0.154816
v 0.445396 0.021433 0.151242
v 0.438175 0.020200 0.153825
v 0.431351 0.021658 0.156162
v 0.429360 0.023039 0.148699
v 0.436023 0.021414 0.147523
v 0.434310 0.024701 0.136705
v 0.441844 0.030040 0.120608
v 0.450098 0.029788 0.120782
v 0.452939 0.033648 0.094569
v 0.457053 0.026090 0.121447
v 0.460926 0.031167 0.092549
v 0.463534 0.025139 0.122947
v 0.467791 0.028946 0.091187
v 0.453455 0.021421 0.141914
v 0.457774 0.018789 0.143913
v 0.468603 0.021642 0.123155
v 0.460380 0.014266 0.144749
v 0.473095 0.017642 0.122747
v 0.458842 0.010286 0.142579
v 0.472698 0.011305 0.121286
v 0.454966 0.008623 0.139365
v 0.466667 0.009467 0.119559
v 0.460375 0.010781 0.119005
v 0.469161 0.006345 0.088915
v 0.475009 0.009886 0.088690
v 0.461485 0.004339 0.089674
v 0.457773 0.002707 0.055963
v 0.465118 0.005962 0.053088
v 0.451925 0.003167 0.090528
v 0.448983 0.001700 0.059227
v 0.442067 0.002098 0.091503
v 0.439909 0.001765 0.061787
v 0.431494 0.000961 0.092359
v 0.429873 0.001651 0.063412
v 0.421825 0.000000 0.093201
v 0.418731 0.002084 0.064059
v 0.413085 0.000674 0.094382
v 0.407940 0.004415 0.064757
v 0.405737 0.003323 0.096090
v 0.399011 0.008905 0.066372
v 0.399837 0.007740 0.098110
v 0.392904 0.015476 0.068907
v 0.396620 0.014443 0.099953
v 0.390980 0.023492 0.072005
v 0.397351 0.021801 0.101387
v 0.392645 0.031246 0.075243
v 0.401651 0.028296 0.102586
v 0.396538 0.038812 0.078262
v 0.401913 0.045348 0.081627
v 0.396566 0.061020 0.060076
v 0.391408 0.053086 0.054969
v 0.403637 0.066755 0.062971
v 0.395600 0.081785 0.042161
v 0.388955 0.076425 0.039188
v 0.403296 0.084949 0.042422
v 0.394702 0.103410 0.029403
v 0.387021 0.100059 0.028832
v 0.402378 0.104915 0.026669
v 0.393026 0.127795 0.018812
v 0.385561 0.125709 0.021382
v 0.399502 0.128729 0.013534
v 0.391098 0.155961 0.011247
v 0.384092 0.154288 0.016264
v 0.396412 0.156748 0.003688
v 0.388594 0.185964 0.003927
v 0.382925 0.184454 0.011798
v 0.392156 0.186668 -0.005739
v 0.385239 0.216816 -0.004707
v 0.381000 0.215472 0.005673
v 0.386991 0.217200 -0.016747
v 0.380531 0.247806 -0.016451
v 0.378538 0.247033 -0.003247
v 0.385580 0.216439 -0.029632
v 0.379145 0.247343 -0.030559
v 0.380946 0.214577 -0.041916
v 0.373961 0.245490 -0.044147
v 0.365504 0.242489 -0.055052
v 0.357501 0.273249 -0.058100
v 0.366869 0.276292 -0.045947
v 0.345490 0.269213 -0.066523
v 0.336076 0.299744 -0.069673
v 0.349569 0.304181 -0.060586
v 0.320928 0.294304 -0.074488
v 0.310017 0.324131 -0.075960
v 0.325995 0.330290 -0.071064
v 0.294386 0.318101 -0.076208
v 0.283905 0.349429 -0.074298
v 0.298833 0.355013 -0.073811
v 0.270278 0.344356 -0.069913
v 0.261425 0.376048 -0.063132
v 0.273628 0.381071 -0.067191
v 0.250939 0.371081 -0.055372
v 0.241203 0.399522 -0.046257
v 0.250636 0.405689 -0.054135
v 0.234414 0.393335 -0.035113
v 0.219392 0.417844 -0.026761
v 0.226640 0.425116 -0.036915
v 0.215698 0.411945 -0.014411
v 0.195579 0.435836 -0.007067
v 0.199759 0.441264 -0.019305
v 0.195276 0.433291 0.006820
v 0.176664 0.461059 0.013972
v 0.176981 0.463581 -0.000259
v 0.179937 0.459785 0.028624
v 0.165940 0.489732 0.037421
v 0.161977 0.491845 0.022026
v 0.176682 0.487133 0.053365
v 0.163413 0.517990 0.066056
v 0.154275 0.520722 0.047696
v 0.173767 0.516472 0.081400
v 0.162681 0.553444 0.086890
v 0.153161 0.552977 0.072182
v 0.173633 0.555686 0.097058
v 0.163650 0.589481 0.101949
v 0.152126 0.587274 0.091098
v 0.178036 0.592483 0.108287
v 0.169307 0.624598 0.114022
v 0.154086 0.621903 0.107010
v 0.186278 0.627905 0.115879
v 0.178210 0.660812 0.121569
v 0.160632 0.657744 0.119001
v 0.195721 0.664802 0.117940
v 0.187159 0.699704 0.122867
v 0.169314 0.695897 0.126074
v 0.203330 0.703870 0.113204
v 0.194153 0.739684 0.114905
v 0.177328 0.736259 0.124330
v 0.207961 0.742569 0.098957
v 0.198114 0.776850 0.096392
v 0.183652 0.775362 0.111728
v 0.208532 0.776759 0.074982
v 0.197562 0.809073 0.069497
v 0.186694 0.810169 0.089967
v 0.204881 0.807015 0.042391
v 0.192190 0.838298 0.035256
v 0.184916 0.840696 0.061412
v 0.192492 0.832441 0.005286
v 0.180796 0.861715 -0.005906
v 0.179280 0.867623 0.025509
v 0.171441 0.850796 -0.033382
v 0.161621 0.881720 -0.047198
v 0.170262 0.891412 -0.017038
v 0.149591 0.913721 -0.055750
v 0.160829 0.919552 -0.021704
v 0.141719 0.944182 -0.056443
v 0.154049 0.946504 -0.020912
v 0.135015 0.975710 -0.046104
v 0.148901 0.972656 -0.014264
v 0.114567 0.978286 -0.071215
v 0.111771 1.010652 -0.050072
v 0.132913 1.006321 -0.028979
v 0.106653 1.035688 -0.031015
v 0.126312 1.033503 -0.011657
v 0.081399 1.036019 -0.045117
v 0.078340 1.061340 -0.033067
v 0.100549 1.061225 -0.019443
v 0.052979 1.061431 -0.043575
v 0.052452 1.089049 -0.039483
v 0.077637 1.088645 -0.028913
v 0.026301 1.089365 -0.046304
v 0.026347 1.117323 -0.045998
v 0.052732 1.116690 -0.039167
v 0.026984 1.144919 -0.048043
v 0.028033 1.374077 0.090816
v 0.027260 1.397295 0.074011
v 0.055440 1.374024 0.086823
v 0.054669 1.397571 0.067178
v 0.077673 1.349232 0.105050
v 0.080644 1.329264 0.124771
v 0.098109 1.342311 0.101517
v 0.099782 1.323291 0.121096
v 0.084852 1.309070 0.150059
v 0.116626 1.312923 0.114283
v 0.116785 1.331369 0.095048
v 0.114844 1.354792 0.078533
v 0.129049 1.368334 0.060990
v 0.142085 1.381925 0.052901
v 0.136365 1.359933 0.056203
v 0.139256 1.353336 0.047128
v 0.161454 1.393632 0.043358
v 0.083423 1.287109 0.165320
v 0.049008 1.419278 0.053415
v 0.025131 1.419159 0.065306
v 0.044512 1.435557 0.047646
v 0.021801 1.434795 0.057651
v 0.019339 1.443224 0.048664
v 0.010605 1.511635 0.105730
v 0.009065 1.522434 0.109379
v 0.020075 1.513893 0.099519
v 0.018238 1.524362 0.105074
v 0.029207 1.528631 0.099591
v 0.043309 1.540915 0.091954
v 0.039480 1.548657 0.101515
v 0.026077 1.538792 0.106963
v 0.017283 1.534848 0.112106
v 0.010162 1.531795 0.119042
v 0.057241 1.560832 0.083358
v 0.052581 1.567862 0.095941
v 0.068275 1.587047 0.071790
v 0.060867 1.595032 0.088369
v 0.070865 1.574357 0.053351
v 0.073632 1.612898 0.056631
v 0.068312 1.560400 0.037575
v 0.082556 1.633019 0.044701
v 0.087850 1.652233 0.031808
v 0.079500 1.675314 0.048912
v 0.088857 1.667629 0.015722
v 0.080845 1.691188 0.028063
v 0.089185 1.638629 0.002151
v 0.089747 1.644258 -0.011395
v 0.087135 1.676056 -0.004829
v 0.087539 1.615106 -0.009264
v 0.082751 1.616523 -0.012734
v 0.080904 1.618223 -0.024786
v 0.087801 1.645964 -0.027878
v 0.076616 1.618511 -0.041155
v 0.081498 1.646058 -0.046801
v 0.069138 1.594410 -0.032764
v 0.058530 1.592670 -0.051291
v 0.065538 1.618482 -0.060522
v 0.050467 1.568542 -0.042044
v 0.036478 1.567232 -0.054747
v 0.042420 1.592506 -0.066167
v 0.043862 1.542711 -0.036600
v 0.031942 1.541227 -0.046365
v 0.032532 1.511757 -0.049306
v 0.017449 1.509591 -0.053683
v 0.016964 1.540376 -0.052078
v 0.008986 1.617516 0.119082
v 0.010283 1.635888 0.120485
v 0.011194 1.655085 0.117972
v 0.009400 1.676692 0.105206
v 0.025290 1.671268 0.105101
v 0.028005 1.697721 0.087781
v 0.050789 1.710256 0.064249
v 0.029753 1.719355 0.066677
v 0.048859 1.722655 0.034419
v 0.067167 1.694988 0.059166
v 0.068096 1.709246 0.034002
v 0.064645 1.715694 0.006756
v 0.046073 1.726327 0.007556
v 0.078694 1.700780 0.003270
v 0.074624 1.702356 -0.022540
v 0.060603 1.717065 -0.018714
v 0.084397 1.677265 -0.026270
v 0.077467 1.675531 -0.047271
v 0.067649 1.699523 -0.044300
v 0.064996 1.673072 -0.066243
v 0.055905 1.695636 -0.061716
v 0.068391 1.646000 -0.066679
v 0.048991 1.645520 -0.082415
v 0.045820 1.671496 -0.080729
v 0.047511 1.618773 -0.076466
v 0.024868 1.619305 -0.085719
v 0.025114 1.645537 -0.091016
v 0.022437 1.593215 -0.074978
v 0.019182 1.566940 -0.062503
v 0.023004 1.670605 -0.087794
v 0.019278 1.690234 -0.077383
v 0.039249 1.692377 -0.072907
v 0.015551 1.702021 -0.067257
v 0.030827 1.705790 -0.063343
v 0.043220 1.710618 -0.054593
v 0.023527 1.712202 -0.055588
v 0.032323 1.717204 -0.048078
v 0.053382 1.715012 -0.039548
v 0.039968 1.721699 -0.034945
v 0.025449 1.719722 -0.043286
v 0.030955 1.724709 -0.031812
v 0.044806 1.725235 -0.016107
v 0.032559 1.728788 -0.015135
v 0.023957 1.726460 -0.029020
v 0.025811 1.730394 -0.014781
v 0.019073 1.722223 -0.039578
v 0.016652 1.727849 -0.040991
v 0.021567 1.732638 -0.030386
v 0.022937 1.738483 -0.018683
v 0.023158 1.740419 -0.038350
v 0.023640 1.748182 -0.029969
v 0.019781 1.744461 -0.008970
v 0.018827 1.755359 -0.022494
v 0.020413 1.756699 -0.042730
v 0.014748 1.762817 -0.036444
v 0.010106 1.759574 -0.017804
v 0.011078 1.749320 -0.003048
v 0.009321 1.768697 -0.030777
v 0.009848 1.767334 -0.046098
v 0.006599 1.773254 -0.041348
v 0.006320 1.765921 -0.057907
v 0.007487 1.761175 -0.063877
v 0.013527 1.762802 -0.051992
v 0.014560 1.756133 -0.057616
v 0.020661 1.749482 -0.048727
v 0.014233 1.742287 -0.054404
v 0.016693 1.734777 -0.046872
v 0.010549 1.728574 -0.055417
v 0.008866 1.735784 -0.062412
v 0.011203 1.723292 -0.047535
v 0.012780 1.719275 -0.044659
v 0.018150 1.715870 -0.049902
v 0.008528 1.712552 -0.054227
v 0.012392 1.708433 -0.060176
v 0.050615 1.599387 0.098519
v 0.033028 1.225074 -0.069182
v 0.030389 1.198895 -0.060061
v 0.028261 1.172249 -0.052790
v 0.060565 1.194291 -0.059543
v 0.056577 1.169353 -0.049632
v 0.054099 1.143525 -0.042509
v 0.083374 1.167110 -0.040751
v 0.080338 1.142370 -0.033032
v 0.078435 1.115996 -0.029158
v 0.103464 1.142430 -0.020303
v 0.100386 1.115872 -0.016413
v 0.098899 1.088411 -0.015633
v 0.115743 1.116584 -0.000159
v 0.113645 1.088529 0.000814
v 0.117072 1.060533 -0.002445
v 0.121522 1.088835 0.019882
v 0.126123 1.059739 0.017355
v 0.136859 1.031149 0.010826
v 0.128270 1.058952 0.039432
v 0.139645 1.029447 0.036180
v 0.145433 1.001804 -0.001721
v 0.149382 0.999494 0.029059
v 0.134585 1.028514 0.061842
v 0.144536 0.998412 0.058886
v 0.154009 0.970975 0.020842
v 0.149308 0.969845 0.054045
v 0.129959 0.996610 0.084629
v 0.135547 0.968188 0.081290
v 0.153034 0.945498 0.049791
v 0.157742 0.946699 0.016024
v 0.140621 0.942609 0.077653
v 0.111524 0.963619 0.101243
v 0.143820 0.918357 0.071848
v 0.157116 0.920859 0.046899
v 0.150690 0.894979 0.070583
v 0.162595 0.895781 0.047910
v 0.161463 0.869769 0.074507
v 0.172380 0.869459 0.053366
v 0.144894 0.867762 0.089253
v 0.124351 0.861545 0.095721
v 0.158374 0.839903 0.096549
v 0.174039 0.841432 0.081840
v 0.139526 0.835625 0.103852
v 0.102106 0.848789 0.094499
v 0.119049 0.827138 0.103428
v 0.153363 0.805378 0.112862
v 0.171615 0.809098 0.104964
v 0.134003 0.799050 0.112955
v 0.098414 0.810642 0.095625
v 0.114388 0.787808 0.105612
v 0.146989 0.767251 0.121376
v 0.166050 0.772098 0.120395
v 0.128517 0.759684 0.115059
v 0.092463 0.767537 0.094711
v 0.108380 0.744778 0.099975
v 0.140752 0.727627 0.121038
v 0.158765 0.732214 0.126214
v 0.122855 0.719350 0.107735
v 0.086238 0.726695 0.088319
v 0.104073 0.704497 0.090926
v 0.135277 0.688542 0.111740
v 0.151522 0.692675 0.122019
v 0.119617 0.679740 0.094362
v 0.086966 0.690228 0.072988
v 0.103756 0.667318 0.074730
v 0.131349 0.650500 0.096354
v 0.145117 0.655023 0.110739
v 0.118562 0.642729 0.076141
v 0.091953 0.658454 0.050534
v 0.106965 0.633989 0.051662
v 0.130977 0.614666 0.076675
v 0.141596 0.619049 0.094759
v 0.121401 0.608987 0.052486
v 0.101920 0.629771 0.026031
v 0.116417 0.604892 0.027687
v 0.134445 0.582186 0.052714
v 0.142409 0.585091 0.074859
v 0.129946 0.579505 0.029367
v 0.116615 0.603326 0.005313
v 0.129917 0.578289 0.008222
v 0.140756 0.551976 0.030430
v 0.145329 0.552485 0.052174
v 0.140637 0.551626 0.010901
v 0.134777 0.578765 -0.010108
v 0.145337 0.552214 -0.006087
v 0.149943 0.523160 0.010881
v 0.149778 0.522521 0.028810
v 0.154839 0.524720 -0.004701
v 0.155049 0.554676 -0.019188
v 0.165331 0.528271 -0.016596
v 0.166467 0.496493 -0.007785
v 0.162105 0.493612 0.006378
v 0.176078 0.501217 -0.018693
v 0.179003 0.533541 -0.025403
v 0.189634 0.507490 -0.027243
v 0.190545 0.473737 -0.023275
v 0.181329 0.467499 -0.013270
v 0.202904 0.481643 -0.031576
v 0.206002 0.515147 -0.033765
v 0.217917 0.490044 -0.037588
v 0.219073 0.457266 -0.037289
v 0.208242 0.448997 -0.029041
v 0.232032 0.465280 -0.042876
v 0.233730 0.497102 -0.037678
v 0.246084 0.471652 -0.042523
v 0.247505 0.439401 -0.049626
v 0.236078 0.432604 -0.045040
v 0.260220 0.444998 -0.049204
v 0.259681 0.476618 -0.038168
v 0.272949 0.449651 -0.044998
v 0.274387 0.416387 -0.057973
v 0.261824 0.411386 -0.058292
v 0.287123 0.420776 -0.053257
v 0.284839 0.453250 -0.036556
v 0.299259 0.424420 -0.044387
v 0.300502 0.390827 -0.061556
v 0.286971 0.386099 -0.066630
v 0.313750 0.395125 -0.052349
v 0.309660 0.426937 -0.031748
v 0.324845 0.397797 -0.038558
v 0.327681 0.365949 -0.058717
v 0.313768 0.360777 -0.068626
v 0.338898 0.368959 -0.044179
v 0.331518 0.398097 -0.021768
v 0.345530 0.369473 -0.026556
v 0.351090 0.338903 -0.047385
v 0.340210 0.335528 -0.061530
v 0.357097 0.339922 -0.030121
v 0.347437 0.368106 -0.008227
v 0.358671 0.338842 -0.012001
v 0.365651 0.309060 -0.031503
v 0.359842 0.307413 -0.047442
v 0.366946 0.308815 -0.014519
v 0.356166 0.336238 0.004179
v 0.364339 0.306880 0.000832
v 0.373964 0.278401 -0.015678
v 0.372495 0.278130 -0.031140
v 0.371643 0.277124 -0.001412
v 0.358901 0.303890 0.013852
v 0.366445 0.274783 0.010858
v 0.373780 0.245213 0.008153
v 0.358796 0.271701 0.020383
v 0.366823 0.242632 0.016892
v 0.374654 0.213404 0.013773
v 0.357828 0.239481 0.023029
v 0.366574 0.210703 0.019412
v 0.375436 0.182211 0.016959
v 0.357204 0.207541 0.022281
v 0.366837 0.179483 0.019581
v 0.376154 0.151893 0.018710
v 0.357707 0.176375 0.019440
v 0.367993 0.149060 0.018712
v 0.377869 0.122822 0.021202
v 0.359735 0.145905 0.015981
v 0.370124 0.119318 0.018609
v 0.379915 0.095299 0.025297
v 0.363013 0.115488 0.013150
v 0.373044 0.089789 0.019783
v 0.383149 0.069244 0.033706
v 0.352579 0.142759 0.010140
v 0.346953 0.139828 0.001860
v 0.357716 0.112144 0.004896
v 0.340768 0.170069 0.010170
v 0.334506 0.167280 0.001164
v 0.348747 0.173149 0.016277
v 0.337521 0.201011 0.018178
v 0.328879 0.197894 0.011516
v 0.347143 0.204228 0.021819
v 0.336575 0.232516 0.025195
v 0.326083 0.229155 0.020963
v 0.347433 0.236003 0.025854
v 0.337743 0.264333 0.029757
v 0.325850 0.260550 0.028875
v 0.349007 0.268129 0.026798
v 0.340448 0.296248 0.030687
v 0.328461 0.292026 0.033641
v 0.350864 0.300238 0.024058
v 0.342344 0.328648 0.027859
v 0.331687 0.324021 0.034341
v 0.350602 0.332763 0.017516
v 0.339376 0.361559 0.021350
v 0.331283 0.357013 0.031549
v 0.344877 0.365282 0.008165
v 0.330499 0.393383 0.011388
v 0.324957 0.389467 0.024158
v 0.333228 0.396423 -0.004319
v 0.317477 0.424853 0.000844
v 0.314964 0.420995 0.015712
v 0.315917 0.427103 -0.015783
v 0.299948 0.454993 -0.008405
v 0.301605 0.452748 0.008194
v 0.294147 0.455112 -0.024043
v 0.280853 0.482008 -0.017187
v 0.286372 0.481945 -0.001429
v 0.271890 0.480288 -0.029831
v 0.260966 0.506051 -0.024862
v 0.269814 0.507690 -0.012007
v 0.248368 0.502356 -0.033183
v 0.238644 0.528068 -0.029241
v 0.251310 0.531693 -0.020698
v 0.223209 0.522468 -0.034188
v 0.213930 0.548208 -0.032565
v 0.230399 0.554505 -0.026769
v 0.195855 0.540609 -0.032115
v 0.186262 0.565996 -0.035114
v 0.205534 0.574130 -0.035509
v 0.168821 0.559286 -0.028793
v 0.158654 0.585386 -0.035183
v 0.176641 0.591842 -0.041387
v 0.144423 0.581049 -0.024547
v 0.132857 0.606964 -0.029993
v 0.147735 0.611615 -0.041687
v 0.122269 0.604147 -0.014224
v 0.108783 0.629149 -0.017705
v 0.120340 0.632300 -0.034651
v 0.102573 0.628501 0.003063
v 0.087966 0.654006 0.000343
v 0.094696 0.653786 -0.021680
v 0.087110 0.655670 0.024733
v 0.071659 0.682105 0.023108
v 0.073265 0.679458 -0.003461
v 0.076280 0.684354 0.050068
v 0.060482 0.711328 0.049551
v 0.056366 0.707960 0.020966
v 0.070282 0.715674 0.071589
v 0.056263 0.742175 0.070743
v 0.047872 0.735865 0.047965
v 0.070594 0.750623 0.086191
v 0.060294 0.772355 0.083747
v 0.047864 0.761093 0.067580
v 0.077539 0.788088 0.091516
v 0.066733 0.801549 0.088366
v 0.052679 0.784612 0.079311
v 0.084191 0.824950 0.090589
v 0.070607 0.835604 0.089600
v 0.058159 0.810621 0.085560
v 0.061131 0.841125 0.096273
v 0.050391 0.815754 0.087039
v 0.048660 0.845181 0.101761
v 0.040757 0.818668 0.092718
v 0.029748 0.848375 0.106664
v 0.024411 0.822245 0.097256
v 0.032899 0.877069 0.113511
v 0.033353 0.904528 0.120905
v 0.019032 0.800441 0.081115
v 0.015269 0.784726 0.060630
v 0.033663 0.797511 0.077826
v 0.028197 0.783517 0.059581
v 0.013293 0.775127 0.039382
v 0.024644 0.774063 0.039191
v 0.035633 0.780740 0.059789
v 0.041879 0.795658 0.075469
v 0.031682 0.770524 0.039894
v 0.023050 0.769557 0.015989
v 0.029644 0.764855 0.016039
v 0.036373 0.766403 0.040732
v 0.039861 0.777328 0.060875
v 0.034179 0.760768 0.016202
v 0.028874 0.765562 -0.008865
v 0.033772 0.762260 -0.009301
v 0.036823 0.753711 0.016813
v 0.038668 0.760318 0.042446
v 0.036027 0.755293 -0.009848
v 0.035468 0.768474 -0.031528
v 0.038969 0.760891 -0.032678
v 0.039147 0.744789 -0.010268
v 0.039596 0.744555 0.017616
v 0.042908 0.748567 -0.033917
v 0.046367 0.770079 -0.050553
v 0.052471 0.754776 -0.052201
v 0.050921 0.728063 -0.034219
v 0.045753 0.727567 -0.010291
v 0.061799 0.731928 -0.052263
v 0.068495 0.763354 -0.064587
v 0.077871 0.739028 -0.064694
v 0.076439 0.705625 -0.049972
v 0.064919 0.702870 -0.031566
v 0.092421 0.712947 -0.063015
v 0.099379 0.749186 -0.070568
v 0.111799 0.723507 -0.069109
v 0.108744 0.687635 -0.058298
v 0.092630 0.680886 -0.044993
v 0.127383 0.697750 -0.065377
v 0.135098 0.735455 -0.068139
v 0.148254 0.709396 -0.064917
v 0.142274 0.671860 -0.059578
v 0.123339 0.662992 -0.052379
v 0.162337 0.682217 -0.059962
v 0.171360 0.720654 -0.056332
v 0.183150 0.693325 -0.052215
v 0.175405 0.654663 -0.054097
v 0.155006 0.645291 -0.053820
v 0.195414 0.665075 -0.047122
v 0.203358 0.703495 -0.035610
v 0.213637 0.675113 -0.032012
v 0.207083 0.636839 -0.041115
v 0.186897 0.627006 -0.048123
v 0.224368 0.646159 -0.027455
v 0.229216 0.682243 -0.011026
v 0.238113 0.652833 -0.008974
v 0.233958 0.616750 -0.022334
v 0.216959 0.609062 -0.034637
v 0.246800 0.622030 -0.006110
v 0.246467 0.655501 0.014360
v 0.253873 0.623797 0.013646
v 0.251943 0.590058 -0.004344
v 0.239804 0.587453 -0.018136
v 0.258392 0.590321 0.012702
v 0.254382 0.621854 0.035816
v 0.258590 0.588440 0.032328
v 0.258834 0.559536 0.011076
v 0.253861 0.559902 -0.004828
v 0.258934 0.557547 0.029744
v 0.252977 0.584375 0.053930
v 0.254102 0.553796 0.050685
v 0.265390 0.530373 0.026769
v 0.264746 0.532567 0.007987
v 0.261780 0.525841 0.047309
v 0.246320 0.548478 0.070464
v 0.254755 0.519553 0.064974
v 0.272665 0.499619 0.041573
v 0.276152 0.505403 0.022600
v 0.266560 0.492024 0.057223
v 0.245510 0.512964 0.077213
v 0.259393 0.483983 0.069666
v 0.278307 0.466984 0.046095
v 0.285284 0.474545 0.033043
v 0.271213 0.459198 0.055835
v 0.250320 0.476705 0.077735
v 0.262002 0.450778 0.061671
v 0.286235 0.436487 0.045080
v 0.293528 0.442507 0.035752
v 0.278203 0.429701 0.050884
v 0.252632 0.444704 0.062683
v 0.269957 0.422401 0.051314
v 0.293582 0.405904 0.040615
v 0.301422 0.410600 0.035884
v 0.283685 0.400204 0.043106
v 0.259866 0.418119 0.047984
v 0.272468 0.394832 0.042026
v 0.296426 0.373639 0.042452
v 0.307499 0.379391 0.040039
v 0.284728 0.367919 0.041058
v 0.260449 0.389776 0.038063
v 0.272885 0.362571 0.036413
v 0.296666 0.340863 0.038708
v 0.309156 0.346293 0.040115
v 0.284162 0.335896 0.033771
v 0.262022 0.358420 0.027717
v 0.271831 0.332146 0.023596
v 0.293463 0.309942 0.030205
v 0.306518 0.314283 0.035601
v 0.280445 0.306145 0.020076
v 0.260388 0.330040 0.009695
v 0.267700 0.302872 0.006081
v 0.290891 0.280182 0.017575
v 0.303062 0.283903 0.026988
v 0.279161 0.275710 0.004757
v 0.258301 0.300915 -0.009082
v 0.271314 0.272038 -0.010254
v 0.294097 0.249101 0.004008
v 0.303575 0.253198 0.015453
v 0.287765 0.245616 -0.010272
v 0.268715 0.270851 -0.025305
v 0.285484 0.243992 -0.024712
v 0.303075 0.219471 -0.010261
v 0.308574 0.222388 0.002866
v 0.301280 0.218048 -0.023865
v 0.286479 0.244201 -0.038490
v 0.302150 0.217886 -0.036893
v 0.315307 0.191192 -0.022882
v 0.317137 0.192663 -0.010239
v 0.316343 0.190872 -0.035050
v 0.306070 0.219239 -0.048404
v 0.320221 0.191818 -0.045702
v 0.330222 0.163186 -0.033011
v 0.329035 0.163607 -0.021819
v 0.333840 0.163864 -0.042915
v 0.326599 0.193952 -0.054070
v 0.339875 0.165709 -0.050471
v 0.347101 0.135374 -0.040377
v 0.343535 0.134772 -0.031109
v 0.352710 0.136879 -0.047225
v 0.347321 0.168267 -0.055421
v 0.359659 0.139087 -0.051941
v 0.364778 0.107771 -0.044760
v 0.359775 0.106546 -0.037267
v 0.371274 0.109738 -0.049737
v 0.367500 0.141789 -0.053790
v 0.378888 0.111923 -0.051146
v 0.381096 0.081473 -0.048957
v 0.375090 0.079944 -0.043303
v 0.388930 0.083142 -0.050030
v 0.386507 0.114183 -0.049107
v 0.396846 0.084610 -0.046071
v 0.394840 0.057838 -0.051652
v 0.386988 0.056774 -0.050526
v 0.403480 0.057924 -0.047666
v 0.404138 0.085791 -0.039800
v 0.411869 0.056694 -0.039808
v 0.406810 0.039909 -0.051510
v 0.397493 0.038629 -0.054368
v 0.416518 0.039198 -0.043356
v 0.429437 0.025404 -0.033100
v 0.429077 0.015452 -0.032876
v 0.440407 0.022504 -0.013195
v 0.440067 0.013018 -0.011800
v 0.455541 0.016512 0.017259
v 0.453102 0.008793 0.019046
v 0.470419 0.010936 0.051490
v 0.472469 0.018525 0.051519
v 0.469270 0.025788 0.052624
v 0.482227 0.013333 0.088658
v 0.481286 0.022553 0.089138
v 0.464094 0.030958 0.054340
v 0.474010 0.025297 0.089809
v 0.444422 0.048130 0.029780
v 0.458533 0.035569 0.057194
v 0.452799 0.040894 0.061803
v 0.447533 0.004019 0.022122
v 0.435691 0.006285 -0.008455
v 0.440754 0.001975 0.025446
v 0.429491 0.002805 -0.004371
v 0.433077 0.002546 0.028877
v 0.422309 0.001890 0.000092
v 0.424732 0.004573 0.032026
v 0.414184 0.003117 0.004472
v 0.414777 0.007506 0.034736
v 0.404403 0.005988 0.008469
v 0.404448 0.011538 0.036998
v 0.393905 0.010836 0.011551
v 0.395197 0.018202 0.039174
v 0.384756 0.019687 0.012436
v 0.376717 0.016379 -0.011007
v 0.375403 0.033101 -0.027012
v 0.375866 0.016980 -0.028146
v 0.375270 0.051108 -0.024468
v 0.377574 0.053025 -0.035382
v 0.377494 0.035459 -0.038014
v 0.379720 0.018722 -0.039202
v 0.381902 0.036638 -0.047070
v 0.384852 0.019935 -0.047423
v 0.392733 0.009083 -0.043531
v 0.392054 0.021608 -0.052333
v 0.398505 0.011457 -0.048087
v 0.402276 0.003962 -0.035196
v 0.407837 0.006044 -0.039499
v 0.418821 0.003529 -0.025277
v 0.412248 0.001676 -0.020695
v 0.424995 0.007713 -0.029856
v 0.388949 0.037246 -0.052734
v 0.381022 0.055083 -0.044784
v 0.370249 0.078523 -0.034866
v 0.365374 0.077146 -0.024933
v 0.356276 0.106412 -0.027749
v 0.354525 0.107378 -0.016954
v 0.342289 0.135380 -0.020246
v 0.354774 0.109355 -0.005688
v 0.343334 0.137184 -0.008815
v 0.330423 0.165016 -0.010093
v 0.321801 0.195015 0.001834
v 0.316604 0.225791 0.013459
v 0.314324 0.256927 0.024015
v 0.315722 0.287832 0.032345
v 0.319434 0.319117 0.036958
v 0.320777 0.351743 0.037742
v 0.317166 0.384660 0.034001
v 0.309199 0.416121 0.027509
v 0.299261 0.448524 0.023559
v 0.288214 0.479851 0.015964
v 0.274759 0.507569 0.004064
v 0.260306 0.533092 -0.007985
v 0.243972 0.558406 -0.017394
v 0.224057 0.581919 -0.029173
v 0.196894 0.600192 -0.041515
v 0.166270 0.618376 -0.047933
v 0.135998 0.637628 -0.047291
v 0.107081 0.656773 -0.039522
v 0.080247 0.678112 -0.026671
v 0.058236 0.704415 -0.007816
v 0.044720 0.730466 0.018899
v 0.041601 0.751553 0.044729
v 0.043234 0.771157 0.063691
v 0.047761 0.791545 0.075975
v 0.040294 0.778984 -0.050027
v 0.032211 0.783190 -0.051293
v 0.029553 0.771884 -0.031581
v 0.021325 0.777856 -0.030392
v 0.022938 0.789592 -0.050167
v 0.021833 0.770689 -0.008077
v 0.011404 0.773286 -0.007474
v 0.010801 0.782113 -0.029207
v 0.012441 0.771024 0.016364
v 0.011436 0.794884 -0.048548
v 0.169695 0.895050 0.018291
v 0.163225 0.921214 0.015018
v 0.105209 0.991908 0.103989
v 0.083326 0.958887 0.114214
v 0.120477 1.025781 0.085559
v 0.123906 1.057638 0.062729
v 0.123583 1.088751 0.041084
v 0.123788 1.118146 0.019777
v 0.120142 1.144265 -0.003709
v 0.106891 1.167549 -0.027469
v 0.111280 1.191106 -0.038465
v 0.088054 1.189935 -0.052198
v 0.094405 1.214012 -0.064730
v 0.117534 1.214404 -0.051802
v 0.065358 1.219080 -0.070593
v 0.068560 1.244424 -0.079409
v 0.099108 1.239900 -0.074266
v 0.034384 1.250144 -0.077222
v 0.035146 1.276302 -0.082323
v 0.070657 1.271773 -0.084049
v 0.035475 1.304343 -0.084579
v 0.033906 1.363567 -0.085559
v 0.035257 1.333449 -0.085733
v 0.072122 1.300452 -0.085646
v 0.103848 1.294546 -0.079894
v 0.101509 1.266819 -0.078666
v 0.127364 1.287934 -0.069686
v 0.124973 1.263341 -0.066343
v 0.122525 1.239092 -0.061435
v 0.144292 1.306626 -0.053956
v 0.141037 1.284105 -0.051295
v 0.153353 1.325855 -0.055131
v 0.212889 1.350795 -0.019485
v 0.209046 1.355261 -0.004208
v 0.246111 1.349956 -0.021979
v 0.245435 1.351684 -0.007477
v 0.246237 1.346049 -0.034929
v 0.279552 1.347171 -0.035552
v 0.279206 1.350895 -0.023570
v 0.279718 1.345761 -0.046742
v 0.313053 1.349258 -0.046540
v 0.312405 1.350163 -0.035869
v 0.313213 1.352272 -0.055653
v 0.345907 1.357065 -0.054581
v 0.345443 1.353707 -0.045773
v 0.345638 1.363508 -0.061652
v 0.377423 1.369106 -0.059348
v 0.377572 1.362412 -0.052775
v 0.377013 1.377120 -0.064248
v 0.408756 1.381786 -0.062703
v 0.409208 1.373874 -0.058138
v 0.408305 1.389749 -0.065694
v 0.439489 1.391642 -0.069389
v 0.439999 1.383951 -0.065228
v 0.439355 1.399459 -0.070201
v 0.471509 1.400447 -0.069620
v 0.471624 1.392548 -0.069138
v 0.439684 1.407599 -0.066218
v 0.471078 1.408432 -0.066213
v 0.439721 1.414966 -0.059947
v 0.470885 1.416275 -0.060067
v 0.470621 1.424403 -0.052697
v 0.502457 1.424595 -0.051079
v 0.502776 1.416881 -0.058119
v 0.502599 1.431195 -0.042412
v 0.534571 1.428601 -0.039930
v 0.534768 1.423337 -0.047899
v 0.534495 1.431534 -0.030422
v 0.565913 1.428634 -0.028324
v 0.566256 1.426406 -0.036984
v 0.565561 1.428846 -0.019221
v 0.596894 1.426829 -0.018035
v 0.597428 1.426865 -0.026331
v 0.596380 1.424661 -0.010186
v 0.628341 1.423688 -0.009923
v 0.628956 1.425480 -0.016716
v 0.627798 1.420604 -0.003766
v 0.660398 1.420143 -0.001886
v 0.661656 1.422594 -0.008054
v 0.659174 1.416569 0.003108
v 0.689205 1.412031 0.009861
v 0.691759 1.415770 0.004595
v 0.686616 1.406879 0.013503
v 0.720572 1.408895 0.010773
v 0.743615 1.404502 0.011337
v 0.744670 1.407846 0.002239
v 0.722467 1.412230 0.001771
v 0.694165 1.418326 -0.002951
v 0.724199 1.413393 -0.008433
v 0.695817 1.419364 -0.011569
v 0.662697 1.424023 -0.014939
v 0.696653 1.419447 -0.020845
v 0.663239 1.423834 -0.022666
v 0.629532 1.425346 -0.024242
v 0.663419 1.422095 -0.030294
v 0.629939 1.423189 -0.031690
v 0.597882 1.424721 -0.034397
v 0.630232 1.419425 -0.038415
v 0.598238 1.420446 -0.041379
v 0.566571 1.421931 -0.044577
v 0.598554 1.414742 -0.047063
v 0.566877 1.415560 -0.050311
v 0.535082 1.416419 -0.054166
v 0.567183 1.408196 -0.054417
v 0.535481 1.408811 -0.058850
v 0.503338 1.408962 -0.063513
v 0.535855 1.400315 -0.061333
v 0.503803 1.400738 -0.066254
v 0.503860 1.391986 -0.066005
v 0.471550 1.384800 -0.065753
v 0.440413 1.376549 -0.059415
v 0.409615 1.366180 -0.051664
v 0.377059 1.358439 -0.044342
v 0.344387 1.353653 -0.035812
v 0.311838 1.353156 -0.024516
v 0.279028 1.352590 -0.010447
v 0.244669 1.357875 0.004352
v 0.207963 1.366083 0.008673
v 0.745470 1.408514 -0.007882
v 0.761923 1.405448 0.001938
v 0.776935 1.399477 0.001244
v 0.760465 1.403272 0.011572
v 0.775831 1.401827 0.010997
v 0.775034 1.394538 0.016935
v 0.792024 1.394541 0.017246
v 0.792060 1.401342 0.010975
v 0.775274 1.384993 0.014900
v 0.792166 1.385723 0.015569
v 0.812230 1.386419 0.016425
v 0.811752 1.394331 0.018069
v 0.812720 1.383838 0.008909
v 0.811815 1.389267 0.002660
v 0.811209 1.397234 0.004191
v 0.832642 1.398625 0.005694
v 0.791745 1.397138 0.001709
v 0.811755 1.399906 0.012135
v 0.832434 1.400322 0.013804
v 0.845026 1.399490 0.006892
v 0.183206 1.374784 -0.071399
v 0.732164 1.377409 0.035384
v 0.755194 1.370832 0.035716
v 0.752884 1.364339 0.036032
v 0.782864 1.392601 -0.001678
vn -0.0000 0.9147 -0.4042
vn -0.0000 0.7994 -0.6008
vn -0.6936 0.6300 -0.3493
vn -0.5489 0.8240 -0.1403
vn -0.2010 0.1368 0.9700
vn -0.4366 0.8641 0.2504
vn -0.9676 0.1725 0.1841
vn -0.5949 -0.5896 0.5463
vn -0.0863 -0.7379 0.6693
vn 0.0067 0.1963 0.9805
vn -0.6304 -0.1933 -0.7518
vn -0.4107 -0.8897 -0.1992
vn -0.1287 -0.3189 -0.9390
vn -0.1602 -0.9637 -0.2137
vn -0.4677 -0.1585 -0.8695
vn -0.0678 -0.2315 -0.9705
vn -0.1703 -0.9405 -0.2941
vn -0.8858 -0.4254 -0.1852
vn -0.3735 0.7595 -0.5326
vn 0.0099 0.7873 -0.6165
vn -0.7524 0.6105 0.2474
vn -0.0200 0.9427 0.3332
vn -0.5272 -0.6630 0.5315
vn -0.1848 -0.7626 0.6199
vn -0.0928 0.2228 0.9704
vn -0.4253 0.1759 0.8878
vn -0.8930 -0.0044 -0.4501
vn -0.4504 -0.5530 -0.7009
vn -0.5186 -0.8217 0.2364
vn -0.9141 0.3020 0.2705
vn -0.1978 0.8743 -0.4432
vn -0.0539 0.2546 -0.9656
vn -0.4756 0.6126 0.6313
vn 0.0407 0.9581 -0.2837
vn 0.1061 0.2346 -0.9663
vn -0.0082 -0.7230 -0.6908
vn -0.3987 -0.4641 0.7910
vn -0.2421 -0.3229 0.9150
vn -0.1556 0.6960 0.7009
vn -0.1595 -0.9716 0.1750
vn -0.2197 0.9703 0.1015
vn -0.3626 0.8306 0.4227
vn -0.5513 0.8088 0.2047
vn -0.2714 0.9623 0.0163
vn -0.0000 0.9795 0.2016
vn -0.0000 0.8626 0.5059
vn -0.2407 0.9519 0.1897
vn -0.6972 0.0157 -0.7167
vn -0.0000 0.0160 -0.9999
vn -0.0000 -0.3098 -0.9508
vn -0.7297 -0.1471 -0.6678
vn -0.7146 0.1599 -0.6811
vn -0.0000 0.3271 -0.9450
vn -0.8044 -0.0391 -0.5928
vn -0.7437 -0.2623 0.6149
vn -0.0000 -0.3883 0.9215
vn -0.0000 0.4523 0.8918
vn -0.7579 0.3004 0.5790
vn -0.9067 0.1528 0.3931
vn -0.7475 -0.1109 0.6550
vn -0.0000 -0.4852 0.8744
vn -0.7207 0.2453 0.6484
vn -0.6992 0.1565 0.6976
vn -0.6770 0.1105 0.7277
vn -0.5645 -0.0015 0.8254
vn -0.5773 -0.0500 0.8150
vn -0.2828 -0.0211 0.9590
vn -0.2948 0.1696 0.9404
vn -0.3807 0.0528 0.9232
vn -0.5430 -0.1164 0.8316
vn -0.0000 -0.1761 0.9844
vn -0.6898 -0.0683 0.7208
vn -0.4045 -0.1038 0.9086
vn -0.3320 -0.2223 0.9167
vn -0.4140 -0.2340 0.8797
vn -0.3414 -0.0404 0.9390
vn -0.3439 0.2647 0.9009
vn -0.5197 0.1063 0.8477
vn -0.4843 -0.0730 0.8719
vn -0.2788 0.1076 0.9543
vn -0.2844 -0.0088 0.9587
vn -0.3422 0.0320 0.9391
vn -0.5712 -0.0517 0.8192
vn -0.4707 -0.1737 0.8650
vn -0.5194 -0.1272 0.8450
vn -0.7160 0.0948 0.6917
vn -0.5717 0.2897 0.7676
vn -0.5485 0.4245 0.7204
vn -0.7307 0.2333 0.6416
vn -0.8530 0.0531 0.5191
vn -0.8453 0.0231 0.5337
vn -0.8695 -0.1979 0.4526
vn -0.9959 0.0112 -0.0895
vn -0.9802 -0.1054 -0.1675
vn -0.8361 -0.3918 0.3840
vn -0.9408 -0.2040 0.2708
vn -0.9931 -0.0385 0.1106
vn -0.8570 -0.4080 0.3149
vn -0.3284 -0.2538 -0.9098
vn -0.3723 -0.8431 -0.3880
vn -0.9487 -0.3155 0.0205
vn -0.9670 -0.2048 0.1514
vn -0.2480 -0.9441 0.2171
vn -0.3917 -0.7302 0.5598
vn -0.6027 -0.7111 0.3621
vn -0.3338 -0.9381 0.0918
vn -0.0000 -0.9771 0.2129
vn -0.0000 -0.7575 0.6528
vn -0.0000 -0.9999 0.0112
vn -0.4404 -0.3907 -0.8084
vn -0.7785 -0.6167 -0.1167
vn 0.2848 -0.6895 0.6659
vn 0.3858 -0.2846 0.8776
vn -0.0810 -0.4605 0.8840
vn -0.0549 -0.8355 0.5467
vn 0.0534 -0.9644 0.2588
vn 0.4795 -0.7446 0.4643
vn 0.7683 -0.1797 0.6144
vn 0.3803 0.7126 0.5895
vn 0.0358 0.8182 0.5738
vn -0.0502 0.1896 0.9806
vn 0.4360 0.2719 0.8579
vn 0.6940 0.4400 0.5699
vn 0.4173 0.8185 0.3950
vn 0.0833 0.9684 0.2350
vn -0.2460 -0.9652 0.0889
vn -0.1196 -0.9926 -0.0207
vn -0.1452 -0.9425 0.3009
vn -0.0897 -0.9427 0.3214
vn -0.3107 -0.9479 -0.0708
vn -0.3150 -0.9293 -0.1925
vn -0.1176 -0.9728 0.1994
vn -0.0432 -0.9912 0.1248
vn -0.1101 -0.9701 0.2162
vn 0.0030 -0.9869 -0.1613
vn 0.0190 -0.9859 -0.1663
vn -0.1108 -0.9926 0.0501
vn -0.2347 -0.9237 0.3027
vn -0.1735 -0.9707 0.1664
vn -0.2207 -0.9470 0.2333
vn -0.1598 -0.9640 0.2127
vn -0.2756 0.9175 0.2866
vn -0.2603 0.9336 0.2462
vn -0.0042 0.9516 0.3072
vn -0.0144 0.9551 0.2959
vn 0.2687 -0.9618 -0.0527
vn 0.2491 -0.9611 0.1195
vn 0.0963 -0.9950 0.0250
vn 0.1733 -0.9683 -0.1798
vn 0.4946 -0.7862 -0.3705
vn 0.5724 -0.8090 -0.1335
vn 0.5525 -0.8141 0.1792
vn -0.3876 -0.2610 -0.8841
vn -0.3994 -0.0131 -0.9167
vn -0.0281 -0.1674 -0.9855
vn -0.1476 -0.4829 -0.8632
vn -0.3669 -0.6770 -0.6380
vn -0.5846 -0.2997 -0.7539
vn -0.6701 0.0716 -0.7388
vn -0.8914 0.2556 -0.3743
vn -0.8722 0.2721 -0.4065
vn -0.8821 0.2584 -0.3938
vn -0.8436 0.4412 -0.3063
vn -0.7665 0.1866 -0.6146
vn -0.8011 0.2567 -0.5407
vn -0.8571 0.2143 -0.4685
vn -0.6818 0.1234 -0.7211
vn -0.9312 0.3145 -0.1843
vn -0.9330 0.3227 -0.1590
vn -0.8393 0.4940 -0.2268
vn 0.9352 -0.2373 0.2627
vn 0.9369 -0.2612 0.2322
vn 0.9887 -0.1249 0.0832
vn 0.9645 -0.2629 -0.0252
vn 0.9705 -0.1348 0.1997
vn 0.9181 -0.3798 0.1134
vn 0.9420 -0.3218 -0.0956
vn 0.9321 -0.2513 0.2609
vn 0.8419 -0.1272 0.5244
vn 0.8906 -0.0825 0.4472
vn 0.9492 0.0640 0.3080
vn -0.3345 -0.0627 -0.9403
vn -0.1077 -0.3056 -0.9461
vn -0.1955 -0.3371 -0.9210
vn -0.4384 -0.1713 -0.8823
vn -0.6836 -0.0186 -0.7296
vn -0.6360 0.0807 -0.7674
vn -0.6234 0.2240 -0.7491
vn -0.3601 0.1929 -0.9128
vn -0.0022 -0.0511 -0.9987
vn 0.1082 -0.2558 -0.9607
vn -0.0384 0.1938 -0.9803
vn -0.3556 -0.1681 0.9194
vn -0.5103 -0.0450 0.8588
vn -0.4473 0.1854 0.8750
vn -0.2349 -0.0132 0.9719
vn -0.1841 -0.1823 0.9658
vn -0.3194 -0.2623 0.9106
vn -0.2442 -0.2330 0.9413
vn -0.2902 -0.2114 0.9333
vn -0.3351 -0.2077 0.9190
vn -0.4001 -0.1504 0.9041
vn -0.5265 -0.0871 0.8457
vn 0.1299 -0.1583 0.9788
vn -0.1462 -0.2507 0.9570
vn -0.2226 -0.0604 0.9730
vn 0.0327 -0.0438 0.9985
vn -0.0000 -0.0443 0.9990
vn -0.0000 -0.0714 0.9974
vn 0.2303 -0.3192 0.9193
vn -0.0492 -0.4776 0.8772
vn -0.0000 0.0355 0.9994
vn 0.3091 0.0089 0.9510
vn 0.3884 -0.0149 0.9214
vn -0.8726 -0.3918 -0.2916
vn -0.8685 -0.3992 -0.2940
vn -0.9555 -0.2313 -0.1828
vn -0.9138 -0.3786 -0.1471
vn 0.1615 -0.2955 0.9416
vn -0.0859 -0.3770 0.9222
vn 0.1715 -0.0294 0.9848
vn -0.1571 -0.0717 0.9850
vn -0.6688 0.2479 0.7009
vn -0.7091 0.0069 0.7050
vn -0.4452 -0.0933 0.8906
vn -0.4936 0.2724 0.8260
vn -0.5138 0.5768 0.6351
vn -0.7110 0.4268 0.5588
vn -0.8458 0.2258 0.4833
vn -0.7131 -0.6723 0.1989
vn -0.6552 -0.7201 0.2285
vn -0.7192 -0.4983 0.4841
vn -0.7899 -0.4796 0.3822
vn -0.8829 -0.3668 0.2931
vn -0.8717 -0.4656 0.1527
vn -0.8403 -0.5346 0.0904
vn -0.6459 -0.7320 0.2168
vn -0.3839 -0.9193 0.0862
vn -0.3693 -0.9292 0.0162
vn -0.3753 -0.8642 0.3351
vn 0.2394 0.6255 0.7426
vn -0.0091 0.6742 0.7385
vn 0.0744 0.3455 0.9354
vn 0.3619 0.3524 0.8631
vn -0.8718 -0.3621 -0.3298
vn -0.9150 -0.1278 -0.3827
vn -0.9146 0.1510 -0.3752
vn -0.9982 0.0389 -0.0448
vn -0.9638 -0.0833 0.2531
vn -0.9590 -0.2756 0.0666
vn -0.9227 -0.3806 -0.0609
vn -0.9787 -0.0891 0.1852
vn -0.9806 -0.1724 0.0933
vn -0.9848 -0.1575 0.0734
vn -0.9687 -0.1588 0.1908
vn -0.8877 -0.2415 0.3919
vn -0.9197 -0.2211 0.3244
vn -0.9170 -0.0054 0.3988
vn -0.9522 0.1368 0.2731
vn -0.9418 0.1813 0.2832
vn -0.9781 -0.0006 0.2079
vn -0.9887 -0.1226 0.0862
vn 0.1525 0.5868 0.7952
vn 0.3290 0.3622 0.8721
vn -0.0000 0.3590 0.9333
vn -0.0000 0.5036 0.8639
vn -0.0000 0.6001 0.8000
vn 0.0220 0.6181 0.7858
vn -0.0295 0.7203 0.6930
vn -0.0794 0.6584 0.7485
vn -0.8279 0.3356 0.4494
vn -0.7147 0.3346 0.6142
vn -0.9138 0.1564 0.3748
vn -0.8593 0.3340 0.3874
vn -0.9998 -0.0150 0.0153
vn -0.9708 0.2389 -0.0195
vn -0.9680 0.2498 0.0244
vn -0.9120 0.3202 -0.2564
vn -0.9000 0.4199 -0.1168
vn -0.9996 -0.0273 -0.0087
vn -0.9731 0.0579 0.2229
vn -0.4277 0.8881 0.1682
vn -0.7709 0.6106 0.1814
vn -0.6724 0.6882 -0.2725
vn -0.3664 0.8730 -0.3219
vn -0.5387 0.7122 0.4501
vn -0.7595 0.4650 0.4549
vn -0.1896 0.9363 0.2956
vn -0.3148 0.8898 0.3303
vn -0.0008 0.2834 -0.9590
vn -0.0575 0.2718 -0.9606
vn -0.0000 0.2418 -0.9703
vn -0.0000 0.2361 -0.9717
vn -0.2005 0.4280 -0.8812
vn -0.3129 0.3267 -0.8918
vn -0.0541 0.2875 -0.9563
vn -0.1133 0.4746 -0.8729
vn -0.0000 0.1366 -0.9906
vn 0.0673 0.1413 -0.9877
vn -0.0375 0.1298 -0.9908
vn -0.2407 0.6126 0.7528
vn -0.2238 0.6452 0.7305
vn -0.3095 0.5557 0.7716
vn -0.2047 0.6214 0.7563
vn -0.3659 0.5928 0.7174
vn -0.2202 0.6516 0.7259
vn -0.1203 0.5678 0.8143
vn -0.1772 0.4290 0.8857
vn -0.3473 0.4879 0.8008
vn -0.0885 0.6404 0.7629
vn -0.1847 -0.1022 -0.9775
vn -0.0371 0.0636 -0.9973
vn -0.0521 0.0298 -0.9982
vn -0.0655 -0.0199 -0.9977
vn -0.2730 -0.0682 -0.9596
vn -0.5344 -0.1588 -0.8302
vn -0.4226 -0.3099 -0.8517
vn -0.3046 -0.4454 -0.8419
vn -0.1891 -0.2752 -0.9426
vn -0.0533 -0.0392 -0.9978
vn -0.4533 -0.5810 0.6760
vn -0.7161 -0.5690 0.4042
vn -0.6744 -0.2825 0.6822
vn -0.6540 -0.3912 0.6475
vn -0.2895 -0.7219 0.6285
vn -0.6481 -0.5854 0.4870
vn -0.5317 -0.3896 0.7520
vn -0.3052 -0.2763 0.9113
vn -0.1659 -0.0979 0.9813
vn -0.0221 -0.0948 0.9953
vn -0.0536 -0.2917 0.9550
vn -0.2691 -0.2400 0.9327
vn -0.0469 -0.0280 0.9985
vn -0.0562 -0.7464 0.6631
vn -0.3663 -0.1885 0.9112
vn -0.9507 -0.2746 0.1440
vn -0.4132 -0.9091 -0.0533
vn 0.3510 -0.7109 0.6095
vn 0.2034 -0.0888 0.9751
vn 0.2399 -0.9561 -0.1681
vn -0.4063 0.4634 0.7875
vn -0.1121 0.5289 0.8413
vn -0.8652 0.4636 0.1908
vn -0.4303 0.8792 0.2048
vn -0.7661 0.4600 -0.4489
vn -0.5070 0.6794 -0.5305
vn -0.7989 -0.0947 -0.5940
vn -0.3426 0.1275 -0.9308
vn -0.4334 -0.5803 -0.6895
vn -0.0749 -0.5592 -0.8257
vn -0.4802 0.4999 0.7207
vn -0.2424 0.6778 0.6942
vn 0.0983 0.4922 0.8649
vn -0.0828 0.6273 0.7743
vn -0.1117 0.6379 0.7620
vn -0.1573 0.4320 0.8881
vn -0.5557 0.7583 -0.3408
vn -0.3620 0.8484 0.3862
vn -0.1309 -0.4575 0.8795
vn -0.1608 -0.9241 0.3467
vn -0.6388 -0.7688 0.0304
vn -0.0665 0.2579 0.9639
vn -0.5658 -0.1172 -0.8162
vn -0.2200 -0.9648 -0.1442
vn -0.3778 -0.7874 -0.4871
vn -0.1157 -0.9027 -0.4143
vn -0.0414 -0.6485 -0.7601
vn -0.2594 0.9563 -0.1350
vn -0.1561 0.7602 0.6307
vn -0.2316 -0.0924 0.9684
vn -0.6144 0.7889 -0.0156
vn -0.0234 0.8818 -0.4710
vn 0.0053 0.9441 -0.3296
vn -0.1331 0.9099 -0.3929
vn -0.0201 0.7437 -0.6682
vn -0.2295 0.9451 -0.2326
vn -0.2745 0.9223 -0.2720
vn -0.1915 0.9294 -0.3156
vn -0.1447 -0.8974 0.4169
vn -0.2864 -0.9349 -0.2094
vn -0.1759 -0.3803 -0.9080
vn -0.0501 0.5142 -0.8562
vn -0.2278 -0.9570 -0.1796
vn -0.2124 -0.9480 -0.2372
vn -0.1215 -0.9298 -0.3474
vn -0.1243 -0.9860 -0.1108
vn -0.1368 -0.9654 -0.2221
vn -0.1095 -0.9233 -0.3681
vn -0.1796 -0.9817 0.0637
vn -0.2105 -0.9767 0.0427
vn -0.0471 -0.9989 0.0088
vn -0.0481 -0.9986 0.0201
vn -0.3716 -0.9271 -0.0485
vn -0.1795 -0.9685 0.1727
vn -0.1322 -0.9879 -0.0807
vn -0.3235 -0.4099 -0.8528
vn -0.3435 -0.9386 -0.0328
vn -0.4090 -0.7995 0.4399
vn -0.1967 -0.9465 -0.2557
vn -0.4484 -0.8918 0.0597
vn -0.5221 -0.8261 0.2120
vn -0.2457 -0.9684 0.0431
vn -0.3251 -0.8155 0.4788
vn -0.3058 0.9448 -0.1178
vn -0.2767 0.9513 -0.1356
vn -0.0918 0.9957 -0.0094
vn -0.0342 0.9844 0.1724
vn -0.1829 0.3012 0.9359
vn -0.1799 -0.0164 -0.9836
vn -0.0637 0.9063 -0.4178
vn -0.2024 0.9357 -0.2890
vn -0.2944 0.9395 -0.1750
vn -0.1570 -0.7057 0.6908
vn -0.0928 -0.9131 -0.3970
vn -0.3178 0.7309 0.6040
vn -0.0680 0.7705 0.6338
vn -0.1174 -0.0598 0.9913
vn -0.2549 -0.0574 0.9653
vn -0.3569 0.9206 0.1586
vn -0.5857 -0.8015 -0.1212
vn -0.8663 -0.2997 0.3996
vn -0.7353 0.5533 -0.3915
vn -0.5566 -0.1654 -0.8142
vn -0.2553 -0.9390 -0.2305
vn -0.2351 -0.6911 0.6834
vn -0.1288 -0.1667 -0.9776
vn -0.3701 0.8763 0.3083
vn 0.0253 0.9457 0.3239
vn 0.0076 0.8042 -0.5944
vn -0.4869 0.2614 0.8334
vn -0.0980 0.2151 0.9717
vn -0.0902 -0.7689 0.6330
vn -0.0132 0.1335 0.9910
vn 0.0486 0.9087 0.4147
vn 0.0546 0.8159 -0.5756
vn -0.0503 0.0242 0.9984
vn -0.0150 0.8528 0.5219
vn 0.0063 0.8535 -0.5210
vn -0.0161 -0.0887 -0.9959
vn -0.0080 -0.1468 -0.9891
vn -0.0905 -0.9369 -0.3375
vn -0.0570 -0.9107 -0.4092
vn -0.0699 -0.8135 0.5773
vn -0.0968 -0.8239 0.5584
vn -0.0478 0.2548 0.9658
vn -0.1054 -0.7140 0.6922
vn -0.0660 -0.9576 -0.2804
vn -0.0801 -0.9633 -0.2561
vn 0.0214 -0.2582 -0.9659
vn -0.0152 -0.3258 -0.9453
vn 0.0576 0.6988 -0.7130
vn 0.0077 0.6026 -0.7980
vn 0.0258 0.9631 0.2678
vn -0.2550 0.9668 0.0168
vn -0.2466 0.9591 -0.1389
vn -0.2390 0.9557 -0.1715
vn -0.2167 0.9691 -0.1179
vn -0.2150 0.9562 -0.1987
vn -0.2314 0.9689 -0.0880
vn -0.2313 0.9447 -0.2324
vn -0.1894 0.8895 -0.4159
vn -0.1053 0.7936 -0.5992
vn -0.1767 0.9485 -0.2629
vn -0.1391 0.8504 -0.5074
vn -0.0683 0.6867 -0.7238
vn 0.0134 0.4862 -0.8737
vn -0.0087 0.5975 -0.8019
vn -0.0560 0.8333 -0.5500
vn -0.0325 0.6489 -0.7602
vn -0.0068 0.4216 -0.9068
vn 0.0270 0.1576 -0.9871
vn 0.1002 0.2099 -0.9726
vn -0.0626 0.6375 -0.7679
vn -0.0692 0.4085 -0.9102
vn -0.0773 0.1164 -0.9902
vn -0.0827 -0.1771 -0.9807
vn 0.0697 -0.1479 -0.9865
vn -0.0937 0.3976 -0.9128
vn -0.0989 0.1053 -0.9895
vn -0.1040 -0.1845 -0.9773
vn -0.1085 -0.4137 -0.9039
vn -0.0924 -0.4271 -0.8995
vn -0.1256 0.1076 -0.9862
vn -0.1286 -0.1835 -0.9746
vn -0.1229 -0.4210 -0.8987
vn -0.1092 -0.6445 -0.7568
vn -0.1138 -0.6284 -0.7695
vn -0.1480 -0.1810 -0.9723
vn -0.1313 -0.4322 -0.8922
vn -0.1052 -0.6602 -0.7437
vn -0.0731 -0.8623 -0.5011
vn -0.0885 -0.8451 -0.5273
vn -0.0940 -0.4531 -0.8865
vn -0.0697 -0.6619 -0.7464
vn -0.0487 -0.8593 -0.5091
vn -0.0359 -0.9603 -0.2768
vn -0.0512 -0.9603 -0.2742
vn -0.0225 -0.6575 -0.7532
vn -0.0301 -0.8320 -0.5539
vn -0.0443 -0.9525 -0.3012
vn -0.0466 -0.9903 -0.1306
vn -0.0345 -0.9921 -0.1209
vn -0.0376 -0.7961 -0.6040
vn -0.0560 -0.9416 -0.3320
vn -0.0464 -0.9917 -0.1203
vn -0.0096 -0.9988 0.0470
vn -0.0388 -0.9992 0.0097
vn -0.0785 -0.9447 -0.3186
vn -0.0527 -0.9962 -0.0700
vn -0.0183 -0.9931 0.1161
vn 0.0108 -0.9451 0.3266
vn 0.0481 -0.9588 0.2800
vn -0.0959 -0.9953 0.0159
vn -0.0732 -0.9828 0.1698
vn -0.0780 -0.9532 0.2922
vn -0.1024 -0.8598 0.5002
vn 0.0203 -0.8340 0.5514
vn -0.0943 -0.9770 0.1914
vn -0.1039 -0.9688 0.2248
vn -0.1286 -0.8829 0.4515
vn -0.1312 -0.6628 0.7372
vn -0.1145 -0.6698 0.7336
vn -0.0863 -0.9775 0.1926
vn -0.0948 -0.8858 0.4542
vn -0.0895 -0.6371 0.7655
vn -0.0732 -0.3838 0.9205
vn -0.1112 -0.4160 0.9025
vn -0.0443 -0.8507 0.5237
vn -0.0353 -0.5795 0.8142
vn -0.0256 -0.3198 0.9472
vn -0.0172 -0.0712 0.9973
vn -0.0548 -0.1374 0.9890
vn 0.0233 -0.4613 0.8869
vn 0.0260 -0.2034 0.9788
vn 0.0167 0.0137 0.9998
vn -0.0190 0.1775 0.9839
vn -0.0111 0.1616 0.9868
vn -0.1366 0.0357 0.9900
vn -0.2126 0.2769 0.9371
vn -0.0743 0.3447 0.9358
vn -0.3666 -0.1444 0.9191
vn -0.3319 0.2761 0.9020
vn -0.2721 0.5339 0.8006
vn -0.2333 0.5161 0.8242
vn -0.5185 -0.1153 0.8473
vn -0.3249 0.3336 0.8849
vn -0.1810 0.5547 0.8121
vn -0.0975 0.6651 0.7404
vn -0.2299 0.6679 0.7079
vn -0.1942 0.3728 0.9074
vn -0.0567 0.5360 0.8423
vn -0.0129 0.6423 0.7664
vn 0.0093 0.7600 0.6498
vn -0.0432 0.7793 0.6251
vn -0.1276 0.7244 0.6775
vn -0.1249 0.8943 0.4296
vn 0.0445 0.9011 0.4312
vn -0.3206 0.6120 0.7229
vn -0.3064 0.8285 0.4686
vn -0.3827 0.5088 0.7711
vn -0.2989 0.7684 0.5659
vn -0.2855 0.8498 0.4432
vn -0.5045 0.6064 0.6147
vn -0.2382 0.7407 0.6282
vn -0.2772 0.7429 0.6093
vn -0.4473 0.4641 0.7646
vn -0.5726 0.1505 0.8059
vn -0.6942 0.3054 0.6518
vn -0.1552 0.5644 0.8108
vn -0.2932 0.2774 0.9149
vn -0.3710 0.0185 0.9284
vn -0.4007 -0.1314 0.9067
vn -0.6422 -0.0786 0.7625
vn -0.0000 0.1746 0.9846
vn -0.0000 -0.0375 0.9993
vn -0.0000 -0.1474 0.9891
vn -0.0000 -0.2755 0.9613
vn -0.4000 -0.2838 0.8715
vn -0.0000 -0.5966 0.8025
vn -0.0000 -0.9121 0.4101
vn -0.3968 -0.6030 0.6921
vn -0.6634 -0.5656 0.4899
vn -0.6628 -0.2792 0.6948
vn -0.8564 -0.4312 0.2839
vn -0.8496 -0.2044 0.4862
vn -0.8080 0.0238 0.5888
vn -0.9132 0.1595 0.3750
vn -0.9492 0.3029 0.0855
vn -0.8577 0.4068 -0.3144
vn -0.7034 0.1927 -0.6842
vn -0.6006 0.3962 -0.6945
vn -0.4214 0.5828 -0.6948
vn -0.2284 0.6849 -0.6919
vn 0.0225 0.4753 -0.8795
vn -0.0021 0.7213 -0.6926
vn -0.0163 0.9181 -0.3959
vn 0.0590 0.6950 -0.7166
vn 0.0470 0.8967 -0.4401
vn 0.0287 0.9873 -0.1560
vn -0.0158 0.9985 -0.0529
vn 0.0160 0.9941 0.1075
vn 0.0256 0.9779 0.2076
vn -0.0035 0.9183 0.3959
vn -0.1464 0.9887 0.0329
vn -0.1594 0.9326 0.3239
vn -0.1914 0.7998 0.5689
vn -0.2399 0.9364 0.2563
vn -0.2440 0.8196 0.5184
vn -0.2381 0.6752 0.6981
vn -0.1971 0.8686 0.4545
vn -0.1606 0.7210 0.6741
vn -0.1237 0.5431 0.8305
vn -0.0628 0.7707 0.6341
vn -0.0342 0.5827 0.8120
vn -0.0142 0.3751 0.9269
vn -0.0186 0.6039 0.7969
vn -0.0247 0.3665 0.9301
vn -0.0375 0.1123 0.9930
vn -0.0453 0.3688 0.9284
vn -0.0639 0.0957 0.9934
vn -0.0867 -0.1679 0.9820
vn -0.0873 0.1065 0.9905
vn -0.0960 -0.1774 0.9794
vn -0.1077 -0.4351 0.8939
vn -0.0280 -0.1355 0.9904
vn -0.0010 -0.4188 0.9081
vn 0.0147 -0.6552 0.7553
vn 0.1229 -0.3550 0.9267
vn 0.1308 -0.6224 0.7717
vn 0.1038 -0.8312 0.5461
vn 0.0412 -0.6074 0.7933
vn 0.0120 -0.8493 0.5278
vn -0.0189 -0.9738 0.2266
vn -0.0665 -0.8505 0.5217
vn -0.0596 -0.9713 0.2301
vn -0.0447 -0.9986 0.0287
vn -0.0694 -0.9658 0.2499
vn -0.0592 -0.9956 0.0720
vn -0.0496 -0.9942 -0.0949
vn -0.0887 -0.9889 0.1190
vn -0.0756 -0.9953 -0.0611
vn -0.0736 -0.9571 -0.2802
vn -0.1288 -0.9912 -0.0305
vn -0.1212 -0.9502 -0.2872
vn -0.1179 -0.8249 -0.5529
vn -0.1714 -0.9511 -0.2571
vn -0.1460 -0.8450 -0.5145
vn -0.1154 -0.6630 -0.7397
vn 0.0651 -0.9402 -0.3343
vn 0.0979 -0.7836 -0.6134
vn 0.1066 -0.4841 -0.8685
vn 0.1895 -0.9079 -0.3740
vn 0.2122 -0.6271 -0.7494
vn 0.1765 -0.1868 -0.9664
vn 0.0489 -0.8162 -0.5757
vn 0.0838 -0.3434 -0.9354
vn 0.0643 0.2129 -0.9750
vn -0.0240 -0.5619 -0.8268
vn 0.0482 0.1723 -0.9839
vn -0.0424 -0.7469 -0.6636
vn 0.0636 0.1492 -0.9868
vn 0.0321 -0.7851 -0.6185
vn 0.0983 0.1914 -0.9766
vn -0.0000 -0.9863 -0.1647
vn -0.0243 -0.9984 0.0501
vn -0.0614 -0.9973 0.0410
vn 0.1422 -0.9862 -0.0850
vn 0.0986 -0.9951 0.0091
vn 0.0280 -0.9920 -0.1233
vn 0.0098 -0.9990 0.0429
vn 0.0762 -0.9937 -0.0822
vn -0.1834 -0.9830 -0.0012
vn -0.1846 -0.9608 0.2067
vn 0.0111 -0.9862 0.1651
vn -0.1412 -0.9744 0.1749
vn -0.1560 -0.9250 0.3464
vn -0.1772 -0.9119 0.3703
vn -0.1073 -0.9528 0.2841
vn -0.1222 -0.8388 0.5305
vn -0.1646 -0.8173 0.5522
vn -0.0740 -0.8489 0.5233
vn -0.0717 -0.5938 0.8014
vn -0.1172 -0.5947 0.7953
vn -0.0621 -0.5977 0.7993
vn -0.0520 -0.2943 0.9543
vn -0.0657 -0.2807 0.9575
vn 0.0580 -0.3106 0.9488
vn 0.0637 0.0062 0.9979
vn -0.0371 0.0011 0.9993
vn 0.0899 -0.0437 0.9950
vn 0.0552 0.2078 0.9766
vn 0.0609 0.2392 0.9691
vn -0.0537 0.1495 0.9873
vn -0.0475 0.3831 0.9225
vn 0.0549 0.3277 0.9432
vn -0.0797 0.3911 0.9169
vn -0.0653 0.6331 0.7713
vn -0.0050 0.5858 0.8105
vn -0.0312 0.6205 0.7836
vn -0.0205 0.8130 0.5819
vn -0.0395 0.8106 0.5843
vn -0.0182 0.7981 0.6023
vn -0.0167 0.9298 0.3676
vn -0.0097 0.9322 0.3619
vn -0.0880 0.9139 0.3963
vn -0.1007 0.9828 0.1549
vn -0.0134 0.9911 0.1325
vn -0.2170 0.9556 0.1993
vn -0.2072 0.9752 -0.0774
vn -0.0959 0.9913 -0.0905
vn -0.2287 0.9728 -0.0380
vn -0.2268 0.9292 -0.2919
vn -0.1768 0.9203 -0.3490
vn -0.1533 0.9648 -0.2136
vn -0.1570 0.8604 -0.4848
vn -0.2277 0.8141 -0.5342
vn -0.2000 0.6027 -0.7725
vn -0.0986 0.5874 -0.8033
vn -0.1429 0.7940 -0.5909
vn -0.1410 0.6420 -0.7536
vn -0.1193 0.3889 -0.9135
vn -0.1529 0.3456 -0.9259
vn 0.0507 0.4423 -0.8954
vn 0.0241 0.1948 -0.9806
vn -0.1130 0.1373 -0.9841
vn 0.0157 0.2470 -0.9689
vn -0.1233 -0.1370 -0.9829
vn -0.0464 -0.1876 -0.9811
vn -0.1053 0.0797 -0.9912
vn 0.0340 -0.1881 -0.9816
vn -0.0013 0.0431 -0.9991
vn -0.0467 0.3165 -0.9474
vn -0.0046 0.0171 -0.9998
vn -0.0153 0.2885 -0.9573
vn -0.0334 0.5686 -0.8219
vn -0.0306 0.2752 -0.9609
vn -0.0264 0.5516 -0.8337
vn -0.0231 0.7696 -0.6381
vn -0.0524 0.7828 -0.6201
vn -0.0189 0.9235 -0.3832
vn -0.0751 0.9277 -0.3657
vn -0.0142 0.9940 -0.1088
vn -0.0211 0.9107 -0.4124
vn -0.0056 0.9896 -0.1434
vn -0.0009 0.9923 0.1241
vn -0.0064 0.9809 -0.1945
vn 0.0044 0.9937 0.1123
vn -0.0107 0.9256 0.3782
vn 0.0797 0.9937 0.0785
vn 0.0807 0.9124 0.4013
vn 0.0489 0.7677 0.6389
vn 0.1105 0.9079 0.4044
vn 0.1119 0.7176 0.6874
vn 0.0861 0.4858 0.8698
vn 0.0076 0.7084 0.7057
vn 0.0358 0.4471 0.8938
vn 0.0532 0.3086 0.9497
vn -0.0377 0.4665 0.8837
vn -0.0168 0.3256 0.9453
vn -0.0203 0.2255 0.9740
vn -0.0370 0.3360 0.9411
vn -0.0442 0.1865 0.9815
vn -0.0571 -0.0136 0.9983
vn -0.0455 0.1553 0.9868
vn -0.0660 -0.0309 0.9973
vn -0.0928 -0.2841 0.9543
vn -0.0677 -0.0758 0.9948
vn -0.1111 -0.3272 0.9384
vn -0.1504 -0.6084 0.7793
vn -0.0566 -0.4159 0.9076
vn -0.1143 -0.6662 0.7370
vn -0.1565 -0.8268 0.5403
vn 0.1544 -0.7722 0.6164
vn 0.0927 -0.9063 0.4123
vn 0.0439 -0.9622 0.2688
vn 0.4305 -0.8870 0.1670
vn 0.3014 -0.9531 -0.0282
vn 0.1614 -0.9803 -0.1136
vn 0.1493 -0.9624 -0.2270
vn 0.3928 -0.9165 0.0756
vn 0.1644 -0.9860 0.0282
vn 0.2901 -0.7836 0.5494
vn 0.2907 -0.7624 0.5781
vn 0.2382 -0.9611 -0.1396
vn 0.5101 -0.7322 0.4512
vn 0.4915 -0.3701 0.7884
vn 0.2530 -0.3421 0.9049
vn 0.5056 -0.7420 0.4402
vn 0.5050 -0.4393 0.7429
vn 0.4104 -0.0454 0.9108
vn 0.3396 0.0867 0.9366
vn 0.1993 -0.5014 0.8420
vn 0.1993 -0.1614 0.9666
vn 0.1644 0.1203 0.9790
vn 0.2689 0.2866 0.9195
vn -0.0072 -0.1460 0.9893
vn 0.0231 0.0845 0.9962
vn 0.0375 0.3472 0.9370
vn 0.1136 0.4046 0.9074
vn -0.0355 0.1238 0.9917
vn -0.0133 0.3425 0.9394
vn -0.0057 0.5752 0.8180
vn 0.0319 0.6302 0.7758
vn -0.0331 0.3412 0.9394
vn -0.0335 0.5387 0.8418
vn -0.0444 0.7403 0.6708
vn -0.0143 0.7742 0.6327
vn -0.0487 0.5032 0.8628
vn -0.0721 0.7198 0.6904
vn -0.0923 0.8996 0.4270
vn -0.0591 0.9033 0.4250
vn -0.0711 0.7084 0.7023
vn -0.0952 0.9022 0.4206
vn -0.1035 0.9899 0.0966
vn -0.1033 0.9873 0.1203
vn -0.0166 0.9109 0.4124
vn -0.0308 0.9971 0.0696
vn -0.0303 0.9666 -0.2545
vn -0.0961 0.9730 -0.2097
vn 0.0884 0.9946 0.0537
vn 0.0646 0.9584 -0.2780
vn 0.0427 0.8311 -0.5545
vn -0.0187 0.8452 -0.5342
vn 0.0549 0.9657 -0.2536
vn 0.0191 0.8540 -0.5199
vn -0.0132 0.7236 -0.6901
vn 0.0278 0.7014 -0.7122
vn -0.0325 0.8895 -0.4558
vn -0.0548 0.7503 -0.6588
vn -0.0640 0.5686 -0.8201
vn -0.0192 0.6060 -0.7953
vn -0.0347 0.7615 -0.6472
vn -0.0437 0.5519 -0.8328
vn -0.0539 0.2849 -0.9570
vn -0.0667 0.3176 -0.9459
vn -0.0775 0.0246 -0.9967
vn 0.0149 0.0725 -0.9973
vn 0.0005 0.4047 -0.9144
vn -0.0699 0.0109 -0.9975
vn -0.0926 -0.2191 -0.9713
vn -0.0994 -0.2297 -0.9682
vn -0.0391 0.0059 -0.9992
vn -0.0534 -0.2128 -0.9756
vn -0.0725 -0.4161 -0.9064
vn -0.1186 -0.4201 -0.8997
vn -0.0048 -0.2025 -0.9793
vn -0.0128 -0.4060 -0.9138
vn -0.0302 -0.6186 -0.7851
vn -0.0951 -0.6344 -0.7671
vn 0.0518 -0.3839 -0.9219
vn 0.0437 -0.5673 -0.8223
vn 0.0229 -0.8208 -0.5707
vn -0.0540 -0.8515 -0.5216
vn 0.0078 -0.3859 -0.9225
vn 0.0272 -0.5154 -0.8565
vn 0.0073 -0.7690 -0.6392
vn -0.0322 -0.9882 -0.1500
vn 0.0057 -0.9932 -0.1166
vn -0.1352 -0.5003 -0.8552
vn -0.1626 -0.7243 -0.6700
vn -0.2405 -0.9554 -0.1715
vn -0.2803 -0.9334 0.2242
vn -0.0568 -0.9789 0.1962
vn -0.4188 -0.6502 -0.6339
vn -0.5507 -0.8225 -0.1419
vn -0.5901 -0.7553 0.2850
vn -0.5998 -0.5939 0.5361
vn -0.2715 -0.8603 0.4315
vn -0.8290 -0.5536 -0.0791
vn -0.8452 -0.4336 0.3124
vn -0.8447 -0.2935 0.4475
vn -0.8869 -0.3829 0.2585
vn -0.9696 -0.0351 0.2423
vn -0.9674 -0.2442 -0.0674
vn -0.9915 0.0582 -0.1164
vn -0.9419 0.3334 0.0406
vn -0.9882 0.0351 -0.1489
vn -0.9848 0.1738 0.0035
vn -0.9710 -0.1995 -0.1319
vn -0.8695 -0.1331 -0.4756
vn -0.8550 -0.2705 -0.4426
vn -0.8365 -0.3697 -0.4045
vn -0.9587 -0.2604 -0.1143
vn -0.8244 -0.3677 -0.4304
vn -0.9596 -0.2412 -0.1445
vn -0.8229 -0.2971 -0.4843
vn -0.9599 -0.2127 -0.1829
vn -0.9891 -0.1413 0.0422
vn -0.9666 -0.1170 0.2281
vn -0.9587 -0.2002 -0.2022
vn -0.9852 -0.1704 0.0195
vn -0.9589 -0.1552 0.2375
vn -0.8435 -0.1617 0.5122
vn -0.8644 -0.1373 0.4836
vn -0.9921 -0.1254 0.0105
vn -0.9551 -0.1453 0.2582
vn -0.8205 -0.1785 0.5430
vn -0.6608 -0.2069 0.7215
vn -0.6866 -0.1766 0.7053
vn -0.9522 -0.0137 0.3051
vn -0.8030 -0.0644 0.5925
vn -0.6488 -0.0956 0.7550
vn -0.5208 -0.0908 0.8488
vn -0.4968 -0.2084 0.8425
vn -0.7594 0.1345 0.6366
vn -0.6207 0.0707 0.7809
vn -0.5311 0.0441 0.8462
vn -0.2846 0.0269 0.9583
vn -0.2862 -0.0696 0.9556
vn -0.5742 0.1341 0.8077
vn -0.5172 0.0794 0.8521
vn -0.2738 0.0545 0.9603
vn 0.1108 0.0478 0.9927
vn 0.0492 -0.0172 0.9986
vn -0.4889 0.0004 0.8723
vn -0.3234 -0.0342 0.9456
vn 0.0209 0.0038 0.9998
vn -0.0000 0.0459 0.9989
vn -0.0000 0.0466 0.9989
vn -0.3552 -0.1510 0.9225
vn -0.1077 -0.1570 0.9817
vn -0.0000 -0.1324 0.9912
vn -0.1611 -0.2478 0.9553
vn -0.0000 -0.2501 0.9682
vn -0.0000 -0.0518 0.9987
vn -0.0000 -0.0633 0.9980
vn -0.0227 -0.0610 0.9979
vn -0.0000 -0.0704 0.9975
vn -0.0097 -0.0966 0.9953
vn -0.2488 -0.1599 0.9553
vn 0.0276 -0.0895 0.9956
vn -0.2216 -0.1387 0.9652
vn -0.5024 -0.1761 0.8465
vn -0.4999 -0.1047 0.8597
vn -0.6939 -0.1414 0.7061
vn -0.4358 -0.3115 0.8444
vn -0.6837 -0.3202 0.6558
vn -0.3691 -0.5110 0.7763
vn -0.6942 -0.4223 0.5828
vn -0.4043 -0.3838 0.8302
vn -0.7308 -0.2394 0.6392
vn -0.0000 -0.0703 0.9975
vn -0.0000 0.3988 -0.9170
vn -0.0238 0.4226 -0.9060
vn -0.0835 0.2196 -0.9720
vn -0.0000 0.2053 -0.9787
vn -0.0000 0.4770 -0.8789
vn 0.0481 0.5031 -0.8629
vn -0.0707 0.5608 -0.8249
vn -0.1724 0.4845 -0.8576
vn -0.0000 0.3731 -0.9278
vn 0.1020 0.3898 -0.9152
vn -0.0372 0.4247 -0.9046
vn -0.3347 0.4292 -0.8389
vn -0.3063 0.5825 -0.7529
vn 0.1406 0.1807 -0.9734
vn -0.0000 0.1698 -0.9855
vn -0.0000 -0.0599 -0.9982
vn 0.1802 -0.0499 -0.9824
vn -0.0000 -0.2676 -0.9635
vn 0.2267 -0.2516 -0.9409
vn -0.0000 -0.4449 -0.8956
vn 0.2765 -0.4206 -0.8641
vn 0.2489 -0.4183 -0.8735
vn 0.3064 -0.5864 -0.7498
vn 0.3678 -0.5677 -0.7365
vn 0.2343 -0.6124 -0.7550
vn 0.0699 -0.4839 -0.8723
vn 0.2096 -0.5710 -0.7937
vn -0.0003 -0.4805 -0.8770
vn 0.3750 -0.3521 -0.8575
vn 0.0911 -0.3385 -0.9365
vn -0.1792 -0.2846 -0.9417
vn -0.4710 -0.1664 -0.8663
vn 0.0983 -0.1540 -0.9832
vn -0.1671 -0.1279 -0.9776
vn -0.4510 -0.0384 -0.8917
vn -0.6832 0.0828 -0.7255
vn -0.7086 -0.0356 -0.7047
vn -0.1567 0.0015 -0.9876
vn -0.4235 0.0839 -0.9020
vn -0.6463 0.1801 -0.7416
vn -0.7991 0.2636 -0.5403
vn -0.8264 0.1924 -0.5291
vn -0.4369 0.0919 -0.8948
vn -0.6479 0.1760 -0.7411
vn -0.8096 0.2442 -0.5338
vn -0.9316 0.2965 -0.2102
vn -0.9156 0.3332 -0.2252
vn -0.6621 0.1538 -0.7335
vn -0.8262 0.2089 -0.5231
vn -0.9458 0.2544 -0.2019
vn -0.9574 0.2684 0.1065
vn -0.9437 0.3143 0.1035
vn -0.8350 0.2006 -0.5125
vn -0.9519 0.2323 -0.1998
vn -0.9664 0.2357 0.1024
vn -0.9202 0.2101 0.3304
vn -0.9097 0.2562 0.3267
vn -0.9507 0.2400 -0.1966
vn -0.9698 0.2236 0.0975
vn -0.9261 0.1790 0.3320
vn -0.8235 0.1104 0.5564
vn -0.8177 0.1569 0.5539
vn -0.9726 0.2085 0.1029
vn -0.9302 0.1481 0.3359
vn -0.8270 0.0725 0.5575
vn -0.6525 -0.0070 0.7577
vn -0.6427 0.0267 0.7656
vn -0.9351 0.0932 0.3420
vn -0.8343 0.0277 0.5507
vn -0.6671 -0.0314 0.7443
vn -0.4265 -0.0934 0.8997
vn -0.4044 -0.0853 0.9106
vn -0.8467 0.0191 0.5317
vn -0.6864 -0.0007 0.7272
vn -0.4404 -0.0509 0.8964
vn -0.1376 -0.1245 0.9826
vn -0.1243 -0.1598 0.9793
vn -0.7024 0.0335 0.7110
vn -0.4671 -0.0696 0.8814
vn -0.1714 -0.2034 0.9640
vn 0.1316 -0.3375 0.9321
vn 0.1782 -0.2014 0.9632
vn -0.4675 -0.0562 0.8822
vn -0.1605 -0.2136 0.9637
vn 0.1658 -0.3638 0.9166
vn 0.4251 -0.4846 0.7645
vn 0.4040 -0.4350 0.8047
vn -0.1921 -0.2893 0.9378
vn 0.1436 -0.4239 0.8943
vn 0.4481 -0.5073 0.7361
vn 0.5663 -0.5298 0.6314
vn 0.5679 -0.5337 0.6266
vn 0.0598 -0.5714 0.8185
vn 0.3095 -0.6263 0.7155
vn 0.4726 -0.5990 0.6464
vn 0.6010 -0.5951 0.5336
vn 0.6442 -0.5372 0.5444
vn 0.2858 -0.4871 0.8253
vn 0.4487 -0.5260 0.7224
vn 0.6206 -0.5796 0.5281
vn 0.7555 -0.6052 0.2508
vn 0.7418 -0.6126 0.2729
vn 0.5424 -0.3945 0.7417
vn 0.7036 -0.4773 0.5265
vn 0.8242 -0.4884 0.2866
vn 0.8995 -0.4364 0.0221
vn 0.8136 -0.5811 -0.0202
vn 0.7540 -0.3757 0.5388
vn 0.8650 -0.3501 0.3594
vn 0.9545 -0.2852 0.0872
vn 0.9578 -0.2068 -0.1995
vn 0.9058 -0.3487 -0.2408
vn 0.8711 -0.2937 0.3937
vn 0.9588 -0.2646 0.1030
vn 0.9552 -0.2141 -0.2045
vn 0.8642 -0.1540 -0.4790
vn 0.8803 -0.1248 -0.4577
vn 0.9288 -0.3607 0.0853
vn 0.9157 -0.3402 -0.2140
vn 0.8139 -0.2880 -0.5046
vn 0.6242 -0.2141 -0.7514
vn 0.6815 -0.0798 -0.7274
vn 0.8556 -0.4730 -0.2103
vn 0.7496 -0.4240 -0.5082
vn 0.5617 -0.3387 -0.7549
vn 0.3328 -0.2348 -0.9133
vn 0.3769 -0.1264 -0.9176
vn 0.7266 -0.4716 -0.4996
vn 0.5420 -0.3823 -0.7484
vn 0.3228 -0.2779 -0.9048
vn 0.0705 -0.1656 -0.9837
vn 0.0840 -0.1239 -0.9887
vn 0.5566 -0.3737 -0.7420
vn 0.3240 -0.2790 -0.9040
vn 0.0625 -0.1763 -0.9824
vn -0.2038 -0.0726 -0.9763
vn -0.1908 -0.0597 -0.9798
vn 0.3188 -0.2728 -0.9077
vn 0.0520 -0.1740 -0.9834
vn -0.2098 -0.0763 -0.9748
vn -0.4545 0.0160 -0.8906
vn -0.4500 0.0196 -0.8928
vn 0.0387 -0.1562 -0.9870
vn -0.2192 -0.0634 -0.9736
vn -0.4547 0.0228 -0.8904
vn -0.6780 0.1065 -0.7273
vn -0.6760 0.0978 -0.7304
vn -0.2662 -0.0323 -0.9634
vn -0.4864 0.0323 -0.8731
vn -0.6885 0.1034 -0.7178
vn -0.8564 0.1758 -0.4854
vn -0.8523 0.1703 -0.4946
vn -0.5518 0.0603 -0.8318
vn -0.6694 0.1137 -0.7342
vn -0.8327 0.2278 -0.5047
vn -0.9309 0.3087 -0.1952
vn -0.9479 0.2219 -0.2288
vn -0.9705 0.2406 -0.0154
vn -0.9759 0.2183 -0.0017
vn -0.9488 0.2044 -0.2409
vn -0.9473 0.3203 -0.0088
vn -0.9312 0.3316 0.1512
vn -0.9488 0.2518 0.1907
vn -0.9292 0.3696 -0.0067
vn -0.9022 0.4160 0.1137
vn -0.8302 0.4729 0.2950
vn -0.8569 0.3529 0.3758
vn -0.9137 0.3989 -0.0775
vn -0.8689 0.4934 0.0400
vn -0.7830 0.5916 0.1922
vn -0.6187 0.6859 0.3830
vn -0.6739 0.5267 0.5182
vn -0.8114 0.5845 -0.0068
vn -0.7271 0.6689 0.1545
vn -0.5606 0.7566 0.3366
vn -0.2942 0.8101 0.5071
vn -0.3324 0.7389 0.5861
vn -0.6307 0.7464 0.2124
vn -0.4920 0.7766 0.3935
vn -0.2779 0.7929 0.5423
vn 0.0132 0.7810 0.6243
vn 0.0629 0.7828 0.6191
vn -0.3068 0.8916 0.3330
vn -0.1594 0.8828 0.4418
vn 0.0060 0.8675 0.4973
vn 0.2228 0.8450 0.4861
vn 0.3689 0.6989 0.6127
vn 0.0390 0.9496 0.3112
vn -0.0082 0.9503 0.3113
vn 0.0568 0.9593 0.2765
vn 0.4661 0.8383 0.2830
vn 0.5522 0.7174 0.4248
vn -0.1224 0.9694 0.2129
vn 0.0018 0.9763 0.2162
vn 0.4487 0.8551 0.2598
vn 0.7988 0.5488 0.2465
vn 0.7690 0.5702 0.2890
vn 0.0384 0.9711 0.2357
vn 0.4311 0.8466 0.3122
vn 0.7898 0.5126 0.3367
vn 0.9414 -0.1001 0.3222
vn 0.9813 0.0264 0.1905
vn 0.8213 -0.5643 0.0836
vn 0.8893 -0.4120 0.1985
vn 0.9533 0.1351 0.2702
vn 0.6797 -0.6993 0.2212
vn 0.2200 -0.9723 0.0796
vn 0.4184 -0.9081 -0.0168
vn -0.0400 -0.9959 -0.0817
vn 0.2368 -0.9677 0.0866
vn 0.5929 -0.7964 0.1191
vn -0.2391 -0.9659 -0.0998
vn -0.3175 -0.9477 0.0336
vn -0.2186 -0.9730 -0.0734
vn -0.1888 -0.9563 0.2233
vn -0.0731 -0.9933 0.0895
vn -0.3332 -0.8881 0.3166
vn -0.3957 -0.5674 0.7222
vn -0.3443 -0.6632 0.6645
vn -0.4837 0.1099 0.8683
vn -0.6293 0.0464 0.7758
vn -0.3971 -0.7487 0.5309
vn -0.4559 0.1640 0.8748
vn -0.3089 0.8291 0.4661
vn -0.3300 0.7813 0.5298
vn -0.1278 0.9577 0.2579
vn -0.1566 0.9285 0.3366
vn -0.4005 0.7407 0.5395
vn -0.1732 0.9734 0.1499
vn -0.1708 0.9718 0.1624
vn 0.0097 0.9672 0.2538
vn 0.1072 0.9509 0.2903
vn -0.1211 0.9586 0.2577
vn -0.4273 0.8742 0.2306
vn -0.2733 0.9281 0.2528
vn -0.4280 0.8911 0.1507
vn -0.2644 0.9355 0.2342
vn -0.4890 0.8666 0.0996
vn -0.3560 0.9002 0.2506
vn -0.3150 0.9033 0.2914
vn -0.5613 0.7660 0.3134
vn -0.5596 0.7091 0.4289
vn -0.8605 0.3176 0.3983
vn -0.8324 0.0843 0.5477
vn -0.7378 -0.6174 0.2729
vn -0.6172 -0.7184 0.3209
vn -0.1967 -0.9786 0.0603
vn -0.1455 -0.9885 -0.0409
vn -0.0594 -0.9974 0.0397
vn -0.5030 -0.8638 -0.0294
vn -0.3446 -0.9372 0.0542
vn -0.2304 -0.9667 0.1109
vn -0.5560 -0.8132 -0.1720
vn -0.2743 -0.9597 -0.0615
vn -0.0772 -0.9970 -0.0020
vn -0.1468 -0.9840 0.1005
vn 0.0068 -1.0000 -0.0058
vn -0.1058 -0.9922 0.0658
vn 0.0476 -0.9976 -0.0496
vn -0.0756 -0.9964 0.0395
vn 0.1544 -0.9830 -0.0998
vn 0.0219 -0.9994 0.0275
vn 0.3605 -0.9249 -0.1212
vn 0.2186 -0.9752 0.0346
vn 0.6226 -0.7769 -0.0933
vn 0.4670 -0.8815 0.0700
vn 0.8701 -0.4928 -0.0045
vn 0.7440 -0.6527 0.1433
vn 0.9847 -0.1181 0.1279
vn 0.9408 -0.2461 0.2332
vn 0.9466 0.1941 0.2576
vn 0.9300 0.2040 0.3058
vn 0.8454 0.3803 0.3751
vn 0.7750 0.5193 0.3603
vn 0.6765 0.5360 0.5049
vn 0.8797 0.2283 0.4171
vn 0.7379 0.4160 0.5315
vn 0.4508 0.6366 0.6257
vn 0.7091 0.2876 0.6438
vn 0.4593 0.5045 0.7312
vn 0.0649 0.6844 0.7262
vn 0.3663 0.2889 0.8845
vn 0.0044 0.4557 0.8901
vn -0.3882 0.5388 0.7476
vn -0.0702 0.2386 0.9686
vn -0.4097 0.3293 0.8507
vn -0.6870 0.3605 0.6310
vn -0.4148 0.1621 0.8954
vn -0.6802 0.2244 0.6978
vn -0.8633 0.2525 0.4369
vn -0.6703 0.1574 0.7252
vn -0.8529 0.2058 0.4798
vn -0.9472 0.2211 0.2324
vn -0.8419 0.1738 0.5108
vn -0.9427 0.2019 0.2654
vn -0.9781 0.2077 0.0140
vn -0.9388 0.1957 0.2833
vn -0.9778 0.2079 0.0273
vn -0.9505 0.1969 -0.2404
vn -0.9499 0.1946 -0.2444
vn -0.8477 0.1605 -0.5056
vn -0.8495 0.1590 -0.5030
vn -0.6718 0.0989 -0.7341
vn -0.8475 0.1679 -0.5036
vn -0.6659 0.1070 -0.7383
vn -0.4379 0.0301 -0.8985
vn -0.6532 0.1421 -0.7438
vn -0.4174 0.0659 -0.9063
vn -0.1679 -0.0223 -0.9856
vn -0.3867 0.1562 -0.9089
vn -0.1396 0.0609 -0.9883
vn 0.1169 -0.0344 -0.9925
vn -0.1076 0.1874 -0.9764
vn 0.1666 0.0887 -0.9820
vn 0.4364 0.0014 -0.8998
vn 0.2078 0.1762 -0.9622
vn 0.4846 0.0704 -0.8719
vn 0.7145 -0.0280 -0.6991
vn 0.5070 0.0460 -0.8607
vn 0.7069 -0.0866 -0.7020
vn 0.8419 -0.2263 -0.4899
vn 0.6431 -0.1767 -0.7451
vn 0.7502 -0.3465 -0.5631
vn 0.8144 -0.5013 -0.2922
vn 0.7112 -0.3765 -0.5937
vn 0.8012 -0.5239 -0.2892
vn 0.8052 -0.5930 -0.0039
vn 0.8610 -0.4447 -0.2468
vn 0.8645 -0.5019 0.0268
vn 0.7919 -0.5342 0.2959
vn 0.9087 -0.4133 0.0589
vn 0.8398 -0.4569 0.2932
vn 0.6949 -0.5110 0.5059
vn 0.8833 -0.3683 0.2900
vn 0.7828 -0.4208 0.4585
vn 0.6264 -0.4632 0.6270
vn 0.8378 -0.3178 0.4440
vn 0.7120 -0.3063 0.6319
vn 0.4811 -0.2675 0.8348
vn 0.7134 -0.3079 0.6295
vn 0.4942 -0.2718 0.8257
vn 0.1940 -0.2201 0.9560
vn 0.5174 -0.2587 0.8157
vn 0.2292 -0.2164 0.9490
vn -0.0926 -0.1584 0.9830
vn 0.2830 -0.1849 0.9411
vn -0.0509 -0.1326 0.9899
vn -0.3797 -0.0580 0.9233
vn 0.0111 -0.0681 0.9976
vn -0.3410 0.0067 0.9401
vn -0.6269 0.0850 0.7745
vn -0.2769 0.1167 0.9538
vn -0.5924 0.1815 0.7849
vn -0.8015 0.2272 0.5531
vn -0.5394 0.2925 0.7896
vn -0.7714 0.3177 0.5513
vn -0.8915 0.3191 0.3215
vn -0.7351 0.4002 0.5472
vn -0.8662 0.3872 0.3158
vn -0.9252 0.3676 0.0940
vn -0.8456 0.4371 0.3065
vn -0.9103 0.4058 0.0819
vn -0.9191 0.3212 -0.2283
vn -0.9207 0.3813 0.0831
vn -0.9412 0.2668 -0.2073
vn -0.8627 0.1003 -0.4956
vn -0.9464 0.2535 -0.2002
vn -0.8597 0.1278 -0.4945
vn -0.9450 0.2485 -0.2128
vn -0.8373 0.1943 -0.5111
vn -0.9426 0.2417 -0.2305
vn -0.8215 0.2577 -0.5086
vn -0.9400 0.2367 -0.2457
vn -0.8085 0.3269 -0.4894
vn -0.6009 0.3944 -0.6952
vn -0.7867 0.4044 -0.4664
vn -0.5603 0.5236 -0.6418
vn -0.7643 0.4468 -0.4649
vn -0.5499 0.5108 -0.6608
vn -0.3463 0.5269 -0.7762
vn -0.6018 0.3019 -0.7393
vn -0.4245 0.2900 -0.8577
vn -0.2777 0.2557 -0.9260
vn -0.4520 0.0627 -0.8898
vn -0.3138 0.0713 -0.9468
vn -0.1087 0.0676 -0.9918
vn -0.2987 -0.0625 -0.9523
vn -0.1058 -0.0400 -0.9936
vn -0.0000 -0.0315 -0.9995
vn -0.0000 0.0621 -0.9981
vn -0.0707 -0.1409 -0.9875
vn -0.0000 -0.1145 -0.9934
vn -0.0000 0.6090 0.7931
vn -0.0000 0.4768 0.8790
vn -0.1134 0.5172 0.8483
vn -0.0399 0.6241 0.7803
vn -0.2295 0.5955 0.7699
vn -0.1364 0.6514 0.7463
vn -0.2331 0.6674 0.7073
vn -0.2476 0.7343 0.6320
vn -0.4407 0.6181 0.6509
vn -0.4859 0.6606 0.5722
vn -0.2795 0.6605 0.6969
vn -0.6556 0.5015 0.5645
vn -0.7022 0.5146 0.4920
vn -0.5359 0.4860 0.6903
vn -0.5059 0.2907 0.8121
vn -0.3839 0.1633 0.9088
vn -0.8015 -0.0632 0.5946
vn -0.9005 -0.3724 0.2245
vn -0.4835 0.0138 0.8752
vn -0.2482 0.3342 0.9092
vn -0.1596 0.4621 0.8723
vn -0.3387 0.4866 0.8053
vn -0.3364 0.5289 0.7791
vn -0.0978 0.5915 0.8003
vn -0.0549 0.6925 0.7193
vn -0.0000 0.4483 0.8939
vn -0.0000 0.5918 0.8061
vn -0.0000 0.6293 0.7771
vn -0.0000 0.4424 0.8968
vn -0.0000 -0.4075 0.9132
vn -0.0000 -0.5728 0.8197
vn -0.3985 -0.4774 0.7831
vn -0.3951 -0.4023 0.8259
vn -0.5727 -0.3913 0.7203
vn -0.6268 -0.4386 0.6440
vn -0.6436 -0.4103 0.6461
vn -0.5824 -0.3226 0.7462
vn -0.6448 -0.3155 0.6962
vn -0.7526 -0.4016 0.5217
vn -0.6348 -0.3555 0.6861
vn -0.4966 -0.4931 0.7144
vn -0.0000 -0.5810 0.8139
vn -0.7700 -0.1886 0.6095
vn -0.8609 -0.2896 0.4183
vn -0.8417 -0.0139 0.5398
vn -0.9345 -0.1085 0.3390
vn -0.9565 -0.2189 0.1930
vn -0.9369 -0.0883 0.3382
vn -0.9405 -0.3381 0.0337
vn -0.9399 -0.1055 0.3246
vn -0.8948 0.2148 0.3913
vn -0.9742 0.0066 0.2257
vn -0.9000 0.3956 0.1832
vn -0.9861 0.1406 0.0888
vn -0.9983 -0.0066 -0.0582
vn -0.9733 0.2242 -0.0503
vn -0.9908 -0.0375 -0.1298
vn -0.8537 -0.2208 -0.4717
vn -0.8086 0.0021 -0.5883
vn -0.9731 -0.0591 -0.2226
vn -0.9262 -0.2969 -0.2323
vn -0.9026 -0.0594 -0.4264
vn -0.8748 -0.3084 -0.3737
vn -0.8548 -0.4094 -0.3188
vn -0.7327 -0.3107 -0.6054
vn -0.7205 -0.4236 -0.5490
vn -0.7402 -0.3804 -0.5544
vn -0.4911 -0.4248 -0.7605
vn -0.5042 -0.3990 -0.7659
vn -0.5010 -0.1281 -0.8559
vn -0.7603 -0.1106 -0.6400
vn -0.4142 0.1775 -0.8927
vn -0.2150 -0.1631 -0.9629
vn -0.1352 0.1387 -0.9811
vn -0.0000 -0.1776 -0.9841
vn -0.0000 0.1189 -0.9929
vn -0.0000 0.0941 0.9956
vn -0.0000 -0.0697 0.9976
vn -0.3374 -0.1376 0.9312
vn -0.0000 0.3914 0.9202
vn -0.0000 0.0330 0.9995
vn -0.2084 0.0055 0.9780
vn -0.0000 0.3385 0.9409
vn -0.1778 0.3197 0.9307
vn -0.0000 0.5227 0.8525
vn -0.1494 0.5232 0.8390
vn -0.3361 0.4581 0.8229
vn -0.0000 0.6634 0.7482
vn -0.3090 0.5727 0.7593
vn -0.2876 0.8133 0.5058
vn -0.5223 0.6733 0.5234
vn -0.4557 0.8664 0.2042
vn -0.7144 0.6627 0.2245
vn -0.7430 0.4497 0.4957
vn -0.3951 0.9185 0.0181
vn -0.6369 0.7706 0.0228
vn -0.8572 0.5150 -0.0051
vn -0.5729 0.8027 -0.1657
vn -0.8074 0.5533 -0.2049
vn -0.9420 0.2532 -0.2204
vn -0.7172 0.5446 -0.4348
vn -0.8583 0.2548 -0.4455
vn -0.5401 0.5287 -0.6548
vn -0.6881 0.2507 -0.6809
vn -0.7433 -0.0563 -0.6666
vn -0.4209 0.2691 -0.8663
vn -0.4901 -0.0496 -0.8703
vn -0.4963 -0.3059 -0.8125
vn -0.2081 -0.0306 -0.9776
vn -0.2263 -0.2922 -0.9292
vn -0.2327 -0.4153 -0.8794
vn -0.0000 -0.2842 -0.9588
vn -0.0000 -0.4085 -0.9128
vn -0.0000 -0.4112 -0.9115
vn -0.2378 -0.4089 -0.8811
vn -0.0000 -0.0220 -0.9998
vn -0.1522 0.3014 -0.9413
vn -0.0000 0.3131 -0.9497
vn -0.0743 0.5515 -0.8308
vn -0.0000 0.5589 -0.8293
vn -0.2867 0.5321 -0.7967
vn -0.1285 0.7082 -0.6943
vn -0.0163 0.6915 -0.7222
vn -0.3158 0.7504 -0.5807
vn -0.1214 0.8582 -0.4987
vn -0.0145 0.8048 -0.5934
vn -0.4758 0.7914 -0.3839
vn -0.2612 0.9045 -0.3370
vn -0.1562 0.9289 -0.3357
vn -0.0535 0.8820 -0.4681
vn -0.3535 0.9239 -0.1465
vn -0.2347 0.9591 -0.1585
vn -0.6381 0.7659 -0.0796
vn -0.5816 0.7068 -0.4027
vn -0.9683 0.0119 -0.2495
vn -0.8607 -0.1548 -0.4850
vn -0.4668 0.6218 -0.6289
vn -0.9743 0.2115 0.0780
vn -0.9751 0.2163 0.0501
vn -0.9577 -0.1679 -0.2336
vn -0.7990 0.4443 0.4052
vn -0.7908 0.5472 0.2742
vn -0.7689 0.6350 0.0755
vn -0.8884 0.4432 -0.1193
vn -0.4385 0.6379 0.6331
vn -0.4497 0.7614 0.4669
vn -0.4934 0.8087 0.3202
vn -0.5571 0.8225 0.1149
vn -0.7540 0.6420 -0.1390
vn -0.0000 0.8381 0.5455
vn -0.0000 0.8839 0.4678
vn -0.0000 0.9424 0.3344
vn -0.0000 0.9942 0.1077
vn -0.0000 0.8169 -0.5768
vn -0.0000 0.6728 -0.7398
vn -0.7000 0.4330 -0.5679
vn -0.6621 0.6268 -0.4107
vn -0.8170 0.2301 -0.5288
vn -0.7576 0.5862 -0.2870
vn -0.9146 0.0241 -0.4037
vn -0.8386 -0.1916 -0.5100
vn -0.8541 -0.3174 -0.4120
vn -0.7406 -0.3134 -0.5944
vn -0.7180 -0.4882 -0.4962
vn -0.6489 -0.4878 -0.5840
vn -0.0000 -0.7709 -0.6370
vn -0.0000 -0.7806 -0.6251
vn -0.0000 0.2127 -0.9771
vn -0.3518 0.4299 -0.8315
vn 0.0258 0.8198 -0.5721
vn 0.0128 0.8373 -0.5466
vn 0.0153 0.7784 -0.6276
vn -0.0000 0.8190 -0.5738
vn -0.0000 0.7723 -0.6353
vn -0.0000 0.6873 -0.7264
vn -0.0000 0.7072 0.7070
vn -0.0000 -0.5469 -0.8372
vn -0.0000 0.8683 0.4960
vn -0.6558 0.0340 0.7542
vn -0.0000 -0.2706 -0.9627
vn 0.0646 -0.3038 -0.9506
vn 0.1117 -0.3093 -0.9444
vn -0.0000 -0.2892 -0.9573
vn -0.0000 -0.1995 -0.9799
vn -0.0057 -0.2361 -0.9717
vn -0.1642 -0.3213 -0.9326
vn -0.0697 -0.3933 -0.9168
vn -0.2495 -0.1954 -0.9485
vn -0.4004 -0.2327 -0.8863
vn -0.3610 -0.3775 -0.8527
vn -0.4323 -0.0910 -0.8971
vn -0.6199 -0.1187 -0.7757
vn -0.5982 -0.2406 -0.7643
vn -0.6336 0.0497 -0.7721
vn -0.8408 0.0454 -0.5394
vn -0.8394 -0.1330 -0.5269
vn -0.7999 0.3002 -0.5196
vn -0.9310 0.2825 -0.2310
vn -0.9694 0.0442 -0.2415
vn -0.9027 0.3749 -0.2111
vn -0.9436 0.3262 0.0562
vn -0.9660 0.2531 0.0528
vn -0.9279 0.2927 -0.2308
vn -0.9735 0.2267 0.0318
vn -0.9240 0.1864 0.3339
vn -0.8909 0.2857 0.3532
vn -0.9872 0.1592 0.0103
vn -0.9464 0.1092 0.3039
vn -0.7718 0.0558 0.6335
vn -0.7466 0.1388 0.6507
vn -0.9826 0.1845 0.0203
vn -0.9487 0.1107 0.2963
vn -0.7821 0.0131 0.6230
vn -0.5333 -0.0235 0.8456
vn -0.9321 0.1743 0.3176
vn -0.7720 0.0829 0.6302
vn -0.8927 0.3116 0.3257
vn -0.7319 0.2947 0.6144
vn -0.8523 0.4225 0.3082
vn -0.7014 0.4300 0.5685
vn -0.4043 0.3764 0.8336
vn -0.0575 0.2389 0.9693
vn -0.7068 0.4473 0.5480
vn -0.4326 0.4164 0.7997
vn -0.0658 0.3196 0.9453
vn 0.2519 0.1693 0.9528
vn 0.1592 0.0662 0.9850
vn -0.4826 0.3784 0.7899
vn -0.1272 0.3005 0.9453
vn 0.2322 0.1756 0.9567
vn 0.4106 0.0502 0.9104
vn 0.3391 0.0651 0.9385
vn -0.1995 0.2286 0.9529
vn 0.1719 0.1307 0.9764
vn 0.4399 0.0117 0.8979
vn 0.4787 -0.0861 0.8738
vn 0.3880 -0.0456 0.9205
vn 0.0921 0.0354 0.9951
vn 0.4150 -0.0500 0.9085
vn 0.5515 -0.1318 0.8237
vn 0.5618 -0.2495 0.7887
vn 0.5039 -0.2243 0.8341
vn 0.3508 -0.1274 0.9277
vn 0.5699 -0.1808 0.8016
vn 0.6419 -0.2597 0.7215
vn 0.6966 -0.3800 0.6085
vn 0.6711 -0.4013 0.6233
vn 0.5517 -0.2200 0.8045
vn 0.6956 -0.2683 0.6664
vn 0.7536 -0.3557 0.5528
vn 0.8146 -0.4495 0.3664
vn 0.8021 -0.4745 0.3625
vn 0.7119 -0.2956 0.6371
vn 0.7987 -0.3497 0.4897
vn 0.8423 -0.4219 0.3356
vn 0.8721 -0.4715 0.1310
vn 0.8616 -0.4923 0.1234
vn 0.8267 -0.3368 0.4508
vn 0.8788 -0.3721 0.2987
vn 0.9052 -0.4067 0.1233
vn 0.8963 -0.4280 -0.1161
vn 0.8665 -0.4843 -0.1207
vn 0.9027 -0.3202 0.2874
vn 0.9379 -0.3293 0.1092
vn 0.9294 -0.3459 -0.1288
vn 0.8223 -0.3557 -0.4442
vn 0.8032 -0.4277 -0.4147
vn 0.9356 -0.3414 0.0905
vn 0.9305 -0.3307 -0.1573
vn 0.8206 -0.2977 -0.4878
vn 0.5991 -0.2370 -0.7648
vn 0.5996 -0.3401 -0.7244
vn 0.9064 -0.3729 -0.1986
vn 0.7978 -0.2877 -0.5298
vn 0.5952 -0.1743 -0.7845
vn 0.4262 -0.0893 -0.9002
vn 0.3970 -0.1786 -0.9003
vn 0.7519 -0.3305 -0.5705
vn 0.5767 -0.1906 -0.7944
vn 0.4372 -0.0808 -0.8957
vn 0.2225 0.0557 -0.9733
vn 0.2087 0.0135 -0.9779
vn 0.5817 -0.2115 -0.7854
vn 0.4595 -0.0763 -0.8849
vn 0.2293 0.0921 -0.9690
vn -0.0615 0.2456 -0.9674
vn -0.0696 0.1949 -0.9784
vn 0.4936 -0.0263 -0.8693
vn 0.2356 0.1458 -0.9609
vn -0.0586 0.2936 -0.9541
vn -0.3145 0.3890 -0.8659
vn -0.3179 0.3444 -0.8834
vn 0.2302 0.1866 -0.9551
vn -0.0694 0.3105 -0.9480
vn -0.3237 0.3970 -0.8588
vn -0.5416 0.4622 -0.7021
vn -0.5544 0.4600 -0.6936
vn -0.0847 0.2826 -0.9555
vn -0.3300 0.3689 -0.8689
vn -0.5466 0.4363 -0.7147
vn -0.7401 0.4760 -0.4749
vn -0.7276 0.5059 -0.4634
vn -0.3494 0.2834 -0.8931
vn -0.5765 0.3662 -0.7304
vn -0.7728 0.4150 -0.4801
vn -0.8861 0.4197 -0.1967
vn -0.8581 0.4783 -0.1868
vn -0.6224 0.2431 -0.7440
vn -0.8170 0.3044 -0.4897
vn -0.9236 0.3236 -0.2053
vn -0.9498 0.3066 0.0627
vn -0.9153 0.3954 0.0764
vn -0.8429 0.2035 -0.4981
vn -0.9465 0.2383 -0.2177
vn -0.9691 0.2408 0.0540
vn -0.9288 0.2146 0.3021
vn -0.9127 0.2654 0.3108
vn -0.9511 0.2051 -0.2310
vn -0.9755 0.2158 0.0419
vn -0.9343 0.2003 0.2948
vn -0.8318 0.1586 0.5319
vn -0.8288 0.1649 0.5346
vn -0.8352 0.1586 0.5265
vn -0.6597 0.0954 0.7455
vn -0.6534 0.0891 0.7518
vn -0.6649 0.1170 0.7377
vn -0.4238 0.0353 0.9051
vn -0.4178 0.0113 0.9085
vn -0.4193 0.0790 0.9044
vn -0.1438 -0.0127 0.9895
vn -0.1424 -0.0601 0.9880
vn -0.1245 0.0753 0.9894
vn 0.1586 -0.0253 0.9870
vn 0.1419 -0.1088 0.9839
vn 0.2386 0.1070 0.9652
vn 0.4870 -0.0241 0.8731
vn 0.4327 -0.1330 0.8917
vn 0.5964 0.1203 0.7936
vn 0.7344 -0.0122 0.6786
vn 0.6888 -0.1268 0.7138
vn 0.8270 0.1024 0.5528
vn 0.8425 -0.1951 0.5022
vn 0.8153 -0.3126 0.4873
vn 0.6628 -0.2326 0.7118
vn 0.7878 -0.3592 0.5004
vn 0.6350 -0.2912 0.7155
vn 0.4124 -0.2043 0.8878
vn 0.6195 -0.3146 0.7192
vn 0.4101 -0.2408 0.8797
vn 0.1494 -0.1560 0.9764
vn 0.4153 -0.2644 0.8704
vn 0.1603 -0.1816 0.9702
vn -0.1321 -0.0852 0.9876
vn 0.1735 -0.1913 0.9661
vn -0.1190 -0.0962 0.9882
vn -0.4063 0.0005 0.9137
vn -0.1034 -0.0966 0.9899
vn -0.3919 -0.0023 0.9200
vn -0.6467 0.0890 0.7575
vn -0.3713 0.0128 0.9284
vn -0.6300 0.1168 0.7678
vn -0.8143 0.2047 0.5432
vn -0.5975 0.1818 0.7810
vn -0.7780 0.2849 0.5599
vn -0.8765 0.3513 0.3293
vn -0.7344 0.3392 0.5879
vn -0.8420 0.4056 0.3556
vn -0.8866 0.4524 0.0963
vn -0.8371 0.3945 0.3790
vn -0.8770 0.4673 0.1121
vn -0.8442 0.5077 -0.1721
vn -0.8889 0.4435 0.1148
vn -0.8522 0.4969 -0.1638
vn -0.7431 0.5020 -0.4426
vn -0.8766 0.4540 -0.1596
vn -0.7791 0.4586 -0.4274
vn -0.5799 0.4207 -0.6976
vn -0.8124 0.4070 -0.4177
vn -0.6043 0.3680 -0.7067
vn -0.3341 0.2914 -0.8964
vn -0.6260 0.2998 -0.7199
vn -0.3638 0.2344 -0.9015
vn -0.0914 0.1379 -0.9862
vn -0.4187 0.1128 -0.9011
vn -0.1444 0.0238 -0.9892
vn 0.1624 -0.0912 -0.9825
vn -0.2002 -0.1046 -0.9742
vn 0.0987 -0.2136 -0.9719
vn 0.3584 -0.2962 -0.8853
vn 0.0663 -0.2614 -0.9629
vn 0.3449 -0.3471 -0.8721
vn 0.6030 -0.4011 -0.6896
vn 0.3494 -0.3494 -0.8694
vn 0.6027 -0.4211 -0.6778
vn 0.7823 -0.4670 -0.4123
vn 0.5943 -0.4359 -0.6758
vn 0.7699 -0.4875 -0.4118
vn 0.8565 -0.5006 -0.1255
vn 0.7601 -0.5130 -0.3989
vn 0.8514 -0.5106 -0.1197
vn 0.8601 -0.4984 0.1085
vn 0.8462 -0.5219 -0.1078
vn 0.8590 -0.5026 0.0975
vn 0.8084 -0.4830 0.3363
vn 0.8729 -0.4789 0.0937
vn 0.8353 -0.4518 0.3134
vn 0.6957 -0.3848 0.6065
vn 0.8812 -0.3711 0.2928
vn 0.7527 -0.3111 0.5802
vn 0.5042 -0.1785 0.8450
vn 0.8102 -0.2360 0.5366
vn 0.5483 -0.1247 0.8269
vn 0.3451 -0.0051 0.9386
vn 0.6211 -0.1281 0.7732
vn 0.3446 -0.0200 0.9386
vn 0.2266 0.0098 0.9739
vn 0.1748 -0.2159 0.9606
vn -0.0874 -0.2100 0.9738
vn -0.1496 -0.4434 0.8838
vn -0.3028 -0.3505 0.8863
vn -0.1920 -0.4896 0.8506
vn -0.2319 -0.3220 0.9179
vn -0.0905 -0.4745 0.8756
vn -0.1328 -0.2975 0.9454
vn -0.1542 -0.2459 0.9569
vn -0.0000 -0.2909 0.9567
vn -0.0000 -0.2534 0.9674
vn -0.0000 -0.2753 0.9614
vn -0.1696 -0.2607 0.9504
vn -0.0000 -0.4696 0.8829
vn -0.0305 -0.6955 0.7179
vn -0.0000 -0.6963 0.7177
vn 0.0128 -0.8552 0.5182
vn -0.0000 -0.8565 0.5161
vn -0.0367 -0.6850 0.7276
vn 0.1493 -0.8207 0.5515
vn 0.2728 -0.9028 0.3325
vn 0.0381 -0.9523 0.3028
vn 0.1543 -0.5763 0.8026
vn 0.4190 -0.6883 0.5922
vn 0.5560 -0.7555 0.3467
vn 0.6016 -0.7919 0.1050
vn 0.3654 -0.9266 0.0882
vn 0.7243 -0.4204 0.5465
vn 0.8150 -0.4973 0.2973
vn 0.8311 -0.5483 0.0933
vn 0.7967 -0.5919 -0.1222
vn 0.5813 -0.8031 -0.1306
vn 0.9265 -0.2873 0.2429
vn 0.9497 -0.3035 0.0777
vn 0.9464 -0.3095 -0.0923
vn 0.8813 -0.3199 -0.3478
vn 0.6875 -0.6164 -0.3839
vn 0.9457 -0.3149 0.0801
vn 0.9427 -0.3197 -0.0956
vn 0.8810 -0.3023 -0.3639
vn 0.6921 -0.2495 -0.6774
vn 0.6791 -0.3393 -0.6509
vn 0.9028 -0.4181 -0.1009
vn 0.8328 -0.4080 -0.3741
vn 0.6481 -0.3345 -0.6841
vn 0.3742 -0.2043 -0.9046
vn 0.3983 -0.1867 -0.8981
vn 0.7765 -0.5096 -0.3706
vn 0.5922 -0.4478 -0.6700
vn 0.3359 -0.3081 -0.8901
vn 0.0658 -0.1412 -0.9878
vn 0.0914 -0.0780 -0.9928
vn 0.5647 -0.4899 -0.6641
vn 0.3180 -0.3749 -0.8708
vn 0.0507 -0.2108 -0.9762
vn -0.2090 -0.0509 -0.9766
vn -0.1847 -0.0092 -0.9827
vn 0.3325 -0.3723 -0.8665
vn 0.0579 -0.2394 -0.9692
vn -0.2167 -0.0871 -0.9724
vn -0.4739 0.0554 -0.8788
vn -0.4586 0.0731 -0.8856
vn 0.0670 -0.2394 -0.9686
vn -0.2156 -0.1104 -0.9702
vn -0.4803 0.0314 -0.8766
vn -0.6805 0.1441 -0.7185
vn -0.6738 0.1490 -0.7237
vn -0.2200 -0.1357 -0.9660
vn -0.4829 -0.0041 -0.8757
vn -0.6830 0.1157 -0.7212
vn -0.8433 0.2026 -0.4979
vn -0.8382 0.2125 -0.5023
vn -0.4813 -0.0369 -0.8758
vn -0.6816 0.0657 -0.7288
vn -0.8542 0.1483 -0.4983
vn -0.9668 0.1808 -0.1807
vn -0.9530 0.2364 -0.1896
vn -0.6737 0.0503 -0.7372
vn -0.8644 0.0843 -0.4958
vn -0.9816 0.0834 -0.1720
vn -0.9913 0.0583 0.1184
vn -0.9816 0.1528 0.1141
vn -0.8678 0.1608 -0.4702
vn -0.9796 0.1328 -0.1506
vn -0.9861 0.1129 0.1219
vn -0.9373 0.1071 0.3316
vn -0.9404 0.0325 0.3385
vn -0.9408 0.3125 -0.1313
vn -0.9483 0.2916 0.1254
vn -0.9069 0.2478 0.3408
vn -0.8326 0.1784 0.5244
vn -0.8520 0.0913 0.5156
vn -0.9171 0.3782 0.1259
vn -0.8822 0.2895 0.3714
vn -0.8213 0.1837 0.5401
vn -0.7099 0.0550 0.7021
vn -0.6943 0.0776 0.7155
vn -0.8670 0.3024 0.3961
vn -0.7981 0.1805 0.5749
vn -0.7003 0.0295 0.7133
vn -0.4810 -0.2003 0.8535
vn -0.4924 -0.1197 0.8621
vn -0.7590 0.2269 0.6103
vn -0.6407 0.0892 0.7626
vn -0.4298 -0.1128 0.8958
vn -0.1365 -0.3149 0.9392
vn -0.1997 -0.4225 0.8841
vn -0.5846 0.1789 0.7913
vn -0.3798 0.0275 0.9247
vn -0.0964 -0.1268 0.9872
vn 0.1600 -0.2223 0.9618
vn 0.1133 -0.4353 0.8931
vn -0.3223 0.1103 0.9402
vn -0.0641 -0.0238 0.9977
vn 0.1722 -0.1398 0.9751
vn 0.3958 -0.2485 0.8841
vn 0.3510 -0.2917 0.8898
vn -0.0797 -0.0667 0.9946
vn 0.1713 -0.1710 0.9703
vn 0.4147 -0.2624 0.8713
vn 0.6252 -0.3138 0.7146
vn 0.6107 -0.3431 0.7137
vn 0.1790 -0.1828 0.9667
vn 0.4247 -0.2620 0.8666
vn 0.6088 -0.3016 0.7338
vn 0.7375 -0.3172 0.5963
vn 0.7566 -0.3104 0.5755
vn 0.4256 -0.2674 0.8645
vn 0.5883 -0.3215 0.7420
vn 0.7121 -0.3777 0.5918
vn 0.8259 -0.4448 0.3466
vn 0.8601 -0.3447 0.3761
vn 0.5879 -0.3395 0.7342
vn 0.7119 -0.4126 0.5683
vn 0.8118 -0.4857 0.3243
vn 0.8514 -0.5211 0.0598
vn 0.8752 -0.4792 0.0662
vn 0.7410 -0.4011 0.5385
vn 0.8345 -0.4595 0.3040
vn 0.8706 -0.4886 0.0579
vn 0.8490 -0.4890 -0.2004
vn 0.8307 -0.5182 -0.2036
vn 0.8572 -0.4269 0.2880
vn 0.8899 -0.4530 0.0530
vn 0.8657 -0.4575 -0.2033
vn 0.7601 -0.4299 -0.4872
vn 0.7451 -0.4518 -0.4906
vn 0.9006 -0.4327 0.0421
vn 0.8741 -0.4381 -0.2097
vn 0.7669 -0.4123 -0.4918
vn 0.5716 -0.3489 -0.7426
vn 0.5654 -0.3632 -0.7406
vn 0.8803 -0.4219 -0.2169
vn 0.7791 -0.3971 -0.4850
vn 0.5975 -0.3300 -0.7308
vn 0.3317 -0.2298 -0.9150
vn 0.3197 -0.2586 -0.9116
vn 0.8056 -0.3606 -0.4701
vn 0.6558 -0.3047 -0.6907
vn 0.3577 -0.1894 -0.9144
vn -0.0612 -0.0526 -0.9967
vn 0.0089 -0.1175 -0.9930
vn 0.7396 -0.2284 -0.6331
vn 0.3982 -0.1059 -0.9112
vn -0.1342 0.0438 -0.9900
vn -0.5097 0.1243 -0.8513
vn -0.3883 0.0299 -0.9210
vn 0.4244 0.0154 -0.9053
vn -0.1206 0.1327 -0.9838
vn -0.5275 0.2166 -0.8215
vn -0.6661 0.2197 -0.7128
vn -0.6139 0.1230 -0.7797
vn -0.0517 0.0758 -0.9958
vn -0.4658 0.1856 -0.8652
vn -0.6845 0.2451 -0.6866
vn -0.8189 0.0932 -0.5663
vn -0.7566 -0.3193 -0.5706
vn -0.8019 -0.4125 -0.4322
vn -0.8911 0.0536 -0.4506
vn -0.7017 -0.6222 -0.3472
vn -0.8896 -0.1479 -0.4322
vn -0.7978 -0.5280 -0.2910
vn -0.9385 0.0112 -0.3452
vn -0.7835 0.5697 -0.2483
vn -0.9319 -0.3614 -0.0323
vn -0.8524 0.5216 0.0365
vn -0.5364 0.8405 0.0763
vn -0.6649 0.7334 -0.1414
vn -0.6858 0.7251 -0.0622
vn -0.8429 0.5205 -0.1366
vn -0.6797 0.7313 0.0560
vn -0.5181 -0.8032 -0.2939
vn -0.3936 -0.8986 -0.1939
vn -0.2210 -0.9668 -0.1285
vn -0.1152 -0.9914 -0.0627
vn 0.0072 -0.9999 0.0149
vn 0.0708 -0.9974 0.0112
vn 0.1498 -0.9818 0.1164
vn 0.1664 -0.9858 0.0218
vn 0.2669 -0.9455 0.1865
vn 0.2653 -0.9641 0.0097
vn 0.4948 -0.8301 0.2571
vn 0.4579 -0.8888 0.0167
vn 0.7954 -0.5345 0.2857
vn 0.7316 -0.6795 0.0559
vn 0.8863 -0.4305 0.1709
vn 0.9164 -0.3708 -0.1508
vn 0.9890 -0.0389 -0.1428
vn 0.9407 -0.0269 -0.3381
vn 0.9299 -0.1144 -0.3495
vn 0.9547 -0.1794 -0.2373
vn 0.8343 -0.3537 -0.4230
vn 0.6492 -0.3531 -0.6736
vn 0.7797 -0.0368 -0.6251
vn 0.3296 -0.7652 -0.5530
vn 0.1007 -0.6731 -0.7327
vn 0.3287 -0.2967 -0.8966
vn 0.0378 -0.9504 -0.3088
vn -0.1403 -0.8753 -0.4629
vn -0.0518 -0.9936 -0.1000
vn -0.2509 -0.9347 -0.2517
vn -0.5195 -0.7352 -0.4354
vn 0.4143 -0.0102 -0.9101
vn 0.7992 -0.0666 -0.5974
vn 0.8527 -0.2923 -0.4329
vn 0.8915 -0.3556 -0.2807
vn 0.8880 -0.3192 -0.3309
vn 0.9494 -0.3100 -0.0509
vn 0.9119 -0.4098 0.0210
vn 0.8937 -0.3724 0.2502
vn 0.9387 -0.2520 0.2354
vn 0.8722 -0.4057 0.2734
vn 0.7688 -0.3788 0.5152
vn 0.6037 -0.3333 0.7242
vn 0.4209 -0.2732 0.8650
vn 0.1832 -0.1886 0.9648
vn -0.0908 -0.0885 0.9919
vn -0.3458 0.0541 0.9367
vn -0.5571 0.2395 0.7952
vn -0.7340 0.2976 0.6105
vn -0.8513 0.3454 0.3950
vn -0.9059 0.4070 0.1172
vn -0.9007 0.4108 -0.1414
vn -0.8443 0.3219 -0.4284
vn -0.6557 0.1596 -0.7379
vn -0.4644 -0.0122 -0.8855
vn -0.2227 -0.1512 -0.9631
vn 0.0645 -0.2519 -0.9656
vn 0.3491 -0.3496 -0.8694
vn 0.5753 -0.4673 -0.6714
vn 0.7555 -0.5341 -0.3793
vn 0.8580 -0.5036 -0.1009
vn 0.9124 -0.3997 0.0881
vn 0.9203 -0.2928 0.2593
vn 0.8396 -0.2302 0.4920
vn 0.5130 -0.3043 0.8026
vn 0.4656 -0.6114 -0.6398
vn 0.3926 -0.7032 -0.5928
vn 0.5103 -0.7738 -0.3752
vn 0.4479 -0.6848 -0.5749
vn 0.4715 -0.7920 -0.3879
vn 0.4374 -0.8853 -0.1581
vn 0.2551 -0.8564 -0.4488
vn 0.1683 -0.9600 -0.2237
vn 0.0821 -0.9954 0.0495
vn -0.0000 -0.9672 -0.2539
vn -0.0000 -0.9994 0.0350
vn -0.0000 -0.9547 0.2975
vn -0.0000 -0.6164 -0.7875
vn -0.0000 -0.7636 -0.6457
vn 0.3021 -0.7325 -0.6101
vn -0.0000 -0.8766 -0.4812
vn -0.9488 0.3048 0.0830
vn -0.9712 0.2320 0.0533
vn -0.4437 -0.0968 0.8909
vn -0.5482 0.0658 0.8338
vn -0.7248 0.2169 0.6539
vn -0.9148 0.2067 0.3471
vn -0.9992 0.0277 0.0284
vn -0.9661 -0.1271 -0.2248
vn -0.8282 -0.2296 -0.5112
vn -0.5899 -0.3606 -0.7225
vn -0.5873 -0.4623 -0.6644
vn -0.3118 -0.4710 -0.8252
vn -0.5951 -0.4466 -0.6682
vn -0.2883 -0.4368 -0.8521
vn -0.0184 -0.3695 -0.9290
vn -0.2934 -0.2851 -0.9125
vn -0.0192 -0.2526 -0.9674
vn 0.1220 -0.2348 -0.9644
vn -0.0456 -0.1186 -0.9919
vn 0.1054 -0.1282 -0.9861
vn -0.0000 -0.1387 -0.9903
vn -0.0000 -0.2343 -0.9722
vn 0.0868 -0.0555 -0.9947
vn -0.0000 -0.0615 -0.9981
vn -0.0000 0.0411 -0.9992
vn 0.0773 0.0441 -0.9960
vn -0.0000 -0.0117 -0.9999
vn 0.0791 -0.0103 -0.9968
vn -0.0648 -0.0500 -0.9966
vn -0.2891 -0.0661 -0.9550
vn -0.2919 -0.1396 -0.9462
vn -0.6082 -0.1734 -0.7746
vn -0.5915 -0.1107 -0.7986
vn -0.6107 -0.3038 -0.7313
vn -0.8711 -0.1098 -0.4787
vn -0.8186 -0.2613 -0.5114
vn -0.6610 -0.4864 -0.5714
vn -0.0076 -0.8726 0.4884
vn -0.0375 -0.9589 0.2812
vn 0.0156 -0.9487 0.3156
vn -0.0041 -0.9759 0.2183
vn -0.0058 -0.9791 0.2034
vn -0.0584 -0.9760 0.2097
vn -0.0644 -0.9770 0.2033
vn -0.0677 -0.9918 -0.1080
vn -0.0992 -0.9809 0.1675
vn -0.1173 -0.9852 -0.1249
vn -0.1154 -0.8564 -0.5033
vn -0.1428 -0.9734 -0.1791
vn -0.1543 -0.8378 -0.5238
vn -0.1418 -0.6241 -0.7684
vn -0.1416 -0.8069 -0.5735
vn -0.1375 -0.6008 -0.7875
vn -0.1224 -0.4252 -0.8968
vn -0.0650 -0.6012 -0.7965
vn -0.0353 -0.4602 -0.8871
vn -0.0014 -0.2532 -0.9674
vn 0.0171 -0.5045 -0.8632
vn 0.0383 -0.2639 -0.9638
vn 0.0473 0.1412 -0.9888
vn -0.0510 -0.2350 -0.9707
vn -0.0501 0.1674 -0.9846
vn -0.0260 0.5034 -0.8637
vn 0.0372 0.4979 -0.8664
vn -0.0075 0.6410 -0.7675
vn 0.0273 0.6390 -0.7687
vn -0.0069 0.7120 -0.7021
vn -0.0738 0.6223 -0.7793
vn -0.0675 0.7349 -0.6748
vn -0.0793 0.8714 -0.4842
vn -0.1020 0.7545 -0.6484
vn -0.1030 0.8978 -0.4282
vn -0.1058 0.9803 -0.1666
vn -0.0908 0.9153 -0.3924
vn -0.0821 0.9869 -0.1388
vn -0.0727 0.9881 0.1353
vn -0.0609 0.9894 -0.1318
vn -0.0458 0.9898 0.1350
vn -0.0302 0.9154 0.4013
vn -0.0360 0.9922 0.1190
vn -0.0157 0.9363 0.3508
vn 0.0091 0.8278 0.5609
vn -0.0499 0.9554 0.2911
vn -0.0059 0.8722 0.4890
vn 0.0520 0.6916 0.7204
vn -0.0662 0.8763 0.4772
vn 0.0201 0.7288 0.6845
vn 0.1309 0.5318 0.8367
vn -0.1396 0.8300 0.5400
vn -0.1754 0.9509 0.2548
vn -0.1602 0.9652 0.2068
vn -0.1292 0.7921 0.5965
vn -0.1265 0.9568 0.2617
vn -0.1634 0.9832 0.0809
vn -0.2096 0.9762 0.0566
vn -0.0801 0.9921 0.0967
vn -0.0885 0.9905 -0.1049
vn -0.1806 0.9808 -0.0738
vn -0.0513 0.9897 -0.1335
vn -0.0591 0.9269 -0.3706
vn -0.0770 0.9455 -0.3164
vn -0.0769 0.9199 -0.3846
vn -0.0877 0.7874 -0.6102
vn -0.0605 0.8096 -0.5838
vn -0.0996 0.7713 -0.6286
vn -0.1064 0.5962 -0.7957
vn -0.0911 0.6163 -0.7823
vn -0.1117 0.6012 -0.7913
vn -0.1323 0.4107 -0.9021
vn -0.1155 0.3889 -0.9140
vn -0.0984 0.4535 -0.8858
vn -0.1218 0.1500 -0.9812
vn -0.1492 0.1265 -0.9807
vn -0.1176 -0.1968 -0.9734
vn -0.0331 -0.4933 -0.8692
vn -0.0071 -0.6356 -0.7719
vn -0.0829 -0.7851 -0.6138
vn -0.1264 -0.9588 -0.2546
vn -0.1126 -0.9885 0.1011
vn -0.0858 -0.9754 0.2032
vn -0.0514 -0.9742 0.2197
vn 0.0262 -0.7595 0.6500
vn -0.0313 -0.6051 0.7955
vn -0.1956 0.9806 0.0148
vn -0.2200 0.9716 0.0867
vn -0.3270 0.9369 -0.1237
vn -0.1099 0.9175 0.3823
vn -0.1102 0.8221 0.5585
vn -0.0043 0.2308 0.9730
vn -0.0469 0.9739 0.2219
vn 0.0186 0.2728 0.9619
vn -0.0064 -0.6234 0.7819
vn -0.0292 -0.5752 0.8175
vn 0.0418 0.2700 0.9620
vn -0.0072 -0.6749 0.7379
vn -0.0903 -0.9783 -0.1862
vn -0.1089 -0.3304 -0.9375
vn -0.0259 0.6989 -0.7148
vn -0.0631 0.6545 -0.7534
vn -0.1326 0.6473 -0.7506
vn 0.0349 0.9532 0.3003
vn 0.0083 0.9730 0.2306
vn -0.2434 0.7139 -0.6566
vn -0.1394 -0.3726 -0.9175
vn 0.0663 0.2015 0.9772
vn -0.0830 0.3789 0.9217
vn 0.1543 -0.2321 0.9604
vn -0.0000 -0.9971 0.0764
vn -0.0000 -0.9992 -0.0406
vn -0.8376 0.5052 -0.2077
vn 0.5489 0.8240 -0.1403
vn 0.6936 0.6300 -0.3493
vn 0.5949 -0.5896 0.5463
vn 0.9676 0.1726 0.1841
vn 0.4366 0.8641 0.2504
vn 0.2010 0.1368 0.9700
vn -0.0067 0.1963 0.9805
vn 0.0863 -0.7379 0.6693
vn 0.4107 -0.8897 -0.1993
vn 0.6304 -0.1933 -0.7518
vn 0.1602 -0.9637 -0.2137
vn 0.1287 -0.3189 -0.9390
vn 0.8859 -0.4254 -0.1852
vn 0.1703 -0.9405 -0.2941
vn 0.0678 -0.2315 -0.9705
vn 0.4678 -0.1585 -0.8695
vn -0.0099 0.7873 -0.6165
vn 0.3735 0.7595 -0.5326
vn 0.7524 0.6105 0.2475
vn 0.0200 0.9427 0.3332
vn 0.1848 -0.7626 0.6199
vn 0.5272 -0.6630 0.5315
vn 0.4254 0.1759 0.8877
vn 0.0928 0.2228 0.9704
vn 0.9142 0.3019 0.2705
vn 0.5186 -0.8217 0.2363
vn 0.4504 -0.5531 -0.7009
vn 0.8930 -0.0045 -0.4501
vn 0.0539 0.2546 -0.9656
vn 0.1978 0.8743 -0.4432
vn 0.4756 0.6126 0.6313
vn -0.1061 0.2346 -0.9663
vn -0.0407 0.9580 -0.2837
vn 0.0082 -0.7230 -0.6908
vn 0.3988 -0.4641 0.7910
vn 0.1555 0.6961 0.7009
vn 0.2421 -0.3229 0.9150
vn 0.1595 -0.9716 0.1750
vn 0.2714 0.9623 0.0163
vn 0.5513 0.8088 0.2047
vn 0.3626 0.8306 0.4227
vn 0.2197 0.9703 0.1015
vn 0.2407 0.9519 0.1897
vn 0.7297 -0.1471 -0.6678
vn 0.6971 0.0157 -0.7168
vn 0.7145 0.1599 -0.6811
vn 0.8044 -0.0391 -0.5928
vn 0.7579 0.3004 0.5790
vn 0.7437 -0.2623 0.6149
vn 0.7475 -0.1109 0.6550
vn 0.9067 0.1528 0.3931
vn 0.6992 0.1565 0.6976
vn 0.7207 0.2453 0.6484
vn 0.6769 0.1106 0.7277
vn 0.5773 -0.0500 0.8150
vn 0.5645 -0.0015 0.8255
vn 0.2948 0.1696 0.9404
vn 0.2828 -0.0211 0.9590
vn 0.3807 0.0528 0.9232
vn 0.5430 -0.1164 0.8316
vn 0.6898 -0.0683 0.7208
vn 0.3414 -0.0404 0.9390
vn 0.4140 -0.2340 0.8797
vn 0.3320 -0.2223 0.9167
vn 0.4045 -0.1038 0.9086
vn 0.5197 0.1063 0.8477
vn 0.3439 0.2647 0.9009
vn 0.4843 -0.0730 0.8719
vn 0.2844 -0.0088 0.9587
vn 0.2788 0.1076 0.9543
vn 0.3422 0.0320 0.9391
vn 0.4707 -0.1737 0.8650
vn 0.5712 -0.0517 0.8192
vn 0.5194 -0.1272 0.8450
vn 0.7307 0.2333 0.6416
vn 0.5485 0.4245 0.7204
vn 0.5717 0.2897 0.7676
vn 0.7160 0.0948 0.6917
vn 0.8453 0.0231 0.5337
vn 0.8530 0.0531 0.5191
vn 0.8361 -0.3918 0.3839
vn 0.9802 -0.1054 -0.1676
vn 0.9959 0.0112 -0.0896
vn 0.8695 -0.1979 0.4526
vn 0.9931 -0.0385 0.1106
vn 0.9408 -0.2040 0.2708
vn 0.8570 -0.4080 0.3149
vn 0.3722 -0.8432 -0.3880
vn 0.3284 -0.2538 -0.9098
vn 0.9670 -0.2048 0.1514
vn 0.9487 -0.3155 0.0205
vn 0.3339 -0.9381 0.0918
vn 0.6027 -0.7111 0.3621
vn 0.3917 -0.7302 0.5598
vn 0.2480 -0.9441 0.2171
vn 0.7785 -0.6167 -0.1167
vn 0.4404 -0.3906 -0.8083
vn 0.0549 -0.8355 0.5467
vn 0.0810 -0.4604 0.8840
vn -0.3858 -0.2845 0.8776
vn -0.2848 -0.6895 0.6659
vn -0.4796 -0.7446 0.4642
vn -0.0534 -0.9644 0.2588
vn -0.7683 -0.1797 0.6144
vn -0.4360 0.2719 0.8579
vn 0.0502 0.1896 0.9806
vn -0.0358 0.8182 0.5738
vn -0.3804 0.7126 0.5895
vn -0.4173 0.8185 0.3950
vn -0.6940 0.4400 0.5699
vn -0.0833 0.9684 0.2350
vn 0.0897 -0.9427 0.3214
vn 0.1452 -0.9425 0.3009
vn 0.1196 -0.9926 -0.0207
vn 0.2460 -0.9652 0.0889
vn 0.3150 -0.9293 -0.1926
vn 0.3108 -0.9478 -0.0708
vn 0.0432 -0.9912 0.1248
vn 0.1176 -0.9728 0.1994
vn 0.1101 -0.9701 0.2162
vn 0.1108 -0.9926 0.0501
vn -0.0190 -0.9859 -0.1663
vn -0.0030 -0.9869 -0.1613
vn 0.2347 -0.9237 0.3027
vn 0.2207 -0.9470 0.2333
vn 0.1735 -0.9707 0.1664
vn 0.1598 -0.9640 0.2127
vn 0.0144 0.9551 0.2959
vn 0.0042 0.9516 0.3072
vn 0.2603 0.9336 0.2462
vn 0.2756 0.9175 0.2866
vn -0.1733 -0.9683 -0.1798
vn -0.0963 -0.9950 0.0250
vn -0.2491 -0.9611 0.1195
vn -0.2687 -0.9618 -0.0527
vn -0.5724 -0.8090 -0.1335
vn -0.4946 -0.7861 -0.3706
vn -0.5525 -0.8140 0.1792
vn 0.1476 -0.4829 -0.8632
vn 0.0282 -0.1674 -0.9855
vn 0.3994 -0.0131 -0.9167
vn 0.3876 -0.2610 -0.8841
vn 0.5846 -0.2997 -0.7539
vn 0.3669 -0.6770 -0.6380
vn 0.6701 0.0716 -0.7388
vn 0.8436 0.4412 -0.3063
vn 0.8821 0.2584 -0.3938
vn 0.8722 0.2721 -0.4065
vn 0.8914 0.2556 -0.3743
vn 0.8011 0.2567 -0.5407
vn 0.7665 0.1866 -0.6145
vn 0.6818 0.1234 -0.7211
vn 0.8571 0.2143 -0.4685
vn 0.9330 0.3227 -0.1590
vn 0.9312 0.3145 -0.1843
vn 0.8393 0.4940 -0.2268
vn -0.9645 -0.2629 -0.0252
vn -0.9887 -0.1249 0.0832
vn -0.9369 -0.2612 0.2322
vn -0.9352 -0.2373 0.2626
vn -0.9181 -0.3798 0.1134
vn -0.9705 -0.1348 0.1997
vn -0.9321 -0.2513 0.2609
vn -0.9420 -0.3218 -0.0956
vn -0.8906 -0.0825 0.4472
vn -0.8419 -0.1272 0.5244
vn -0.9492 0.0640 0.3080
vn 0.4384 -0.1713 -0.8823
vn 0.1955 -0.3371 -0.9210
vn 0.1077 -0.3056 -0.9461
vn 0.3345 -0.0627 -0.9403
vn 0.6360 0.0807 -0.7674
vn 0.6836 -0.0186 -0.7296
vn 0.3601 0.1929 -0.9128
vn 0.6234 0.2240 -0.7491
vn -0.1082 -0.2558 -0.9607
vn 0.0022 -0.0511 -0.9987
vn 0.0384 0.1938 -0.9803
vn 0.2349 -0.0132 0.9719
vn 0.4473 0.1854 0.8750
vn 0.5103 -0.0450 0.8588
vn 0.3556 -0.1681 0.9194
vn 0.3194 -0.2623 0.9106
vn 0.1842 -0.1824 0.9658
vn 0.2902 -0.2114 0.9333
vn 0.2442 -0.2330 0.9413
vn 0.4001 -0.1503 0.9041
vn 0.3351 -0.2077 0.9190
vn 0.5265 -0.0871 0.8457
vn -0.0327 -0.0438 0.9985
vn 0.2226 -0.0604 0.9730
vn 0.1462 -0.2507 0.9570
vn -0.1299 -0.1583 0.9788
vn 0.0492 -0.4776 0.8772
vn -0.2303 -0.3192 0.9193
vn -0.3091 0.0089 0.9510
vn -0.3884 -0.0149 0.9214
vn 0.8685 -0.3992 -0.2940
vn 0.8726 -0.3917 -0.2916
vn 0.9138 -0.3786 -0.1471
vn 0.9555 -0.2314 -0.1828
vn 0.0859 -0.3770 0.9222
vn -0.1615 -0.2955 0.9416
vn 0.1571 -0.0717 0.9850
vn -0.1715 -0.0294 0.9848
vn 0.4936 0.2724 0.8260
vn 0.4452 -0.0933 0.8906
vn 0.7091 0.0069 0.7050
vn 0.6688 0.2479 0.7009
vn 0.7110 0.4268 0.5588
vn 0.5138 0.5768 0.6351
vn 0.8458 0.2257 0.4833
vn 0.7899 -0.4796 0.3822
vn 0.7192 -0.4983 0.4841
vn 0.6552 -0.7201 0.2285
vn 0.7131 -0.6723 0.1989
vn 0.8717 -0.4656 0.1527
vn 0.8829 -0.3668 0.2931
vn 0.6458 -0.7320 0.2168
vn 0.8403 -0.5346 0.0904
vn 0.3693 -0.9292 0.0162
vn 0.3839 -0.9193 0.0862
vn 0.3753 -0.8642 0.3351
vn -0.3619 0.3524 0.8631
vn -0.0744 0.3455 0.9354
vn 0.0091 0.6742 0.7385
vn -0.2394 0.6255 0.7426
vn 0.9150 -0.1279 -0.3827
vn 0.8718 -0.3621 -0.3298
vn 0.9982 0.0389 -0.0448
vn 0.9146 0.1510 -0.3752
vn 0.9590 -0.2756 0.0666
vn 0.9638 -0.0833 0.2531
vn 0.9227 -0.3806 -0.0609
vn 0.9687 -0.1588 0.1908
vn 0.9848 -0.1575 0.0734
vn 0.9806 -0.1724 0.0933
vn 0.9787 -0.0890 0.1852
vn 0.9197 -0.2211 0.3244
vn 0.8877 -0.2415 0.3919
vn 0.9522 0.1368 0.2731
vn 0.9170 -0.0054 0.3988
vn 0.9781 -0.0005 0.2079
vn 0.9418 0.1813 0.2832
vn 0.9887 -0.1226 0.0862
vn -0.3290 0.3622 0.8721
vn -0.1525 0.5868 0.7952
vn -0.0220 0.6181 0.7858
vn 0.0295 0.7203 0.6930
vn 0.0794 0.6584 0.7485
vn 0.9138 0.1564 0.3748
vn 0.7147 0.3346 0.6142
vn 0.8279 0.3356 0.4494
vn 0.8593 0.3340 0.3874
vn 0.9708 0.2389 -0.0195
vn 0.9998 -0.0151 0.0152
vn 0.9680 0.2498 0.0244
vn 0.9000 0.4199 -0.1168
vn 0.9120 0.3202 -0.2564
vn 0.9996 -0.0273 -0.0087
vn 0.9731 0.0579 0.2229
vn 0.3664 0.8730 -0.3219
vn 0.6724 0.6882 -0.2725
vn 0.7709 0.6106 0.1814
vn 0.4277 0.8881 0.1682
vn 0.7595 0.4650 0.4549
vn 0.5387 0.7122 0.4501
vn 0.3148 0.8898 0.3303
vn 0.1896 0.9363 0.2956
vn 0.0575 0.2718 -0.9606
vn 0.0008 0.2834 -0.9590
vn 0.3129 0.3267 -0.8918
vn 0.2005 0.4280 -0.8813
vn 0.1133 0.4746 -0.8729
vn 0.0541 0.2875 -0.9563
vn -0.0673 0.1413 -0.9877
vn 0.0375 0.1298 -0.9908
vn 0.2047 0.6214 0.7563
vn 0.3095 0.5557 0.7716
vn 0.2238 0.6452 0.7305
vn 0.2407 0.6126 0.7528
vn 0.2202 0.6516 0.7259
vn 0.3659 0.5928 0.7174
vn 0.3473 0.4879 0.8008
vn 0.1772 0.4290 0.8857
vn 0.1203 0.5678 0.8143
vn 0.0885 0.6404 0.7629
vn 0.0521 0.0298 -0.9982
vn 0.0371 0.0636 -0.9973
vn 0.1847 -0.1022 -0.9775
vn 0.2730 -0.0681 -0.9596
vn 0.0655 -0.0199 -0.9977
vn 0.4226 -0.3099 -0.8517
vn 0.5344 -0.1588 -0.8302
vn 0.1891 -0.2752 -0.9426
vn 0.3046 -0.4454 -0.8419
vn 0.0533 -0.0392 -0.9978
vn 0.6540 -0.3912 0.6475
vn 0.6744 -0.2825 0.6822
vn 0.7161 -0.5690 0.4043
vn 0.4533 -0.5810 0.6760
vn 0.6481 -0.5854 0.4870
vn 0.2895 -0.7219 0.6285
vn 0.3052 -0.2763 0.9113
vn 0.5317 -0.3896 0.7520
vn 0.0536 -0.2916 0.9550
vn 0.0221 -0.0948 0.9953
vn 0.1659 -0.0979 0.9813
vn 0.2691 -0.2400 0.9327
vn 0.0469 -0.0280 0.9985
vn 0.4131 -0.9091 -0.0533
vn 0.9507 -0.2746 0.1440
vn 0.3663 -0.1885 0.9112
vn 0.0561 -0.7465 0.6631
vn -0.2034 -0.0887 0.9751
vn -0.3510 -0.7109 0.6095
vn -0.2399 -0.9561 -0.1681
vn 0.1121 0.5289 0.8413
vn 0.4063 0.4634 0.7875
vn 0.8652 0.4637 0.1909
vn 0.4303 0.8791 0.2048
vn 0.5070 0.6794 -0.5305
vn 0.7661 0.4600 -0.4488
vn 0.7989 -0.0947 -0.5940
vn 0.3426 0.1275 -0.9308
vn 0.0749 -0.5592 -0.8257
vn 0.4335 -0.5803 -0.6895
vn 0.0828 0.6273 0.7743
vn -0.0983 0.4922 0.8649
vn 0.2424 0.6778 0.6941
vn 0.4802 0.5000 0.7207
vn 0.1573 0.4320 0.8881
vn 0.1117 0.6379 0.7620
vn 0.3620 0.8484 0.3862
vn 0.5557 0.7583 -0.3408
vn 0.6387 -0.7688 0.0304
vn 0.1608 -0.9241 0.3467
vn 0.1309 -0.4575 0.8795
vn 0.0665 0.2579 0.9639
vn 0.5658 -0.1172 -0.8162
vn 0.3778 -0.7874 -0.4871
vn 0.2200 -0.9648 -0.1442
vn 0.0414 -0.6484 -0.7601
vn 0.1158 -0.9027 -0.4143
vn 0.6144 0.7889 -0.0156
vn 0.2316 -0.0924 0.9684
vn 0.1561 0.7602 0.6307
vn 0.2594 0.9563 -0.1350
vn -0.0053 0.9441 -0.3296
vn 0.0234 0.8818 -0.4710
vn 0.0201 0.7437 -0.6682
vn 0.1331 0.9099 -0.3929
vn 0.2745 0.9223 -0.2720
vn 0.2295 0.9451 -0.2326
vn 0.1915 0.9294 -0.3156
vn 0.2864 -0.9349 -0.2094
vn 0.1447 -0.8974 0.4169
vn 0.0501 0.5142 -0.8562
vn 0.1759 -0.3803 -0.9080
vn 0.2124 -0.9480 -0.2372
vn 0.2278 -0.9570 -0.1796
vn 0.1243 -0.9860 -0.1108
vn 0.1215 -0.9298 -0.3474
vn 0.1095 -0.9233 -0.3681
vn 0.1368 -0.9654 -0.2221
vn 0.1796 -0.9817 0.0637
vn 0.0471 -0.9989 0.0088
vn 0.2105 -0.9767 0.0427
vn 0.0481 -0.9986 0.0201
vn 0.1795 -0.9685 0.1727
vn 0.3716 -0.9271 -0.0485
vn 0.3234 -0.4099 -0.8528
vn 0.1322 -0.9879 -0.0807
vn 0.3436 -0.9386 -0.0328
vn 0.1967 -0.9465 -0.2557
vn 0.4089 -0.7995 0.4400
vn 0.5221 -0.8261 0.2120
vn 0.4484 -0.8918 0.0597
vn 0.2457 -0.9684 0.0432
vn 0.3251 -0.8155 0.4788
vn 0.0918 0.9957 -0.0095
vn 0.2767 0.9513 -0.1356
vn 0.3058 0.9448 -0.1178
vn 0.1829 0.3012 0.9358
vn 0.0342 0.9844 0.1724
vn 0.2024 0.9357 -0.2890
vn 0.0637 0.9063 -0.4178
vn 0.1799 -0.0164 -0.9836
vn 0.2944 0.9395 -0.1750
vn 0.1570 -0.7057 0.6909
vn 0.0928 -0.9131 -0.3970
vn 0.2549 -0.0574 0.9653
vn 0.1174 -0.0598 0.9913
vn 0.0680 0.7705 0.6338
vn 0.3178 0.7309 0.6040
vn 0.3569 0.9206 0.1585
vn 0.5566 -0.1654 -0.8142
vn 0.7353 0.5533 -0.3915
vn 0.8663 -0.2997 0.3996
vn 0.5856 -0.8015 -0.1212
vn 0.2351 -0.6911 0.6834
vn 0.2553 -0.9390 -0.2305
vn 0.1288 -0.1667 -0.9776
vn -0.0076 0.8042 -0.5944
vn -0.0253 0.9457 0.3239
vn 0.3701 0.8763 0.3084
vn 0.4869 0.2614 0.8334
vn 0.0980 0.2151 0.9717
vn 0.0132 0.1335 0.9910
vn 0.0902 -0.7689 0.6330
vn -0.0486 0.9087 0.4147
vn -0.0546 0.8159 -0.5756
vn 0.0150 0.8528 0.5220
vn 0.0503 0.0242 0.9984
vn -0.0063 0.8535 -0.5210
vn 0.0080 -0.1468 -0.9891
vn 0.0161 -0.0887 -0.9959
vn 0.0905 -0.9370 -0.3375
vn 0.0570 -0.9107 -0.4092
vn 0.0699 -0.8135 0.5773
vn 0.0968 -0.8239 0.5584
vn 0.1054 -0.7140 0.6922
vn 0.0478 0.2548 0.9658
vn 0.0801 -0.9633 -0.2561
vn 0.0660 -0.9576 -0.2804
vn 0.0152 -0.3258 -0.9453
vn -0.0214 -0.2582 -0.9659
vn -0.0077 0.6026 -0.7980
vn -0.0576 0.6988 -0.7130
vn -0.0258 0.9631 0.2678
vn 0.2466 0.9591 -0.1389
vn 0.2550 0.9668 0.0168
vn 0.2390 0.9557 -0.1715
vn 0.2150 0.9562 -0.1987
vn 0.2167 0.9691 -0.1179
vn 0.2313 0.9447 -0.2324
vn 0.2314 0.9689 -0.0880
vn 0.1894 0.8895 -0.4159
vn 0.1053 0.7936 -0.5992
vn 0.1391 0.8504 -0.5074
vn 0.1767 0.9485 -0.2629
vn 0.0683 0.6867 -0.7238
vn 0.0087 0.5975 -0.8019
vn -0.0134 0.4862 -0.8737
vn 0.0325 0.6489 -0.7602
vn 0.0560 0.8333 -0.5500
vn 0.0068 0.4216 -0.9068
vn -0.1002 0.2099 -0.9726
vn -0.0270 0.1576 -0.9871
vn 0.0692 0.4085 -0.9101
vn 0.0626 0.6375 -0.7679
vn 0.0773 0.1164 -0.9902
vn -0.0697 -0.1479 -0.9865
vn 0.0827 -0.1771 -0.9807
vn 0.0989 0.1054 -0.9895
vn 0.0937 0.3976 -0.9128
vn 0.1040 -0.1845 -0.9773
vn 0.0924 -0.4271 -0.8995
vn 0.1085 -0.4137 -0.9039
vn 0.1286 -0.1835 -0.9746
vn 0.1256 0.1076 -0.9862
vn 0.1229 -0.4210 -0.8987
vn 0.1138 -0.6284 -0.7695
vn 0.1092 -0.6445 -0.7568
vn 0.1313 -0.4322 -0.8922
vn 0.1480 -0.1810 -0.9723
vn 0.1052 -0.6602 -0.7437
vn 0.0885 -0.8451 -0.5273
vn 0.0731 -0.8623 -0.5011
vn 0.0697 -0.6619 -0.7464
vn 0.0940 -0.4531 -0.8865
vn 0.0487 -0.8593 -0.5091
vn 0.0512 -0.9603 -0.2742
vn 0.0359 -0.9603 -0.2768
vn 0.0301 -0.8320 -0.5539
vn 0.0225 -0.6575 -0.7532
vn 0.0443 -0.9525 -0.3012
vn 0.0345 -0.9921 -0.1209
vn 0.0466 -0.9903 -0.1306
vn 0.0560 -0.9416 -0.3320
vn 0.0376 -0.7961 -0.6040
vn 0.0464 -0.9917 -0.1203
vn 0.0388 -0.9992 0.0097
vn 0.0096 -0.9988 0.0470
vn 0.0526 -0.9962 -0.0700
vn 0.0785 -0.9447 -0.3186
vn 0.0183 -0.9931 0.1162
vn -0.0481 -0.9588 0.2800
vn -0.0108 -0.9451 0.3266
vn 0.0732 -0.9828 0.1698
vn 0.0959 -0.9953 0.0159
vn 0.0780 -0.9532 0.2922
vn -0.0203 -0.8340 0.5514
vn 0.1024 -0.8598 0.5002
vn 0.1039 -0.9688 0.2248
vn 0.0943 -0.9770 0.1914
vn 0.1286 -0.8829 0.4516
vn 0.1145 -0.6698 0.7336
vn 0.1312 -0.6628 0.7372
vn 0.0948 -0.8858 0.4542
vn 0.0863 -0.9775 0.1926
vn 0.0895 -0.6371 0.7655
vn 0.1112 -0.4160 0.9025
vn 0.0732 -0.3838 0.9205
vn 0.0353 -0.5795 0.8142
vn 0.0443 -0.8507 0.5237
vn 0.0256 -0.3198 0.9472
vn 0.0548 -0.1374 0.9890
vn 0.0172 -0.0712 0.9973
vn -0.0260 -0.2034 0.9788
vn -0.0233 -0.4613 0.8869
vn -0.0167 0.0137 0.9998
vn 0.0111 0.1616 0.9868
vn 0.0190 0.1774 0.9839
vn 0.1366 0.0357 0.9900
vn 0.0743 0.3447 0.9358
vn 0.2126 0.2769 0.9371
vn 0.3666 -0.1444 0.9191
vn 0.3319 0.2761 0.9020
vn 0.2333 0.5161 0.8242
vn 0.2721 0.5339 0.8006
vn 0.3249 0.3336 0.8849
vn 0.5185 -0.1153 0.8473
vn 0.1810 0.5547 0.8121
vn 0.2299 0.6679 0.7079
vn 0.0975 0.6651 0.7404
vn 0.0567 0.5360 0.8423
vn 0.1942 0.3728 0.9074
vn 0.0129 0.6423 0.7664
vn 0.0432 0.7793 0.6251
vn -0.0093 0.7600 0.6498
vn 0.1276 0.7244 0.6775
vn -0.0445 0.9011 0.4312
vn 0.1249 0.8943 0.4296
vn 0.3206 0.6120 0.7229
vn 0.3064 0.8285 0.4686
vn 0.2989 0.7684 0.5659
vn 0.3827 0.5088 0.7711
vn 0.2855 0.8498 0.4432
vn 0.5045 0.6064 0.6147
vn 0.2772 0.7429 0.6093
vn 0.2382 0.7407 0.6282
vn 0.4473 0.4641 0.7646
vn 0.6942 0.3054 0.6518
vn 0.5726 0.1505 0.8059
vn 0.2932 0.2774 0.9149
vn 0.1552 0.5644 0.8108
vn 0.3710 0.0185 0.9284
vn 0.6422 -0.0786 0.7625
vn 0.4007 -0.1314 0.9067
vn 0.4000 -0.2838 0.8715
vn 0.3968 -0.6030 0.6921
vn 0.6634 -0.5656 0.4899
vn 0.6628 -0.2792 0.6948
vn 0.8496 -0.2044 0.4862
vn 0.8564 -0.4312 0.2839
vn 0.8079 0.0238 0.5888
vn 0.9132 0.1595 0.3750
vn 0.9492 0.3029 0.0855
vn 0.8577 0.4069 -0.3144
vn 0.6006 0.3962 -0.6945
vn 0.7034 0.1927 -0.6842
vn 0.4214 0.5828 -0.6948
vn 0.2284 0.6849 -0.6919
vn 0.0021 0.7213 -0.6926
vn -0.0225 0.4753 -0.8795
vn 0.0163 0.9181 -0.3959
vn -0.0470 0.8967 -0.4401
vn -0.0590 0.6950 -0.7166
vn 0.0158 0.9985 -0.0529
vn -0.0287 0.9873 -0.1560
vn -0.0256 0.9779 0.2076
vn -0.0160 0.9941 0.1075
vn 0.0035 0.9183 0.3959
vn 0.1594 0.9326 0.3239
vn 0.1464 0.9887 0.0329
vn 0.1914 0.7998 0.5689
vn 0.2440 0.8196 0.5184
vn 0.2399 0.9364 0.2563
vn 0.2381 0.6752 0.6981
vn 0.1606 0.7209 0.6741
vn 0.1971 0.8686 0.4545
vn 0.1237 0.5431 0.8305
vn 0.0342 0.5827 0.8120
vn 0.0628 0.7707 0.6341
vn 0.0142 0.3751 0.9269
vn 0.0247 0.3665 0.9301
vn 0.0186 0.6039 0.7969
vn 0.0375 0.1123 0.9930
vn 0.0639 0.0957 0.9934
vn 0.0453 0.3688 0.9284
vn 0.0867 -0.1679 0.9820
vn 0.0960 -0.1774 0.9794
vn 0.0873 0.1065 0.9905
vn 0.1077 -0.4352 0.8939
vn 0.0010 -0.4188 0.9081
vn 0.0280 -0.1355 0.9904
vn -0.0147 -0.6552 0.7553
vn -0.1308 -0.6224 0.7717
vn -0.1229 -0.3550 0.9267
vn -0.1038 -0.8312 0.5461
vn -0.0120 -0.8493 0.5278
vn -0.0412 -0.6074 0.7933
vn 0.0189 -0.9738 0.2266
vn 0.0596 -0.9713 0.2301
vn 0.0665 -0.8505 0.5217
vn 0.0447 -0.9986 0.0287
vn 0.0592 -0.9956 0.0720
vn 0.0694 -0.9658 0.2499
vn 0.0496 -0.9942 -0.0949
vn 0.0755 -0.9953 -0.0611
vn 0.0887 -0.9889 0.1190
vn 0.0736 -0.9571 -0.2802
vn 0.1212 -0.9502 -0.2872
vn 0.1288 -0.9912 -0.0305
vn 0.1179 -0.8249 -0.5529
vn 0.1460 -0.8450 -0.5145
vn 0.1714 -0.9511 -0.2571
vn 0.1154 -0.6630 -0.7397
vn -0.0980 -0.7836 -0.6134
vn -0.0651 -0.9402 -0.3343
vn -0.1066 -0.4841 -0.8685
vn -0.2122 -0.6271 -0.7495
vn -0.1895 -0.9079 -0.3740
vn -0.1765 -0.1868 -0.9664
vn -0.0838 -0.3434 -0.9354
vn -0.0489 -0.8162 -0.5757
vn -0.0643 0.2129 -0.9750
vn -0.0482 0.1723 -0.9839
vn 0.0240 -0.5619 -0.8268
vn -0.0636 0.1492 -0.9868
vn 0.0424 -0.7469 -0.6636
vn -0.0983 0.1914 -0.9766
vn -0.0321 -0.7851 -0.6185
vn 0.0614 -0.9973 0.0410
vn 0.0243 -0.9984 0.0501
vn -0.1422 -0.9862 -0.0850
vn -0.0986 -0.9951 0.0091
vn -0.0280 -0.9920 -0.1233
vn -0.0762 -0.9937 -0.0822
vn -0.0098 -0.9990 0.0429
vn 0.1834 -0.9830 -0.0013
vn -0.0111 -0.9862 0.1651
vn 0.1846 -0.9608 0.2067
vn 0.1412 -0.9744 0.1749
vn 0.1772 -0.9119 0.3703
vn 0.1560 -0.9250 0.3463
vn 0.1073 -0.9528 0.2841
vn 0.1646 -0.8173 0.5522
vn 0.1222 -0.8388 0.5305
vn 0.0740 -0.8489 0.5233
vn 0.1172 -0.5947 0.7953
vn 0.0717 -0.5938 0.8014
vn 0.0621 -0.5976 0.7993
vn 0.0657 -0.2807 0.9575
vn 0.0520 -0.2943 0.9543
vn -0.0581 -0.3106 0.9488
vn 0.0371 0.0011 0.9993
vn -0.0637 0.0062 0.9979
vn -0.0900 -0.0437 0.9950
vn -0.0608 0.2392 0.9691
vn -0.0552 0.2078 0.9766
vn 0.0537 0.1495 0.9873
vn -0.0549 0.3277 0.9432
vn 0.0475 0.3831 0.9225
vn 0.0797 0.3911 0.9169
vn 0.0050 0.5858 0.8105
vn 0.0653 0.6331 0.7713
vn 0.0312 0.6205 0.7836
vn 0.0395 0.8106 0.5843
vn 0.0205 0.8130 0.5819
vn 0.0182 0.7980 0.6023
vn 0.0097 0.9322 0.3619
vn 0.0167 0.9298 0.3676
vn 0.0880 0.9139 0.3963
vn 0.0134 0.9911 0.1325
vn 0.1007 0.9828 0.1549
vn 0.2170 0.9556 0.1993
vn 0.0959 0.9913 -0.0905
vn 0.2072 0.9752 -0.0774
vn 0.2287 0.9728 -0.0380
vn 0.1768 0.9203 -0.3490
vn 0.2268 0.9292 -0.2919
vn 0.1533 0.9648 -0.2136
vn 0.2277 0.8141 -0.5342
vn 0.1570 0.8604 -0.4848
vn 0.1429 0.7940 -0.5909
vn 0.0986 0.5874 -0.8033
vn 0.2000 0.6027 -0.7725
vn 0.1410 0.6420 -0.7536
vn 0.1529 0.3456 -0.9259
vn 0.1193 0.3889 -0.9135
vn -0.0507 0.4423 -0.8954
vn 0.1130 0.1373 -0.9841
vn -0.0241 0.1948 -0.9806
vn -0.0157 0.2470 -0.9689
vn 0.1053 0.0797 -0.9912
vn 0.0464 -0.1876 -0.9811
vn 0.1233 -0.1370 -0.9829
vn 0.0013 0.0431 -0.9991
vn -0.0340 -0.1881 -0.9816
vn 0.0467 0.3165 -0.9474
vn 0.0153 0.2885 -0.9573
vn 0.0046 0.0171 -0.9998
vn 0.0334 0.5686 -0.8219
vn 0.0264 0.5516 -0.8337
vn 0.0306 0.2752 -0.9609
vn 0.0524 0.7828 -0.6201
vn 0.0231 0.7696 -0.6381
vn 0.0751 0.9277 -0.3657
vn 0.0189 0.9235 -0.3832
vn 0.0142 0.9940 -0.1088
vn 0.0056 0.9896 -0.1434
vn 0.0211 0.9107 -0.4124
vn 0.0009 0.9923 0.1241
vn -0.0044 0.9937 0.1123
vn 0.0064 0.9809 -0.1945
vn 0.0107 0.9256 0.3782
vn -0.0807 0.9124 0.4013
vn -0.0797 0.9937 0.0785
vn -0.0489 0.7677 0.6389
vn -0.1119 0.7176 0.6874
vn -0.1105 0.9079 0.4044
vn -0.0861 0.4858 0.8698
vn -0.0358 0.4471 0.8938
vn -0.0076 0.7084 0.7057
vn -0.0532 0.3086 0.9497
vn 0.0168 0.3256 0.9453
vn 0.0377 0.4665 0.8837
vn 0.0203 0.2255 0.9740
vn 0.0442 0.1865 0.9815
vn 0.0370 0.3360 0.9411
vn 0.0571 -0.0136 0.9983
vn 0.0660 -0.0309 0.9973
vn 0.0455 0.1553 0.9868
vn 0.0928 -0.2841 0.9543
vn 0.1111 -0.3272 0.9384
vn 0.0677 -0.0758 0.9948
vn 0.1504 -0.6084 0.7793
vn 0.1143 -0.6662 0.7370
vn 0.0566 -0.4159 0.9076
vn 0.1565 -0.8268 0.5403
vn -0.0926 -0.9063 0.4124
vn -0.1544 -0.7722 0.6164
vn -0.0440 -0.9622 0.2688
vn -0.3014 -0.9531 -0.0282
vn -0.4305 -0.8870 0.1670
vn -0.1614 -0.9803 -0.1136
vn -0.1493 -0.9624 -0.2270
vn -0.1643 -0.9860 0.0282
vn -0.3929 -0.9165 0.0756
vn -0.2382 -0.9611 -0.1396
vn -0.2907 -0.7625 0.5781
vn -0.2901 -0.7836 0.5494
vn -0.5101 -0.7322 0.4512
vn -0.2530 -0.3422 0.9049
vn -0.4915 -0.3701 0.7884
vn -0.5056 -0.7420 0.4402
vn -0.5051 -0.4393 0.7429
vn -0.3396 0.0867 0.9366
vn -0.4104 -0.0454 0.9108
vn -0.1993 -0.5014 0.8420
vn -0.1993 -0.1614 0.9666
vn -0.2689 0.2866 0.9196
vn -0.1644 0.1203 0.9790
vn 0.0072 -0.1460 0.9893
vn -0.0231 0.0845 0.9962
vn -0.1136 0.4046 0.9074
vn -0.0375 0.3472 0.9370
vn 0.0355 0.1238 0.9917
vn 0.0133 0.3424 0.9394
vn -0.0319 0.6302 0.7758
vn 0.0057 0.5752 0.8180
vn 0.0331 0.3412 0.9394
vn 0.0335 0.5388 0.8418
vn 0.0143 0.7742 0.6327
vn 0.0444 0.7403 0.6708
vn 0.0487 0.5032 0.8628
vn 0.0721 0.7198 0.6904
vn 0.0591 0.9033 0.4250
vn 0.0923 0.8995 0.4270
vn 0.0711 0.7084 0.7023
vn 0.0952 0.9022 0.4206
vn 0.1033 0.9873 0.1203
vn 0.1035 0.9899 0.0966
vn 0.0166 0.9109 0.4124
vn 0.0308 0.9971 0.0696
vn 0.0961 0.9730 -0.2097
vn 0.0303 0.9666 -0.2545
vn -0.0884 0.9946 0.0537
vn -0.0646 0.9584 -0.2780
vn 0.0187 0.8452 -0.5342
vn -0.0427 0.8311 -0.5545
vn -0.0549 0.9657 -0.2536
vn -0.0191 0.8540 -0.5199
vn -0.0278 0.7014 -0.7122
vn 0.0132 0.7236 -0.6901
vn 0.0325 0.8895 -0.4558
vn 0.0548 0.7503 -0.6588
vn 0.0192 0.6060 -0.7953
vn 0.0640 0.5686 -0.8201
vn 0.0347 0.7615 -0.6472
vn 0.0437 0.5519 -0.8328
vn 0.0667 0.3176 -0.9459
vn 0.0539 0.2849 -0.9570
vn -0.0005 0.4047 -0.9144
vn -0.0149 0.0725 -0.9973
vn 0.0775 0.0246 -0.9967
vn 0.0699 0.0109 -0.9975
vn 0.0994 -0.2297 -0.9682
vn 0.0926 -0.2191 -0.9713
vn 0.0391 0.0059 -0.9992
vn 0.0534 -0.2128 -0.9756
vn 0.1186 -0.4201 -0.8997
vn 0.0725 -0.4161 -0.9064
vn 0.0048 -0.2025 -0.9793
vn 0.0128 -0.4060 -0.9138
vn 0.0951 -0.6344 -0.7671
vn 0.0302 -0.6186 -0.7851
vn -0.0518 -0.3839 -0.9219
vn -0.0437 -0.5673 -0.8223
vn 0.0540 -0.8515 -0.5216
vn -0.0229 -0.8208 -0.5707
vn -0.0272 -0.5154 -0.8565
vn -0.0078 -0.3859 -0.9225
vn -0.0073 -0.7690 -0.6392
vn -0.0057 -0.9932 -0.1166
vn 0.0322 -0.9882 -0.1500
vn 0.1626 -0.7243 -0.6700
vn 0.1352 -0.5003 -0.8552
vn 0.2405 -0.9554 -0.1715
vn 0.0568 -0.9789 0.1962
vn 0.2803 -0.9334 0.2242
vn 0.5507 -0.8225 -0.1419
vn 0.4188 -0.6502 -0.6339
vn 0.5901 -0.7553 0.2850
vn 0.2715 -0.8603 0.4315
vn 0.5998 -0.5939 0.5361
vn 0.8452 -0.4336 0.3124
vn 0.8290 -0.5536 -0.0791
vn 0.8447 -0.2935 0.4475
vn 0.8869 -0.3829 0.2585
vn 0.9696 -0.0351 0.2423
vn 0.9674 -0.2442 -0.0674
vn 0.9419 0.3334 0.0406
vn 0.9915 0.0582 -0.1164
vn 0.9848 0.1738 0.0035
vn 0.9882 0.0351 -0.1489
vn 0.9710 -0.1994 -0.1319
vn 0.8550 -0.2705 -0.4426
vn 0.8695 -0.1331 -0.4756
vn 0.9587 -0.2604 -0.1143
vn 0.8365 -0.3697 -0.4045
vn 0.9596 -0.2412 -0.1445
vn 0.8244 -0.3677 -0.4304
vn 0.9599 -0.2127 -0.1829
vn 0.8230 -0.2971 -0.4842
vn 0.9891 -0.1413 0.0422
vn 0.9666 -0.1170 0.2281
vn 0.9852 -0.1704 0.0195
vn 0.9587 -0.2002 -0.2022
vn 0.9589 -0.1552 0.2375
vn 0.8644 -0.1373 0.4836
vn 0.8435 -0.1617 0.5122
vn 0.9551 -0.1453 0.2582
vn 0.9921 -0.1254 0.0105
vn 0.8205 -0.1785 0.5430
vn 0.6866 -0.1766 0.7053
vn 0.6608 -0.2069 0.7215
vn 0.8030 -0.0644 0.5925
vn 0.9522 -0.0137 0.3051
vn 0.6488 -0.0956 0.7550
vn 0.4968 -0.2084 0.8425
vn 0.5208 -0.0908 0.8488
vn 0.6207 0.0707 0.7809
vn 0.7594 0.1345 0.6366
vn 0.5311 0.0441 0.8462
vn 0.2862 -0.0696 0.9556
vn 0.2846 0.0269 0.9583
vn 0.5172 0.0794 0.8521
vn 0.5742 0.1341 0.8077
vn 0.2738 0.0545 0.9602
vn -0.0492 -0.0172 0.9986
vn -0.1108 0.0478 0.9927
vn 0.3234 -0.0342 0.9456
vn 0.4889 0.0004 0.8723
vn -0.0209 0.0038 0.9998
vn 0.1077 -0.1570 0.9817
vn 0.3552 -0.1510 0.9225
vn 0.1611 -0.2478 0.9553
vn 0.0227 -0.0610 0.9979
vn 0.0097 -0.0966 0.9953
vn 0.2488 -0.1599 0.9553
vn 0.2216 -0.1387 0.9652
vn -0.0276 -0.0895 0.9956
vn 0.5024 -0.1761 0.8465
vn 0.4999 -0.1047 0.8597
vn 0.6939 -0.1415 0.7061
vn 0.6837 -0.3202 0.6558
vn 0.4358 -0.3115 0.8444
vn 0.6942 -0.4223 0.5828
vn 0.3691 -0.5110 0.7763
vn 0.7308 -0.2394 0.6392
vn 0.4043 -0.3838 0.8302
vn 0.0835 0.2196 -0.9720
vn 0.0238 0.4226 -0.9060
vn -0.0481 0.5031 -0.8629
vn 0.1724 0.4845 -0.8576
vn 0.0707 0.5608 -0.8249
vn -0.1020 0.3898 -0.9152
vn 0.0372 0.4247 -0.9046
vn 0.3063 0.5825 -0.7529
vn 0.3347 0.4292 -0.8389
vn -0.1406 0.1807 -0.9734
vn -0.1802 -0.0499 -0.9824
vn -0.2267 -0.2516 -0.9409
vn -0.2765 -0.4206 -0.8641
vn -0.2489 -0.4183 -0.8735
vn -0.3679 -0.5677 -0.7365
vn -0.3064 -0.5864 -0.7498
vn -0.0699 -0.4839 -0.8723
vn -0.2343 -0.6124 -0.7550
vn 0.0003 -0.4805 -0.8770
vn -0.2096 -0.5710 -0.7937
vn -0.0911 -0.3385 -0.9365
vn -0.3751 -0.3521 -0.8575
vn 0.1792 -0.2846 -0.9417
vn 0.4710 -0.1664 -0.8663
vn 0.1671 -0.1279 -0.9776
vn -0.0983 -0.1540 -0.9832
vn 0.4510 -0.0384 -0.8917
vn 0.7086 -0.0356 -0.7047
vn 0.6832 0.0828 -0.7255
vn 0.4235 0.0839 -0.9020
vn 0.1567 0.0015 -0.9876
vn 0.6463 0.1801 -0.7416
vn 0.8264 0.1924 -0.5292
vn 0.7991 0.2636 -0.5403
vn 0.6479 0.1760 -0.7411
vn 0.4369 0.0919 -0.8948
vn 0.8096 0.2442 -0.5338
vn 0.9156 0.3332 -0.2252
vn 0.9316 0.2965 -0.2102
vn 0.8262 0.2089 -0.5231
vn 0.6621 0.1538 -0.7335
vn 0.9458 0.2544 -0.2019
vn 0.9437 0.3143 0.1035
vn 0.9574 0.2684 0.1065
vn 0.9519 0.2323 -0.1998
vn 0.8350 0.2006 -0.5125
vn 0.9664 0.2357 0.1024
vn 0.9098 0.2562 0.3267
vn 0.9202 0.2101 0.3303
vn 0.9698 0.2237 0.0975
vn 0.9507 0.2400 -0.1966
vn 0.9262 0.1790 0.3320
vn 0.8177 0.1569 0.5539
vn 0.8235 0.1104 0.5564
vn 0.9302 0.1481 0.3359
vn 0.9726 0.2085 0.1029
vn 0.8270 0.0725 0.5575
vn 0.6427 0.0267 0.7656
vn 0.6525 -0.0070 0.7577
vn 0.8343 0.0277 0.5507
vn 0.9351 0.0932 0.3420
vn 0.6671 -0.0314 0.7443
vn 0.4044 -0.0853 0.9106
vn 0.4265 -0.0934 0.8997
vn 0.6864 -0.0007 0.7272
vn 0.8467 0.0191 0.5317
vn 0.4404 -0.0509 0.8964
vn 0.1243 -0.1598 0.9793
vn 0.1376 -0.1245 0.9826
vn 0.4671 -0.0695 0.8814
vn 0.7024 0.0335 0.7110
vn 0.1714 -0.2034 0.9640
vn -0.1782 -0.2014 0.9632
vn -0.1316 -0.3375 0.9321
vn 0.1605 -0.2136 0.9637
vn 0.4675 -0.0562 0.8822
vn -0.1658 -0.3638 0.9166
vn -0.4040 -0.4350 0.8047
vn -0.4251 -0.4846 0.7645
vn -0.1436 -0.4239 0.8943
vn 0.1921 -0.2893 0.9378
vn -0.4481 -0.5073 0.7361
vn -0.5679 -0.5337 0.6266
vn -0.5663 -0.5298 0.6314
vn -0.3095 -0.6263 0.7155
vn -0.0598 -0.5714 0.8185
vn -0.4726 -0.5990 0.6464
vn -0.6442 -0.5372 0.5444
vn -0.6010 -0.5951 0.5336
vn -0.4487 -0.5260 0.7224
vn -0.2858 -0.4871 0.8253
vn -0.6206 -0.5796 0.5281
vn -0.7418 -0.6126 0.2729
vn -0.7555 -0.6052 0.2508
vn -0.7036 -0.4773 0.5265
vn -0.5424 -0.3945 0.7417
vn -0.8242 -0.4884 0.2866
vn -0.8136 -0.5811 -0.0202
vn -0.8995 -0.4364 0.0222
vn -0.8650 -0.3501 0.3594
vn -0.7540 -0.3758 0.5388
vn -0.9545 -0.2852 0.0872
vn -0.9058 -0.3487 -0.2408
vn -0.9578 -0.2068 -0.1995
vn -0.9588 -0.2646 0.1030
vn -0.8711 -0.2937 0.3937
vn -0.9551 -0.2141 -0.2045
vn -0.8803 -0.1248 -0.4577
vn -0.8642 -0.1540 -0.4790
vn -0.9157 -0.3402 -0.2140
vn -0.9288 -0.3607 0.0853
vn -0.8139 -0.2880 -0.5046
vn -0.6815 -0.0798 -0.7274
vn -0.6242 -0.2141 -0.7513
vn -0.7496 -0.4240 -0.5082
vn -0.8556 -0.4730 -0.2103
vn -0.5617 -0.3387 -0.7549
vn -0.3769 -0.1264 -0.9176
vn -0.3328 -0.2348 -0.9133
vn -0.5420 -0.3823 -0.7484
vn -0.7266 -0.4716 -0.4996
vn -0.3228 -0.2779 -0.9048
vn -0.0840 -0.1239 -0.9887
vn -0.0705 -0.1656 -0.9837
vn -0.3240 -0.2790 -0.9040
vn -0.5566 -0.3737 -0.7420
vn -0.0625 -0.1763 -0.9824
vn 0.1908 -0.0597 -0.9798
vn 0.2038 -0.0726 -0.9763
vn -0.0520 -0.1740 -0.9834
vn -0.3188 -0.2728 -0.9077
vn 0.2098 -0.0762 -0.9748
vn 0.4500 0.0196 -0.8928
vn 0.4545 0.0160 -0.8906
vn 0.2192 -0.0634 -0.9736
vn -0.0387 -0.1562 -0.9870
vn 0.4547 0.0228 -0.8904
vn 0.6760 0.0979 -0.7304
vn 0.6780 0.1065 -0.7273
vn 0.4864 0.0323 -0.8731
vn 0.2662 -0.0323 -0.9634
vn 0.6885 0.1034 -0.7178
vn 0.8523 0.1703 -0.4946
vn 0.8564 0.1758 -0.4854
vn 0.6694 0.1137 -0.7342
vn 0.5518 0.0603 -0.8318
vn 0.8327 0.2278 -0.5047
vn 0.9479 0.2219 -0.2287
vn 0.9309 0.3087 -0.1952
vn 0.9488 0.2044 -0.2409
vn 0.9759 0.2183 -0.0017
vn 0.9705 0.2406 -0.0155
vn 0.9473 0.3203 -0.0088
vn 0.9488 0.2518 0.1907
vn 0.9312 0.3316 0.1512
vn 0.9292 0.3696 -0.0067
vn 0.9022 0.4160 0.1137
vn 0.8569 0.3529 0.3758
vn 0.8302 0.4729 0.2950
vn 0.8689 0.4934 0.0400
vn 0.9137 0.3989 -0.0775
vn 0.7830 0.5916 0.1923
vn 0.6739 0.5267 0.5182
vn 0.6187 0.6859 0.3830
vn 0.7271 0.6689 0.1545
vn 0.8114 0.5845 -0.0068
vn 0.5606 0.7566 0.3366
vn 0.3324 0.7389 0.5861
vn 0.2942 0.8101 0.5071
vn 0.4920 0.7766 0.3935
vn 0.6307 0.7464 0.2125
vn 0.2779 0.7929 0.5423
vn -0.0629 0.7828 0.6191
vn -0.0132 0.7810 0.6243
vn 0.1594 0.8828 0.4418
vn 0.3068 0.8916 0.3330
vn -0.0060 0.8675 0.4973
vn -0.3689 0.6989 0.6127
vn -0.2228 0.8450 0.4861
vn 0.0082 0.9503 0.3113
vn -0.0390 0.9496 0.3112
vn -0.0568 0.9593 0.2765
vn -0.5522 0.7174 0.4248
vn -0.4661 0.8383 0.2830
vn -0.0018 0.9763 0.2162
vn 0.1224 0.9694 0.2129
vn -0.4487 0.8551 0.2598
vn -0.7690 0.5702 0.2890
vn -0.7988 0.5488 0.2465
vn -0.4311 0.8466 0.3122
vn -0.0384 0.9711 0.2357
vn -0.7898 0.5126 0.3367
vn -0.9813 0.0265 0.1905
vn -0.9414 -0.1001 0.3222
vn -0.9533 0.1352 0.2701
vn -0.8893 -0.4120 0.1985
vn -0.8213 -0.5643 0.0836
vn -0.6797 -0.6993 0.2212
vn -0.4184 -0.9081 -0.0168
vn -0.2200 -0.9723 0.0796
vn -0.5929 -0.7964 0.1191
vn -0.2368 -0.9677 0.0866
vn 0.0400 -0.9959 -0.0817
vn 0.2391 -0.9659 -0.0998
vn 0.2186 -0.9730 -0.0734
vn 0.3175 -0.9477 0.0336
vn 0.0732 -0.9933 0.0895
vn 0.1888 -0.9563 0.2233
vn 0.3332 -0.8881 0.3167
vn 0.3443 -0.6632 0.6645
vn 0.3957 -0.5674 0.7221
vn 0.3970 -0.7487 0.5309
vn 0.6293 0.0463 0.7758
vn 0.4837 0.1099 0.8683
vn 0.4559 0.1640 0.8748
vn 0.3300 0.7813 0.5298
vn 0.3089 0.8291 0.4661
vn 0.4005 0.7406 0.5395
vn 0.1566 0.9285 0.3366
vn 0.1278 0.9577 0.2578
vn 0.1732 0.9734 0.1499
vn 0.1708 0.9718 0.1624
vn -0.0097 0.9672 0.2539
vn -0.1072 0.9509 0.2903
vn 0.1211 0.9586 0.2577
vn 0.2733 0.9281 0.2528
vn 0.4273 0.8742 0.2306
vn 0.2644 0.9355 0.2342
vn 0.4280 0.8911 0.1507
vn 0.3560 0.9003 0.2506
vn 0.4890 0.8666 0.0996
vn 0.3150 0.9033 0.2914
vn 0.5596 0.7091 0.4289
vn 0.5612 0.7660 0.3134
vn 0.8324 0.0843 0.5478
vn 0.8605 0.3176 0.3983
vn 0.6172 -0.7184 0.3209
vn 0.7378 -0.6174 0.2729
vn 0.1455 -0.9885 -0.0409
vn 0.1967 -0.9786 0.0603
vn 0.0594 -0.9974 0.0397
vn 0.3446 -0.9372 0.0542
vn 0.5030 -0.8638 -0.0294
vn 0.2305 -0.9667 0.1109
vn 0.2743 -0.9597 -0.0615
vn 0.5560 -0.8132 -0.1720
vn 0.1468 -0.9840 0.1005
vn 0.0772 -0.9970 -0.0020
vn 0.1058 -0.9922 0.0658
vn -0.0068 -1.0000 -0.0058
vn 0.0756 -0.9964 0.0395
vn -0.0476 -0.9976 -0.0496
vn -0.0219 -0.9994 0.0275
vn -0.1544 -0.9830 -0.0998
vn -0.2186 -0.9752 0.0346
vn -0.3605 -0.9249 -0.1212
vn -0.4670 -0.8815 0.0700
vn -0.6226 -0.7769 -0.0933
vn -0.7440 -0.6527 0.1433
vn -0.8701 -0.4928 -0.0045
vn -0.9408 -0.2461 0.2332
vn -0.9847 -0.1181 0.1279
vn -0.9300 0.2040 0.3058
vn -0.9465 0.1942 0.2576
vn -0.7750 0.5193 0.3603
vn -0.8454 0.3802 0.3751
vn -0.6765 0.5360 0.5049
vn -0.7379 0.4160 0.5315
vn -0.8797 0.2283 0.4171
vn -0.4507 0.6366 0.6257
vn -0.4593 0.5044 0.7312
vn -0.7091 0.2876 0.6438
vn -0.0649 0.6844 0.7262
vn -0.0044 0.4557 0.8901
vn -0.3663 0.2889 0.8845
vn 0.3882 0.5388 0.7476
vn 0.4097 0.3293 0.8507
vn 0.0702 0.2386 0.9686
vn 0.6870 0.3605 0.6309
vn 0.6802 0.2244 0.6978
vn 0.4148 0.1621 0.8954
vn 0.8633 0.2525 0.4370
vn 0.8529 0.2058 0.4798
vn 0.6703 0.1574 0.7252
vn 0.9472 0.2211 0.2324
vn 0.9427 0.2019 0.2655
vn 0.8419 0.1738 0.5108
vn 0.9781 0.2077 0.0140
vn 0.9778 0.2079 0.0273
vn 0.9388 0.1957 0.2833
vn 0.9499 0.1946 -0.2444
vn 0.9505 0.1969 -0.2405
vn 0.8495 0.1590 -0.5030
vn 0.8477 0.1605 -0.5056
vn 0.6718 0.0989 -0.7341
vn 0.6659 0.1070 -0.7383
vn 0.8475 0.1679 -0.5035
vn 0.4379 0.0301 -0.8985
vn 0.4174 0.0659 -0.9063
vn 0.6532 0.1421 -0.7438
vn 0.1679 -0.0223 -0.9856
vn 0.1396 0.0609 -0.9883
vn 0.3867 0.1562 -0.9089
vn -0.1169 -0.0344 -0.9925
vn -0.1666 0.0887 -0.9820
vn 0.1076 0.1874 -0.9764
vn -0.4364 0.0014 -0.8998
vn -0.4846 0.0704 -0.8719
vn -0.2078 0.1762 -0.9622
vn -0.7145 -0.0280 -0.6991
vn -0.7069 -0.0866 -0.7020
vn -0.5070 0.0460 -0.8607
vn -0.8419 -0.2262 -0.4899
vn -0.7502 -0.3465 -0.5631
vn -0.6431 -0.1767 -0.7451
vn -0.8144 -0.5013 -0.2922
vn -0.8012 -0.5239 -0.2892
vn -0.7112 -0.3765 -0.5937
vn -0.8052 -0.5930 -0.0039
vn -0.8645 -0.5019 0.0268
vn -0.8610 -0.4447 -0.2468
vn -0.7919 -0.5342 0.2959
vn -0.8398 -0.4569 0.2932
vn -0.9087 -0.4133 0.0589
vn -0.6949 -0.5111 0.5059
vn -0.7828 -0.4208 0.4585
vn -0.8833 -0.3683 0.2900
vn -0.6264 -0.4632 0.6270
vn -0.7120 -0.3063 0.6319
vn -0.8378 -0.3178 0.4440
vn -0.4812 -0.2675 0.8348
vn -0.4942 -0.2718 0.8257
vn -0.7134 -0.3079 0.6295
vn -0.1940 -0.2201 0.9560
vn -0.2292 -0.2164 0.9490
vn -0.5174 -0.2587 0.8157
vn 0.0926 -0.1584 0.9830
vn 0.0509 -0.1326 0.9899
vn -0.2830 -0.1849 0.9411
vn 0.3797 -0.0580 0.9233
vn 0.3410 0.0067 0.9401
vn -0.0111 -0.0681 0.9976
vn 0.6269 0.0850 0.7745
vn 0.5924 0.1815 0.7849
vn 0.2769 0.1167 0.9538
vn 0.8015 0.2272 0.5531
vn 0.7714 0.3177 0.5513
vn 0.5394 0.2925 0.7896
vn 0.8915 0.3191 0.3215
vn 0.8662 0.3872 0.3158
vn 0.7351 0.4002 0.5472
vn 0.9252 0.3676 0.0940
vn 0.9103 0.4057 0.0819
vn 0.8456 0.4371 0.3065
vn 0.9191 0.3212 -0.2282
vn 0.9412 0.2668 -0.2073
vn 0.9207 0.3813 0.0831
vn 0.8627 0.1003 -0.4956
vn 0.8597 0.1278 -0.4945
vn 0.9464 0.2535 -0.2001
vn 0.8373 0.1943 -0.5111
vn 0.9450 0.2485 -0.2128
vn 0.8215 0.2578 -0.5086
vn 0.9426 0.2417 -0.2305
vn 0.8085 0.3269 -0.4894
vn 0.9400 0.2367 -0.2457
vn 0.6009 0.3944 -0.6952
vn 0.5603 0.5236 -0.6418
vn 0.7867 0.4044 -0.4664
vn 0.5499 0.5108 -0.6608
vn 0.7643 0.4468 -0.4649
vn 0.3463 0.5269 -0.7762
vn 0.4245 0.2900 -0.8577
vn 0.6018 0.3019 -0.7393
vn 0.2777 0.2557 -0.9260
vn 0.3138 0.0713 -0.9468
vn 0.4520 0.0627 -0.8898
vn 0.1087 0.0676 -0.9918
vn 0.1058 -0.0400 -0.9936
vn 0.2987 -0.0625 -0.9523
vn 0.0707 -0.1409 -0.9875
vn 0.0399 0.6241 0.7803
vn 0.1134 0.5172 0.8483
vn 0.1364 0.6514 0.7463
vn 0.2295 0.5955 0.7699
vn 0.2331 0.6674 0.7073
vn 0.2476 0.7343 0.6320
vn 0.4407 0.6181 0.6509
vn 0.4859 0.6606 0.5722
vn 0.2795 0.6605 0.6969
vn 0.7022 0.5146 0.4920
vn 0.6556 0.5015 0.5645
vn 0.5359 0.4860 0.6904
vn 0.5059 0.2907 0.8121
vn 0.3840 0.1633 0.9088
vn 0.8015 -0.0632 0.5946
vn 0.9005 -0.3724 0.2245
vn 0.4835 0.0138 0.8752
vn 0.2482 0.3342 0.9092
vn 0.3387 0.4866 0.8053
vn 0.1596 0.4621 0.8723
vn 0.3364 0.5289 0.7792
vn 0.0978 0.5915 0.8003
vn 0.0549 0.6925 0.7193
vn 0.3951 -0.4023 0.8259
vn 0.3985 -0.4774 0.7831
vn 0.6268 -0.4386 0.6440
vn 0.5727 -0.3913 0.7203
vn 0.6436 -0.4102 0.6461
vn 0.7527 -0.4016 0.5218
vn 0.6448 -0.3155 0.6962
vn 0.5824 -0.3226 0.7462
vn 0.6348 -0.3555 0.6861
vn 0.4965 -0.4931 0.7144
vn 0.8609 -0.2896 0.4183
vn 0.7700 -0.1887 0.6095
vn 0.9345 -0.1085 0.3390
vn 0.8417 -0.0139 0.5398
vn 0.9565 -0.2189 0.1930
vn 0.9369 -0.0883 0.3382
vn 0.9405 -0.3381 0.0337
vn 0.9399 -0.1055 0.3246
vn 0.9742 0.0066 0.2257
vn 0.8948 0.2148 0.3913
vn 0.9861 0.1406 0.0888
vn 0.9000 0.3956 0.1832
vn 0.9983 -0.0066 -0.0583
vn 0.9908 -0.0375 -0.1298
vn 0.9733 0.2242 -0.0503
vn 0.8086 0.0021 -0.5883
vn 0.8537 -0.2208 -0.4717
vn 0.9262 -0.2969 -0.2323
vn 0.9731 -0.0591 -0.2226
vn 0.8748 -0.3084 -0.3737
vn 0.9026 -0.0594 -0.4264
vn 0.8548 -0.4094 -0.3188
vn 0.7205 -0.4236 -0.5490
vn 0.7327 -0.3107 -0.6055
vn 0.7402 -0.3804 -0.5544
vn 0.5042 -0.3990 -0.7659
vn 0.4911 -0.4248 -0.7605
vn 0.7603 -0.1106 -0.6400
vn 0.5010 -0.1281 -0.8559
vn 0.4142 0.1775 -0.8927
vn 0.1352 0.1387 -0.9811
vn 0.2150 -0.1631 -0.9629
vn 0.3374 -0.1376 0.9312
vn 0.2084 0.0055 0.9780
vn 0.1778 0.3197 0.9307
vn 0.1494 0.5232 0.8390
vn 0.3361 0.4581 0.8229
vn 0.3090 0.5727 0.7593
vn 0.5223 0.6733 0.5234
vn 0.2876 0.8133 0.5058
vn 0.4557 0.8664 0.2042
vn 0.7430 0.4497 0.4957
vn 0.7144 0.6627 0.2245
vn 0.6369 0.7706 0.0228
vn 0.3951 0.9185 0.0181
vn 0.8572 0.5150 -0.0051
vn 0.8074 0.5533 -0.2049
vn 0.5729 0.8027 -0.1657
vn 0.9420 0.2532 -0.2204
vn 0.8583 0.2548 -0.4455
vn 0.7172 0.5446 -0.4348
vn 0.6881 0.2507 -0.6809
vn 0.5401 0.5287 -0.6548
vn 0.7433 -0.0563 -0.6666
vn 0.4901 -0.0496 -0.8703
vn 0.4209 0.2691 -0.8663
vn 0.4963 -0.3059 -0.8125
vn 0.2263 -0.2922 -0.9292
vn 0.2081 -0.0306 -0.9776
vn 0.2327 -0.4153 -0.8794
vn 0.2377 -0.4089 -0.8811
vn 0.1522 0.3014 -0.9413
vn 0.0743 0.5515 -0.8308
vn 0.2867 0.5321 -0.7967
vn 0.0163 0.6915 -0.7222
vn 0.1285 0.7082 -0.6943
vn 0.3158 0.7504 -0.5807
vn 0.0145 0.8048 -0.5934
vn 0.1214 0.8582 -0.4987
vn 0.4758 0.7914 -0.3839
vn 0.2612 0.9045 -0.3370
vn 0.0535 0.8820 -0.4681
vn 0.1562 0.9289 -0.3357
vn 0.3535 0.9239 -0.1465
vn 0.2347 0.9591 -0.1585
vn 0.5816 0.7068 -0.4027
vn 0.6381 0.7658 -0.0796
vn 0.4668 0.6218 -0.6289
vn 0.8607 -0.1548 -0.4850
vn 0.9683 0.0119 -0.2495
vn 0.9743 0.2114 0.0780
vn 0.9577 -0.1679 -0.2336
vn 0.9751 0.2162 0.0501
vn 0.7990 0.4443 0.4052
vn 0.7908 0.5472 0.2742
vn 0.8884 0.4432 -0.1193
vn 0.7688 0.6350 0.0755
vn 0.4497 0.7614 0.4669
vn 0.4385 0.6379 0.6331
vn 0.4934 0.8088 0.3202
vn 0.7540 0.6420 -0.1390
vn 0.5571 0.8225 0.1150
vn 0.6621 0.6268 -0.4107
vn 0.7000 0.4330 -0.5679
vn 0.7576 0.5862 -0.2870
vn 0.8169 0.2301 -0.5288
vn 0.9145 0.0241 -0.4038
vn 0.8386 -0.1915 -0.5100
vn 0.8541 -0.3174 -0.4120
vn 0.7180 -0.4882 -0.4962
vn 0.7406 -0.3134 -0.5944
vn 0.6488 -0.4878 -0.5840
vn 0.3518 0.4299 -0.8315
vn -0.0128 0.8373 -0.5466
vn -0.0258 0.8198 -0.5721
vn -0.0153 0.7784 -0.6276
vn 0.6558 0.0340 0.7542
vn -0.1117 -0.3093 -0.9444
vn -0.0646 -0.3038 -0.9506
vn 0.0057 -0.2361 -0.9717
vn 0.0697 -0.3933 -0.9168
vn 0.1642 -0.3213 -0.9326
vn 0.2494 -0.1954 -0.9485
vn 0.3610 -0.3775 -0.8527
vn 0.4004 -0.2327 -0.8863
vn 0.4323 -0.0910 -0.8971
vn 0.5982 -0.2406 -0.7643
vn 0.6199 -0.1187 -0.7757
vn 0.6336 0.0497 -0.7721
vn 0.8394 -0.1330 -0.5269
vn 0.8408 0.0454 -0.5394
vn 0.7999 0.3002 -0.5196
vn 0.9694 0.0442 -0.2415
vn 0.9310 0.2825 -0.2310
vn 0.9027 0.3749 -0.2111
vn 0.9660 0.2531 0.0528
vn 0.9436 0.3262 0.0562
vn 0.9279 0.2927 -0.2308
vn 0.9735 0.2266 0.0318
vn 0.8909 0.2857 0.3532
vn 0.9240 0.1864 0.3338
vn 0.9872 0.1592 0.0103
vn 0.9464 0.1092 0.3039
vn 0.7466 0.1388 0.6507
vn 0.7718 0.0558 0.6335
vn 0.9487 0.1107 0.2963
vn 0.9826 0.1845 0.0203
vn 0.7821 0.0131 0.6230
vn 0.5333 -0.0235 0.8456
vn 0.7720 0.0829 0.6302
vn 0.9321 0.1743 0.3176
vn 0.7319 0.2947 0.6144
vn 0.8927 0.3116 0.3257
vn 0.7014 0.4300 0.5685
vn 0.8523 0.4225 0.3082
vn 0.4043 0.3764 0.8336
vn 0.0575 0.2389 0.9693
vn 0.4326 0.4164 0.7997
vn 0.7068 0.4473 0.5480
vn 0.0658 0.3196 0.9453
vn -0.1592 0.0662 0.9850
vn -0.2519 0.1693 0.9528
vn 0.1272 0.3005 0.9453
vn 0.4826 0.3784 0.7899
vn -0.2322 0.1756 0.9567
vn -0.3391 0.0651 0.9385
vn -0.4106 0.0502 0.9104
vn -0.1719 0.1307 0.9764
vn 0.1996 0.2286 0.9529
vn -0.4399 0.0117 0.8979
vn -0.3880 -0.0456 0.9205
vn -0.4787 -0.0861 0.8738
vn -0.4150 -0.0500 0.9085
vn -0.0921 0.0354 0.9951
vn -0.5515 -0.1318 0.8237
vn -0.5039 -0.2242 0.8341
vn -0.5618 -0.2495 0.7887
vn -0.5699 -0.1808 0.8016
vn -0.3508 -0.1274 0.9277
vn -0.6419 -0.2597 0.7215
vn -0.6711 -0.4013 0.6233
vn -0.6966 -0.3801 0.6085
vn -0.6957 -0.2682 0.6664
vn -0.5517 -0.2200 0.8045
vn -0.7536 -0.3557 0.5528
vn -0.8021 -0.4746 0.3625
vn -0.8146 -0.4495 0.3664
vn -0.7987 -0.3497 0.4897
vn -0.7119 -0.2956 0.6371
vn -0.8423 -0.4219 0.3356
vn -0.8616 -0.4923 0.1234
vn -0.8721 -0.4715 0.1310
vn -0.8788 -0.3721 0.2987
vn -0.8267 -0.3368 0.4508
vn -0.9052 -0.4067 0.1233
vn -0.8665 -0.4844 -0.1207
vn -0.8963 -0.4280 -0.1160
vn -0.9379 -0.3293 0.1092
vn -0.9027 -0.3202 0.2874
vn -0.9294 -0.3459 -0.1288
vn -0.8032 -0.4277 -0.4147
vn -0.8223 -0.3557 -0.4442
vn -0.9305 -0.3307 -0.1573
vn -0.9356 -0.3414 0.0904
vn -0.8206 -0.2977 -0.4878
vn -0.5996 -0.3401 -0.7244
vn -0.5991 -0.2370 -0.7648
vn -0.7978 -0.2877 -0.5298
vn -0.9064 -0.3729 -0.1986
vn -0.5951 -0.1743 -0.7845
vn -0.3970 -0.1786 -0.9003
vn -0.4262 -0.0893 -0.9002
vn -0.5767 -0.1906 -0.7944
vn -0.7519 -0.3305 -0.5705
vn -0.4372 -0.0808 -0.8957
vn -0.2087 0.0135 -0.9779
vn -0.2225 0.0557 -0.9733
vn -0.4595 -0.0763 -0.8849
vn -0.5817 -0.2115 -0.7854
vn -0.2293 0.0921 -0.9690
vn 0.0696 0.1949 -0.9784
vn 0.0615 0.2456 -0.9674
vn -0.2356 0.1458 -0.9609
vn -0.4936 -0.0263 -0.8693
vn 0.0586 0.2936 -0.9541
vn 0.3179 0.3444 -0.8834
vn 0.3145 0.3890 -0.8659
vn 0.0694 0.3105 -0.9480
vn -0.2302 0.1866 -0.9551
vn 0.3237 0.3970 -0.8588
vn 0.5544 0.4600 -0.6935
vn 0.5416 0.4622 -0.7021
vn 0.3300 0.3689 -0.8689
vn 0.0847 0.2826 -0.9555
vn 0.5466 0.4363 -0.7147
vn 0.7276 0.5058 -0.4634
vn 0.7401 0.4761 -0.4749
vn 0.5765 0.3663 -0.7304
vn 0.3494 0.2834 -0.8931
vn 0.7728 0.4150 -0.4801
vn 0.8581 0.4783 -0.1868
vn 0.8861 0.4197 -0.1967
vn 0.8170 0.3044 -0.4897
vn 0.6224 0.2431 -0.7440
vn 0.9236 0.3237 -0.2053
vn 0.9153 0.3954 0.0764
vn 0.9498 0.3066 0.0627
vn 0.9465 0.2383 -0.2177
vn 0.8429 0.2035 -0.4981
vn 0.9691 0.2408 0.0540
vn 0.9127 0.2654 0.3108
vn 0.9288 0.2146 0.3021
vn 0.9755 0.2158 0.0419
vn 0.9511 0.2051 -0.2310
vn 0.9343 0.2003 0.2948
vn 0.8288 0.1649 0.5346
vn 0.8318 0.1586 0.5319
vn 0.8352 0.1586 0.5265
vn 0.6533 0.0891 0.7518
vn 0.6597 0.0954 0.7455
vn 0.6649 0.1170 0.7377
vn 0.4178 0.0113 0.9085
vn 0.4238 0.0353 0.9051
vn 0.4193 0.0790 0.9044
vn 0.1425 -0.0601 0.9880
vn 0.1438 -0.0127 0.9895
vn 0.1246 0.0753 0.9894
vn -0.1419 -0.1088 0.9839
vn -0.1586 -0.0253 0.9870
vn -0.2386 0.1070 0.9652
vn -0.4326 -0.1330 0.8917
vn -0.4870 -0.0241 0.8731
vn -0.5964 0.1202 0.7936
vn -0.6888 -0.1268 0.7138
vn -0.7344 -0.0122 0.6786
vn -0.8270 0.1024 0.5528
vn -0.6628 -0.2326 0.7118
vn -0.8153 -0.3126 0.4873
vn -0.8425 -0.1951 0.5022
vn -0.6350 -0.2912 0.7155
vn -0.7878 -0.3592 0.5004
vn -0.4124 -0.2043 0.8878
vn -0.4101 -0.2408 0.8797
vn -0.6195 -0.3146 0.7192
vn -0.1494 -0.1560 0.9764
vn -0.1603 -0.1816 0.9702
vn -0.4153 -0.2644 0.8704
vn 0.1321 -0.0852 0.9876
vn 0.1190 -0.0962 0.9882
vn -0.1735 -0.1913 0.9661
vn 0.4063 0.0005 0.9137
vn 0.3919 -0.0023 0.9200
vn 0.1034 -0.0966 0.9899
vn 0.6467 0.0890 0.7575
vn 0.6300 0.1168 0.7678
vn 0.3713 0.0128 0.9284
vn 0.8143 0.2047 0.5432
vn 0.7780 0.2849 0.5599
vn 0.5975 0.1818 0.7810
vn 0.8765 0.3513 0.3293
vn 0.8420 0.4056 0.3556
vn 0.7344 0.3392 0.5879
vn 0.8866 0.4524 0.0963
vn 0.8770 0.4673 0.1121
vn 0.8371 0.3945 0.3790
vn 0.8442 0.5077 -0.1721
vn 0.8522 0.4969 -0.1638
vn 0.8889 0.4435 0.1148
vn 0.7431 0.5020 -0.4426
vn 0.7791 0.4586 -0.4274
vn 0.8766 0.4540 -0.1596
vn 0.5799 0.4208 -0.6976
vn 0.6043 0.3680 -0.7067
vn 0.8124 0.4070 -0.4177
vn 0.3340 0.2914 -0.8964
vn 0.3638 0.2344 -0.9015
vn 0.6260 0.2998 -0.7199
vn 0.0914 0.1379 -0.9862
vn 0.1444 0.0238 -0.9892
vn 0.4187 0.1128 -0.9011
vn -0.1624 -0.0912 -0.9825
vn -0.0987 -0.2136 -0.9719
vn 0.2002 -0.1046 -0.9742
vn -0.3584 -0.2962 -0.8853
vn -0.3449 -0.3471 -0.8721
vn -0.0663 -0.2614 -0.9629
vn -0.6030 -0.4011 -0.6896
vn -0.6027 -0.4211 -0.6777
vn -0.3494 -0.3494 -0.8694
vn -0.7823 -0.4670 -0.4123
vn -0.7699 -0.4875 -0.4118
vn -0.5943 -0.4359 -0.6758
vn -0.8565 -0.5006 -0.1255
vn -0.8514 -0.5106 -0.1197
vn -0.7601 -0.5130 -0.3989
vn -0.8601 -0.4984 0.1085
vn -0.8590 -0.5026 0.0975
vn -0.8462 -0.5219 -0.1078
vn -0.8084 -0.4830 0.3363
vn -0.8353 -0.4518 0.3134
vn -0.8729 -0.4789 0.0937
vn -0.6957 -0.3848 0.6065
vn -0.7527 -0.3111 0.5802
vn -0.8812 -0.3711 0.2928
vn -0.5041 -0.1785 0.8450
vn -0.5483 -0.1247 0.8269
vn -0.8102 -0.2359 0.5366
vn -0.3451 -0.0051 0.9386
vn -0.3446 -0.0200 0.9386
vn -0.6211 -0.1281 0.7732
vn -0.2266 0.0098 0.9739
vn 0.0874 -0.2100 0.9738
vn -0.1748 -0.2159 0.9606
vn 0.3028 -0.3505 0.8863
vn 0.1496 -0.4434 0.8838
vn 0.2319 -0.3220 0.9179
vn 0.1920 -0.4896 0.8506
vn 0.1328 -0.2975 0.9454
vn 0.0905 -0.4745 0.8756
vn 0.1542 -0.2459 0.9569
vn 0.1696 -0.2607 0.9504
vn 0.0305 -0.6955 0.7179
vn -0.0128 -0.8552 0.5182
vn 0.0367 -0.6850 0.7276
vn -0.1493 -0.8207 0.5515
vn -0.0381 -0.9523 0.3028
vn -0.2728 -0.9028 0.3325
vn -0.4190 -0.6883 0.5922
vn -0.1543 -0.5763 0.8026
vn -0.5560 -0.7555 0.3467
vn -0.3654 -0.9266 0.0882
vn -0.6016 -0.7919 0.1050
vn -0.8150 -0.4973 0.2973
vn -0.7243 -0.4204 0.5465
vn -0.8311 -0.5483 0.0933
vn -0.5813 -0.8031 -0.1305
vn -0.7967 -0.5919 -0.1222
vn -0.9497 -0.3035 0.0777
vn -0.9265 -0.2872 0.2429
vn -0.9464 -0.3095 -0.0923
vn -0.6875 -0.6164 -0.3839
vn -0.8813 -0.3199 -0.3478
vn -0.9427 -0.3197 -0.0956
vn -0.9457 -0.3149 0.0801
vn -0.8810 -0.3023 -0.3639
vn -0.6791 -0.3393 -0.6509
vn -0.6921 -0.2495 -0.6774
vn -0.8328 -0.4080 -0.3741
vn -0.9028 -0.4181 -0.1009
vn -0.6481 -0.3345 -0.6841
vn -0.3983 -0.1867 -0.8981
vn -0.3742 -0.2043 -0.9046
vn -0.5922 -0.4477 -0.6700
vn -0.7765 -0.5096 -0.3706
vn -0.3360 -0.3081 -0.8901
vn -0.0914 -0.0780 -0.9928
vn -0.0658 -0.1412 -0.9878
vn -0.3180 -0.3749 -0.8708
vn -0.5647 -0.4899 -0.6641
vn -0.0507 -0.2108 -0.9762
vn 0.1847 -0.0092 -0.9827
vn 0.2090 -0.0509 -0.9766
vn -0.0579 -0.2394 -0.9692
vn -0.3325 -0.3723 -0.8665
vn 0.2166 -0.0871 -0.9724
vn 0.4586 0.0731 -0.8856
vn 0.4739 0.0554 -0.8788
vn 0.2156 -0.1104 -0.9702
vn -0.0670 -0.2394 -0.9686
vn 0.4803 0.0314 -0.8766
vn 0.6738 0.1489 -0.7237
vn 0.6805 0.1441 -0.7185
vn 0.4829 -0.0041 -0.8757
vn 0.2200 -0.1357 -0.9660
vn 0.6830 0.1157 -0.7212
vn 0.8382 0.2124 -0.5023
vn 0.8433 0.2026 -0.4979
vn 0.6816 0.0657 -0.7288
vn 0.4813 -0.0369 -0.8758
vn 0.8542 0.1483 -0.4983
vn 0.9530 0.2364 -0.1896
vn 0.9668 0.1808 -0.1807
vn 0.8644 0.0843 -0.4958
vn 0.6737 0.0503 -0.7372
vn 0.9816 0.0834 -0.1720
vn 0.9816 0.1528 0.1141
vn 0.9913 0.0582 0.1184
vn 0.9796 0.1328 -0.1506
vn 0.8678 0.1608 -0.4702
vn 0.9861 0.1129 0.1218
vn 0.9404 0.0325 0.3385
vn 0.9373 0.1071 0.3316
vn 0.9483 0.2916 0.1254
vn 0.9408 0.3125 -0.1313
vn 0.9069 0.2478 0.3408
vn 0.8520 0.0913 0.5156
vn 0.8326 0.1784 0.5244
vn 0.8822 0.2895 0.3714
vn 0.9171 0.3782 0.1259
vn 0.8213 0.1837 0.5401
vn 0.6943 0.0776 0.7155
vn 0.7099 0.0550 0.7022
vn 0.7981 0.1805 0.5749
vn 0.8670 0.3024 0.3961
vn 0.7002 0.0295 0.7133
vn 0.4924 -0.1197 0.8621
vn 0.4810 -0.2003 0.8535
vn 0.6407 0.0892 0.7626
vn 0.7590 0.2269 0.6103
vn 0.4298 -0.1128 0.8958
vn 0.1997 -0.4225 0.8841
vn 0.1365 -0.3149 0.9392
vn 0.3798 0.0275 0.9246
vn 0.5846 0.1789 0.7913
vn 0.0964 -0.1268 0.9872
vn -0.1133 -0.4353 0.8931
vn -0.1600 -0.2223 0.9618
vn 0.0641 -0.0238 0.9977
vn 0.3223 0.1103 0.9402
vn -0.1722 -0.1398 0.9751
vn -0.3510 -0.2917 0.8898
vn -0.3958 -0.2485 0.8841
vn -0.1713 -0.1710 0.9703
vn 0.0797 -0.0668 0.9946
vn -0.4147 -0.2624 0.8713
vn -0.6107 -0.3431 0.7137
vn -0.6252 -0.3138 0.7146
vn -0.4246 -0.2620 0.8666
vn -0.1790 -0.1828 0.9667
vn -0.6088 -0.3016 0.7338
vn -0.7566 -0.3104 0.5755
vn -0.7375 -0.3172 0.5963
vn -0.5883 -0.3215 0.7420
vn -0.4256 -0.2674 0.8645
vn -0.7121 -0.3777 0.5918
vn -0.8601 -0.3447 0.3761
vn -0.8259 -0.4448 0.3467
vn -0.7119 -0.4126 0.5683
vn -0.5879 -0.3395 0.7342
vn -0.8118 -0.4857 0.3243
vn -0.8752 -0.4792 0.0662
vn -0.8514 -0.5211 0.0599
vn -0.8345 -0.4595 0.3040
vn -0.7410 -0.4011 0.5386
vn -0.8706 -0.4886 0.0579
vn -0.8307 -0.5182 -0.2037
vn -0.8489 -0.4890 -0.2004
vn -0.8899 -0.4530 0.0530
vn -0.8572 -0.4269 0.2880
vn -0.8657 -0.4575 -0.2033
vn -0.7451 -0.4518 -0.4907
vn -0.7601 -0.4299 -0.4872
vn -0.8741 -0.4381 -0.2097
vn -0.9006 -0.4327 0.0421
vn -0.7669 -0.4123 -0.4918
vn -0.5654 -0.3632 -0.7406
vn -0.5716 -0.3489 -0.7426
vn -0.7791 -0.3971 -0.4851
vn -0.8803 -0.4218 -0.2169
vn -0.5975 -0.3300 -0.7308
vn -0.3197 -0.2586 -0.9116
vn -0.3317 -0.2298 -0.9150
vn -0.6559 -0.3047 -0.6907
vn -0.8056 -0.3606 -0.4701
vn -0.3577 -0.1893 -0.9144
vn -0.0089 -0.1175 -0.9930
vn 0.0612 -0.0526 -0.9967
vn -0.3983 -0.1059 -0.9111
vn -0.7396 -0.2284 -0.6330
vn 0.1342 0.0438 -0.9900
vn 0.3883 0.0299 -0.9210
vn 0.5097 0.1243 -0.8514
vn 0.1207 0.1327 -0.9838
vn -0.4244 0.0154 -0.9053
vn 0.5275 0.2166 -0.8215
vn 0.6139 0.1230 -0.7797
vn 0.6661 0.2197 -0.7128
vn 0.4658 0.1856 -0.8652
vn 0.0517 0.0758 -0.9958
vn 0.6844 0.2451 -0.6866
vn 0.8189 0.0932 -0.5663
vn 0.7566 -0.3193 -0.5706
vn 0.8911 0.0536 -0.4506
vn 0.8019 -0.4125 -0.4322
vn 0.8896 -0.1479 -0.4322
vn 0.7017 -0.6222 -0.3472
vn 0.7978 -0.5281 -0.2910
vn 0.9385 0.0112 -0.3452
vn 0.7835 0.5697 -0.2483
vn 0.9319 -0.3613 -0.0323
vn 0.8524 0.5216 0.0365
vn 0.6649 0.7334 -0.1414
vn 0.5364 0.8405 0.0763
vn 0.8429 0.5205 -0.1366
vn 0.6858 0.7251 -0.0622
vn 0.6797 0.7313 0.0561
vn 0.3936 -0.8986 -0.1939
vn 0.5181 -0.8032 -0.2940
vn 0.1152 -0.9914 -0.0627
vn 0.2210 -0.9668 -0.1285
vn -0.0708 -0.9974 0.0112
vn -0.0072 -0.9999 0.0149
vn -0.1664 -0.9858 0.0218
vn -0.1498 -0.9818 0.1164
vn -0.2652 -0.9641 0.0097
vn -0.2669 -0.9455 0.1865
vn -0.4579 -0.8888 0.0167
vn -0.4948 -0.8301 0.2571
vn -0.7316 -0.6795 0.0559
vn -0.7954 -0.5345 0.2857
vn -0.8863 -0.4305 0.1709
vn -0.9890 -0.0389 -0.1428
vn -0.9164 -0.3708 -0.1508
vn -0.9547 -0.1794 -0.2373
vn -0.9299 -0.1144 -0.3495
vn -0.9407 -0.0269 -0.3381
vn -0.8343 -0.3537 -0.4230
vn -0.7797 -0.0368 -0.6251
vn -0.6492 -0.3531 -0.6737
vn -0.3296 -0.7652 -0.5530
vn -0.3287 -0.2967 -0.8966
vn -0.1007 -0.6731 -0.7327
vn -0.0378 -0.9504 -0.3088
vn 0.1404 -0.8753 -0.4629
vn 0.2509 -0.9347 -0.2516
vn 0.0517 -0.9936 -0.1000
vn 0.5195 -0.7352 -0.4354
vn -0.4143 -0.0102 -0.9101
vn -0.7992 -0.0666 -0.5974
vn -0.8527 -0.2923 -0.4330
vn -0.8880 -0.3192 -0.3309
vn -0.8915 -0.3556 -0.2807
vn -0.9494 -0.3100 -0.0509
vn -0.9119 -0.4098 0.0211
vn -0.9387 -0.2520 0.2354
vn -0.8937 -0.3724 0.2503
vn -0.8722 -0.4057 0.2734
vn -0.7688 -0.3789 0.5152
vn -0.6037 -0.3333 0.7242
vn -0.4209 -0.2732 0.8650
vn -0.1832 -0.1886 0.9648
vn 0.0907 -0.0885 0.9919
vn 0.3458 0.0541 0.9367
vn 0.5571 0.2395 0.7951
vn 0.7340 0.2976 0.6106
vn 0.8513 0.3454 0.3950
vn 0.9059 0.4070 0.1172
vn 0.9007 0.4108 -0.1414
vn 0.8443 0.3219 -0.4284
vn 0.6557 0.1596 -0.7379
vn 0.4644 -0.0122 -0.8855
vn 0.2227 -0.1512 -0.9631
vn -0.0645 -0.2519 -0.9656
vn -0.3491 -0.3496 -0.8694
vn -0.5753 -0.4673 -0.6714
vn -0.7555 -0.5342 -0.3793
vn -0.8580 -0.5036 -0.1009
vn -0.9124 -0.3997 0.0881
vn -0.9203 -0.2928 0.2593
vn -0.8396 -0.2302 0.4920
vn -0.5130 -0.3043 0.8026
vn -0.4656 -0.6114 -0.6398
vn -0.3926 -0.7032 -0.5928
vn -0.5103 -0.7738 -0.3752
vn -0.4715 -0.7920 -0.3879
vn -0.4479 -0.6848 -0.5749
vn -0.4374 -0.8853 -0.1581
vn -0.1683 -0.9600 -0.2237
vn -0.2551 -0.8564 -0.4488
vn -0.0821 -0.9954 0.0495
vn -0.3021 -0.7325 -0.6101
vn 0.9488 0.3048 0.0830
vn 0.9712 0.2320 0.0534
vn 0.5482 0.0658 0.8338
vn 0.4437 -0.0968 0.8909
vn 0.7248 0.2169 0.6539
vn 0.9148 0.2067 0.3471
vn 0.9992 0.0277 0.0284
vn 0.9661 -0.1271 -0.2248
vn 0.8282 -0.2296 -0.5112
vn 0.5899 -0.3606 -0.7225
vn 0.5873 -0.4623 -0.6644
vn 0.3118 -0.4710 -0.8252
vn 0.2883 -0.4368 -0.8521
vn 0.5951 -0.4466 -0.6682
vn 0.0184 -0.3695 -0.9290
vn 0.0192 -0.2526 -0.9674
vn 0.2934 -0.2851 -0.9125
vn -0.1220 -0.2348 -0.9644
vn -0.1054 -0.1282 -0.9861
vn 0.0456 -0.1186 -0.9919
vn -0.0868 -0.0555 -0.9947
vn -0.0773 0.0441 -0.9960
vn -0.0791 -0.0103 -0.9968
vn 0.0648 -0.0500 -0.9966
vn 0.2891 -0.0661 -0.9550
vn 0.2919 -0.1396 -0.9462
vn 0.5915 -0.1107 -0.7986
vn 0.6082 -0.1734 -0.7746
vn 0.6107 -0.3038 -0.7313
vn 0.8186 -0.2613 -0.5114
vn 0.8711 -0.1098 -0.4787
vn 0.6610 -0.4864 -0.5714
vn 0.0375 -0.9589 0.2812
vn 0.0076 -0.8726 0.4884
vn 0.0041 -0.9759 0.2183
vn -0.0156 -0.9487 0.3156
vn 0.0058 -0.9791 0.2034
vn 0.0644 -0.9770 0.2033
vn 0.0584 -0.9760 0.2097
vn 0.0677 -0.9918 -0.1080
vn 0.1173 -0.9852 -0.1249
vn 0.0992 -0.9809 0.1675
vn 0.1154 -0.8564 -0.5033
vn 0.1543 -0.8378 -0.5238
vn 0.1428 -0.9734 -0.1791
vn 0.1418 -0.6241 -0.7684
vn 0.1375 -0.6008 -0.7875
vn 0.1416 -0.8069 -0.5735
vn 0.1224 -0.4252 -0.8968
vn 0.0353 -0.4602 -0.8871
vn 0.0650 -0.6012 -0.7965
vn 0.0014 -0.2532 -0.9674
vn -0.0383 -0.2639 -0.9638
vn -0.0171 -0.5045 -0.8632
vn -0.0473 0.1412 -0.9888
vn 0.0501 0.1674 -0.9846
vn 0.0510 -0.2350 -0.9707
vn -0.0372 0.4979 -0.8664
vn 0.0260 0.5034 -0.8637
vn -0.0273 0.6390 -0.7687
vn 0.0075 0.6410 -0.7675
vn 0.0069 0.7120 -0.7021
vn 0.0675 0.7349 -0.6748
vn 0.0738 0.6223 -0.7793
vn 0.0793 0.8714 -0.4842
vn 0.1030 0.8978 -0.4282
vn 0.1020 0.7545 -0.6484
vn 0.1057 0.9803 -0.1666
vn 0.0821 0.9869 -0.1388
vn 0.0908 0.9153 -0.3924
vn 0.0727 0.9881 0.1353
vn 0.0458 0.9898 0.1350
vn 0.0609 0.9894 -0.1318
vn 0.0302 0.9154 0.4013
vn 0.0157 0.9363 0.3508
vn 0.0360 0.9922 0.1190
vn -0.0091 0.8278 0.5609
vn 0.0059 0.8722 0.4890
vn 0.0499 0.9554 0.2911
vn -0.0520 0.6916 0.7204
vn -0.0201 0.7288 0.6845
vn 0.0662 0.8763 0.4771
vn -0.1309 0.5318 0.8367
vn 0.1396 0.8300 0.5400
vn 0.1292 0.7921 0.5965
vn 0.1602 0.9652 0.2068
vn 0.1754 0.9509 0.2548
vn 0.1265 0.9568 0.2616
vn 0.2096 0.9762 0.0566
vn 0.1634 0.9832 0.0809
vn 0.0801 0.9921 0.0967
vn 0.1806 0.9808 -0.0738
vn 0.0885 0.9905 -0.1049
vn 0.0513 0.9897 -0.1335
vn 0.0770 0.9455 -0.3164
vn 0.0591 0.9269 -0.3706
vn 0.0769 0.9199 -0.3846
vn 0.0605 0.8096 -0.5838
vn 0.0877 0.7874 -0.6102
vn 0.0996 0.7713 -0.6286
vn 0.0911 0.6163 -0.7823
vn 0.1064 0.5962 -0.7957
vn 0.1117 0.6012 -0.7913
vn 0.1155 0.3889 -0.9140
vn 0.1323 0.4107 -0.9021
vn 0.0984 0.4535 -0.8858
vn 0.1492 0.1265 -0.9807
vn 0.1218 0.1500 -0.9812
vn 0.1176 -0.1968 -0.9734
vn 0.0331 -0.4933 -0.8692
vn 0.0071 -0.6356 -0.7719
vn 0.0829 -0.7851 -0.6138
vn 0.1264 -0.9588 -0.2546
vn 0.1126 -0.9885 0.1011
vn 0.0858 -0.9754 0.2032
vn 0.0514 -0.9742 0.2197
vn -0.0262 -0.7595 0.6500
vn 0.0313 -0.6051 0.7955
vn 0.1956 0.9806 0.0148
vn 0.2200 0.9716 0.0867
vn 0.3270 0.9369 -0.1237
vn 0.1102 0.8221 0.5585
vn 0.1099 0.9175 0.3823
vn 0.0043 0.2308 0.9730
vn -0.0186 0.2728 0.9619
vn 0.0469 0.9739 0.2219
vn 0.0292 -0.5752 0.8175
vn 0.0064 -0.6234 0.7819
vn 0.0072 -0.6749 0.7379
vn -0.0418 0.2700 0.9620
vn 0.0903 -0.9783 -0.1862
vn 0.1089 -0.3304 -0.9376
vn 0.0631 0.6545 -0.7534
vn 0.0259 0.6989 -0.7148
vn 0.1326 0.6473 -0.7506
vn -0.0083 0.9730 0.2306
vn -0.0349 0.9532 0.3003
vn 0.2434 0.7139 -0.6566
vn 0.1394 -0.3726 -0.9175
vn -0.0663 0.2015 0.9772
vn 0.0830 0.3788 0.9217
vn -0.1543 -0.2321 0.9604
vn 0.8376 0.5053 -0.2077
vt 0.748753 0.935858
vt 0.747435 0.935316
vt 0.749737 0.930197
vt 0.750811 0.934340
vt 0.431464 0.059243
vt 0.427428 0.057705
vt 0.429280 0.054579
vt 0.433967 0.057911
vt 0.434245 0.067280
vt 0.430418 0.067442
vt 0.955139 0.107562
vt 0.957469 0.100102
vt 0.961547 0.099288
vt 0.962102 0.103443
vt 0.958091 0.092016
vt 0.962264 0.092271
vt 0.437574 0.059926
vt 0.438040 0.067094
vt 0.985966 0.782202
vt 0.976100 0.799202
vt 0.973343 0.797955
vt 0.987228 0.776442
vt 0.989175 0.782790
vt 0.980070 0.798703
vt 0.993835 0.775946
vt 0.968577 0.926480
vt 0.966051 0.928184
vt 0.966785 0.916328
vt 0.971088 0.920035
vt 0.981022 0.778216
vt 0.973739 0.788154
vt 0.961529 0.923824
vt 0.960891 0.912042
vt 0.964527 0.910622
vt 0.963736 0.922238
vt 0.961275 0.928940
vt 0.938411 0.952112
vt 0.937877 0.944950
vt 0.937974 0.939602
vt 0.938567 0.948940
vt 0.933153 0.182145
vt 0.930408 0.176083
vt 0.932544 0.176439
vt 0.934146 0.179550
vt 0.929679 0.181290
vt 0.928448 0.177479
vt 0.930924 0.169404
vt 0.933760 0.170043
vt 0.935623 0.172177
vt 0.937983 0.928598
vt 0.938599 0.941761
vt 0.943422 0.921978
vt 0.940371 0.929683
vt 0.936800 0.923570
vt 0.838691 0.914625
vt 0.840783 0.909611
vt 0.847665 0.909614
vt 0.847024 0.916556
vt 0.828054 0.915665
vt 0.834718 0.908831
vt 0.836439 0.927027
vt 0.735907 0.925264
vt 0.734286 0.929132
vt 0.730268 0.927066
vt 0.733549 0.922442
vt 0.739462 0.925179
vt 0.738139 0.930539
vt 0.738813 0.918973
vt 0.898717 0.760390
vt 0.896241 0.755963
vt 0.903350 0.752645
vt 0.905095 0.758357
vt 0.905663 0.764486
vt 0.896797 0.766700
vt 0.890496 0.759908
vt 0.911320 0.756349
vt 0.910309 0.765454
vt 0.897392 0.772777
vt 0.918364 0.750684
vt 0.919683 0.757546
vt 0.920558 0.768160
vt 0.909402 0.772096
vt 0.898157 0.776361
vt 0.887310 0.772611
vt 0.884585 0.765791
vt 0.889522 0.777110
vt 0.941701 0.757771
vt 0.932133 0.761797
vt 0.930965 0.754165
vt 0.940598 0.749168
vt 0.950938 0.747058
vt 0.947588 0.757844
vt 0.933062 0.769784
vt 0.906586 0.779499
vt 0.898968 0.780332
vt 0.918736 0.776797
vt 0.902659 0.786861
vt 0.893152 0.785014
vt 0.889533 0.781195
vt 0.942819 0.774240
vt 0.958342 0.757582
vt 0.974432 0.760878
vt 0.963734 0.773394
vt 0.951419 0.788271
vt 0.935921 0.787620
vt 0.923499 0.827494
vt 0.928201 0.829239
vt 0.920768 0.831684
vt 0.916388 0.830916
vt 0.924823 0.820784
vt 0.936241 0.821922
vt 0.913691 0.826989
vt 0.917016 0.977206
vt 0.919056 0.976194
vt 0.923252 0.982781
vt 0.917912 0.981694
vt 0.902843 0.824837
vt 0.912786 0.817300
vt 0.855053 0.789441
vt 0.859625 0.787363
vt 0.858931 0.792920
vt 0.852436 0.793057
vt 0.853138 0.785723
vt 0.858272 0.782546
vt 0.847726 0.788672
vt 0.921708 0.974404
vt 0.926958 0.981712
vt 0.665421 0.750916
vt 0.665996 0.750693
vt 0.666513 0.754221
vt 0.665226 0.755310
vt 0.664307 0.748755
vt 0.665084 0.747722
vt 0.665770 0.746548
vt 0.666773 0.748381
vt 0.667237 0.748814
vt 0.666865 0.752686
vt 0.666397 0.750188
vt 0.666282 0.746238
vt 0.666871 0.744740
vt 0.667477 0.744371
vt 0.760551 0.748865
vt 0.748714 0.752396
vt 0.743875 0.750035
vt 0.751760 0.747892
vt 0.765051 0.748941
vt 0.757269 0.756576
vt 0.766075 0.742068
vt 0.778642 0.739994
vt 0.752156 0.743730
vt 0.007330 0.842822
vt 0.012364 0.842700
vt 0.011903 0.849304
vt 0.007765 0.846482
vt 0.737462 0.753234
vt 0.735391 0.750653
vt 0.721417 0.750094
vt 0.727730 0.745650
vt 0.737325 0.745415
vt 0.671365 0.733276
vt 0.671407 0.737079
vt 0.669908 0.740349
vt 0.670377 0.733923
vt 0.758877 0.693494
vt 0.763904 0.697486
vt 0.754031 0.700539
vt 0.752743 0.695276
vt 0.754390 0.687270
vt 0.759885 0.688334
vt 0.768293 0.690287
vt 0.737433 0.683272
vt 0.736636 0.678846
vt 0.741993 0.677954
vt 0.741153 0.684543
vt 0.735480 0.690074
vt 0.732239 0.687013
vt 0.729751 0.681837
vt 0.703869 0.674876
vt 0.708201 0.686912
vt 0.695719 0.700318
vt 0.692952 0.695568
vt 0.715083 0.668596
vt 0.718374 0.679514
vt 0.705169 0.648910
vt 0.711869 0.647679
vt 0.698832 0.672557
vt 0.699365 0.648184
vt 0.691438 0.690552
vt 0.786477 0.661313
vt 0.782587 0.674524
vt 0.770551 0.670248
vt 0.771674 0.657653
vt 0.796867 0.684296
vt 0.793696 0.688550
vt 0.772943 0.639470
vt 0.781778 0.639011
vt 0.789059 0.638072
vt 0.793474 0.657396
vt 0.800187 0.677509
vt 0.702069 0.090901
vt 0.717181 0.105301
vt 0.711192 0.120454
vt 0.695820 0.117215
vt 0.677777 0.116505
vt 0.681036 0.092569
vt 0.824210 0.485257
vt 0.803177 0.469701
vt 0.812454 0.448001
vt 0.829143 0.454770
vt 0.843921 0.482295
vt 0.846914 0.503539
vt 0.835531 0.508386
vt 0.845367 0.457299
vt 0.093401 0.598639
vt 0.074806 0.604730
vt 0.070707 0.592116
vt 0.084003 0.587019
vt 0.096905 0.575117
vt 0.104200 0.580250
vt 0.114093 0.582797
vt 0.110941 0.600928
vt 0.112146 0.617085
vt 0.095001 0.616883
vt 0.078118 0.619220
vt 0.134596 0.794654
vt 0.116126 0.786206
vt 0.118026 0.770477
vt 0.135043 0.772777
vt 0.150954 0.773633
vt 0.150909 0.793583
vt 0.124528 0.807513
vt 0.113176 0.799333
vt 0.150981 0.815402
vt 0.139684 0.817012
vt 0.128574 0.820703
vt 0.282994 0.883400
vt 0.280034 0.877119
vt 0.285584 0.871772
vt 0.294488 0.877600
vt 0.308437 0.885741
vt 0.289185 0.890533
vt 0.118166 0.814710
vt 0.110193 0.812741
vt 0.117323 0.824693
vt 0.108131 0.824623
vt 0.090538 0.832187
vt 0.090182 0.824541
vt 0.099768 0.823788
vt 0.097545 0.833922
vt 0.092992 0.848596
vt 0.082645 0.840623
vt 0.076381 0.830704
vt 0.859599 0.809299
vt 0.858209 0.799512
vt 0.866674 0.796196
vt 0.872420 0.802304
vt 0.885057 0.807893
vt 0.875787 0.814988
vt 0.866626 0.821862
vt 0.852288 0.815664
vt 0.844687 0.804156
vt 0.848596 0.799129
vt 0.840735 0.807673
vt 0.122950 0.850651
vt 0.114872 0.853431
vt 0.114391 0.837746
vt 0.125870 0.836645
vt 0.306327 0.870764
vt 0.320881 0.878252
vt 0.334473 0.888560
vt 0.325038 0.892886
vt 0.883978 0.840034
vt 0.868832 0.850895
vt 0.861873 0.842890
vt 0.870870 0.834998
vt 0.880192 0.827645
vt 0.893824 0.830833
vt 0.048795 0.811030
vt 0.029052 0.802852
vt 0.034918 0.786657
vt 0.052667 0.790291
vt 0.070613 0.787328
vt 0.070168 0.804805
vt 0.073180 0.820134
vt 0.055646 0.830123
vt 0.042588 0.842969
vt 0.037562 0.823818
vt 0.024048 0.812094
vt 0.132430 0.860612
vt 0.136695 0.837096
vt 0.146046 0.837210
vt 0.149245 0.857614
vt 0.748174 0.901018
vt 0.737170 0.884718
vt 0.750081 0.870332
vt 0.760672 0.883053
vt 0.121858 0.871652
vt 0.770093 0.895459
vt 0.760032 0.909697
vt 0.051992 0.852208
vt 0.048038 0.868289
vt 0.040518 0.862720
vt 0.061013 0.839631
vt 0.034634 0.859220
vt 0.037379 0.843429
vt 0.032922 0.828363
vt 0.085739 0.015737
vt 0.074706 0.015129
vt 0.073731 0.005000
vt 0.090667 0.011033
vt 0.097939 0.025178
vt 0.089540 0.025959
vt 0.076187 0.027749
vt 0.857964 0.872577
vt 0.858811 0.862618
vt 0.866093 0.870342
vt 0.867350 0.880662
vt 0.846659 0.858772
vt 0.850218 0.853646
vt 0.851829 0.877807
vt 0.842900 0.865930
vt 0.383561 0.919235
vt 0.375867 0.892717
vt 0.390706 0.886067
vt 0.404435 0.908356
vt 0.365774 0.914327
vt 0.362695 0.895133
vt 0.363183 0.938517
vt 0.356555 0.931228
vt 0.416245 0.928375
vt 0.397390 0.939259
vt 0.892625 0.147753
vt 0.894628 0.170899
vt 0.872686 0.171221
vt 0.875545 0.153564
vt 0.814134 0.894379
vt 0.807453 0.883973
vt 0.818290 0.871284
vt 0.824566 0.882576
vt 0.069572 0.908085
vt 0.078773 0.891834
vt 0.092561 0.901371
vt 0.081214 0.916544
vt 0.825800 0.902997
vt 0.827301 0.911512
vt 0.818251 0.907064
vt 0.830694 0.894759
vt 0.845239 0.184930
vt 0.850860 0.168154
vt 0.869988 0.187910
vt 0.867450 0.205737
vt 0.847630 0.205783
vt 0.833348 0.209454
vt 0.830282 0.194367
vt 0.020130 0.036640
vt 0.035635 0.045618
vt 0.038245 0.057770
vt 0.026399 0.054799
vt 0.014875 0.051129
vt 0.007232 0.034048
vt 0.100511 0.064884
vt 0.102584 0.048160
vt 0.109531 0.045646
vt 0.109693 0.058476
vt 0.087018 0.065083
vt 0.091566 0.050757
vt 0.111842 0.072664
vt 0.106201 0.076771
vt 0.109271 0.087235
vt 0.104923 0.094660
vt 0.097351 0.089042
vt 0.114826 0.086938
vt 0.111180 0.097634
vt 0.662158 0.022335
vt 0.661926 0.019765
vt 0.665125 0.019980
vt 0.665052 0.024339
vt 0.657082 0.025024
vt 0.656564 0.020974
vt 0.659148 0.028101
vt 0.661111 0.016654
vt 0.655863 0.016399
vt 0.664262 0.016021
vt 0.657495 0.011019
vt 0.667296 0.014126
vt 0.658804 0.008641
vt 0.668080 0.021917
vt 0.135697 0.946515
vt 0.147774 0.944988
vt 0.147612 0.947898
vt 0.133205 0.949694
vt 0.134266 0.952489
vt 0.144293 0.953289
vt 0.669517 0.027558
vt 0.660848 0.030949
vt 0.183865 0.931485
vt 0.175640 0.930749
vt 0.162526 0.927191
vt 0.164777 0.927258
vt 0.628484 0.006243
vt 0.618265 0.021063
vt 0.617027 0.018046
vt 0.624667 0.005441
vt 0.165942 0.942176
vt 0.164151 0.940070
vt 0.192149 0.945137
vt 0.180609 0.952471
vt 0.173816 0.948908
vt 0.194223 0.920565
vt 0.202364 0.936938
vt 0.167580 0.946105
vt 0.162237 0.959860
vt 0.158760 0.956873
vt 0.154016 0.958332
vt 0.160585 0.949098
vt 0.924459 0.147418
vt 0.927186 0.159474
vt 0.924414 0.161153
vt 0.922526 0.152256
vt 0.930127 0.147114
vt 0.930702 0.158626
vt 0.924700 0.133031
vt 0.929769 0.133075
vt 0.916951 0.148957
vt 0.918459 0.144217
vt 0.919519 0.133138
vt 0.941191 0.875074
vt 0.942973 0.898359
vt 0.939276 0.900848
vt 0.938340 0.876809
vt 0.936965 0.857029
vt 0.944272 0.860222
vt 0.947769 0.147697
vt 0.952799 0.147087
vt 0.954641 0.152353
vt 0.950235 0.154105
vt 0.945055 0.133679
vt 0.951057 0.134285
vt 0.142043 0.971693
vt 0.138808 0.970900
vt 0.176338 0.961855
vt 0.165602 0.968550
vt 0.157174 0.968308
vt 0.138334 0.978336
vt 0.182372 0.966253
vt 0.191831 0.960480
vt 0.186717 0.972999
vt 0.182051 0.972514
vt 0.964086 0.859910
vt 0.971321 0.861468
vt 0.970270 0.871926
vt 0.964290 0.872527
vt 0.964784 0.852361
vt 0.972791 0.855179
vt 0.975946 0.863568
vt 0.979908 0.858522
vt 0.976164 0.872212
vt 0.958075 0.869264
vt 0.962297 0.875863
vt 0.958701 0.874366
vt 0.951511 0.864316
vt 0.909049 0.152875
vt 0.911765 0.148532
vt 0.913978 0.153441
vt 0.975094 0.874910
vt 0.980877 0.878232
vt 0.971577 0.884280
vt 0.967878 0.883605
vt 0.267570 0.936927
vt 0.277758 0.947354
vt 0.270061 0.949297
vt 0.258863 0.939985
vt 0.250552 0.930583
vt 0.257568 0.925725
vt 0.962843 0.884311
vt 0.974995 0.848013
vt 0.980779 0.850966
vt 0.251782 0.948575
vt 0.265603 0.952472
vt 0.266105 0.957018
vt 0.257384 0.955051
vt 0.242863 0.936587
vt 0.989208 0.803274
vt 0.987967 0.799591
vt 0.994963 0.799129
vt 0.993591 0.803465
vt 0.986903 0.810999
vt 0.983503 0.809436
vt 0.990849 0.812369
vt 0.333501 0.988231
vt 0.320016 0.982084
vt 0.321448 0.979945
vt 0.338256 0.989566
vt 0.337737 0.992849
vt 0.332485 0.989659
vt 0.318139 0.983870
vt 0.321212 0.988511
vt 0.338686 0.987762
vt 0.327596 0.979838
vt 0.296722 0.977916
vt 0.297067 0.974357
vt 0.298382 0.970781
vt 0.300842 0.969772
vt 0.280357 0.963595
vt 0.280986 0.959921
vt 0.281872 0.956252
vt 0.287812 0.954460
vt 0.302674 0.968560
vt 0.985869 0.826854
vt 0.981880 0.825431
vt 0.982374 0.839574
vt 0.977747 0.838404
vt 0.973587 0.836907
vt 0.978225 0.824322
vt 0.969704 0.845960
vt 0.267341 0.960222
vt 0.279723 0.966767
vt 0.256536 0.957050
vt 0.966923 0.897686
vt 0.962589 0.897725
vt 0.958509 0.898105
vt 0.959823 0.885325
vt 0.929056 0.835901
vt 0.935993 0.838059
vt 0.924163 0.847487
vt 0.917907 0.841793
vt 0.956808 0.819803
vt 0.961160 0.821566
vt 0.946574 0.840217
vt 0.965059 0.823620
vt 0.952346 0.843134
vt 0.968834 0.825186
vt 0.958610 0.842340
vt 0.979277 0.884295
vt 0.986540 0.877980
vt 0.982634 0.800650
vt 0.971124 0.898638
vt 0.957891 0.913594
vt 0.232666 0.922706
vt 0.241573 0.917670
vt 0.250102 0.913287
vt 0.913020 0.142746
vt 0.231849 0.898489
vt 0.240304 0.892769
vt 0.913563 0.132939
vt 0.222259 0.870892
vt 0.229850 0.864576
vt 0.913276 0.119001
vt 0.918769 0.118107
vt 0.923752 0.117181
vt 0.910484 0.101408
vt 0.915130 0.100732
vt 0.919757 0.099992
vt 0.923645 0.099374
vt 0.928413 0.116550
vt 0.910695 0.081247
vt 0.914476 0.081353
vt 0.918009 0.081348
vt 0.920952 0.081294
vt 0.927369 0.098466
vt 0.113241 0.383539
vt 0.110795 0.382090
vt 0.114260 0.364280
vt 0.117842 0.364386
vt 0.121035 0.366006
vt 0.116376 0.384420
vt 0.584408 0.095785
vt 0.583358 0.091862
vt 0.599514 0.086986
vt 0.600129 0.090379
vt 0.123749 0.345667
vt 0.127744 0.347119
vt 0.566873 0.101920
vt 0.565543 0.097683
vt 0.564285 0.093396
vt 0.582434 0.088041
vt 0.549418 0.108948
vt 0.547803 0.104375
vt 0.546247 0.099824
vt 0.544649 0.095249
vt 0.563080 0.089296
vt 0.530229 0.111690
vt 0.528505 0.107050
vt 0.526708 0.102274
vt 0.524827 0.096985
vt 0.543166 0.090606
vt 0.510723 0.114866
vt 0.508925 0.109810
vt 0.506934 0.103874
vt 0.505083 0.097410
vt 0.523108 0.091480
vt 0.491220 0.116305
vt 0.489488 0.110117
vt 0.487787 0.102882
vt 0.486094 0.095897
vt 0.503487 0.090890
vt 0.472041 0.114987
vt 0.470822 0.108267
vt 0.469118 0.102050
vt 0.466935 0.096380
vt 0.484289 0.089408
vt 0.452489 0.114118
vt 0.450939 0.109036
vt 0.449329 0.104263
vt 0.447758 0.099045
vt 0.465001 0.091510
vt 0.432867 0.114098
vt 0.432015 0.110597
vt 0.065527 0.209961
vt 0.064618 0.190819
vt 0.070652 0.190864
vt 0.070448 0.210287
vt 0.076236 0.191648
vt 0.074997 0.210768
vt 0.065043 0.170758
vt 0.071114 0.170969
vt 0.077471 0.171683
vt 0.083525 0.172376
vt 0.082161 0.192271
vt 0.072288 0.150591
vt 0.078897 0.151049
vt 0.084993 0.151583
vt 0.091058 0.152140
vt 0.089622 0.172891
vt 0.080982 0.129997
vt 0.087345 0.130487
vt 0.093662 0.131080
vt 0.099701 0.131861
vt 0.097167 0.152609
vt 0.091025 0.109141
vt 0.097552 0.110205
vt 0.104601 0.112078
vt 0.110479 0.114020
vt 0.105758 0.132879
vt 0.116121 0.099095
vt 0.120577 0.100268
vt 0.115799 0.115790
vt 0.118835 0.085793
vt 0.123827 0.085248
vt 0.129401 0.084908
vt 0.125566 0.101405
vt 0.118114 0.070605
vt 0.124555 0.069228
vt 0.130858 0.067516
vt 0.138176 0.066069
vt 0.135598 0.084498
vt 0.123942 0.053816
vt 0.132096 0.050821
vt 0.141310 0.048281
vt 0.152683 0.047791
vt 0.147220 0.065441
vt 0.135195 0.034621
vt 0.145910 0.033152
vt 0.157571 0.033860
vt 0.168658 0.034474
vt 0.164935 0.048519
vt 0.838688 0.887329
vt 0.832817 0.875032
vt 0.838207 0.870186
vt 0.846553 0.882659
vt 0.825385 0.862254
vt 0.829304 0.857295
vt 0.833060 0.852467
vt 0.836313 0.847797
vt 0.819373 0.843734
vt 0.822704 0.838891
vt 0.825934 0.834658
vt 0.830064 0.830772
vt 0.840073 0.842476
vt 0.814426 0.826632
vt 0.817902 0.823077
vt 0.821783 0.819415
vt 0.826907 0.815832
vt 0.835327 0.826618
vt 0.810539 0.812191
vt 0.814620 0.808696
vt 0.819438 0.805164
vt 0.824281 0.801840
vt 0.832046 0.812247
vt 0.828255 0.799404
vt 0.831311 0.797587
vt 0.836998 0.809897
vt 0.846994 0.819494
vt 0.841251 0.822631
vt 0.858435 0.828097
vt 0.851773 0.833061
vt 0.844637 0.837084
vt 0.854338 0.847701
vt 0.861805 0.856372
vt 0.873567 0.857920
vt 0.868348 0.863551
vt 0.341473 0.900502
vt 0.343792 0.883197
vt 0.351562 0.897203
vt 0.353150 0.911926
vt 0.342421 0.911788
vt 0.347934 0.927474
vt 0.339752 0.924111
vt 0.341956 0.946833
vt 0.337208 0.942428
vt 0.331462 0.939798
vt 0.196032 0.053244
vt 0.205301 0.054651
vt 0.197536 0.075391
vt 0.188451 0.073286
vt 0.178975 0.070704
vt 0.185711 0.051195
vt 0.191257 0.030220
vt 0.201560 0.035524
vt 0.169036 0.068227
vt 0.175934 0.049658
vt 0.178747 0.032998
vt 0.158285 0.066230
vt 0.160697 0.087498
vt 0.151604 0.085536
vt 0.142979 0.084565
vt 0.145204 0.105182
vt 0.138187 0.103718
vt 0.131610 0.102567
vt 0.133446 0.121990
vt 0.127274 0.119871
vt 0.121408 0.117705
vt 0.123498 0.137628
vt 0.117568 0.135790
vt 0.111683 0.134144
vt 0.115002 0.155142
vt 0.109109 0.154281
vt 0.103223 0.153317
vt 0.107296 0.174572
vt 0.101490 0.173848
vt 0.095633 0.173338
vt 0.099587 0.194346
vt 0.094070 0.193754
vt 0.088182 0.193026
vt 0.091188 0.213543
vt 0.085790 0.212299
vt 0.080388 0.211132
vt 0.083197 0.231020
vt 0.078828 0.230522
vt 0.075079 0.230272
vt 0.077477 0.251249
vt 0.074416 0.250882
vt 0.463372 0.086966
vt 0.481400 0.078975
vt 0.482821 0.084052
vt 0.446538 0.094442
vt 0.500256 0.074650
vt 0.501143 0.079357
vt 0.502165 0.084897
vt 0.519771 0.075431
vt 0.520663 0.080420
vt 0.521743 0.085711
vt 0.539745 0.075858
vt 0.540742 0.080637
vt 0.541847 0.085588
vt 0.560048 0.076135
vt 0.560977 0.080605
vt 0.561999 0.084976
vt 0.580015 0.076303
vt 0.580833 0.080327
vt 0.581611 0.084173
vt 0.597618 0.076270
vt 0.598280 0.079687
vt 0.599013 0.083220
vt 0.613730 0.076874
vt 0.613802 0.082257
vt 0.614346 0.087886
vt 0.627303 0.089347
vt 0.625667 0.092474
vt 0.931038 0.097869
vt 0.938369 0.115771
vt 0.933351 0.116168
vt 0.923630 0.081139
vt 0.939596 0.132899
vt 0.934654 0.132926
vt 0.939938 0.147179
vt 0.935031 0.147081
vt 0.939066 0.158801
vt 0.935108 0.159455
vt 0.929830 0.915350
vt 0.932124 0.908303
vt 0.936201 0.926768
vt 0.933134 0.929623
vt 0.943309 0.158435
vt 0.943611 0.116558
vt 0.948278 0.115804
vt 0.630555 0.086831
vt 0.954890 0.119381
vt 0.957293 0.134871
vt 0.964523 0.106241
vt 0.964895 0.109342
vt 0.614429 0.073868
vt 0.614119 0.070118
vt 0.628335 0.070833
vt 0.627134 0.075999
vt 0.596999 0.072507
vt 0.596389 0.068521
vt 0.614077 0.066449
vt 0.579223 0.071951
vt 0.578272 0.067448
vt 0.595368 0.064307
vt 0.559281 0.071578
vt 0.558429 0.067186
vt 0.577133 0.062859
vt 0.539031 0.071208
vt 0.538387 0.066747
vt 0.557594 0.062856
vt 0.519017 0.070688
vt 0.518400 0.066338
vt 0.537634 0.062577
vt 0.499522 0.070045
vt 0.498844 0.065790
vt 0.517506 0.062128
vt 0.480705 0.074535
vt 0.480169 0.069806
vt 0.479952 0.064871
vt 0.497845 0.061256
vt 0.080980 0.251588
vt 0.087814 0.232142
vt 0.084925 0.251965
vt 0.093136 0.234085
vt 0.088897 0.254019
vt 0.096546 0.214674
vt 0.102499 0.215663
vt 0.099159 0.235303
vt 0.105202 0.195273
vt 0.110784 0.195996
vt 0.108389 0.216279
vt 0.113112 0.175500
vt 0.118974 0.176469
vt 0.116789 0.196730
vt 0.121053 0.156561
vt 0.127220 0.158080
vt 0.125032 0.177619
vt 0.129778 0.139536
vt 0.136177 0.141622
vt 0.133531 0.159714
vt 0.139780 0.123907
vt 0.146415 0.125872
vt 0.142794 0.143493
vt 0.152387 0.107188
vt 0.159925 0.109461
vt 0.153255 0.127935
vt 0.169433 0.090240
vt 0.177867 0.093137
vt 0.167039 0.112149
vt 0.174268 0.114913
vt 0.167507 0.132227
vt 0.160240 0.130107
vt 0.185508 0.096176
vt 0.192908 0.099057
vt 0.181609 0.117565
vt 0.206322 0.078342
vt 0.215506 0.083283
vt 0.200122 0.103444
vt 0.215034 0.057501
vt 0.226010 0.062278
vt 0.859683 0.148877
vt 0.845320 0.149497
vt 0.848996 0.143656
vt 0.345056 0.952897
vt 0.011128 0.069969
vt 0.019953 0.070056
vt 0.026551 0.087586
vt 0.017886 0.088649
vt 0.189023 0.120557
vt 0.005000 0.050400
vt 0.029217 0.106969
vt 0.021471 0.107914
vt 0.182688 0.137236
vt 0.174824 0.134673
vt 0.176854 0.154481
vt 0.169724 0.151917
vt 0.162724 0.149405
vt 0.164330 0.169756
vt 0.158168 0.167533
vt 0.152160 0.165352
vt 0.156055 0.147354
vt 0.146083 0.163342
vt 0.149401 0.145399
vt 0.139895 0.161412
vt 0.142703 0.182466
vt 0.136991 0.180803
vt 0.131026 0.178965
vt 0.133828 0.200581
vt 0.128149 0.199175
vt 0.122585 0.197889
vt 0.124935 0.219071
vt 0.119706 0.218076
vt 0.114150 0.217041
vt 0.116149 0.238320
vt 0.110882 0.237285
vt 0.105460 0.236261
vt 0.106741 0.257861
vt 0.101392 0.256018
vt 0.095321 0.254494
vt 0.098007 0.275577
vt 0.093771 0.274604
vt 0.090180 0.274036
vt 0.091375 0.294207
vt 0.087825 0.294283
vt 0.497497 0.056234
vt 0.516346 0.053220
vt 0.516952 0.057725
vt 0.479886 0.059138
vt 0.535213 0.050080
vt 0.536119 0.054288
vt 0.536888 0.058436
vt 0.554736 0.050384
vt 0.555844 0.054520
vt 0.556797 0.058610
vt 0.573563 0.050206
vt 0.574829 0.054328
vt 0.576055 0.058537
vt 0.591013 0.049992
vt 0.592492 0.054527
vt 0.594048 0.059277
vt 0.606884 0.050843
vt 0.610120 0.056549
vt 0.613084 0.061903
vt 0.624334 0.048453
vt 0.629558 0.052554
vt 0.108012 0.992745
vt 0.108928 0.995000
vt 0.621109 0.043776
vt 0.635709 0.035940
vt 0.637693 0.040665
vt 0.640052 0.045475
vt 0.634515 0.031772
vt 0.647132 0.027972
vt 0.647633 0.032026
vt 0.647509 0.036044
vt 0.619288 0.039191
vt 0.618429 0.034660
vt 0.633439 0.027436
vt 0.604499 0.045830
vt 0.603401 0.041228
vt 0.603189 0.037068
vt 0.617665 0.030028
vt 0.589818 0.045892
vt 0.588964 0.041895
vt 0.588329 0.038213
vt 0.603057 0.032866
vt 0.572422 0.046273
vt 0.571611 0.042566
vt 0.570843 0.038930
vt 0.587709 0.034734
vt 0.553784 0.046449
vt 0.553126 0.042608
vt 0.552462 0.038810
vt 0.570093 0.035219
vt 0.534585 0.046000
vt 0.534115 0.041750
vt 0.534840 0.037923
vt 0.551751 0.035044
vt 0.516946 0.048992
vt 0.517607 0.044896
vt 0.092284 0.315438
vt 0.094588 0.295253
vt 0.099007 0.296833
vt 0.096354 0.316080
vt 0.103887 0.298481
vt 0.100283 0.317478
vt 0.102908 0.277191
vt 0.107663 0.279244
vt 0.113135 0.280771
vt 0.109246 0.299902
vt 0.111694 0.259266
vt 0.116805 0.260740
vt 0.122204 0.261726
vt 0.118833 0.281742
vt 0.120975 0.239564
vt 0.125789 0.240937
vt 0.131027 0.242460
vt 0.127903 0.262340
vt 0.129869 0.220487
vt 0.135032 0.222441
vt 0.140094 0.224250
vt 0.136691 0.243991
vt 0.139219 0.202277
vt 0.144380 0.204137
vt 0.149479 0.205951
vt 0.145122 0.225822
vt 0.148242 0.184351
vt 0.153725 0.186287
vt 0.159161 0.188483
vt 0.154188 0.207736
vt 0.158734 0.209630
vt 0.153547 0.228511
vt 0.149574 0.227289
vt 0.164392 0.190747
vt 0.024355 0.170034
vt 0.030430 0.169747
vt 0.031818 0.185933
vt 0.026645 0.186988
vt 0.170378 0.172311
vt 0.023203 0.150124
vt 0.029877 0.150023
vt 0.036263 0.150142
vt 0.036395 0.169319
vt 0.022490 0.128915
vt 0.029720 0.128501
vt 0.036284 0.128551
vt 0.042367 0.128658
vt 0.042166 0.150177
vt 0.036543 0.106727
vt 0.042999 0.106618
vt 0.048684 0.106993
vt 0.047870 0.128765
vt 0.035483 0.087059
vt 0.042788 0.086730
vt 0.049530 0.086811
vt 0.055447 0.087478
vt 0.054334 0.107274
vt 0.040871 0.071275
vt 0.048554 0.071622
vt 0.055747 0.071451
vt 0.063783 0.070935
vt 0.062430 0.087690
vt 0.047300 0.059714
vt 0.055265 0.059599
vt 0.065095 0.058092
vt 0.077181 0.053658
vt 0.074446 0.068871
vt 0.054856 0.049243
vt 0.064485 0.046228
vt 0.077036 0.041205
vt 0.091578 0.037995
vt 0.062950 0.033152
vt 0.052480 0.037736
vt 0.049404 0.026276
vt 0.061018 0.020031
vt 0.046770 0.017262
vt 0.056978 0.011753
vt 0.020478 0.817794
vt 0.005175 0.813097
vt 0.008699 0.805284
vt 0.804833 0.249991
vt 0.805128 0.240982
vt 0.820499 0.240832
vt 0.820178 0.253343
vt 0.819911 0.267875
vt 0.805275 0.262996
vt 0.013909 0.793587
vt 0.819587 0.283992
vt 0.806005 0.278483
vt 0.021054 0.779065
vt 0.819009 0.299654
vt 0.805907 0.295441
vt 0.029185 0.762449
vt 0.041315 0.767236
vt 0.056235 0.769523
vt 0.035043 0.745255
vt 0.046578 0.747602
vt 0.060037 0.749002
vt 0.074741 0.749602
vt 0.071917 0.768528
vt 0.049525 0.729696
vt 0.062824 0.730145
vt 0.076740 0.729635
vt 0.091961 0.729401
vt 0.090269 0.749546
vt 0.063119 0.711327
vt 0.076818 0.710541
vt 0.092126 0.710247
vt 0.108373 0.710544
vt 0.107373 0.730027
vt 0.074945 0.692184
vt 0.090541 0.691163
vt 0.107264 0.691073
vt 0.122704 0.691167
vt 0.123731 0.711468
vt 0.087526 0.671919
vt 0.104486 0.671125
vt 0.121511 0.671498
vt 0.137222 0.671708
vt 0.137291 0.690284
vt 0.101128 0.652434
vt 0.118679 0.652836
vt 0.135324 0.653845
vt 0.147740 0.653642
vt 0.148153 0.671620
vt 0.115142 0.634518
vt 0.131982 0.635280
vt 0.147446 0.635619
vt 0.129627 0.618075
vt 0.147218 0.618385
vt 0.148937 0.689997
vt 0.150043 0.711921
vt 0.137697 0.712034
vt 0.150712 0.734265
vt 0.136814 0.733843
vt 0.122375 0.731753
vt 0.135534 0.753774
vt 0.119847 0.751927
vt 0.105104 0.750268
vt 0.103222 0.768391
vt 0.088272 0.767659
vt 0.101793 0.783679
vt 0.086962 0.783834
vt 0.100624 0.797073
vt 0.086599 0.799202
vt 0.100236 0.811402
vt 0.088056 0.813759
vt 0.151071 0.754504
vt 0.884381 0.395532
vt 0.868940 0.392965
vt 0.871182 0.375005
vt 0.886662 0.377379
vt 0.882307 0.415515
vt 0.866475 0.412583
vt 0.851411 0.408957
vt 0.853769 0.389424
vt 0.879829 0.436839
vt 0.863846 0.434807
vt 0.848546 0.432235
vt 0.833270 0.428685
vt 0.836184 0.404442
vt 0.861402 0.457685
vt 0.877339 0.459115
vt 0.875224 0.480194
vt 0.859877 0.479969
vt 0.873313 0.499452
vt 0.859992 0.500027
vt 0.871074 0.518431
vt 0.862758 0.519651
vt 0.853935 0.523456
vt 0.863886 0.538371
vt 0.857774 0.541915
vt 0.852315 0.545359
vt 0.847623 0.529913
vt 0.847399 0.549403
vt 0.842848 0.536217
vt 0.728827 0.117431
vt 0.726252 0.126764
vt 0.739337 0.135409
vt 0.736973 0.145574
vt 0.723243 0.142474
vt 0.708007 0.139714
vt 0.692144 0.138573
vt 0.721859 0.158558
vt 0.707060 0.158130
vt 0.690854 0.158229
vt 0.673492 0.157957
vt 0.675008 0.138688
vt 0.707265 0.175706
vt 0.690572 0.176297
vt 0.672894 0.176317
vt 0.653975 0.175525
vt 0.654920 0.156717
vt 0.690824 0.193791
vt 0.673032 0.194428
vt 0.654724 0.194583
vt 0.636179 0.194973
vt 0.635161 0.175295
vt 0.673662 0.212617
vt 0.655651 0.213514
vt 0.637726 0.214707
vt 0.618820 0.215650
vt 0.617267 0.195684
vt 0.657065 0.232298
vt 0.639632 0.233834
vt 0.621357 0.235490
vt 0.604230 0.237588
vt 0.601023 0.216808
vt 0.641750 0.252888
vt 0.624965 0.255224
vt 0.608854 0.258161
vt 0.595370 0.260931
vt 0.590603 0.239744
vt 0.629315 0.274910
vt 0.614574 0.278485
vt 0.601005 0.281937
vt 0.589301 0.284114
vt 0.583976 0.263404
vt 0.620200 0.298851
vt 0.606754 0.302286
vt 0.594635 0.304458
vt 0.584172 0.305534
vt 0.578978 0.285750
vt 0.609996 0.321913
vt 0.598493 0.323912
vt 0.588429 0.325675
vt 0.579587 0.327319
vt 0.574799 0.306977
vt 0.602236 0.343778
vt 0.593409 0.346214
vt 0.585365 0.348984
vt 0.577644 0.351858
vt 0.570943 0.329437
vt 0.600136 0.365935
vt 0.593129 0.368551
vt 0.586307 0.371690
vt 0.578941 0.375215
vt 0.569951 0.355432
vt 0.600490 0.388242
vt 0.594024 0.390753
vt 0.586709 0.393274
vt 0.577894 0.396755
vt 0.570004 0.379212
vt 0.604719 0.410138
vt 0.597658 0.412484
vt 0.587930 0.415644
vt 0.577326 0.419238
vt 0.566898 0.401266
vt 0.606613 0.429406
vt 0.597927 0.432913
vt 0.589796 0.436168
vt 0.772005 0.401863
vt 0.764956 0.400037
vt 0.768147 0.379298
vt 0.776532 0.381336
vt 0.605650 0.448966
vt 0.598474 0.452684
vt 0.770643 0.420879
vt 0.763984 0.418795
vt 0.756476 0.416949
vt 0.757471 0.398530
vt 0.771504 0.439012
vt 0.764417 0.436925
vt 0.757226 0.434699
vt 0.749660 0.433429
vt 0.748570 0.415244
vt 0.766352 0.455019
vt 0.759692 0.454636
vt 0.753119 0.453685
vt 0.746351 0.453973
vt 0.742159 0.433680
vt 0.763835 0.474958
vt 0.757897 0.476133
vt 0.751697 0.476513
vt 0.744808 0.476931
vt 0.739648 0.455361
vt 0.762460 0.497980
vt 0.755661 0.498723
vt 0.749033 0.499323
vt 0.741235 0.499693
vt 0.737529 0.478410
vt 0.757881 0.520248
vt 0.750406 0.520628
vt 0.742903 0.521060
vt 0.734765 0.521648
vt 0.732917 0.500590
vt 0.750970 0.541297
vt 0.743291 0.541986
vt 0.735401 0.542895
vt 0.726989 0.543438
vt 0.725976 0.522564
vt 0.743302 0.562567
vt 0.735603 0.563336
vt 0.727638 0.564188
vt 0.719295 0.564758
vt 0.718376 0.544310
vt 0.735100 0.583644
vt 0.727598 0.584316
vt 0.719748 0.585084
vt 0.711905 0.585647
vt 0.710830 0.565436
vt 0.727313 0.604471
vt 0.720012 0.605196
vt 0.712552 0.605950
vt 0.705208 0.606248
vt 0.703541 0.586404
vt 0.719325 0.625413
vt 0.712364 0.626216
vt 0.705421 0.626536
vt 0.698587 0.626880
vt 0.697122 0.606751
vt 0.690199 0.607059
vt 0.687331 0.587280
vt 0.694993 0.586747
vt 0.692079 0.626825
vt 0.686107 0.626496
vt 0.683647 0.607502
vt 0.693346 0.647470
vt 0.686869 0.645943
vt 0.681457 0.644454
vt 0.680434 0.626229
vt 0.691556 0.667872
vt 0.685346 0.666366
vt 0.681162 0.663559
vt 0.676879 0.659792
vt 0.677496 0.643836
vt 0.683218 0.683610
vt 0.679231 0.682312
vt 0.676487 0.678859
vt 0.673775 0.675023
vt 0.673707 0.659548
vt 0.678226 0.696998
vt 0.675517 0.697182
vt 0.673498 0.694049
vt 0.671333 0.692627
vt 0.671800 0.676514
vt 0.674092 0.711066
vt 0.672346 0.711545
vt 0.671004 0.708001
vt 0.669094 0.706687
vt 0.669367 0.693350
vt 0.670840 0.722776
vt 0.669684 0.722813
vt 0.668670 0.720850
vt 0.667663 0.721796
vt 0.667230 0.708572
vt 0.668867 0.732638
vt 0.668121 0.732935
vt 0.667457 0.732399
vt 0.666800 0.733028
vt 0.666716 0.723278
vt 0.667670 0.739384
vt 0.667052 0.739614
vt 0.666427 0.740167
vt 0.665815 0.741260
vt 0.666152 0.733879
vt 0.665468 0.735658
vt 0.664840 0.727338
vt 0.665942 0.725201
vt 0.665150 0.742971
vt 0.664235 0.744323
vt 0.664772 0.738704
vt 0.663719 0.739946
vt 0.662895 0.735029
vt 0.664136 0.731507
vt 0.663074 0.746467
vt 0.663200 0.750955
vt 0.661885 0.751741
vt 0.660493 0.745918
vt 0.662671 0.740835
vt 0.010105 0.835520
vt 0.014395 0.833468
vt 0.016423 0.839738
vt 0.005048 0.836548
vt 0.664493 0.756492
vt 0.661469 0.756887
vt 0.014924 0.828781
vt 0.017926 0.827008
vt 0.018579 0.831962
vt 0.014032 0.824809
vt 0.017341 0.823326
vt 0.021081 0.830672
vt 0.024362 0.838596
vt 0.020356 0.839012
vt 0.020357 0.825808
vt 0.668223 0.752173
vt 0.668023 0.748562
vt 0.668877 0.747991
vt 0.668935 0.750707
vt 0.019961 0.821554
vt 0.669031 0.744115
vt 0.669968 0.743722
vt 0.670261 0.747034
vt 0.670683 0.751272
vt 0.668159 0.744128
vt 0.668395 0.739376
vt 0.669104 0.739889
vt 0.669735 0.732660
vt 0.672085 0.724263
vt 0.676186 0.712404
vt 0.673191 0.727066
vt 0.677678 0.717111
vt 0.674043 0.730556
vt 0.679186 0.717884
vt 0.674992 0.732515
vt 0.671624 0.740325
vt 0.675687 0.735785
vt 0.672087 0.743755
vt 0.676391 0.738966
vt 0.672718 0.745748
vt 0.677159 0.741868
vt 0.675615 0.750612
vt 0.023231 0.847824
vt 0.019737 0.849378
vt 0.017837 0.866287
vt 0.015541 0.864930
vt 0.016358 0.849607
vt 0.013509 0.862976
vt 0.009976 0.885676
vt 0.008301 0.883919
vt 0.713363 0.752763
vt 0.695903 0.736744
vt 0.707083 0.738892
vt 0.735525 0.759047
vt 0.697182 0.724027
vt 0.703864 0.725274
vt 0.715270 0.725642
vt 0.726049 0.736148
vt 0.733849 0.724491
vt 0.736556 0.735604
vt 0.752742 0.725097
vt 0.752655 0.735134
vt 0.767089 0.721512
vt 0.768746 0.732373
vt 0.781461 0.719641
vt 0.784383 0.729408
vt 0.792431 0.710790
vt 0.796568 0.722463
vt 0.788019 0.734394
vt 0.797910 0.707370
vt 0.802082 0.721188
vt 0.797406 0.732587
vt 0.802430 0.701269
vt 0.806347 0.717596
vt 0.806516 0.734028
vt 0.808214 0.696871
vt 0.811102 0.716524
vt 0.809223 0.730332
vt 0.663452 0.712413
vt 0.663828 0.694664
vt 0.665592 0.694424
vt 0.665657 0.709242
vt 0.667439 0.693480
vt 0.664003 0.679247
vt 0.666946 0.675534
vt 0.669689 0.675237
vt 0.665495 0.660662
vt 0.668478 0.659355
vt 0.671131 0.658562
vt 0.666736 0.643700
vt 0.669682 0.641815
vt 0.673585 0.642670
vt 0.667352 0.625509
vt 0.671103 0.624488
vt 0.675631 0.624945
vt 0.668073 0.608266
vt 0.672719 0.607526
vt 0.677833 0.607471
vt 0.668982 0.588999
vt 0.674337 0.588340
vt 0.680208 0.587800
vt 0.670580 0.569045
vt 0.676886 0.568048
vt 0.684246 0.567479
vt 0.673627 0.548524
vt 0.681453 0.547507
vt 0.690389 0.546840
vt 0.692799 0.566824
vt 0.699957 0.546071
vt 0.701911 0.566185
vt 0.709282 0.545313
vt 0.697713 0.525906
vt 0.707329 0.524780
vt 0.716891 0.523795
vt 0.704865 0.504244
vt 0.714503 0.502868
vt 0.724170 0.501838
vt 0.711552 0.482135
vt 0.721042 0.480963
vt 0.729859 0.479810
vt 0.717148 0.459629
vt 0.725176 0.458300
vt 0.732771 0.456725
vt 0.720396 0.436336
vt 0.727586 0.434999
vt 0.734909 0.433849
vt 0.724259 0.413943
vt 0.732293 0.413667
vt 0.740691 0.414059
vt 0.732885 0.394174
vt 0.741613 0.395123
vt 0.749788 0.396809
vt 0.744714 0.375932
vt 0.752798 0.377116
vt 0.760575 0.378207
vt 0.755260 0.356051
vt 0.763281 0.356782
vt 0.771307 0.358309
vt 0.766119 0.335369
vt 0.774777 0.337296
vt 0.784345 0.341867
vt 0.780788 0.360956
vt 0.779527 0.316483
vt 0.790069 0.320306
vt 0.558259 0.383734
vt 0.551119 0.362017
vt 0.561327 0.358893
vt 0.543897 0.339346
vt 0.553956 0.335425
vt 0.562538 0.331992
vt 0.547540 0.313637
vt 0.556512 0.309935
vt 0.565935 0.308574
vt 0.551483 0.290264
vt 0.560288 0.287819
vt 0.569371 0.287026
vt 0.554742 0.266847
vt 0.563867 0.265831
vt 0.573279 0.264880
vt 0.558462 0.243303
vt 0.568266 0.242301
vt 0.578504 0.241337
vt 0.563764 0.218564
vt 0.574770 0.218003
vt 0.586910 0.217596
vt 0.572716 0.194376
vt 0.585305 0.194977
vt 0.599614 0.195594
vt 0.585499 0.172403
vt 0.599722 0.173754
vt 0.616685 0.174729
vt 0.600963 0.151927
vt 0.617768 0.153176
vt 0.636270 0.154901
vt 0.620617 0.132350
vt 0.639826 0.134253
vt 0.657266 0.137222
vt 0.643245 0.113797
vt 0.660611 0.115127
vt 0.645117 0.095286
vt 0.662513 0.093085
vt 0.788524 0.455548
vt 0.774484 0.442677
vt 0.781292 0.427451
vt 0.797420 0.438583
vt 0.786518 0.411158
vt 0.802565 0.418752
vt 0.818247 0.423753
vt 0.805457 0.397267
vt 0.820810 0.400465
vt 0.808577 0.378592
vt 0.823102 0.382084
vt 0.838700 0.385317
vt 0.826393 0.365617
vt 0.840633 0.368955
vt 0.855888 0.372138
vt 0.842648 0.352760
vt 0.857660 0.355455
vt 0.873201 0.357846
vt 0.859717 0.339146
vt 0.875393 0.341131
vt 0.890879 0.343089
vt 0.888899 0.360041
vt 0.877132 0.324589
vt 0.893013 0.326373
vt 0.762678 0.856720
vt 0.775701 0.843647
vt 0.787016 0.857255
vt 0.774077 0.870398
vt 0.798497 0.871053
vt 0.784857 0.883989
vt 0.792303 0.896656
vt 0.778786 0.907638
vt 0.104234 0.887323
vt 0.102620 0.870215
vt 0.116175 0.888798
vt 0.082934 0.876766
vt 0.084953 0.863046
vt 0.103235 0.851751
vt 0.064401 0.864360
vt 0.070253 0.851663
vt 0.061630 0.878685
vt 0.057358 0.893196
vt 0.046764 0.881814
vt 0.046176 0.897133
vt 0.042110 0.892817
vt 0.112591 0.031702
vt 0.116069 0.042456
vt 0.107031 0.034226
vt 0.039881 0.875495
vt 0.100999 0.036263
vt 0.102467 0.023338
vt 0.124719 0.038667
vt 0.116744 0.056445
vt 0.105728 0.836413
vt 0.797407 0.846266
vt 0.809187 0.858437
vt 0.815715 0.849268
vt 0.804705 0.837420
vt 0.809967 0.831546
vt 0.786835 0.833447
vt 0.794933 0.826187
vt 0.802002 0.820298
vt 0.806573 0.815889
vt 0.864368 0.779026
vt 0.870317 0.774590
vt 0.872130 0.780366
vt 0.865658 0.784418
vt 0.872576 0.786311
vt 0.865548 0.790144
vt 0.874455 0.791244
vt 0.881986 0.785841
vt 0.886969 0.790613
vt 0.880917 0.796583
vt 0.880490 0.781760
vt 0.879612 0.776122
vt 0.877753 0.769509
vt 0.898177 0.793457
vt 0.893290 0.800822
vt 0.915477 0.792475
vt 0.909655 0.802175
vt 0.900091 0.813205
vt 0.925680 0.803849
vt 0.890023 0.820591
vt 0.938898 0.805068
vt 0.965155 0.790391
vt 0.950521 0.806678
vt 0.879689 0.975075
vt 0.860834 0.973368
vt 0.863898 0.958150
vt 0.879562 0.962627
vt 0.898394 0.965868
vt 0.899579 0.972709
vt 0.883688 0.950617
vt 0.900522 0.957577
vt 0.913970 0.965331
vt 0.912860 0.968673
vt 0.912212 0.972939
vt 0.905466 0.948827
vt 0.916660 0.958687
vt 0.270335 0.872485
vt 0.274263 0.866045
vt 0.912031 0.938162
vt 0.920072 0.951623
vt 0.280739 0.856834
vt 0.294097 0.864649
vt 0.289550 0.843037
vt 0.304754 0.852922
vt 0.318693 0.862263
vt 0.315411 0.841390
vt 0.329215 0.852667
vt 0.342429 0.864421
vt 0.331752 0.871166
vt 0.354224 0.877524
vt 0.352809 0.856512
vt 0.365131 0.872023
vt 0.363972 0.848254
vt 0.376918 0.865022
vt 0.915787 0.743618
vt 0.923430 0.737931
vt 0.927202 0.746098
vt 0.909735 0.748929
vt 0.933606 0.732529
vt 0.938330 0.740398
vt 0.944817 0.726357
vt 0.949724 0.737714
vt 0.953755 0.722954
vt 0.959561 0.729313
vt 0.967137 0.740738
vt 0.969026 0.709310
vt 0.980815 0.736663
vt 0.994960 0.733591
vt 0.994367 0.761083
vt 0.836786 0.955615
vt 0.827087 0.945846
vt 0.844943 0.938635
vt 0.853056 0.949581
vt 0.847566 0.965212
vt 0.978328 0.775949
vt 0.852766 0.925181
vt 0.860611 0.935231
vt 0.869473 0.944043
vt 0.868981 0.923879
vt 0.877763 0.931615
vt 0.890620 0.940579
vt 0.885858 0.921732
vt 0.898067 0.929816
vt 0.892160 0.911520
vt 0.904225 0.917883
vt 0.917574 0.924049
vt 0.908777 0.904593
vt 0.922218 0.908800
vt 0.275342 0.831952
vt 0.287082 0.817466
vt 0.300599 0.830031
vt 0.265465 0.845797
vt 0.299421 0.803240
vt 0.312058 0.816487
vt 0.326243 0.830297
vt 0.324306 0.803103
vt 0.337718 0.817787
vt 0.351202 0.833198
vt 0.340311 0.843401
vt 0.311989 0.789381
vt 0.924313 0.877397
vt 0.924654 0.892969
vt 0.910673 0.890573
vt 0.909056 0.877599
vt 0.896734 0.889388
vt 0.895483 0.878522
vt 0.896512 0.900710
vt 0.885714 0.897308
vt 0.886871 0.888425
vt 0.881961 0.905245
vt 0.875149 0.900612
vt 0.878721 0.894407
vt 0.876310 0.913965
vt 0.869661 0.907712
vt 0.865621 0.903767
vt 0.870855 0.897801
vt 0.862113 0.915922
vt 0.857918 0.909688
vt 0.855703 0.906386
vt 0.862395 0.900733
vt 0.729402 0.900188
vt 0.733142 0.901021
vt 0.727683 0.907203
vt 0.724007 0.906196
vt 0.867266 0.895161
vt 0.302838 0.137121
vt 0.298509 0.129541
vt 0.301414 0.128021
vt 0.304152 0.135270
vt 0.307671 0.128596
vt 0.308963 0.135217
vt 0.293228 0.120894
vt 0.299146 0.121410
vt 0.306372 0.121967
vt 0.757847 0.913059
vt 0.757401 0.921708
vt 0.749798 0.915198
vt 0.748546 0.906367
vt 0.297895 0.115013
vt 0.305170 0.115940
vt 0.311782 0.116821
vt 0.313091 0.122446
vt 0.756335 0.933621
vt 0.753354 0.933078
vt 0.752856 0.925972
vt 0.304229 0.109671
vt 0.310409 0.111386
vt 0.755538 0.938703
vt 0.752624 0.937482
vt 0.750797 0.937119
vt 0.745622 0.933963
vt 0.741816 0.933149
vt 0.743738 0.926530
vt 0.747624 0.927641
vt 0.744589 0.920317
vt 0.749564 0.922068
vt 0.742855 0.911739
vt 0.736058 0.914010
vt 0.733102 0.908747
vt 0.739491 0.902939
vt 0.729586 0.918366
vt 0.725490 0.915143
vt 0.721776 0.911854
vt 0.719211 0.921971
vt 0.714810 0.920052
vt 0.712994 0.918397
vt 0.719856 0.910392
vt 0.869533 0.890501
vt 0.870800 0.882373
vt 0.875909 0.886518
vt 0.873963 0.892462
vt 0.880555 0.887578
vt 0.876339 0.881314
vt 0.880283 0.880513
vt 0.886123 0.879596
vt 0.296598 0.108257
vt 0.292204 0.114087
vt 0.289931 0.107564
vt 0.725075 0.924476
vt 0.815322 0.934225
vt 0.918857 0.783705
vt 0.897348 0.292249
vt 0.879898 0.291058
vt 0.880912 0.274307
vt 0.899447 0.276035
vt 0.895286 0.309151
vt 0.878698 0.307920
vt 0.862568 0.306789
vt 0.863121 0.290448
vt 0.861240 0.323006
vt 0.845636 0.320946
vt 0.846917 0.305567
vt 0.844312 0.336680
vt 0.830456 0.334012
vt 0.831370 0.318405
vt 0.829072 0.349762
vt 0.817156 0.346769
vt 0.818497 0.331238
vt 0.813964 0.362064
vt 0.802703 0.358358
vt 0.806366 0.343622
vt 0.796139 0.373974
vt 0.029088 0.677590
vt 0.042287 0.675428
vt 0.047735 0.694104
vt 0.036226 0.695714
vt 0.790639 0.392279
vt 0.019778 0.658884
vt 0.035620 0.656593
vt 0.051435 0.655711
vt 0.055948 0.674606
vt 0.012690 0.641604
vt 0.030851 0.639710
vt 0.047623 0.638091
vt 0.064080 0.637643
vt 0.066749 0.654972
vt 0.028488 0.625451
vt 0.046032 0.624029
vt 0.061845 0.621893
vt 0.080832 0.636023
vt 0.044942 0.609634
vt 0.059988 0.607236
vt 0.045034 0.595784
vt 0.058104 0.594422
vt 0.586946 0.112984
vt 0.603756 0.113677
vt 0.602939 0.131535
vt 0.587201 0.130411
vt 0.572034 0.128820
vt 0.569926 0.111753
vt 0.554586 0.128933
vt 0.550233 0.112463
vt 0.586587 0.150301
vt 0.571883 0.149102
vt 0.557481 0.148097
vt 0.542035 0.151201
vt 0.534608 0.134091
vt 0.572187 0.171067
vt 0.559134 0.171007
vt 0.545911 0.172263
vt 0.531598 0.178748
vt 0.524704 0.161276
vt 0.560761 0.194143
vt 0.549758 0.195378
vt 0.537985 0.198154
vt 0.525078 0.208151
vt 0.517614 0.191810
vt 0.553288 0.219242
vt 0.543663 0.221004
vt 0.532264 0.226117
vt 0.520328 0.236873
vt 0.512460 0.220666
vt 0.549049 0.244071
vt 0.539342 0.246674
vt 0.528198 0.253493
vt 0.515793 0.264375
vt 0.508434 0.247608
vt 0.545805 0.268685
vt 0.535070 0.272850
vt 0.523134 0.281351
vt 0.802740 0.238752
vt 0.787077 0.242108
vt 0.789053 0.225027
vt 0.804070 0.222094
vt 0.541327 0.292971
vt 0.530428 0.299661
vt 0.800172 0.257178
vt 0.785476 0.259158
vt 0.770956 0.261601
vt 0.772739 0.244330
vt 0.796829 0.276540
vt 0.783759 0.277061
vt 0.770236 0.278423
vt 0.757795 0.280392
vt 0.758501 0.263476
vt 0.782472 0.295845
vt 0.769715 0.296161
vt 0.758206 0.297342
vt 0.747513 0.299494
vt 0.746664 0.282391
vt 0.769126 0.314513
vt 0.758498 0.315283
vt 0.748624 0.316609
vt 0.738343 0.318551
vt 0.737278 0.301599
vt 0.757356 0.334788
vt 0.748294 0.335342
vt 0.739071 0.336108
vt 0.727855 0.337363
vt 0.727356 0.320365
vt 0.747260 0.355745
vt 0.738195 0.355648
vt 0.727783 0.355524
vt 0.715523 0.356408
vt 0.714918 0.338979
vt 0.735912 0.374833
vt 0.725701 0.374319
vt 0.715143 0.374276
vt 0.704546 0.375585
vt 0.703409 0.357700
vt 0.723949 0.393485
vt 0.714989 0.393885
vt 0.706001 0.394761
vt 0.696923 0.396601
vt 0.694234 0.377234
vt 0.716510 0.414393
vt 0.708662 0.415962
vt 0.700308 0.417260
vt 0.691240 0.419379
vt 0.687344 0.398572
vt 0.712743 0.437492
vt 0.704453 0.439097
vt 0.695283 0.440532
vt 0.685273 0.442752
vt 0.681525 0.421522
vt 0.708347 0.460638
vt 0.698838 0.461693
vt 0.688879 0.463439
vt 0.678683 0.465582
vt 0.675225 0.445054
vt 0.701954 0.483254
vt 0.692076 0.484491
vt 0.682175 0.486051
vt 0.672284 0.487761
vt 0.668773 0.467702
vt 0.695128 0.505606
vt 0.685389 0.506503
vt 0.675705 0.507799
vt 0.666968 0.509143
vt 0.663582 0.489566
vt 0.687891 0.526905
vt 0.678653 0.527732
vt 0.670170 0.528728
vt 0.662921 0.529683
vt 0.659617 0.510974
vt 0.666385 0.549560
vt 0.660517 0.550418
vt 0.656638 0.531067
vt 0.664663 0.569874
vt 0.659476 0.570541
vt 0.654988 0.551590
vt 0.663909 0.589713
vt 0.659190 0.590323
vt 0.654451 0.571791
vt 0.663623 0.608977
vt 0.659443 0.609595
vt 0.654637 0.591554
vt 0.663091 0.627017
vt 0.659614 0.628312
vt 0.655267 0.610794
vt 0.663727 0.644946
vt 0.659960 0.646681
vt 0.655815 0.629716
vt 0.661907 0.663165
vt 0.657189 0.665233
vt 0.655812 0.648904
vt 0.660412 0.679966
vt 0.651717 0.631397
vt 0.646662 0.613902
vt 0.651007 0.612086
vt 0.640790 0.595964
vt 0.645470 0.593986
vt 0.650028 0.592689
vt 0.639715 0.575597
vt 0.644583 0.573865
vt 0.649376 0.572710
vt 0.639002 0.554901
vt 0.644260 0.553553
vt 0.649410 0.552482
vt 0.639182 0.534534
vt 0.644713 0.532979
vt 0.650449 0.532305
vt 0.640506 0.514410
vt 0.646433 0.513005
vt 0.652493 0.511880
vt 0.642797 0.494415
vt 0.649122 0.492727
vt 0.655744 0.491159
vt 0.645295 0.473225
vt 0.652110 0.470827
vt 0.659673 0.469459
vt 0.648707 0.451103
vt 0.656386 0.449267
vt 0.665401 0.447158
vt 0.652701 0.429057
vt 0.661684 0.426412
vt 0.671440 0.423649
vt 0.656761 0.406112
vt 0.667130 0.403308
vt 0.677517 0.400694
vt 0.662781 0.384224
vt 0.673736 0.381724
vt 0.683955 0.379184
vt 0.670374 0.364074
vt 0.681210 0.361730
vt 0.692023 0.359461
vt 0.678578 0.344737
vt 0.689731 0.342594
vt 0.701952 0.340619
vt 0.687541 0.325621
vt 0.700628 0.323884
vt 0.714163 0.322238
vt 0.699870 0.306882
vt 0.713587 0.305463
vt 0.726293 0.303774
vt 0.713258 0.288028
vt 0.725355 0.286333
vt 0.736281 0.284501
vt 0.725370 0.268539
vt 0.736387 0.266874
vt 0.747129 0.265248
vt 0.737554 0.249095
vt 0.748728 0.247500
vt 0.760198 0.246075
vt 0.750665 0.229824
vt 0.762646 0.227883
vt 0.775121 0.226502
vt 0.764861 0.209693
vt 0.778242 0.207717
vt 0.791886 0.207001
vt 0.781102 0.189123
vt 0.795476 0.187785
vt 0.807558 0.187334
vt 0.805268 0.205525
vt 0.797981 0.170876
vt 0.810399 0.168977
vt 0.501473 0.229127
vt 0.495853 0.210283
vt 0.505495 0.203930
vt 0.491619 0.197263
vt 0.501049 0.188752
vt 0.510370 0.177408
vt 0.496828 0.180431
vt 0.505318 0.168321
vt 0.517157 0.150890
vt 0.500707 0.162582
vt 0.509842 0.144262
vt 0.525109 0.123861
vt 0.105709 0.558413
vt 0.112966 0.543184
vt 0.117218 0.545995
vt 0.111523 0.562415
vt 0.122902 0.548484
vt 0.118715 0.565285
vt 0.132202 0.550832
vt 0.129569 0.567325
vt 0.127946 0.584993
vt 0.146689 0.568435
vt 0.147057 0.585840
vt 0.147135 0.602421
vt 0.127817 0.601954
vt 0.146209 0.551628
vt 0.134622 0.534594
vt 0.145599 0.534944
vt 0.135986 0.519516
vt 0.144689 0.519334
vt 0.126417 0.532837
vt 0.128860 0.519380
vt 0.130915 0.506037
vt 0.136456 0.505969
vt 0.121790 0.531726
vt 0.124886 0.518933
vt 0.127027 0.505685
vt 0.128496 0.491474
vt 0.131943 0.492474
vt 0.122176 0.518032
vt 0.124394 0.504900
vt 0.126234 0.490689
vt 0.127680 0.476430
vt 0.129454 0.477285
vt 0.785277 0.153376
vt 0.797781 0.150934
vt 0.798115 0.154862
vt 0.784871 0.158023
vt 0.771984 0.156274
vt 0.772784 0.151783
vt 0.760056 0.153102
vt 0.761371 0.147918
vt 0.784381 0.163969
vt 0.770968 0.163271
vt 0.759232 0.161229
vt 0.747667 0.159812
vt 0.748973 0.149432
vt 0.769240 0.174765
vt 0.757468 0.174837
vt 0.746824 0.175107
vt 0.735349 0.175269
vt 0.735732 0.158877
vt 0.754978 0.193245
vt 0.743936 0.194388
vt 0.733179 0.194121
vt 0.721054 0.193383
vt 0.722318 0.175285
vt 0.741341 0.213204
vt 0.730059 0.213433
vt 0.718542 0.212700
vt 0.705598 0.211823
vt 0.707073 0.193165
vt 0.727812 0.231962
vt 0.715956 0.231792
vt 0.703734 0.231678
vt 0.689929 0.231214
vt 0.690840 0.212119
vt 0.714389 0.250908
vt 0.701942 0.251347
vt 0.688685 0.251114
vt 0.673970 0.250666
vt 0.674202 0.231412
vt 0.700732 0.270680
vt 0.687168 0.270832
vt 0.673297 0.270636
vt 0.659153 0.270694
vt 0.658393 0.251270
vt 0.685973 0.290052
vt 0.672526 0.290474
vt 0.659721 0.291111
vt 0.647096 0.292579
vt 0.644523 0.272259
vt 0.673137 0.309578
vt 0.661456 0.311463
vt 0.650087 0.313882
vt 0.637909 0.316170
vt 0.633942 0.295314
vt 0.664542 0.330109
vt 0.653094 0.332649
vt 0.640491 0.335620
vt 0.626494 0.338378
vt 0.624096 0.319520
vt 0.656124 0.349646
vt 0.643324 0.352822
vt 0.629255 0.356517
vt 0.617504 0.360198
vt 0.612792 0.341483
vt 0.646615 0.369665
vt 0.634214 0.373940
vt 0.623270 0.378453
vt 0.614635 0.382859
vt 0.607424 0.363296
vt 0.640329 0.391151
vt 0.630824 0.395468
vt 0.622956 0.399832
vt 0.616029 0.404161
vt 0.607178 0.386085
vt 0.638418 0.412646
vt 0.631202 0.415815
vt 0.624958 0.419375
vt 0.620038 0.423470
vt 0.610499 0.407708
vt 0.637613 0.434307
vt 0.632166 0.436478
vt 0.626319 0.439261
vt 0.620030 0.442300
vt 0.614401 0.426538
vt 0.635690 0.455442
vt 0.629765 0.457985
vt 0.623892 0.460546
vt 0.617566 0.463648
vt 0.613235 0.445361
vt 0.633251 0.477116
vt 0.627336 0.479482
vt 0.621225 0.481946
vt 0.613766 0.484592
vt 0.610826 0.466490
vt 0.630761 0.497583
vt 0.624527 0.499775
vt 0.617195 0.501840
vt 0.608862 0.504729
vt 0.605335 0.487058
vt 0.628505 0.517319
vt 0.622047 0.519613
vt 0.614542 0.522701
vt 0.781428 0.495056
vt 0.774838 0.496320
vt 0.769945 0.475021
vt 0.776514 0.475319
vt 0.627673 0.537956
vt 0.621579 0.540875
vt 0.786666 0.515544
vt 0.779685 0.517034
vt 0.772330 0.518326
vt 0.769095 0.497661
vt 0.790094 0.536051
vt 0.782337 0.537441
vt 0.775062 0.538605
vt 0.766663 0.539826
vt 0.765476 0.520002
vt 0.782895 0.557326
vt 0.774796 0.558756
vt 0.767028 0.560089
vt 0.758671 0.560966
vt 0.758865 0.540935
vt 0.774235 0.578897
vt 0.765968 0.580324
vt 0.758013 0.581261
vt 0.750097 0.582076
vt 0.750816 0.561948
vt 0.764731 0.600124
vt 0.756434 0.601183
vt 0.748912 0.602266
vt 0.741539 0.603037
vt 0.742671 0.583013
vt 0.755555 0.620895
vt 0.747716 0.621850
vt 0.740491 0.622778
vt 0.733558 0.623696
vt 0.734309 0.603925
vt 0.747452 0.639990
vt 0.740469 0.641212
vt 0.733602 0.642392
vt 0.726542 0.644081
vt 0.726498 0.624731
vt 0.742144 0.656358
vt 0.736340 0.658002
vt 0.729563 0.660341
vt 0.722865 0.664084
vt 0.718952 0.646060
vt 0.739692 0.669403
vt 0.733735 0.671289
vt 0.726441 0.674905
vt 0.720846 0.687189
vt 0.723332 0.692091
vt 0.711338 0.700079
vt 0.707867 0.695869
vt 0.702960 0.711763
vt 0.698749 0.707972
vt 0.692091 0.722537
vt 0.688314 0.715809
vt 0.686840 0.711467
vt 0.684592 0.736853
vt 0.683021 0.732097
vt 0.681727 0.725977
vt 0.680414 0.722546
vt 0.685196 0.707355
vt 0.683323 0.703715
vt 0.687101 0.686626
vt 0.680686 0.700068
vt 0.013705 0.888393
vt 0.716733 0.704153
vt 0.708332 0.715538
vt 0.721951 0.707631
vt 0.716314 0.717721
vt 0.736168 0.707759
vt 0.738870 0.715786
vt 0.748866 0.706751
vt 0.758068 0.713247
vt 0.766480 0.703738
vt 0.775483 0.710640
vt 0.777404 0.697802
vt 0.784317 0.704322
vt 0.780644 0.683052
vt 0.789593 0.695427
vt 0.770141 0.680165
vt 0.762236 0.678800
vt 0.762938 0.667087
vt 0.756275 0.666370
vt 0.755540 0.655273
vt 0.763148 0.656075
vt 0.756960 0.677854
vt 0.751392 0.677452
vt 0.750570 0.666545
vt 0.749387 0.688073
vt 0.745177 0.685907
vt 0.747173 0.677598
vt 0.745765 0.693631
vt 0.738867 0.692765
vt 0.739380 0.700204
vt 0.730290 0.699759
vt 0.725195 0.696978
vt 0.745093 0.667873
vt 0.748388 0.655157
vt 0.755639 0.639087
vt 0.764165 0.619769
vt 0.764422 0.638979
vt 0.773006 0.618491
vt 0.772952 0.599064
vt 0.781685 0.598099
vt 0.781152 0.617515
vt 0.789379 0.597448
vt 0.788359 0.617653
vt 0.782460 0.578170
vt 0.790052 0.577336
vt 0.790547 0.556716
vt 0.634634 0.577576
vt 0.628273 0.559179
vt 0.633694 0.556588
vt 0.633535 0.536021
vt 0.634521 0.515722
vt 0.636712 0.495890
vt 0.639004 0.475013
vt 0.641612 0.453136
vt 0.644645 0.431465
vt 0.646950 0.409191
vt 0.651453 0.387130
vt 0.658990 0.366452
vt 0.667480 0.346978
vt 0.675539 0.327913
vt 0.685992 0.308382
vt 0.699906 0.289562
vt 0.713652 0.269894
vt 0.726297 0.250373
vt 0.739240 0.231563
vt 0.752650 0.212193
vt 0.767041 0.191531
vt 0.783396 0.173393
vt 0.798343 0.160469
vt 0.810351 0.149774
vt 0.811170 0.156360
vt 0.809186 0.145752
vt 0.488669 0.190308
vt 0.486619 0.185948
vt 0.493652 0.176285
vt 0.118331 0.530241
vt 0.773394 0.456757
vt 0.602913 0.469715
vt 0.750439 0.142744
vt 0.851345 0.562899
vt 0.854443 0.560023
vt 0.855053 0.572976
vt 0.852565 0.574583
vt 0.858474 0.557278
vt 0.858687 0.570201
vt 0.858985 0.584080
vt 0.856703 0.585488
vt 0.855098 0.587057
vt 0.862319 0.569105
vt 0.861804 0.582430
vt 0.132155 0.478250
vt 0.136305 0.478320
vt 0.136591 0.492376
vt 0.141318 0.477805
vt 0.142946 0.491884
vt 0.143713 0.505572
vt 0.869186 0.537674
vt 0.866912 0.555188
vt 0.862873 0.555400
vt 0.865625 0.568321
vt 0.864484 0.582152
vt 0.793904 0.297451
vt 0.537009 0.318823
vt 0.622695 0.113816
vt 0.029726 0.597072
vt 0.028298 0.611192
vt 0.009931 0.612288
vt 0.012008 0.597522
vt 0.009694 0.626865
vt 0.098023 0.634375
vt 0.083919 0.653635
vt 0.070758 0.673723
vt 0.060637 0.693352
vt 0.050584 0.711915
vt 0.038284 0.728573
vt 0.039149 0.712356
vt 0.807152 0.328453
vt 0.806509 0.312403
vt 0.818893 0.315557
vt 0.832253 0.303313
vt 0.833192 0.288097
vt 0.847483 0.290317
vt 0.833528 0.271871
vt 0.847278 0.273412
vt 0.862990 0.273880
vt 0.847291 0.256841
vt 0.863562 0.257471
vt 0.882118 0.258409
vt 0.864595 0.240819
vt 0.883775 0.242217
vt 0.903128 0.244418
vt 0.901367 0.260345
vt 0.885767 0.225354
vt 0.905012 0.227730
vt 0.908745 0.192297
vt 0.890860 0.189760
vt 0.910429 0.173051
vt 0.906795 0.210405
vt 0.888090 0.207936
vt 0.866074 0.223471
vt 0.848179 0.223584
vt 0.847664 0.240233
vt 0.833822 0.240617
vt 0.833825 0.225595
vt 0.833300 0.255807
vt 0.821194 0.228254
vt 0.821510 0.214083
vt 0.043406 0.038402
vt 0.045754 0.048922
vt 0.034336 0.035412
vt 0.040425 0.027245
vt 0.807570 0.231107
vt 0.661235 0.735886
vt 0.080878 0.085954
vt 0.071219 0.087542
vt 0.076711 0.108206
vt 0.068459 0.108234
vt 0.060831 0.107740
vt 0.066644 0.129274
vt 0.059663 0.129138
vt 0.053382 0.129008
vt 0.058993 0.150241
vt 0.053026 0.150406
vt 0.047605 0.150413
vt 0.053162 0.170436
vt 0.047847 0.170358
vt 0.042471 0.170338
vt 0.047116 0.186660
vt 0.042064 0.186023
vt 0.037272 0.186261
vt 0.040915 0.198180
vt 0.037649 0.198870
vt 0.033352 0.198917
vt 0.457613 0.135212
vt 0.456483 0.130199
vt 0.474475 0.126515
vt 0.475808 0.131642
vt 0.477127 0.136229
vt 0.458854 0.140261
vt 0.028914 0.198965
vt 0.494200 0.126325
vt 0.495686 0.130696
vt 0.150358 0.247245
vt 0.147205 0.266784
vt 0.143350 0.265623
vt 0.146135 0.246306
vt 0.138853 0.264578
vt 0.141646 0.245140
vt 0.133847 0.263450
vt 0.135511 0.284636
vt 0.130240 0.283840
vt 0.124822 0.282892
vt 0.125494 0.303984
vt 0.120179 0.302640
vt 0.114628 0.301396
vt 0.114921 0.321653
vt 0.109866 0.320476
vt 0.105096 0.318566
vt 0.105416 0.339606
vt 0.101864 0.338095
vt 0.099419 0.337238
vt 0.551251 0.030937
vt 0.551978 0.027085
vt 0.568409 0.023820
vt 0.568972 0.027734
vt 0.569567 0.031610
vt 0.535592 0.033911
vt 0.586355 0.023156
vt 0.586895 0.027107
vt 0.587270 0.030895
vt 0.602652 0.021367
vt 0.602952 0.025165
vt 0.602929 0.029008
vt 0.617523 0.025518
vt 0.616058 0.013463
vt 0.197367 0.884714
vt 0.204815 0.879165
vt 0.213509 0.908496
vt 0.204068 0.913513
vt 0.191419 0.887363
vt 0.602480 0.016711
vt 0.615133 0.009285
vt 0.203274 0.837624
vt 0.207458 0.835328
vt 0.213795 0.875969
vt 0.585841 0.019020
vt 0.601692 0.012198
vt 0.204488 0.787537
vt 0.208557 0.784219
vt 0.214717 0.832872
vt 0.567663 0.019626
vt 0.584727 0.015155
vt 0.105570 0.359156
vt 0.108624 0.360731
vt 0.105640 0.380978
vt 0.104433 0.381222
vt 0.552663 0.023125
vt 0.111020 0.340894
vt 0.115397 0.342430
vt 0.111664 0.362291
vt 0.119812 0.323441
vt 0.124701 0.324941
vt 0.119680 0.343939
vt 0.130626 0.305251
vt 0.135272 0.306430
vt 0.129518 0.326345
vt 0.139951 0.286143
vt 0.143936 0.287212
vt 0.139850 0.307820
vt 0.531917 0.116358
vt 0.134226 0.327808
vt 0.514025 0.123941
vt 0.512287 0.119327
vt 0.492650 0.121615
vt 0.473307 0.121031
vt 0.455336 0.125007
vt 0.454026 0.119447
vt 0.044770 0.198250
vt 0.052295 0.189001
vt 0.047993 0.199722
vt 0.434313 0.118117
vt 0.058814 0.170781
vt 0.059253 0.190077
vt 0.065565 0.150284
vt 0.074126 0.129524
vt 0.084333 0.108459
vt 0.091037 0.086248
vt 0.108263 0.381836
vt 0.906604 0.081017
vt 0.213769 0.782215
vt 0.221646 0.828634
vt 0.222817 0.903437
vt 0.223718 0.926321
vt 0.236964 0.940738
vt 0.222232 0.943056
vt 0.212884 0.930872
vt 0.212647 0.951309
vt 0.226955 0.953971
vt 0.219728 0.957106
vt 0.431265 0.101601
vt 0.428715 0.091809
vt 0.433934 0.091656
vt 0.435209 0.101989
vt 0.201859 0.956197
vt 0.438749 0.092329
vt 0.439758 0.101590
vt 0.429213 0.079928
vt 0.433773 0.079906
vt 0.438236 0.079859
vt 0.962084 0.079970
vt 0.957368 0.079598
vt 0.957066 0.067635
vt 0.961935 0.067957
vt 0.953872 0.092384
vt 0.952714 0.079869
vt 0.952734 0.068606
vt 0.949414 0.093255
vt 0.948097 0.081734
vt 0.419946 0.081618
vt 0.424647 0.079764
vt 0.423164 0.091147
vt 0.417426 0.090689
vt 0.426314 0.067171
vt 0.954256 0.099434
vt 0.951709 0.102449
vt 0.233622 0.951285
vt 0.031166 0.070413
vt 0.633353 0.018366
vt 0.633386 0.023087
vt 0.644836 0.014404
vt 0.646363 0.018956
vt 0.647096 0.023194
vt 0.629406 0.065714
vt 0.150110 0.979729
vt 0.160999 0.979044
vt 0.959170 0.145650
vt 0.960432 0.121043
vt 0.963557 0.133023
vt 0.835249 0.795230
vt 0.841170 0.792226
vt 0.917598 0.154920
vt 0.897581 0.838205
vt 0.900756 0.843589
vt 0.245693 0.952671
vt 0.958540 0.855249
vt 0.952446 0.858439
vt 0.948917 0.857299
vt 0.956654 0.854879
vt 0.927707 0.170758
vt 0.924569 0.170694
vt 0.146379 0.941150
vt 0.983170 0.699294
vt 0.982459 0.858948
vt 0.984784 0.866635
vt 0.908786 0.830843
vt 0.912714 0.834305
vt 0.748848 0.939262
vt 0.745746 0.941280
vt 0.322397 0.156831
vt 0.319236 0.155556
vt 0.321967 0.149718
vt 0.323675 0.152673
vt 0.804330 0.050217
vt 0.806695 0.053493
vt 0.791291 0.050592
vt 0.792799 0.048544
vt 0.794902 0.054100
vt 0.789647 0.056150
vt 0.783453 0.052179
vt 0.807695 0.056642
vt 0.806375 0.059665
vt 0.944571 0.113302
vt 0.938377 0.102212
vt 0.941168 0.100318
vt 0.944902 0.108764
vt 0.944242 0.098913
vt 0.947529 0.107013
vt 0.950194 0.108197
vt 0.947341 0.097973
vt 0.798722 0.940357
vt 0.802409 0.940612
vt 0.802837 0.952170
vt 0.799857 0.948693
vt 0.796712 0.949321
vt 0.795079 0.940535
vt 0.794980 0.952704
vt 0.791981 0.941885
vt 0.224102 0.574542
vt 0.221871 0.577441
vt 0.220917 0.575172
vt 0.222680 0.573897
vt 0.221176 0.569803
vt 0.223031 0.570131
vt 0.224893 0.570885
vt 0.222962 0.564074
vt 0.225807 0.563479
vt 0.981786 0.886644
vt 0.979657 0.894191
vt 0.976541 0.892969
vt 0.978765 0.886833
vt 0.988150 0.885745
vt 0.986236 0.890020
vt 0.984399 0.887890
vt 0.987643 0.884013
vt 0.227410 0.564160
vt 0.229010 0.565033
vt 0.228231 0.570877
vt 0.986086 0.896558
vt 0.982868 0.895370
vt 0.282912 0.092656
vt 0.289054 0.093566
vt 0.288220 0.100996
vt 0.282864 0.101940
vt 0.278633 0.112317
vt 0.269522 0.100880
vt 0.729007 0.933062
vt 0.732769 0.932657
vt 0.734969 0.935745
vt 0.730891 0.939266
vt 0.898528 0.747273
vt 0.894140 0.753052
vt 0.887750 0.752964
vt 0.893833 0.746973
vt 0.893896 0.741966
vt 0.904947 0.744304
vt 0.884231 0.748926
vt 0.904597 0.734973
vt 0.910914 0.738266
vt 0.890263 0.737582
vt 0.898141 0.729501
vt 0.881230 0.745845
vt 0.880215 0.759591
vt 0.876549 0.754737
vt 0.922485 0.718889
vt 0.914281 0.727436
vt 0.908132 0.721361
vt 0.916172 0.715453
vt 0.918855 0.709729
vt 0.929009 0.711420
vt 0.902848 0.715855
vt 0.879078 0.742400
vt 0.883419 0.735200
vt 0.891697 0.725007
vt 0.872823 0.745556
vt 0.876047 0.735365
vt 0.874043 0.751662
vt 0.915267 0.684302
vt 0.932142 0.681981
vt 0.924962 0.698905
vt 0.905144 0.703572
vt 0.890764 0.703164
vt 0.897720 0.688533
vt 0.852519 0.701720
vt 0.852436 0.698594
vt 0.857399 0.693804
vt 0.857100 0.697765
vt 0.868033 0.688029
vt 0.862630 0.699282
vt 0.849771 0.710393
vt 0.845884 0.706135
vt 0.849827 0.700145
vt 0.857517 0.712954
vt 0.845547 0.721503
vt 0.847219 0.781544
vt 0.850574 0.775507
vt 0.855055 0.778493
vt 0.851707 0.781692
vt 0.387826 0.766327
vt 0.381995 0.759766
vt 0.384796 0.755044
vt 0.388807 0.755570
vt 0.422388 0.097181
vt 0.423845 0.098567
vt 0.423467 0.101043
vt 0.422886 0.100594
vt 0.422526 0.103745
vt 0.421666 0.101800
vt 0.423065 0.105164
vt 0.423891 0.104066
vt 0.424517 0.101225
vt 0.424585 0.104569
vt 0.424115 0.104985
vt 0.424005 0.108115
vt 0.423571 0.107163
vt 0.424528 0.109028
vt 0.418045 0.107899
vt 0.417494 0.104153
vt 0.419695 0.102442
vt 0.419484 0.107701
vt 0.953178 0.169326
vt 0.954225 0.177930
vt 0.944866 0.180221
vt 0.945255 0.177201
vt 0.420029 0.108508
vt 0.419514 0.117442
vt 0.417874 0.115477
vt 0.416296 0.112966
vt 0.955665 0.163738
vt 0.961735 0.158671
vt 0.962863 0.170471
vt 0.416394 0.102233
vt 0.417976 0.099422
vt 0.412404 0.104324
vt 0.410579 0.098746
vt 0.414483 0.110244
vt 0.426464 0.120574
vt 0.426305 0.113521
vt 0.427231 0.116416
vt 0.427086 0.120705
vt 0.380551 0.154692
vt 0.385415 0.149909
vt 0.389491 0.154689
vt 0.383987 0.156980
vt 0.383588 0.161962
vt 0.379021 0.162115
vt 0.390944 0.161740
vt 0.367936 0.164850
vt 0.369276 0.171774
vt 0.365648 0.171574
vt 0.365681 0.166342
vt 0.362214 0.162325
vt 0.365115 0.157014
vt 0.360310 0.167876
vt 0.330807 0.144375
vt 0.339336 0.140281
vt 0.342863 0.158336
vt 0.342928 0.175089
vt 0.351888 0.169733
vt 0.352421 0.183633
vt 0.351717 0.205588
vt 0.344288 0.203825
vt 0.453372 0.197327
vt 0.449869 0.200220
vt 0.446531 0.180619
vt 0.451078 0.177388
vt 0.438653 0.161249
vt 0.439697 0.160335
vt 0.395764 0.191353
vt 0.393086 0.179475
vt 0.402854 0.176587
vt 0.406839 0.188835
vt 0.412493 0.165795
vt 0.413961 0.173114
vt 0.405251 0.211051
vt 0.398412 0.211211
vt 0.413501 0.194371
vt 0.411136 0.211633
vt 0.416684 0.173680
vt 0.935788 0.519249
vt 0.918563 0.529711
vt 0.908419 0.517994
vt 0.923885 0.498154
vt 0.947329 0.490071
vt 0.955835 0.510206
vt 0.926156 0.467317
vt 0.943796 0.465100
vt 0.898283 0.509961
vt 0.905141 0.489653
vt 0.909291 0.465048
vt 0.210656 0.584003
vt 0.225174 0.589144
vt 0.218055 0.603293
vt 0.200650 0.596108
vt 0.189787 0.577625
vt 0.196960 0.572056
vt 0.183573 0.598746
vt 0.179768 0.580820
vt 0.198670 0.615038
vt 0.181866 0.615359
vt 0.215663 0.617456
vt 0.166621 0.771997
vt 0.183209 0.768537
vt 0.185256 0.784688
vt 0.167247 0.794434
vt 0.646785 0.918567
vt 0.652623 0.907126
vt 0.674735 0.910841
vt 0.674825 0.922239
vt 0.161430 0.815968
vt 0.690614 0.903915
vt 0.699915 0.912939
vt 0.386898 0.778121
vt 0.379691 0.766815
vt 0.837305 0.724450
vt 0.825341 0.732575
vt 0.834057 0.711180
vt 0.844990 0.710994
vt 0.660338 0.898229
vt 0.672887 0.902239
vt 0.669700 0.888608
vt 0.680274 0.896411
vt 0.670461 0.872728
vt 0.662502 0.880176
vt 0.658809 0.867832
vt 0.666773 0.866277
vt 0.672745 0.854486
vt 0.681560 0.859131
vt 0.663031 0.850646
vt 0.849073 0.756773
vt 0.851534 0.765563
vt 0.844205 0.772567
vt 0.837744 0.765986
vt 0.840035 0.748513
vt 0.851018 0.741933
vt 0.827226 0.770208
vt 0.829923 0.754743
vt 0.839677 0.781674
vt 0.832393 0.781979
vt 0.826810 0.784105
vt 0.698293 0.890217
vt 0.685780 0.884267
vt 0.695702 0.870402
vt 0.703600 0.876666
vt 0.396423 0.813303
vt 0.385280 0.792271
vt 0.405237 0.802630
vt 0.807984 0.745503
vt 0.805892 0.739341
vt 0.820111 0.729123
vt 0.821201 0.746434
vt 0.808687 0.754631
vt 0.832824 0.738599
vt 0.616685 0.830375
vt 0.607431 0.816096
vt 0.622131 0.807165
vt 0.638991 0.822531
vt 0.635120 0.846350
vt 0.615934 0.849305
vt 0.660945 0.826892
vt 0.651719 0.848142
vt 0.648674 0.809240
vt 0.670917 0.811814
vt 0.629334 0.800737
vt 0.711833 0.894019
vt 0.721469 0.872306
vt 0.721938 0.901606
vt 0.738909 0.857666
vt 0.713027 0.857871
vt 0.728090 0.846260
vt 0.688607 0.803324
vt 0.694942 0.806491
vt 0.680825 0.817483
vt 0.671012 0.831683
vt 0.670671 0.805141
vt 0.683348 0.799412
vt 0.650066 0.804287
vt 0.654438 0.797929
vt 0.667054 0.800408
vt 0.673522 0.795117
vt 0.657996 0.790608
vt 0.774754 0.746686
vt 0.783746 0.746334
vt 0.785632 0.753389
vt 0.773666 0.754665
vt 0.788348 0.763327
vt 0.780834 0.765969
vt 0.772584 0.771117
vt 0.765275 0.761313
vt 0.403156 0.876275
vt 0.424205 0.897637
vt 0.410490 0.865937
vt 0.428638 0.880648
vt 0.450706 0.888042
vt 0.453491 0.900085
vt 0.437078 0.920964
vt 0.461763 0.916680
vt 0.748069 0.787735
vt 0.757827 0.794973
vt 0.742702 0.804728
vt 0.732284 0.797541
vt 0.728464 0.820640
vt 0.718069 0.815250
vt 0.716322 0.796880
vt 0.715868 0.784923
vt 0.727839 0.783726
vt 0.738961 0.779767
vt 0.473962 0.932165
vt 0.486346 0.914870
vt 0.501620 0.929008
vt 0.965640 0.221694
vt 0.945943 0.216608
vt 0.947096 0.198432
vt 0.972680 0.202555
vt 0.986770 0.215894
vt 0.979330 0.229308
vt 0.517518 0.922526
vt 0.530667 0.932389
vt 0.523042 0.938809
vt 0.506147 0.912403
vt 0.274373 0.155482
vt 0.278012 0.142522
vt 0.283417 0.146043
vt 0.282222 0.162987
vt 0.294195 0.148460
vt 0.294851 0.164550
vt 0.274384 0.174283
vt 0.269408 0.169312
vt 0.281569 0.187482
vt 0.273251 0.192223
vt 0.269906 0.184197
vt 0.264497 0.183002
vt 0.266580 0.194380
vt 0.660243 0.041640
vt 0.656566 0.041270
vt 0.656349 0.035873
vt 0.660490 0.039655
vt 0.665751 0.038542
vt 0.666670 0.041408
vt 0.668349 0.044610
vt 0.282522 0.547574
vt 0.283903 0.546316
vt 0.287277 0.552547
vt 0.284606 0.553670
vt 0.653086 0.043334
vt 0.653588 0.038884
vt 0.283721 0.555087
vt 0.280641 0.547833
vt 0.278893 0.548913
vt 0.281593 0.554818
vt 0.659439 0.044654
vt 0.657211 0.045316
vt 0.666006 0.049992
vt 0.663111 0.052778
vt 0.667894 0.046936
vt 0.661558 0.044018
vt 0.270804 0.507506
vt 0.273159 0.505408
vt 0.275074 0.524129
vt 0.272387 0.527420
vt 0.269239 0.525298
vt 0.268914 0.508963
vt 0.277957 0.537350
vt 0.276025 0.539379
vt 0.879109 0.032011
vt 0.871709 0.043984
vt 0.871200 0.037998
vt 0.880284 0.018475
vt 0.271449 0.537411
vt 0.268326 0.537338
vt 0.672096 0.055341
vt 0.676706 0.053771
vt 0.676964 0.061304
vt 0.670252 0.061675
vt 0.685499 0.058396
vt 0.681833 0.064523
vt 0.678261 0.050179
vt 0.689273 0.054395
vt 0.982544 0.916793
vt 0.984685 0.906806
vt 0.986427 0.909656
vt 0.987036 0.919592
vt 0.230859 0.556493
vt 0.227999 0.555128
vt 0.229841 0.542715
vt 0.234287 0.542685
vt 0.230280 0.528746
vt 0.235129 0.528765
vt 0.931210 0.055329
vt 0.933631 0.060367
vt 0.925662 0.063190
vt 0.925263 0.058301
vt 0.240610 0.528646
vt 0.240863 0.540527
vt 0.980223 0.915173
vt 0.981198 0.905574
vt 0.931292 0.068397
vt 0.926506 0.070137
vt 0.921220 0.064584
vt 0.921652 0.072611
vt 0.914989 0.067082
vt 0.211743 0.547165
vt 0.213691 0.533545
vt 0.218115 0.532138
vt 0.218045 0.548105
vt 0.698315 0.064663
vt 0.694823 0.069260
vt 0.872481 0.049564
vt 0.884832 0.031592
vt 0.885415 0.038491
vt 0.876674 0.054148
vt 0.694427 0.075145
vt 0.681009 0.071455
vt 0.859384 0.058023
vt 0.861346 0.067287
vt 0.847238 0.068192
vt 0.845490 0.061606
vt 0.869399 0.069098
vt 0.871540 0.078322
vt 0.865810 0.078710
vt 0.876209 0.076702
vt 0.873742 0.068762
vt 0.880626 0.060279
vt 0.799780 0.894884
vt 0.796235 0.905029
vt 0.792353 0.906614
vt 0.795166 0.900517
vt 0.937301 0.065867
vt 0.938690 0.056751
vt 0.944389 0.057754
vt 0.789736 0.914902
vt 0.784730 0.916981
vt 0.777016 0.911660
vt 0.781178 0.909867
vt 0.345622 0.079208
vt 0.339361 0.070667
vt 0.342746 0.068543
vt 0.350370 0.073712
vt 0.941430 0.051133
vt 0.945084 0.052935
vt 0.794627 0.914654
vt 0.881290 0.084996
vt 0.875862 0.086416
vt 0.337725 0.084247
vt 0.333854 0.076369
vt 0.336741 0.074610
vt 0.342116 0.083616
vt 0.354255 0.082830
vt 0.349373 0.085383
vt 0.321489 0.020227
vt 0.320278 0.022015
vt 0.316963 0.017530
vt 0.318335 0.014226
vt 0.901339 0.140680
vt 0.892884 0.126814
vt 0.895091 0.128290
vt 0.900318 0.138147
vt 0.896697 0.129109
vt 0.902477 0.140226
vt 0.324484 0.032572
vt 0.322164 0.034689
vt 0.319086 0.024338
vt 0.316515 0.022428
vt 0.319140 0.033983
vt 0.893428 0.129405
vt 0.898760 0.139378
vt 0.325984 0.028954
vt 0.881386 0.114850
vt 0.883848 0.111686
vt 0.327740 0.049177
vt 0.325475 0.050533
vt 0.330034 0.047192
vt 0.331447 0.063595
vt 0.329749 0.065626
vt 0.333709 0.061492
vt 0.332364 0.044876
vt 0.335795 0.058946
vt 0.886039 0.110712
vt 0.888437 0.111649
vt 0.878960 0.097306
vt 0.881897 0.095580
vt 0.876198 0.098856
vt 0.871685 0.087065
vt 0.873264 0.099533
vt 0.867829 0.086907
vt 0.864534 0.080761
vt 0.796447 0.926272
vt 0.792412 0.926986
vt 0.799324 0.913992
vt 0.800456 0.926103
vt 0.800940 0.904467
vt 0.931037 0.077393
vt 0.936064 0.087770
vt 0.932536 0.089812
vt 0.927073 0.079756
vt 0.935297 0.075787
vt 0.939642 0.086360
vt 0.939560 0.074150
vt 0.942898 0.084973
vt 0.788610 0.927831
vt 0.252926 0.538931
vt 0.257842 0.538048
vt 0.258574 0.546335
vt 0.253712 0.546064
vt 0.935911 0.051607
vt 0.938305 0.046371
vt 0.246398 0.528477
vt 0.252099 0.527690
vt 0.247252 0.539436
vt 0.245930 0.514207
vt 0.252154 0.514094
vt 0.240165 0.513572
vt 0.234830 0.513070
vt 0.240849 0.496107
vt 0.246046 0.496327
vt 0.236067 0.495387
vt 0.230419 0.512847
vt 0.231888 0.494993
vt 0.236747 0.475744
vt 0.241261 0.475580
vt 0.232299 0.476001
vt 0.228068 0.495211
vt 0.228470 0.476291
vt 0.229857 0.456129
vt 0.234584 0.455493
vt 0.225522 0.456868
vt 0.224691 0.476957
vt 0.221401 0.457692
vt 0.220888 0.437255
vt 0.225775 0.436463
vt 0.216184 0.438137
vt 0.217503 0.458634
vt 0.211546 0.439121
vt 0.211623 0.418508
vt 0.216580 0.417573
vt 0.206683 0.419388
vt 0.763429 0.107795
vt 0.764571 0.103206
vt 0.782839 0.108747
vt 0.781242 0.113847
vt 0.202975 0.399390
vt 0.207890 0.398533
vt 0.800645 0.115429
vt 0.798812 0.120762
vt 0.784306 0.103587
vt 0.802527 0.109531
vt 0.818317 0.122564
vt 0.816477 0.128269
vt 0.820267 0.115938
vt 0.804188 0.103343
vt 0.822151 0.108727
vt 0.837513 0.121594
vt 0.835846 0.128590
vt 0.839217 0.113679
vt 0.823629 0.101515
vt 0.841051 0.105993
vt 0.855980 0.118435
vt 0.854988 0.125994
vt 0.857992 0.111563
vt 0.842747 0.099100
vt 0.860116 0.104852
vt 0.875133 0.120591
vt 0.874154 0.124425
vt 0.301798 0.322548
vt 0.302839 0.306323
vt 0.308118 0.306282
vt 0.308174 0.319718
vt 0.296359 0.324997
vt 0.297297 0.307663
vt 0.304143 0.288799
vt 0.309568 0.287780
vt 0.298477 0.289169
vt 0.292305 0.308631
vt 0.292929 0.290024
vt 0.299537 0.270191
vt 0.305474 0.269643
vt 0.293516 0.270616
vt 0.287030 0.290617
vt 0.287752 0.271082
vt 0.294133 0.250445
vt 0.300398 0.250238
vt 0.288320 0.250489
vt 0.281952 0.271106
vt 0.282524 0.250539
vt 0.287943 0.229634
vt 0.294138 0.229669
vt 0.281764 0.229597
vt 0.276519 0.250400
vt 0.275709 0.229584
vt 0.279297 0.208501
vt 0.285932 0.207930
vt 0.271965 0.209634
vt 0.269402 0.229979
vt 0.265787 0.210795
vt 0.261526 0.195197
vt 0.260091 0.211900
vt 0.256937 0.195785
vt 0.260708 0.181414
vt 0.256146 0.180084
vt 0.251855 0.196086
vt 0.251037 0.178582
vt 0.258331 0.163689
vt 0.264040 0.165895
vt 0.253189 0.160679
vt 0.245511 0.176863
vt 0.247419 0.157564
vt 0.256463 0.143740
vt 0.262528 0.148103
vt 0.249236 0.138849
vt 0.239766 0.154762
vt 0.239865 0.135734
vt 0.250124 0.122684
vt 0.258299 0.126572
vt 0.239968 0.120545
vt 0.228548 0.133161
vt 0.229832 0.118422
vt 0.759284 0.780286
vt 0.749389 0.773282
vt 0.758054 0.766662
vt 0.765925 0.775471
vt 0.774818 0.785081
vt 0.768528 0.788884
vt 0.780725 0.781908
vt 0.786684 0.778323
vt 0.789867 0.794201
vt 0.784368 0.797515
vt 0.794765 0.791227
vt 0.793596 0.775020
vt 0.800437 0.787534
vt 0.802984 0.801649
vt 0.799025 0.804972
vt 0.807542 0.798343
vt 0.806678 0.782586
vt 0.812933 0.794163
vt 0.818356 0.790122
vt 0.823114 0.786714
vt 0.820029 0.773828
vt 0.813663 0.778256
vt 0.810269 0.766247
vt 0.819756 0.761076
vt 0.801694 0.770964
vt 0.797206 0.760100
vt 0.795269 0.751391
vt 0.793713 0.744680
vt 0.416463 0.857416
vt 0.402672 0.841113
vt 0.408989 0.834721
vt 0.421730 0.849763
vt 0.434313 0.859473
vt 0.431835 0.869051
vt 0.448748 0.876719
vt 0.448869 0.867634
vt 0.471214 0.884004
vt 0.474920 0.892388
vt 0.469950 0.876421
vt 0.493108 0.880684
vt 0.496173 0.889456
vt 0.208464 0.131057
vt 0.209969 0.151734
vt 0.200858 0.151697
vt 0.198441 0.130610
vt 0.199004 0.111200
vt 0.210240 0.108993
vt 0.217720 0.131589
vt 0.219598 0.152042
vt 0.220927 0.114596
vt 0.229620 0.152813
vt 0.230814 0.173860
vt 0.222118 0.173471
vt 0.238764 0.175016
vt 0.239361 0.195672
vt 0.232455 0.195420
vt 0.245826 0.196005
vt 0.247705 0.214248
vt 0.241022 0.215143
vt 0.254069 0.213040
vt 0.256624 0.231305
vt 0.249959 0.232340
vt 0.263076 0.230560
vt 0.264277 0.250379
vt 0.257844 0.250722
vt 0.270405 0.250325
vt 0.270287 0.270717
vt 0.264266 0.270631
vt 0.276100 0.270878
vt 0.275557 0.291140
vt 0.270054 0.291128
vt 0.281260 0.291005
vt 0.281783 0.310181
vt 0.276264 0.310962
vt 0.287113 0.309284
vt 0.287333 0.327707
vt 0.282846 0.329001
vt 0.291581 0.327318
vt 0.291399 0.345591
vt 0.287363 0.347799
vt 0.862005 0.099320
vt 0.844210 0.093610
vt 0.845518 0.088299
vt 0.863507 0.094466
vt 0.826095 0.089436
vt 0.826955 0.084748
vt 0.824941 0.095260
vt 0.806760 0.091298
vt 0.807571 0.086079
vt 0.805617 0.097128
vt 0.786901 0.092686
vt 0.787703 0.087483
vt 0.785707 0.098150
vt 0.766702 0.093731
vt 0.767555 0.088835
vt 0.765708 0.098504
vt 0.747103 0.094164
vt 0.747824 0.089686
vt 0.746395 0.098518
vt 0.730480 0.093875
vt 0.730508 0.089785
vt 0.745423 0.102896
vt 0.730267 0.098073
vt 0.221393 0.496477
vt 0.218221 0.497806
vt 0.220320 0.479717
vt 0.222387 0.478472
vt 0.224596 0.495105
vt 0.222172 0.514104
vt 0.218977 0.515359
vt 0.226298 0.513027
vt 0.226003 0.529191
vt 0.222168 0.530532
vt 0.226124 0.542888
vt 0.222427 0.544651
vt 0.225438 0.554682
vt 0.222715 0.555448
vt 0.976671 0.904133
vt 0.973218 0.902059
vt 0.973589 0.914207
vt 0.215444 0.516281
vt 0.209341 0.535052
vt 0.212034 0.518220
vt 0.215637 0.497466
vt 0.695278 0.080862
vt 0.713327 0.080899
vt 0.713656 0.085333
vt 0.217495 0.483125
vt 0.731025 0.085717
vt 0.713309 0.076749
vt 0.731680 0.081495
vt 0.748704 0.085041
vt 0.732549 0.077174
vt 0.749638 0.080189
vt 0.768402 0.084006
vt 0.750688 0.075255
vt 0.769469 0.079283
vt 0.788514 0.082710
vt 0.770145 0.074855
vt 0.789163 0.077970
vt 0.808203 0.081510
vt 0.789976 0.073774
vt 0.809122 0.077244
vt 0.827654 0.080164
vt 0.809764 0.073332
vt 0.828015 0.076285
vt 0.846576 0.083424
vt 0.283383 0.366014
vt 0.283283 0.348307
vt 0.287419 0.364055
vt 0.278813 0.368109
vt 0.278874 0.349087
vt 0.277851 0.329970
vt 0.273179 0.350056
vt 0.272075 0.330763
vt 0.270783 0.311487
vt 0.265585 0.331248
vt 0.264770 0.311652
vt 0.264268 0.291090
vt 0.258444 0.311217
vt 0.258291 0.291044
vt 0.258045 0.270640
vt 0.251670 0.291000
vt 0.251501 0.270793
vt 0.251059 0.251223
vt 0.244512 0.271159
vt 0.243905 0.251759
vt 0.242833 0.233329
vt 0.236539 0.252318
vt 0.235574 0.233945
vt 0.234253 0.215530
vt 0.228154 0.234391
vt 0.227283 0.215834
vt 0.225335 0.195330
vt 0.220151 0.216011
vt 0.217892 0.195636
vt 0.213683 0.173478
vt 0.210641 0.195920
vt 0.205447 0.174029
vt 0.213012 0.216232
vt 0.205611 0.215947
vt 0.205058 0.196798
vt 0.547167 0.904498
vt 0.517522 0.894926
vt 0.514837 0.888763
vt 0.546197 0.893636
vt 0.547580 0.909642
vt 0.519089 0.900692
vt 0.496919 0.895727
vt 0.523125 0.907223
vt 0.499741 0.903235
vt 0.478184 0.902329
vt 0.545545 0.913988
vt 0.552629 0.921726
vt 0.527951 0.914222
vt 0.567580 0.921331
vt 0.572001 0.927526
vt 0.565951 0.915735
vt 0.586479 0.922170
vt 0.590084 0.928868
vt 0.563613 0.910238
vt 0.585536 0.916716
vt 0.604823 0.924863
vt 0.606201 0.929068
vt 0.213595 0.234886
vt 0.215083 0.253835
vt 0.208434 0.254536
vt 0.206576 0.234989
vt 0.220891 0.234656
vt 0.222000 0.253308
vt 0.229188 0.252850
vt 0.230334 0.272121
vt 0.223768 0.272843
vt 0.237543 0.271555
vt 0.238517 0.291465
vt 0.231989 0.292171
vt 0.245141 0.291094
vt 0.245877 0.311141
vt 0.239923 0.311525
vt 0.252142 0.311116
vt 0.252713 0.331292
vt 0.246901 0.331682
vt 0.258785 0.331465
vt 0.260619 0.351284
vt 0.254598 0.352301
vt 0.266949 0.350565
vt 0.268359 0.370692
vt 0.262721 0.371348
vt 0.273815 0.370525
vt 0.273114 0.391178
vt 0.268623 0.391079
vt 0.830453 0.073602
vt 0.810588 0.069615
vt 0.814589 0.066904
vt 0.829013 0.068451
vt 0.275990 0.413459
vt 0.271996 0.412366
vt 0.277712 0.393462
vt 0.790788 0.070038
vt 0.794320 0.067233
vt 0.274985 0.433243
vt 0.272484 0.432273
vt 0.278318 0.413364
vt 0.770990 0.070600
vt 0.773945 0.067978
vt 0.275324 0.453274
vt 0.273094 0.452331
vt 0.278939 0.437902
vt 0.751871 0.070695
vt 0.754406 0.068262
vt 0.277155 0.470870
vt 0.274385 0.470025
vt 0.278654 0.454527
vt 0.733979 0.072782
vt 0.734451 0.068467
vt 0.718900 0.068976
vt 0.721139 0.065072
vt 0.715465 0.073528
vt 0.703108 0.060699
vt 0.690767 0.050668
vt 0.706478 0.056715
vt 0.679292 0.046683
vt 0.676053 0.040764
vt 0.691432 0.047176
vt 0.708062 0.052818
vt 0.283967 0.520431
vt 0.280812 0.521332
vt 0.278411 0.502716
vt 0.281134 0.501476
vt 0.721782 0.060955
vt 0.273998 0.485922
vt 0.276249 0.484796
vt 0.275680 0.503987
vt 0.271972 0.487115
vt 0.272318 0.470100
vt 0.270226 0.469562
vt 0.269890 0.488207
vt 0.268236 0.468930
vt 0.270912 0.451604
vt 0.268542 0.451026
vt 0.266047 0.471917
vt 0.266176 0.450720
vt 0.269965 0.432222
vt 0.267067 0.431873
vt 0.263413 0.452032
vt 0.264139 0.431562
vt 0.267914 0.412165
vt 0.264055 0.411932
vt 0.260412 0.432166
vt 0.260128 0.412022
vt 0.264194 0.391666
vt 0.258748 0.392260
vt 0.254942 0.412615
vt 0.253233 0.392978
vt 0.257000 0.372573
vt 0.251056 0.373168
vt 0.247161 0.393718
vt 0.245059 0.373976
vt 0.249106 0.353150
vt 0.243377 0.353592
vt 0.238652 0.374307
vt 0.237333 0.353898
vt 0.241326 0.332372
vt 0.235837 0.333174
vt 0.230899 0.354262
vt 0.229747 0.334012
vt 0.234044 0.312250
vt 0.228122 0.313539
vt 0.223256 0.334963
vt 0.222275 0.314568
vt 0.225629 0.293008
vt 0.219917 0.294031
vt 0.216705 0.315514
vt 0.214224 0.295181
vt 0.217287 0.273594
vt 0.211135 0.274457
vt 0.208715 0.295705
vt 0.207594 0.276536
vt 0.626559 0.935351
vt 0.627563 0.930988
vt 0.211717 0.316310
vt 0.207011 0.316613
vt 0.205845 0.297772
vt 0.651002 0.941792
vt 0.629721 0.938814
vt 0.649944 0.939422
vt 0.656262 0.947741
vt 0.632231 0.942145
vt 0.612014 0.934839
vt 0.612902 0.938401
vt 0.637742 0.946901
vt 0.614408 0.942030
vt 0.594629 0.934269
vt 0.595959 0.938736
vt 0.621616 0.948026
vt 0.596830 0.942703
vt 0.575346 0.932769
vt 0.579766 0.941506
vt 0.599261 0.947568
vt 0.580946 0.947728
vt 0.559065 0.933653
vt 0.552943 0.926852
vt 0.560301 0.939359
vt 0.327135 0.207811
vt 0.321513 0.208500
vt 0.322531 0.188857
vt 0.328457 0.188217
vt 0.548397 0.937125
vt 0.542939 0.931270
vt 0.323960 0.172988
vt 0.330855 0.172891
vt 0.315703 0.189035
vt 0.316180 0.172152
vt 0.325983 0.160988
vt 0.333269 0.160915
vt 0.317262 0.158665
vt 0.306700 0.168980
vt 0.306243 0.153542
vt 0.645348 0.775025
vt 0.633253 0.769626
vt 0.636905 0.762398
vt 0.646449 0.767176
vt 0.660738 0.775956
vt 0.660054 0.783198
vt 0.676998 0.780287
vt 0.678493 0.788253
vt 0.642762 0.783342
vt 0.628856 0.776560
vt 0.640066 0.790927
vt 0.621293 0.781459
vt 0.635007 0.795998
vt 0.617961 0.786843
vt 0.612202 0.791748
vt 0.597889 0.784670
vt 0.605462 0.779139
vt 0.603361 0.798954
vt 0.587463 0.793599
vt 0.592073 0.809422
vt 0.577297 0.803315
vt 0.271759 0.753480
vt 0.283495 0.747911
vt 0.290445 0.760787
vt 0.279636 0.768269
vt 0.265673 0.776602
vt 0.259234 0.759233
vt 0.247675 0.781558
vt 0.244031 0.762577
vt 0.254596 0.740855
vt 0.266543 0.737602
vt 0.240631 0.743377
vt 0.228079 0.763157
vt 0.225960 0.744879
vt 0.238032 0.724952
vt 0.251653 0.723453
vt 0.223760 0.725546
vt 0.210507 0.745915
vt 0.208704 0.725967
vt 0.222837 0.706871
vt 0.236929 0.706980
vt 0.207455 0.707151
vt 0.193487 0.727299
vt 0.191429 0.708284
vt 0.207373 0.688492
vt 0.223343 0.688979
vt 0.190508 0.688969
vt 0.176161 0.709861
vt 0.175250 0.689865
vt 0.191635 0.669448
vt 0.208879 0.669499
vt 0.174605 0.670136
vt 0.160623 0.689715
vt 0.159089 0.671110
vt 0.176552 0.651613
vt 0.193985 0.650677
vt 0.159990 0.653260
vt 0.162918 0.634519
vt 0.179633 0.633064
vt 0.164795 0.617237
vt 0.162391 0.711123
vt 0.164584 0.732697
vt 0.178692 0.729877
vt 0.181525 0.749729
vt 0.166216 0.752872
vt 0.195847 0.747540
vt 0.197624 0.765709
vt 0.212102 0.763606
vt 0.213416 0.779734
vt 0.199066 0.780893
vt 0.229668 0.781018
vt 0.632380 0.871731
vt 0.636757 0.893295
vt 0.624470 0.906590
vt 0.621965 0.878855
vt 0.647618 0.867875
vt 0.651183 0.885144
vt 0.902518 0.379006
vt 0.900416 0.396781
vt 0.898446 0.416631
vt 0.916626 0.397190
vt 0.914392 0.416697
vt 0.895996 0.438586
vt 0.911814 0.440308
vt 0.930831 0.416383
vt 0.928101 0.440649
vt 0.893495 0.461912
vt 0.890119 0.483915
vt 0.885337 0.503061
vt 0.879269 0.521601
vt 0.888137 0.527393
vt 0.879939 0.543802
vt 0.874028 0.539655
vt 0.895055 0.534208
vt 0.886123 0.549382
vt 0.902027 0.541354
vt 0.890093 0.554890
vt 0.909830 0.555247
vt 0.894420 0.563931
vt 0.926926 0.546105
vt 0.944599 0.538201
vt 0.934734 0.562980
vt 0.916213 0.569414
vt 0.954176 0.555354
vt 0.963198 0.529627
vt 0.965641 0.547695
vt 0.338082 0.702542
vt 0.354679 0.703002
vt 0.352494 0.721758
vt 0.336434 0.721683
vt 0.318965 0.721860
vt 0.320330 0.702663
vt 0.300426 0.723067
vt 0.301676 0.703480
vt 0.322171 0.683524
vt 0.339925 0.683789
vt 0.303837 0.683529
vt 0.649128 0.650928
vt 0.632768 0.661869
vt 0.626968 0.640398
vt 0.643456 0.630812
vt 0.306857 0.663467
vt 0.324588 0.664253
vt 0.620661 0.619586
vt 0.637514 0.610811
vt 0.609971 0.650117
vt 0.603829 0.628610
vt 0.612709 0.600565
vt 0.628714 0.592254
vt 0.595771 0.609011
vt 0.587206 0.637851
vt 0.579620 0.616396
vt 0.587729 0.588709
vt 0.603289 0.581828
vt 0.571821 0.595157
vt 0.565826 0.622388
vt 0.557901 0.600072
vt 0.564346 0.573550
vt 0.579378 0.568692
vt 0.550245 0.578605
vt 0.545443 0.605261
vt 0.537677 0.583311
vt 0.542126 0.557272
vt 0.556232 0.552406
vt 0.529553 0.562592
vt 0.526303 0.588771
vt 0.518518 0.568003
vt 0.520764 0.543012
vt 0.532814 0.537736
vt 0.509913 0.547796
vt 0.508114 0.573180
vt 0.500149 0.552130
vt 0.502394 0.526256
vt 0.512153 0.522694
vt 0.493158 0.528824
vt 0.490721 0.555718
vt 0.484191 0.530642
vt 0.487464 0.506310
vt 0.496133 0.504488
vt 0.479067 0.507978
vt 0.475230 0.532554
vt 0.470182 0.509514
vt 0.474771 0.486642
vt 0.482458 0.484135
vt 0.466076 0.488908
vt 0.459966 0.511273
vt 0.455370 0.491190
vt 0.459936 0.466308
vt 0.468560 0.463621
vt 0.449865 0.469923
vt 0.442686 0.494720
vt 0.438432 0.472906
vt 0.444409 0.448583
vt 0.455370 0.446017
vt 0.434391 0.451182
vt 0.428325 0.475124
vt 0.424685 0.452824
vt 0.431600 0.430925
vt 0.441874 0.429456
vt 0.421709 0.433138
vt 0.415243 0.455065
vt 0.411486 0.435915
vt 0.417905 0.414961
vt 0.428795 0.412022
vt 0.407531 0.417696
vt 0.401760 0.438935
vt 0.397608 0.420359
vt 0.403473 0.398903
vt 0.413752 0.396668
vt 0.394315 0.400162
vt 0.388497 0.422477
vt 0.385444 0.401293
vt 0.392301 0.378246
vt 0.401270 0.377734
vt 0.383756 0.378640
vt 0.377203 0.402021
vt 0.375449 0.378754
vt 0.383168 0.355772
vt 0.391899 0.355520
vt 0.374822 0.356157
vt 0.367034 0.379326
vt 0.366102 0.356350
vt 0.375048 0.334127
vt 0.383579 0.334005
vt 0.366329 0.334662
vt 0.356997 0.357157
vt 0.357256 0.334627
vt 0.368300 0.312921
vt 0.376479 0.312884
vt 0.359498 0.313080
vt 0.347731 0.334973
vt 0.350137 0.312873
vt 0.363157 0.291654
vt 0.371019 0.291898
vt 0.354559 0.291567
vt 0.340342 0.312958
vt 0.345491 0.291215
vt 0.359051 0.270523
vt 0.366372 0.270917
vt 0.350768 0.270257
vt 0.335593 0.290820
vt 0.342162 0.269742
vt 0.355574 0.249055
vt 0.362734 0.249545
vt 0.347791 0.248723
vt 0.332738 0.269328
vt 0.339685 0.248071
vt 0.351163 0.227697
vt 0.357955 0.227844
vt 0.344074 0.227145
vt 0.466959 0.234181
vt 0.462062 0.237281
vt 0.455372 0.218734
vt 0.460751 0.215492
vt 0.469976 0.256312
vt 0.463600 0.259287
vt 0.457089 0.240184
vt 0.476002 0.252696
vt 0.451008 0.221684
vt 0.451991 0.244558
vt 0.446174 0.224565
vt 0.445515 0.203244
vt 0.442000 0.205340
vt 0.443085 0.229807
vt 0.438560 0.206945
vt 0.438185 0.190480
vt 0.440429 0.180830
vt 0.435296 0.191786
vt 0.435684 0.211796
vt 0.432817 0.192855
vt 0.432745 0.176311
vt 0.434477 0.169116
vt 0.430739 0.176637
vt 0.430808 0.197037
vt 0.429090 0.177421
vt 0.429573 0.160166
vt 0.430960 0.156385
vt 0.428035 0.160539
vt 0.427555 0.182712
vt 0.426578 0.160820
vt 0.427222 0.145345
vt 0.428468 0.142368
vt 0.425837 0.145136
vt 0.425031 0.164504
vt 0.424562 0.145068
vt 0.425538 0.131779
vt 0.426395 0.130620
vt 0.424657 0.132275
vt 0.423406 0.146957
vt 0.423847 0.131457
vt 0.424541 0.121476
vt 0.425231 0.121305
vt 0.423855 0.120832
vt 0.423110 0.130729
vt 0.423175 0.120292
vt 0.423842 0.113800
vt 0.424411 0.114420
vt 0.423308 0.112685
vt 0.422480 0.118676
vt 0.422785 0.111490
vt 0.422455 0.128674
vt 0.421666 0.127114
vt 0.421772 0.116972
vt 0.422034 0.109509
vt 0.421084 0.115564
vt 0.421229 0.107416
vt 0.420884 0.124167
vt 0.420055 0.120800
vt 0.420450 0.113703
vt 0.419990 0.106921
vt 0.962824 0.179179
vt 0.960111 0.184886
vt 0.953059 0.184493
vt 0.943630 0.185526
vt 0.420761 0.098815
vt 0.969867 0.172284
vt 0.969826 0.181994
vt 0.421689 0.093468
vt 0.421979 0.095452
vt 0.420716 0.095857
vt 0.974952 0.184652
vt 0.977853 0.191834
vt 0.973715 0.189835
vt 0.424737 0.096697
vt 0.975955 0.174302
vt 0.981801 0.174983
vt 0.978977 0.186221
vt 0.426843 0.102595
vt 0.425599 0.101878
vt 0.427354 0.099274
vt 0.425945 0.105880
vt 0.425226 0.104935
vt 0.426828 0.106126
vt 0.426515 0.110387
vt 0.425820 0.109566
vt 0.428272 0.102522
vt 0.425134 0.109362
vt 0.425021 0.114141
vt 0.425683 0.113907
vt 0.425881 0.120556
vt 0.427191 0.130015
vt 0.427880 0.127738
vt 0.429466 0.140332
vt 0.428460 0.124629
vt 0.430268 0.138582
vt 0.428932 0.121617
vt 0.430903 0.134570
vt 0.427489 0.113312
vt 0.427823 0.110858
vt 0.429427 0.119306
vt 0.428118 0.107393
vt 0.429893 0.116125
vt 0.972675 0.158884
vt 0.971145 0.134952
vt 0.975857 0.137120
vt 0.976603 0.160077
vt 0.967790 0.158461
vt 0.966276 0.135329
vt 0.962505 0.138789
vt 0.395451 0.099150
vt 0.389591 0.092937
vt 0.408417 0.090330
vt 0.409187 0.095615
vt 0.399733 0.105353
vt 0.417489 0.094326
vt 0.390031 0.116244
vt 0.380190 0.114792
vt 0.404869 0.111346
vt 0.395254 0.119971
vt 0.409237 0.116536
vt 0.402734 0.124556
vt 0.411968 0.121250
vt 0.407901 0.131218
vt 0.414329 0.125094
vt 0.411330 0.137281
vt 0.416195 0.128605
vt 0.413162 0.143247
vt 0.417660 0.133462
vt 0.414694 0.149164
vt 0.418783 0.137109
vt 0.416082 0.152746
vt 0.420013 0.139068
vt 0.417544 0.156214
vt 0.421105 0.142417
vt 0.419276 0.157410
vt 0.422218 0.145192
vt 0.421122 0.161692
vt 0.423018 0.163340
vt 0.422808 0.179906
vt 0.419731 0.179274
vt 0.425262 0.180948
vt 0.425213 0.197866
vt 0.422445 0.198146
vt 0.428049 0.197523
vt 0.428995 0.214194
vt 0.425541 0.216921
vt 0.432251 0.213165
vt 0.434410 0.230104
vt 0.430831 0.231239
vt 0.438625 0.229839
vt 0.441957 0.246735
vt 0.437822 0.248541
vt 0.446942 0.245934
vt 0.451863 0.263847
vt 0.446931 0.266018
vt 0.457660 0.261970
vt 0.464094 0.280716
vt 0.458004 0.283307
vt 0.471137 0.278064
vt 0.479481 0.296841
vt 0.471791 0.299987
vt 0.478220 0.274754
vt 0.487944 0.293477
vt 0.485936 0.271127
vt 0.496513 0.289695
vt 0.330786 0.313203
vt 0.320720 0.313192
vt 0.325362 0.290855
vt 0.328799 0.335360
vt 0.319202 0.335987
vt 0.338472 0.335553
vt 0.338264 0.358125
vt 0.328729 0.358651
vt 0.347955 0.357927
vt 0.349491 0.380112
vt 0.339928 0.381085
vt 0.358547 0.379663
vt 0.361066 0.402450
vt 0.352639 0.403143
vt 0.369237 0.402073
vt 0.372387 0.425027
vt 0.364710 0.425762
vt 0.380249 0.423775
vt 0.384433 0.444671
vt 0.376366 0.446821
vt 0.393052 0.441808
vt 0.398108 0.460947
vt 0.389704 0.464279
vt 0.406602 0.457733
vt 0.411242 0.478604
vt 0.403255 0.481078
vt 0.419631 0.476916
vt 0.423252 0.499715
vt 0.415067 0.501499
vt 0.432015 0.497812
vt 0.437820 0.520239
vt 0.428737 0.523082
vt 0.448366 0.515044
vt 0.455762 0.538184
vt 0.444484 0.542952
vt 0.466005 0.534552
vt 0.471722 0.560090
vt 0.461281 0.562927
vt 0.481223 0.557802
vt 0.487764 0.581366
vt 0.477368 0.583912
vt 0.497905 0.577594
vt 0.504854 0.599275
vt 0.493989 0.603769
vt 0.515422 0.594359
vt 0.522939 0.615952
vt 0.511576 0.621572
vt 0.533824 0.610667
vt 0.541707 0.633881
vt 0.530103 0.639607
vt 0.553083 0.628116
vt 0.560955 0.651939
vt 0.548179 0.658728
vt 0.573071 0.645418
vt 0.580033 0.668990
vt 0.566220 0.677003
vt 0.593135 0.660290
vt 0.600699 0.682662
vt 0.585483 0.692868
vt 0.615620 0.671822
vt 0.623465 0.694222
vt 0.606308 0.706087
vt 0.640168 0.682396
vt 0.648511 0.703007
vt 0.631284 0.714743
vt 0.979892 0.544244
vt 0.978426 0.521721
vt 0.991608 0.528606
vt 0.992573 0.543835
vt 0.655372 0.670260
vt 0.311504 0.594409
vt 0.295305 0.597576
vt 0.291824 0.582816
vt 0.309576 0.580968
vt 0.971988 0.501168
vt 0.313276 0.611503
vt 0.293561 0.611853
vt 0.965541 0.480235
vt 0.311500 0.628365
vt 0.290635 0.626235
vt 0.961619 0.460399
vt 0.304802 0.646010
vt 0.285977 0.641079
vt 0.943906 0.440386
vt 0.960906 0.438977
vt 0.947343 0.417066
vt 0.963637 0.418019
vt 0.949747 0.398330
vt 0.965436 0.399007
vt 0.933060 0.397775
vt 0.935122 0.381006
vt 0.950603 0.381642
vt 0.918748 0.380200
vt 0.920689 0.363642
vt 0.936960 0.364941
vt 0.904683 0.361977
vt 0.906739 0.345302
vt 0.922828 0.347293
vt 0.909038 0.328746
vt 0.751453 0.842759
vt 0.764722 0.829456
vt 0.739935 0.830008
vt 0.752956 0.815637
vt 0.716207 0.836299
vt 0.703697 0.849116
vt 0.704640 0.829422
vt 0.693296 0.842932
vt 0.689200 0.864622
vt 0.682256 0.837178
vt 0.691867 0.823685
vt 0.704401 0.810819
vt 0.704853 0.795954
vt 0.705836 0.784951
vt 0.696878 0.794641
vt 0.697905 0.784130
vt 0.689748 0.792180
vt 0.689779 0.783011
vt 0.268543 0.151797
vt 0.265613 0.132503
vt 0.273102 0.137772
vt 0.678012 0.878259
vt 0.767509 0.806181
vt 0.777028 0.820144
vt 0.777988 0.800677
vt 0.786712 0.813937
vt 0.793566 0.808974
vt 0.860841 0.774260
vt 0.866801 0.769676
vt 0.855994 0.770354
vt 0.862273 0.765487
vt 0.859155 0.760933
vt 0.858071 0.751558
vt 0.865913 0.747976
vt 0.866808 0.756217
vt 0.869720 0.760722
vt 0.873484 0.764277
vt 0.860820 0.737832
vt 0.869558 0.735012
vt 0.867462 0.721340
vt 0.878620 0.720518
vt 0.855635 0.726334
vt 0.875151 0.705916
vt 0.843411 0.734027
vt 0.879208 0.693708
vt 0.884850 0.678854
vt 0.903949 0.674582
vt 0.250492 0.046340
vt 0.251785 0.063832
vt 0.237315 0.063223
vt 0.238268 0.043536
vt 0.242067 0.024037
vt 0.249101 0.026376
vt 0.257711 0.025576
vt 0.262832 0.044928
vt 0.377800 0.741575
vt 0.375970 0.745363
vt 0.370024 0.726021
vt 0.374180 0.723639
vt 0.378955 0.724264
vt 0.380958 0.742447
vt 0.385726 0.748912
vt 0.371524 0.750296
vt 0.363820 0.730837
vt 0.365912 0.758010
vt 0.355787 0.738788
vt 0.376110 0.776843
vt 0.368662 0.785992
vt 0.357432 0.767485
vt 0.379030 0.803601
vt 0.371579 0.813800
vt 0.359267 0.796348
vt 0.390600 0.822339
vt 0.383198 0.830802
vt 0.395600 0.848621
vt 0.387554 0.856494
vt 0.374796 0.839226
vt 0.918859 0.732486
vt 0.928084 0.725236
vt 0.936863 0.717835
vt 0.947367 0.708222
vt 0.936952 0.701808
vt 0.948182 0.687207
vt 0.936677 0.667143
vt 0.961652 0.672354
vt 0.261583 0.089960
vt 0.248537 0.106883
vt 0.243546 0.094095
vt 0.239566 0.079939
vt 0.255230 0.077104
vt 0.920105 0.668842
vt 0.270476 0.073080
vt 0.276672 0.083698
vt 0.266330 0.061111
vt 0.279627 0.055411
vt 0.283928 0.066866
vt 0.274205 0.040021
vt 0.285733 0.034607
vt 0.291150 0.049530
vt 0.266958 0.022061
vt 0.278225 0.017837
vt 0.298387 0.030376
vt 0.302327 0.045027
vt 0.292555 0.014434
vt 0.308622 0.013238
vt 0.312766 0.029459
vt 0.346707 0.778454
vt 0.334979 0.761855
vt 0.345883 0.749494
vt 0.336111 0.790288
vt 0.323763 0.775178
vt 0.348553 0.806351
vt 0.361991 0.823398
vt 0.905742 0.864844
vt 0.921186 0.862813
vt 0.892548 0.867924
vt 0.900957 0.851872
vt 0.916950 0.848766
vt 0.888225 0.857076
vt 0.883736 0.871226
vt 0.879540 0.863094
vt 0.313826 0.044073
vt 0.313672 0.055705
vt 0.304811 0.057202
vt 0.313168 0.063262
vt 0.306408 0.065670
vt 0.295325 0.061496
vt 0.298129 0.069852
vt 0.306973 0.070199
vt 0.299989 0.075275
vt 0.288411 0.076184
vt 0.292150 0.082322
vt 0.301422 0.079204
vt 0.294318 0.085650
vt 0.709971 0.936342
vt 0.713187 0.937879
vt 0.714307 0.945406
vt 0.709966 0.945855
vt 0.307487 0.074373
vt 0.302696 0.082430
vt 0.298682 0.088376
vt 0.722882 0.949346
vt 0.726659 0.957123
vt 0.718178 0.953945
vt 0.296045 0.095844
vt 0.303251 0.094338
vt 0.303680 0.098428
vt 0.734224 0.951103
vt 0.743069 0.952540
vt 0.732082 0.959302
vt 0.303559 0.103641
vt 0.295730 0.101905
vt 0.310465 0.103207
vt 0.310439 0.107332
vt 0.744434 0.946731
vt 0.749432 0.944187
vt 0.751776 0.947737
vt 0.742769 0.939903
vt 0.738562 0.938532
vt 0.739752 0.945194
vt 0.734384 0.943844
vt 0.729072 0.946537
vt 0.724630 0.940376
vt 0.718754 0.939609
vt 0.717537 0.931612
vt 0.723219 0.932073
vt 0.713069 0.930278
vt 0.710469 0.929666
vt 0.871705 0.871400
vt 0.874542 0.876358
vt 0.869864 0.874618
vt 0.312437 0.068177
vt 0.311622 0.072165
vt 0.874627 0.867912
vt 0.878453 0.873650
vt 0.255695 0.121775
vt 0.886274 0.721156
vt 0.918028 0.279385
vt 0.914632 0.295821
vt 0.911655 0.312143
vt 0.931426 0.299668
vt 0.927877 0.315519
vt 0.925210 0.331266
vt 0.943980 0.318615
vt 0.941431 0.333624
vt 0.939099 0.349043
vt 0.956766 0.334972
vt 0.953928 0.350230
vt 0.951899 0.365891
vt 0.966920 0.351012
vt 0.964676 0.366382
vt 0.964328 0.382054
vt 0.274963 0.707158
vt 0.262781 0.706680
vt 0.265078 0.691595
vt 0.277443 0.693759
vt 0.270080 0.674622
vt 0.283565 0.679084
vt 0.251752 0.690773
vt 0.255785 0.672785
vt 0.278073 0.657339
vt 0.294102 0.663143
vt 0.261332 0.653986
vt 0.241139 0.671838
vt 0.245027 0.652886
vt 0.266518 0.636670
vt 0.248090 0.636032
vt 0.228771 0.652508
vt 0.231250 0.634942
vt 0.250915 0.621362
vt 0.269460 0.622963
vt 0.232846 0.620433
vt 0.213708 0.634076
vt 0.233655 0.606665
vt 0.253837 0.608783
vt 0.231328 0.595439
vt 0.249798 0.598242
vt 0.592707 0.736589
vt 0.612182 0.726023
vt 0.614511 0.745408
vt 0.593950 0.755308
vt 0.573008 0.766008
vt 0.573247 0.746886
vt 0.551627 0.774624
vt 0.554303 0.755149
vt 0.572726 0.724919
vt 0.589161 0.715832
vt 0.555802 0.732477
vt 0.532832 0.757316
vt 0.537694 0.737441
vt 0.555032 0.709181
vt 0.569847 0.701296
vt 0.539741 0.713834
vt 0.517453 0.735765
vt 0.522013 0.716006
vt 0.538829 0.690009
vt 0.552416 0.683797
vt 0.524170 0.693099
vt 0.500178 0.710737
vt 0.503972 0.692226
vt 0.522656 0.669485
vt 0.535489 0.664388
vt 0.506599 0.671507
vt 0.484252 0.688087
vt 0.486948 0.669209
vt 0.505219 0.648980
vt 0.518189 0.644841
vt 0.488561 0.649405
vt 0.468634 0.666072
vt 0.469975 0.647099
vt 0.486273 0.628365
vt 0.500062 0.625814
vt 0.470104 0.627773
vt 0.451930 0.645890
vt 0.451875 0.626504
vt 0.468385 0.607094
vt 0.482506 0.606132
vt 0.451456 0.607149
vt 0.435408 0.625819
vt 0.435262 0.606328
vt 0.450275 0.586780
vt 0.465348 0.585674
vt 0.435260 0.586825
vt 0.421382 0.605626
vt 0.421912 0.586477
vt 0.434904 0.566751
vt 0.448417 0.565239
vt 0.422866 0.566877
vt 0.410004 0.585535
vt 0.412054 0.566165
vt 0.422652 0.546340
vt 0.433228 0.545602
vt 0.412799 0.546150
vt 0.402020 0.565207
vt 0.403035 0.545924
vt 0.410751 0.525165
vt 0.419574 0.524354
vt 0.401845 0.525729
vt 0.392712 0.545816
vt 0.391807 0.526634
vt 0.398754 0.504495
vt 0.407145 0.502945
vt 0.389351 0.506778
vt 0.380435 0.527812
vt 0.379016 0.508853
vt 0.385952 0.486972
vt 0.394862 0.484133
vt 0.376500 0.489595
vt 0.368725 0.510552
vt 0.367480 0.491398
vt 0.372996 0.469563
vt 0.381135 0.467369
vt 0.364609 0.471018
vt 0.358099 0.492713
vt 0.356113 0.472488
vt 0.360810 0.449509
vt 0.368604 0.448199
vt 0.352618 0.450069
vt 0.347116 0.473479
vt 0.343848 0.450974
vt 0.348609 0.427271
vt 0.356863 0.426292
vt 0.339569 0.427773
vt 0.334526 0.451572
vt 0.329965 0.428562
vt 0.334549 0.405221
vt 0.343838 0.403997
vt 0.324820 0.405985
vt 0.535140 0.390924
vt 0.523476 0.393686
vt 0.519250 0.372865
vt 0.530978 0.369773
vt 0.320820 0.382948
vt 0.330526 0.382088
vt 0.514098 0.352095
vt 0.525209 0.348757
vt 0.507958 0.375920
vt 0.503133 0.355187
vt 0.506623 0.331694
vt 0.516894 0.327992
vt 0.496430 0.335358
vt 0.493236 0.357931
vt 0.486956 0.338313
vt 0.488059 0.315974
vt 0.497449 0.312389
vt 0.479560 0.319021
vt 0.478350 0.340937
vt 0.471436 0.321812
vt 0.464711 0.302674
vt 0.464246 0.324403
vt 0.458124 0.304924
vt 0.452366 0.285497
vt 0.451809 0.307032
vt 0.446758 0.287290
vt 0.442078 0.267663
vt 0.441154 0.288897
vt 0.437142 0.269100
vt 0.433512 0.249720
vt 0.432039 0.270350
vt 0.429146 0.250668
vt 0.426663 0.232477
vt 0.424231 0.251443
vt 0.421801 0.232103
vt 0.421562 0.215130
vt 0.416899 0.231736
vt 0.417130 0.213500
vt 0.418414 0.196564
vt 0.419013 0.251833
vt 0.413363 0.251968
vt 0.411657 0.231334
vt 0.420878 0.271954
vt 0.414509 0.272370
vt 0.426613 0.271298
vt 0.429473 0.291630
vt 0.423187 0.292506
vt 0.435393 0.290393
vt 0.439247 0.310732
vt 0.432695 0.312174
vt 0.445588 0.308958
vt 0.450305 0.328816
vt 0.443264 0.330893
vt 0.457320 0.326693
vt 0.462878 0.345822
vt 0.455338 0.348124
vt 0.470457 0.343443
vt 0.476169 0.362605
vt 0.468280 0.364753
vt 0.484382 0.360361
vt 0.488922 0.380713
vt 0.480661 0.382671
vt 0.497833 0.378485
vt 0.501664 0.399149
vt 0.492641 0.401430
vt 0.512124 0.396316
vt 0.516781 0.417139
vt 0.506115 0.419262
vt 0.527984 0.414797
vt 0.533276 0.435401
vt 0.522284 0.437531
vt 0.539227 0.412605
vt 0.544195 0.433336
vt 0.549046 0.452745
vt 0.538532 0.454700
vt 0.348581 0.493560
vt 0.338960 0.494673
vt 0.337853 0.474057
vt 0.348970 0.512336
vt 0.338923 0.513098
vt 0.358624 0.511435
vt 0.358244 0.529736
vt 0.348173 0.530096
vt 0.368895 0.528913
vt 0.368708 0.546947
vt 0.356668 0.547522
vt 0.380718 0.546314
vt 0.379519 0.564596
vt 0.366726 0.564940
vt 0.391452 0.564806
vt 0.388810 0.583997
vt 0.376964 0.583374
vt 0.399607 0.584746
vt 0.397596 0.604246
vt 0.386137 0.603597
vt 0.409077 0.605070
vt 0.408393 0.624297
vt 0.396244 0.623474
vt 0.421469 0.625270
vt 0.421107 0.645041
vt 0.407719 0.643642
vt 0.435941 0.646142
vt 0.435917 0.666612
vt 0.420495 0.665142
vt 0.452705 0.666276
vt 0.453131 0.687248
vt 0.436107 0.687348
vt 0.468224 0.686716
vt 0.468351 0.707079
vt 0.453336 0.706384
vt 0.482430 0.707510
vt 0.482227 0.724078
vt 0.467796 0.721420
vt 0.497600 0.727913
vt 0.495145 0.739639
vt 0.480311 0.734055
vt 0.513281 0.748763
vt 0.508460 0.759139
vt 0.493062 0.747726
vt 0.527067 0.771406
vt 0.181623 0.559820
vt 0.174418 0.543456
vt 0.178305 0.540251
vt 0.186835 0.555418
vt 0.174541 0.563381
vt 0.169123 0.546596
vt 0.163785 0.566226
vt 0.160122 0.549525
vt 0.166027 0.583925
vt 0.166443 0.600953
vt 0.156413 0.533630
vt 0.153403 0.518500
vt 0.164508 0.530904
vt 0.160010 0.517218
vt 0.150980 0.504889
vt 0.156466 0.504210
vt 0.163982 0.516105
vt 0.168663 0.529152
vt 0.159665 0.503087
vt 0.153275 0.489891
vt 0.156542 0.489067
vt 0.162110 0.501884
vt 0.166339 0.514968
vt 0.158996 0.487702
vt 0.152497 0.474724
vt 0.154002 0.473620
vt 0.435670 0.721603
vt 0.451455 0.724460
vt 0.450788 0.728887
vt 0.435472 0.726638
vt 0.421049 0.728098
vt 0.420704 0.723173
vt 0.408224 0.731904
vt 0.407528 0.726443
vt 0.420284 0.715855
vt 0.435834 0.714985
vt 0.406801 0.717730
vt 0.395655 0.730583
vt 0.394816 0.719676
vt 0.406362 0.702932
vt 0.419633 0.703182
vt 0.394777 0.702836
vt 0.382108 0.720775
vt 0.383146 0.703151
vt 0.394357 0.682303
vt 0.406132 0.682927
vt 0.382586 0.682814
vt 0.369663 0.703132
vt 0.370227 0.683666
vt 0.382187 0.661985
vt 0.394317 0.661926
vt 0.369853 0.663346
vt 0.356068 0.684238
vt 0.356620 0.664259
vt 0.370273 0.642791
vt 0.382846 0.642309
vt 0.357463 0.643798
vt 0.341632 0.664643
vt 0.343373 0.644431
vt 0.358976 0.623082
vt 0.371892 0.622665
vt 0.345529 0.624005
vt 0.327581 0.644891
vt 0.330877 0.624660
vt 0.347869 0.603510
vt 0.361412 0.602715
vt 0.333843 0.604794
vt 0.315381 0.624617
vt 0.319938 0.604999
vt 0.337060 0.584662
vt 0.350432 0.583970
vt 0.324212 0.584822
vt 0.606876 0.556394
vt 0.593737 0.563201
vt 0.582415 0.543796
vt 0.593245 0.538380
vt 0.329733 0.565115
vt 0.341177 0.565765
vt 0.569832 0.524263
vt 0.579556 0.520206
vt 0.569975 0.548428
vt 0.558826 0.527811
vt 0.558659 0.506100
vt 0.568467 0.503107
vt 0.547852 0.509785
vt 0.546025 0.532614
vt 0.535272 0.514100
vt 0.539653 0.492423
vt 0.551076 0.489425
vt 0.526971 0.496149
vt 0.522758 0.518794
vt 0.514961 0.499290
vt 0.520643 0.477551
vt 0.533061 0.475326
vt 0.509182 0.479268
vt 0.504531 0.502057
vt 0.498932 0.480211
vt 0.504695 0.459804
vt 0.515878 0.458662
vt 0.494421 0.460820
vt 0.490196 0.482031
vt 0.484388 0.461114
vt 0.491291 0.442287
vt 0.500804 0.440777
vt 0.482375 0.443114
vt 0.476144 0.462267
vt 0.473919 0.442681
vt 0.480017 0.424037
vt 0.487339 0.422819
vt 0.471576 0.424998
vt 0.465470 0.443870
vt 0.462479 0.426312
vt 0.467905 0.405975
vt 0.476103 0.404540
vt 0.459088 0.407045
vt 0.452498 0.427906
vt 0.449830 0.408432
vt 0.455909 0.387562
vt 0.464566 0.385895
vt 0.446741 0.389148
vt 0.439896 0.409827
vt 0.436289 0.391384
vt 0.442834 0.370910
vt 0.451850 0.368730
vt 0.432640 0.372939
vt 0.424945 0.393822
vt 0.421085 0.375172
vt 0.429960 0.354104
vt 0.439202 0.352296
vt 0.419559 0.355112
vt 0.410600 0.376720
vt 0.409506 0.355351
vt 0.418913 0.334350
vt 0.427753 0.333828
vt 0.409486 0.334299
vt 0.400450 0.355416
vt 0.400825 0.333979
vt 0.409286 0.313713
vt 0.417710 0.313656
vt 0.400824 0.313560
vt 0.392114 0.334015
vt 0.392808 0.313315
vt 0.400942 0.293071
vt 0.408633 0.293131
vt 0.393170 0.292930
vt 0.384422 0.313230
vt 0.385944 0.292600
vt 0.393548 0.272094
vt 0.400321 0.272384
vt 0.386656 0.271813
vt 0.378317 0.292258
vt 0.380157 0.271513
vt 0.386974 0.251044
vt 0.393084 0.251268
vt 0.380971 0.250610
vt 0.373292 0.271229
vt 0.375155 0.250308
vt 0.381165 0.230163
vt 0.386907 0.230385
vt 0.375602 0.229883
vt 0.368915 0.250059
vt 0.370328 0.229337
vt 0.375495 0.210595
vt 0.380520 0.210857
vt 0.370399 0.209790
vt 0.364270 0.228663
vt 0.364909 0.208856
vt 0.370729 0.193509
vt 0.374792 0.194380
vt 0.365494 0.191746
vt 0.358629 0.207150
vt 0.359348 0.188725
vt 0.365889 0.180638
vt 0.370120 0.181376
vt 0.359372 0.176145
vt 0.354315 0.161369
vt 0.355715 0.153732
vt 0.346680 0.153366
vt 0.354116 0.144522
vt 0.343040 0.140797
vt 0.368237 0.129703
vt 0.367972 0.120195
vt 0.361436 0.114158
vt 0.353069 0.114711
vt 0.971543 0.101059
vt 0.968839 0.103090
vt 0.974642 0.066898
vt 0.975490 0.065398
vt 0.434620 0.144321
vt 0.432379 0.126969
vt 0.433264 0.125027
vt 0.436245 0.140689
vt 0.434077 0.148824
vt 0.431602 0.132380
vt 0.976038 0.101285
vt 0.436716 0.165856
vt 0.433306 0.152228
vt 0.432355 0.154912
vt 0.375003 0.128875
vt 0.367782 0.140490
vt 0.382505 0.129479
vt 0.377879 0.139204
vt 0.392866 0.131689
vt 0.386210 0.140365
vt 0.400028 0.137399
vt 0.393448 0.144749
vt 0.405234 0.143601
vt 0.398694 0.151998
vt 0.408037 0.152700
vt 0.400532 0.159808
vt 0.410639 0.160052
vt 0.401503 0.167840
vt 0.392198 0.169759
vt 0.386848 0.180979
vt 0.385139 0.170476
vt 0.389523 0.192587
vt 0.384080 0.193696
vt 0.382130 0.182244
vt 0.380264 0.171253
vt 0.377815 0.182505
vt 0.376222 0.171440
vt 0.375019 0.162675
vt 0.372615 0.171505
vt 0.371192 0.162701
vt 0.375466 0.154196
vt 0.370035 0.156209
vt 0.372601 0.147560
vt 0.379804 0.147599
vt 0.365302 0.149232
vt 0.373930 0.181740
vt 0.379005 0.194246
vt 0.386049 0.210880
vt 0.391876 0.210913
vt 0.393130 0.230580
vt 0.399259 0.231130
vt 0.399777 0.251539
vt 0.405658 0.231587
vt 0.406606 0.251831
vt 0.407457 0.272399
vt 0.416161 0.293025
vt 0.425567 0.313174
vt 0.435908 0.332538
vt 0.447508 0.350225
vt 0.460204 0.366765
vt 0.472572 0.384348
vt 0.484116 0.402974
vt 0.496394 0.421111
vt 0.511227 0.439443
vt 0.527533 0.457050
vt 0.544366 0.472611
vt 0.554510 0.470307
vt 0.561181 0.486782
vt 0.345566 0.547573
vt 0.335260 0.547068
vt 0.337986 0.530211
vt 0.353732 0.565561
vt 0.364040 0.583506
vt 0.374261 0.603032
vt 0.384237 0.623111
vt 0.395207 0.642739
vt 0.406850 0.663213
vt 0.419833 0.685285
vt 0.436251 0.704571
vt 0.452425 0.718046
vt 0.466345 0.729037
vt 0.465082 0.733928
vt 0.478659 0.739843
vt 0.171804 0.527124
vt 0.618395 0.574387
vt 0.310739 0.643860
vt 0.367669 0.721257
vt 0.901052 0.575171
vt 0.382835 0.734573
vt 0.882282 0.567383
vt 0.885650 0.572672
vt 0.396532 0.737386
vt 0.879392 0.563448
vt 0.878481 0.578100
vt 0.875624 0.577339
vt 0.872450 0.574344
vt 0.875696 0.559184
vt 0.871535 0.587571
vt 0.869574 0.585065
vt 0.872662 0.589867
vt 0.867089 0.583673
vt 0.869181 0.569434
vt 0.148679 0.491202
vt 0.146303 0.476926
vt 0.150159 0.475927
vt 0.871332 0.556542
vt 0.507008 0.308445
vt 0.319242 0.359214
vt 0.278905 0.585734
vt 0.274401 0.597638
vt 0.259746 0.580064
vt 0.273048 0.608365
vt 0.211370 0.651322
vt 0.196594 0.632585
vt 0.225705 0.670648
vt 0.238156 0.689614
vt 0.250620 0.706970
vt 0.264001 0.722054
vt 0.275817 0.720307
vt 0.278714 0.734184
vt 0.959379 0.320170
vt 0.973539 0.320518
vt 0.970219 0.335689
vt 0.961915 0.305466
vt 0.976342 0.305193
vt 0.947105 0.303378
vt 0.951276 0.287603
vt 0.965324 0.289496
vt 0.935484 0.283452
vt 0.938675 0.267693
vt 0.955081 0.271321
vt 0.920370 0.263440
vt 0.922404 0.247496
vt 0.941306 0.251150
vt 0.924091 0.230541
vt 0.925449 0.176074
vt 0.926394 0.194890
vt 0.925769 0.213028
vt 0.943844 0.234151
vt 0.961272 0.238798
vt 0.957968 0.255360
vt 0.974976 0.244785
vt 0.972113 0.259385
vt 0.968931 0.273956
vt 0.985373 0.262981
vt 0.983207 0.275625
vt 0.979802 0.289919
vt 0.989911 0.236565
vt 0.986972 0.250436
vt 0.624103 0.763945
vt 0.618223 0.768416
vt 0.995000 0.224861
vt 0.607951 0.771608
vt 0.629559 0.759284
vt 0.540289 0.939404
vt 0.536394 0.945972
vt 0.450668 0.935982
vt 0.930854 0.190059
vt 0.930503 0.193108
vt 0.307208 0.188194
vt 0.298179 0.186002
vt 0.307874 0.208826
vt 0.299926 0.208540
vt 0.315161 0.208820
vt 0.314359 0.229476
vt 0.307764 0.229683
vt 0.320374 0.229137
vt 0.318802 0.249538
vt 0.313049 0.249875
vt 0.325696 0.228808
vt 0.324007 0.249275
vt 0.322273 0.268750
vt 0.317008 0.269136
vt 0.639066 0.949842
vt 0.640610 0.954226
vt 0.623395 0.952911
vt 0.888910 0.142107
vt 0.890480 0.138845
vt 0.906540 0.147744
vt 0.905181 0.150707
vt 0.654943 0.950052
vt 0.656161 0.952564
vt 0.870773 0.141561
vt 0.871416 0.135834
vt 0.888706 0.145804
vt 0.671526 0.951659
vt 0.673817 0.953803
vt 0.204013 0.336860
vt 0.199126 0.338072
vt 0.200656 0.320696
vt 0.204216 0.318530
vt 0.207869 0.336526
vt 0.671479 0.948846
vt 0.208538 0.356706
vt 0.204310 0.357430
vt 0.212449 0.336078
vt 0.213067 0.355982
vt 0.217607 0.335551
vt 0.218334 0.355329
vt 0.224211 0.354686
vt 0.225773 0.374783
vt 0.220064 0.375641
vt 0.232137 0.374398
vt 0.234663 0.394744
vt 0.228786 0.395389
vt 0.240904 0.394189
vt 0.243893 0.413864
vt 0.238139 0.414507
vt 0.249409 0.413158
vt 0.251573 0.432843
vt 0.246472 0.433648
vt 0.256078 0.432301
vt 0.256940 0.452570
vt 0.252987 0.453178
vt 0.260398 0.452292
vt 0.260829 0.472398
vt 0.257771 0.473625
vt 0.263411 0.472062
vt 0.265503 0.489283
vt 0.263159 0.492576
vt 0.267757 0.489070
vt 0.265581 0.510637
vt 0.266125 0.523236
vt 0.262346 0.526794
vt 0.262053 0.512328
vt 0.259704 0.494061
vt 0.257257 0.513218
vt 0.255979 0.495232
vt 0.254084 0.474181
vt 0.251064 0.496019
vt 0.250060 0.474890
vt 0.248558 0.453691
vt 0.245673 0.475285
vt 0.243999 0.454146
vt 0.241179 0.434241
vt 0.239220 0.454842
vt 0.236024 0.434921
vt 0.232485 0.415183
vt 0.230884 0.435663
vt 0.227010 0.416002
vt 0.223195 0.396032
vt 0.221779 0.416746
vt 0.217865 0.396922
vt 0.214915 0.376422
vt 0.212845 0.397690
vt 0.210244 0.377264
vt 0.205558 0.377988
vt 0.201106 0.378791
vt 0.199747 0.358195
vt 0.834422 0.134557
vt 0.853711 0.132736
vt 0.852607 0.138704
vt 0.872947 0.129841
vt 0.314090 0.303702
vt 0.315049 0.287025
vt 0.320445 0.286854
vt 0.320389 0.300954
vt 0.311544 0.269059
vt 0.306781 0.249896
vt 0.300637 0.229606
vt 0.292469 0.208228
vt 0.288270 0.185457
vt 0.257617 0.526963
vt 0.262335 0.537431
vt 0.261636 0.547150
vt 0.370003 0.096745
vt 0.354869 0.099008
vt 0.350605 0.090814
vt 0.366036 0.092705
vt 0.265306 0.539125
vt 0.375503 0.103331
vt 0.359753 0.102660
vt 0.346005 0.111909
vt 0.342324 0.109607
vt 0.858456 0.050387
vt 0.843951 0.055307
vt 0.841821 0.049113
vt 0.856494 0.043314
vt 0.868838 0.032469
vt 0.826056 0.055665
vt 0.823917 0.051197
vt 0.826293 0.060204
vt 0.826951 0.065034
vt 0.331615 0.118214
vt 0.325696 0.135068
vt 0.323025 0.135702
vt 0.328871 0.116451
vt 0.336460 0.100294
vt 0.340738 0.102347
vt 0.334184 0.121248
vt 0.327860 0.136504
vt 0.336138 0.125159
vt 0.328092 0.142263
vt 0.320808 0.147290
vt 0.316892 0.152360
vt 0.536512 0.923542
vt 0.277559 0.520917
vt 0.279790 0.534634
vt 0.282251 0.535638
vt 0.676366 0.038589
vt 0.285892 0.533137
vt 0.732001 0.064014
vt 0.890513 0.036823
vt 0.207636 0.547438
vt 0.680923 0.077377
vt 0.803984 0.895537
vt 0.336746 0.089881
vt 0.341938 0.089844
vt 0.855127 0.074209
vt 0.232160 0.559795
vt 0.707237 0.919768
vt 0.788687 0.911467
s 1
f 1/1/1 2/2/2 3/3/3 4/4/4
f 5/5/5 6/6/6 7/7/7 8/8/8
f 5/5/5 8/8/8 9/9/9 10/10/10
f 7/11/7 11/12/11 12/13/12 8/14/8
f 12/13/12 11/12/11 13/15/13 14/16/14
f 12/17/12 14/18/14 9/9/9 8/8/8
f 15/19/15 16/20/16 17/21/17 18/22/18
f 15/19/15 19/23/19 20/24/20 16/20/16
f 15/19/15 18/22/18 21/25/21 19/23/19
f 19/26/19 21/27/21 22/28/22 20/29/20
f 23/30/23 18/22/18 17/21/17 24/31/24
f 23/32/23 24/33/24 25/34/25 26/35/26
f 23/32/23 26/35/26 21/27/21 18/36/18
f 26/35/26 25/34/25 22/28/22 21/27/21
f 27/37/27 28/38/28 29/39/29 30/40/30
f 27/41/27 31/42/31 32/43/32 28/44/28
f 27/41/27 30/45/30 33/46/33 31/42/31
f 32/43/32 31/42/31 34/47/34 35/48/35
f 32/43/32 35/48/35 36/49/36 28/44/28
f 30/40/30 29/39/29 37/50/37 33/51/33
f 37/50/37 38/52/38 39/53/39 33/51/33
f 37/50/37 29/39/29 40/54/40 38/52/38
f 41/55/41 42/56/42 43/57/43 44/58/44
f 45/59/45 46/60/46 42/56/42 41/55/41
f 41/55/41 44/58/44 47/61/47 45/59/45
f 48/62/48 49/63/49 50/64/50 51/65/51
f 48/62/48 52/66/52 53/67/53 49/63/49
f 48/62/48 51/65/51 54/68/54 52/66/52
f 55/69/55 56/70/56 57/71/57 58/72/58
f 55/69/55 58/72/58 59/73/59 60/74/60
f 55/69/55 60/74/60 61/75/61 56/70/56
f 59/73/59 58/72/58 62/76/62 63/77/63
f 59/73/59 63/77/63 64/78/64 60/74/60
f 63/77/63 62/76/62 65/79/65 66/80/66
f 63/77/63 66/80/66 67/81/67 68/82/68
f 63/77/63 68/82/68 69/83/69 64/78/64
f 60/74/60 70/84/70 71/85/71 61/75/61
f 60/74/60 64/78/64 72/86/72 70/84/70
f 73/87/73 74/88/74 75/89/75 76/90/76
f 73/87/73 76/90/76 77/91/77 78/92/78
f 73/87/73 78/92/78 79/93/79 74/88/74
f 68/82/68 80/94/80 81/95/81 69/83/69
f 79/93/79 82/96/82 67/81/67 74/88/74
f 68/82/68 67/81/67 82/96/82 80/94/80
f 81/95/81 80/94/80 83/97/83 84/98/84
f 81/95/81 84/98/84 85/99/85 69/83/69
f 86/100/86 87/101/87 88/102/88 89/103/89
f 86/100/86 89/103/89 90/104/90 91/105/91
f 86/100/86 79/93/79 78/92/78 87/101/87
f 92/106/92 93/107/93 94/108/94 95/109/95
f 92/106/92 96/110/96 97/111/97 93/107/93
f 92/106/92 95/109/95 98/112/98 96/110/96
f 94/113/94 99/114/99 100/115/100 95/116/95
f 96/110/96 98/112/98 101/117/101 102/118/102
f 103/119/103 104/120/104 105/121/105 106/122/106
f 103/119/103 107/123/107 108/124/108 104/120/104
f 103/119/103 106/122/106 109/125/109 107/123/107
f 100/115/100 99/114/99 110/126/110 111/127/111
f 112/128/112 113/129/113 114/130/114 115/131/115
f 112/128/112 115/131/115 116/132/116 117/133/117
f 112/128/112 117/133/117 118/134/118 113/129/113
f 119/135/119 120/136/120 121/137/121 122/138/122
f 119/135/119 122/138/122 123/139/123 124/140/124
f 119/135/119 124/140/124 125/141/125 120/136/120
f 126/142/126 127/143/127 128/144/128 129/145/129
f 126/142/126 130/146/130 131/147/131 127/143/127
f 126/142/126 132/148/132 133/149/133 130/146/130
f 126/142/126 129/145/129 134/150/134 132/148/132
f 127/151/127 135/152/135 136/153/136 137/154/137
f 127/143/127 137/155/137 138/156/138 128/144/128
f 138/156/138 137/155/137 139/157/139 140/158/140
f 138/156/138 140/158/140 141/159/141 128/144/128
f 129/145/129 128/144/128 141/159/141 134/150/134
f 142/160/142 143/161/143 144/162/144 145/163/145
f 146/164/146 147/165/147 148/166/148 149/167/149
f 146/164/146 149/167/149 150/168/150 151/169/151
f 146/164/146 151/169/151 152/170/152 147/165/147
f 153/171/153 154/172/154 155/173/155 156/174/156
f 153/171/153 156/174/156 157/175/157 158/176/158
f 153/171/153 158/176/158 159/177/159 154/172/154
f 160/178/160 161/179/161 162/180/162 163/181/163
f 160/178/160 164/182/164 165/183/165 161/179/161
f 160/178/160 166/184/166 167/185/167 164/182/164
f 160/178/160 168/186/168 169/187/169 166/184/166
f 160/178/160 163/181/163 170/188/170 168/186/168
f 171/189/171 172/190/172 173/191/173 174/192/174
f 171/189/171 175/193/175 176/194/176 172/190/172
f 171/189/171 174/192/174 177/195/177 178/196/178
f 171/189/171 178/196/178 179/197/179 180/198/180
f 171/189/171 180/198/180 181/199/181 175/193/175
f 182/200/182 183/201/183 184/202/184 185/203/185
f 182/200/182 185/203/185 186/204/186 187/205/187
f 182/206/182 187/207/187 188/208/188 189/209/189
f 182/206/182 190/210/190 191/211/191 183/212/183
f 182/206/182 189/209/189 192/213/192 190/210/190
f 193/214/193 194/215/194 195/216/195 196/217/196
f 193/214/193 196/217/196 197/218/197 198/219/198
f 193/214/193 198/219/198 199/220/199 200/221/200
f 193/214/193 200/221/200 201/222/201 202/223/202
f 193/214/193 202/223/202 203/224/203 194/215/194
f 204/225/204 205/226/205 206/227/206 207/228/207
f 204/225/204 207/228/207 208/229/208 209/230/209
f 204/225/204 210/231/210 211/232/211 205/226/205
f 204/225/204 209/230/209 212/233/212 213/234/213
f 204/225/204 213/234/213 214/235/214 210/231/210
f 111/236/111 110/237/110 215/238/215 216/239/216
f 111/236/111 216/239/216 217/240/217 218/241/218
f 219/242/219 220/243/220 211/232/211 210/231/210
f 219/242/219 221/244/221 222/245/222 220/243/220
f 219/242/219 210/231/210 214/235/214 221/244/221
f 223/246/223 224/247/224 225/248/225 226/249/226
f 223/246/223 226/249/226 227/250/227 228/251/228
f 223/246/223 228/251/228 229/252/229 224/247/224
f 230/253/230 231/254/231 232/255/232 233/256/233
f 230/253/230 233/256/233 234/257/234 235/258/235
f 230/253/230 235/258/235 236/259/236 237/260/237
f 230/253/230 238/261/238 239/262/239 231/254/231
f 230/253/230 237/260/237 240/263/240 238/261/238
f 241/264/241 242/265/242 243/266/243 244/267/244
f 217/240/217 216/239/216 245/268/245 246/269/246
f 217/240/217 246/269/246 247/270/247 248/271/248
f 217/272/217 248/273/248 249/274/249 250/275/250
f 217/272/217 250/275/250 251/276/251 218/277/218
f 252/278/252 253/279/253 254/280/254 255/281/255
f 252/278/252 255/281/255 256/282/256 257/283/257
f 252/278/252 257/283/257 258/284/258 259/285/259
f 252/278/252 259/285/259 260/286/260 261/287/261
f 252/278/252 261/287/261 262/288/262 253/279/253
f 263/289/263 241/264/241 244/267/244 264/290/264
f 263/289/263 264/290/264 265/291/265 266/292/266
f 263/293/263 266/294/266 267/295/267 268/296/268
f 263/289/263 269/297/269 242/265/242 241/264/241
f 263/293/263 268/296/268 270/298/270 269/299/269
f 260/286/260 271/300/271 272/301/272 273/302/273
f 260/286/260 259/285/259 274/303/274 271/300/271
f 260/286/260 273/302/273 275/304/275 276/305/276
f 260/286/260 276/305/276 277/306/277 261/287/261
f 278/307/278 279/308/279 277/309/277 276/310/276
f 278/307/278 276/310/276 275/311/275 280/312/280
f 278/307/278 280/312/280 281/313/281 279/308/279
f 282/314/282 283/315/283 284/316/284 285/317/285
f 282/314/282 286/318/286 287/319/287 283/315/283
f 282/314/282 288/320/288 289/321/289 286/318/286
f 290/322/290 291/323/291 292/324/292 293/325/293
f 290/322/290 294/326/294 295/327/295 291/323/291
f 290/322/290 296/328/296 297/329/297 294/326/294
f 290/322/290 293/325/293 298/330/298 299/331/299
f 290/332/290 299/333/299 300/334/300 296/335/296
f 301/336/301 302/337/302 303/338/303 304/339/304
f 301/340/301 305/341/305 306/342/306 302/343/302
f 301/336/301 307/344/307 308/345/308 309/346/309
f 301/336/301 304/339/304 310/347/310 307/344/307
f 311/348/311 312/349/312 300/334/300 313/350/313
f 311/348/311 313/350/313 314/351/314 315/352/315
f 311/348/311 315/352/315 316/353/316 317/354/317
f 311/355/311 317/356/317 318/357/318 319/358/319
f 311/355/311 319/358/319 320/359/320 312/360/312
f 321/361/321 322/362/322 323/363/323 324/364/324
f 321/361/321 325/365/325 326/366/326 322/362/322
f 321/361/321 324/364/324 327/367/327 328/368/328
f 329/369/329 330/370/330 331/371/331 328/368/328
f 329/369/329 328/368/328 327/367/327 332/372/332
f 329/369/329 332/372/332 333/373/333 330/370/330
f 334/374/334 335/375/335 336/376/336 337/377/337
f 334/374/334 338/378/338 339/379/339 335/375/335
f 334/374/334 337/377/337 340/380/340 338/378/338
f 341/381/341 335/375/335 339/379/339 342/382/342
f 341/381/341 343/383/343 336/376/336 335/375/335
f 341/381/341 342/382/342 344/384/344 343/383/343
f 345/385/345 343/383/343 344/384/344 346/386/346
f 345/385/345 347/387/347 336/376/336 343/383/343
f 345/388/345 346/389/346 348/390/348 347/391/347
f 349/392/349 347/391/347 348/390/348 350/393/350
f 349/394/349 337/377/337 336/376/336 347/387/347
f 349/394/349 350/395/350 340/380/340 337/377/337
f 351/396/351 352/397/352 353/398/353 354/399/354
f 351/400/351 354/401/354 355/402/355 356/403/356
f 351/396/351 357/404/357 358/405/358 352/397/352
f 351/396/351 359/406/359 360/407/360 361/408/361
f 351/396/351 356/409/356 362/410/362 359/406/359
f 351/396/351 361/408/361 363/411/363 357/404/357
f 363/411/363 361/408/361 364/412/364 365/413/365
f 363/411/363 365/413/365 366/414/366 367/415/367
f 368/416/368 369/417/369 370/418/370 371/419/371
f 368/416/368 372/420/372 373/421/373 369/417/369
f 368/416/368 374/422/374 375/423/375 372/420/372
f 368/416/368 371/419/371 376/424/376 377/425/377
f 368/416/368 377/425/377 378/426/378 374/422/374
f 371/427/371 370/428/370 379/429/379 380/430/380
f 371/427/371 380/430/380 381/431/381 382/432/382
f 380/433/380 383/434/383 384/435/384 381/436/381
f 380/433/380 385/437/385 386/438/386 383/434/383
f 364/412/364 387/439/387 388/440/388 365/413/365
f 364/412/364 361/408/361 360/407/360 389/441/389
f 364/412/364 389/441/389 390/442/390 391/443/391
f 364/412/364 391/443/391 392/444/392 387/439/387
f 393/445/393 389/441/389 360/407/360 394/446/394
f 393/445/393 394/446/394 395/447/395 396/448/396
f 393/449/393 397/450/397 390/451/390 389/452/389
f 393/449/393 398/453/398 399/454/399 397/450/397
f 400/455/400 397/450/397 399/454/399 401/456/401
f 402/457/402 390/451/390 397/450/397 400/455/400
f 400/458/400 401/459/401 403/460/403 402/461/402
f 404/462/404 405/463/405 376/424/376 406/464/406
f 404/465/404 406/466/406 407/467/407 408/468/408
f 404/469/404 409/470/409 410/471/410 411/472/411
f 404/469/404 411/472/411 412/473/412 405/474/405
f 401/459/401 408/468/408 413/475/413 403/460/403
f 401/456/401 399/454/399 414/476/414 409/477/409
f 415/478/415 416/479/416 417/480/417 418/481/418
f 415/478/415 419/482/419 412/473/412 411/472/411
f 420/483/420 421/484/421 422/485/422 423/486/423
f 420/483/420 424/487/424 425/488/425 421/484/421
f 420/483/420 423/486/423 426/489/426 424/487/424
f 427/490/427 428/491/428 429/492/429 422/493/422
f 427/490/427 422/493/422 421/494/421 430/495/430
f 427/490/427 430/495/430 431/496/431 428/491/428
f 430/495/430 421/494/421 425/497/425 431/496/431
f 423/498/423 422/493/422 429/492/429 426/499/426
f 431/496/431 425/497/425 432/500/432 433/501/433
f 431/496/431 433/501/433 434/502/434 428/491/428
f 434/502/434 435/503/435 429/492/429 428/491/428
f 434/502/434 433/501/433 436/504/436 437/505/437
f 434/502/434 437/505/437 438/506/438 435/503/435
f 438/506/438 439/507/439 440/508/440 435/503/435
f 438/506/438 437/505/437 416/479/416 410/471/410
f 438/506/438 410/471/410 409/470/409 439/507/439
f 440/509/440 441/510/441 424/487/424 426/489/426
f 440/508/440 426/499/426 429/492/429 435/503/435
f 440/509/440 439/511/439 442/512/442 441/510/441
f 442/512/442 443/513/443 432/514/432 441/510/441
f 442/512/442 439/511/439 409/477/409 414/476/414
f 442/512/442 414/476/414 444/515/444 443/513/443
f 444/516/444 417/480/417 436/504/436 443/517/443
f 444/515/444 414/476/414 399/454/399 398/453/398
f 444/516/444 398/518/398 418/481/418 417/480/417
f 443/517/443 436/504/436 433/501/433 432/500/432
f 441/510/441 432/514/432 425/488/425 424/487/424
f 437/505/437 436/504/436 417/480/417 416/479/416
f 416/479/416 415/478/415 411/472/411 410/471/410
f 413/475/413 408/468/408 445/519/445 446/520/446
f 413/475/413 446/520/446 447/521/447 448/522/448
f 413/523/413 448/524/448 384/525/384 403/526/403
f 448/524/448 447/527/447 449/528/449 450/529/450
f 448/524/448 450/529/450 381/431/381 384/525/384
f 450/529/450 449/528/449 451/530/451 452/531/452
f 450/529/450 452/531/452 382/432/382 381/431/381
f 452/531/452 451/530/451 453/532/453 407/533/407
f 452/534/452 407/467/407 406/466/406 382/535/382
f 453/532/453 451/530/451 20/24/20 22/536/22
f 453/537/453 22/28/22 25/34/25 445/519/445
f 453/537/453 445/519/445 408/468/408 407/467/407
f 451/530/451 449/528/449 16/20/16 20/24/20
f 449/528/449 447/527/447 17/21/17 16/20/16
f 447/521/447 446/520/446 24/33/24 17/538/17
f 446/520/446 445/519/445 25/34/25 24/33/24
f 412/473/412 419/482/419 454/539/454 455/540/455
f 412/473/412 455/540/455 456/541/456 405/474/405
f 456/542/456 377/425/377 376/424/376 405/463/405
f 456/541/456 455/540/455 457/543/457 458/544/458
f 456/542/456 458/545/458 378/426/378 377/425/377
f 458/544/458 457/543/457 459/546/459 460/547/460
f 458/545/458 460/548/460 461/549/461 378/426/378
f 461/549/461 462/550/462 374/422/374 378/426/378
f 461/549/461 460/548/460 463/551/463 464/552/464
f 461/549/461 464/552/464 465/553/465 462/550/462
f 465/553/465 466/554/466 467/555/467 462/550/462
f 465/553/465 464/552/464 468/556/468 469/557/469
f 465/553/465 469/557/469 470/558/470 466/554/466
f 470/558/470 471/559/471 472/560/472 466/554/466
f 470/561/470 469/562/469 473/563/473 474/564/474
f 470/561/470 474/564/474 475/565/475 471/566/471
f 475/567/475 476/568/476 477/569/477 471/570/471
f 475/565/475 474/564/474 478/571/478 479/572/479
f 475/567/475 479/573/479 480/574/480 476/568/476
f 480/574/480 481/575/481 482/576/482 476/568/476
f 480/574/480 479/573/479 483/577/483 484/578/484
f 480/574/480 484/578/484 485/579/485 481/575/481
f 485/579/485 486/580/486 487/581/487 481/575/481
f 485/579/485 484/578/484 488/582/488 489/583/489
f 485/579/485 489/583/489 490/584/490 486/580/486
f 490/584/490 491/585/491 492/586/492 486/580/486
f 490/584/490 489/583/489 493/587/493 494/588/494
f 490/584/490 494/588/494 495/589/495 491/585/491
f 495/589/495 496/590/496 497/591/497 491/585/491
f 495/589/495 494/588/494 498/592/498 499/593/499
f 495/589/495 499/593/499 500/594/500 496/590/496
f 500/594/500 501/595/501 502/596/502 496/590/496
f 500/594/500 499/593/499 503/597/503 504/598/504
f 500/594/500 504/598/504 505/599/505 501/595/501
f 505/599/505 506/600/506 507/601/507 501/595/501
f 505/599/505 504/598/504 508/602/508 509/603/509
f 505/599/505 509/603/509 510/604/510 506/600/506
f 510/604/510 511/605/511 512/606/512 506/600/506
f 510/604/510 509/603/509 513/607/513 514/608/514
f 510/609/510 514/610/514 515/611/515 511/612/511
f 515/611/515 516/613/516 517/614/517 511/612/511
f 515/611/515 514/610/514 518/615/518 519/616/519
f 515/611/515 519/616/519 520/617/520 516/613/516
f 520/617/520 521/618/521 522/619/522 516/613/516
f 520/617/520 519/616/519 523/620/523 524/621/524
f 520/617/520 524/621/524 525/622/525 521/618/521
f 525/622/525 526/623/526 527/624/527 521/618/521
f 525/622/525 524/621/524 528/625/528 529/626/529
f 525/622/525 529/626/529 530/627/530 526/623/526
f 530/627/530 531/628/531 532/629/532 526/623/526
f 530/627/530 529/626/529 533/630/533 534/631/534
f 530/627/530 534/631/534 535/632/535 531/628/531
f 535/632/535 536/633/536 537/634/537 531/628/531
f 535/632/535 534/631/534 330/370/330 333/373/333
f 535/632/535 333/373/333 538/635/538 536/633/536
f 538/635/538 539/636/539 540/637/540 536/633/536
f 538/635/538 333/373/333 332/372/332 541/638/541
f 538/635/538 541/638/541 542/639/542 539/636/539
f 542/639/542 543/640/543 544/641/544 539/636/539
f 542/639/542 541/638/541 545/642/545 546/643/546
f 542/639/542 546/643/546 547/644/547 543/640/543
f 547/644/547 548/645/548 549/646/549 543/640/543
f 547/644/547 546/643/546 550/647/550 551/648/551
f 547/644/547 551/648/551 552/649/552 548/645/548
f 552/649/552 553/650/553 554/651/554 548/645/548
f 552/649/552 551/648/551 307/652/307 310/653/310
f 552/649/552 310/653/310 555/654/555 553/650/553
f 555/654/555 556/655/556 557/656/557 553/650/553
f 555/657/555 310/347/310 304/339/304 558/658/558
f 555/657/555 558/658/558 559/659/559 556/660/556
f 559/659/559 289/321/289 288/320/288 556/660/556
f 559/659/559 558/658/558 560/661/560 561/662/561
f 559/659/559 561/662/561 562/663/562 289/321/289
f 562/663/562 563/664/563 286/318/286 289/321/289
f 562/663/562 561/662/561 564/665/564 565/666/565
f 562/663/562 565/666/565 566/667/566 563/664/563
f 566/667/566 567/668/567 568/669/568 563/664/563
f 566/667/566 565/666/565 569/670/569 570/671/570
f 566/667/566 570/671/570 571/672/571 567/668/567
f 571/672/571 572/673/572 573/674/573 567/668/567
f 571/672/571 570/671/570 574/675/574 575/676/575
f 571/672/571 575/676/575 576/677/576 572/673/572
f 576/677/576 577/678/577 578/679/578 572/673/572
f 579/680/579 580/681/580 240/263/240 581/682/581
f 579/680/579 581/682/581 578/679/578 577/678/577
f 581/682/581 240/263/240 237/260/237 582/683/582
f 581/682/581 582/683/582 583/684/583 578/679/578
f 583/684/583 582/683/582 584/685/584 585/686/585
f 583/684/583 585/686/585 586/687/586 573/674/573
f 583/684/583 573/674/573 572/673/572 578/679/578
f 586/687/586 585/686/585 249/274/249 587/688/587
f 586/687/586 587/688/587 287/319/287 568/669/568
f 586/687/586 568/669/568 567/668/567 573/674/573
f 587/688/587 249/274/249 248/273/248 588/689/588
f 587/688/587 588/689/588 283/315/283 287/319/287
f 588/689/588 248/273/248 247/690/247 589/691/589
f 588/689/588 589/691/589 284/316/284 283/315/283
f 589/692/589 247/270/247 590/693/590 591/694/591
f 589/692/589 591/694/591 592/695/592 284/696/284
f 592/695/592 591/694/591 295/327/295 294/326/294
f 592/695/592 294/326/294 297/329/297 593/697/593
f 592/695/592 593/697/593 285/698/285 284/696/284
f 593/697/593 297/329/297 594/699/594 595/700/595
f 593/697/593 595/700/595 596/701/596 285/698/285
f 596/702/596 595/703/595 597/704/597 598/705/598
f 596/702/596 598/705/598 599/706/599 600/707/600
f 596/702/596 600/707/600 282/708/282 285/709/285
f 600/707/600 599/706/599 601/710/601 602/711/602
f 600/707/600 602/711/602 288/712/288 282/708/282
f 602/711/602 601/710/601 603/713/603 557/656/557
f 602/711/602 557/656/557 556/655/556 288/712/288
f 603/713/603 601/710/601 604/714/604 605/715/605
f 603/713/603 605/715/605 606/716/606 554/651/554
f 603/713/603 554/651/554 553/650/553 557/656/557
f 606/716/606 605/715/605 607/717/607 608/718/608
f 606/716/606 608/718/608 609/719/609 549/646/549
f 606/716/606 549/646/549 548/645/548 554/651/554
f 609/719/609 608/718/608 610/720/610 611/721/611
f 609/719/609 611/721/611 612/722/612 544/641/544
f 609/719/609 544/641/544 543/640/543 549/646/549
f 612/722/612 611/721/611 613/723/613 614/724/614
f 612/722/612 614/724/614 615/725/615 540/637/540
f 612/722/612 540/637/540 539/636/539 544/641/544
f 615/725/615 614/724/614 616/726/616 617/727/617
f 615/725/615 617/727/617 618/728/618 537/634/537
f 615/725/615 537/634/537 536/633/536 540/637/540
f 618/728/618 617/727/617 619/729/619 620/730/620
f 618/728/618 620/730/620 621/731/621 532/629/532
f 618/728/618 532/629/532 531/628/531 537/634/537
f 621/731/621 620/730/620 622/732/622 623/733/623
f 621/731/621 623/733/623 624/734/624 527/624/527
f 621/731/621 527/624/527 526/623/526 532/629/532
f 624/734/624 623/733/623 625/735/625 626/736/626
f 624/734/624 626/736/626 627/737/627 522/619/522
f 624/734/624 522/619/522 521/618/521 527/624/527
f 627/737/627 626/736/626 628/738/628 629/739/629
f 627/737/627 629/739/629 630/740/630 517/614/517
f 627/737/627 517/614/517 516/613/516 522/619/522
f 630/740/630 629/739/629 631/741/631 632/742/632
f 630/743/630 632/744/632 633/745/633 512/606/512
f 630/743/630 512/606/512 511/605/511 517/746/517
f 633/745/633 632/744/632 634/747/634 635/748/635
f 633/745/633 635/748/635 636/749/636 507/601/507
f 633/745/633 507/601/507 506/600/506 512/606/512
f 636/749/636 635/748/635 637/750/637 638/751/638
f 636/749/636 638/751/638 639/752/639 502/596/502
f 636/749/636 502/596/502 501/595/501 507/601/507
f 639/752/639 638/751/638 640/753/640 641/754/641
f 639/752/639 641/754/641 642/755/642 497/591/497
f 639/752/639 497/591/497 496/590/496 502/596/502
f 642/755/642 641/754/641 643/756/643 644/757/644
f 642/755/642 644/757/644 645/758/645 492/586/492
f 642/755/642 492/586/492 491/585/491 497/591/497
f 645/758/645 644/757/644 646/759/646 647/760/647
f 645/758/645 647/760/647 648/761/648 487/581/487
f 645/758/645 487/581/487 486/580/486 492/586/492
f 648/761/648 647/760/647 649/762/649 650/763/650
f 648/761/648 650/763/650 651/764/651 482/576/482
f 648/761/648 482/576/482 481/575/481 487/581/487
f 651/764/651 650/763/650 652/765/652 653/766/653
f 651/764/651 653/766/653 654/767/654 477/569/477
f 651/764/651 477/569/477 476/568/476 482/576/482
f 654/767/654 653/766/653 655/768/655 656/769/656
f 654/770/654 656/771/656 657/772/657 472/560/472
f 654/770/654 472/560/472 471/559/471 477/773/477
f 657/772/657 656/771/656 658/774/658 659/775/659
f 657/772/657 659/775/659 375/423/375 467/555/467
f 657/772/657 467/555/467 466/554/466 472/560/472
f 659/775/659 658/774/658 660/776/660 661/777/661
f 659/775/659 661/777/661 372/420/372 375/423/375
f 661/777/661 660/776/660 662/778/662 663/779/663
f 661/777/661 663/779/663 373/421/373 372/420/372
f 663/780/663 662/781/662 36/782/36 35/783/35
f 663/779/663 35/48/35 34/47/34 373/421/373
f 662/781/662 379/429/379 40/54/40 36/782/36
f 662/778/662 660/776/660 380/433/380 379/784/379
f 660/776/660 658/774/658 385/437/385 380/433/380
f 658/774/658 656/771/656 655/785/655 385/437/385
f 655/785/655 664/786/664 386/438/386 385/437/385
f 655/768/655 653/766/653 652/765/652 664/787/664
f 664/786/664 665/788/665 666/789/666 386/438/386
f 664/786/664 652/790/652 667/791/667 665/788/665
f 667/792/667 668/793/668 392/794/392 665/795/665
f 667/792/667 652/765/652 650/763/650 649/762/649
f 667/792/667 649/762/649 669/796/669 668/793/668
f 669/796/669 670/797/670 671/798/671 668/793/668
f 669/796/669 649/762/649 647/760/647 646/759/646
f 669/796/669 646/759/646 672/799/672 670/797/670
f 672/799/672 673/800/673 674/801/674 670/797/670
f 672/799/672 646/759/646 644/757/644 643/756/643
f 672/799/672 643/756/643 675/802/675 673/800/673
f 675/802/675 676/803/676 677/804/677 673/800/673
f 675/802/675 643/756/643 641/754/641 640/753/640
f 675/802/675 640/753/640 678/805/678 676/803/676
f 678/805/678 679/806/679 680/807/680 676/803/676
f 678/805/678 640/753/640 638/751/638 637/750/637
f 678/805/678 637/750/637 681/808/681 679/806/679
f 681/808/681 682/809/682 683/810/683 679/806/679
f 681/808/681 637/750/637 635/748/635 634/747/634
f 681/808/681 634/747/634 684/811/684 682/809/682
f 684/811/684 685/812/685 686/813/686 682/809/682
f 684/811/684 634/747/634 632/744/632 631/814/631
f 684/811/684 631/814/631 687/815/687 685/812/685
f 687/815/687 688/816/688 689/817/689 685/812/685
f 687/818/687 631/741/631 629/739/629 628/738/628
f 687/818/687 628/738/628 690/819/690 688/820/688
f 690/819/690 691/821/691 692/822/692 688/820/688
f 690/819/690 628/738/628 626/736/626 625/735/625
f 690/819/690 625/735/625 693/823/693 691/821/691
f 693/823/693 694/824/694 695/825/695 691/821/691
f 693/823/693 625/735/625 623/733/623 622/732/622
f 693/823/693 622/732/622 696/826/696 694/824/694
f 696/826/696 697/827/697 698/828/698 694/824/694
f 696/826/696 622/732/622 620/730/620 619/729/619
f 696/826/696 619/729/619 699/829/699 697/827/697
f 699/829/699 700/830/700 701/831/701 697/827/697
f 699/829/699 619/729/619 617/727/617 616/726/616
f 699/829/699 616/726/616 702/832/702 700/830/700
f 702/832/702 703/833/703 704/834/704 700/830/700
f 702/832/702 616/726/616 614/724/614 613/723/613
f 702/832/702 613/723/613 705/835/705 703/833/703
f 705/835/705 706/836/706 707/837/707 703/833/703
f 705/835/705 613/723/613 611/721/611 610/720/610
f 705/835/705 610/720/610 708/838/708 706/836/706
f 708/838/708 709/839/709 710/840/710 706/836/706
f 708/838/708 610/720/610 608/718/608 607/717/607
f 708/838/708 607/717/607 711/841/711 709/839/709
f 711/841/711 712/842/712 713/843/713 709/839/709
f 711/841/711 607/717/607 605/715/605 604/714/604
f 711/841/711 604/714/604 714/844/714 712/842/712
f 714/844/714 715/845/715 716/846/716 712/842/712
f 714/844/714 604/714/604 601/710/601 599/706/599
f 714/844/714 599/706/599 598/705/598 715/845/715
f 716/846/716 717/847/717 718/848/718 719/849/719
f 716/846/716 719/849/719 713/843/713 712/842/712
f 716/846/716 715/845/715 720/850/720 717/847/717
f 720/850/720 721/851/721 722/852/722 717/847/717
f 720/850/720 715/845/715 598/705/598 597/704/597
f 720/850/720 597/704/597 723/853/723 721/851/721
f 723/853/723 724/854/724 725/855/725 721/851/721
f 723/853/723 597/704/597 595/703/595 594/856/594
f 723/853/723 594/856/594 726/857/726 724/854/724
f 726/858/726 312/349/312 320/859/320 724/860/724
f 726/861/726 594/699/594 297/329/297 296/328/296
f 726/858/726 296/335/296 300/334/300 312/349/312
f 725/862/725 727/863/727 728/864/728 729/865/729
f 725/855/725 729/866/729 722/852/722 721/851/721
f 725/862/725 724/867/724 320/359/320 727/863/727
f 729/865/729 728/864/728 730/868/730 731/869/731
f 729/866/729 731/870/731 732/871/732 722/852/722
f 732/871/732 731/870/731 733/872/733 734/873/734
f 732/871/732 734/873/734 735/874/735 718/848/718
f 732/871/732 718/848/718 717/847/717 722/852/722
f 735/874/735 734/873/734 736/875/736 737/876/737
f 735/874/735 737/876/737 738/877/738 739/878/739
f 735/874/735 739/878/739 719/849/719 718/848/718
f 739/878/739 738/877/738 740/879/740 741/880/741
f 739/878/739 741/880/741 713/843/713 719/849/719
f 741/880/741 740/879/740 742/881/742 710/840/710
f 741/880/741 710/840/710 709/839/709 713/843/713
f 742/881/742 740/879/740 743/882/743 744/883/744
f 742/881/742 744/883/744 745/884/745 707/837/707
f 742/881/742 707/837/707 706/836/706 710/840/710
f 745/884/745 744/883/744 746/885/746 747/886/747
f 745/884/745 747/886/747 748/887/748 704/834/704
f 745/884/745 704/834/704 703/833/703 707/837/707
f 748/887/748 747/886/747 749/888/749 750/889/750
f 748/887/748 750/889/750 751/890/751 701/831/701
f 748/887/748 701/831/701 700/830/700 704/834/704
f 751/890/751 750/889/750 752/891/752 753/892/753
f 751/890/751 753/892/753 754/893/754 698/828/698
f 751/890/751 698/828/698 697/827/697 701/831/701
f 754/893/754 753/892/753 755/894/755 756/895/756
f 754/893/754 756/895/756 757/896/757 695/825/695
f 754/893/754 695/825/695 694/824/694 698/828/698
f 757/896/757 756/895/756 758/897/758 759/898/759
f 757/896/757 759/898/759 760/899/760 692/822/692
f 757/896/757 692/822/692 691/821/691 695/825/695
f 760/899/760 759/898/759 761/900/761 762/901/762
f 760/902/760 762/903/762 763/904/763 689/817/689
f 760/902/760 689/817/689 688/816/688 692/905/692
f 763/904/763 762/903/762 764/906/764 765/907/765
f 763/904/763 765/907/765 766/908/766 686/813/686
f 763/904/763 686/813/686 685/812/685 689/817/689
f 766/908/766 765/907/765 767/909/767 768/910/768
f 766/908/766 768/910/768 769/911/769 683/810/683
f 766/908/766 683/810/683 682/809/682 686/813/686
f 769/911/769 768/910/768 770/912/770 771/913/771
f 769/911/769 771/913/771 772/914/772 680/807/680
f 769/911/769 680/807/680 679/806/679 683/810/683
f 772/914/772 771/913/771 773/915/773 774/916/774
f 772/914/772 774/916/774 775/917/775 677/804/677
f 772/914/772 677/804/677 676/803/676 680/807/680
f 775/917/775 774/916/774 776/918/776 777/919/777
f 775/917/775 777/919/777 778/920/778 674/801/674
f 775/917/775 674/801/674 673/800/673 677/804/677
f 778/920/778 777/919/777 779/921/779 388/922/388
f 778/923/778 388/440/388 387/439/387 671/924/671
f 778/920/778 671/798/671 670/797/670 674/801/674
f 779/921/779 780/925/780 781/926/781 366/927/366
f 779/921/779 366/927/366 365/928/365 388/922/388
f 779/921/779 777/919/777 776/918/776 780/925/780
f 781/926/781 782/929/782 783/930/783 784/931/784
f 781/926/781 784/931/784 367/932/367 366/927/366
f 781/926/781 780/925/780 785/933/785 782/929/782
f 785/933/785 786/934/786 787/935/787 782/929/782
f 785/933/785 780/925/780 776/918/776 788/936/788
f 785/933/785 788/936/788 789/937/789 786/934/786
f 789/937/789 790/938/790 791/939/791 786/934/786
f 789/937/789 788/936/788 773/915/773 792/940/792
f 789/937/789 792/940/792 793/941/793 790/938/790
f 793/941/793 794/942/794 795/943/795 790/938/790
f 793/941/793 792/940/792 770/912/770 796/944/796
f 793/941/793 796/944/796 797/945/797 794/942/794
f 797/945/797 798/946/798 799/947/799 794/942/794
f 797/945/797 796/944/796 767/909/767 800/948/800
f 797/945/797 800/948/800 801/949/801 798/946/798
f 801/949/801 802/950/802 803/951/803 798/946/798
f 801/949/801 800/948/800 764/906/764 804/952/804
f 801/949/801 804/952/804 805/953/805 802/950/802
f 805/953/805 806/954/806 807/955/807 802/950/802
f 805/953/805 804/952/804 761/956/761 808/957/808
f 805/958/805 808/959/808 809/960/809 806/961/806
f 809/960/809 810/962/810 811/963/811 806/961/806
f 809/960/809 808/959/808 758/897/758 812/964/812
f 809/960/809 812/964/812 813/965/813 810/962/810
f 813/965/813 814/966/814 815/967/815 810/962/810
f 813/965/813 812/964/812 755/894/755 816/968/816
f 813/965/813 816/968/816 817/969/817 814/966/814
f 817/969/817 818/970/818 819/971/819 814/966/814
f 817/969/817 816/968/816 752/891/752 820/972/820
f 817/969/817 820/972/820 821/973/821 818/970/818
f 821/973/821 822/974/822 823/975/823 818/970/818
f 821/973/821 820/972/820 749/888/749 824/976/824
f 821/973/821 824/976/824 825/977/825 822/974/822
f 825/977/825 826/978/826 827/979/827 822/974/822
f 825/977/825 824/976/824 746/885/746 828/980/828
f 825/977/825 828/980/828 829/981/829 826/978/826
f 829/981/829 830/982/830 831/983/831 826/978/826
f 829/981/829 828/980/828 743/882/743 832/984/832
f 829/981/829 832/984/832 833/985/833 830/982/830
f 833/985/833 834/986/834 835/987/835 830/982/830
f 833/985/833 832/984/832 738/877/738 737/876/737
f 833/985/833 737/876/737 736/875/736 834/986/834
f 835/987/835 836/988/836 837/989/837 838/990/838
f 835/987/835 838/990/838 831/983/831 830/982/830
f 835/987/835 834/986/834 839/991/839 836/988/836
f 839/992/839 840/993/840 841/994/841 836/995/836
f 839/991/839 834/986/834 736/875/736 842/996/842
f 839/992/839 842/997/842 843/998/843 840/993/840
f 843/998/843 844/999/844 845/1000/845 840/993/840
f 843/998/843 842/997/842 733/1001/733 846/1002/846
f 843/998/843 846/1002/846 847/1003/847 844/999/844
f 847/1003/847 848/1004/848 849/1005/849 844/999/844
f 847/1003/847 846/1002/846 730/868/730 850/1006/850
f 847/1003/847 850/1006/850 851/1007/851 848/1004/848
f 851/1007/851 852/1008/852 853/1009/853 848/1004/848
f 851/1007/851 850/1006/850 854/1010/854 855/1011/855
f 851/1007/851 855/1011/855 856/1012/856 852/1008/852
f 856/1012/856 857/1013/857 858/1014/858 852/1008/852
f 856/1012/856 855/1011/855 859/1015/859 860/1016/860
f 856/1012/856 860/1016/860 861/1017/861 857/1013/857
f 861/1017/861 862/1018/862 863/1019/863 857/1013/857
f 861/1017/861 860/1016/860 864/1020/864 865/1021/865
f 861/1017/861 865/1021/865 866/1022/866 862/1018/862
f 866/1022/866 867/1023/867 868/1024/868 862/1018/862
f 866/1022/866 865/1021/865 869/1025/869 870/1026/870
f 866/1022/866 870/1026/870 871/1027/871 867/1023/867
f 871/1027/871 872/1028/872 326/366/326 867/1023/867
f 871/1027/871 870/1026/870 873/1029/873 281/313/281
f 871/1027/871 281/313/281 280/312/280 872/1028/872
f 873/1029/873 870/1026/870 869/1025/869 874/1030/874
f 873/1029/873 874/1030/874 875/1031/875 876/1032/876
f 873/1029/873 876/1032/876 279/308/279 281/313/281
f 876/1032/876 875/1031/875 877/1033/877 878/1034/878
f 876/1032/876 878/1034/878 277/309/277 279/308/279
f 878/1035/878 877/1036/877 879/1037/879 262/288/262
f 878/1035/878 262/288/262 261/287/261 277/306/277
f 879/1038/879 877/1039/877 880/1040/880 881/1041/881
f 879/1038/879 881/1041/881 882/1042/882 883/1043/883
f 879/1037/879 883/1044/883 253/279/253 262/288/262
f 883/1043/883 882/1042/882 884/1045/884 885/1046/885
f 883/1044/883 885/1047/885 254/280/254 253/279/253
f 885/1046/885 884/1045/884 886/1048/886 887/1049/887
f 885/1047/885 887/1050/887 888/1051/888 254/280/254
f 888/1051/888 889/1052/889 255/281/255 254/280/254
f 888/1051/888 887/1050/887 890/1053/890 891/1054/891
f 888/1051/888 891/1054/891 892/1055/892 889/1052/889
f 892/1055/892 893/1056/893 894/1057/894 889/1052/889
f 892/1055/892 891/1054/891 895/1058/895 896/1059/896
f 892/1055/892 896/1059/896 897/1060/897 893/1056/893
f 897/1060/897 898/1061/898 899/1062/899 893/1056/893
f 897/1060/897 896/1059/896 900/1063/900 901/1064/901
f 897/1060/897 901/1064/901 902/1065/902 898/1061/898
f 902/1065/902 903/1066/903 904/1067/904 898/1061/898
f 902/1065/902 901/1064/901 905/1068/905 906/1069/906
f 902/1065/902 906/1069/906 907/1070/907 903/1066/903
f 907/1070/907 908/1071/908 909/1072/909 903/1066/903
f 907/1070/907 906/1069/906 910/1073/910 911/1074/911
f 907/1070/907 911/1074/911 912/1075/912 908/1071/908
f 912/1075/912 913/1076/913 914/1077/914 908/1071/908
f 912/1075/912 911/1074/911 915/1078/915 916/1079/916
f 912/1075/912 916/1079/916 917/1080/917 913/1076/913
f 917/1080/917 918/1081/918 919/1082/919 913/1076/913
f 917/1080/917 916/1079/916 920/1083/920 921/1084/921
f 917/1080/917 921/1084/921 922/1085/922 918/1081/918
f 922/1085/922 921/1084/921 923/1086/923 924/1087/924
f 925/1088/925 926/1089/926 927/1090/927 914/1077/914
f 925/1088/925 914/1077/914 913/1076/913 919/1082/919
f 927/1090/927 926/1089/926 928/1091/928 929/1092/929
f 927/1090/927 929/1092/929 930/1093/930 909/1072/909
f 927/1090/927 909/1072/909 908/1071/908 914/1077/914
f 930/1093/930 929/1092/929 931/1094/931 932/1095/932
f 930/1093/930 932/1095/932 933/1096/933 904/1067/904
f 930/1093/930 904/1067/904 903/1066/903 909/1072/909
f 933/1096/933 932/1095/932 206/227/206 934/1097/934
f 933/1096/933 934/1097/934 935/1098/935 899/1062/899
f 933/1096/933 899/1062/899 898/1061/898 904/1067/904
f 935/1098/935 934/1097/934 936/1099/936 937/1100/937
f 935/1098/935 937/1100/937 256/282/256 894/1057/894
f 935/1098/935 894/1057/894 893/1056/893 899/1062/899
f 937/1100/937 936/1099/936 938/1101/938 939/1102/939
f 937/1100/937 939/1102/939 257/283/257 256/282/256
f 939/1102/939 938/1101/938 940/1103/940 941/1104/941
f 939/1102/939 941/1104/941 258/284/258 257/283/257
f 941/1104/941 940/1103/940 225/248/225 224/247/224
f 941/1104/941 224/247/224 229/252/229 258/284/258
f 940/1103/940 220/243/220 222/245/222 225/248/225
f 940/1103/940 938/1101/938 211/232/211 220/243/220
f 938/1101/938 936/1099/936 205/226/205 211/232/211
f 936/1099/936 934/1097/934 206/227/206 205/226/205
f 932/1095/932 931/1094/931 207/228/207 206/227/206
f 931/1094/931 942/1105/942 208/229/208 207/228/207
f 931/1094/931 929/1092/929 928/1091/928 942/1105/942
f 943/1106/943 944/1107/944 945/1108/945 946/1109/946
f 943/1106/943 947/1110/947 948/1111/948 944/1107/944
f 948/1111/948 949/1112/949 950/1113/950 944/1107/944
f 948/1111/948 947/1110/947 951/1114/951 952/1115/952
f 948/1111/948 952/1115/952 953/1116/953 949/1112/949
f 953/1116/953 954/1117/954 955/1118/955 949/1112/949
f 953/1116/953 952/1115/952 956/1119/956 192/213/192
f 953/1116/953 192/213/192 189/209/189 954/1117/954
f 956/1119/956 952/1115/952 951/1114/951 957/1120/957
f 956/1119/956 957/1120/957 958/1121/958 959/1122/959
f 956/1119/956 959/1122/959 190/210/190 192/213/192
f 959/1122/959 958/1121/958 960/1123/960 961/1124/961
f 959/1122/959 961/1124/961 191/211/191 190/210/190
f 961/1124/961 960/1123/960 962/1125/962 963/1126/963
f 961/1124/961 963/1126/963 964/1127/964 191/211/191
f 964/1127/964 963/1126/963 965/1128/965 966/1129/966
f 964/1127/964 966/1129/966 967/1130/967 968/1131/968
f 964/1127/964 968/1131/968 183/212/183 191/211/191
f 968/1131/968 967/1130/967 969/1132/969 970/1133/970
f 968/1134/968 970/1135/970 184/202/184 183/201/183
f 970/1135/970 969/1136/969 971/1137/971 972/1138/972
f 970/1135/970 972/1138/972 973/1139/973 184/202/184
f 973/1139/973 974/1140/974 185/203/185 184/202/184
f 973/1139/973 972/1138/972 975/1141/975 976/1142/976
f 973/1139/973 976/1142/976 977/1143/977 974/1140/974
f 977/1143/977 978/1144/978 979/1145/979 974/1140/974
f 977/1143/977 976/1142/976 980/1146/980 981/1147/981
f 977/1143/977 981/1147/981 982/1148/982 978/1144/978
f 982/1148/982 983/1149/983 984/1150/984 978/1144/978
f 982/1148/982 981/1147/981 985/1151/985 986/1152/986
f 982/1148/982 986/1152/986 987/1153/987 983/1149/983
f 987/1153/987 988/1154/988 989/1155/989 983/1149/983
f 987/1153/987 986/1152/986 990/1156/990 991/1157/991
f 987/1153/987 991/1157/991 992/1158/992 988/1154/988
f 992/1158/992 993/1159/993 994/1160/994 988/1154/988
f 992/1158/992 991/1157/991 995/1161/995 996/1162/996
f 992/1158/992 996/1162/996 997/1163/997 993/1159/993
f 997/1163/997 998/1164/998 999/1165/999 993/1159/993
f 997/1163/997 996/1162/996 1000/1166/1000 1001/1167/1001
f 997/1163/997 1001/1167/1001 1002/1168/1002 998/1164/998
f 1002/1168/1002 1003/1169/1003 1004/1170/1004 998/1164/998
f 1002/1168/1002 1001/1167/1001 1005/1171/1005 1006/1172/1006
f 1002/1168/1002 1006/1172/1006 1007/1173/1007 1003/1169/1003
f 1007/1173/1007 1008/1174/1008 1009/1175/1009 1003/1169/1003
f 1007/1173/1007 1006/1172/1006 1010/1176/1010 1011/1177/1011
f 1007/1173/1007 1011/1177/1011 1012/1178/1012 1008/1174/1008
f 1012/1178/1012 1013/1179/1013 1014/1180/1014 1008/1174/1008
f 1012/1178/1012 1011/1177/1011 1015/1181/1015 1016/1182/1016
f 1012/1178/1012 1016/1182/1016 1017/1183/1017 1013/1179/1013
f 1017/1183/1017 1018/1184/1018 1019/1185/1019 1013/1179/1013
f 1017/1183/1017 1016/1182/1016 1020/1186/1020 1021/1187/1021
f 1017/1183/1017 1021/1187/1021 1022/1188/1022 1018/1184/1018
f 1022/1188/1022 1023/1189/1023 1024/1190/1024 1018/1184/1018
f 1022/1188/1022 1021/1187/1021 1025/1191/1025 1026/1192/1026
f 1022/1188/1022 1026/1192/1026 1027/1193/1027 1023/1189/1023
f 1027/1193/1027 1028/1194/1028 1029/1195/1029 1023/1189/1023
f 1027/1193/1027 1026/1192/1026 1030/1196/1030 1031/1197/1031
f 1027/1193/1027 1031/1197/1031 1032/1198/1032 1028/1194/1028
f 1032/1198/1032 1033/1199/1033 1034/1200/1034 1028/1194/1028
f 1032/1198/1032 1031/1197/1031 1035/1201/1035 1036/1202/1036
f 1032/1198/1032 1036/1202/1036 1037/1203/1037 1033/1199/1033
f 1037/1203/1037 1038/1204/1038 1039/1205/1039 1033/1199/1033
f 1037/1203/1037 1036/1202/1036 1040/1206/1040 1041/1207/1041
f 1037/1203/1037 1041/1207/1041 1042/1208/1042 1038/1204/1038
f 1042/1209/1042 1043/1210/1043 1044/1211/1044 1038/1212/1038
f 1042/1208/1042 1041/1207/1041 1045/1213/1045 1046/1214/1046
f 1042/1209/1042 1046/1215/1046 1047/1216/1047 1043/1210/1043
f 1047/1216/1047 1048/1217/1048 1049/1218/1049 1043/1210/1043
f 1047/1216/1047 1046/1215/1046 1050/1219/1050 1051/1220/1051
f 1047/1216/1047 1051/1220/1051 1052/1221/1052 1048/1217/1048
f 1052/1221/1052 1053/1222/1053 1054/1223/1054 1048/1217/1048
f 1052/1221/1052 1051/1220/1051 1055/1224/1055 1056/1225/1056
f 1052/1221/1052 1056/1225/1056 1057/1226/1057 1053/1222/1053
f 1057/1226/1057 1058/1227/1058 1059/1228/1059 1053/1222/1053
f 1057/1226/1057 1056/1225/1056 1060/1229/1060 1061/1230/1061
f 1057/1226/1057 1061/1230/1061 1062/1231/1062 1058/1227/1058
f 1062/1231/1062 1063/1232/1063 1064/1233/1064 1058/1227/1058
f 1062/1231/1062 1061/1230/1061 1065/1234/1065 1066/1235/1066
f 1062/1231/1062 1066/1235/1066 1067/1236/1067 1063/1232/1063
f 1067/1236/1067 1068/1237/1068 1069/1238/1069 1063/1232/1063
f 1067/1236/1067 1066/1235/1066 1070/1239/1070 1071/1240/1071
f 1067/1236/1067 1071/1240/1071 1072/1241/1072 1068/1237/1068
f 1072/1241/1072 1073/1242/1073 1074/1243/1074 1068/1237/1068
f 1072/1241/1072 1071/1240/1071 1075/1244/1075 1076/1245/1076
f 1072/1241/1072 1076/1245/1076 1077/1246/1077 1073/1242/1073
f 1077/1246/1077 1078/1247/1078 1079/1248/1079 1073/1242/1073
f 1077/1246/1077 1076/1245/1076 1080/1249/1080 1081/1250/1081
f 1077/1246/1077 1081/1250/1081 1082/1251/1082 1078/1247/1078
f 1082/1251/1082 1083/1252/1083 1084/1253/1084 1078/1247/1078
f 1082/1251/1082 1081/1250/1081 1085/1254/1085 1086/1255/1086
f 1082/1251/1082 1086/1255/1086 1087/1256/1087 1083/1252/1083
f 1087/1256/1087 1088/1257/1088 1089/1258/1089 1083/1252/1083
f 1087/1256/1087 1086/1255/1086 1090/1259/1090 1091/1260/1091
f 1087/1256/1087 1091/1260/1091 1092/1261/1092 1088/1257/1088
f 1092/1261/1092 1093/1262/1093 1094/1263/1094 1088/1257/1088
f 1092/1261/1092 1091/1260/1091 1095/1264/1095 1096/1265/1096
f 1092/1261/1092 1096/1265/1096 1097/1266/1097 1093/1262/1093
f 1097/1266/1097 1098/1267/1098 1099/1268/1099 1093/1262/1093
f 1097/1266/1097 1096/1265/1096 167/185/167 166/184/166
f 1097/1266/1097 166/184/166 169/187/169 1098/1267/1098
f 1099/1268/1099 1100/1269/1100 1101/1270/1101 1102/1271/1102
f 1099/1268/1099 1102/1271/1102 1094/1263/1094 1093/1262/1093
f 1099/1268/1099 1098/1267/1098 1103/1272/1103 1100/1269/1100
f 1103/1272/1103 1104/1273/1104 1105/1274/1105 1100/1269/1100
f 1103/1272/1103 1098/1267/1098 169/187/169 1106/1275/1106
f 1103/1272/1103 1106/1275/1106 1107/1276/1107 1104/1273/1104
f 1107/1276/1107 1108/1277/1108 1109/1278/1109 1104/1273/1104
f 1107/1276/1107 1106/1275/1106 1110/1279/1110 1111/1280/1111
f 1107/1276/1107 1111/1280/1111 1112/1281/1112 1108/1277/1108
f 1112/1281/1112 1113/1282/1113 1114/1283/1114 1108/1277/1108
f 1112/1281/1112 1111/1280/1111 1115/1284/1115 1116/1285/1116
f 1112/1281/1112 1116/1285/1116 1117/1286/1117 1113/1282/1113
f 1117/1286/1117 1118/1287/1118 1119/1288/1119 1113/1282/1113
f 1117/1286/1117 1116/1285/1116 1120/1289/1120 1121/1290/1121
f 1117/1286/1117 1121/1290/1121 1122/1291/1122 1118/1287/1118
f 1122/1291/1122 1123/1292/1123 1124/1293/1124 1118/1287/1118
f 1122/1291/1122 1121/1290/1121 1125/1294/1125 1126/1295/1126
f 1122/1291/1122 1126/1295/1126 1127/1296/1127 1123/1292/1123
f 1127/1296/1127 1128/1297/1128 1129/1298/1129 1123/1292/1123
f 1127/1296/1127 1126/1295/1126 1130/1299/1130 1131/1300/1131
f 1127/1296/1127 1131/1300/1131 1132/1301/1132 1128/1297/1128
f 1132/1301/1132 1133/1302/1133 1134/1303/1134 1128/1297/1128
f 1132/1301/1132 1131/1300/1131 1135/1304/1135 1136/1305/1136
f 1132/1301/1132 1136/1305/1136 1137/1306/1137 1133/1302/1133
f 1137/1306/1137 1138/1307/1138 1139/1308/1139 1133/1302/1133
f 1137/1306/1137 1136/1305/1136 1140/1309/1140 1141/1310/1141
f 1137/1306/1137 1141/1310/1141 1142/1311/1142 1138/1307/1138
f 1142/1311/1142 1143/1312/1143 1144/1313/1144 1138/1307/1138
f 1142/1311/1142 1141/1310/1141 124/140/124 123/139/123
f 1142/1311/1142 123/139/123 118/134/118 1143/1312/1143
f 1144/1313/1144 1145/1314/1145 1146/1315/1146 1147/1316/1147
f 1144/1313/1144 1147/1316/1147 1139/1308/1139 1138/1307/1138
f 1144/1313/1144 1143/1312/1143 1148/1317/1148 1145/1314/1145
f 1148/1317/1148 1149/1318/1149 1150/1319/1150 1145/1314/1145
f 1148/1317/1148 1143/1312/1143 118/134/118 117/133/117
f 1148/1317/1148 117/133/117 116/132/116 1149/1318/1149
f 1150/1319/1150 1151/1320/1151 1152/1321/1152 1153/1322/1153
f 1150/1319/1150 1153/1322/1153 1146/1315/1146 1145/1314/1145
f 1150/1319/1150 1149/1318/1149 1154/1323/1154 1151/1320/1151
f 1154/1323/1154 1155/1324/1155 1156/1325/1156 131/1326/131
f 1154/1323/1154 131/1326/131 130/1327/130 1151/1320/1151
f 1154/1323/1154 1149/1318/1149 116/132/116 1155/1324/1155
f 1156/1328/1156 1157/1329/1157 1158/1330/1158 135/152/135
f 1156/1328/1156 135/152/135 127/151/127 131/1331/131
f 1156/1325/1156 1155/1324/1155 1159/1332/1159 1157/1333/1157
f 1159/1334/1159 1160/1335/1160 1161/1336/1161 1157/1329/1157
f 1159/1332/1159 1155/1324/1155 116/132/116 115/131/115
f 1159/1334/1159 115/1337/115 114/1338/114 1160/1335/1160
f 1161/1336/1161 1162/1339/1162 1163/1340/1163 1164/1341/1164
f 1161/1336/1161 1164/1341/1164 1158/1330/1158 1157/1329/1157
f 1161/1336/1161 1160/1335/1160 1165/1342/1165 1162/1339/1162
f 1165/1343/1165 1166/1344/1166 1167/1345/1167 1162/1346/1162
f 1165/1342/1165 1160/1335/1160 114/1338/114 121/1347/121
f 1165/1343/1165 121/137/121 120/136/120 1166/1344/1166
f 1167/1345/1167 1168/1348/1168 1169/1349/1169 1170/1350/1170
f 1167/1345/1167 1170/1350/1170 1163/1351/1163 1162/1346/1162
f 1167/1345/1167 1166/1344/1166 1171/1352/1171 1168/1348/1168
f 1171/1352/1171 125/141/125 1140/1309/1140 1172/1353/1172
f 1171/1352/1171 1172/1353/1172 1173/1354/1173 1168/1348/1168
f 1171/1352/1171 1166/1344/1166 120/136/120 125/141/125
f 1173/1354/1173 1172/1353/1172 1135/1304/1135 1174/1355/1174
f 1173/1354/1173 1174/1355/1174 145/163/145 144/162/144
f 1173/1354/1173 144/162/144 1169/1349/1169 1168/1348/1168
f 1174/1355/1174 1135/1304/1135 1131/1300/1131 1130/1299/1130
f 1174/1355/1174 1130/1299/1130 1175/1356/1175 145/163/145
f 1175/1356/1175 1130/1299/1130 1126/1295/1126 1125/1294/1125
f 1175/1356/1175 1125/1294/1125 1176/1357/1176 1177/1358/1177
f 1175/1356/1175 1177/1358/1177 142/160/142 145/163/145
f 1177/1358/1177 1176/1357/1176 1178/1359/1178 1179/1360/1179
f 1177/1358/1177 1179/1360/1179 143/161/143 142/160/142
f 1179/1360/1179 1178/1359/1178 1180/1361/1180 1181/1362/1181
f 1179/1360/1179 1181/1362/1181 1182/1363/1182 143/161/143
f 1182/1363/1182 1181/1362/1181 1183/1364/1183 1184/1365/1184
f 1182/1363/1182 1184/1365/1184 1170/1350/1170 1169/1349/1169
f 1182/1363/1182 1169/1349/1169 144/162/144 143/161/143
f 1184/1365/1184 1183/1364/1183 1185/1366/1185 1186/1367/1186
f 1184/1365/1184 1186/1367/1186 1163/1351/1163 1170/1350/1170
f 1186/1367/1186 1185/1366/1185 1187/1368/1187 1188/1369/1188
f 1186/1370/1186 1188/1371/1188 1164/1341/1164 1163/1340/1163
f 1188/1371/1188 1187/1372/1187 1189/1373/1189 1190/1374/1190
f 1188/1371/1188 1190/1374/1190 1158/1330/1158 1164/1341/1164
f 1190/1374/1190 1189/1373/1189 1191/1375/1191 136/153/136
f 1190/1374/1190 136/153/136 135/152/135 1158/1330/1158
f 1191/1375/1191 1189/1373/1189 1192/1376/1192 1193/1377/1193
f 1191/1378/1191 1193/1379/1193 1194/1380/1194 139/157/139
f 1191/1378/1191 139/157/139 137/155/137 136/1381/136
f 1194/1380/1194 1193/1379/1193 1195/1382/1195 1196/1383/1196
f 1194/1380/1194 1196/1383/1196 1197/1384/1197 1198/1385/1198
f 1194/1380/1194 1198/1385/1198 140/158/140 139/157/139
f 1198/1385/1198 1197/1384/1197 1199/1386/1199 1200/1387/1200
f 1198/1385/1198 1200/1387/1200 141/159/141 140/158/140
f 1200/1387/1200 1199/1386/1199 1201/1388/1201 1202/1389/1202
f 1200/1387/1200 1202/1389/1202 134/150/134 141/159/141
f 1202/1389/1202 1201/1388/1201 1203/1390/1203 1204/1391/1204
f 1202/1389/1202 1204/1391/1204 132/148/132 134/150/134
f 1204/1391/1204 1203/1390/1203 1205/1392/1205 1206/1393/1206
f 1204/1391/1204 1206/1393/1206 133/149/133 132/148/132
f 1206/1393/1206 1205/1392/1205 1207/1394/1207 1208/1395/1208
f 1206/1393/1206 1208/1395/1208 1152/1396/1152 133/149/133
f 1208/1395/1208 1207/1394/1207 1209/1397/1209 1210/1398/1210
f 1208/1395/1208 1210/1398/1210 1153/1399/1153 1152/1396/1152
f 1210/1398/1210 1209/1397/1209 1211/1400/1211 1212/1401/1212
f 1210/1398/1210 1212/1401/1212 1146/1402/1146 1153/1399/1153
f 1212/1401/1212 1211/1400/1211 1213/1403/1213 1214/1404/1214
f 1212/1401/1212 1214/1404/1214 1147/1405/1147 1146/1402/1146
f 1214/1406/1214 1213/1407/1213 1215/1408/1215 1216/1409/1216
f 1214/1406/1214 1216/1409/1216 1139/1308/1139 1147/1316/1147
f 1216/1409/1216 1215/1408/1215 1217/1410/1217 1134/1303/1134
f 1216/1409/1216 1134/1303/1134 1133/1302/1133 1139/1308/1139
f 1217/1410/1217 1215/1408/1215 1218/1411/1218 1219/1412/1219
f 1217/1410/1217 1219/1412/1219 1220/1413/1220 1129/1298/1129
f 1217/1410/1217 1129/1298/1129 1128/1297/1128 1134/1303/1134
f 1220/1413/1220 1219/1412/1219 1221/1414/1221 1222/1415/1222
f 1220/1413/1220 1222/1415/1222 1223/1416/1223 1124/1293/1124
f 1220/1413/1220 1124/1293/1124 1123/1292/1123 1129/1298/1129
f 1223/1416/1223 1222/1415/1222 1224/1417/1224 1225/1418/1225
f 1223/1416/1223 1225/1418/1225 1226/1419/1226 1119/1288/1119
f 1223/1416/1223 1119/1288/1119 1118/1287/1118 1124/1293/1124
f 1226/1419/1226 1225/1418/1225 1227/1420/1227 1228/1421/1228
f 1226/1419/1226 1228/1421/1228 1229/1422/1229 1114/1283/1114
f 1226/1419/1226 1114/1283/1114 1113/1282/1113 1119/1288/1119
f 1229/1422/1229 1228/1421/1228 1230/1423/1230 1231/1424/1231
f 1229/1422/1229 1231/1424/1231 1232/1425/1232 1109/1278/1109
f 1229/1422/1229 1109/1278/1109 1108/1277/1108 1114/1283/1114
f 1232/1425/1232 1231/1424/1231 1233/1426/1233 1234/1427/1234
f 1232/1425/1232 1234/1427/1234 1235/1428/1235 1105/1274/1105
f 1232/1425/1232 1105/1274/1105 1104/1273/1104 1109/1278/1109
f 1235/1428/1235 1234/1427/1234 1236/1429/1236 1237/1430/1237
f 1235/1428/1235 1237/1430/1237 1238/1431/1238 1101/1270/1101
f 1235/1428/1235 1101/1270/1101 1100/1269/1100 1105/1274/1105
f 1238/1431/1238 1237/1430/1237 1239/1432/1239 1240/1433/1240
f 1238/1431/1238 1240/1433/1240 1241/1434/1241 1242/1435/1242
f 1238/1431/1238 1242/1435/1242 1102/1271/1102 1101/1270/1101
f 1242/1435/1242 1241/1434/1241 1243/1436/1243 1244/1437/1244
f 1242/1435/1242 1244/1437/1244 1094/1263/1094 1102/1271/1102
f 1244/1437/1244 1243/1436/1243 1245/1438/1245 1089/1258/1089
f 1244/1437/1244 1089/1258/1089 1088/1257/1088 1094/1263/1094
f 1245/1438/1245 1243/1436/1243 1246/1439/1246 1247/1440/1247
f 1245/1438/1245 1247/1440/1247 1248/1441/1248 1084/1253/1084
f 1245/1438/1245 1084/1253/1084 1083/1252/1083 1089/1258/1089
f 1248/1441/1248 1247/1440/1247 1249/1442/1249 1250/1443/1250
f 1248/1441/1248 1250/1443/1250 1251/1444/1251 1079/1248/1079
f 1248/1441/1248 1079/1248/1079 1078/1247/1078 1084/1253/1084
f 1251/1444/1251 1250/1443/1250 1252/1445/1252 1253/1446/1253
f 1251/1444/1251 1253/1446/1253 1254/1447/1254 1074/1243/1074
f 1251/1444/1251 1074/1243/1074 1073/1242/1073 1079/1248/1079
f 1254/1447/1254 1253/1446/1253 1255/1448/1255 1256/1449/1256
f 1254/1447/1254 1256/1449/1256 1257/1450/1257 1069/1238/1069
f 1254/1447/1254 1069/1238/1069 1068/1237/1068 1074/1243/1074
f 1257/1450/1257 1256/1449/1256 1258/1451/1258 1259/1452/1259
f 1257/1450/1257 1259/1452/1259 1260/1453/1260 1064/1233/1064
f 1257/1450/1257 1064/1233/1064 1063/1232/1063 1069/1238/1069
f 1260/1453/1260 1259/1452/1259 1261/1454/1261 1262/1455/1262
f 1260/1453/1260 1262/1455/1262 1263/1456/1263 1059/1228/1059
f 1260/1453/1260 1059/1228/1059 1058/1227/1058 1064/1233/1064
f 1263/1456/1263 1262/1455/1262 1264/1457/1264 1265/1458/1265
f 1263/1456/1263 1265/1458/1265 1266/1459/1266 1054/1223/1054
f 1263/1456/1263 1054/1223/1054 1053/1222/1053 1059/1228/1059
f 1266/1459/1266 1265/1458/1265 1267/1460/1267 1268/1461/1268
f 1266/1459/1266 1268/1461/1268 1269/1462/1269 1049/1218/1049
f 1266/1459/1266 1049/1218/1049 1048/1217/1048 1054/1223/1054
f 1269/1462/1269 1268/1461/1268 1270/1463/1270 1271/1464/1271
f 1269/1462/1269 1271/1464/1271 1272/1465/1272 1044/1211/1044
f 1269/1462/1269 1044/1211/1044 1043/1210/1043 1049/1218/1049
f 1272/1465/1272 1271/1464/1271 1273/1466/1273 1274/1467/1274
f 1272/1465/1272 1274/1467/1274 1275/1468/1275 1039/1469/1039
f 1272/1465/1272 1039/1469/1039 1038/1212/1038 1044/1211/1044
f 1275/1468/1275 1274/1467/1274 1276/1470/1276 1277/1471/1277
f 1275/1472/1275 1277/1473/1277 1278/1474/1278 1034/1200/1034
f 1275/1472/1275 1034/1200/1034 1033/1199/1033 1039/1205/1039
f 1278/1474/1278 1277/1473/1277 1279/1475/1279 1280/1476/1280
f 1278/1474/1278 1280/1476/1280 1281/1477/1281 1029/1195/1029
f 1278/1474/1278 1029/1195/1029 1028/1194/1028 1034/1200/1034
f 1281/1477/1281 1280/1476/1280 1282/1478/1282 1283/1479/1283
f 1281/1477/1281 1283/1479/1283 1284/1480/1284 1024/1190/1024
f 1281/1477/1281 1024/1190/1024 1023/1189/1023 1029/1195/1029
f 1284/1480/1284 1283/1479/1283 1285/1481/1285 1286/1482/1286
f 1284/1480/1284 1286/1482/1286 1287/1483/1287 1019/1185/1019
f 1284/1480/1284 1019/1185/1019 1018/1184/1018 1024/1190/1024
f 1287/1483/1287 1286/1482/1286 1288/1484/1288 1289/1485/1289
f 1287/1483/1287 1289/1485/1289 1290/1486/1290 1014/1180/1014
f 1287/1483/1287 1014/1180/1014 1013/1179/1013 1019/1185/1019
f 1290/1486/1290 1289/1485/1289 1291/1487/1291 1292/1488/1292
f 1290/1486/1290 1292/1488/1292 1293/1489/1293 1009/1175/1009
f 1290/1486/1290 1009/1175/1009 1008/1174/1008 1014/1180/1014
f 1293/1489/1293 1292/1488/1292 1294/1490/1294 1295/1491/1295
f 1293/1489/1293 1295/1491/1295 1296/1492/1296 1004/1170/1004
f 1293/1489/1293 1004/1170/1004 1003/1169/1003 1009/1175/1009
f 1296/1492/1296 1295/1491/1295 1297/1493/1297 1298/1494/1298
f 1296/1492/1296 1298/1494/1298 1299/1495/1299 999/1165/999
f 1296/1492/1296 999/1165/999 998/1164/998 1004/1170/1004
f 1299/1495/1299 1298/1494/1298 1300/1496/1300 1301/1497/1301
f 1299/1495/1299 1301/1497/1301 1302/1498/1302 994/1160/994
f 1299/1495/1299 994/1160/994 993/1159/993 999/1165/999
f 1302/1498/1302 1301/1497/1301 1303/1499/1303 1304/1500/1304
f 1302/1498/1302 1304/1500/1304 1305/1501/1305 989/1155/989
f 1302/1498/1302 989/1155/989 988/1154/988 994/1160/994
f 1305/1501/1305 1304/1500/1304 1306/1502/1306 1307/1503/1307
f 1305/1501/1305 1307/1503/1307 1308/1504/1308 984/1150/984
f 1305/1501/1305 984/1150/984 983/1149/983 989/1155/989
f 1308/1504/1308 1307/1503/1307 1309/1505/1309 1310/1506/1310
f 1308/1504/1308 1310/1506/1310 186/204/186 979/1145/979
f 1308/1504/1308 979/1145/979 978/1144/978 984/1150/984
f 1310/1506/1310 1309/1505/1309 1311/1507/1311 1312/1508/1312
f 1310/1506/1310 1312/1508/1312 187/205/187 186/204/186
f 1312/1509/1312 1311/1510/1311 1313/1511/1313 1314/1512/1314
f 1312/1509/1312 1314/1512/1314 188/208/188 187/207/187
f 1314/1512/1314 1313/1511/1313 1315/1513/1315 1316/1514/1316
f 1314/1512/1314 1316/1514/1316 1317/1515/1317 188/208/188
f 1317/1515/1317 1316/1514/1316 1318/1516/1318 1319/1517/1319
f 1317/1515/1317 1319/1517/1319 955/1118/955 954/1117/954
f 1317/1515/1317 954/1117/954 189/209/189 188/208/188
f 1319/1517/1319 1318/1516/1318 1320/1518/1320 1321/1519/1321
f 1319/1517/1319 1321/1519/1321 1322/1520/1322 955/1118/955
f 1322/1520/1322 1321/1519/1321 1323/1521/1323 1324/1522/1324
f 1322/1520/1322 1324/1522/1324 1325/1523/1325 950/1113/950
f 1322/1520/1322 950/1113/950 949/1112/949 955/1118/955
f 1325/1523/1325 1324/1522/1324 1326/1524/1326 1327/1525/1327
f 1325/1523/1325 1327/1525/1327 1328/1526/1328 945/1108/945
f 1325/1523/1325 945/1108/945 944/1107/944 950/1113/950
f 1328/1526/1328 1327/1525/1327 1329/1527/1329 1330/1528/1330
f 1328/1526/1328 1330/1528/1330 1331/1529/1331 1332/1530/1332
f 1328/1526/1328 1332/1530/1332 946/1109/946 945/1108/945
f 1331/1529/1331 1330/1528/1330 1333/1531/1333 1334/1532/1334
f 1335/1533/1335 1336/1534/1336 1337/1535/1337 1338/1536/1338
f 1335/1533/1335 1338/1536/1338 268/296/268 267/295/267
f 1338/1536/1338 1337/1535/1337 1339/1537/1339 1340/1538/1340
f 1338/1536/1338 1340/1538/1340 270/298/270 268/296/268
f 1340/1538/1340 1339/1537/1339 302/337/302 306/1539/306
f 1340/1538/1340 306/1539/306 1341/1540/1341 270/298/270
f 1341/1541/1341 1342/1542/1342 269/297/269 270/1543/270
f 1341/1541/1341 306/342/306 305/341/305 1343/1544/1343
f 1341/1541/1341 1343/1544/1343 1344/1545/1344 1342/1542/1342
f 1344/1545/1344 227/250/227 1345/1546/1345 1342/1542/1342
f 1344/1545/1344 1343/1544/1343 1346/1547/1346 1347/1548/1347
f 1344/1545/1344 1347/1548/1347 228/251/228 227/250/227
f 1347/1548/1347 1346/1547/1346 271/300/271 274/303/274
f 1347/1548/1347 274/303/274 229/252/229 228/251/228
f 1346/1547/1346 1343/1544/1343 305/341/305 1348/1549/1348
f 1346/1547/1346 1348/1549/1348 272/301/272 271/300/271
f 1348/1549/1348 305/341/305 301/340/301 309/1550/309
f 1348/1549/1348 309/1550/309 1349/1551/1349 272/301/272
f 1349/1551/1349 309/1550/309 308/1552/308 1350/1553/1350
f 1349/1554/1349 1350/1555/1350 323/363/323 1351/1556/1351
f 1349/1551/1349 1351/1557/1351 273/302/273 272/301/272
f 1351/1556/1351 323/363/323 322/362/322 1352/1558/1352
f 1351/1556/1351 1352/1558/1352 275/311/275 273/1559/273
f 1352/1558/1352 322/362/322 326/366/326 872/1028/872
f 1352/1558/1352 872/1028/872 280/312/280 275/311/275
f 1350/1555/1350 308/1560/308 550/647/550 1353/1561/1353
f 1350/1555/1350 1353/1561/1353 324/364/324 323/363/323
f 1353/1561/1353 550/647/550 546/643/546 545/642/545
f 1353/1561/1353 545/642/545 327/367/327 324/364/324
f 1345/1546/1345 1354/1562/1354 243/266/243 242/265/242
f 1345/1546/1345 242/265/242 269/297/269 1342/1542/1342
f 1345/1546/1345 227/250/227 226/249/226 1354/1562/1354
f 1354/1562/1354 226/249/226 225/248/225 222/245/222
f 1354/1562/1354 222/245/222 221/244/221 243/266/243
f 1339/1537/1339 1337/1535/1337 1355/1563/1355 1356/1564/1356
f 1339/1537/1339 1356/1564/1356 303/338/303 302/337/302
f 1356/1564/1356 1357/1565/1357 560/661/560 303/338/303
f 1356/1564/1356 1355/1563/1355 1358/1566/1358 1357/1565/1357
f 1358/1566/1358 1359/1567/1359 564/665/564 1357/1565/1357
f 1358/1566/1358 1355/1563/1355 1360/1568/1360 1361/1569/1361
f 1358/1566/1358 1361/1569/1361 1362/1570/1362 1359/1567/1359
f 1362/1570/1362 1363/1571/1363 569/670/569 1359/1567/1359
f 1364/1572/1364 1365/1573/1365 1366/1574/1366 1367/1575/1367
f 1364/1572/1364 1367/1575/1367 104/120/104 108/124/108
f 1367/1575/1367 1366/1574/1366 1368/1576/1368 1369/1577/1369
f 1367/1575/1367 1369/1577/1369 105/121/105 104/120/104
f 1369/1577/1369 1368/1576/1368 1370/1578/1370 232/255/232
f 1369/1577/1369 232/255/232 231/254/231 105/121/105
f 1370/1578/1370 1371/1579/1371 1372/1580/1372 1373/1581/1373
f 1370/1578/1370 1373/1581/1373 233/256/233 232/255/232
f 1370/1578/1370 1368/1576/1368 1374/1582/1374 1371/1579/1371
f 1374/1582/1374 72/86/72 85/99/85 1371/1579/1371
f 1374/1582/1374 1368/1576/1368 1366/1574/1366 1375/1583/1375
f 1374/1582/1374 1375/1583/1375 70/84/70 72/86/72
f 1375/1583/1375 1366/1574/1366 1365/1573/1365 1376/1584/1376
f 1375/1583/1375 1376/1584/1376 71/85/71 70/84/70
f 1373/1581/1373 1372/1580/1372 1377/1585/1377 1378/1586/1378
f 1373/1581/1373 1378/1586/1378 234/257/234 233/256/233
f 1378/1586/1378 1377/1585/1377 1379/1587/1379 1380/1588/1380
f 1378/1586/1378 1380/1588/1380 1381/1589/1381 234/257/234
f 1381/1589/1381 1380/1588/1380 1382/1590/1382 102/118/102
f 1381/1589/1381 102/118/102 101/117/101 1383/1591/1383
f 1381/1589/1381 1383/1591/1383 235/258/235 234/257/234
f 1383/1591/1383 101/117/101 218/277/218 251/276/251
f 1383/1591/1383 251/276/251 236/259/236 235/258/235
f 1382/1590/1382 91/105/91 90/104/90 1384/1592/1384
f 1382/1590/1382 1384/1592/1384 96/110/96 102/118/102
f 1382/1590/1382 1380/1588/1380 1379/1587/1379 91/105/91
f 1384/1592/1384 90/104/90 1385/1593/1385 1386/1594/1386
f 1384/1592/1384 1386/1594/1386 97/111/97 96/110/96
f 1386/1595/1386 1385/1596/1385 1387/1597/1387 1388/1598/1388
f 1386/1595/1386 1388/1598/1388 1389/1599/1389 97/1600/97
f 1389/1599/1389 1388/1598/1388 1390/1601/1390 1391/1602/1391
f 1389/1599/1389 1391/1602/1391 1392/1603/1392 1393/1604/1393
f 1389/1599/1389 1393/1604/1393 93/1605/93 97/1600/97
f 1393/1604/1393 1392/1603/1392 110/126/110 99/114/99
f 1393/1604/1393 99/114/99 94/113/94 93/1605/93
f 1392/1603/1392 1391/1602/1391 1394/1606/1394 1395/1607/1395
f 1392/1608/1392 1395/1609/1395 215/238/215 110/237/110
f 1395/1607/1395 1394/1606/1394 1396/1610/1396 1397/1611/1397
f 1395/1609/1395 1397/1612/1397 1398/1613/1398 215/238/215
f 1398/1613/1398 1397/1612/1397 1399/1614/1399 1400/1615/1400
f 1398/1613/1398 1400/1615/1400 1401/1616/1401 245/268/245
f 1398/1613/1398 245/268/245 216/239/216 215/238/215
f 1401/1616/1401 1400/1615/1400 1402/1617/1402 1403/1618/1403
f 1401/1616/1401 1403/1618/1403 1404/1619/1404 1405/1620/1405
f 1401/1616/1401 1405/1620/1405 246/269/246 245/268/245
f 1405/1620/1405 1404/1619/1404 1406/1621/1406 590/693/590
f 1405/1620/1405 590/693/590 247/270/247 246/269/246
f 1406/1621/1406 1404/1619/1404 1407/1622/1407 1408/1623/1408
f 1406/1621/1406 1408/1623/1408 291/323/291 295/327/295
f 1406/1621/1406 295/327/295 591/694/591 590/693/590
f 1408/1623/1408 1407/1622/1407 1409/1624/1409 1410/1625/1410
f 1408/1623/1408 1410/1625/1410 292/324/292 291/323/291
f 1411/1626/1411 1412/1627/1412 1413/1628/1413 65/79/65
f 1411/1626/1411 65/79/65 62/76/62 1414/1629/1414
f 1414/1629/1414 62/76/62 58/72/58 57/71/57
f 1413/1628/1413 1412/1627/1412 1415/1630/1415 1416/1631/1416
f 1413/1628/1413 1416/1631/1416 76/90/76 75/89/75
f 1413/1628/1413 75/89/75 66/80/66 65/79/65
f 1416/1631/1416 1415/1630/1415 1417/1632/1417 1418/1633/1418
f 1416/1631/1416 1418/1633/1418 77/91/77 76/90/76
f 1418/1633/1418 1417/1632/1417 1419/1634/1419 1420/1635/1420
f 1418/1633/1418 1420/1635/1420 1421/1636/1421 77/91/77
f 1421/1636/1421 1420/1635/1420 1422/1637/1422 1423/1638/1423
f 1421/1636/1421 1423/1638/1423 88/102/88 87/101/87
f 1421/1636/1421 87/101/87 78/92/78 77/91/77
f 1423/1638/1423 1424/1639/1424 1425/1640/1425 88/102/88
f 1425/1641/1425 1424/1642/1424 47/61/47 1426/1643/1426
f 1425/1641/1425 1426/1643/1426 1427/1644/1427 1428/1645/1428
f 1425/1640/1425 1428/1646/1428 89/103/89 88/102/88
f 1428/1645/1428 1427/1644/1427 1387/1597/1387 1385/1596/1385
f 1428/1646/1428 1385/1593/1385 90/104/90 89/103/89
f 1427/1644/1427 1426/1643/1426 1429/1647/1429 1430/1648/1430
f 1427/1644/1427 1430/1648/1430 1431/1649/1431 1387/1597/1387
f 1431/1649/1431 1430/1648/1430 1432/1650/1432 1433/1651/1433
f 1431/1649/1431 1433/1651/1433 1434/1652/1434 1390/1601/1390
f 1431/1649/1431 1390/1601/1390 1388/1598/1388 1387/1597/1387
f 1434/1652/1434 1433/1651/1433 1435/1653/1435 1436/1654/1436
f 1434/1652/1434 1436/1654/1436 1396/1610/1396 1394/1606/1394
f 1434/1652/1434 1394/1606/1394 1391/1602/1391 1390/1601/1390
f 1436/1654/1436 1435/1653/1435 1437/1655/1437 1438/1656/1438
f 1436/1654/1436 1438/1656/1438 1439/1657/1439 1396/1610/1396
f 1439/1657/1439 1438/1656/1438 1440/1658/1440 1441/1659/1441
f 1439/1660/1439 1441/1661/1441 1442/1662/1442 1399/1614/1399
f 1439/1660/1439 1399/1614/1399 1397/1612/1397 1396/1663/1396
f 1442/1662/1442 1441/1661/1441 1443/1664/1443 1444/1665/1444
f 1442/1662/1442 1444/1665/1444 1445/1666/1445 1402/1617/1402
f 1442/1662/1442 1402/1617/1402 1400/1615/1400 1399/1614/1399
f 1445/1666/1445 1444/1665/1444 1446/1667/1446 1447/1668/1447
f 1445/1666/1445 1447/1668/1447 1448/1669/1448 1449/1670/1449
f 1445/1666/1445 1449/1670/1449 1403/1618/1403 1402/1617/1402
f 1449/1670/1449 1448/1669/1448 1409/1624/1409 1407/1622/1407
f 1449/1670/1449 1407/1622/1407 1404/1619/1404 1403/1618/1403
f 1444/1665/1444 1443/1664/1443 1450/1671/1450 1446/1667/1446
f 1450/1672/1450 1443/1673/1443 1451/1674/1451 1452/1675/1452
f 1451/1674/1451 1453/1676/1453 1454/1677/1454 1452/1675/1452
f 1451/1674/1451 1443/1673/1443 1441/1659/1441 1440/1658/1440
f 1451/1674/1451 1440/1658/1440 1455/1678/1455 1453/1676/1453
f 1455/1678/1455 1456/1679/1456 1457/1680/1457 1453/1676/1453
f 1455/1678/1455 1440/1658/1440 1438/1656/1438 1437/1655/1437
f 1455/1678/1455 1437/1655/1437 1458/1681/1458 1456/1679/1456
f 1458/1681/1458 1459/1682/1459 1460/1683/1460 1456/1679/1456
f 1458/1681/1458 1437/1655/1437 1435/1653/1435 1461/1684/1461
f 1458/1681/1458 1461/1684/1461 1462/1685/1462 1459/1682/1459
f 1462/1685/1462 1463/1686/1463 1464/1687/1464 1459/1682/1459
f 1462/1685/1462 1461/1684/1461 1432/1650/1432 1465/1688/1465
f 1462/1685/1462 1465/1688/1465 1466/1689/1466 1463/1686/1463
f 1466/1689/1466 1467/1690/1467 1468/1691/1468 1463/1686/1463
f 1466/1689/1466 1465/1688/1465 1429/1647/1429 44/58/44
f 1466/1689/1466 44/58/44 43/57/43 1467/1690/1467
f 1468/1692/1468 1469/1693/1469 1470/1694/1470 1471/1695/1471
f 1468/1691/1468 1471/1696/1471 1464/1687/1464 1463/1686/1463
f 1468/1697/1468 1467/1698/1467 1472/1699/1472 1469/1700/1469
f 1472/1699/1472 1473/1701/1473 1474/1702/1474 1469/1700/1469
f 1472/1699/1472 1467/1698/1467 43/1703/43 1475/1704/1475
f 1472/1699/1472 1475/1704/1475 1476/1705/1476 1473/1701/1473
f 1476/1706/1476 1477/1707/1477 1478/1708/1478 1473/1709/1473
f 1476/1705/1476 1475/1704/1475 1479/1710/1479 1480/1711/1480
f 1476/1705/1476 1480/1711/1480 1481/1712/1481 1477/1713/1477
f 1481/1714/1481 1482/1715/1482 1483/1716/1483 1477/1707/1477
f 1481/1712/1481 1480/1711/1480 1484/1717/1484 1485/1718/1485
f 1481/1714/1481 1485/1719/1485 1486/1720/1486 1482/1715/1482
f 1486/1720/1486 1487/1721/1487 4/4/4 1482/1715/1482
f 1488/1722/1488 1489/1723/1489 1490/1724/1490 1491/1725/1491
f 1488/1722/1488 1491/1725/1491 3/3/3 2/2/2
f 1491/1725/1491 1490/1724/1490 1492/1726/1492 1493/1727/1493
f 1491/1725/1491 1493/1727/1493 1483/1716/1483 3/3/3
f 1493/1727/1493 1492/1726/1492 1494/1728/1494 1478/1708/1478
f 1493/1727/1493 1478/1708/1478 1477/1707/1477 1483/1716/1483
f 1494/1728/1494 1492/1726/1492 54/68/54 1495/1729/1495
f 1494/1728/1494 1495/1729/1495 1496/1730/1496 1474/1731/1474
f 1494/1728/1494 1474/1731/1474 1473/1709/1473 1478/1708/1478
f 1496/1730/1496 1495/1729/1495 1497/1732/1497 1498/1733/1498
f 1496/1730/1496 1498/1733/1498 1499/1734/1499 1470/1694/1470
f 1496/1730/1496 1470/1694/1470 1469/1693/1469 1474/1731/1474
f 1499/1734/1499 1498/1733/1498 1500/1735/1500 1501/1736/1501
f 1499/1734/1499 1501/1736/1501 1502/1737/1502 1503/1738/1503
f 1499/1734/1499 1503/1738/1503 1471/1695/1471 1470/1694/1470
f 1503/1739/1503 1502/1740/1502 1504/1741/1504 1505/1742/1505
f 1503/1739/1503 1505/1742/1505 1464/1687/1464 1471/1696/1471
f 1505/1742/1505 1504/1741/1504 1506/1743/1506 1460/1683/1460
f 1505/1742/1505 1460/1683/1460 1459/1682/1459 1464/1687/1464
f 1506/1743/1506 1504/1741/1504 1507/1744/1507 1508/1745/1508
f 1506/1743/1506 1508/1745/1508 1509/1746/1509 1457/1680/1457
f 1506/1743/1506 1457/1680/1457 1456/1679/1456 1460/1683/1460
f 1509/1746/1509 1454/1677/1454 1453/1676/1453 1457/1680/1457
f 1510/1747/1510 1484/1717/1484 1480/1711/1480 1479/1710/1479
f 1510/1747/1510 1479/1710/1479 42/1748/42 46/1749/46
f 1511/1750/1511 1500/1735/1500 1498/1733/1498 1497/1732/1497
f 1511/1750/1511 1497/1732/1497 51/65/51 50/64/50
f 1497/1732/1497 1495/1729/1495 54/68/54 51/65/51
f 1492/1726/1492 1490/1724/1490 52/66/52 54/68/54
f 1490/1724/1490 1489/1723/1489 53/67/53 52/66/52
f 1483/1716/1483 1482/1715/1482 4/4/4 3/3/3
f 1479/1710/1479 1475/1704/1475 43/1703/43 42/1748/42
f 1465/1688/1465 1432/1650/1432 1430/1648/1430 1429/1647/1429
f 1461/1684/1461 1435/1653/1435 1433/1651/1433 1432/1650/1432
f 1429/1647/1429 1426/1643/1426 47/61/47 44/58/44
f 1424/1642/1424 1512/1751/1512 45/59/45 47/61/47
f 1379/1587/1379 1513/1752/1513 86/100/86 91/105/91
f 1379/1587/1379 1377/1585/1377 83/97/83 1513/1752/1513
f 1377/1585/1377 1372/1580/1372 84/98/84 83/97/83
f 1372/1580/1372 1371/1579/1371 85/99/85 84/98/84
f 1514/1753/1514 1515/1754/1515 1516/1755/1516 1517/1756/1517
f 1514/1753/1514 1518/1757/1518 1519/1758/1519 1515/1754/1515
f 1519/1758/1519 1520/1759/1520 1521/1760/1521 1515/1754/1515
f 1519/1758/1519 1518/1757/1518 1334/1532/1334 1333/1531/1333
f 1519/1758/1519 1333/1531/1333 1522/1761/1522 1520/1759/1520
f 1522/1761/1522 1523/1762/1523 1524/1763/1524 1520/1759/1520
f 1522/1761/1522 1333/1531/1333 1330/1528/1330 1329/1527/1329
f 1522/1761/1522 1329/1527/1329 1525/1764/1525 1523/1762/1523
f 1525/1764/1525 1526/1765/1526 1527/1766/1527 1523/1762/1523
f 1525/1764/1525 1329/1527/1329 1327/1525/1327 1326/1524/1326
f 1525/1764/1525 1326/1524/1326 1528/1767/1528 1526/1765/1526
f 1528/1767/1528 1529/1768/1529 1530/1769/1530 1526/1765/1526
f 1528/1767/1528 1326/1524/1326 1324/1522/1324 1323/1521/1323
f 1528/1767/1528 1323/1521/1323 1531/1770/1531 1529/1768/1529
f 1531/1770/1531 1532/1771/1532 1533/1772/1533 1529/1768/1529
f 1531/1770/1531 1323/1521/1323 1321/1519/1321 1320/1518/1320
f 1531/1770/1531 1320/1518/1320 1534/1773/1534 1532/1771/1532
f 1534/1774/1534 1535/1775/1535 1536/1776/1536 1532/1777/1532
f 1534/1773/1534 1320/1518/1320 1318/1516/1318 1537/1778/1537
f 1534/1774/1534 1537/1779/1537 1538/1780/1538 1535/1775/1535
f 1538/1780/1538 1539/1781/1539 1540/1782/1540 1535/1775/1535
f 1538/1780/1538 1537/1779/1537 1315/1783/1315 1541/1784/1541
f 1538/1780/1538 1541/1784/1541 1542/1785/1542 1539/1781/1539
f 1542/1785/1542 1543/1786/1543 1544/1787/1544 1539/1781/1539
f 1542/1785/1542 1541/1784/1541 1545/1788/1545 1546/1789/1546
f 1542/1785/1542 1546/1789/1546 1547/1790/1547 1543/1786/1543
f 1547/1790/1547 203/224/203 1548/1791/1548 1543/1786/1543
f 1547/1790/1547 1546/1789/1546 1549/1792/1549 1550/1793/1550
f 1547/1790/1547 1550/1793/1550 194/215/194 203/224/203
f 1550/1793/1550 1549/1792/1549 1551/1794/1551 1552/1795/1552
f 1550/1793/1550 1552/1795/1552 195/216/195 194/215/194
f 1552/1796/1552 1551/1797/1551 1553/1798/1553 1554/1799/1554
f 1552/1796/1552 1554/1799/1554 1555/1800/1555 195/1801/195
f 1555/1800/1555 1556/1802/1556 196/1803/196 195/1801/195
f 1555/1800/1555 1554/1799/1554 1557/1804/1557 1558/1805/1558
f 1555/1800/1555 1558/1805/1558 1559/1806/1559 1556/1802/1556
f 1559/1806/1559 1560/1807/1560 1561/1808/1561 1556/1802/1556
f 1559/1806/1559 1558/1805/1558 1562/1809/1562 1563/1810/1563
f 1559/1806/1559 1563/1810/1563 1564/1811/1564 1560/1807/1560
f 1564/1811/1564 1565/1812/1565 1566/1813/1566 1560/1807/1560
f 1564/1811/1564 1563/1810/1563 1567/1814/1567 1568/1815/1568
f 1564/1811/1564 1568/1815/1568 1569/1816/1569 1565/1812/1565
f 1569/1816/1569 1570/1817/1570 1571/1818/1571 1565/1812/1565
f 1569/1816/1569 1568/1815/1568 1572/1819/1572 1573/1820/1573
f 1569/1816/1569 1573/1820/1573 1574/1821/1574 1570/1817/1570
f 1574/1821/1574 1575/1822/1575 1576/1823/1576 1570/1817/1570
f 1574/1821/1574 1573/1820/1573 1577/1824/1577 1578/1825/1578
f 1574/1821/1574 1578/1825/1578 1579/1826/1579 1575/1822/1575
f 1579/1826/1579 1580/1827/1580 1581/1828/1581 1575/1822/1575
f 1579/1826/1579 1578/1825/1578 1582/1829/1582 1583/1830/1583
f 1579/1826/1579 1583/1830/1583 1584/1831/1584 1580/1827/1580
f 1584/1832/1584 1585/1833/1585 1586/1834/1586 1580/1835/1580
f 1584/1831/1584 1583/1830/1583 1587/1836/1587 1588/1837/1588
f 1584/1832/1584 1588/1838/1588 1589/1839/1589 1585/1833/1585
f 1589/1839/1589 1590/1840/1590 1591/1841/1591 1585/1833/1585
f 1589/1839/1589 1588/1838/1588 1592/1842/1592 1593/1843/1593
f 1589/1839/1589 1593/1843/1593 1594/1844/1594 1590/1840/1590
f 1594/1844/1594 1595/1845/1595 1596/1846/1596 1590/1840/1590
f 1594/1844/1594 1593/1843/1593 1597/1847/1597 1598/1848/1598
f 1594/1844/1594 1598/1848/1598 1599/1849/1599 1595/1845/1595
f 1599/1849/1599 1600/1850/1600 1601/1851/1601 1595/1845/1595
f 1599/1849/1599 1598/1848/1598 1602/1852/1602 1603/1853/1603
f 1599/1849/1599 1603/1853/1603 1604/1854/1604 1600/1850/1600
f 1604/1854/1604 1605/1855/1605 1606/1856/1606 1600/1850/1600
f 1604/1854/1604 1603/1853/1603 1607/1857/1607 1608/1858/1608
f 1604/1854/1604 1608/1858/1608 1609/1859/1609 1605/1855/1605
f 1609/1859/1609 1610/1860/1610 1611/1861/1611 1605/1855/1605
f 1609/1859/1609 1608/1858/1608 1612/1862/1612 1613/1863/1613
f 1609/1859/1609 1613/1863/1613 1614/1864/1614 1610/1860/1610
f 1614/1864/1614 1615/1865/1615 1616/1866/1616 1610/1860/1610
f 1614/1864/1614 1613/1863/1613 1617/1867/1617 1618/1868/1618
f 1614/1864/1614 1618/1868/1618 1619/1869/1619 1615/1865/1615
f 1619/1869/1619 1620/1870/1620 1621/1871/1621 1615/1865/1615
f 1619/1869/1619 1618/1868/1618 1622/1872/1622 1623/1873/1623
f 1619/1869/1619 1623/1873/1623 1624/1874/1624 1620/1870/1620
f 1624/1874/1624 1625/1875/1625 1626/1876/1626 1620/1870/1620
f 1624/1874/1624 1623/1873/1623 1627/1877/1627 1628/1878/1628
f 1624/1874/1624 1628/1878/1628 1629/1879/1629 1625/1875/1625
f 1629/1879/1629 1630/1880/1630 1631/1881/1631 1625/1875/1625
f 1629/1879/1629 1628/1878/1628 1632/1882/1632 1633/1883/1633
f 1629/1879/1629 1633/1883/1633 1634/1884/1634 1630/1880/1630
f 1634/1884/1634 1635/1885/1635 1636/1886/1636 1630/1880/1630
f 1634/1884/1634 1633/1883/1633 1637/1887/1637 1638/1888/1638
f 1634/1884/1634 1638/1888/1638 1639/1889/1639 1635/1885/1635
f 1639/1889/1639 1640/1890/1640 1641/1891/1641 1635/1885/1635
f 1639/1889/1639 1638/1888/1638 1642/1892/1642 1643/1893/1643
f 1639/1889/1639 1643/1893/1643 1644/1894/1644 1640/1890/1640
f 1644/1894/1644 1645/1895/1645 1646/1896/1646 1640/1890/1640
f 1644/1894/1644 1643/1893/1643 1647/1897/1647 1648/1898/1648
f 1644/1894/1644 1648/1898/1648 1649/1899/1649 1645/1895/1645
f 1649/1899/1649 1650/1900/1650 1651/1901/1651 1645/1895/1645
f 1649/1899/1649 1648/1898/1648 1652/1902/1652 1653/1903/1653
f 1649/1899/1649 1653/1903/1653 1654/1904/1654 1650/1900/1650
f 1654/1904/1654 1655/1905/1655 1656/1906/1656 1650/1900/1650
f 1654/1904/1654 1653/1903/1653 1240/1433/1240 1239/1432/1239
f 1654/1904/1654 1239/1432/1239 1657/1907/1657 1655/1905/1655
f 1657/1907/1657 1658/1908/1658 1659/1909/1659 1655/1905/1655
f 1657/1907/1657 1239/1432/1239 1237/1430/1237 1236/1429/1236
f 1657/1907/1657 1236/1429/1236 1660/1910/1660 1658/1908/1658
f 1660/1910/1660 1661/1911/1661 1662/1912/1662 1658/1908/1658
f 1660/1910/1660 1236/1429/1236 1234/1427/1234 1233/1426/1233
f 1660/1910/1660 1233/1426/1233 1663/1913/1663 1661/1911/1661
f 1663/1913/1663 1664/1914/1664 1665/1915/1665 1661/1911/1661
f 1663/1913/1663 1233/1426/1233 1231/1424/1231 1230/1423/1230
f 1663/1913/1663 1230/1423/1230 1666/1916/1666 1664/1914/1664
f 1666/1916/1666 1667/1917/1667 1668/1918/1668 1664/1914/1664
f 1666/1916/1666 1230/1423/1230 1228/1421/1228 1227/1420/1227
f 1666/1916/1666 1227/1420/1227 1669/1919/1669 1667/1917/1667
f 1669/1919/1669 1670/1920/1670 1671/1921/1671 1667/1917/1667
f 1669/1919/1669 1227/1420/1227 1225/1418/1225 1224/1417/1224
f 1669/1919/1669 1224/1417/1224 1672/1922/1672 1670/1920/1670
f 1672/1922/1672 1673/1923/1673 1674/1924/1674 1670/1920/1670
f 1672/1922/1672 1224/1417/1224 1222/1415/1222 1221/1414/1221
f 1672/1922/1672 1221/1414/1221 1675/1925/1675 1673/1923/1673
f 1675/1925/1675 180/1926/180 179/1927/179 1673/1923/1673
f 1675/1925/1675 1221/1414/1221 1219/1412/1219 1218/1411/1218
f 1675/1925/1675 1218/1411/1218 181/1928/181 180/1926/180
f 1674/1924/1674 1676/1929/1676 1677/1930/1677 1678/1931/1678
f 1674/1924/1674 1678/1931/1678 1671/1921/1671 1670/1920/1670
f 1674/1924/1674 1673/1923/1673 179/1927/179 1676/1929/1676
f 1678/1931/1678 1677/1930/1677 1679/1932/1679 1680/1933/1680
f 1678/1931/1678 1680/1933/1680 1681/1934/1681 1671/1921/1671
f 1681/1934/1681 1680/1933/1680 1682/1935/1682 1683/1936/1683
f 1681/1934/1681 1683/1936/1683 1684/1937/1684 1668/1918/1668
f 1681/1934/1681 1668/1918/1668 1667/1917/1667 1671/1921/1671
f 1684/1937/1684 1683/1936/1683 1685/1938/1685 1686/1939/1686
f 1684/1937/1684 1686/1939/1686 1687/1940/1687 1665/1915/1665
f 1684/1937/1684 1665/1915/1665 1664/1914/1664 1668/1918/1668
f 1687/1940/1687 1686/1939/1686 1688/1941/1688 1689/1942/1689
f 1687/1940/1687 1689/1942/1689 1690/1943/1690 1662/1912/1662
f 1687/1940/1687 1662/1912/1662 1661/1911/1661 1665/1915/1665
f 1690/1943/1690 1689/1942/1689 1691/1944/1691 1692/1945/1692
f 1690/1943/1690 1692/1945/1692 1693/1946/1693 1659/1909/1659
f 1690/1943/1690 1659/1909/1659 1658/1908/1658 1662/1912/1662
f 1693/1946/1693 1692/1945/1692 1694/1947/1694 1695/1948/1695
f 1693/1946/1693 1695/1948/1695 1696/1949/1696 1656/1906/1656
f 1693/1946/1693 1656/1906/1656 1655/1905/1655 1659/1909/1659
f 1696/1949/1696 1695/1948/1695 1697/1950/1697 1698/1951/1698
f 1696/1949/1696 1698/1951/1698 1699/1952/1699 1651/1901/1651
f 1696/1949/1696 1651/1901/1651 1650/1900/1650 1656/1906/1656
f 1699/1952/1699 1698/1951/1698 1700/1953/1700 1701/1954/1701
f 1699/1952/1699 1701/1954/1701 1702/1955/1702 1646/1896/1646
f 1699/1952/1699 1646/1896/1646 1645/1895/1645 1651/1901/1651
f 1702/1955/1702 1701/1954/1701 1703/1956/1703 1704/1957/1704
f 1702/1955/1702 1704/1957/1704 1705/1958/1705 1641/1891/1641
f 1702/1955/1702 1641/1891/1641 1640/1890/1640 1646/1896/1646
f 1705/1958/1705 1704/1957/1704 1706/1959/1706 1707/1960/1707
f 1705/1958/1705 1707/1960/1707 1708/1961/1708 1636/1886/1636
f 1705/1958/1705 1636/1886/1636 1635/1885/1635 1641/1891/1641
f 1708/1961/1708 1707/1960/1707 1709/1962/1709 1710/1963/1710
f 1708/1961/1708 1710/1963/1710 1711/1964/1711 1631/1881/1631
f 1708/1961/1708 1631/1881/1631 1630/1880/1630 1636/1886/1636
f 1711/1964/1711 1710/1963/1710 1712/1965/1712 1713/1966/1713
f 1711/1964/1711 1713/1966/1713 1714/1967/1714 1626/1876/1626
f 1711/1964/1711 1626/1876/1626 1625/1875/1625 1631/1881/1631
f 1714/1967/1714 1713/1966/1713 1715/1968/1715 1716/1969/1716
f 1714/1967/1714 1716/1969/1716 1717/1970/1717 1621/1871/1621
f 1714/1967/1714 1621/1871/1621 1620/1870/1620 1626/1876/1626
f 1717/1970/1717 1716/1969/1716 1718/1971/1718 1719/1972/1719
f 1717/1970/1717 1719/1972/1719 1720/1973/1720 1616/1866/1616
f 1717/1970/1717 1616/1866/1616 1615/1865/1615 1621/1871/1621
f 1720/1973/1720 1719/1972/1719 1721/1974/1721 1722/1975/1722
f 1720/1973/1720 1722/1975/1722 1723/1976/1723 1611/1861/1611
f 1720/1973/1720 1611/1861/1611 1610/1860/1610 1616/1866/1616
f 1723/1976/1723 1722/1975/1722 1724/1977/1724 1725/1978/1725
f 1723/1976/1723 1725/1978/1725 1726/1979/1726 1606/1856/1606
f 1723/1976/1723 1606/1856/1606 1605/1855/1605 1611/1861/1611
f 1726/1979/1726 1725/1978/1725 1727/1980/1727 1728/1981/1728
f 1726/1979/1726 1728/1981/1728 1729/1982/1729 1601/1851/1601
f 1726/1979/1726 1601/1851/1601 1600/1850/1600 1606/1856/1606
f 1729/1982/1729 1728/1981/1728 1730/1983/1730 1731/1984/1731
f 1729/1982/1729 1731/1984/1731 1732/1985/1732 1596/1846/1596
f 1729/1982/1729 1596/1846/1596 1595/1845/1595 1601/1851/1601
f 1732/1985/1732 1731/1984/1731 1733/1986/1733 1734/1987/1734
f 1732/1985/1732 1734/1987/1734 1735/1988/1735 1591/1841/1591
f 1732/1985/1732 1591/1841/1591 1590/1840/1590 1596/1846/1596
f 1735/1988/1735 1734/1987/1734 1736/1989/1736 1737/1990/1737
f 1735/1988/1735 1737/1990/1737 1738/1991/1738 1586/1834/1586
f 1735/1988/1735 1586/1834/1586 1585/1833/1585 1591/1841/1591
f 1738/1991/1738 1737/1990/1737 1739/1992/1739 1740/1993/1740
f 1738/1991/1738 1740/1993/1740 1741/1994/1741 1581/1995/1581
f 1738/1991/1738 1581/1995/1581 1580/1835/1580 1586/1834/1586
f 1741/1994/1741 1740/1993/1740 1742/1996/1742 1743/1997/1743
f 1741/1998/1741 1743/1999/1743 1744/2000/1744 1576/1823/1576
f 1741/1998/1741 1576/1823/1576 1575/1822/1575 1581/1828/1581
f 1744/2000/1744 1743/1999/1743 1745/2001/1745 1746/2002/1746
f 1744/2000/1744 1746/2002/1746 1747/2003/1747 1571/1818/1571
f 1744/2000/1744 1571/1818/1571 1570/1817/1570 1576/1823/1576
f 1747/2003/1747 1746/2002/1746 1748/2004/1748 1749/2005/1749
f 1747/2003/1747 1749/2005/1749 1750/2006/1750 1566/1813/1566
f 1747/2003/1747 1566/1813/1566 1565/1812/1565 1571/1818/1571
f 1750/2006/1750 1749/2005/1749 1751/2007/1751 1752/2008/1752
f 1750/2006/1750 1752/2008/1752 197/2009/197 1561/1808/1561
f 1750/2006/1750 1561/1808/1561 1560/1807/1560 1566/1813/1566
f 1752/2010/1752 1751/2011/1751 1753/2012/1753 1754/2013/1754
f 1752/2010/1752 1754/2013/1754 198/219/198 197/218/197
f 1754/2013/1754 1753/2012/1753 1755/2014/1755 1756/2015/1756
f 1754/2013/1754 1756/2015/1756 199/220/199 198/219/198
f 1756/2015/1756 1755/2014/1755 1757/2016/1757 1758/2017/1758
f 1756/2015/1756 1758/2017/1758 1759/2018/1759 199/220/199
f 1759/2018/1759 1758/2017/1758 1760/2019/1760 1761/2020/1761
f 1759/2018/1759 1761/2020/1761 1762/2021/1762 1763/2022/1763
f 1759/2018/1759 1763/2022/1763 200/221/200 199/220/199
f 1763/2022/1763 1762/2021/1762 924/1087/924 923/1086/923
f 1763/2022/1763 923/1086/923 201/222/201 200/221/200
f 1758/2017/1758 1757/2016/1757 1764/2023/1764 1760/2019/1760
f 1764/2023/1764 1757/2016/1757 1765/2024/1765 1766/2025/1766
f 1765/2024/1765 1767/2026/1767 1768/2027/1768 1766/2025/1766
f 1765/2024/1765 1757/2016/1757 1755/2014/1755 1769/2028/1769
f 1765/2024/1765 1769/2028/1769 1770/2029/1770 1767/2026/1767
f 1770/2029/1770 1771/2030/1771 1772/2031/1772 1767/2026/1767
f 1770/2029/1770 1769/2028/1769 1773/2032/1773 1774/2033/1774
f 1770/2029/1770 1774/2033/1774 1775/2034/1775 1771/2030/1771
f 1775/2034/1775 1776/2035/1776 1777/2036/1777 1771/2030/1771
f 1775/2034/1775 1774/2033/1774 1778/2037/1778 1779/2038/1779
f 1775/2034/1775 1779/2038/1779 1780/2039/1780 1776/2035/1776
f 1780/2039/1780 1781/2040/1781 1782/2041/1782 1776/2035/1776
f 1780/2042/1780 1779/2043/1779 1783/2044/1783 1784/2045/1784
f 1780/2042/1780 1784/2045/1784 1785/2046/1785 1781/2047/1781
f 1785/2046/1785 1786/2048/1786 1787/2049/1787 1781/2047/1781
f 1785/2046/1785 1784/2045/1784 1788/2050/1788 1789/2051/1789
f 1785/2046/1785 1789/2051/1789 1790/2052/1790 1786/2048/1786
f 1790/2052/1790 1791/2053/1791 1792/2054/1792 1786/2048/1786
f 1790/2052/1790 1789/2051/1789 1793/2055/1793 1794/2056/1794
f 1790/2052/1790 1794/2056/1794 1795/2057/1795 1791/2053/1791
f 1795/2057/1795 1796/2058/1796 1797/2059/1797 1791/2053/1791
f 1795/2057/1795 1794/2056/1794 1798/2060/1798 1799/2061/1799
f 1795/2057/1795 1799/2061/1799 1800/2062/1800 1796/2058/1796
f 1800/2062/1800 1801/2063/1801 1802/2064/1802 1796/2058/1796
f 1800/2062/1800 1799/2061/1799 1803/2065/1803 1804/2066/1804
f 1800/2062/1800 1804/2066/1804 1805/2067/1805 1801/2063/1801
f 1805/2067/1805 1806/2068/1806 1807/2069/1807 1801/2063/1801
f 1805/2067/1805 1804/2066/1804 1808/2070/1808 1809/2071/1809
f 1805/2067/1805 1809/2071/1809 1810/2072/1810 1806/2068/1806
f 1810/2072/1810 1811/2073/1811 1812/2074/1812 1806/2068/1806
f 1810/2072/1810 1809/2071/1809 1813/2075/1813 1814/2076/1814
f 1810/2072/1810 1814/2076/1814 1815/2077/1815 1811/2073/1811
f 1815/2077/1815 1816/2078/1816 1817/2079/1817 1811/2073/1811
f 1815/2077/1815 1814/2076/1814 1818/2080/1818 1819/2081/1819
f 1815/2077/1815 1819/2081/1819 1820/2082/1820 1816/2078/1816
f 1820/2082/1820 1821/2083/1821 1822/2084/1822 1816/2078/1816
f 1820/2082/1820 1819/2081/1819 1823/2085/1823 1824/2086/1824
f 1820/2082/1820 1824/2086/1824 1825/2087/1825 1821/2083/1821
f 1825/2087/1825 1826/2088/1826 1827/2089/1827 1821/2083/1821
f 1825/2087/1825 1824/2086/1824 1828/2090/1828 1829/2091/1829
f 1825/2087/1825 1829/2091/1829 1830/2092/1830 1826/2088/1826
f 1830/2092/1830 1831/2093/1831 1832/2094/1832 1826/2088/1826
f 1830/2092/1830 1829/2091/1829 1833/2095/1833 1834/2096/1834
f 1830/2092/1830 1834/2096/1834 1835/2097/1835 1831/2093/1831
f 1835/2097/1835 1836/2098/1836 1837/2099/1837 1831/2093/1831
f 1835/2097/1835 1834/2096/1834 1838/2100/1838 1839/2101/1839
f 1835/2097/1835 1839/2101/1839 1840/2102/1840 1836/2098/1836
f 1840/2102/1840 1841/2103/1841 1842/2104/1842 1836/2098/1836
f 1840/2102/1840 1839/2101/1839 1843/2105/1843 1844/2106/1844
f 1840/2102/1840 1844/2106/1844 1845/2107/1845 1841/2103/1841
f 1845/2107/1845 1846/2108/1846 1847/2109/1847 1841/2103/1841
f 1845/2107/1845 1844/2106/1844 1848/2110/1848 1849/2111/1849
f 1845/2107/1845 1849/2111/1849 1850/2112/1850 1846/2108/1846
f 1850/2112/1850 1851/2113/1851 1852/2114/1852 1846/2108/1846
f 1850/2112/1850 1849/2111/1849 1853/2115/1853 1854/2116/1854
f 1850/2112/1850 1854/2116/1854 1855/2117/1855 1851/2113/1851
f 1855/2117/1855 1856/2118/1856 1857/2119/1857 1851/2113/1851
f 1855/2117/1855 1854/2116/1854 1858/2120/1858 1859/2121/1859
f 1855/2117/1855 1859/2121/1859 1860/2122/1860 1856/2118/1856
f 1860/2122/1860 1861/2123/1861 1862/2124/1862 1856/2118/1856
f 1860/2122/1860 1859/2121/1859 1863/2125/1863 1864/2126/1864
f 1860/2122/1860 1864/2126/1864 1865/2127/1865 1861/2123/1861
f 1865/2127/1865 1866/2128/1866 1867/2129/1867 1861/2123/1861
f 1865/2127/1865 1864/2126/1864 1868/2130/1868 1869/2131/1869
f 1865/2127/1865 1869/2131/1869 1870/2132/1870 1866/2128/1866
f 1870/2132/1870 1871/2133/1871 1872/2134/1872 1866/2128/1866
f 1870/2132/1870 1869/2131/1869 1873/2135/1873 1874/2136/1874
f 1870/2132/1870 1874/2136/1874 1875/2137/1875 1871/2133/1871
f 1875/2137/1875 1876/2138/1876 1877/2139/1877 1871/2133/1871
f 1875/2137/1875 1874/2136/1874 1878/2140/1878 1879/2141/1879
f 1875/2137/1875 1879/2141/1879 1880/2142/1880 1876/2138/1876
f 1880/2143/1880 1881/2144/1881 1882/2145/1882 1876/2146/1876
f 1880/2142/1880 1879/2141/1879 1883/2147/1883 1884/2148/1884
f 1880/2143/1880 1884/2149/1884 1885/2150/1885 1881/2144/1881
f 1885/2150/1885 1886/2151/1886 1887/2152/1887 1881/2144/1881
f 1885/2150/1885 1884/2149/1884 1888/2153/1888 1889/2154/1889
f 1885/2150/1885 1889/2154/1889 1890/2155/1890 1886/2151/1886
f 1890/2155/1890 1891/2156/1891 1892/2157/1892 1886/2151/1886
f 1890/2155/1890 1889/2154/1889 1893/2158/1893 1894/2159/1894
f 1890/2155/1890 1894/2159/1894 1895/2160/1895 1891/2156/1891
f 1895/2160/1895 1896/2161/1896 1897/2162/1897 1891/2156/1891
f 1895/2160/1895 1894/2159/1894 1898/2163/1898 1899/2164/1899
f 1895/2160/1895 1899/2164/1899 1900/2165/1900 1896/2161/1896
f 1900/2165/1900 1901/2166/1901 1902/2167/1902 1896/2161/1896
f 1900/2165/1900 1899/2164/1899 1903/2168/1903 1904/2169/1904
f 1900/2165/1900 1904/2169/1904 1905/2170/1905 1901/2166/1901
f 1905/2170/1905 1906/2171/1906 1907/2172/1907 1901/2166/1901
f 1905/2170/1905 1904/2169/1904 1908/2173/1908 1909/2174/1909
f 1905/2170/1905 1909/2174/1909 1910/2175/1910 1906/2171/1906
f 1910/2175/1910 1911/2176/1911 1912/2177/1912 1906/2171/1906
f 1910/2175/1910 1909/2174/1909 1913/2178/1913 1914/2179/1914
f 1910/2175/1910 1914/2179/1914 1915/2180/1915 1911/2176/1911
f 1915/2180/1915 1916/2181/1916 1917/2182/1917 1911/2176/1911
f 1915/2180/1915 1914/2179/1914 1918/2183/1918 1919/2184/1919
f 1915/2180/1915 1919/2184/1919 1920/2185/1920 1916/2181/1916
f 1920/2185/1920 1921/2186/1921 1922/2187/1922 1916/2181/1916
f 1920/2185/1920 1919/2184/1919 1923/2188/1923 1924/2189/1924
f 1920/2185/1920 1924/2189/1924 1925/2190/1925 1921/2186/1921
f 1925/2190/1925 165/183/165 164/182/164 1921/2186/1921
f 1925/2190/1925 1924/2189/1924 154/172/154 159/177/159
f 1925/2190/1925 159/177/159 1926/2191/1926 165/183/165
f 1926/2191/1926 159/177/159 158/176/158 1927/2192/1927
f 1926/2191/1926 1927/2192/1927 1928/2193/1928 1929/2194/1929
f 1926/2191/1926 1929/2194/1929 161/179/161 165/183/165
f 1929/2194/1929 1928/2193/1928 1930/2195/1930 1931/2196/1931
f 1929/2194/1929 1931/2196/1931 162/180/162 161/179/161
f 1931/2196/1931 1930/2195/1930 1195/1382/1195 1932/2197/1932
f 1931/2196/1931 1932/2197/1932 1933/2198/1933 162/180/162
f 1933/2198/1933 1934/2199/1934 163/181/163 162/180/162
f 1933/2198/1933 1932/2197/1932 1192/2200/1192 1935/2201/1935
f 1933/2198/1933 1935/2201/1935 1936/2202/1936 1934/2199/1934
f 1936/2202/1936 1937/2203/1937 1938/2204/1938 1934/2199/1934
f 1936/2202/1936 1935/2201/1935 1187/1368/1187 1185/1366/1185
f 1936/2202/1936 1185/1366/1185 1183/1364/1183 1937/2203/1937
f 1938/2204/1938 1939/2205/1939 1940/2206/1940 170/188/170
f 1938/2204/1938 170/188/170 163/181/163 1934/2199/1934
f 1938/2204/1938 1937/2203/1937 1180/1361/1180 1939/2205/1939
f 1940/2206/1940 1115/1284/1115 1111/1280/1111 1110/1279/1110
f 1940/2206/1940 1110/1279/1110 168/186/168 170/188/170
f 1940/2206/1940 1939/2205/1939 1941/2207/1941 1115/1284/1115
f 1941/2207/1941 1120/1289/1120 1116/1285/1116 1115/1284/1115
f 1941/2207/1941 1939/2205/1939 1180/1361/1180 1178/1359/1178
f 1941/2207/1941 1178/1359/1178 1176/1357/1176 1120/1289/1120
f 1937/2203/1937 1183/1364/1183 1181/1362/1181 1180/1361/1180
f 1935/2208/1935 1192/1376/1192 1189/1373/1189 1187/1372/1187
f 1932/2197/1932 1195/1382/1195 1193/1379/1193 1192/2200/1192
f 1930/2195/1930 1928/2193/1928 1942/2209/1942 1943/2210/1943
f 1930/2195/1930 1943/2210/1943 1196/1383/1196 1195/1382/1195
f 1943/2210/1943 1942/2209/1942 1944/2211/1944 1945/2212/1945
f 1943/2210/1943 1945/2212/1945 1197/1384/1197 1196/1383/1196
f 1945/2212/1945 1944/2211/1944 1946/2213/1946 1947/2214/1947
f 1945/2212/1945 1947/2214/1947 1199/1386/1199 1197/1384/1197
f 1947/2214/1947 1946/2213/1946 1948/2215/1948 1949/2216/1949
f 1947/2214/1947 1949/2216/1949 1201/1388/1201 1199/1386/1199
f 1949/2216/1949 1948/2215/1948 1950/2217/1950 1951/2218/1951
f 1949/2216/1949 1951/2218/1951 1203/1390/1203 1201/1388/1201
f 1951/2218/1951 1950/2217/1950 1952/2219/1952 1953/2220/1953
f 1951/2218/1951 1953/2220/1953 1205/1392/1205 1203/1390/1203
f 1953/2220/1953 1952/2219/1952 1954/2221/1954 1955/2222/1955
f 1953/2220/1953 1955/2222/1955 1207/1394/1207 1205/1392/1205
f 1955/2222/1955 1954/2221/1954 172/190/172 176/194/176
f 1955/2222/1955 176/194/176 1209/1397/1209 1207/1394/1207
f 1954/2221/1954 1952/2219/1952 152/170/152 1956/2223/1956
f 1954/2221/1954 1956/2223/1956 173/191/173 172/190/172
f 1956/2223/1956 1957/2224/1957 1958/2225/1958 173/191/173
f 1956/2223/1956 152/170/152 151/169/151 1957/2224/1957
f 1958/2225/1958 1959/2226/1959 1960/2227/1960 1961/2228/1961
f 1958/2225/1958 1961/2228/1961 174/192/174 173/191/173
f 1958/2225/1958 1957/2224/1957 1962/2229/1962 1959/2226/1959
f 1962/2229/1962 1963/2230/1963 1964/2231/1964 1959/2226/1959
f 1962/2229/1962 1957/2224/1957 151/169/151 150/168/150
f 1962/2229/1962 150/168/150 1965/2232/1965 1963/2230/1963
f 1965/2232/1965 1966/2233/1966 1967/2234/1967 1963/2230/1963
f 1965/2232/1965 150/168/150 149/167/149 1968/2235/1968
f 1965/2232/1965 1968/2235/1968 1969/2236/1969 1966/2233/1966
f 1969/2236/1969 157/175/157 156/174/156 1966/2233/1966
f 1969/2236/1969 1968/2235/1968 1970/2237/1970 1971/2238/1971
f 1969/2236/1969 1971/2238/1971 1972/2239/1972 157/175/157
f 1972/2239/1972 1927/2192/1927 158/176/158 157/175/157
f 1972/2239/1972 1971/2238/1971 1944/2211/1944 1942/2209/1942
f 1972/2239/1972 1942/2209/1942 1928/2193/1928 1927/2192/1927
f 1971/2238/1971 1970/2237/1970 1946/2213/1946 1944/2211/1944
f 1970/2237/1970 1968/2235/1968 149/167/149 148/166/148
f 1970/2237/1970 148/166/148 1948/2215/1948 1946/2213/1946
f 1967/2234/1967 155/173/155 1923/2188/1923 1973/2240/1973
f 1967/2234/1967 1973/2240/1973 1964/2231/1964 1963/2230/1963
f 1967/2234/1967 1966/2233/1966 156/174/156 155/173/155
f 1973/2240/1973 1923/2188/1923 1919/2184/1919 1918/2183/1918
f 1973/2240/1973 1918/2183/1918 1974/2241/1974 1964/2231/1964
f 1974/2241/1974 1918/2183/1918 1914/2179/1914 1913/2178/1913
f 1974/2241/1974 1913/2178/1913 1975/2242/1975 1960/2227/1960
f 1974/2241/1974 1960/2227/1960 1959/2226/1959 1964/2231/1964
f 1975/2242/1975 1913/2178/1913 1909/2174/1909 1908/2173/1908
f 1975/2242/1975 1908/2173/1908 1976/2243/1976 1977/2244/1977
f 1975/2242/1975 1977/2244/1977 1961/2228/1961 1960/2227/1960
f 1977/2244/1977 1976/2243/1976 1978/2245/1978 177/195/177
f 1977/2244/1977 177/195/177 174/192/174 1961/2228/1961
f 1978/2245/1978 1976/2243/1976 1903/2168/1903 1979/2246/1979
f 1978/2245/1978 1979/2246/1979 1980/2247/1980 1981/2248/1981
f 1978/2245/1978 1981/2248/1981 178/196/178 177/195/177
f 1981/2248/1981 1980/2247/1980 1677/2249/1677 1676/2250/1676
f 1981/2248/1981 1676/2250/1676 179/197/179 178/196/178
f 1980/2247/1980 1979/2246/1979 1898/2163/1898 1982/2251/1982
f 1980/2247/1980 1982/2251/1982 1679/2252/1679 1677/2249/1677
f 1982/2251/1982 1898/2163/1898 1894/2159/1894 1893/2158/1893
f 1982/2251/1982 1893/2158/1893 1983/2253/1983 1679/2252/1679
f 1983/2253/1983 1893/2158/1893 1889/2154/1889 1888/2153/1888
f 1983/2254/1983 1888/2255/1888 1984/2256/1984 1682/1935/1682
f 1983/2254/1983 1682/1935/1682 1680/1933/1680 1679/1932/1679
f 1984/2256/1984 1888/2255/1888 1884/2148/1884 1883/2147/1883
f 1984/2256/1984 1883/2147/1883 1985/2257/1985 1685/1938/1685
f 1984/2256/1984 1685/1938/1685 1683/1936/1683 1682/1935/1682
f 1985/2257/1985 1883/2147/1883 1879/2141/1879 1878/2140/1878
f 1985/2257/1985 1878/2140/1878 1986/2258/1986 1688/1941/1688
f 1985/2257/1985 1688/1941/1688 1686/1939/1686 1685/1938/1685
f 1986/2258/1986 1878/2140/1878 1874/2136/1874 1873/2135/1873
f 1986/2258/1986 1873/2135/1873 1987/2259/1987 1691/1944/1691
f 1986/2258/1986 1691/1944/1691 1689/1942/1689 1688/1941/1688
f 1987/2259/1987 1873/2135/1873 1869/2131/1869 1868/2130/1868
f 1987/2259/1987 1868/2130/1868 1988/2260/1988 1694/1947/1694
f 1987/2259/1987 1694/1947/1694 1692/1945/1692 1691/1944/1691
f 1988/2260/1988 1868/2130/1868 1864/2126/1864 1863/2125/1863
f 1988/2260/1988 1863/2125/1863 1989/2261/1989 1697/1950/1697
f 1988/2260/1988 1697/1950/1697 1695/1948/1695 1694/1947/1694
f 1989/2261/1989 1863/2125/1863 1859/2121/1859 1858/2120/1858
f 1989/2261/1989 1858/2120/1858 1990/2262/1990 1700/1953/1700
f 1989/2261/1989 1700/1953/1700 1698/1951/1698 1697/1950/1697
f 1990/2262/1990 1858/2120/1858 1854/2116/1854 1853/2115/1853
f 1990/2262/1990 1853/2115/1853 1991/2263/1991 1703/1956/1703
f 1990/2262/1990 1703/1956/1703 1701/1954/1701 1700/1953/1700
f 1991/2263/1991 1853/2115/1853 1849/2111/1849 1848/2110/1848
f 1991/2263/1991 1848/2110/1848 1992/2264/1992 1706/1959/1706
f 1991/2263/1991 1706/1959/1706 1704/1957/1704 1703/1956/1703
f 1992/2264/1992 1848/2110/1848 1844/2106/1844 1843/2105/1843
f 1992/2264/1992 1843/2105/1843 1993/2265/1993 1709/1962/1709
f 1992/2264/1992 1709/1962/1709 1707/1960/1707 1706/1959/1706
f 1993/2265/1993 1843/2105/1843 1839/2101/1839 1838/2100/1838
f 1993/2265/1993 1838/2100/1838 1994/2266/1994 1712/1965/1712
f 1993/2265/1993 1712/1965/1712 1710/1963/1710 1709/1962/1709
f 1994/2266/1994 1838/2100/1838 1834/2096/1834 1833/2095/1833
f 1994/2266/1994 1833/2095/1833 1995/2267/1995 1715/1968/1715
f 1994/2266/1994 1715/1968/1715 1713/1966/1713 1712/1965/1712
f 1995/2267/1995 1833/2095/1833 1829/2091/1829 1828/2090/1828
f 1995/2267/1995 1828/2090/1828 1996/2268/1996 1718/1971/1718
f 1995/2267/1995 1718/1971/1718 1716/1969/1716 1715/1968/1715
f 1996/2268/1996 1828/2090/1828 1824/2086/1824 1823/2085/1823
f 1996/2268/1996 1823/2085/1823 1997/2269/1997 1721/1974/1721
f 1996/2268/1996 1721/1974/1721 1719/1972/1719 1718/1971/1718
f 1997/2269/1997 1823/2085/1823 1819/2081/1819 1818/2080/1818
f 1997/2269/1997 1818/2080/1818 1998/2270/1998 1724/1977/1724
f 1997/2269/1997 1724/1977/1724 1722/1975/1722 1721/1974/1721
f 1998/2270/1998 1818/2080/1818 1814/2076/1814 1813/2075/1813
f 1998/2270/1998 1813/2075/1813 1999/2271/1999 1727/1980/1727
f 1998/2270/1998 1727/1980/1727 1725/1978/1725 1724/1977/1724
f 1999/2271/1999 1813/2075/1813 1809/2071/1809 1808/2070/1808
f 1999/2271/1999 1808/2070/1808 2000/2272/2000 1730/1983/1730
f 1999/2271/1999 1730/1983/1730 1728/1981/1728 1727/1980/1727
f 2000/2272/2000 1808/2070/1808 1804/2066/1804 1803/2065/1803
f 2000/2272/2000 1803/2065/1803 2001/2273/2001 1733/1986/1733
f 2000/2272/2000 1733/1986/1733 1731/1984/1731 1730/1983/1730
f 2001/2273/2001 1803/2065/1803 1799/2061/1799 1798/2060/1798
f 2001/2273/2001 1798/2060/1798 2002/2274/2002 1736/1989/1736
f 2001/2273/2001 1736/1989/1736 1734/1987/1734 1733/1986/1733
f 2002/2274/2002 1798/2060/1798 1794/2056/1794 1793/2055/1793
f 2002/2274/2002 1793/2055/1793 2003/2275/2003 1739/1992/1739
f 2002/2274/2002 1739/1992/1739 1737/1990/1737 1736/1989/1736
f 2003/2275/2003 1793/2055/1793 1789/2051/1789 1788/2050/1788
f 2003/2275/2003 1788/2050/1788 2004/2276/2004 1742/1996/1742
f 2003/2275/2003 1742/1996/1742 1740/1993/1740 1739/1992/1739
f 2004/2276/2004 1788/2050/1788 1784/2045/1784 1783/2044/1783
f 2004/2276/2004 1783/2044/1783 2005/2277/2005 1745/2278/1745
f 2004/2276/2004 1745/2278/1745 1743/1997/1743 1742/1996/1742
f 2005/2277/2005 1783/2044/1783 1779/2043/1779 1778/2279/1778
f 2005/2280/2005 1778/2281/1778 2006/2282/2006 1748/2004/1748
f 2005/2280/2005 1748/2004/1748 1746/2002/1746 1745/2001/1745
f 2006/2283/2006 1778/2037/1778 1774/2033/1774 1773/2032/1773
f 2006/2283/2006 1773/2032/1773 1753/2012/1753 1751/2011/1751
f 2006/2282/2006 1751/2007/1751 1749/2005/1749 1748/2004/1748
f 1979/2246/1979 1903/2168/1903 1899/2164/1899 1898/2163/1898
f 1976/2243/1976 1908/2173/1908 1904/2169/1904 1903/2168/1903
f 1952/2219/1952 1950/2217/1950 147/165/147 152/170/152
f 1950/2217/1950 1948/2215/1948 148/166/148 147/165/147
f 1924/2189/1924 1923/2188/1923 155/173/155 154/172/154
f 1922/2187/1922 167/185/167 1096/1265/1096 1095/1264/1095
f 1922/2187/1922 1095/1264/1095 1917/2182/1917 1916/2181/1916
f 1922/2187/1922 1921/2186/1921 164/182/164 167/185/167
f 1917/2182/1917 1095/1264/1095 1091/1260/1091 1090/1259/1090
f 1917/2182/1917 1090/1259/1090 1912/2177/1912 1911/2176/1911
f 1912/2177/1912 1090/1259/1090 1086/1255/1086 1085/1254/1085
f 1912/2177/1912 1085/1254/1085 1907/2172/1907 1906/2171/1906
f 1907/2172/1907 1085/1254/1085 1081/1250/1081 1080/1249/1080
f 1907/2172/1907 1080/1249/1080 1902/2167/1902 1901/2166/1901
f 1902/2167/1902 1080/1249/1080 1076/1245/1076 1075/1244/1075
f 1902/2167/1902 1075/1244/1075 1897/2162/1897 1896/2161/1896
f 1897/2162/1897 1075/1244/1075 1071/1240/1071 1070/1239/1070
f 1897/2162/1897 1070/1239/1070 1892/2157/1892 1891/2156/1891
f 1892/2157/1892 1070/1239/1070 1066/1235/1066 1065/1234/1065
f 1892/2157/1892 1065/1234/1065 1887/2152/1887 1886/2151/1886
f 1887/2152/1887 1065/1234/1065 1061/1230/1061 1060/1229/1060
f 1887/2152/1887 1060/1229/1060 1882/2145/1882 1881/2144/1881
f 1882/2145/1882 1060/1229/1060 1056/1225/1056 1055/1224/1055
f 1882/2145/1882 1055/1224/1055 1877/2284/1877 1876/2146/1876
f 1877/2284/1877 1055/1224/1055 1051/1220/1051 1050/1219/1050
f 1877/2139/1877 1050/2285/1050 1872/2134/1872 1871/2133/1871
f 1872/2134/1872 1050/2285/1050 1046/1214/1046 1045/1213/1045
f 1872/2134/1872 1045/1213/1045 1867/2129/1867 1866/2128/1866
f 1867/2129/1867 1045/1213/1045 1041/1207/1041 1040/1206/1040
f 1867/2129/1867 1040/1206/1040 1862/2124/1862 1861/2123/1861
f 1862/2124/1862 1040/1206/1040 1036/1202/1036 1035/1201/1035
f 1862/2124/1862 1035/1201/1035 1857/2119/1857 1856/2118/1856
f 1857/2119/1857 1035/1201/1035 1031/1197/1031 1030/1196/1030
f 1857/2119/1857 1030/1196/1030 1852/2114/1852 1851/2113/1851
f 1852/2114/1852 1030/1196/1030 1026/1192/1026 1025/1191/1025
f 1852/2114/1852 1025/1191/1025 1847/2109/1847 1846/2108/1846
f 1847/2109/1847 1025/1191/1025 1021/1187/1021 1020/1186/1020
f 1847/2109/1847 1020/1186/1020 1842/2104/1842 1841/2103/1841
f 1842/2104/1842 1020/1186/1020 1016/1182/1016 1015/1181/1015
f 1842/2104/1842 1015/1181/1015 1837/2099/1837 1836/2098/1836
f 1837/2099/1837 1015/1181/1015 1011/1177/1011 1010/1176/1010
f 1837/2099/1837 1010/1176/1010 1832/2094/1832 1831/2093/1831
f 1832/2094/1832 1010/1176/1010 1006/1172/1006 1005/1171/1005
f 1832/2094/1832 1005/1171/1005 1827/2089/1827 1826/2088/1826
f 1827/2089/1827 1005/1171/1005 1001/1167/1001 1000/1166/1000
f 1827/2089/1827 1000/1166/1000 1822/2084/1822 1821/2083/1821
f 1822/2084/1822 1000/1166/1000 996/1162/996 995/1161/995
f 1822/2084/1822 995/1161/995 1817/2079/1817 1816/2078/1816
f 1817/2079/1817 995/1161/995 991/1157/991 990/1156/990
f 1817/2079/1817 990/1156/990 1812/2074/1812 1811/2073/1811
f 1812/2074/1812 990/1156/990 986/1152/986 985/1151/985
f 1812/2074/1812 985/1151/985 1807/2069/1807 1806/2068/1806
f 1807/2069/1807 985/1151/985 981/1147/981 980/1146/980
f 1807/2069/1807 980/1146/980 1802/2064/1802 1801/2063/1801
f 1802/2064/1802 980/1146/980 976/1142/976 975/1141/975
f 1802/2064/1802 975/1141/975 1797/2059/1797 1796/2058/1796
f 1797/2059/1797 975/1141/975 972/1138/972 971/1137/971
f 1797/2059/1797 971/1137/971 1792/2054/1792 1791/2053/1791
f 1792/2054/1792 971/1137/971 969/1136/969 2007/2286/2007
f 1792/2054/1792 2007/2286/2007 1787/2049/1787 1786/2048/1786
f 2007/2287/2007 969/1132/969 967/1130/967 2008/2288/2008
f 2007/2287/2007 2008/2288/2008 2009/2289/2009 1787/2290/1787
f 2009/2289/2009 2008/2288/2008 2010/2291/2010 2011/2292/2011
f 2009/2289/2009 2011/2292/2011 2012/2293/2012 1782/2294/1782
f 2009/2289/2009 1782/2294/1782 1781/2295/1781 1787/2290/1787
f 2012/2293/2012 2011/2292/2011 2013/2296/2013 2014/2297/2014
f 2012/2298/2012 2014/2299/2014 2015/2300/2015 1777/2036/1777
f 2012/2298/2012 1777/2036/1777 1776/2035/1776 1782/2041/1782
f 2015/2300/2015 2014/2299/2014 2016/2301/2016 2017/2302/2017
f 2015/2300/2015 2017/2302/2017 2018/2303/2018 1772/2031/1772
f 2015/2300/2015 1772/2031/1772 1771/2030/1771 1777/2036/1777
f 2018/2303/2018 1768/2027/1768 1767/2026/1767 1772/2031/1772
f 2019/2304/2019 2020/2305/2020 2021/2306/2021 965/1128/965
f 2019/2304/2019 965/1128/965 963/1126/963 962/1125/962
f 2021/2306/2021 2020/2305/2020 2022/2307/2022 2013/2296/2013
f 2021/2306/2021 2013/2296/2013 2011/2292/2011 2010/2291/2010
f 2021/2306/2021 2010/2291/2010 966/1129/966 965/1128/965
f 2022/2307/2022 2016/2308/2016 2014/2297/2014 2013/2296/2013
f 2010/2291/2010 2008/2288/2008 967/1130/967 966/1129/966
f 1773/2032/1773 1769/2028/1769 1755/2014/1755 1753/2012/1753
f 1653/1903/1653 1652/1902/1652 1241/1434/1241 1240/1433/1240
f 1652/1902/1652 1648/1898/1648 1647/1897/1647 1246/1439/1246
f 1652/1902/1652 1246/1439/1246 1243/1436/1243 1241/1434/1241
f 1647/1897/1647 1643/1893/1643 1642/1892/1642 1249/1442/1249
f 1647/1897/1647 1249/1442/1249 1247/1440/1247 1246/1439/1246
f 1642/1892/1642 1638/1888/1638 1637/1887/1637 1252/1445/1252
f 1642/1892/1642 1252/1445/1252 1250/1443/1250 1249/1442/1249
f 1637/1887/1637 1633/1883/1633 1632/1882/1632 1255/1448/1255
f 1637/1887/1637 1255/1448/1255 1253/1446/1253 1252/1445/1252
f 1632/1882/1632 1628/1878/1628 1627/1877/1627 1258/1451/1258
f 1632/1882/1632 1258/1451/1258 1256/1449/1256 1255/1448/1255
f 1627/1877/1627 1623/1873/1623 1622/1872/1622 1261/1454/1261
f 1627/1877/1627 1261/1454/1261 1259/1452/1259 1258/1451/1258
f 1622/1872/1622 1618/1868/1618 1617/1867/1617 1264/1457/1264
f 1622/1872/1622 1264/1457/1264 1262/1455/1262 1261/1454/1261
f 1617/1867/1617 1613/1863/1613 1612/1862/1612 1267/1460/1267
f 1617/1867/1617 1267/1460/1267 1265/1458/1265 1264/1457/1264
f 1612/1862/1612 1608/1858/1608 1607/1857/1607 1270/1463/1270
f 1612/1862/1612 1270/1463/1270 1268/1461/1268 1267/1460/1267
f 1607/1857/1607 1603/1853/1603 1602/1852/1602 1273/1466/1273
f 1607/1857/1607 1273/1466/1273 1271/1464/1271 1270/1463/1270
f 1602/1852/1602 1598/1848/1598 1597/1847/1597 1276/1470/1276
f 1602/1852/1602 1276/1470/1276 1274/1467/1274 1273/1466/1273
f 1597/1847/1597 1593/1843/1593 1592/1842/1592 1279/2309/1279
f 1597/1847/1597 1279/2309/1279 1277/1471/1277 1276/1470/1276
f 1592/2310/1592 1588/1837/1588 1587/1836/1587 1282/1478/1282
f 1592/2310/1592 1282/1478/1282 1280/1476/1280 1279/1475/1279
f 1587/1836/1587 1583/1830/1583 1582/1829/1582 1285/1481/1285
f 1587/1836/1587 1285/1481/1285 1283/1479/1283 1282/1478/1282
f 1582/1829/1582 1578/1825/1578 1577/1824/1577 1288/1484/1288
f 1582/1829/1582 1288/1484/1288 1286/1482/1286 1285/1481/1285
f 1577/1824/1577 1573/1820/1573 1572/1819/1572 1291/1487/1291
f 1577/1824/1577 1291/1487/1291 1289/1485/1289 1288/1484/1288
f 1572/1819/1572 1568/1815/1568 1567/1814/1567 1294/1490/1294
f 1572/1819/1572 1294/1490/1294 1292/1488/1292 1291/1487/1291
f 1567/1814/1567 1563/1810/1563 1562/1809/1562 1297/1493/1297
f 1567/1814/1567 1297/1493/1297 1295/1491/1295 1294/1490/1294
f 1562/1809/1562 1558/1805/1558 1557/1804/1557 1300/1496/1300
f 1562/1809/1562 1300/1496/1300 1298/1494/1298 1297/1493/1297
f 1561/1808/1561 197/2009/197 196/1803/196 1556/1802/1556
f 1557/1804/1557 1554/1799/1554 1553/1798/1553 1303/1499/1303
f 1557/1804/1557 1303/1499/1303 1301/1497/1301 1300/1496/1300
f 1553/1798/1553 1551/1797/1551 2023/2311/2023 1306/1502/1306
f 1553/1798/1553 1306/1502/1306 1304/1500/1304 1303/1499/1303
f 2023/2312/2023 1551/1794/1551 1549/1792/1549 2024/2313/2024
f 2023/2312/2023 2024/2313/2024 1311/2314/1311 1309/2315/1309
f 2023/2311/2023 1309/1505/1309 1307/1503/1307 1306/1502/1306
f 2024/2313/2024 1549/1792/1549 1546/1789/1546 1545/1788/1545
f 2024/2313/2024 1545/1788/1545 1313/2316/1313 1311/2314/1311
f 1548/1791/1548 2025/2317/2025 915/1078/915 2026/2318/2026
f 1548/1791/1548 2026/2318/2026 1544/1787/1544 1543/1786/1543
f 1548/1791/1548 203/224/203 202/223/202 2025/2317/2025
f 2026/2318/2026 915/1078/915 911/1074/911 910/1073/910
f 2026/2318/2026 910/1073/910 2027/2319/2027 1544/1787/1544
f 2027/2319/2027 910/1073/910 906/1069/906 905/1068/905
f 2027/2319/2027 905/1068/905 2028/2320/2028 1540/1782/1540
f 2027/2319/2027 1540/1782/1540 1539/1781/1539 1544/1787/1544
f 2028/2320/2028 905/1068/905 901/1064/901 900/1063/900
f 2028/2320/2028 900/1063/900 2029/2321/2029 1536/1776/1536
f 2028/2320/2028 1536/1776/1536 1535/1775/1535 1540/1782/1540
f 2029/2321/2029 900/1063/900 896/1059/896 895/1058/895
f 2029/2321/2029 895/1058/895 2030/2322/2030 1533/2323/1533
f 2029/2321/2029 1533/2323/1533 1532/1777/1532 1536/1776/1536
f 2030/2322/2030 895/1058/895 891/1054/891 890/1053/890
f 2030/2324/2030 890/2325/890 2031/2326/2031 1530/1769/1530
f 2030/2324/2030 1530/1769/1530 1529/1768/1529 1533/1772/1533
f 2031/2326/2031 890/2325/890 887/1049/887 886/1048/886
f 2031/2326/2031 886/1048/886 2032/2327/2032 1527/1766/1527
f 2031/2326/2031 1527/1766/1527 1526/1765/1526 1530/1769/1530
f 2032/2327/2032 886/1048/886 884/1045/884 2033/2328/2033
f 2032/2327/2032 2033/2328/2033 2034/2329/2034 1524/1763/1524
f 2032/2327/2032 1524/1763/1524 1523/1762/1523 1527/1766/1527
f 2034/2329/2034 2033/2328/2033 2035/2330/2035 2036/2331/2036
f 2034/2329/2034 2036/2331/2036 2037/2332/2037 1521/1760/1521
f 2034/2329/2034 1521/1760/1521 1520/1759/1520 1524/1763/1524
f 2037/2332/2037 2036/2331/2036 2038/2333/2038 2039/2334/2039
f 2037/2332/2037 2039/2334/2039 2040/2335/2040 1516/1755/1516
f 2037/2332/2037 1516/1755/1516 1515/1754/1515 1521/1760/1521
f 2040/2335/2040 2039/2334/2039 2041/2336/2041 2042/2337/2042
f 2040/2335/2040 2042/2337/2042 2043/2338/2043 2044/2339/2044
f 2040/2335/2040 2044/2339/2044 1517/1756/1517 1516/1755/1516
f 2043/2338/2043 2042/2337/2042 2045/2340/2045 2046/2341/2046
f 2047/2342/2047 2048/2343/2048 299/333/299 298/2344/298
f 2047/2342/2047 2049/2345/2049 2050/2346/2050 2048/2343/2048
f 2050/2346/2050 314/351/314 313/350/313 2048/2343/2048
f 2050/2346/2050 2049/2345/2049 2046/2341/2046 2045/2340/2045
f 2050/2346/2050 2045/2340/2045 2051/2347/2051 314/351/314
f 2051/2347/2051 2052/2348/2052 315/352/315 314/351/314
f 2051/2347/2051 2045/2340/2045 2042/2337/2042 2041/2336/2041
f 2051/2347/2051 2041/2336/2041 2053/2349/2053 2052/2348/2052
f 2053/2349/2053 2054/2350/2054 2055/2351/2055 2052/2348/2052
f 2053/2349/2053 2041/2336/2041 2039/2334/2039 2038/2333/2038
f 2053/2349/2053 2038/2333/2038 2056/2352/2056 2054/2350/2054
f 2056/2352/2056 881/1041/881 880/1040/880 2054/2350/2054
f 2056/2352/2056 2038/2333/2038 2036/2331/2036 2035/2330/2035
f 2056/2352/2056 2035/2330/2035 882/1042/882 881/1041/881
f 2055/2351/2055 2057/2353/2057 2058/2354/2058 316/353/316
f 2055/2351/2055 316/353/316 315/352/315 2052/2348/2052
f 2055/2351/2055 2054/2350/2054 880/1040/880 2057/2353/2057
f 2058/2355/2058 874/1030/874 869/1025/869 2059/2356/2059
f 2058/2355/2058 2059/2356/2059 317/356/317 316/2357/316
f 2058/2355/2058 2057/2358/2057 875/1031/875 874/1030/874
f 2059/2356/2059 869/1025/869 865/1021/865 864/1020/864
f 2059/2356/2059 864/1020/864 318/357/318 317/356/317
f 2057/2353/2057 880/1040/880 877/1039/877 875/2359/875
f 2048/2343/2048 313/350/313 300/334/300 299/333/299
f 2035/2330/2035 2033/2328/2033 884/1045/884 882/1042/882
f 2025/2317/2025 920/1083/920 916/1079/916 915/1078/915
f 2025/2317/2025 202/223/202 201/222/201 920/1083/920
f 1545/1788/1545 1541/1784/1541 1315/1783/1315 1313/2316/1313
f 1537/1778/1537 1318/1516/1318 1316/1514/1316 1315/1513/1315
f 1363/1571/1363 574/675/574 570/671/570 569/670/569
f 1360/1568/1360 1355/1563/1355 1337/1535/1337 1336/1534/1336
f 1359/1567/1359 569/670/569 565/666/565 564/665/564
f 1357/1565/1357 564/665/564 561/662/561 560/661/560
f 1218/1411/1218 1215/1408/1215 1213/1407/1213 181/1928/181
f 1213/1403/1213 1211/1400/1211 175/193/175 181/199/181
f 1211/1400/1211 1209/1397/1209 176/194/176 175/193/175
f 1176/1357/1176 1125/1294/1125 1121/1290/1121 1120/1289/1120
f 1172/1353/1172 1140/1309/1140 1136/1305/1136 1135/1304/1135
f 1152/1321/1152 1151/1320/1151 130/1327/130 133/2360/133
f 1141/1310/1141 1140/1309/1140 125/141/125 124/140/124
f 1110/1279/1110 1106/1275/1106 169/187/169 168/186/168
f 979/1145/979 186/204/186 185/203/185 974/1140/974
f 923/1086/923 921/1084/921 920/1083/920 201/222/201
f 894/1057/894 256/282/256 255/281/255 889/1052/889
f 868/1024/868 325/365/325 2060/2361/2060 2061/2362/2061
f 868/1024/868 2061/2362/2061 863/1019/863 862/1018/862
f 868/1024/868 867/1023/867 326/366/326 325/365/325
f 2061/2362/2061 2060/2361/2060 2062/2363/2062 2063/2364/2063
f 2061/2362/2061 2063/2364/2063 2064/2365/2064 863/1019/863
f 2064/2365/2064 2063/2364/2063 2065/2366/2065 2066/2367/2066
f 2064/2365/2064 2066/2367/2066 2067/2368/2067 858/1014/858
f 2064/2365/2064 858/1014/858 857/1013/857 863/1019/863
f 2067/2368/2067 2066/2367/2066 2068/2369/2068 2069/2370/2069
f 2067/2368/2067 2069/2370/2069 2070/2371/2070 853/1009/853
f 2067/2368/2067 853/1009/853 852/1008/852 858/1014/858
f 2070/2371/2070 2069/2370/2069 2071/2372/2071 2072/2373/2072
f 2070/2371/2070 2072/2373/2072 2073/2374/2073 849/1005/849
f 2070/2371/2070 849/1005/849 848/1004/848 853/1009/853
f 2073/2374/2073 2072/2373/2072 2074/2375/2074 2075/2376/2075
f 2073/2374/2073 2075/2376/2075 2076/2377/2076 845/1000/845
f 2073/2374/2073 845/1000/845 844/999/844 849/1005/849
f 2076/2377/2076 2075/2376/2075 2077/2378/2077 2078/2379/2078
f 2076/2377/2076 2078/2379/2078 2079/2380/2079 841/994/841
f 2076/2377/2076 841/994/841 840/993/840 845/1000/845
f 2079/2381/2079 2078/2382/2078 2080/2383/2080 2081/2384/2081
f 2079/2381/2079 2081/2384/2081 2082/2385/2082 837/2386/837
f 2079/2380/2079 837/2387/837 836/995/836 841/994/841
f 2082/2385/2082 2081/2384/2081 2083/2388/2083 2084/2389/2084
f 2082/2390/2082 2084/2391/2084 2085/2392/2085 2086/2393/2086
f 2082/2390/2082 2086/2393/2086 838/990/838 837/989/837
f 2086/2393/2086 2085/2392/2085 2087/2394/2087 2088/2395/2088
f 2086/2393/2086 2088/2395/2088 831/983/831 838/990/838
f 2088/2395/2088 2087/2394/2087 2089/2396/2089 827/979/827
f 2088/2395/2088 827/979/827 826/978/826 831/983/831
f 2089/2396/2089 2087/2394/2087 2090/2397/2090 2091/2398/2091
f 2089/2396/2089 2091/2398/2091 2092/2399/2092 823/975/823
f 2089/2396/2089 823/975/823 822/974/822 827/979/827
f 2092/2399/2092 2091/2398/2091 2093/2400/2093 2094/2401/2094
f 2092/2399/2092 2094/2401/2094 2095/2402/2095 819/971/819
f 2092/2399/2092 819/971/819 818/970/818 823/975/823
f 2095/2402/2095 2094/2401/2094 2096/2403/2096 2097/2404/2097
f 2095/2402/2095 2097/2404/2097 2098/2405/2098 815/967/815
f 2095/2402/2095 815/967/815 814/966/814 819/971/819
f 2098/2405/2098 2097/2404/2097 2099/2406/2099 2100/2407/2100
f 2098/2405/2098 2100/2407/2100 2101/2408/2101 811/963/811
f 2098/2405/2098 811/963/811 810/962/810 815/967/815
f 2101/2409/2101 2100/2410/2100 2102/2411/2102 2103/2412/2103
f 2101/2409/2101 2103/2412/2103 2104/2413/2104 807/955/807
f 2101/2409/2101 807/955/807 806/954/806 811/2414/811
f 2104/2413/2104 2103/2412/2103 2105/2415/2105 2106/2416/2106
f 2104/2413/2104 2106/2416/2106 2107/2417/2107 803/951/803
f 2104/2413/2104 803/951/803 802/950/802 807/955/807
f 2107/2417/2107 2106/2416/2106 2108/2418/2108 2109/2419/2109
f 2107/2417/2107 2109/2419/2109 2110/2420/2110 799/947/799
f 2107/2417/2107 799/947/799 798/946/798 803/951/803
f 2110/2420/2110 2109/2419/2109 355/402/355 354/401/354
f 2110/2420/2110 354/401/354 353/2421/353 795/943/795
f 2110/2420/2110 795/943/795 794/942/794 799/947/799
f 2109/2419/2109 2108/2418/2108 2111/2422/2111 355/402/355
f 2111/2423/2111 2112/2424/2112 2113/2425/2113 2114/2426/2114
f 2111/2423/2111 2114/2426/2114 356/409/356 355/2427/355
f 2111/2422/2111 2108/2418/2108 2115/2428/2115 2112/2429/2112
f 2115/2430/2115 2116/2431/2116 2117/2432/2117 2112/2424/2112
f 2115/2428/2115 2108/2418/2108 2106/2416/2106 2105/2415/2105
f 2115/2428/2115 2105/2415/2105 2118/2433/2118 2116/2434/2116
f 2118/2435/2118 2119/2436/2119 2120/2437/2120 2116/2431/2116
f 2118/2433/2118 2105/2415/2105 2103/2412/2103 2102/2411/2102
f 2118/2433/2118 2102/2411/2102 2121/2438/2121 2119/2439/2119
f 2121/2440/2121 2122/2441/2122 2123/2442/2123 2119/2443/2119
f 2121/2438/2121 2102/2411/2102 2100/2410/2100 2099/2444/2099
f 2121/2440/2121 2099/2406/2099 2124/2445/2124 2122/2441/2122
f 2124/2445/2124 2125/2446/2125 2126/2447/2126 2122/2441/2122
f 2124/2445/2124 2099/2406/2099 2097/2404/2097 2096/2403/2096
f 2124/2445/2124 2096/2403/2096 2127/2448/2127 2125/2446/2125
f 2127/2448/2127 2128/2449/2128 2129/2450/2129 2125/2446/2125
f 2127/2448/2127 2096/2403/2096 2094/2401/2094 2093/2400/2093
f 2127/2448/2127 2093/2400/2093 2130/2451/2130 2128/2449/2128
f 2130/2451/2130 2131/2452/2131 2132/2453/2132 2128/2449/2128
f 2130/2451/2130 2093/2400/2093 2091/2398/2091 2090/2397/2090
f 2130/2451/2130 2090/2397/2090 2133/2454/2133 2131/2452/2131
f 2133/2454/2133 2134/2455/2134 2135/2456/2135 2131/2452/2131
f 2133/2454/2133 2090/2397/2090 2087/2394/2087 2085/2392/2085
f 2133/2454/2133 2085/2392/2085 2084/2391/2084 2134/2455/2134
f 2135/2457/2135 488/582/488 484/578/484 483/577/483
f 2135/2456/2135 483/2458/483 2132/2453/2132 2131/2452/2131
f 2135/2457/2135 2134/2459/2134 2136/2460/2136 488/582/488
f 2136/2460/2136 493/587/493 489/583/489 488/582/488
f 2136/2460/2136 2134/2459/2134 2084/2389/2084 2083/2388/2083
f 2136/2460/2136 2083/2388/2083 2137/2461/2137 493/587/493
f 2137/2461/2137 498/592/498 494/588/494 493/587/493
f 2137/2461/2137 2083/2388/2083 2081/2384/2081 2080/2383/2080
f 2137/2461/2137 2080/2383/2080 2138/2462/2138 498/592/498
f 2138/2462/2138 503/597/503 499/593/499 498/592/498
f 2138/2462/2138 2080/2383/2080 2078/2382/2078 2077/2463/2077
f 2138/2462/2138 2077/2463/2077 2139/2464/2139 503/597/503
f 2139/2464/2139 508/602/508 504/598/504 503/597/503
f 2139/2465/2139 2077/2378/2077 2075/2376/2075 2074/2375/2074
f 2139/2465/2139 2074/2375/2074 2140/2466/2140 508/2467/508
f 2140/2468/2140 513/607/513 509/603/509 508/602/508
f 2140/2466/2140 2074/2375/2074 2072/2373/2072 2071/2372/2071
f 2140/2466/2140 2071/2372/2071 2141/2469/2141 513/2470/513
f 2141/2469/2141 518/615/518 514/610/514 513/2470/513
f 2141/2469/2141 2071/2372/2071 2069/2370/2069 2068/2369/2068
f 2141/2469/2141 2068/2369/2068 2142/2471/2142 518/615/518
f 2142/2471/2142 523/620/523 519/616/519 518/615/518
f 2142/2471/2142 2068/2369/2068 2066/2367/2066 2065/2366/2065
f 2142/2471/2142 2065/2366/2065 2143/2472/2143 523/620/523
f 2143/2472/2143 528/625/528 524/621/524 523/620/523
f 2143/2472/2143 2065/2366/2065 2063/2364/2063 2062/2363/2062
f 2143/2472/2143 2062/2363/2062 2144/2473/2144 528/625/528
f 2144/2473/2144 533/630/533 529/626/529 528/625/528
f 2144/2473/2144 2062/2363/2062 2060/2361/2060 2145/2474/2145
f 2144/2473/2144 2145/2474/2145 331/371/331 533/630/533
f 2145/2474/2145 2060/2361/2060 325/365/325 321/361/321
f 2145/2474/2145 321/361/321 328/368/328 331/371/331
f 2132/2453/2132 483/2458/483 479/572/479 478/571/478
f 2132/2453/2132 478/571/478 2129/2450/2129 2128/2449/2128
f 2129/2450/2129 478/571/478 474/564/474 473/563/473
f 2129/2450/2129 473/563/473 2126/2447/2126 2125/2446/2125
f 2126/2447/2126 473/563/473 469/562/469 468/2475/468
f 2126/2447/2126 468/2475/468 2123/2442/2123 2122/2441/2122
f 2123/2476/2123 468/556/468 464/552/464 463/551/463
f 2123/2477/2123 463/2478/463 2120/2437/2120 2119/2436/2119
f 2120/2437/2120 463/2478/463 460/547/460 459/546/459
f 2120/2437/2120 459/546/459 2117/2432/2117 2116/2431/2116
f 2117/2432/2117 459/546/459 457/543/457 2146/2479/2146
f 2117/2432/2117 2146/2479/2146 2113/2425/2113 2112/2424/2112
f 2146/2479/2146 457/543/457 455/540/455 454/539/454
f 2146/2479/2146 454/539/454 2147/2480/2147 2113/2425/2113
f 2147/2480/2147 454/539/454 419/482/419 2148/2481/2148
f 2147/2480/2147 2148/2481/2148 2149/2482/2149 2150/2483/2150
f 2147/2480/2147 2150/2483/2150 2114/2426/2114 2113/2425/2113
f 2150/2483/2150 2149/2482/2149 2151/2484/2151 362/410/362
f 2150/2483/2150 362/410/362 356/409/356 2114/2426/2114
f 2151/2484/2151 2149/2482/2149 2152/2485/2152 2153/2486/2153
f 2151/2487/2151 2153/2488/2153 2154/2489/2154 2155/2490/2155
f 2151/2484/2151 2155/2491/2155 359/406/359 362/410/362
f 2155/2490/2155 2154/2489/2154 395/2492/395 394/2493/394
f 2155/2491/2155 394/446/394 360/407/360 359/406/359
f 2154/2489/2154 2153/2488/2153 2156/2494/2156 2157/2495/2157
f 2154/2489/2154 2157/2495/2157 2158/2496/2158 395/2492/395
f 2158/2496/2158 2157/2495/2157 9/9/9 14/18/14
f 2158/2497/2158 14/16/14 13/15/13 2159/2498/2159
f 2158/2497/2158 2159/2498/2159 396/2499/396 395/2500/395
f 2159/2498/2159 13/15/13 2160/2501/2160 2161/2502/2161
f 2159/2498/2159 2161/2502/2161 2162/2503/2162 396/2499/396
f 2161/2502/2161 2160/2501/2160 2163/2504/2163 2164/2505/2164
f 2161/2506/2161 2164/2507/2164 2152/2508/2152 2162/2509/2162
f 2164/2507/2164 2163/2510/2163 10/10/10 2156/2494/2156
f 2164/2507/2164 2156/2494/2156 2153/2488/2153 2152/2508/2152
f 2163/2504/2163 2160/2501/2160 2165/2511/2165 6/2512/6
f 2163/2510/2163 6/6/6 5/5/5 10/10/10
f 2160/2501/2160 13/15/13 11/12/11 2165/2511/2165
f 2157/2495/2157 2156/2494/2156 10/10/10 9/9/9
f 2152/2485/2152 2149/2482/2149 2148/2481/2148 2162/2513/2162
f 864/1020/864 860/1016/860 859/1015/859 318/357/318
f 859/1015/859 855/1011/855 854/1010/854 2166/2514/2166
f 859/1015/859 2166/2514/2166 319/358/319 318/357/318
f 2166/2514/2166 854/1010/854 728/864/728 727/863/727
f 2166/2514/2166 727/863/727 320/359/320 319/358/319
f 854/1010/854 850/1006/850 730/868/730 728/864/728
f 846/1002/846 733/1001/733 731/869/731 730/868/730
f 842/996/842 736/875/736 734/873/734 733/872/733
f 832/984/832 743/882/743 740/879/740 738/877/738
f 828/980/828 746/885/746 744/883/744 743/882/743
f 824/976/824 749/888/749 747/886/747 746/885/746
f 820/972/820 752/891/752 750/889/750 749/888/749
f 816/968/816 755/894/755 753/892/753 752/891/752
f 812/964/812 758/897/758 756/895/756 755/894/755
f 808/959/808 761/900/761 759/898/759 758/897/758
f 804/952/804 764/906/764 762/903/762 761/956/761
f 800/948/800 767/909/767 765/907/765 764/906/764
f 796/944/796 770/912/770 768/910/768 767/909/767
f 795/943/795 353/2421/353 791/939/791 790/938/790
f 792/940/792 773/915/773 771/913/771 770/912/770
f 791/939/791 353/2421/353 352/2515/352 2167/2516/2167
f 791/939/791 2167/2516/2167 787/935/787 786/934/786
f 2167/2516/2167 352/2515/352 358/2517/358 2168/2518/2168
f 2167/2516/2167 2168/2518/2168 2169/2519/2169 787/935/787
f 2169/2519/2169 2168/2518/2168 342/382/342 339/379/339
f 2169/2519/2169 339/379/339 338/378/338 783/930/783
f 2169/2519/2169 783/930/783 782/929/782 787/935/787
f 2168/2518/2168 358/2517/358 344/384/344 342/382/342
f 788/936/788 776/918/776 774/916/774 773/915/773
f 784/931/784 783/930/783 338/378/338 340/380/340
f 784/931/784 340/380/340 350/395/350 367/932/367
f 671/798/671 387/2520/387 392/794/392 668/793/668
f 666/2521/666 391/443/391 390/442/390 402/2522/402
f 666/789/666 402/2523/402 383/434/383 386/438/386
f 666/789/666 665/788/665 392/2524/392 391/2525/391
f 585/686/585 584/685/584 250/275/250 249/274/249
f 584/685/584 236/259/236 251/276/251 250/275/250
f 584/685/584 582/683/582 237/260/237 236/259/236
f 580/681/580 2170/2526/2170 238/261/238 240/263/240
f 2170/2526/2170 2171/2527/2171 239/262/239 238/261/238
f 2171/2527/2171 109/125/109 106/122/106 239/262/239
f 568/669/568 287/319/287 286/318/286 563/664/563
f 560/661/560 558/658/558 304/339/304 303/338/303
f 551/648/551 550/647/550 308/1560/308 307/652/307
f 545/642/545 541/638/541 332/372/332 327/367/327
f 534/631/534 533/630/533 331/371/331 330/370/330
f 467/555/467 375/423/375 374/422/374 462/550/462
f 406/464/406 376/424/376 371/419/371 382/2528/382
f 402/2529/402 403/526/403 384/525/384 383/2530/383
f 2172/2531/2172 415/478/415 418/481/418 398/518/398
f 2148/2481/2148 419/482/419 415/478/415 2172/2531/2172
f 396/2532/396 2162/2533/2162 2148/2534/2148 2172/2535/2172
f 398/453/398 393/449/393 396/2532/396 2172/2535/2172
f 379/429/379 370/428/370 38/52/38 40/54/40
f 373/421/373 34/47/34 39/2536/39 369/417/369
f 370/418/370 369/417/369 39/2536/39 38/2537/38
f 367/415/367 350/393/350 348/390/348 363/411/363
f 363/411/363 348/390/348 346/389/346 357/404/357
f 358/405/358 357/404/357 346/389/346 344/2538/344
f 274/303/274 259/285/259 258/284/258 229/252/229
f 264/290/264 244/267/244 214/235/214 213/234/213
f 264/290/264 213/234/213 212/233/212 265/291/265
f 244/267/244 243/266/243 221/244/221 214/235/214
f 239/262/239 106/122/106 105/121/105 231/254/231
f 123/139/123 122/138/122 113/129/113 118/134/118
f 122/138/122 121/137/121 114/130/114 113/129/113
f 85/99/85 72/86/72 64/78/64 69/83/69
f 83/97/83 80/94/80 82/96/82 1513/1752/1513
f 86/100/86 1513/1752/1513 82/96/82 79/93/79
f 75/89/75 74/88/74 67/81/67 66/80/66
f 40/54/40 29/39/29 28/38/28 36/782/36
f 39/2536/39 34/47/34 31/42/31 33/46/33
f 2165/2511/2165 11/12/11 7/11/7 6/2512/6
f 1512/2539/1512 1424/1639/1424 1423/1638/1423 1422/1637/1422
f 401/456/401 409/477/409 404/2540/404 408/2541/408
f 111/2542/111 98/112/98 95/109/95 100/2543/100
f 111/2542/111 218/277/218 101/117/101 98/112/98
f 2173/2544/2173 2174/2545/2174 2/2/2 1/1/1
f 2175/2546/2175 2176/2547/2176 2177/2548/2177 2178/2549/2178
f 2179/2550/2179 2180/2551/2180 2175/2552/2175 2178/2553/2178
f 2175/2552/2175 2181/2554/2181 2182/2555/2182 2176/2556/2176
f 2183/2557/2183 2184/2558/2184 2182/2555/2182 2181/2554/2181
f 2175/2552/2175 2180/2551/2180 2183/2557/2183 2181/2554/2181
f 2185/2559/2185 2186/2560/2186 2187/2561/2187 2188/2562/2188
f 2187/2561/2187 2189/2563/2189 2190/2564/2190 2188/2562/2188
f 2190/2564/2190 2191/2565/2191 2185/2559/2185 2188/2562/2188
f 2189/2563/2189 2192/2566/2192 2191/2565/2191 2190/2564/2190
f 2193/2567/2193 2186/2568/2186 2185/2569/2185 2194/2570/2194
f 2195/2571/2195 2196/2572/2196 2193/2567/2193 2194/2570/2194
f 2185/2569/2185 2191/2573/2191 2195/2571/2195 2194/2570/2194
f 2191/2573/2191 2192/2574/2192 2196/2572/2196 2195/2571/2195
f 2197/2575/2197 2198/2576/2198 2199/2577/2199 2200/2578/2200
f 2199/2577/2199 2201/2579/2201 2202/2580/2202 2200/2578/2200
f 2202/2580/2202 2203/2581/2203 2197/2575/2197 2200/2578/2200
f 2204/2582/2204 2205/2583/2205 2202/2580/2202 2201/2579/2201
f 2199/2584/2199 2206/2585/2206 2204/2586/2204 2201/2587/2201
f 2203/2588/2203 2207/2589/2207 2198/2590/2198 2197/2591/2197
f 2203/2581/2203 2208/2592/2208 2209/2593/2209 2207/2594/2207
f 2209/2595/2209 2210/2596/2210 2198/2590/2198 2207/2589/2207
f 2211/2597/2211 2212/2598/2212 2213/2599/2213 2214/2600/2214
f 2214/2600/2214 2213/2599/2213 46/1749/46 45/2601/45
f 45/2601/45 2215/2602/2215 2211/2597/2211 2214/2600/2214
f 2216/2603/2216 50/64/50 49/63/49 2217/2604/2217
f 49/63/49 53/67/53 2218/2605/2218 2217/2604/2217
f 2218/2605/2218 2219/2606/2219 2216/2603/2216 2217/2604/2217
f 2220/2607/2220 57/71/57 56/70/56 2221/2608/2221
f 2222/2609/2222 2223/2610/2223 2220/2607/2220 2221/2608/2221
f 56/70/56 61/75/61 2222/2609/2222 2221/2608/2221
f 2224/2611/2224 2225/2612/2225 2220/2607/2220 2223/2610/2223
f 2222/2609/2222 2226/2613/2226 2224/2611/2224 2223/2610/2223
f 2227/2614/2227 2228/2615/2228 2225/2612/2225 2224/2611/2224
f 2229/2616/2229 2230/2617/2230 2227/2614/2227 2224/2611/2224
f 2226/2613/2226 2231/2618/2231 2229/2616/2229 2224/2611/2224
f 61/75/61 71/85/71 2232/2619/2232 2222/2609/2222
f 2232/2619/2232 2233/2620/2233 2226/2613/2226 2222/2609/2222
f 2234/2621/2234 2235/2622/2235 2236/2623/2236 2237/2624/2237
f 2238/2625/2238 2239/2626/2239 2234/2621/2234 2237/2624/2237
f 2236/2623/2236 2240/2627/2240 2238/2625/2238 2237/2624/2237
f 2231/2618/2231 2241/2628/2241 2242/2629/2242 2229/2616/2229
f 2236/2623/2236 2230/2617/2230 2243/2630/2243 2240/2627/2240
f 2242/2629/2242 2243/2630/2243 2230/2617/2230 2229/2616/2229
f 2244/2631/2244 2245/2632/2245 2242/2629/2242 2241/2628/2241
f 2231/2618/2231 2246/2633/2246 2244/2631/2244 2241/2628/2241
f 2247/2634/2247 2248/2635/2248 2249/2636/2249 2250/2637/2250
f 2251/2638/2251 2252/2639/2252 2247/2634/2247 2250/2637/2250
f 2249/2636/2249 2238/2625/2238 2240/2627/2240 2250/2637/2250
f 2253/2640/2253 2254/2641/2254 2255/2642/2255 2256/2643/2256
f 2255/2642/2255 2257/2644/2257 2258/2645/2258 2256/2643/2256
f 2258/2645/2258 2259/2646/2259 2253/2640/2253 2256/2643/2256
f 2253/2640/2253 2260/2647/2260 2261/2648/2261 2254/2641/2254
f 2262/2649/2262 2263/2650/2263 2259/2646/2259 2258/2645/2258
f 2264/2651/2264 2265/2652/2265 2266/2653/2266 2267/2654/2267
f 2266/2653/2266 108/124/108 107/123/107 2267/2654/2267
f 107/123/107 109/125/109 2264/2651/2264 2267/2654/2267
f 2268/2655/2268 2269/2656/2269 2261/2657/2261 2260/2658/2260
f 2270/2659/2270 2271/2660/2271 2272/2661/2272 2273/2662/2273
f 2274/2663/2274 2275/2664/2275 2270/2659/2270 2273/2662/2273
f 2272/2661/2272 2276/2665/2276 2274/2663/2274 2273/2662/2273
f 2277/2666/2277 2278/2667/2278 2279/2668/2279 2280/2669/2280
f 2281/2670/2281 2282/2671/2282 2277/2666/2277 2280/2669/2280
f 2279/2668/2279 2283/2672/2283 2281/2670/2281 2280/2669/2280
f 2284/2673/2284 2285/2674/2285 2286/2675/2286 2287/2676/2287
f 2286/2677/2286 2288/2678/2288 2289/2679/2289 2287/2680/2287
f 2289/2681/2289 2290/2682/2290 2291/2683/2291 2287/2676/2287
f 2291/2683/2291 2292/2684/2292 2284/2673/2284 2287/2676/2287
f 2293/2685/2293 2294/2686/2294 2295/2687/2295 2286/2677/2286
f 2285/2674/2285 2296/2688/2296 2293/2689/2293 2286/2675/2286
f 2297/2690/2297 2298/2691/2298 2293/2689/2293 2296/2688/2296
f 2285/2674/2285 2299/2692/2299 2297/2690/2297 2296/2688/2296
f 2292/2684/2292 2299/2692/2299 2285/2674/2285 2284/2673/2284
f 2300/2693/2300 2301/2694/2301 2302/2695/2302 2303/2696/2303
f 2304/2697/2304 2305/2698/2305 2306/2699/2306 2307/2700/2307
f 2308/2701/2308 2309/2702/2309 2304/2697/2304 2307/2700/2307
f 2306/2699/2306 2310/2703/2310 2308/2701/2308 2307/2700/2307
f 2311/2704/2311 2312/2705/2312 2313/2706/2313 2314/2707/2314
f 2315/2708/2315 2316/2709/2316 2311/2704/2311 2314/2707/2314
f 2313/2706/2313 2317/2710/2317 2315/2708/2315 2314/2707/2314
f 2318/2711/2318 2319/2712/2319 2320/2713/2320 2321/2714/2321
f 2320/2713/2320 2322/2715/2322 2323/2716/2323 2321/2714/2321
f 2323/2716/2323 2324/2717/2324 2325/2718/2325 2321/2714/2321
f 2325/2719/2325 2326/2720/2326 2327/2721/2327 2321/2722/2321
f 2327/2721/2327 2328/2723/2328 2318/2724/2318 2321/2722/2321
f 2329/2725/2329 2330/2726/2330 2331/2727/2331 2332/2728/2332
f 2331/2727/2331 2333/2729/2333 2334/2730/2334 2332/2728/2332
f 2335/2731/2335 2336/2732/2336 2329/2725/2329 2332/2728/2332
f 2337/2733/2337 2338/2734/2338 2335/2731/2335 2332/2728/2332
f 2334/2730/2334 2339/2735/2339 2337/2733/2337 2332/2728/2332
f 2340/2736/2340 2341/2737/2341 2342/2738/2342 2343/2739/2343
f 2344/2740/2344 2345/2741/2345 2340/2736/2340 2343/2739/2343
f 2346/2742/2346 2347/2743/2347 2344/2740/2344 2343/2739/2343
f 2342/2738/2342 2348/2744/2348 2349/2745/2349 2343/2739/2343
f 2349/2745/2349 2350/2746/2350 2346/2742/2346 2343/2739/2343
f 2351/2747/2351 2352/2748/2352 2353/2749/2353 2354/2750/2354
f 2355/2751/2355 2356/2752/2356 2351/2747/2351 2354/2750/2354
f 2357/2753/2357 2358/2754/2358 2355/2751/2355 2354/2750/2354
f 2359/2755/2359 2360/2756/2360 2357/2753/2357 2354/2750/2354
f 2353/2749/2353 2361/2757/2361 2359/2755/2359 2354/2750/2354
f 2362/2758/2362 2363/2759/2363 2364/2760/2364 2365/2761/2365
f 209/230/209 208/229/208 2362/2758/2362 2365/2761/2365
f 2364/2762/2364 2366/2763/2366 2367/2764/2367 2365/2765/2365
f 2368/2766/2368 212/233/212 209/230/209 2365/2761/2365
f 2367/2764/2367 2369/2767/2369 2368/2768/2368 2365/2765/2365
f 2370/2769/2370 2371/2770/2371 2269/2656/2269 2268/2655/2268
f 2372/2771/2372 2373/2772/2373 2370/2773/2370 2268/2774/2268
f 2367/2764/2367 2366/2763/2366 2374/2775/2374 2375/2776/2375
f 2374/2775/2374 2376/2777/2376 2377/2778/2377 2375/2776/2375
f 2377/2778/2377 2369/2767/2369 2367/2764/2367 2375/2776/2375
f 2378/2779/2378 2379/2780/2379 2380/2781/2380 2381/2782/2381
f 2382/2783/2382 2383/2784/2383 2378/2779/2378 2381/2782/2381
f 2380/2781/2380 2384/2785/2384 2382/2783/2382 2381/2782/2381
f 2385/2786/2385 2386/2787/2386 2387/2788/2387 2388/2789/2388
f 2389/2790/2389 2390/2791/2390 2385/2786/2385 2388/2789/2388
f 2391/2792/2391 2392/2793/2392 2389/2790/2389 2388/2789/2388
f 2387/2788/2387 2393/2794/2393 2394/2795/2394 2388/2789/2388
f 2394/2795/2394 2395/2796/2395 2391/2792/2391 2388/2789/2388
f 2396/2797/2396 2397/2798/2397 2398/2799/2398 2399/2800/2399
f 2400/2801/2400 2401/2802/2401 2370/2769/2370 2373/2803/2373
f 2402/2804/2402 2403/2805/2403 2400/2806/2400 2373/2772/2373
f 2404/2807/2404 2405/2808/2405 2402/2804/2402 2373/2772/2373
f 2372/2771/2372 2406/2809/2406 2404/2807/2404 2373/2772/2373
f 2407/2810/2407 2408/2811/2408 2409/2812/2409 2410/2813/2410
f 2411/2814/2411 2412/2815/2412 2407/2810/2407 2410/2813/2410
f 2413/2816/2413 2414/2817/2414 2411/2814/2411 2410/2813/2410
f 2415/2818/2415 2416/2819/2416 2413/2816/2413 2410/2813/2410
f 2409/2812/2409 2417/2820/2417 2415/2818/2415 2410/2813/2410
f 2418/2821/2418 2396/2797/2396 2399/2800/2399 2419/2822/2419
f 266/294/266 265/2823/265 2418/2821/2418 2419/2822/2419
f 2420/2824/2420 267/295/267 266/294/266 2419/2822/2419
f 2399/2800/2399 2398/2799/2398 2421/2825/2421 2419/2822/2419
f 2421/2825/2421 2422/2826/2422 2420/2824/2420 2419/2822/2419
f 2423/2827/2423 2424/2828/2424 2425/2829/2425 2416/2819/2416
f 2425/2829/2425 2426/2830/2426 2413/2816/2413 2416/2819/2416
f 2427/2831/2427 2428/2832/2428 2423/2827/2423 2416/2819/2416
f 2415/2818/2415 2429/2833/2429 2427/2831/2427 2416/2819/2416
f 2427/2831/2427 2429/2833/2429 2430/2834/2430 2431/2835/2431
f 2432/2836/2432 2428/2832/2428 2427/2831/2427 2431/2835/2431
f 2430/2834/2430 2433/2837/2433 2432/2836/2432 2431/2835/2431
f 2434/2838/2434 2435/2839/2435 2436/2840/2436 2437/2841/2437
f 2436/2840/2436 2438/2842/2438 2439/2843/2439 2437/2841/2437
f 2439/2843/2439 2440/2844/2440 2441/2845/2441 2437/2841/2437
f 293/325/293 292/324/292 2442/2846/2442 2443/2847/2443
f 2442/2846/2442 2444/2848/2444 2445/2849/2445 2443/2847/2443
f 2445/2849/2445 2446/2850/2446 2447/2851/2447 2443/2847/2443
f 2448/2852/2448 298/330/298 293/325/293 2443/2847/2443
f 2447/2851/2447 2449/2853/2449 2448/2852/2448 2443/2847/2443
f 2450/2854/2450 2451/2855/2451 2452/2856/2452 2453/2857/2453
f 2452/2856/2452 2454/2858/2454 2455/2859/2455 2453/2857/2453
f 2456/2860/2456 2457/2861/2457 2458/2862/2458 2453/2857/2453
f 2458/2862/2458 2459/2863/2459 2450/2854/2450 2453/2857/2453
f 2460/2864/2460 2449/2853/2449 2461/2865/2461 2462/2866/2462
f 2463/2867/2463 2464/2868/2464 2460/2869/2460 2462/2870/2462
f 2465/2871/2465 2466/2872/2466 2463/2867/2463 2462/2870/2462
f 2467/2873/2467 2468/2874/2468 2465/2875/2465 2462/2866/2462
f 2461/2865/2461 2469/2876/2469 2467/2873/2467 2462/2866/2462
f 2470/2877/2470 2471/2878/2471 2472/2879/2472 2473/2880/2473
f 2472/2879/2472 2474/2881/2474 2475/2882/2475 2473/2880/2473
f 2476/2883/2476 2477/2884/2477 2470/2877/2470 2473/2880/2473
f 2476/2883/2476 2478/2885/2478 2479/2886/2479 2480/2887/2480
f 2481/2888/2481 2477/2884/2477 2476/2883/2476 2480/2887/2480
f 2479/2886/2479 2482/2889/2482 2481/2888/2481 2480/2887/2480
f 2483/2890/2483 2484/2891/2484 2485/2892/2485 2486/2893/2486
f 2485/2892/2485 2487/2894/2487 2488/2895/2488 2486/2893/2486
f 2488/2895/2488 2489/2896/2489 2483/2890/2483 2486/2893/2486
f 2490/2897/2490 2487/2898/2487 2485/2899/2485 2491/2900/2491
f 2485/2892/2485 2484/2891/2484 2492/2901/2492 2491/2902/2491
f 2492/2903/2492 2493/2904/2493 2490/2897/2490 2491/2900/2491
f 2494/2905/2494 2493/2904/2493 2492/2903/2492 2495/2906/2495
f 2492/2901/2492 2484/2891/2484 2496/2907/2496 2495/2908/2495
f 2496/2907/2496 2497/2909/2497 2494/2910/2494 2495/2908/2495
f 2498/2911/2498 2497/2909/2497 2496/2907/2496 2499/2912/2499
f 2496/2907/2496 2484/2891/2484 2483/2890/2483 2499/2912/2499
f 2483/2890/2483 2489/2896/2489 2498/2911/2498 2499/2912/2499
f 2500/2913/2500 2501/2914/2501 2502/2915/2502 2503/2916/2503
f 2504/2917/2504 2505/2918/2505 2500/2913/2500 2503/2916/2503
f 2502/2915/2502 2506/2919/2506 2507/2920/2507 2503/2916/2503
f 2508/2921/2508 2509/2922/2509 2510/2923/2510 2503/2924/2503
f 2510/2925/2510 2511/2926/2511 2504/2917/2504 2503/2916/2503
f 2507/2927/2507 2512/2928/2512 2508/2929/2508 2503/2930/2503
f 2513/2931/2513 2514/2932/2514 2508/2929/2508 2512/2928/2512
f 2515/2933/2515 2516/2934/2516 2513/2931/2513 2512/2928/2512
f 2517/2935/2517 2518/2936/2518 2519/2937/2519 2520/2938/2520
f 2519/2939/2519 2521/2940/2521 2522/2941/2522 2520/2942/2520
f 2522/2941/2522 2523/2943/2523 2524/2944/2524 2520/2942/2520
f 2525/2945/2525 2526/2946/2526 2517/2947/2517 2520/2948/2520
f 2524/2944/2524 2527/2949/2527 2525/2950/2525 2520/2942/2520
f 2528/2951/2528 2529/2952/2529 2518/2936/2518 2517/2935/2517
f 2530/2953/2530 2531/2954/2531 2528/2955/2528 2517/2947/2517
f 2531/2954/2531 2532/2956/2532 2533/2957/2533 2528/2955/2528
f 2533/2958/2533 2534/2959/2534 2535/2960/2535 2528/2961/2528
f 2513/2931/2513 2536/2962/2536 2537/2963/2537 2514/2932/2514
f 2538/2964/2538 2509/2922/2509 2508/2921/2508 2514/2965/2514
f 2539/2966/2539 2540/2967/2540 2538/2964/2538 2514/2965/2514
f 2537/2963/2537 2541/2968/2541 2539/2969/2539 2514/2932/2514
f 2542/2970/2542 2509/2922/2509 2538/2964/2538 2543/2971/2543
f 2544/2972/2544 2545/2973/2545 2542/2970/2542 2543/2971/2543
f 2538/2964/2538 2540/2967/2540 2546/2974/2546 2543/2971/2543
f 2546/2974/2546 2547/2975/2547 2548/2976/2548 2543/2971/2543
f 2549/2977/2549 2547/2975/2547 2546/2974/2546 2550/2978/2550
f 2550/2978/2550 2546/2974/2546 2540/2967/2540 2551/2979/2551
f 2551/2980/2551 2552/2981/2552 2549/2982/2549 2550/2983/2550
f 2553/2984/2553 2526/2946/2526 2554/2985/2554 2555/2986/2555
f 2556/2987/2556 2557/2988/2557 2553/2989/2553 2555/2990/2555
f 2558/2991/2558 2559/2992/2559 2560/2993/2560 2555/2994/2555
f 2554/2985/2554 2561/2995/2561 2558/2996/2558 2555/2986/2555
f 2552/2981/2552 2562/2997/2562 2556/2987/2556 2549/2982/2549
f 2560/2998/2560 2563/2999/2563 2547/2975/2547 2549/2977/2549
f 2564/3000/2564 2565/3001/2565 2566/3002/2566 2567/3003/2567
f 2558/2991/2558 2561/3004/2561 2568/3005/2568 2567/3003/2567
f 2569/3006/2569 2570/3007/2570 2571/3008/2571 2572/3009/2572
f 2571/3010/2571 2573/3011/2573 2574/3012/2574 2572/3013/2572
f 2574/3012/2574 2575/3014/2575 2569/3015/2569 2572/3013/2572
f 2570/3007/2570 2576/3016/2576 2577/3017/2577 2578/3018/2578
f 2579/3019/2579 2571/3008/2571 2570/3007/2570 2578/3018/2578
f 2577/3017/2577 2580/3020/2580 2579/3019/2579 2578/3018/2578
f 2580/3021/2580 2573/3011/2573 2571/3010/2571 2579/3022/2579
f 2575/3023/2575 2576/3016/2576 2570/3007/2570 2569/3006/2569
f 2581/3024/2581 2582/3025/2582 2573/3011/2573 2580/3021/2580
f 2577/3017/2577 2583/3026/2583 2581/3027/2581 2580/3020/2580
f 2577/3017/2577 2576/3016/2576 2584/3028/2584 2583/3026/2583
f 2585/3029/2585 2586/3030/2586 2581/3027/2581 2583/3026/2583
f 2584/3028/2584 2587/3031/2587 2585/3029/2585 2583/3026/2583
f 2584/3028/2584 2588/3032/2588 2589/3033/2589 2587/3031/2587
f 2559/2992/2559 2566/3002/2566 2585/3029/2585 2587/3031/2587
f 2589/3033/2589 2560/2993/2560 2559/2992/2559 2587/3031/2587
f 2575/3014/2575 2574/3012/2574 2590/3034/2590 2588/3035/2588
f 2584/3028/2584 2576/3016/2576 2575/3023/2575 2588/3032/2588
f 2590/3034/2590 2591/3036/2591 2589/3037/2589 2588/3035/2588
f 2590/3034/2590 2582/3025/2582 2592/3038/2592 2591/3036/2591
f 2563/2999/2563 2560/2998/2560 2589/3037/2589 2591/3036/2591
f 2592/3038/2592 2593/3039/2593 2563/2999/2563 2591/3036/2591
f 2592/3038/2592 2586/3040/2586 2565/3041/2565 2593/3039/2593
f 2548/2976/2548 2547/2975/2547 2563/2999/2563 2593/3039/2593
f 2565/3041/2565 2564/3042/2564 2548/2976/2548 2593/3039/2593
f 2582/3025/2582 2581/3024/2581 2586/3040/2586 2592/3038/2592
f 2574/3012/2574 2573/3011/2573 2582/3025/2582 2590/3034/2590
f 2566/3002/2566 2565/3001/2565 2586/3030/2586 2585/3029/2585
f 2559/2992/2559 2558/2991/2558 2567/3003/2567 2566/3002/2566
f 2594/3043/2594 2595/3044/2595 2556/2987/2556 2562/2997/2562
f 2596/3045/2596 2597/3046/2597 2594/3043/2594 2562/2997/2562
f 2552/2981/2552 2532/3047/2532 2596/3045/2596 2562/2997/2562
f 2598/3048/2598 2599/3049/2599 2597/3050/2597 2596/3051/2596
f 2532/2956/2532 2531/2954/2531 2598/3048/2598 2596/3051/2596
f 2600/3052/2600 2601/3053/2601 2599/3049/2599 2598/3048/2598
f 2531/2954/2531 2530/2953/2530 2600/3052/2600 2598/3048/2598
f 2557/3054/2557 2602/3055/2602 2601/3053/2601 2600/3052/2600
f 2530/2953/2530 2553/2984/2553 2557/3054/2557 2600/3052/2600
f 2192/2566/2192 2189/2563/2189 2601/3053/2601 2602/3055/2602
f 2595/3044/2595 2196/2572/2196 2192/2574/2192 2602/3056/2602
f 2557/2988/2557 2556/2987/2556 2595/3044/2595 2602/3056/2602
f 2189/2563/2189 2187/2561/2187 2599/3049/2599 2601/3053/2601
f 2187/2561/2187 2186/2560/2186 2597/3050/2597 2599/3049/2599
f 2186/2568/2186 2193/2567/2193 2594/3043/2594 2597/3046/2597
f 2193/2567/2193 2196/2572/2196 2595/3044/2595 2594/3043/2594
f 2603/3057/2603 2604/3058/2604 2568/3059/2568 2561/3060/2561
f 2554/2985/2554 2605/3061/2605 2603/3062/2603 2561/2995/2561
f 2554/2985/2554 2526/2946/2526 2525/2945/2525 2605/3061/2605
f 2606/3063/2606 2607/3064/2607 2603/3057/2603 2605/3065/2605
f 2525/2950/2525 2527/2949/2527 2606/3063/2606 2605/3065/2605
f 2608/3066/2608 2609/3067/2609 2607/3064/2607 2606/3063/2606
f 2527/2949/2527 2610/3068/2610 2608/3066/2608 2606/3063/2606
f 2527/2949/2527 2524/2944/2524 2611/3069/2611 2610/3068/2610
f 2612/3070/2612 2613/3071/2613 2608/3066/2608 2610/3068/2610
f 2611/3069/2611 2614/3072/2614 2612/3070/2612 2610/3068/2610
f 2611/3069/2611 2615/3073/2615 2616/3074/2616 2614/3072/2614
f 2617/3075/2617 2618/3076/2618 2612/3070/2612 2614/3072/2614
f 2616/3074/2616 2619/3077/2619 2617/3075/2617 2614/3072/2614
f 2616/3074/2616 2620/3078/2620 2621/3079/2621 2619/3077/2619
f 2622/3080/2622 2623/3081/2623 2617/3075/2617 2619/3077/2619
f 2621/3079/2621 2624/3082/2624 2622/3080/2622 2619/3077/2619
f 2621/3079/2621 2625/3083/2625 2626/3084/2626 2624/3082/2624
f 2627/3085/2627 2628/3086/2628 2622/3080/2622 2624/3082/2624
f 2626/3084/2626 2629/3087/2629 2627/3085/2627 2624/3082/2624
f 2626/3084/2626 2630/3088/2630 2631/3089/2631 2629/3087/2629
f 2632/3090/2632 2633/3091/2633 2627/3085/2627 2629/3087/2629
f 2631/3089/2631 2634/3092/2634 2632/3090/2632 2629/3087/2629
f 2631/3093/2631 2635/3094/2635 2636/3095/2636 2634/3096/2634
f 2637/3097/2637 2638/3098/2638 2632/3090/2632 2634/3092/2634
f 2636/3095/2636 2639/3099/2639 2637/3100/2637 2634/3096/2634
f 2636/3095/2636 2640/3101/2640 2641/3102/2641 2639/3099/2639
f 2642/3103/2642 2643/3104/2643 2637/3100/2637 2639/3099/2639
f 2641/3102/2641 2644/3105/2644 2642/3103/2642 2639/3099/2639
f 2641/3102/2641 2645/3106/2645 2646/3107/2646 2644/3105/2644
f 2647/3108/2647 2648/3109/2648 2642/3103/2642 2644/3105/2644
f 2646/3107/2646 2649/3110/2649 2647/3108/2647 2644/3105/2644
f 2646/3107/2646 2650/3111/2650 2651/3112/2651 2649/3110/2649
f 2652/3113/2652 2653/3114/2653 2647/3108/2647 2649/3110/2649
f 2651/3112/2651 2654/3115/2654 2652/3113/2652 2649/3110/2649
f 2651/3112/2651 2655/3116/2655 2656/3117/2656 2654/3115/2654
f 2657/3118/2657 2658/3119/2658 2652/3113/2652 2654/3115/2654
f 2656/3120/2656 2659/3121/2659 2657/3122/2657 2654/3123/2654
f 2656/3120/2656 2660/3124/2660 2661/3125/2661 2659/3121/2659
f 2662/3126/2662 2663/3127/2663 2657/3122/2657 2659/3121/2659
f 2661/3125/2661 2664/3128/2664 2662/3126/2662 2659/3121/2659
f 2661/3125/2661 2665/3129/2665 2666/3130/2666 2664/3128/2664
f 2667/3131/2667 2668/3132/2668 2662/3126/2662 2664/3128/2664
f 2666/3130/2666 2669/3133/2669 2667/3131/2667 2664/3128/2664
f 2666/3130/2666 2670/3134/2670 2671/3135/2671 2669/3133/2669
f 2672/3136/2672 2673/3137/2673 2667/3131/2667 2669/3133/2669
f 2671/3135/2671 2674/3138/2674 2672/3136/2672 2669/3133/2669
f 2671/3135/2671 2675/3139/2675 2676/3140/2676 2674/3138/2674
f 2677/3141/2677 2678/3142/2678 2672/3136/2672 2674/3138/2674
f 2676/3140/2676 2679/3143/2679 2677/3141/2677 2674/3138/2674
f 2676/3140/2676 2680/3144/2680 2681/3145/2681 2679/3143/2679
f 2682/3146/2682 2683/3147/2683 2677/3141/2677 2679/3143/2679
f 2681/3145/2681 2684/3148/2684 2682/3146/2682 2679/3143/2679
f 2681/3145/2681 2685/3149/2685 2686/3150/2686 2684/3148/2684
f 2482/2889/2482 2479/2886/2479 2682/3146/2682 2684/3148/2684
f 2686/3150/2686 2687/3151/2687 2482/2889/2482 2684/3148/2684
f 2686/3150/2686 2688/3152/2688 2689/3153/2689 2687/3151/2687
f 2690/3154/2690 2481/2888/2481 2482/2889/2482 2687/3151/2687
f 2689/3153/2689 2691/3155/2691 2690/3154/2690 2687/3151/2687
f 2689/3153/2689 2692/3156/2692 2693/3157/2693 2691/3155/2691
f 2694/3158/2694 2695/3159/2695 2690/3154/2690 2691/3155/2691
f 2693/3157/2693 2696/3160/2696 2694/3158/2694 2691/3155/2691
f 2693/3157/2693 2697/3161/2697 2698/3162/2698 2696/3160/2696
f 2699/3163/2699 2700/3164/2700 2694/3158/2694 2696/3160/2696
f 2698/3162/2698 2701/3165/2701 2699/3163/2699 2696/3160/2696
f 2698/3162/2698 2702/3166/2702 2703/3167/2703 2701/3165/2701
f 2459/3168/2459 2458/3169/2458 2699/3163/2699 2701/3165/2701
f 2703/3167/2703 2704/3170/2704 2459/3168/2459 2701/3165/2701
f 2703/3167/2703 2705/3171/2705 2706/3172/2706 2704/3170/2704
f 2707/3173/2707 2450/2854/2450 2459/2863/2459 2704/3174/2704
f 2706/3175/2706 2708/3176/2708 2707/3173/2707 2704/3174/2704
f 2706/3175/2706 2441/2845/2441 2440/2844/2440 2708/3176/2708
f 2709/3177/2709 2710/3178/2710 2707/3173/2707 2708/3176/2708
f 2440/2844/2440 2711/3179/2711 2709/3177/2709 2708/3176/2708
f 2440/2844/2440 2439/2843/2439 2712/3180/2712 2711/3179/2711
f 2713/3181/2713 2714/3182/2714 2709/3177/2709 2711/3179/2711
f 2712/3180/2712 2715/3183/2715 2713/3181/2713 2711/3179/2711
f 2712/3180/2712 2716/3184/2716 2717/3185/2717 2715/3183/2715
f 2718/3186/2718 2719/3187/2719 2713/3181/2713 2715/3183/2715
f 2717/3185/2717 2720/3188/2720 2718/3186/2718 2715/3183/2715
f 2717/3185/2717 2721/3189/2721 2722/3190/2722 2720/3188/2720
f 575/676/575 574/675/574 2718/3186/2718 2720/3188/2720
f 2722/3190/2722 576/677/576 575/676/575 2720/3188/2720
f 2722/3190/2722 2723/3191/2723 577/678/577 576/677/576
f 2724/3192/2724 2395/2796/2395 580/681/580 579/680/579
f 577/678/577 2723/3191/2723 2724/3192/2724 579/680/579
f 2725/3193/2725 2391/2792/2391 2395/2796/2395 2724/3192/2724
f 2723/3191/2723 2726/3194/2726 2725/3193/2725 2724/3192/2724
f 2727/3195/2727 2728/3196/2728 2725/3193/2725 2726/3194/2726
f 2721/3189/2721 2729/3197/2729 2727/3195/2727 2726/3194/2726
f 2723/3191/2723 2722/3190/2722 2721/3189/2721 2726/3194/2726
f 2730/3198/2730 2405/2808/2405 2727/3195/2727 2729/3197/2729
f 2716/3184/2716 2438/2842/2438 2730/3198/2730 2729/3197/2729
f 2721/3189/2721 2717/3185/2717 2716/3184/2716 2729/3197/2729
f 2731/3199/2731 2402/2804/2402 2405/2808/2405 2730/3198/2730
f 2438/2842/2438 2436/2840/2436 2731/3199/2731 2730/3198/2730
f 2732/3200/2732 2403/2805/2403 2402/2804/2402 2731/3199/2731
f 2436/2840/2436 2435/2839/2435 2732/3200/2732 2731/3199/2731
f 2733/3201/2733 2734/3202/2734 2403/3203/2403 2732/3204/2732
f 2435/3205/2435 2735/3206/2735 2733/3201/2733 2732/3204/2732
f 2445/2849/2445 2444/2848/2444 2733/3201/2733 2735/3206/2735
f 2736/3207/2736 2446/2850/2446 2445/2849/2445 2735/3206/2735
f 2435/3205/2435 2434/3208/2434 2736/3207/2736 2735/3206/2735
f 2737/3209/2737 2738/3210/2738 2446/2850/2446 2736/3207/2736
f 2434/3208/2434 2739/3211/2739 2737/3209/2737 2736/3207/2736
f 2740/3212/2740 2741/3213/2741 2737/3209/2737 2739/3211/2739
f 2742/3214/2742 2743/3215/2743 2740/3216/2740 2739/3217/2739
f 2434/3218/2434 2437/3219/2437 2742/3214/2742 2739/3217/2739
f 2744/3220/2744 2745/3221/2745 2743/3215/2743 2742/3214/2742
f 2437/3219/2437 2441/3222/2441 2744/3220/2744 2742/3214/2742
f 2705/3171/2705 2746/3223/2746 2745/3221/2745 2744/3220/2744
f 2441/3222/2441 2706/3172/2706 2705/3171/2705 2744/3220/2744
f 2747/3224/2747 2748/3225/2748 2745/3221/2745 2746/3223/2746
f 2702/3166/2702 2749/3226/2749 2747/3224/2747 2746/3223/2746
f 2705/3171/2705 2703/3167/2703 2702/3166/2702 2746/3223/2746
f 2750/3227/2750 2751/3228/2751 2747/3224/2747 2749/3226/2749
f 2697/3161/2697 2752/3229/2752 2750/3227/2750 2749/3226/2749
f 2702/3166/2702 2698/3162/2698 2697/3161/2697 2749/3226/2749
f 2753/3230/2753 2754/3231/2754 2750/3227/2750 2752/3229/2752
f 2692/3156/2692 2755/3232/2755 2753/3230/2753 2752/3229/2752
f 2697/3161/2697 2693/3157/2693 2692/3156/2692 2752/3229/2752
f 2756/3233/2756 2757/3234/2757 2753/3230/2753 2755/3232/2755
f 2688/3152/2688 2758/3235/2758 2756/3233/2756 2755/3232/2755
f 2692/3156/2692 2689/3153/2689 2688/3152/2688 2755/3232/2755
f 2759/3236/2759 2760/3237/2760 2756/3233/2756 2758/3235/2758
f 2685/3149/2685 2761/3238/2761 2759/3236/2759 2758/3235/2758
f 2688/3152/2688 2686/3150/2686 2685/3149/2685 2758/3235/2758
f 2762/3239/2762 2763/3240/2763 2759/3236/2759 2761/3238/2761
f 2680/3144/2680 2764/3241/2764 2762/3239/2762 2761/3238/2761
f 2685/3149/2685 2681/3145/2681 2680/3144/2680 2761/3238/2761
f 2765/3242/2765 2766/3243/2766 2762/3239/2762 2764/3241/2764
f 2675/3139/2675 2767/3244/2767 2765/3242/2765 2764/3241/2764
f 2680/3144/2680 2676/3140/2676 2675/3139/2675 2764/3241/2764
f 2768/3245/2768 2769/3246/2769 2765/3242/2765 2767/3244/2767
f 2670/3134/2670 2770/3247/2770 2768/3245/2768 2767/3244/2767
f 2675/3139/2675 2671/3135/2671 2670/3134/2670 2767/3244/2767
f 2771/3248/2771 2772/3249/2772 2768/3245/2768 2770/3247/2770
f 2665/3129/2665 2773/3250/2773 2771/3248/2771 2770/3247/2770
f 2670/3134/2670 2666/3130/2666 2665/3129/2665 2770/3247/2770
f 2774/3251/2774 2775/3252/2775 2771/3248/2771 2773/3250/2773
f 2660/3253/2660 2776/3254/2776 2774/3255/2774 2773/3256/2773
f 2665/3129/2665 2661/3125/2661 2660/3124/2660 2773/3250/2773
f 2777/3257/2777 2778/3258/2778 2774/3255/2774 2776/3254/2776
f 2655/3116/2655 2779/3259/2779 2777/3257/2777 2776/3254/2776
f 2660/3253/2660 2656/3117/2656 2655/3116/2655 2776/3254/2776
f 2780/3260/2780 2781/3261/2781 2777/3257/2777 2779/3259/2779
f 2650/3111/2650 2782/3262/2782 2780/3260/2780 2779/3259/2779
f 2655/3116/2655 2651/3112/2651 2650/3111/2650 2779/3259/2779
f 2783/3263/2783 2784/3264/2784 2780/3260/2780 2782/3262/2782
f 2645/3106/2645 2785/3265/2785 2783/3263/2783 2782/3262/2782
f 2650/3111/2650 2646/3107/2646 2645/3106/2645 2782/3262/2782
f 2786/3266/2786 2787/3267/2787 2783/3263/2783 2785/3265/2785
f 2640/3101/2640 2788/3268/2788 2786/3266/2786 2785/3265/2785
f 2645/3106/2645 2641/3102/2641 2640/3101/2640 2785/3265/2785
f 2789/3269/2789 2790/3270/2790 2786/3266/2786 2788/3268/2788
f 2635/3094/2635 2791/3271/2791 2789/3269/2789 2788/3268/2788
f 2640/3101/2640 2636/3095/2636 2635/3094/2635 2788/3268/2788
f 2792/3272/2792 2793/3273/2793 2789/3269/2789 2791/3271/2791
f 2630/3274/2630 2794/3275/2794 2792/3272/2792 2791/3271/2791
f 2635/3094/2635 2631/3093/2631 2630/3274/2630 2791/3271/2791
f 2795/3276/2795 2796/3277/2796 2792/3278/2792 2794/3279/2794
f 2625/3083/2625 2797/3280/2797 2795/3276/2795 2794/3279/2794
f 2630/3088/2630 2626/3084/2626 2625/3083/2625 2794/3279/2794
f 2798/3281/2798 2799/3282/2799 2795/3276/2795 2797/3280/2797
f 2620/3078/2620 2800/3283/2800 2798/3281/2798 2797/3280/2797
f 2625/3083/2625 2621/3079/2621 2620/3078/2620 2797/3280/2797
f 2801/3284/2801 2802/3285/2802 2798/3281/2798 2800/3283/2800
f 2615/3073/2615 2523/2943/2523 2801/3284/2801 2800/3283/2800
f 2620/3078/2620 2616/3074/2616 2615/3073/2615 2800/3283/2800
f 2803/3286/2803 2804/3287/2804 2802/3285/2802 2801/3284/2801
f 2523/2943/2523 2522/2941/2522 2803/3286/2803 2801/3284/2801
f 2805/3288/2805 2806/3289/2806 2804/3287/2804 2803/3286/2803
f 2522/2941/2522 2521/2940/2521 2805/3288/2805 2803/3286/2803
f 2204/2586/2204 2206/2585/2206 2806/3290/2806 2805/3291/2805
f 2521/2940/2521 2205/2583/2205 2204/2582/2204 2805/3288/2805
f 2206/2585/2206 2210/2596/2210 2529/2952/2529 2806/3290/2806
f 2529/2952/2529 2528/2951/2528 2804/3292/2804 2806/3290/2806
f 2528/2961/2528 2535/2960/2535 2802/3285/2802 2804/3287/2804
f 2535/2960/2535 2799/3282/2799 2798/3281/2798 2802/3285/2802
f 2535/2960/2535 2534/2959/2534 2807/3293/664 2799/3282/2799
f 2807/3293/664 2796/3277/2796 2795/3276/2795 2799/3282/2799
f 2534/2959/2534 2808/3294/2807 2809/3295/2808 2807/3293/664
f 2809/3295/2808 2810/3296/2809 2796/3277/2796 2807/3293/664
f 2809/3297/2808 2541/2968/2541 2811/3298/2810 2810/3299/2809
f 2793/3300/2793 2792/3278/2792 2796/3277/2796 2810/3296/2809
f 2811/3298/2810 2812/3301/2811 2793/3273/2793 2810/3299/2809
f 2811/3298/2810 2813/3302/2812 2814/3303/2813 2812/3301/2811
f 2790/3270/2790 2789/3269/2789 2793/3273/2793 2812/3301/2811
f 2814/3303/2813 2815/3304/2814 2790/3270/2790 2812/3301/2811
f 2814/3303/2813 2816/3305/2815 2817/3306/2816 2815/3304/2814
f 2787/3267/2787 2786/3266/2786 2790/3270/2790 2815/3304/2814
f 2817/3306/2816 2818/3307/2817 2787/3267/2787 2815/3304/2814
f 2817/3306/2816 2819/3308/2818 2820/3309/2819 2818/3307/2817
f 2784/3264/2784 2783/3263/2783 2787/3267/2787 2818/3307/2817
f 2820/3309/2819 2821/3310/2820 2784/3264/2784 2818/3307/2817
f 2820/3309/2819 2822/3311/2821 2823/3312/2822 2821/3310/2820
f 2781/3261/2781 2780/3260/2780 2784/3264/2784 2821/3310/2820
f 2823/3312/2822 2824/3313/2823 2781/3261/2781 2821/3310/2820
f 2823/3312/2822 2825/3314/2824 2826/3315/2825 2824/3313/2823
f 2778/3258/2778 2777/3257/2777 2781/3261/2781 2824/3313/2823
f 2826/3315/2825 2827/3316/2826 2778/3258/2778 2824/3313/2823
f 2826/3315/2825 2828/3317/2827 2829/3318/2828 2827/3316/2826
f 2775/3319/2775 2774/3255/2774 2778/3258/2778 2827/3316/2826
f 2829/3320/2828 2830/3321/2829 2775/3252/2775 2827/3322/2826
f 2829/3320/2828 2831/3323/2830 2832/3324/2831 2830/3321/2829
f 2772/3249/2772 2771/3248/2771 2775/3252/2775 2830/3321/2829
f 2832/3324/2831 2833/3325/2832 2772/3249/2772 2830/3321/2829
f 2832/3324/2831 2834/3326/2833 2835/3327/2834 2833/3325/2832
f 2769/3246/2769 2768/3245/2768 2772/3249/2772 2833/3325/2832
f 2835/3327/2834 2836/3328/2835 2769/3246/2769 2833/3325/2832
f 2835/3327/2834 2837/3329/2836 2838/3330/2837 2836/3328/2835
f 2766/3243/2766 2765/3242/2765 2769/3246/2769 2836/3328/2835
f 2838/3330/2837 2839/3331/2838 2766/3243/2766 2836/3328/2835
f 2838/3330/2837 2840/3332/2839 2841/3333/2840 2839/3331/2838
f 2763/3240/2763 2762/3239/2762 2766/3243/2766 2839/3331/2838
f 2841/3333/2840 2842/3334/2841 2763/3240/2763 2839/3331/2838
f 2841/3333/2840 2843/3335/2842 2844/3336/2843 2842/3334/2841
f 2760/3237/2760 2759/3236/2759 2763/3240/2763 2842/3334/2841
f 2844/3336/2843 2845/3337/2844 2760/3237/2760 2842/3334/2841
f 2844/3336/2843 2846/3338/2845 2847/3339/2846 2845/3337/2844
f 2757/3234/2757 2756/3233/2756 2760/3237/2760 2845/3337/2844
f 2847/3339/2846 2848/3340/2847 2757/3234/2757 2845/3337/2844
f 2847/3339/2846 2849/3341/2848 2850/3342/2849 2848/3340/2847
f 2754/3231/2754 2753/3230/2753 2757/3234/2757 2848/3340/2847
f 2850/3342/2849 2851/3343/2850 2754/3231/2754 2848/3340/2847
f 2850/3342/2849 2852/3344/2851 2853/3345/2852 2851/3343/2850
f 2751/3228/2751 2750/3227/2750 2754/3231/2754 2851/3343/2850
f 2853/3345/2852 2854/3346/2853 2751/3228/2751 2851/3343/2850
f 2853/3345/2852 2855/3347/2854 2856/3348/2855 2854/3346/2853
f 2748/3225/2748 2747/3224/2747 2751/3228/2751 2854/3346/2853
f 2856/3348/2855 2857/3349/2856 2748/3225/2748 2854/3346/2853
f 2856/3348/2855 2858/3350/2857 2859/3351/2858 2857/3349/2856
f 2743/3215/2743 2745/3221/2745 2748/3225/2748 2857/3349/2856
f 2859/3351/2858 2740/3216/2740 2743/3215/2743 2857/3349/2856
f 2860/3352/2859 2861/3353/2860 2862/3354/2861 2858/3350/2857
f 2856/3348/2855 2855/3347/2854 2860/3352/2859 2858/3350/2857
f 2862/3355/2861 2863/3356/2862 2859/3357/2858 2858/3358/2857
f 2862/3355/2861 2864/3359/2863 2865/3360/2864 2863/3356/2862
f 2741/3213/2741 2740/3212/2740 2859/3357/2858 2863/3356/2862
f 2865/3360/2864 2866/3361/2865 2741/3213/2741 2863/3356/2862
f 2865/3360/2864 2867/3362/2866 2868/3363/2867 2866/3361/2865
f 2738/3210/2738 2737/3209/2737 2741/3213/2741 2866/3361/2865
f 2868/3363/2867 2869/3364/2868 2738/3210/2738 2866/3361/2865
f 2868/3363/2867 2469/2876/2469 2461/2865/2461 2869/3364/2868
f 2447/2851/2447 2446/2850/2446 2738/3210/2738 2869/3364/2868
f 2461/2865/2461 2449/2853/2449 2447/2851/2447 2869/3364/2868
f 2870/3365/2869 2871/3366/2870 2872/3367/2871 2867/3362/2866
f 2865/3360/2864 2864/3359/2863 2870/3365/2869 2867/3362/2866
f 2872/3367/2871 2469/2876/2469 2868/3363/2867 2867/3362/2866
f 2873/3368/2872 2874/3369/2873 2871/3366/2870 2870/3365/2869
f 2864/3359/2863 2875/3370/2874 2873/3368/2872 2870/3365/2869
f 2876/3371/2875 2877/3372/2876 2873/3368/2872 2875/3370/2874
f 2861/3373/2860 2878/3374/2877 2876/3371/2875 2875/3370/2874
f 2864/3359/2863 2862/3355/2861 2861/3373/2860 2875/3370/2874
f 2879/3375/2878 2880/3376/2879 2876/3371/2875 2878/3374/2877
f 2881/3377/2880 2882/3378/2881 2879/3379/2878 2878/3380/2877
f 2861/3353/2860 2860/3352/2859 2881/3377/2880 2878/3380/2877
f 2883/3381/2882 2884/3382/2883 2882/3378/2881 2881/3377/2880
f 2860/3352/2859 2855/3347/2854 2883/3381/2882 2881/3377/2880
f 2852/3344/2851 2885/3383/2884 2884/3382/2883 2883/3381/2882
f 2855/3347/2854 2853/3345/2852 2852/3344/2851 2883/3381/2882
f 2886/3384/2885 2887/3385/2886 2884/3382/2883 2885/3383/2884
f 2849/3341/2848 2888/3386/2887 2886/3384/2885 2885/3383/2884
f 2852/3344/2851 2850/3342/2849 2849/3341/2848 2885/3383/2884
f 2889/3387/2888 2890/3388/2889 2886/3384/2885 2888/3386/2887
f 2846/3338/2845 2891/3389/2890 2889/3387/2888 2888/3386/2887
f 2849/3341/2848 2847/3339/2846 2846/3338/2845 2888/3386/2887
f 2892/3390/2891 2893/3391/2892 2889/3387/2888 2891/3389/2890
f 2843/3335/2842 2894/3392/2893 2892/3390/2891 2891/3389/2890
f 2846/3338/2845 2844/3336/2843 2843/3335/2842 2891/3389/2890
f 2895/3393/2894 2896/3394/2895 2892/3390/2891 2894/3392/2893
f 2840/3332/2839 2897/3395/2896 2895/3393/2894 2894/3392/2893
f 2843/3335/2842 2841/3333/2840 2840/3332/2839 2894/3392/2893
f 2898/3396/2897 2899/3397/2898 2895/3393/2894 2897/3395/2896
f 2837/3329/2836 2900/3398/2899 2898/3396/2897 2897/3395/2896
f 2840/3332/2839 2838/3330/2837 2837/3329/2836 2897/3395/2896
f 2901/3399/2900 2902/3400/2901 2898/3396/2897 2900/3398/2899
f 2834/3326/2833 2903/3401/2902 2901/3399/2900 2900/3398/2899
f 2837/3329/2836 2835/3327/2834 2834/3326/2833 2900/3398/2899
f 2904/3402/2903 2905/3403/2904 2901/3399/2900 2903/3401/2902
f 2831/3404/2830 2906/3405/2905 2904/3406/2903 2903/3407/2902
f 2834/3326/2833 2832/3324/2831 2831/3323/2830 2903/3401/2902
f 2907/3408/2906 2908/3409/2907 2904/3402/2903 2906/3410/2905
f 2828/3317/2827 2909/3411/2908 2907/3412/2906 2906/3405/2905
f 2831/3404/2830 2829/3318/2828 2828/3317/2827 2906/3405/2905
f 2910/3413/2909 2911/3414/2910 2907/3408/2906 2909/3415/2908
f 2825/3314/2824 2912/3416/2911 2910/3417/2909 2909/3411/2908
f 2828/3317/2827 2826/3315/2825 2825/3314/2824 2909/3411/2908
f 2913/3418/2912 2914/3419/2913 2910/3413/2909 2912/3420/2911
f 2822/3311/2821 2915/3421/2914 2913/3422/2912 2912/3416/2911
f 2825/3314/2824 2823/3312/2822 2822/3311/2821 2912/3416/2911
f 2916/3423/2915 2917/3424/2916 2913/3418/2912 2915/3425/2914
f 2819/3308/2818 2918/3426/2917 2916/3427/2915 2915/3421/2914
f 2822/3311/2821 2820/3309/2819 2819/3308/2818 2915/3421/2914
f 2919/3428/2918 2920/3429/2919 2916/3427/2915 2918/3426/2917
f 2816/3305/2815 2921/3430/2920 2919/3428/2918 2918/3426/2917
f 2819/3308/2818 2817/3306/2816 2816/3305/2815 2918/3426/2917
f 2536/2962/2536 2922/3431/2921 2919/3428/2918 2921/3430/2920
f 2813/3302/2812 2537/2963/2537 2536/2962/2536 2921/3430/2920
f 2816/3305/2815 2814/3303/2813 2813/3302/2812 2921/3430/2920
f 2516/2934/2516 2923/3432/2922 2924/3433/2923 2922/3431/2921
f 2536/2962/2536 2513/2931/2513 2516/2934/2516 2922/3431/2921
f 2924/3433/2923 2920/3429/2919 2919/3428/2918 2922/3431/2921
f 2925/3434/2924 2926/3435/2925 2927/3436/2926 2923/3432/2922
f 2516/2934/2516 2515/2933/2515 2925/3434/2924 2923/3432/2922
f 2927/3436/2926 2928/3437/2927 2924/3433/2923 2923/3432/2922
f 2927/3438/2926 2929/3439/2928 2930/3440/2929 2928/3441/2927
f 2931/3442/2930 2920/3429/2919 2924/3433/2923 2928/3437/2927
f 2930/3440/2929 2932/3443/2931 2931/3444/2930 2928/3441/2927
f 2930/3440/2929 2933/3445/2932 2934/3446/2933 2932/3443/2931
f 2935/3447/2934 2917/3424/2916 2931/3444/2930 2932/3443/2931
f 2934/3446/2933 2936/3448/2935 2935/3447/2934 2932/3443/2931
f 2934/3446/2933 2937/3449/2936 2938/3450/2937 2936/3448/2935
f 2939/3451/2938 2914/3419/2913 2935/3447/2934 2936/3448/2935
f 2938/3450/2937 2940/3452/2939 2939/3451/2938 2936/3448/2935
f 2938/3450/2937 2941/3453/2940 2942/3454/2941 2940/3452/2939
f 2943/3455/2942 2911/3414/2910 2939/3451/2938 2940/3452/2939
f 2942/3454/2941 2944/3456/2943 2943/3455/2942 2940/3452/2939
f 2942/3454/2941 2945/3457/2944 2946/3458/2945 2944/3456/2943
f 2947/3459/2946 2908/3409/2907 2943/3455/2942 2944/3456/2943
f 2946/3458/2945 2948/3460/2947 2947/3459/2946 2944/3456/2943
f 2946/3458/2945 2949/3461/2948 2950/3462/2949 2948/3460/2947
f 2951/3463/2950 2905/3403/2904 2947/3459/2946 2948/3460/2947
f 2950/3462/2949 2952/3464/2951 2951/3463/2950 2948/3460/2947
f 2950/3462/2949 2953/3465/2952 2954/3466/2953 2952/3464/2951
f 2955/3467/2954 2902/3400/2901 2951/3463/2950 2952/3464/2951
f 2954/3466/2953 2956/3468/2955 2955/3467/2954 2952/3464/2951
f 2954/3466/2953 2957/3469/2956 2958/3470/2957 2956/3468/2955
f 2959/3471/2958 2899/3397/2898 2955/3467/2954 2956/3468/2955
f 2958/3470/2957 2960/3472/2959 2959/3471/2958 2956/3468/2955
f 2958/3470/2957 2961/3473/2960 2962/3474/2961 2960/3472/2959
f 2963/3475/2962 2896/3394/2895 2959/3471/2958 2960/3472/2959
f 2962/3474/2961 2964/3476/2963 2963/3475/2962 2960/3472/2959
f 2962/3474/2961 2965/3477/2964 2966/3478/2965 2964/3476/2963
f 2967/3479/2966 2893/3391/2892 2963/3475/2962 2964/3476/2963
f 2966/3478/2965 2968/3480/2967 2967/3479/2966 2964/3476/2963
f 2966/3478/2965 2969/3481/2968 2970/3482/2969 2968/3480/2967
f 2971/3483/2970 2890/3388/2889 2967/3479/2966 2968/3480/2967
f 2970/3482/2969 2972/3484/2971 2971/3483/2970 2968/3480/2967
f 2970/3482/2969 2973/3485/2972 2974/3486/2973 2972/3484/2971
f 2975/3487/2974 2887/3385/2886 2971/3483/2970 2972/3484/2971
f 2974/3486/2973 2976/3488/2975 2975/3487/2974 2972/3484/2971
f 2974/3486/2973 2977/3489/2976 2978/3490/2977 2976/3488/2975
f 2879/3379/2878 2882/3378/2881 2975/3487/2974 2976/3488/2975
f 2978/3491/2977 2880/3376/2879 2879/3375/2878 2976/3492/2975
f 2979/3493/2978 2980/3494/2979 2981/3495/2980 2977/3489/2976
f 2974/3486/2973 2973/3485/2972 2979/3493/2978 2977/3489/2976
f 2981/3496/2980 2982/3497/2981 2978/3491/2977 2977/3498/2976
f 2981/3496/2980 2983/3499/2982 2984/3500/2983 2982/3497/2981
f 2985/3501/2984 2880/3376/2879 2978/3491/2977 2982/3497/2981
f 2984/3500/2983 2986/3502/2985 2985/3501/2984 2982/3497/2981
f 2984/3500/2983 2987/3503/2986 2988/3504/2987 2986/3502/2985
f 2989/3505/2988 2877/3372/2876 2985/3501/2984 2986/3502/2985
f 2988/3504/2987 2990/3506/2989 2989/3505/2988 2986/3502/2985
f 2988/3504/2987 2991/3507/2990 2992/3508/2991 2990/3506/2989
f 2993/3509/2992 2874/3369/2873 2989/3505/2988 2990/3506/2989
f 2992/3508/2991 2994/3510/2993 2993/3509/2992 2990/3506/2989
f 2992/3508/2991 2995/3511/2994 2996/3512/2995 2994/3510/2993
f 2997/3513/2996 2998/3514/2997 2993/3509/2992 2994/3510/2993
f 2996/3512/2995 2999/3515/2998 2997/3513/2996 2994/3510/2993
f 2996/3516/2995 3000/3517/2999 3001/3518/3000 2999/3519/2998
f 3002/3520/3001 3003/3521/3002 2997/3513/2996 2999/3515/2998
f 3001/3518/3000 3004/3522/3003 3002/3523/3001 2999/3519/2998
f 3001/3518/3000 3005/3524/3004 3006/3525/3005 3004/3522/3003
f 3007/3526/3006 3008/3527/3007 3002/3523/3001 3004/3522/3003
f 3006/3525/3005 3009/3528/3008 3007/3526/3006 3004/3522/3003
f 3006/3525/3005 3010/3529/3009 3011/3530/3010 3009/3528/3008
f 3012/3531/3011 3013/3532/3012 3007/3533/3006 3009/3534/3008
f 3011/3535/3010 3014/3536/3013 3012/3531/3011 3009/3534/3008
f 3011/3535/3010 2474/3537/2474 3015/3538/3014 3014/3536/3013
f 2433/2837/2433 3016/3539/3015 3012/3531/3011 3014/3536/3013
f 3015/3538/3014 2432/2836/2432 2433/2837/2433 3014/3536/3013
f 3017/3540/3016 3013/3532/3012 3012/3531/3011 3016/3539/3015
f 3018/3541/3017 3019/3542/3018 3017/3540/3016 3016/3539/3015
f 2433/2837/2433 2430/2834/2430 3018/3541/3017 3016/3539/3015
f 3020/3543/3019 3021/3544/3020 3019/3542/3018 3018/3541/3017
f 2430/2834/2430 2429/2833/2429 3020/3543/3019 3018/3541/3017
f 2417/2820/2417 3022/3545/3021 3021/3544/3020 3020/3543/3019
f 2429/2833/2429 2415/2818/2415 2417/2820/2417 3020/3543/3019
f 3023/3546/3022 3024/3547/3023 3021/3544/3020 3022/3545/3021
f 3025/3548/3024 3026/3549/3025 3023/3546/3022 3022/3545/3021
f 2417/2820/2417 2409/2812/2409 3025/3548/3024 3022/3545/3021
f 3027/3550/3026 3028/3551/3027 3026/3549/3025 3025/3548/3024
f 2409/2812/2409 2408/2811/2408 3027/3550/3026 3025/3548/3024
f 3029/3552/3028 3030/3553/3029 3028/3554/3027 3027/3555/3026
f 2408/3556/2408 3031/3557/3030 3029/3552/3028 3027/3555/3026
f 2408/3556/2408 2407/3558/2407 3032/3559/3031 3031/3557/3030
f 3033/3560/3032 3034/3561/3033 3029/3552/3028 3031/3557/3030
f 3032/3559/3031 3035/3562/3034 3033/3560/3032 3031/3557/3030
f 3032/3559/3031 3036/3563/3035 3037/3564/3036 3035/3562/3034
f 3038/3565/3037 3039/3566/3038 3033/3560/3032 3035/3562/3034
f 3037/3564/3036 3040/3567/3039 3038/3565/3037 3035/3562/3034
f 3037/3564/3036 3041/3568/3040 3042/3569/3041 3040/3567/3039
f 3043/3570/3042 3044/3571/3043 3038/3565/3037 3040/3567/3039
f 3042/3569/3041 3045/3572/3044 3043/3570/3042 3040/3567/3039
f 3042/3569/3041 3046/3573/3045 3047/3574/3046 3045/3572/3044
f 3048/3575/3047 3049/3576/3048 3043/3570/3042 3045/3572/3044
f 3047/3574/3046 3050/3577/3049 3048/3575/3047 3045/3572/3044
f 3047/3574/3046 3051/3578/3050 3052/3579/3051 3050/3577/3049
f 3053/3580/3052 3054/3581/3053 3048/3575/3047 3050/3577/3049
f 3052/3579/3051 3055/3582/3054 3053/3580/3052 3050/3577/3049
f 3052/3579/3051 3056/3583/3055 3057/3584/3056 3055/3582/3054
f 3058/3585/3057 3059/3586/3058 3053/3580/3052 3055/3582/3054
f 3057/3584/3056 3060/3587/3059 3058/3585/3057 3055/3582/3054
f 3057/3584/3056 919/1082/919 918/1081/918 3060/3587/3059
f 3061/3588/3060 3062/3589/3061 3058/3585/3057 3060/3587/3059
f 918/1081/918 922/1085/922 3061/3588/3060 3060/3587/3059
f 924/1087/924 3063/3590/3062 3061/3588/3060 922/1085/922
f 3056/3583/3055 3064/3591/3063 926/1089/926 925/1088/925
f 919/1082/919 3057/3584/3056 3056/3583/3055 925/1088/925
f 3065/3592/3064 928/1091/928 926/1089/926 3064/3591/3063
f 3051/3578/3050 3066/3593/3065 3065/3592/3064 3064/3591/3063
f 3056/3583/3055 3052/3579/3051 3051/3578/3050 3064/3591/3063
f 3067/3594/3066 3068/3595/3067 3065/3592/3064 3066/3593/3065
f 3046/3573/3045 3069/3596/3068 3067/3594/3066 3066/3593/3065
f 3051/3578/3050 3047/3574/3046 3046/3573/3045 3066/3593/3065
f 3070/3597/3069 2363/2759/2363 3067/3594/3066 3069/3596/3068
f 3041/3568/3040 3071/3598/3070 3070/3597/3069 3069/3596/3068
f 3046/3573/3045 3042/3569/3041 3041/3568/3040 3069/3596/3068
f 3072/3599/3071 3073/3600/3072 3070/3597/3069 3071/3598/3070
f 3036/3563/3035 2412/3601/2412 3072/3599/3071 3071/3598/3070
f 3041/3568/3040 3037/3564/3036 3036/3563/3035 3071/3598/3070
f 3074/3602/3073 3075/3603/3074 3073/3604/3072 3072/3605/3071
f 2412/2815/2412 2411/2814/2411 3074/3602/3073 3072/3605/3071
f 3076/3606/3075 3077/3607/3076 3075/3603/3074 3074/3602/3073
f 2411/2814/2411 2414/2817/2414 3076/3606/3075 3074/3602/3073
f 2380/2781/2380 2379/2780/2379 3077/3607/3076 3076/3606/3075
f 2414/2817/2414 2384/2785/2384 2380/2781/2380 3076/3606/3075
f 2379/2780/2379 2376/2777/2376 2374/2775/2374 3077/3607/3076
f 2374/2775/2374 2366/2763/2366 3075/3603/3074 3077/3607/3076
f 2366/2763/2366 2364/2762/2364 3073/3604/3072 3075/3603/3074
f 2364/2760/2364 2363/2759/2363 3070/3597/3069 3073/3600/3072
f 2363/2759/2363 2362/2758/2362 3068/3595/3067 3067/3594/3066
f 2362/2758/2362 208/229/208 942/1105/942 3068/3595/3067
f 942/1105/942 928/1091/928 3065/3592/3064 3068/3595/3067
f 946/1109/946 3078/3608/3077 3079/3609/3078 943/1106/943
f 3079/3609/3078 3080/3610/3079 947/1110/947 943/1106/943
f 3079/3609/3078 3081/3611/3080 3082/3612/3081 3080/3610/3079
f 3083/3613/3082 951/1114/951 947/1110/947 3080/3610/3079
f 3082/3612/3081 3084/3614/3083 3083/3613/3082 3080/3610/3079
f 3082/3612/3081 3085/3615/3084 3086/3616/3085 3084/3614/3083
f 2350/2746/2350 3087/3617/3086 3083/3613/3082 3084/3614/3083
f 3086/3616/3085 2346/2742/2346 2350/2746/2350 3084/3614/3083
f 957/1120/957 951/1114/951 3083/3613/3082 3087/3617/3086
f 3088/3618/3087 958/1121/958 957/1120/957 3087/3617/3086
f 2350/2746/2350 2349/2745/2349 3088/3618/3087 3087/3617/3086
f 3089/3619/3088 960/1123/960 958/1121/958 3088/3618/3087
f 2349/2745/2349 2348/2744/2348 3089/3619/3088 3088/3618/3087
f 3090/3620/3089 962/1125/962 960/1123/960 3089/3619/3088
f 2348/2744/2348 3091/3621/3090 3090/3620/3089 3089/3619/3088
f 3092/3622/3091 3093/3623/3092 3090/3620/3089 3091/3621/3090
f 3094/3624/3093 3095/3625/3094 3092/3622/3091 3091/3621/3090
f 2348/2744/2348 2342/2738/2342 3094/3624/3093 3091/3621/3090
f 3096/3626/3095 3097/3627/3096 3095/3625/3094 3094/3624/3093
f 2342/2738/2342 2341/2737/2341 3096/3626/3095 3094/3624/3093
f 3098/3628/3097 3099/3629/3098 3097/3627/3096 3096/3626/3095
f 2341/2737/2341 3100/3630/3099 3098/3628/3097 3096/3626/3095
f 2341/2737/2341 2340/2736/2340 3101/3631/3100 3100/3630/3099
f 3102/3632/3101 3103/3633/3102 3098/3628/3097 3100/3630/3099
f 3101/3631/3100 3104/3634/3103 3102/3632/3101 3100/3630/3099
f 3101/3631/3100 3105/3635/3104 3106/3636/3105 3104/3634/3103
f 3107/3637/3106 3108/3638/3107 3102/3639/3101 3104/3640/3103
f 3106/3641/3105 3109/3642/3108 3107/3637/3106 3104/3640/3103
f 3106/3641/3105 3110/3643/3109 3111/3644/3110 3109/3642/3108
f 3112/3645/3111 3113/3646/3112 3107/3637/3106 3109/3642/3108
f 3111/3644/3110 3114/3647/3113 3112/3645/3111 3109/3642/3108
f 3111/3648/3110 3115/3649/3114 3116/3650/3115 3114/3651/3113
f 3117/3652/3116 3118/3653/3117 3112/3645/3111 3114/3647/3113
f 3116/3650/3115 3119/3654/3118 3117/3655/3116 3114/3651/3113
f 3116/3650/3115 3120/3656/3119 3121/3657/3120 3119/3654/3118
f 3122/3658/3121 3123/3659/3122 3117/3655/3116 3119/3654/3118
f 3121/3657/3120 3124/3660/3123 3122/3658/3121 3119/3654/3118
f 3121/3657/3120 3125/3661/3124 3126/3662/3125 3124/3660/3123
f 3127/3663/3126 3128/3664/3127 3122/3658/3121 3124/3660/3123
f 3126/3662/3125 3129/3665/3128 3127/3663/3126 3124/3660/3123
f 3126/3662/3125 3130/3666/3129 3131/3667/3130 3129/3665/3128
f 3132/3668/3131 3133/3669/3132 3127/3663/3126 3129/3665/3128
f 3131/3667/3130 3134/3670/3133 3132/3668/3131 3129/3665/3128
f 3131/3667/3130 3135/3671/3134 3136/3672/3135 3134/3670/3133
f 3137/3673/3136 3138/3674/3137 3132/3668/3131 3134/3670/3133
f 3136/3672/3135 3139/3675/3138 3137/3673/3136 3134/3670/3133
f 3136/3672/3135 3140/3676/3139 3141/3677/3140 3139/3675/3138
f 3142/3678/3141 3143/3679/3142 3137/3673/3136 3139/3675/3138
f 3141/3677/3140 3144/3680/3143 3142/3678/3141 3139/3675/3138
f 3141/3677/3140 3145/3681/3144 3146/3682/3145 3144/3680/3143
f 3147/3683/3146 3148/3684/3147 3142/3678/3141 3144/3680/3143
f 3146/3682/3145 3149/3685/3148 3147/3683/3146 3144/3680/3143
f 3146/3682/3145 3150/3686/3149 3151/3687/3150 3149/3685/3148
f 3152/3688/3151 3153/3689/3152 3147/3683/3146 3149/3685/3148
f 3151/3687/3150 3154/3690/3153 3152/3688/3151 3149/3685/3148
f 3151/3687/3150 3155/3691/3154 3156/3692/3155 3154/3690/3153
f 3157/3693/3156 3158/3694/3157 3152/3688/3151 3154/3690/3153
f 3156/3692/3155 3159/3695/3158 3157/3693/3156 3154/3690/3153
f 3156/3692/3155 3160/3696/3159 3161/3697/3160 3159/3695/3158
f 3162/3698/3161 3163/3699/3162 3157/3693/3156 3159/3695/3158
f 3161/3697/3160 3164/3700/3163 3162/3698/3161 3159/3695/3158
f 3161/3697/3160 3165/3701/3164 3166/3702/3165 3164/3700/3163
f 3167/3703/3166 3168/3704/3167 3162/3698/3161 3164/3700/3163
f 3166/3702/3165 3169/3705/3168 3167/3703/3166 3164/3700/3163
f 3166/3702/3165 3170/3706/3169 3171/3707/3170 3169/3705/3168
f 3172/3708/3171 3173/3709/3172 3167/3703/3166 3169/3705/3168
f 3171/3707/3170 3174/3710/3173 3172/3708/3171 3169/3705/3168
f 3171/3707/3170 3175/3711/3174 3176/3712/3175 3174/3710/3173
f 3177/3713/3176 3178/3714/3177 3172/3708/3171 3174/3710/3173
f 3176/3712/3175 3179/3715/3178 3177/3713/3176 3174/3710/3173
f 3176/3712/3175 3180/3716/3179 3181/3717/3180 3179/3715/3178
f 3182/3718/3181 3183/3719/3182 3177/3713/3176 3179/3715/3178
f 3181/3717/3180 3184/3720/3183 3182/3718/3181 3179/3715/3178
f 3181/3717/3180 3185/3721/3184 3186/3722/3185 3184/3720/3183
f 3187/3723/3186 3188/3724/3187 3182/3718/3181 3184/3720/3183
f 3186/3722/3185 3189/3725/3188 3187/3723/3186 3184/3720/3183
f 3186/3722/3185 3190/3726/3189 3191/3727/3190 3189/3725/3188
f 3192/3728/3191 3193/3729/3192 3187/3723/3186 3189/3725/3188
f 3191/3727/3190 3194/3730/3193 3192/3728/3191 3189/3725/3188
f 3191/3727/3190 3195/3731/3194 3196/3732/3195 3194/3730/3193
f 3197/3733/3196 3198/3734/3197 3192/3728/3191 3194/3730/3193
f 3196/3732/3195 3199/3735/3198 3197/3733/3196 3194/3730/3193
f 3196/3732/3195 3200/3736/3199 3201/3737/3200 3199/3735/3198
f 3202/3738/3201 3203/3739/3202 3197/3733/3196 3199/3735/3198
f 3201/3737/3200 3204/3740/3203 3202/3738/3201 3199/3735/3198
f 3201/3737/3200 3205/3741/3204 3206/3742/3205 3204/3740/3203
f 3207/3743/3206 3208/3744/3207 3202/3738/3201 3204/3740/3203
f 3206/3742/3205 3209/3745/3208 3207/3743/3206 3204/3740/3203
f 3206/3742/3205 3210/3746/3209 3211/3747/3210 3209/3745/3208
f 3212/3748/3211 3213/3749/3212 3207/3743/3206 3209/3745/3208
f 3211/3747/3210 3214/3750/3213 3212/3748/3211 3209/3745/3208
f 3211/3747/3210 3215/3751/3214 3216/3752/3215 3214/3750/3213
f 3217/3753/3216 3218/3754/3217 3212/3748/3211 3214/3750/3213
f 3216/3752/3215 3219/3755/3218 3217/3753/3216 3214/3750/3213
f 3216/3752/3215 3220/3756/3219 3221/3757/3220 3219/3755/3218
f 3222/3758/3221 3223/3759/3222 3217/3753/3216 3219/3755/3218
f 3221/3757/3220 3224/3760/3223 3222/3758/3221 3219/3755/3218
f 3221/3761/3220 3225/3762/3224 3226/3763/3225 3224/3764/3223
f 2325/2718/2325 2324/2717/2324 3222/3758/3221 3224/3760/3223
f 3226/3763/3225 2326/2720/2326 2325/2719/2325 3224/3764/3223
f 3227/3765/3226 3228/3766/3227 3229/3767/3228 3225/3762/3224
f 3221/3761/3220 3220/3768/3219 3227/3765/3226 3225/3762/3224
f 3229/3767/3228 3230/3769/3229 3226/3763/3225 3225/3762/3224
f 3229/3767/3228 3231/3770/3230 3232/3771/3231 3230/3769/3229
f 3233/3772/3232 2326/2720/2326 3226/3763/3225 3230/3769/3229
f 3232/3771/3231 3234/3773/3233 3233/3772/3232 3230/3769/3229
f 3232/3771/3231 3235/3774/3234 3236/3775/3235 3234/3773/3233
f 3237/3776/3236 3238/3777/3237 3233/3772/3232 3234/3773/3233
f 3236/3775/3235 3239/3778/3238 3237/3776/3236 3234/3773/3233
f 3236/3775/3235 3240/3779/3239 3241/3780/3240 3239/3778/3238
f 3242/3781/3241 3243/3782/3242 3237/3776/3236 3239/3778/3238
f 3241/3780/3240 3244/3783/3243 3242/3781/3241 3239/3778/3238
f 3241/3780/3240 3245/3784/3244 3246/3785/3245 3244/3783/3243
f 3247/3786/3246 3248/3787/3247 3242/3781/3241 3244/3783/3243
f 3246/3785/3245 3249/3788/3248 3247/3786/3246 3244/3783/3243
f 3246/3785/3245 3250/3789/3249 3251/3790/3250 3249/3788/3248
f 3252/3791/3251 3253/3792/3252 3247/3786/3246 3249/3788/3248
f 3251/3790/3250 3254/3793/3253 3252/3791/3251 3249/3788/3248
f 3251/3790/3250 3255/3794/3254 3256/3795/3255 3254/3793/3253
f 3257/3796/3256 3258/3797/3257 3252/3791/3251 3254/3793/3253
f 3256/3795/3255 3259/3798/3258 3257/3796/3256 3254/3793/3253
f 3256/3795/3255 3260/3799/3259 3261/3800/3260 3259/3798/3258
f 3262/3801/3261 3263/3802/3262 3257/3796/3256 3259/3798/3258
f 3261/3800/3260 3264/3803/3263 3262/3801/3261 3259/3798/3258
f 3261/3800/3260 3265/3804/3264 3266/3805/3265 3264/3803/3263
f 3267/3806/3266 3268/3807/3267 3262/3801/3261 3264/3803/3263
f 3266/3805/3265 3269/3808/3268 3267/3806/3266 3264/3803/3263
f 3266/3805/3265 3270/3809/3269 3271/3810/3270 3269/3808/3268
f 2282/2671/2282 2281/2670/2281 3267/3806/3266 3269/3808/3268
f 3271/3810/3270 2276/2665/2276 2282/2671/2282 3269/3808/3268
f 3272/3811/3271 3273/3812/3272 3274/3813/3273 3270/3809/3269
f 3266/3805/3265 3265/3804/3264 3272/3811/3271 3270/3809/3269
f 3274/3813/3273 3275/3814/3274 3271/3810/3270 3270/3809/3269
f 3274/3813/3273 3276/3815/3275 3277/3816/3276 3275/3814/3274
f 2274/2663/2274 2276/2665/2276 3271/3810/3270 3275/3814/3274
f 3277/3816/3276 2275/2664/2275 2274/2663/2274 3275/3814/3274
f 3278/3817/3277 3279/3818/3278 3280/3819/3279 3276/3815/3275
f 3274/3813/3273 3273/3812/3272 3278/3817/3277 3276/3815/3275
f 3280/3819/3279 3281/3820/3280 3277/3816/3276 3276/3815/3275
f 2288/2678/2288 3282/3821/3281 3283/3822/3282 3281/3823/3280
f 3280/3824/3279 2289/2679/2289 2288/2678/2288 3281/3823/3280
f 3283/3825/3282 2275/2664/2275 3277/3816/3276 3281/3820/3280
f 2295/2687/2295 3284/3826/3283 3285/3827/3284 3282/3821/3281
f 2288/2678/2288 2286/2677/2286 2295/2687/2295 3282/3821/3281
f 3285/3828/3284 3286/3829/3285 3283/3825/3282 3282/3830/3281
f 3285/3827/3284 3287/3831/3286 3288/3832/3287 3286/3833/3285
f 2270/2659/2270 2275/2664/2275 3283/3825/3282 3286/3829/3285
f 3288/3834/3287 2271/2660/2271 2270/2659/2270 3286/3829/3285
f 3289/3835/3288 3290/3836/3289 3291/3837/3290 3287/3831/3286
f 3285/3827/3284 3284/3826/3283 3289/3835/3288 3287/3831/3286
f 3291/3838/3290 3292/3839/3291 3288/3834/3287 3287/3840/3286
f 3291/3838/3290 3293/3841/3292 3294/3842/3293 3292/3839/3291
f 2278/2667/2278 2271/2660/2271 3288/3834/3287 3292/3839/3291
f 3294/3842/3293 2279/2668/2279 2278/2667/2278 3292/3839/3291
f 3295/3843/3294 3296/3844/3295 3297/3845/3296 3293/3841/3292
f 3291/3838/3290 3290/3846/3289 3295/3843/3294 3293/3841/3292
f 3297/3845/3296 3298/3847/3297 3294/3842/3293 3293/3841/3292
f 3299/3848/3298 3268/3807/3267 2283/2672/2283 3298/3847/3297
f 3297/3845/3296 3300/3849/3299 3299/3848/3298 3298/3847/3297
f 2283/2672/2283 2279/2668/2279 3294/3842/3293 3298/3847/3297
f 3301/3850/3300 3263/3802/3262 3299/3848/3298 3300/3849/3299
f 2301/2694/2301 2300/2693/2300 3301/3850/3300 3300/3849/3299
f 3297/3845/3296 3296/3844/3295 2301/2694/2301 3300/3849/3299
f 3258/3797/3257 3257/3796/3256 3263/3802/3262 3301/3850/3300
f 2300/2693/2300 3302/3851/3301 3258/3797/3257 3301/3850/3300
f 3253/3792/3252 3252/3791/3251 3258/3797/3257 3302/3851/3301
f 3303/3852/3302 3304/3853/3303 3253/3792/3252 3302/3851/3301
f 2300/2693/2300 2303/2696/2303 3303/3852/3302 3302/3851/3301
f 3305/3854/3304 3306/3855/3305 3304/3853/3303 3303/3852/3302
f 2303/2696/2303 2302/2695/2302 3305/3854/3304 3303/3852/3302
f 3307/3856/3306 3308/3857/3307 3306/3855/3305 3305/3854/3304
f 2302/2695/2302 3309/3858/3308 3307/3856/3306 3305/3854/3304
f 3310/3859/3309 3311/3860/3310 3307/3856/3306 3309/3858/3308
f 3296/3844/3295 3295/3843/3294 3310/3859/3309 3309/3858/3308
f 2302/2695/2302 2301/2694/2301 3296/3844/3295 3309/3858/3308
f 3312/3861/3311 3313/3862/3312 3311/3860/3310 3310/3859/3309
f 3295/3843/3294 3290/3846/3289 3312/3861/3311 3310/3859/3309
f 3314/3863/3313 3315/3864/3314 3313/3865/3312 3312/3866/3311
f 3290/3836/3289 3289/3835/3288 3314/3863/3313 3312/3866/3311
f 3316/3867/3315 3317/3868/3316 3315/3864/3314 3314/3863/3313
f 3289/3835/3288 3284/3826/3283 3316/3867/3315 3314/3863/3313
f 2294/2686/2294 3318/3869/3317 3317/3868/3316 3316/3867/3315
f 3284/3826/3283 2295/2687/2295 2294/2686/2294 3316/3867/3315
f 3319/3870/3318 3320/3871/3319 3317/3872/3316 3318/3873/3317
f 2298/2691/2298 3321/3874/3320 3319/3870/3318 3318/3873/3317
f 2294/3875/2294 2293/2689/2293 2298/2691/2298 3318/3873/3317
f 3322/3876/3321 3323/3877/3322 3319/3870/3318 3321/3874/3320
f 3324/3878/3323 3325/3879/3324 3322/3876/3321 3321/3874/3320
f 2298/2691/2298 2297/2690/2297 3324/3878/3323 3321/3874/3320
f 3326/3880/3325 3327/3881/3326 3325/3879/3324 3324/3878/3323
f 2297/2690/2297 2299/2692/2299 3326/3880/3325 3324/3878/3323
f 3328/3882/3327 3329/3883/3328 3327/3881/3326 3326/3880/3325
f 2299/2692/2299 2292/2684/2292 3328/3882/3327 3326/3880/3325
f 3330/3884/3329 3331/3885/3330 3329/3883/3328 3328/3882/3327
f 2292/2684/2292 2291/2683/2291 3330/3884/3329 3328/3882/3327
f 3332/3886/3331 3333/3887/3332 3331/3885/3330 3330/3884/3329
f 2291/2683/2291 2290/2682/2290 3332/3886/3331 3330/3884/3329
f 3334/3888/3333 3335/3889/3334 3333/3887/3332 3332/3886/3331
f 2290/2682/2290 3279/3818/3278 3334/3888/3333 3332/3886/3331
f 3336/3890/3335 3337/3891/3336 3335/3889/3334 3334/3888/3333
f 3279/3818/3278 3278/3817/3277 3336/3890/3335 3334/3888/3333
f 3338/3892/3337 3339/3893/3338 3337/3891/3336 3336/3890/3335
f 3278/3817/3277 3273/3812/3272 3338/3892/3337 3336/3890/3335
f 3340/3894/3339 3341/3895/3340 3339/3893/3338 3338/3892/3337
f 3273/3812/3272 3272/3811/3271 3340/3894/3339 3338/3892/3337
f 3342/3896/3341 3343/3897/3342 3341/3895/3340 3340/3894/3339
f 3272/3811/3271 3265/3804/3264 3342/3896/3341 3340/3894/3339
f 3260/3799/3259 3344/3898/3343 3343/3897/3342 3342/3896/3341
f 3265/3804/3264 3261/3800/3260 3260/3799/3259 3342/3896/3341
f 3345/3899/3344 3346/3900/3345 3343/3897/3342 3344/3898/3343
f 3255/3794/3254 3347/3901/3346 3345/3899/3344 3344/3898/3343
f 3260/3799/3259 3256/3795/3255 3255/3794/3254 3344/3898/3343
f 3348/3902/3347 3349/3903/3348 3345/3899/3344 3347/3901/3346
f 3250/3789/3249 3350/3904/3349 3348/3902/3347 3347/3901/3346
f 3255/3794/3254 3251/3790/3250 3250/3789/3249 3347/3901/3346
f 3351/3905/3350 3352/3906/3351 3348/3902/3347 3350/3904/3349
f 3245/3784/3244 3353/3907/3352 3351/3905/3350 3350/3904/3349
f 3250/3789/3249 3246/3785/3245 3245/3784/3244 3350/3904/3349
f 3354/3908/3353 3355/3909/3354 3351/3905/3350 3353/3907/3352
f 3240/3779/3239 3356/3910/3355 3354/3908/3353 3353/3907/3352
f 3245/3784/3244 3241/3780/3240 3240/3779/3239 3353/3907/3352
f 3357/3911/3356 3358/3912/3357 3354/3908/3353 3356/3910/3355
f 3235/3774/3234 3359/3913/3358 3357/3911/3356 3356/3910/3355
f 3240/3779/3239 3236/3775/3235 3235/3774/3234 3356/3910/3355
f 3360/3914/3359 3361/3915/3360 3357/3911/3356 3359/3913/3358
f 3231/3770/3230 3362/3916/3361 3360/3914/3359 3359/3913/3358
f 3235/3774/3234 3232/3771/3231 3231/3770/3230 3359/3913/3358
f 3363/3917/3362 3364/3918/3363 3360/3914/3359 3362/3916/3361
f 3228/3766/3227 3365/3919/3364 3363/3917/3362 3362/3916/3361
f 3231/3770/3230 3229/3767/3228 3228/3766/3227 3362/3916/3361
f 3366/3920/3365 3367/3921/3366 3363/3917/3362 3365/3919/3364
f 3368/3922/3367 3369/3923/3368 3366/3920/3365 3365/3919/3364
f 3228/3766/3227 3227/3765/3226 3368/3922/3367 3365/3919/3364
f 3370/3924/3369 3371/3925/3370 3369/3923/3368 3368/3922/3367
f 3227/3765/3226 3220/3768/3219 3370/3924/3369 3368/3922/3367
f 3215/3751/3214 3372/3926/3371 3371/3927/3370 3370/3928/3369
f 3220/3756/3219 3216/3752/3215 3215/3751/3214 3370/3928/3369
f 3373/3929/3372 3374/3930/3373 3371/3927/3370 3372/3926/3371
f 3210/3746/3209 3375/3931/3374 3373/3929/3372 3372/3926/3371
f 3215/3751/3214 3211/3747/3210 3210/3746/3209 3372/3926/3371
f 3376/3932/3375 3377/3933/3376 3373/3929/3372 3375/3931/3374
f 3205/3741/3204 3378/3934/3377 3376/3932/3375 3375/3931/3374
f 3210/3746/3209 3206/3742/3205 3205/3741/3204 3375/3931/3374
f 3379/3935/3378 3380/3936/3379 3376/3932/3375 3378/3934/3377
f 3200/3736/3199 3381/3937/3380 3379/3935/3378 3378/3934/3377
f 3205/3741/3204 3201/3737/3200 3200/3736/3199 3378/3934/3377
f 3382/3938/3381 3383/3939/3382 3379/3935/3378 3381/3937/3380
f 3195/3731/3194 3384/3940/3383 3382/3938/3381 3381/3937/3380
f 3200/3736/3199 3196/3732/3195 3195/3731/3194 3381/3937/3380
f 3385/3941/3384 3386/3942/3385 3382/3938/3381 3384/3940/3383
f 3190/3726/3189 3387/3943/3386 3385/3941/3384 3384/3940/3383
f 3195/3731/3194 3191/3727/3190 3190/3726/3189 3384/3940/3383
f 3388/3944/3387 3389/3945/3388 3385/3941/3384 3387/3943/3386
f 3185/3721/3184 3390/3946/3389 3388/3944/3387 3387/3943/3386
f 3190/3726/3189 3186/3722/3185 3185/3721/3184 3387/3943/3386
f 3391/3947/3390 3392/3948/3391 3388/3944/3387 3390/3946/3389
f 3180/3716/3179 3393/3949/3392 3391/3947/3390 3390/3946/3389
f 3185/3721/3184 3181/3717/3180 3180/3716/3179 3390/3946/3389
f 3394/3950/3393 3395/3951/3394 3391/3947/3390 3393/3949/3392
f 3175/3711/3174 3396/3952/3395 3394/3950/3393 3393/3949/3392
f 3180/3716/3179 3176/3712/3175 3175/3711/3174 3393/3949/3392
f 3397/3953/3396 3398/3954/3397 3394/3950/3393 3396/3952/3395
f 3170/3706/3169 3399/3955/3398 3397/3953/3396 3396/3952/3395
f 3175/3711/3174 3171/3707/3170 3170/3706/3169 3396/3952/3395
f 3400/3956/3399 3401/3957/3400 3397/3953/3396 3399/3955/3398
f 3165/3701/3164 3402/3958/3401 3400/3956/3399 3399/3955/3398
f 3170/3706/3169 3166/3702/3165 3165/3701/3164 3399/3955/3398
f 3403/3959/3402 3404/3960/3403 3400/3956/3399 3402/3958/3401
f 3160/3696/3159 3405/3961/3404 3403/3959/3402 3402/3958/3401
f 3165/3701/3164 3161/3697/3160 3160/3696/3159 3402/3958/3401
f 3406/3962/3405 3407/3963/3406 3403/3959/3402 3405/3961/3404
f 3155/3691/3154 3408/3964/3407 3406/3962/3405 3405/3961/3404
f 3160/3696/3159 3156/3692/3155 3155/3691/3154 3405/3961/3404
f 3409/3965/3408 3410/3966/3409 3406/3962/3405 3408/3964/3407
f 3150/3686/3149 3411/3967/3410 3409/3965/3408 3408/3964/3407
f 3155/3691/3154 3151/3687/3150 3150/3686/3149 3408/3964/3407
f 3412/3968/3411 3413/3969/3412 3409/3965/3408 3411/3967/3410
f 3145/3681/3144 3414/3970/3413 3412/3968/3411 3411/3967/3410
f 3150/3686/3149 3146/3682/3145 3145/3681/3144 3411/3967/3410
f 3415/3971/3414 3416/3972/3415 3412/3968/3411 3414/3970/3413
f 3140/3676/3139 3417/3973/3416 3415/3971/3414 3414/3970/3413
f 3145/3681/3144 3141/3677/3140 3140/3676/3139 3414/3970/3413
f 3418/3974/3417 3419/3975/3418 3415/3971/3414 3417/3973/3416
f 3135/3671/3134 3420/3976/3419 3418/3974/3417 3417/3973/3416
f 3140/3676/3139 3136/3672/3135 3135/3671/3134 3417/3973/3416
f 3421/3977/3420 3422/3978/3421 3418/3974/3417 3420/3976/3419
f 3130/3666/3129 3423/3979/3422 3421/3977/3420 3420/3976/3419
f 3135/3671/3134 3131/3667/3130 3130/3666/3129 3420/3976/3419
f 3424/3980/3423 3425/3981/3424 3421/3977/3420 3423/3979/3422
f 3125/3661/3124 3426/3982/3425 3424/3980/3423 3423/3979/3422
f 3130/3666/3129 3126/3662/3125 3125/3661/3124 3423/3979/3422
f 3427/3983/3426 3428/3984/3427 3424/3980/3423 3426/3982/3425
f 3120/3656/3119 3429/3985/3428 3427/3983/3426 3426/3982/3425
f 3125/3661/3124 3121/3657/3120 3120/3656/3119 3426/3982/3425
f 3430/3986/3429 3431/3987/3430 3427/3983/3426 3429/3985/3428
f 3115/3649/3114 3432/3988/3431 3430/3986/3429 3429/3985/3428
f 3120/3656/3119 3116/3650/3115 3115/3649/3114 3429/3985/3428
f 3433/3989/3432 3434/3990/3433 3430/3986/3429 3432/3988/3431
f 3110/3991/3109 3435/3992/3434 3433/3993/3432 3432/3994/3431
f 3115/3649/3114 3111/3648/3110 3110/3995/3109 3432/3988/3431
f 3436/3996/3435 3437/3997/3436 3433/3998/3432 3435/3999/3434
f 3105/3635/3104 2345/2741/2345 3436/4000/3435 3435/3992/3434
f 3110/3991/3109 3106/3636/3105 3105/3635/3104 3435/3992/3434
f 3438/4001/3437 3439/4002/3438 3437/3997/3436 3436/3996/3435
f 2345/2741/2345 2344/2740/2344 3438/4003/3437 3436/4000/3435
f 3440/4004/3439 3441/4005/3440 3439/4002/3438 3438/4001/3437
f 2344/2740/2344 2347/2743/2347 3440/4006/3439 3438/4003/3437
f 3442/4007/3441 3443/4008/3442 3441/4005/3440 3440/4004/3439
f 2347/2743/2347 3444/4009/3443 3442/4010/3441 3440/4006/3439
f 3445/4011/3444 3446/4012/3445 3442/4010/3441 3444/4009/3443
f 3086/3616/3085 3085/3615/3084 3445/4011/3444 3444/4009/3443
f 2347/2743/2347 2346/2742/2346 3086/3616/3085 3444/4009/3443
f 3447/4013/3446 3448/4014/3447 3446/4012/3445 3445/4011/3444
f 3085/3615/3084 3449/4015/3448 3447/4013/3446 3445/4011/3444
f 3450/4016/3449 3451/4017/3450 3447/4013/3446 3449/4015/3448
f 3081/3611/3080 3452/4018/3451 3450/4016/3449 3449/4015/3448
f 3085/3615/3084 3082/3612/3081 3081/3611/3080 3449/4015/3448
f 3453/4019/3452 3454/4020/3453 3450/4016/3449 3452/4018/3451
f 3078/3608/3077 3455/4021/3454 3453/4019/3452 3452/4018/3451
f 3081/3611/3080 3079/3609/3078 3078/3608/3077 3452/4018/3451
f 3456/4022/3455 3457/4023/3456 3453/4019/3452 3455/4021/3454
f 1332/1530/1332 1331/1529/1331 3456/4022/3455 3455/4021/3454
f 3078/3608/3077 946/1109/946 1332/1530/1332 3455/4021/3454
f 1334/1532/1334 3458/4024/3457 3456/4022/3455 1331/1529/1331
f 3459/4025/3458 3460/4026/3459 1336/1534/1336 1335/1533/1335
f 267/295/267 2420/2824/2420 3459/4025/3458 1335/1533/1335
f 3461/4027/3460 3462/4028/3461 3460/4026/3459 3459/4025/3458
f 2420/2824/2420 2422/2826/2422 3461/4027/3460 3459/4025/3458
f 2454/2858/2454 2452/2856/2452 3462/4028/3461 3461/4027/3460
f 2422/2826/2422 3463/4029/3462 2454/2858/2454 3461/4027/3460
f 2422/2826/2422 2421/2825/2421 3464/4030/3463 3463/4029/3462
f 3465/4031/3464 2455/2859/2455 2454/2858/2454 3463/4029/3462
f 3464/4030/3463 3466/4032/3465 3465/4031/3464 3463/4029/3462
f 3464/4030/3463 3467/4033/3466 2383/2784/2383 3466/4032/3465
f 3468/4034/3467 3469/4035/3468 3465/4031/3464 3466/4032/3465
f 2383/2784/2383 2382/2783/2382 3468/4034/3467 3466/4032/3465
f 2426/2830/2426 2425/2829/2425 3469/4035/3468 3468/4034/3467
f 2382/2783/2382 2384/2785/2384 2426/2830/2426 3468/4034/3467
f 3470/4036/3469 2455/2859/2455 3465/4031/3464 3469/4035/3468
f 2425/2829/2425 2424/2828/2424 3470/4036/3469 3469/4035/3468
f 2456/2860/2456 2453/2857/2453 2455/2859/2455 3470/4036/3469
f 2424/2828/2424 3471/4037/3470 2456/2860/2456 3470/4036/3469
f 3472/4038/3471 2457/2861/2457 2456/2860/2456 3471/4037/3470
f 3473/4039/3472 2471/4040/2471 3472/4038/3471 3471/4037/3470
f 2424/2828/2424 2423/2827/2423 3473/4039/3472 3471/4037/3470
f 3474/4041/3473 2472/4042/2472 2471/4040/2471 3473/4039/3472
f 2423/2827/2423 2428/2832/2428 3474/4041/3473 3473/4039/3472
f 3015/3538/3014 2474/3537/2474 2472/4042/2472 3474/4041/3473
f 2428/2832/2428 2432/2836/2432 3015/3538/3014 3474/4041/3473
f 3475/4043/3474 2700/3164/2700 2457/4044/2457 3472/4045/3471
f 2471/2878/2471 2470/2877/2470 3475/4043/3474 3472/4045/3471
f 2695/3159/2695 2694/3158/2694 2700/3164/2700 3475/4043/3474
f 2470/2877/2470 2477/2884/2477 2695/3159/2695 3475/4043/3474
f 2398/2799/2398 2397/2798/2397 3476/4046/3475 3467/4033/3466
f 3464/4030/3463 2421/2825/2421 2398/2799/2398 3467/4033/3466
f 3476/4046/3475 2378/2779/2378 2383/2784/2383 3467/4033/3466
f 2376/2777/2376 2379/2780/2379 2378/2779/2378 3476/4046/3475
f 2397/2798/2397 2377/2778/2377 2376/2777/2376 3476/4046/3475
f 3477/4047/3476 3478/4048/3477 3460/4026/3459 3462/4028/3461
f 2452/2856/2452 2451/2855/2451 3477/4047/3476 3462/4028/3461
f 2451/2855/2451 2710/3178/2710 3479/4049/3478 3477/4047/3476
f 3479/4049/3478 3480/4050/3479 3478/4048/3477 3477/4047/3476
f 3479/4049/3478 2714/3182/2714 3481/4051/3480 3480/4050/3479
f 1361/1569/1361 1360/1568/1360 3478/4048/3477 3480/4050/3479
f 3481/4051/3480 1362/1570/1362 1361/1569/1361 3480/4050/3479
f 3481/4051/3480 2719/3187/2719 1363/1571/1363 1362/1570/1362
f 3482/4052/3481 3483/4053/3482 1365/1573/1365 1364/1572/1364
f 108/124/108 2266/2653/2266 3482/4052/3481 1364/1572/1364
f 3484/4054/3483 3485/4055/3484 3483/4053/3482 3482/4052/3481
f 2266/2653/2266 2265/2652/2265 3484/4054/3483 3482/4052/3481
f 2386/2787/2386 3486/4056/3485 3485/4055/3484 3484/4054/3483
f 2265/2652/2265 2387/2788/2387 2386/2787/2386 3484/4054/3483
f 3487/4057/3486 3488/4058/3487 3489/4059/3488 3486/4056/3485
f 2386/2787/2386 2385/2786/2385 3487/4057/3486 3486/4056/3485
f 3489/4059/3488 3490/4060/3489 3485/4055/3484 3486/4056/3485
f 3489/4059/3488 2246/2633/2246 2233/2620/2233 3490/4060/3489
f 3491/4061/3490 3483/4053/3482 3485/4055/3484 3490/4060/3489
f 2233/2620/2233 2232/2619/2232 3491/4061/3490 3490/4060/3489
f 1376/1584/1376 1365/1573/1365 3483/4053/3482 3491/4061/3490
f 2232/2619/2232 71/85/71 1376/1584/1376 3491/4061/3490
f 3492/4062/3491 3493/4063/3492 3488/4058/3487 3487/4057/3486
f 2385/2786/2385 2390/2791/2390 3492/4062/3491 3487/4057/3486
f 3494/4064/3493 3495/4065/3494 3493/4063/3492 3492/4062/3491
f 2390/2791/2390 3496/4066/3495 3494/4064/3493 3492/4062/3491
f 2262/2649/2262 3497/4067/3496 3494/4064/3493 3496/4066/3495
f 3498/4068/3497 2263/2650/2263 2262/2649/2262 3496/4066/3495
f 2390/2791/2390 2389/2790/2389 3498/4068/3497 3496/4066/3495
f 2406/2809/2406 2372/2771/2372 2263/2650/2263 3498/4068/3497
f 2389/2790/2389 2392/2793/2392 2406/2809/2406 3498/4068/3497
f 3499/4069/3498 2252/2639/2252 2251/2638/2251 3497/4067/3496
f 2262/2649/2262 2258/2645/2258 3499/4069/3498 3497/4067/3496
f 2251/2638/2251 3495/4065/3494 3494/4064/3493 3497/4067/3496
f 3500/4070/3499 3501/4071/3500 2252/2639/2252 3499/4069/3498
f 2258/2645/2258 2257/2644/2257 3500/4070/3499 3499/4069/3498
f 3502/4072/3501 3503/4073/3502 3501/4074/3500 3500/4075/3499
f 2257/4076/2257 3504/4077/3503 3502/4072/3501 3500/4075/3499
f 3505/4078/3504 3506/4079/3505 3502/4072/3501 3504/4077/3503
f 3507/4080/3506 3508/4081/3507 3505/4082/3504 3504/4083/3503
f 2257/4084/2257 2255/4085/2255 3507/4080/3506 3504/4083/3503
f 2261/2657/2261 2269/2656/2269 3508/4081/3507 3507/4080/3506
f 2255/4085/2255 2254/4086/2254 2261/2657/2261 3507/4080/3506
f 3509/4087/3508 3510/4088/3509 3505/4082/3504 3508/4081/3507
f 2269/2656/2269 2371/2770/2371 3509/4087/3508 3508/4081/3507
f 3511/4089/3510 3512/4090/3511 3510/4088/3509 3509/4087/3508
f 2371/2770/2371 3513/4091/3512 3511/4089/3510 3509/4087/3508
f 3514/4092/3513 3515/4093/3514 3511/4089/3510 3513/4091/3512
f 2401/2802/2401 3516/4094/3515 3514/4092/3513 3513/4091/3512
f 2371/2770/2371 2370/2769/2370 2401/2802/2401 3513/4091/3512
f 3517/4095/3516 3518/4096/3517 3514/4092/3513 3516/4094/3515
f 3519/4097/3518 3520/4098/3519 3517/4095/3516 3516/4094/3515
f 2401/2802/2401 2400/2801/2400 3519/4097/3518 3516/4094/3515
f 2734/3202/2734 3521/4099/3520 3520/4098/3519 3519/4097/3518
f 2400/2801/2400 2403/3203/2403 2734/3202/2734 3519/4097/3518
f 3522/4100/3521 3523/4101/3522 3520/4098/3519 3521/4099/3520
f 2444/2848/2444 2442/2846/2442 3522/4100/3521 3521/4099/3520
f 2734/3202/2734 2733/3201/2733 2444/2848/2444 3521/4099/3520
f 1410/1625/1410 1409/1624/1409 3523/4101/3522 3522/4100/3521
f 2442/2846/2442 292/324/292 1410/1625/1410 3522/4100/3521
f 2228/2615/2228 3524/4102/3523 1412/1627/1412 1411/1626/1411
f 1414/1629/1414 2225/2612/2225 2228/2615/2228 1411/1626/1411
f 57/71/57 2220/2607/2220 2225/2612/2225 1414/1629/1414
f 3525/4103/3524 1415/1630/1415 1412/1627/1412 3524/4102/3523
f 2235/2622/2235 2234/2621/2234 3525/4103/3524 3524/4102/3523
f 2228/2615/2228 2227/2614/2227 2235/2622/2235 3524/4102/3523
f 3526/4104/3525 1417/1632/1417 1415/1630/1415 3525/4103/3524
f 2234/2621/2234 2239/2626/2239 3526/4104/3525 3525/4103/3524
f 3527/4105/3526 1419/1634/1419 1417/1632/1417 3526/4104/3525
f 2239/2626/2239 3528/4106/3527 3527/4105/3526 3526/4104/3525
f 3529/4107/3528 1422/1637/1422 3527/4105/3526 3528/4106/3527
f 2249/2636/2249 2248/2635/2248 3529/4107/3528 3528/4106/3527
f 2239/2626/2239 2238/2625/2238 2249/2636/2249 3528/4106/3527
f 2248/2635/2248 3530/4108/3529 3531/4109/3530 3529/4107/3528
f 3532/4110/3531 2215/2602/2215 3531/4111/3530 3530/4112/3529
f 3533/4113/3532 3534/4114/3533 3532/4110/3531 3530/4112/3529
f 2248/2635/2248 2247/2634/2247 3533/4115/3532 3530/4108/3529
f 3501/4074/3500 3503/4073/3502 3534/4114/3533 3533/4113/3532
f 2247/2634/2247 2252/2639/2252 3501/4071/3500 3533/4115/3532
f 3535/4116/3534 3536/4117/3535 3532/4110/3531 3534/4114/3533
f 3503/4073/3502 3537/4118/3536 3535/4116/3534 3534/4114/3533
f 3538/4119/3537 3539/4120/3538 3535/4116/3534 3537/4118/3536
f 3506/4079/3505 3540/4121/3539 3538/4119/3537 3537/4118/3536
f 3503/4073/3502 3502/4072/3501 3506/4079/3505 3537/4118/3536
f 3541/4122/3540 3542/4123/3541 3538/4119/3537 3540/4121/3539
f 3510/4124/3509 3512/4125/3511 3541/4122/3540 3540/4121/3539
f 3506/4079/3505 3505/4078/3504 3510/4124/3509 3540/4121/3539
f 3543/4126/3542 3544/4127/3543 3542/4123/3541 3541/4122/3540
f 3512/4125/3511 3545/4128/3544 3543/4126/3542 3541/4122/3540
f 3546/4129/3545 3547/4130/3546 3543/4126/3542 3545/4128/3544
f 3515/4093/3514 3548/4131/3547 3546/4132/3545 3545/4133/3544
f 3512/4090/3511 3511/4089/3510 3515/4093/3514 3545/4133/3544
f 3549/4134/3548 3550/4135/3549 3546/4132/3545 3548/4131/3547
f 3518/4096/3517 3551/4136/3550 3549/4134/3548 3548/4131/3547
f 3515/4093/3514 3514/4092/3513 3518/4096/3517 3548/4131/3547
f 1447/1668/1447 1446/1667/1446 3549/4134/3548 3551/4136/3550
f 3552/4137/3551 1448/1669/1448 1447/1668/1447 3551/4136/3550
f 3518/4096/3517 3517/4095/3516 3552/4137/3551 3551/4136/3550
f 3523/4101/3522 1409/1624/1409 1448/1669/1448 3552/4137/3551
f 3517/4095/3516 3520/4098/3519 3523/4101/3522 3552/4137/3551
f 1446/1667/1446 1450/1671/1450 3550/4135/3549 3549/4134/3548
f 1452/1675/1452 3553/4138/3552 3550/4139/3549 1450/1672/1450
f 1452/1675/1452 1454/1677/1454 3554/4140/3553 3553/4138/3552
f 3547/4141/3546 3546/4142/3545 3550/4139/3549 3553/4138/3552
f 3554/4140/3553 3555/4143/3554 3547/4141/3546 3553/4138/3552
f 3554/4140/3553 3556/4144/3555 3557/4145/3556 3555/4143/3554
f 3544/4127/3543 3543/4126/3542 3547/4130/3546 3555/4146/3554
f 3557/4147/3556 3558/4148/3557 3544/4127/3543 3555/4146/3554
f 3557/4147/3556 3559/4149/3558 3560/4150/3559 3558/4148/3557
f 3561/4151/3560 3542/4123/3541 3544/4127/3543 3558/4148/3557
f 3560/4150/3559 3562/4152/3561 3561/4151/3560 3558/4148/3557
f 3560/4150/3559 3563/4153/3562 3564/4154/3563 3562/4152/3561
f 3565/4155/3564 3539/4120/3538 3561/4151/3560 3562/4152/3561
f 3564/4154/3563 3566/4156/3565 3565/4155/3564 3562/4152/3561
f 3564/4154/3563 3567/4157/3566 3568/4158/3567 3566/4156/3565
f 2211/2597/2211 3536/4117/3535 3565/4155/3564 3566/4156/3565
f 3568/4158/3567 2212/2598/2212 2211/2597/2211 3566/4156/3565
f 3569/4159/3568 3570/4160/3569 3571/4161/3570 3567/4162/3566
f 3564/4154/3563 3563/4153/3562 3569/4163/3568 3567/4157/3566
f 3571/4164/3570 3572/4165/3571 3568/4158/3567 3567/4157/3566
f 3571/4161/3570 3573/4166/3572 3574/4167/3573 3572/4168/3571
f 3575/4169/3574 2212/2598/2212 3568/4158/3567 3572/4165/3571
f 3574/4170/3573 3576/4171/3575 3575/4169/3574 3572/4165/3571
f 3574/4167/3573 3577/4172/3576 3578/4173/3577 3576/4174/3575
f 3579/4175/3578 3580/4176/3579 3575/4169/3574 3576/4171/3575
f 3578/4177/3577 3581/4178/3580 3579/4175/3578 3576/4171/3575
f 3578/4173/3577 3582/4179/3581 3583/4180/3582 3581/4181/3580
f 1485/1718/1485 1484/1717/1484 3579/4175/3578 3581/4178/3580
f 3583/4180/3582 1486/1720/1486 1485/1719/1485 3581/4181/3580
f 3583/4180/3582 2173/2544/2173 1487/1721/1487 1486/1720/1486
f 3584/4182/3583 3585/4183/3584 1489/1723/1489 1488/1722/1488
f 2/2/2 2174/2545/2174 3584/4182/3583 1488/1722/1488
f 3586/4184/3585 3587/4185/3586 3585/4183/3584 3584/4182/3583
f 2174/2545/2174 3582/4179/3581 3586/4184/3585 3584/4182/3583
f 3577/4172/3576 3588/4186/3587 3587/4185/3586 3586/4184/3585
f 3582/4179/3581 3578/4173/3577 3577/4172/3576 3586/4184/3585
f 3589/4187/3588 2219/2606/2219 3587/4185/3586 3588/4186/3587
f 3573/4166/3572 3590/4188/3589 3589/4187/3588 3588/4186/3587
f 3577/4172/3576 3574/4167/3573 3573/4166/3572 3588/4186/3587
f 3591/4189/3590 3592/4190/3591 3589/4187/3588 3590/4188/3589
f 3570/4160/3569 3593/4191/3592 3591/4189/3590 3590/4188/3589
f 3573/4166/3572 3571/4161/3570 3570/4160/3569 3590/4188/3589
f 1501/1736/1501 1500/1735/1500 3591/4189/3590 3593/4191/3592
f 3594/4192/3593 1502/1737/1502 1501/1736/1501 3593/4191/3592
f 3570/4160/3569 3569/4159/3568 3594/4192/3593 3593/4191/3592
f 3595/4193/3594 3596/4194/3595 1502/1740/1502 3594/4195/3593
f 3569/4163/3568 3563/4153/3562 3595/4196/3594 3594/4197/3593
f 3559/4198/3558 3597/4199/3596 3596/4194/3595 3595/4193/3594
f 3563/4153/3562 3560/4150/3559 3559/4149/3558 3595/4196/3594
f 1508/1745/1508 1507/1744/1507 3596/4194/3595 3597/4199/3596
f 3556/4144/3555 1509/1746/1509 1508/1745/1508 3597/4199/3596
f 3559/4198/3558 3557/4145/3556 3556/4144/3555 3597/4199/3596
f 3556/4144/3555 3554/4140/3553 1454/1677/1454 1509/1746/1509
f 3580/4176/3579 3579/4175/3578 1484/1717/1484 1510/1747/1510
f 46/1749/46 2213/2599/2213 3580/4176/3579 1510/1747/1510
f 3592/4190/3591 3591/4189/3590 1500/1735/1500 1511/1750/1511
f 50/64/50 2216/2603/2216 3592/4190/3591 1511/1750/1511
f 2216/2603/2216 2219/2606/2219 3589/4187/3588 3592/4190/3591
f 2219/2606/2219 2218/2605/2218 3585/4183/3584 3587/4185/3586
f 2218/2605/2218 53/67/53 1489/1723/1489 3585/4183/3584
f 2174/2545/2174 2173/2544/2173 3583/4180/3582 3582/4179/3581
f 2213/2599/2213 2212/2598/2212 3575/4169/3574 3580/4176/3579
f 3536/4117/3535 3535/4116/3534 3539/4120/3538 3565/4155/3564
f 3539/4120/3538 3538/4119/3537 3542/4123/3541 3561/4151/3560
f 2211/2597/2211 2215/2602/2215 3532/4110/3531 3536/4117/3535
f 2215/2602/2215 45/2601/45 1512/4200/1512 3531/4111/3530
f 2251/2638/2251 2250/2637/2250 3598/4201/3597 3495/4065/3494
f 3598/4201/3597 2245/2632/2245 3493/4063/3492 3495/4065/3494
f 2245/2632/2245 2244/2631/2244 3488/4058/3487 3493/4063/3492
f 2244/2631/2244 2246/2633/2246 3489/4059/3488 3488/4058/3487
f 1517/1756/1517 3599/4202/3598 3600/4203/3599 1514/1753/1514
f 3600/4203/3599 3601/4204/3600 1518/1757/1518 1514/1753/1514
f 3600/4203/3599 3602/4205/3601 3603/4206/3602 3601/4204/3600
f 3458/4024/3457 1334/1532/1334 1518/1757/1518 3601/4204/3600
f 3603/4206/3602 3604/4207/3603 3458/4024/3457 3601/4204/3600
f 3603/4206/3602 3605/4208/3604 3606/4209/3605 3604/4207/3603
f 3457/4023/3456 3456/4022/3455 3458/4024/3457 3604/4207/3603
f 3606/4209/3605 3607/4210/3606 3457/4023/3456 3604/4207/3603
f 3606/4209/3605 3608/4211/3607 3609/4212/3608 3607/4210/3606
f 3454/4020/3453 3453/4019/3452 3457/4023/3456 3607/4210/3606
f 3609/4212/3608 3610/4213/3609 3454/4020/3453 3607/4210/3606
f 3609/4212/3608 3611/4214/3610 3612/4215/3611 3610/4213/3609
f 3451/4017/3450 3450/4016/3449 3454/4020/3453 3610/4213/3609
f 3612/4215/3611 3613/4216/3612 3451/4017/3450 3610/4213/3609
f 3612/4217/3611 3614/4218/3613 3615/4219/3614 3613/4220/3612
f 3448/4014/3447 3447/4013/3446 3451/4017/3450 3613/4216/3612
f 3615/4219/3614 3616/4221/3615 3448/4222/3447 3613/4220/3612
f 3615/4219/3614 3617/4223/3616 3618/4224/3617 3616/4221/3615
f 3619/4225/3618 3446/4226/3445 3448/4222/3447 3616/4221/3615
f 3618/4224/3617 3620/4227/3619 3619/4225/3618 3616/4221/3615
f 3618/4224/3617 3621/4228/3620 3622/4229/3621 3620/4227/3619
f 3623/4230/3622 3443/4008/3442 3619/4225/3618 3620/4227/3619
f 3622/4229/3621 3624/4231/3623 3623/4230/3622 3620/4227/3619
f 3622/4229/3621 3625/4232/3624 3626/4233/3625 3624/4231/3623
f 3627/4234/3626 3628/4235/3627 3623/4230/3622 3624/4231/3623
f 3626/4233/3625 3629/4236/3628 3627/4234/3626 3624/4231/3623
f 3626/4233/3625 3630/4237/3629 2361/2757/2361 3629/4236/3628
f 3631/4238/3630 3632/4239/3631 3627/4234/3626 3629/4236/3628
f 2361/2757/2361 2353/2749/2353 3631/4238/3630 3629/4236/3628
f 3633/4240/3632 3634/4241/3633 3632/4239/3631 3631/4238/3630
f 2353/2749/2353 2352/2748/2352 3633/4240/3632 3631/4238/3630
f 3635/4242/3634 3636/4243/3635 3634/4244/3633 3633/4245/3632
f 2352/4246/2352 3637/4247/3636 3635/4242/3634 3633/4245/3632
f 2352/4246/2352 2351/4248/2351 3638/4249/3637 3637/4247/3636
f 3639/4250/3638 3640/4251/3639 3635/4242/3634 3637/4247/3636
f 3638/4249/3637 3641/4252/3640 3639/4250/3638 3637/4247/3636
f 3638/4249/3637 3642/4253/3641 3643/4254/3642 3641/4252/3640
f 3644/4255/3643 3645/4256/3644 3639/4250/3638 3641/4252/3640
f 3643/4254/3642 3646/4257/3645 3644/4255/3643 3641/4252/3640
f 3643/4254/3642 3647/4258/3646 3648/4259/3647 3646/4257/3645
f 3649/4260/3648 3650/4261/3649 3644/4255/3643 3646/4257/3645
f 3648/4259/3647 3651/4262/3650 3649/4260/3648 3646/4257/3645
f 3648/4259/3647 3652/4263/3651 3653/4264/3652 3651/4262/3650
f 3654/4265/3653 3655/4266/3654 3649/4260/3648 3651/4262/3650
f 3653/4264/3652 3656/4267/3655 3654/4265/3653 3651/4262/3650
f 3653/4264/3652 3657/4268/3656 3658/4269/3657 3656/4267/3655
f 3659/4270/3658 3660/4271/3659 3654/4265/3653 3656/4267/3655
f 3658/4269/3657 3661/4272/3660 3659/4270/3658 3656/4267/3655
f 3658/4269/3657 3662/4273/3661 3663/4274/3662 3661/4272/3660
f 3664/4275/3663 3665/4276/3664 3659/4270/3658 3661/4272/3660
f 3663/4274/3662 3666/4277/3665 3664/4275/3663 3661/4272/3660
f 3663/4274/3662 3667/4278/3666 3668/4279/3667 3666/4277/3665
f 3669/4280/3668 3670/4281/3669 3664/4275/3663 3666/4277/3665
f 3668/4279/3667 3671/4282/3670 3669/4280/3668 3666/4277/3665
f 3668/4279/3667 3672/4283/3671 3673/4284/3672 3671/4282/3670
f 3674/4285/3673 3675/4286/3674 3669/4280/3668 3671/4282/3670
f 3673/4284/3672 3676/4287/3675 3674/4285/3673 3671/4282/3670
f 3673/4284/3672 3677/4288/3676 3678/4289/3677 3676/4287/3675
f 3679/4290/3678 3680/4291/3679 3674/4285/3673 3676/4287/3675
f 3678/4289/3677 3681/4292/3680 3679/4290/3678 3676/4287/3675
f 3678/4289/3677 3682/4293/3681 3683/4294/3682 3681/4292/3680
f 3684/4295/3683 3685/4296/3684 3679/4290/3678 3681/4292/3680
f 3683/4294/3682 3686/4297/3685 3684/4295/3683 3681/4292/3680
f 3683/4294/3682 3687/4298/3686 3688/4299/3687 3686/4297/3685
f 3689/4300/3688 3690/4301/3689 3684/4295/3683 3686/4297/3685
f 3688/4299/3687 3691/4302/3690 3689/4300/3688 3686/4297/3685
f 3688/4299/3687 3692/4303/3691 3693/4304/3692 3691/4302/3690
f 3694/4305/3693 3695/4306/3694 3689/4300/3688 3691/4302/3690
f 3693/4304/3692 3696/4307/3695 3694/4305/3693 3691/4302/3690
f 3693/4304/3692 3697/4308/3696 3698/4309/3697 3696/4307/3695
f 3699/4310/3698 3700/4311/3699 3694/4305/3693 3696/4307/3695
f 3698/4309/3697 3701/4312/3700 3699/4310/3698 3696/4307/3695
f 3698/4309/3697 3702/4313/3701 3703/4314/3702 3701/4312/3700
f 3704/4315/3703 3705/4316/3704 3699/4310/3698 3701/4312/3700
f 3703/4314/3702 3706/4317/3705 3704/4315/3703 3701/4312/3700
f 3703/4314/3702 3707/4318/3706 3708/4319/3707 3706/4317/3705
f 3709/4320/3708 3710/4321/3709 3704/4315/3703 3706/4317/3705
f 3708/4319/3707 3711/4322/3710 3709/4320/3708 3706/4317/3705
f 3708/4319/3707 3712/4323/3711 3713/4324/3712 3711/4322/3710
f 3714/4325/3713 3715/4326/3714 3709/4320/3708 3711/4322/3710
f 3713/4324/3712 3716/4327/3715 3714/4325/3713 3711/4322/3710
f 3713/4324/3712 3717/4328/3716 3718/4329/3717 3716/4327/3715
f 3719/4330/3718 3720/4331/3719 3714/4325/3713 3716/4327/3715
f 3718/4329/3717 3721/4332/3720 3719/4330/3718 3716/4327/3715
f 3718/4333/3717 3722/4334/3721 3723/4335/3722 3721/4336/3720
f 3724/4337/3723 3725/4338/3724 3719/4330/3718 3721/4332/3720
f 3723/4335/3722 3726/4339/3725 3724/4340/3723 3721/4336/3720
f 3723/4335/3722 3727/4341/3726 3728/4342/3727 3726/4339/3725
f 3729/4343/3728 3730/4344/3729 3724/4340/3723 3726/4339/3725
f 3728/4342/3727 3731/4345/3730 3729/4343/3728 3726/4339/3725
f 3728/4342/3727 3732/4346/3731 3733/4347/3732 3731/4345/3730
f 3734/4348/3733 3735/4349/3734 3729/4343/3728 3731/4345/3730
f 3733/4347/3732 3736/4350/3735 3734/4348/3733 3731/4345/3730
f 3733/4347/3732 3737/4351/3736 3738/4352/3737 3736/4350/3735
f 3367/3921/3366 3366/3920/3365 3734/4348/3733 3736/4350/3735
f 3738/4352/3737 3739/4353/3738 3367/3921/3366 3736/4350/3735
f 3738/4352/3737 3740/4354/3739 3741/4355/3740 3739/4353/3738
f 3364/3918/3363 3363/3917/3362 3367/3921/3366 3739/4353/3738
f 3741/4355/3740 3742/4356/3741 3364/3918/3363 3739/4353/3738
f 3741/4355/3740 3743/4357/3742 3744/4358/3743 3742/4356/3741
f 3361/3915/3360 3360/3914/3359 3364/3918/3363 3742/4356/3741
f 3744/4358/3743 3745/4359/3744 3361/3915/3360 3742/4356/3741
f 3744/4358/3743 3746/4360/3745 3747/4361/3746 3745/4359/3744
f 3358/3912/3357 3357/3911/3356 3361/3915/3360 3745/4359/3744
f 3747/4361/3746 3748/4362/3747 3358/3912/3357 3745/4359/3744
f 3747/4361/3746 3749/4363/3748 3750/4364/3749 3748/4362/3747
f 3355/3909/3354 3354/3908/3353 3358/3912/3357 3748/4362/3747
f 3750/4364/3749 3751/4365/3750 3355/3909/3354 3748/4362/3747
f 3750/4364/3749 3752/4366/3751 3753/4367/3752 3751/4365/3750
f 3352/3906/3351 3351/3905/3350 3355/3909/3354 3751/4365/3750
f 3753/4367/3752 3754/4368/3753 3352/3906/3351 3751/4365/3750
f 3753/4367/3752 3755/4369/3754 3756/4370/3755 3754/4368/3753
f 3349/3903/3348 3348/3902/3347 3352/3906/3351 3754/4368/3753
f 3756/4370/3755 3757/4371/3756 3349/3903/3348 3754/4368/3753
f 3756/4370/3755 2338/2734/2338 2337/2733/2337 3757/4371/3756
f 3346/3900/3345 3345/3899/3344 3349/3903/3348 3757/4371/3756
f 2337/2733/2337 2339/2735/2339 3346/3900/3345 3757/4371/3756
f 3758/4372/3757 3759/4373/3758 3760/4374/3759 3755/4369/3754
f 3753/4367/3752 3752/4366/3751 3758/4372/3757 3755/4369/3754
f 3760/4374/3759 2338/2734/2338 3756/4370/3755 3755/4369/3754
f 3761/4375/3760 3762/4376/3761 3759/4373/3758 3758/4372/3757
f 3752/4366/3751 3763/4377/3762 3761/4375/3760 3758/4372/3757
f 3764/4378/3763 3765/4379/3764 3761/4375/3760 3763/4377/3762
f 3749/4363/3748 3766/4380/3765 3764/4378/3763 3763/4377/3762
f 3752/4366/3751 3750/4364/3749 3749/4363/3748 3763/4377/3762
f 3767/4381/3766 3768/4382/3767 3764/4378/3763 3766/4380/3765
f 3746/4360/3745 3769/4383/3768 3767/4381/3766 3766/4380/3765
f 3749/4363/3748 3747/4361/3746 3746/4360/3745 3766/4380/3765
f 3770/4384/3769 3771/4385/3770 3767/4381/3766 3769/4383/3768
f 3743/4357/3742 3772/4386/3771 3770/4384/3769 3769/4383/3768
f 3746/4360/3745 3744/4358/3743 3743/4357/3742 3769/4383/3768
f 3773/4387/3772 3774/4388/3773 3770/4384/3769 3772/4386/3771
f 3740/4354/3739 3775/4389/3774 3773/4387/3772 3772/4386/3771
f 3743/4357/3742 3741/4355/3740 3740/4354/3739 3772/4386/3771
f 3776/4390/3775 3777/4391/3776 3773/4387/3772 3775/4389/3774
f 3737/4351/3736 3778/4392/3777 3776/4390/3775 3775/4389/3774
f 3740/4354/3739 3738/4352/3737 3737/4351/3736 3775/4389/3774
f 3779/4393/3778 3780/4394/3779 3776/4390/3775 3778/4392/3777
f 3732/4346/3731 3781/4395/3780 3779/4393/3778 3778/4392/3777
f 3737/4351/3736 3733/4347/3732 3732/4346/3731 3778/4392/3777
f 3782/4396/3781 3783/4397/3782 3779/4393/3778 3781/4395/3780
f 3727/4341/3726 3784/4398/3783 3782/4396/3781 3781/4395/3780
f 3732/4346/3731 3728/4342/3727 3727/4341/3726 3781/4395/3780
f 3785/4399/3784 3786/4400/3785 3782/4396/3781 3784/4398/3783
f 3722/4334/3721 3787/4401/3786 3785/4399/3784 3784/4398/3783
f 3727/4341/3726 3723/4335/3722 3722/4334/3721 3784/4398/3783
f 3788/4402/3787 3789/4403/3788 3785/4399/3784 3787/4401/3786
f 3717/4404/3716 3790/4405/3789 3788/4402/3787 3787/4401/3786
f 3722/4334/3721 3718/4333/3717 3717/4404/3716 3787/4401/3786
f 3791/4406/3790 3792/4407/3791 3788/4402/3787 3790/4405/3789
f 3712/4323/3711 3793/4408/3792 3791/4409/3790 3790/4410/3789
f 3717/4328/3716 3713/4324/3712 3712/4323/3711 3790/4410/3789
f 3794/4411/3793 3795/4412/3794 3791/4409/3790 3793/4408/3792
f 3707/4318/3706 3796/4413/3795 3794/4411/3793 3793/4408/3792
f 3712/4323/3711 3708/4319/3707 3707/4318/3706 3793/4408/3792
f 3797/4414/3796 3798/4415/3797 3794/4411/3793 3796/4413/3795
f 3702/4313/3701 3799/4416/3798 3797/4414/3796 3796/4413/3795
f 3707/4318/3706 3703/4314/3702 3702/4313/3701 3796/4413/3795
f 3800/4417/3799 3801/4418/3800 3797/4414/3796 3799/4416/3798
f 3697/4308/3696 3802/4419/3801 3800/4417/3799 3799/4416/3798
f 3702/4313/3701 3698/4309/3697 3697/4308/3696 3799/4416/3798
f 3803/4420/3802 3804/4421/3803 3800/4417/3799 3802/4419/3801
f 3692/4303/3691 3805/4422/3804 3803/4420/3802 3802/4419/3801
f 3697/4308/3696 3693/4304/3692 3692/4303/3691 3802/4419/3801
f 3806/4423/3805 3807/4424/3806 3803/4420/3802 3805/4422/3804
f 3687/4298/3686 3808/4425/3807 3806/4423/3805 3805/4422/3804
f 3692/4303/3691 3688/4299/3687 3687/4298/3686 3805/4422/3804
f 3809/4426/3808 3810/4427/3809 3806/4423/3805 3808/4425/3807
f 3682/4293/3681 3811/4428/3810 3809/4426/3808 3808/4425/3807
f 3687/4298/3686 3683/4294/3682 3682/4293/3681 3808/4425/3807
f 3812/4429/3811 3813/4430/3812 3809/4426/3808 3811/4428/3810
f 3677/4288/3676 3814/4431/3813 3812/4429/3811 3811/4428/3810
f 3682/4293/3681 3678/4289/3677 3677/4288/3676 3811/4428/3810
f 3815/4432/3814 3816/4433/3815 3812/4429/3811 3814/4431/3813
f 3672/4283/3671 3817/4434/3816 3815/4432/3814 3814/4431/3813
f 3677/4288/3676 3673/4284/3672 3672/4283/3671 3814/4431/3813
f 3818/4435/3817 3819/4436/3818 3815/4432/3814 3817/4434/3816
f 3667/4278/3666 3820/4437/3819 3818/4435/3817 3817/4434/3816
f 3672/4283/3671 3668/4279/3667 3667/4278/3666 3817/4434/3816
f 3821/4438/3820 3822/4439/3821 3818/4435/3817 3820/4437/3819
f 3662/4273/3661 3823/4440/3822 3821/4438/3820 3820/4437/3819
f 3667/4278/3666 3663/4274/3662 3662/4273/3661 3820/4437/3819
f 3824/4441/3823 3825/4442/3824 3821/4438/3820 3823/4440/3822
f 3657/4268/3656 3826/4443/3825 3824/4441/3823 3823/4440/3822
f 3662/4273/3661 3658/4269/3657 3657/4268/3656 3823/4440/3822
f 3827/4444/3826 3828/4445/3827 3824/4441/3823 3826/4443/3825
f 3652/4263/3651 3829/4446/3828 3827/4444/3826 3826/4443/3825
f 3657/4268/3656 3653/4264/3652 3652/4263/3651 3826/4443/3825
f 3830/4447/3829 3831/4448/3830 3827/4444/3826 3829/4446/3828
f 3647/4258/3646 3832/4449/3831 3830/4447/3829 3829/4446/3828
f 3652/4263/3651 3648/4259/3647 3647/4258/3646 3829/4446/3828
f 3833/4450/3832 3834/4451/3833 3830/4447/3829 3832/4449/3831
f 3642/4253/3641 2356/4452/2356 3833/4450/3832 3832/4449/3831
f 3647/4258/3646 3643/4254/3642 3642/4253/3641 3832/4449/3831
f 3835/4453/3834 3836/4454/3835 3834/4455/3833 3833/4456/3832
f 2356/2752/2356 2355/2751/2355 3835/4453/3834 3833/4456/3832
f 3837/4457/3836 3838/4458/3837 3836/4454/3835 3835/4453/3834
f 2355/2751/2355 2358/2754/2358 3837/4457/3836 3835/4453/3834
f 3839/4459/3838 3840/4460/3839 3838/4458/3837 3837/4457/3836
f 2358/2754/2358 3841/4461/3840 3839/4459/3838 3837/4457/3836
f 1761/2020/1761 1760/2019/1760 3839/4459/3838 3841/4461/3840
f 3842/4462/3841 1762/2021/1762 1761/2020/1761 3841/4461/3840
f 2358/2754/2358 2357/2753/2357 3842/4462/3841 3841/4461/3840
f 3063/3590/3062 924/1087/924 1762/2021/1762 3842/4462/3841
f 2357/2753/2357 2360/2756/2360 3063/3590/3062 3842/4462/3841
f 1760/2019/1760 1764/2023/1764 3840/4460/3839 3839/4459/3838
f 1766/2025/1766 3843/4463/3842 3840/4460/3839 1764/2023/1764
f 1766/2025/1766 1768/2027/1768 3844/4464/3843 3843/4463/3842
f 3845/4465/3844 3838/4458/3837 3840/4460/3839 3843/4463/3842
f 3844/4464/3843 3846/4466/3845 3845/4465/3844 3843/4463/3842
f 3844/4464/3843 3847/4467/3846 3848/4468/3847 3846/4466/3845
f 3849/4469/3848 3850/4470/3849 3845/4465/3844 3846/4466/3845
f 3848/4468/3847 3851/4471/3850 3849/4469/3848 3846/4466/3845
f 3848/4468/3847 3852/4472/3851 3853/4473/3852 3851/4471/3850
f 3854/4474/3853 3855/4475/3854 3849/4469/3848 3851/4471/3850
f 3853/4473/3852 3856/4476/3855 3854/4474/3853 3851/4471/3850
f 3853/4473/3852 3857/4477/3856 3858/4478/3857 3856/4476/3855
f 3859/4479/3858 3860/4480/3859 3854/4481/3853 3856/4482/3855
f 3858/4483/3857 3861/4484/3860 3859/4479/3858 3856/4482/3855
f 3858/4483/3857 3862/4485/3861 3863/4486/3862 3861/4484/3860
f 3864/4487/3863 3865/4488/3864 3859/4479/3858 3861/4484/3860
f 3863/4486/3862 3866/4489/3865 3864/4487/3863 3861/4484/3860
f 3863/4486/3862 3867/4490/3866 3868/4491/3867 3866/4489/3865
f 3869/4492/3868 3870/4493/3869 3864/4487/3863 3866/4489/3865
f 3868/4491/3867 3871/4494/3870 3869/4492/3868 3866/4489/3865
f 3868/4491/3867 3872/4495/3871 3873/4496/3872 3871/4494/3870
f 3874/4497/3873 3875/4498/3874 3869/4492/3868 3871/4494/3870
f 3873/4496/3872 3876/4499/3875 3874/4497/3873 3871/4494/3870
f 3873/4496/3872 3877/4500/3876 3878/4501/3877 3876/4499/3875
f 3879/4502/3878 3880/4503/3879 3874/4497/3873 3876/4499/3875
f 3878/4501/3877 3881/4504/3880 3879/4502/3878 3876/4499/3875
f 3878/4501/3877 3882/4505/3881 3883/4506/3882 3881/4504/3880
f 3884/4507/3883 3885/4508/3884 3879/4502/3878 3881/4504/3880
f 3883/4506/3882 3886/4509/3885 3884/4507/3883 3881/4504/3880
f 3883/4506/3882 3887/4510/3886 3888/4511/3887 3886/4509/3885
f 3889/4512/3888 3890/4513/3889 3884/4507/3883 3886/4509/3885
f 3888/4511/3887 3891/4514/3890 3889/4512/3888 3886/4509/3885
f 3888/4511/3887 3892/4515/3891 3893/4516/3892 3891/4514/3890
f 3894/4517/3893 3895/4518/3894 3889/4512/3888 3891/4514/3890
f 3893/4516/3892 3896/4519/3895 3894/4517/3893 3891/4514/3890
f 3893/4516/3892 3897/4520/3896 3898/4521/3897 3896/4519/3895
f 3899/4522/3898 3900/4523/3899 3894/4517/3893 3896/4519/3895
f 3898/4521/3897 3901/4524/3900 3899/4522/3898 3896/4519/3895
f 3898/4525/3897 3902/4526/3901 3903/4527/3902 3901/4528/3900
f 3904/4529/3903 3905/4530/3904 3899/4522/3898 3901/4524/3900
f 3903/4527/3902 3906/4531/3905 3904/4532/3903 3901/4528/3900
f 3903/4527/3902 3907/4533/3906 3908/4534/3907 3906/4531/3905
f 3909/4535/3908 3910/4536/3909 3904/4532/3903 3906/4531/3905
f 3908/4534/3907 3911/4537/3910 3909/4535/3908 3906/4531/3905
f 3908/4534/3907 3912/4538/3911 3913/4539/3912 3911/4537/3910
f 3914/4540/3913 3915/4541/3914 3909/4535/3908 3911/4537/3910
f 3913/4539/3912 3916/4542/3915 3914/4540/3913 3911/4537/3910
f 3913/4539/3912 3917/4543/3916 3918/4544/3917 3916/4542/3915
f 3919/4545/3918 3920/4546/3919 3914/4540/3913 3916/4542/3915
f 3918/4544/3917 3921/4547/3920 3919/4545/3918 3916/4542/3915
f 3918/4544/3917 3922/4548/3921 3923/4549/3922 3921/4547/3920
f 3924/4550/3923 3925/4551/3924 3919/4545/3918 3921/4547/3920
f 3923/4549/3922 3926/4552/3925 3924/4550/3923 3921/4547/3920
f 3923/4549/3922 3927/4553/3926 3928/4554/3927 3926/4552/3925
f 3929/4555/3928 3930/4556/3929 3924/4550/3923 3926/4552/3925
f 3928/4554/3927 3931/4557/3930 3929/4555/3928 3926/4552/3925
f 3928/4554/3927 3932/4558/3931 3933/4559/3932 3931/4557/3930
f 3934/4560/3933 3935/4561/3934 3929/4555/3928 3931/4557/3930
f 3933/4559/3932 3936/4562/3935 3934/4560/3933 3931/4557/3930
f 3933/4559/3932 3937/4563/3936 3938/4564/3937 3936/4562/3935
f 3939/4565/3938 3940/4566/3939 3934/4560/3933 3936/4562/3935
f 3938/4564/3937 3941/4567/3940 3939/4565/3938 3936/4562/3935
f 3938/4564/3937 3942/4568/3941 3943/4569/3942 3941/4567/3940
f 3944/4570/3943 3945/4571/3944 3939/4565/3938 3941/4567/3940
f 3943/4569/3942 3946/4572/3945 3944/4570/3943 3941/4567/3940
f 3943/4569/3942 3947/4573/3946 3948/4574/3947 3946/4572/3945
f 3949/4575/3948 3950/4576/3949 3944/4570/3943 3946/4572/3945
f 3948/4574/3947 3951/4577/3950 3949/4575/3948 3946/4572/3945
f 3948/4574/3947 3952/4578/3951 3953/4579/3952 3951/4577/3950
f 3954/4580/3953 3955/4581/3954 3949/4575/3948 3951/4577/3950
f 3953/4579/3952 3956/4582/3955 3954/4580/3953 3951/4577/3950
f 3953/4579/3952 3957/4583/3956 3958/4584/3957 3956/4582/3955
f 3959/4585/3958 3960/4586/3959 3954/4580/3953 3956/4582/3955
f 3958/4584/3957 3961/4587/3960 3959/4585/3958 3956/4582/3955
f 3958/4584/3957 3962/4588/3961 3963/4589/3962 3961/4587/3960
f 3964/4590/3963 3965/4591/3964 3959/4585/3958 3961/4587/3960
f 3963/4589/3962 3966/4592/3965 3964/4590/3963 3961/4587/3960
f 3963/4589/3962 3967/4593/3966 3968/4594/3967 3966/4592/3965
f 3969/4595/3968 3970/4596/3969 3964/4590/3963 3966/4592/3965
f 3968/4594/3967 3971/4597/3970 3969/4595/3968 3966/4592/3965
f 3968/4594/3967 3972/4598/3971 3973/4599/3972 3971/4597/3970
f 3974/4600/3973 3975/4601/3974 3969/4595/3968 3971/4597/3970
f 3973/4599/3972 3976/4602/3975 3974/4600/3973 3971/4597/3970
f 3973/4599/3972 3977/4603/3976 3978/4604/3977 3976/4602/3975
f 3979/4605/3978 3980/4606/3979 3974/4600/3973 3976/4602/3975
f 3978/4604/3977 3981/4607/3980 3979/4605/3978 3976/4602/3975
f 3978/4604/3977 3982/4608/3981 3983/4609/3982 3981/4607/3980
f 3984/4610/3983 3985/4611/3984 3979/4605/3978 3981/4607/3980
f 3983/4609/3982 3986/4612/3985 3984/4610/3983 3981/4607/3980
f 3983/4609/3982 3987/4613/3986 3988/4614/3987 3986/4612/3985
f 3989/4615/3988 3990/4616/3989 3984/4610/3983 3986/4612/3985
f 3988/4614/3987 3991/4617/3990 3989/4615/3988 3986/4612/3985
f 3988/4614/3987 3992/4618/3991 3993/4619/3992 3991/4617/3990
f 3994/4620/3993 3995/4621/3994 3989/4615/3988 3991/4617/3990
f 3993/4619/3992 3996/4622/3995 3994/4620/3993 3991/4617/3990
f 3993/4619/3992 3997/4623/3996 3998/4624/3997 3996/4622/3995
f 3999/4625/3998 4000/4626/3999 3994/4620/3993 3996/4622/3995
f 3998/4624/3997 4001/4627/4000 3999/4625/3998 3996/4622/3995
f 3998/4624/3997 2323/2716/2323 2322/2715/2322 4001/4627/4000
f 2317/2710/2317 2313/2706/2313 3999/4625/3998 4001/4627/4000
f 2322/2715/2322 4002/4628/4001 2317/2710/2317 4001/4627/4000
f 4003/4629/4002 2315/2708/2315 2317/2710/2317 4002/4628/4001
f 4004/4630/4003 4005/4631/4004 4003/4629/4002 4002/4628/4001
f 2322/2715/2322 2320/2713/2320 4004/4630/4003 4002/4628/4001
f 4006/4632/4005 4007/4633/4006 4005/4631/4004 4004/4630/4003
f 2320/2713/2320 2319/2712/2319 4006/4632/4005 4004/4630/4003
f 4008/4634/4007 3323/3877/3322 4007/4633/4006 4006/4632/4005
f 2319/2712/2319 4009/4635/4008 4008/4634/4007 4006/4632/4005
f 2319/2712/2319 2318/2711/2318 4010/4636/4009 4009/4635/4008
f 4011/4637/4010 3320/4638/3319 4008/4639/4007 4009/4640/4008
f 4010/4641/4009 4012/4642/4011 4011/4643/4010 4009/4644/4008
f 4010/4641/4009 4013/4645/4012 4014/4646/4013 4012/4642/4011
f 3313/3865/3312 3315/3864/3314 4011/4637/4010 4012/4647/4011
f 4014/4646/4013 3311/3860/3310 3313/3862/3312 4012/4642/4011
f 2328/2723/2328 4015/4648/4014 4016/4649/4015 4013/4645/4012
f 4010/4641/4009 2318/2724/2318 2328/2723/2328 4013/4645/4012
f 4016/4649/4015 3308/3857/3307 4014/4646/4013 4013/4645/4012
f 3238/3777/3237 3237/3776/3236 3243/3782/3242 4015/4648/4014
f 2328/2723/2328 2327/2721/2327 3238/3777/3237 4015/4648/4014
f 3243/3782/3242 4017/4650/4016 4016/4649/4015 4015/4648/4014
f 3243/3782/3242 3242/3781/3241 3248/3787/3247 4017/4650/4016
f 3306/3855/3305 3308/3857/3307 4016/4649/4015 4017/4650/4016
f 3248/3787/3247 3304/3853/3303 3306/3855/3305 4017/4650/4016
f 3308/3857/3307 3307/3856/3306 3311/3860/3310 4014/4646/4013
f 3315/3864/3314 3317/3868/3316 3320/4638/3319 4011/4637/4010
f 3320/3871/3319 3319/3870/3318 3323/3877/3322 4008/4634/4007
f 4018/4651/4017 4019/4652/4018 4005/4631/4004 4007/4633/4006
f 3323/3877/3322 3322/3876/3321 4018/4651/4017 4007/4633/4006
f 4020/4653/4019 4021/4654/4020 4019/4652/4018 4018/4651/4017
f 3322/3876/3321 3325/3879/3324 4020/4653/4019 4018/4651/4017
f 4022/4655/4021 4023/4656/4022 4021/4654/4020 4020/4653/4019
f 3325/3879/3324 3327/3881/3326 4022/4655/4021 4020/4653/4019
f 4024/4657/4023 4025/4658/4024 4023/4656/4022 4022/4655/4021
f 3327/3881/3326 3329/3883/3328 4024/4657/4023 4022/4655/4021
f 4026/4659/4025 4027/4660/4026 4025/4658/4024 4024/4657/4023
f 3329/3883/3328 3331/3885/3330 4026/4659/4025 4024/4657/4023
f 4028/4661/4027 4029/4662/4028 4027/4660/4026 4026/4659/4025
f 3331/3885/3330 3333/3887/3332 4028/4661/4027 4026/4659/4025
f 4030/4663/4029 4031/4664/4030 4029/4662/4028 4028/4661/4027
f 3333/3887/3332 3335/3889/3334 4030/4663/4029 4028/4661/4027
f 2333/2729/2333 2331/2727/2331 4031/4664/4030 4030/4663/4029
f 3335/3889/3334 3337/3891/3336 2333/2729/2333 4030/4663/4029
f 4032/4665/4031 2310/2703/2310 4029/4662/4028 4031/4664/4030
f 2331/2727/2331 2330/2726/2330 4032/4665/4031 4031/4664/4030
f 2330/2726/2330 4033/4666/4032 4034/4667/4033 4032/4665/4031
f 4034/4667/4033 2308/2701/2308 2310/2703/2310 4032/4665/4031
f 4035/4668/4034 4036/4669/4035 4037/4670/4036 4033/4666/4032
f 2330/2726/2330 2329/2725/2329 4035/4668/4034 4033/4666/4032
f 4037/4670/4036 4038/4671/4037 4034/4667/4033 4033/4666/4032
f 4037/4670/4036 4039/4672/4038 4040/4673/4039 4038/4671/4037
f 2309/2702/2309 2308/2701/2308 4034/4667/4033 4038/4671/4037
f 4040/4673/4039 4041/4674/4040 2309/2702/2309 4038/4671/4037
f 4040/4673/4039 4042/4675/4041 4043/4676/4042 4041/4674/4040
f 4044/4677/4043 2304/2697/2304 2309/2702/2309 4041/4674/4040
f 4043/4676/4042 4045/4678/4044 4044/4677/4043 4041/4674/4040
f 4043/4676/4042 2311/2704/2311 2316/2709/2316 4045/4678/4044
f 4046/4679/4045 4047/4680/4046 4044/4677/4043 4045/4678/4044
f 2316/2709/2316 4048/4681/4047 4046/4679/4045 4045/4678/4044
f 2316/2709/2316 2315/2708/2315 4003/4629/4002 4048/4681/4047
f 4019/4652/4018 4021/4654/4020 4046/4679/4045 4048/4681/4047
f 4003/4629/4002 4005/4631/4004 4019/4652/4018 4048/4681/4047
f 4021/4654/4020 4023/4656/4022 4047/4680/4046 4046/4679/4045
f 2305/2698/2305 2304/2697/2304 4044/4677/4043 4047/4680/4046
f 4023/4656/4022 4025/4658/4024 2305/2698/2305 4047/4680/4046
f 4049/4682/4048 4000/4626/3999 2312/2705/2312 4042/4675/4041
f 4040/4673/4039 4039/4672/4038 4049/4682/4048 4042/4675/4041
f 2312/2705/2312 2311/2704/2311 4043/4676/4042 4042/4675/4041
f 3995/4621/3994 3994/4620/3993 4000/4626/3999 4049/4682/4048
f 4039/4672/4038 4050/4683/4049 3995/4621/3994 4049/4682/4048
f 3990/4616/3989 3989/4615/3988 3995/4621/3994 4050/4683/4049
f 4036/4669/4035 4051/4684/4050 3990/4616/3989 4050/4683/4049
f 4039/4672/4038 4037/4670/4036 4036/4669/4035 4050/4683/4049
f 3985/4611/3984 3984/4610/3983 3990/4616/3989 4051/4684/4050
f 4052/4685/4051 4053/4686/4052 3985/4611/3984 4051/4684/4050
f 4036/4669/4035 4035/4668/4034 4052/4685/4051 4051/4684/4050
f 2336/2732/2336 4054/4687/4053 4053/4686/4052 4052/4685/4051
f 4035/4668/4034 2329/2725/2329 2336/2732/2336 4052/4685/4051
f 4055/4688/4054 3980/4606/3979 4053/4686/4052 4054/4687/4053
f 4056/4689/4055 4057/4690/4056 4055/4688/4054 4054/4687/4053
f 2336/2732/2336 2335/2731/2335 4056/4689/4055 4054/4687/4053
f 3760/4374/3759 3759/4373/3758 4057/4690/4056 4056/4689/4055
f 2335/2731/2335 2338/2734/2338 3760/4374/3759 4056/4689/4055
f 4058/4691/4057 3975/4601/3974 4055/4688/4054 4057/4690/4056
f 3759/4373/3758 3762/4376/3761 4058/4691/4057 4057/4690/4056
f 3970/4596/3969 3969/4595/3968 3975/4601/3974 4058/4691/4057
f 3762/4376/3761 4059/4692/4058 3970/4596/3969 4058/4691/4057
f 3965/4591/3964 3964/4590/3963 3970/4596/3969 4059/4692/4058
f 3765/4379/3764 4060/4693/4059 3965/4591/3964 4059/4692/4058
f 3762/4376/3761 3761/4375/3760 3765/4379/3764 4059/4692/4058
f 3960/4586/3959 3959/4585/3958 3965/4591/3964 4060/4693/4059
f 3768/4382/3767 4061/4694/4060 3960/4586/3959 4060/4693/4059
f 3765/4379/3764 3764/4378/3763 3768/4382/3767 4060/4693/4059
f 3955/4581/3954 3954/4580/3953 3960/4586/3959 4061/4694/4060
f 3771/4385/3770 4062/4695/4061 3955/4581/3954 4061/4694/4060
f 3768/4382/3767 3767/4381/3766 3771/4385/3770 4061/4694/4060
f 3950/4576/3949 3949/4575/3948 3955/4581/3954 4062/4695/4061
f 3774/4388/3773 4063/4696/4062 3950/4576/3949 4062/4695/4061
f 3771/4385/3770 3770/4384/3769 3774/4388/3773 4062/4695/4061
f 3945/4571/3944 3944/4570/3943 3950/4576/3949 4063/4696/4062
f 3777/4391/3776 4064/4697/4063 3945/4571/3944 4063/4696/4062
f 3774/4388/3773 3773/4387/3772 3777/4391/3776 4063/4696/4062
f 3940/4566/3939 3939/4565/3938 3945/4571/3944 4064/4697/4063
f 3780/4394/3779 4065/4698/4064 3940/4566/3939 4064/4697/4063
f 3777/4391/3776 3776/4390/3775 3780/4394/3779 4064/4697/4063
f 3935/4561/3934 3934/4560/3933 3940/4566/3939 4065/4698/4064
f 3783/4397/3782 4066/4699/4065 3935/4561/3934 4065/4698/4064
f 3780/4394/3779 3779/4393/3778 3783/4397/3782 4065/4698/4064
f 3930/4556/3929 3929/4555/3928 3935/4561/3934 4066/4699/4065
f 3786/4400/3785 4067/4700/4066 3930/4556/3929 4066/4699/4065
f 3783/4397/3782 3782/4396/3781 3786/4400/3785 4066/4699/4065
f 3925/4551/3924 3924/4550/3923 3930/4556/3929 4067/4700/4066
f 3789/4403/3788 4068/4701/4067 3925/4551/3924 4067/4700/4066
f 3786/4400/3785 3785/4399/3784 3789/4403/3788 4067/4700/4066
f 3920/4546/3919 3919/4545/3918 3925/4551/3924 4068/4701/4067
f 3792/4407/3791 4069/4702/4068 3920/4546/3919 4068/4701/4067
f 3789/4403/3788 3788/4402/3787 3792/4407/3791 4068/4701/4067
f 3915/4541/3914 3914/4540/3913 3920/4546/3919 4069/4702/4068
f 3795/4703/3794 4070/4704/4069 3915/4541/3914 4069/4702/4068
f 3792/4407/3791 3791/4406/3790 3795/4703/3794 4069/4702/4068
f 3910/4536/3909 3909/4535/3908 3915/4541/3914 4070/4704/4069
f 3798/4415/3797 4071/4705/4070 3910/4706/3909 4070/4707/4069
f 3795/4412/3794 3794/4411/3793 3798/4415/3797 4070/4707/4069
f 3905/4530/3904 3904/4529/3903 3910/4706/3909 4071/4705/4070
f 3801/4418/3800 4072/4708/4071 3905/4530/3904 4071/4705/4070
f 3798/4415/3797 3797/4414/3796 3801/4418/3800 4071/4705/4070
f 3900/4523/3899 3899/4522/3898 3905/4530/3904 4072/4708/4071
f 3804/4421/3803 4073/4709/4072 3900/4523/3899 4072/4708/4071
f 3801/4418/3800 3800/4417/3799 3804/4421/3803 4072/4708/4071
f 3895/4518/3894 3894/4517/3893 3900/4523/3899 4073/4709/4072
f 3807/4424/3806 4074/4710/4073 3895/4518/3894 4073/4709/4072
f 3804/4421/3803 3803/4420/3802 3807/4424/3806 4073/4709/4072
f 3890/4513/3889 3889/4512/3888 3895/4518/3894 4074/4710/4073
f 3810/4427/3809 4075/4711/4074 3890/4513/3889 4074/4710/4073
f 3807/4424/3806 3806/4423/3805 3810/4427/3809 4074/4710/4073
f 3885/4508/3884 3884/4507/3883 3890/4513/3889 4075/4711/4074
f 3813/4430/3812 4076/4712/4075 3885/4508/3884 4075/4711/4074
f 3810/4427/3809 3809/4426/3808 3813/4430/3812 4075/4711/4074
f 3880/4503/3879 3879/4502/3878 3885/4508/3884 4076/4712/4075
f 3816/4433/3815 4077/4713/4076 3880/4503/3879 4076/4712/4075
f 3813/4430/3812 3812/4429/3811 3816/4433/3815 4076/4712/4075
f 3875/4498/3874 3874/4497/3873 3880/4503/3879 4077/4713/4076
f 3819/4436/3818 4078/4714/4077 3875/4498/3874 4077/4713/4076
f 3816/4433/3815 3815/4432/3814 3819/4436/3818 4077/4713/4076
f 3870/4493/3869 3869/4492/3868 3875/4498/3874 4078/4714/4077
f 3822/4439/3821 4079/4715/4078 3870/4493/3869 4078/4714/4077
f 3819/4436/3818 3818/4435/3817 3822/4439/3821 4078/4714/4077
f 3865/4488/3864 3864/4487/3863 3870/4493/3869 4079/4715/4078
f 3825/4442/3824 4080/4716/4079 3865/4488/3864 4079/4715/4078
f 3822/4439/3821 3821/4438/3820 3825/4442/3824 4079/4715/4078
f 3860/4480/3859 3859/4479/3858 3865/4488/3864 4080/4716/4079
f 3828/4445/3827 4081/4717/4080 3860/4480/3859 4080/4716/4079
f 3825/4442/3824 3824/4441/3823 3828/4445/3827 4080/4716/4079
f 3855/4718/3854 3854/4481/3853 3860/4480/3859 4081/4717/4080
f 3831/4448/3830 4082/4719/4081 3855/4718/3854 4081/4717/4080
f 3828/4445/3827 3827/4444/3826 3831/4448/3830 4081/4717/4080
f 3850/4470/3849 3849/4469/3848 3855/4475/3854 4082/4720/4081
f 3834/4455/3833 3836/4454/3835 3850/4470/3849 4082/4720/4081
f 3831/4448/3830 3830/4447/3829 3834/4451/3833 4082/4719/4081
f 3975/4601/3974 3974/4600/3973 3980/4606/3979 4055/4688/4054
f 3980/4606/3979 3979/4605/3978 3985/4611/3984 4053/4686/4052
f 2310/2703/2310 2306/2699/2306 4027/4660/4026 4029/4662/4028
f 2306/2699/2306 2305/2698/2305 4025/4658/4024 4027/4660/4026
f 2313/2706/2313 2312/2705/2312 4000/4626/3999 3999/4625/3998
f 3223/3759/3222 3222/3758/3221 2324/2717/2324 3997/4623/3996
f 3993/4619/3992 3992/4618/3991 3223/3759/3222 3997/4623/3996
f 2324/2717/2324 2323/2716/2323 3998/4624/3997 3997/4623/3996
f 3218/3754/3217 3217/3753/3216 3223/3759/3222 3992/4618/3991
f 3988/4614/3987 3987/4613/3986 3218/3754/3217 3992/4618/3991
f 3213/3749/3212 3212/3748/3211 3218/3754/3217 3987/4613/3986
f 3983/4609/3982 3982/4608/3981 3213/3749/3212 3987/4613/3986
f 3208/3744/3207 3207/3743/3206 3213/3749/3212 3982/4608/3981
f 3978/4604/3977 3977/4603/3976 3208/3744/3207 3982/4608/3981
f 3203/3739/3202 3202/3738/3201 3208/3744/3207 3977/4603/3976
f 3973/4599/3972 3972/4598/3971 3203/3739/3202 3977/4603/3976
f 3198/3734/3197 3197/3733/3196 3203/3739/3202 3972/4598/3971
f 3968/4594/3967 3967/4593/3966 3198/3734/3197 3972/4598/3971
f 3193/3729/3192 3192/3728/3191 3198/3734/3197 3967/4593/3966
f 3963/4589/3962 3962/4588/3961 3193/3729/3192 3967/4593/3966
f 3188/3724/3187 3187/3723/3186 3193/3729/3192 3962/4588/3961
f 3958/4584/3957 3957/4583/3956 3188/3724/3187 3962/4588/3961
f 3183/3719/3182 3182/3718/3181 3188/3724/3187 3957/4583/3956
f 3953/4579/3952 3952/4578/3951 3183/3719/3182 3957/4583/3956
f 3178/3714/3177 3177/3713/3176 3183/3719/3182 3952/4578/3951
f 3948/4574/3947 3947/4573/3946 3178/3714/3177 3952/4578/3951
f 3173/3709/3172 3172/3708/3171 3178/3714/3177 3947/4573/3946
f 3943/4569/3942 3942/4568/3941 3173/3709/3172 3947/4573/3946
f 3168/3704/3167 3167/3703/3166 3173/3709/3172 3942/4568/3941
f 3938/4564/3937 3937/4563/3936 3168/3704/3167 3942/4568/3941
f 3163/3699/3162 3162/3698/3161 3168/3704/3167 3937/4563/3936
f 3933/4559/3932 3932/4558/3931 3163/3699/3162 3937/4563/3936
f 3158/3694/3157 3157/3693/3156 3163/3699/3162 3932/4558/3931
f 3928/4554/3927 3927/4553/3926 3158/3694/3157 3932/4558/3931
f 3153/3689/3152 3152/3688/3151 3158/3694/3157 3927/4553/3926
f 3923/4549/3922 3922/4548/3921 3153/3689/3152 3927/4553/3926
f 3148/3684/3147 3147/3683/3146 3153/3689/3152 3922/4548/3921
f 3918/4544/3917 3917/4543/3916 3148/3684/3147 3922/4548/3921
f 3143/3679/3142 3142/3678/3141 3148/3684/3147 3917/4543/3916
f 3913/4539/3912 3912/4538/3911 3143/3679/3142 3917/4543/3916
f 3138/3674/3137 3137/3673/3136 3143/3679/3142 3912/4538/3911
f 3908/4534/3907 3907/4533/3906 3138/3674/3137 3912/4538/3911
f 3133/3669/3132 3132/3668/3131 3138/3674/3137 3907/4533/3906
f 3903/4527/3902 3902/4526/3901 3133/3669/3132 3907/4533/3906
f 3128/3664/3127 3127/3663/3126 3133/3669/3132 3902/4526/3901
f 3898/4525/3897 3897/4721/3896 3128/3664/3127 3902/4526/3901
f 3123/3659/3122 3122/3658/3121 3128/3664/3127 3897/4721/3896
f 3893/4516/3892 3892/4515/3891 3123/4722/3122 3897/4520/3896
f 3118/3653/3117 3117/3652/3116 3123/4722/3122 3892/4515/3891
f 3888/4511/3887 3887/4510/3886 3118/3653/3117 3892/4515/3891
f 3113/3646/3112 3112/3645/3111 3118/3653/3117 3887/4510/3886
f 3883/4506/3882 3882/4505/3881 3113/3646/3112 3887/4510/3886
f 3108/3638/3107 3107/3637/3106 3113/3646/3112 3882/4505/3881
f 3878/4501/3877 3877/4500/3876 3108/3638/3107 3882/4505/3881
f 3103/4723/3102 3102/3639/3101 3108/3638/3107 3877/4500/3876
f 3873/4496/3872 3872/4495/3871 3103/4723/3102 3877/4500/3876
f 3099/3629/3098 3098/3628/3097 3103/3633/3102 3872/4724/3871
f 3868/4491/3867 3867/4490/3866 3099/4725/3098 3872/4495/3871
f 4083/4726/4082 3097/3627/3096 3099/3629/3098 3867/4727/3866
f 3863/4486/3862 3862/4485/3861 4083/4728/4082 3867/4490/3866
f 4084/4729/4083 3095/3625/3094 3097/3627/3096 4083/4726/4082
f 3862/4730/3861 4085/4731/4084 4084/4729/4083 4083/4726/4082
f 4086/4732/4085 4087/4733/4086 4084/4729/4083 4085/4731/4084
f 3857/4734/3856 4088/4735/4087 4086/4732/4085 4085/4731/4084
f 3862/4730/3861 3858/4736/3857 3857/4734/3856 4085/4731/4084
f 4089/4737/4088 4090/4738/4089 4086/4732/4085 4088/4735/4087
f 3852/4472/3851 4091/4739/4090 4089/4740/4088 4088/4741/4087
f 3857/4477/3856 3853/4473/3852 3852/4472/3851 4088/4741/4087
f 2017/2302/2017 2016/2301/2016 4089/4740/4088 4091/4739/4090
f 3847/4467/3846 2018/2303/2018 2017/2302/2017 4091/4739/4090
f 3852/4472/3851 3848/4468/3847 3847/4467/3846 4091/4739/4090
f 3847/4467/3846 3844/4464/3843 1768/2027/1768 2018/2303/2018
f 3093/3623/3092 4092/4742/4091 2020/2305/2020 2019/2304/2019
f 962/1125/962 3090/3620/3089 3093/3623/3092 2019/2304/2019
f 4090/4738/4089 2022/2307/2022 2020/2305/2020 4092/4742/4091
f 4087/4733/4086 4086/4732/4085 4090/4738/4089 4092/4742/4091
f 3093/3623/3092 3092/3622/3091 4087/4733/4086 4092/4742/4091
f 4090/4738/4089 4089/4737/4088 2016/2308/2016 2022/2307/2022
f 3092/3622/3091 3095/3625/3094 4084/4729/4083 4087/4733/4086
f 3836/4454/3835 3838/4458/3837 3845/4465/3844 3850/4470/3849
f 3366/3920/3365 3369/3923/3368 3735/4349/3734 3734/4348/3733
f 3374/4743/3373 3730/4344/3729 3729/4343/3728 3735/4349/3734
f 3369/3923/3368 3371/3925/3370 3374/4743/3373 3735/4349/3734
f 3377/3933/3376 3725/4338/3724 3724/4337/3723 3730/4744/3729
f 3374/3930/3373 3373/3929/3372 3377/3933/3376 3730/4744/3729
f 3380/3936/3379 3720/4331/3719 3719/4330/3718 3725/4338/3724
f 3377/3933/3376 3376/3932/3375 3380/3936/3379 3725/4338/3724
f 3383/3939/3382 3715/4326/3714 3714/4325/3713 3720/4331/3719
f 3380/3936/3379 3379/3935/3378 3383/3939/3382 3720/4331/3719
f 3386/3942/3385 3710/4321/3709 3709/4320/3708 3715/4326/3714
f 3383/3939/3382 3382/3938/3381 3386/3942/3385 3715/4326/3714
f 3389/3945/3388 3705/4316/3704 3704/4315/3703 3710/4321/3709
f 3386/3942/3385 3385/3941/3384 3389/3945/3388 3710/4321/3709
f 3392/3948/3391 3700/4311/3699 3699/4310/3698 3705/4316/3704
f 3389/3945/3388 3388/3944/3387 3392/3948/3391 3705/4316/3704
f 3395/3951/3394 3695/4306/3694 3694/4305/3693 3700/4311/3699
f 3392/3948/3391 3391/3947/3390 3395/3951/3394 3700/4311/3699
f 3398/3954/3397 3690/4301/3689 3689/4300/3688 3695/4306/3694
f 3395/3951/3394 3394/3950/3393 3398/3954/3397 3695/4306/3694
f 3401/3957/3400 3685/4296/3684 3684/4295/3683 3690/4301/3689
f 3398/3954/3397 3397/3953/3396 3401/3957/3400 3690/4301/3689
f 3404/3960/3403 3680/4291/3679 3679/4290/3678 3685/4296/3684
f 3401/3957/3400 3400/3956/3399 3404/3960/3403 3685/4296/3684
f 3407/3963/3406 3675/4286/3674 3674/4285/3673 3680/4291/3679
f 3404/3960/3403 3403/3959/3402 3407/3963/3406 3680/4291/3679
f 3410/3966/3409 3670/4281/3669 3669/4280/3668 3675/4286/3674
f 3407/3963/3406 3406/3962/3405 3410/3966/3409 3675/4286/3674
f 3413/3969/3412 3665/4276/3664 3664/4275/3663 3670/4281/3669
f 3410/3966/3409 3409/3965/3408 3413/3969/3412 3670/4281/3669
f 3416/3972/3415 3660/4271/3659 3659/4270/3658 3665/4276/3664
f 3413/3969/3412 3412/3968/3411 3416/3972/3415 3665/4276/3664
f 3419/3975/3418 3655/4266/3654 3654/4265/3653 3660/4271/3659
f 3416/3972/3415 3415/3971/3414 3419/3975/3418 3660/4271/3659
f 3422/3978/3421 3650/4261/3649 3649/4260/3648 3655/4266/3654
f 3419/3975/3418 3418/3974/3417 3422/3978/3421 3655/4266/3654
f 3425/3981/3424 3645/4256/3644 3644/4255/3643 3650/4261/3649
f 3422/3978/3421 3421/3977/3420 3425/3981/3424 3650/4261/3649
f 3428/3984/3427 3640/4251/3639 3639/4250/3638 3645/4256/3644
f 3425/3981/3424 3424/3980/3423 3428/3984/3427 3645/4256/3644
f 3638/4249/3637 2351/4248/2351 2356/4452/2356 3642/4253/3641
f 3431/3987/3430 3636/4243/3635 3635/4242/3634 3640/4251/3639
f 3428/3984/3427 3427/3983/3426 3431/3987/3430 3640/4251/3639
f 3434/4745/3433 4093/4746/4092 3634/4241/3633 3636/4747/3635
f 3431/3987/3430 3430/3986/3429 3434/3990/3433 3636/4243/3635
f 4094/4748/4093 3632/4239/3631 3634/4241/3633 4093/4746/4092
f 3437/3997/3436 3439/4002/3438 4094/4748/4093 4093/4746/4092
f 3434/4745/3433 3433/3998/3432 3437/3997/3436 4093/4746/4092
f 3628/4235/3627 3627/4234/3626 3632/4239/3631 4094/4748/4093
f 3439/4002/3438 3441/4005/3440 3628/4235/3627 4094/4748/4093
f 4095/4749/4094 3059/3586/3058 4096/4750/4095 3630/4237/3629
f 3626/4233/3625 3625/4232/3624 4095/4749/4094 3630/4237/3629
f 4096/4750/4095 2359/2755/2359 2361/2757/2361 3630/4237/3629
f 3054/3581/3053 3053/3580/3052 3059/3586/3058 4095/4749/4094
f 3625/4232/3624 4097/4751/4096 3054/3581/3053 4095/4749/4094
f 3049/3576/3048 3048/3575/3047 3054/3581/3053 4097/4751/4096
f 3621/4228/3620 4098/4752/4097 3049/3576/3048 4097/4751/4096
f 3625/4232/3624 3622/4229/3621 3621/4228/3620 4097/4751/4096
f 3044/3571/3043 3043/3570/3042 3049/3576/3048 4098/4752/4097
f 3617/4223/3616 4099/4753/4098 3044/3571/3043 4098/4752/4097
f 3621/4228/3620 3618/4224/3617 3617/4223/3616 4098/4752/4097
f 3039/3566/3038 3038/3565/3037 3044/3571/3043 4099/4753/4098
f 3614/4218/3613 4100/4754/4099 3039/3566/3038 4099/4753/4098
f 3617/4223/3616 3615/4219/3614 3614/4218/3613 4099/4753/4098
f 3034/3561/3033 3033/3560/3032 3039/3566/3038 4100/4754/4099
f 3611/4755/3610 4101/4756/4100 3034/3561/3033 4100/4754/4099
f 3614/4218/3613 3612/4217/3611 3611/4755/3610 4100/4754/4099
f 3030/3553/3029 3029/3552/3028 3034/3561/3033 4101/4756/4100
f 3608/4211/3607 4102/4757/4101 3030/4758/3029 4101/4759/4100
f 3611/4214/3610 3609/4212/3608 3608/4211/3607 4101/4759/4100
f 4103/4760/4102 3028/4761/3027 3030/4758/3029 4102/4757/4101
f 3605/4208/3604 4104/4762/4103 4103/4760/4102 4102/4757/4101
f 3608/4211/3607 3606/4209/3605 3605/4208/3604 4102/4757/4101
f 4105/4763/4104 4106/4764/4105 4103/4760/4102 4104/4762/4103
f 3602/4205/3601 4107/4765/4106 4105/4763/4104 4104/4762/4103
f 3605/4208/3604 3603/4206/3602 3602/4205/3601 4104/4762/4103
f 4108/4766/4107 4109/4767/4108 4105/4763/4104 4107/4765/4106
f 3599/4202/3598 4110/4768/4109 4108/4766/4107 4107/4765/4106
f 3602/4205/3601 3600/4203/3599 3599/4202/3598 4107/4765/4106
f 4111/4769/4110 4112/4770/4111 4108/4766/4107 4110/4768/4109
f 2044/2339/2044 2043/2338/2043 4111/4769/4110 4110/4768/4109
f 3599/4202/3598 1517/1756/1517 2044/2339/2044 4110/4768/4109
f 2046/2341/2046 4113/4771/4112 4111/4769/4110 2043/2338/2043
f 298/2344/298 2448/4772/2448 4114/4773/4113 2047/2342/2047
f 4114/4773/4113 4115/4774/4114 2049/2345/2049 2047/2342/2047
f 4114/4773/4113 2460/2869/2460 2464/2868/2464 4115/4774/4114
f 4113/4771/4112 2046/2341/2046 2049/2345/2049 4115/4774/4114
f 2464/2868/2464 4116/4775/4115 4113/4771/4112 4115/4774/4114
f 2464/2868/2464 2463/2867/2463 4117/4776/4116 4116/4775/4115
f 4112/4770/4111 4111/4769/4110 4113/4771/4112 4116/4775/4115
f 4117/4776/4116 4118/4777/4117 4112/4770/4111 4116/4775/4115
f 4117/4776/4116 4119/4778/4118 4120/4779/4119 4118/4777/4117
f 4109/4767/4108 4108/4766/4107 4112/4770/4111 4118/4777/4117
f 4120/4779/4119 4121/4780/4120 4109/4767/4108 4118/4777/4117
f 4120/4779/4119 3024/4781/3023 3023/4782/3022 4121/4780/4120
f 4106/4764/4105 4105/4763/4104 4109/4767/4108 4121/4780/4120
f 3023/4782/3022 3026/4783/3025 4106/4764/4105 4121/4780/4120
f 2466/2872/2466 4122/4784/4121 4123/4785/4122 4119/4778/4118
f 4117/4776/4116 2463/2867/2463 2466/2872/2466 4119/4778/4118
f 4123/4785/4122 3024/4781/3023 4120/4779/4119 4119/4778/4118
f 4124/4786/4123 3013/3532/3012 3017/3540/3016 4122/4787/4121
f 2466/2872/2466 2465/2871/2465 4124/4788/4123 4122/4784/4121
f 3017/3540/3016 3019/3542/3018 4123/4789/4122 4122/4787/4121
f 3008/4790/3007 3007/3533/3006 3013/3532/3012 4124/4786/4123
f 2465/2875/2465 2468/2874/2468 3008/4791/3007 4124/4792/4123
f 3019/3542/3018 3021/3544/3020 3024/3547/3023 4123/4789/4122
f 2448/2852/2448 2449/2853/2449 2460/2864/2460 4114/4793/4113
f 3026/4783/3025 3028/4761/3027 4103/4760/4102 4106/4764/4105
f 3059/3586/3058 3058/3585/3057 3062/3589/3061 4096/4750/4095
f 3062/3589/3061 2360/2756/2360 2359/2755/2359 4096/4750/4095
f 3441/4005/3440 3443/4008/3442 3623/4230/3622 3628/4235/3627
f 3443/4008/3442 3442/4007/3441 3446/4226/3445 3619/4225/3618
f 2719/3187/2719 2718/3186/2718 574/675/574 1363/1571/1363
f 1336/1534/1336 3460/4026/3459 3478/4048/3477 1360/1568/1360
f 2714/3182/2714 2713/3181/2713 2719/3187/2719 3481/4051/3480
f 2710/3178/2710 2709/3177/2709 2714/3182/2714 3479/4049/3478
f 2339/2735/2339 3341/3895/3340 3343/3897/3342 3346/3900/3345
f 2339/2735/2339 2334/2730/2334 3339/3893/3338 3341/3895/3340
f 2334/2730/2334 2333/2729/2333 3337/3891/3336 3339/3893/3338
f 3248/3787/3247 3247/3786/3246 3253/3792/3252 3304/3853/3303
f 3263/3802/3262 3262/3801/3261 3268/3807/3267 3299/3848/3298
f 2290/4794/2290 2289/2679/2289 3280/3824/3279 3279/4795/3278
f 2281/2670/2281 2283/2672/2283 3268/3807/3267 3267/3806/3266
f 2327/2721/2327 2326/2720/2326 3233/3772/3232 3238/3777/3237
f 3101/3631/3100 2340/2736/2340 2345/2741/2345 3105/3635/3104
f 2360/2756/2360 3062/3589/3061 3061/3588/3060 3063/3590/3062
f 3032/3559/3031 2407/3558/2407 2412/3601/2412 3036/3563/3035
f 4125/4796/4124 4126/4797/4125 2475/2882/2475 3010/3529/3009
f 3006/3525/3005 3005/3524/3004 4125/4796/4124 3010/3529/3009
f 2475/2882/2475 2474/2881/2474 3011/3530/3010 3010/3529/3009
f 4127/4798/4126 4128/4799/4127 4126/4797/4125 4125/4796/4124
f 3005/3524/3004 4129/4800/4128 4127/4798/4126 4125/4796/4124
f 4130/4801/4129 4131/4802/4130 4127/4798/4126 4129/4800/4128
f 3000/3517/2999 4132/4803/4131 4130/4801/4129 4129/4800/4128
f 3005/3524/3004 3001/3518/3000 3000/3517/2999 4129/4800/4128
f 4133/4804/4132 4134/4805/4133 4130/4801/4129 4132/4803/4131
f 2995/4806/2994 4135/4807/4134 4133/4804/4132 4132/4803/4131
f 3000/3517/2999 2996/3516/2995 2995/4806/2994 4132/4803/4131
f 4136/4808/4135 4137/4809/4136 4133/4804/4132 4135/4807/4134
f 2991/3507/2990 4138/4810/4137 4136/4811/4135 4135/4812/4134
f 2995/3511/2994 2992/3508/2991 2991/3507/2990 4135/4812/4134
f 4139/4813/4138 4140/4814/4139 4136/4815/4135 4138/4816/4137
f 2987/3503/2986 4141/4817/4140 4139/4818/4138 4138/4810/4137
f 2991/3507/2990 2988/3504/2987 2987/3503/2986 4138/4810/4137
f 4142/4819/4141 4143/4820/4142 4139/4813/4138 4141/4821/4140
f 2983/3499/2982 4144/4822/4143 4142/4823/4141 4141/4817/4140
f 2987/3503/2986 2984/3500/2983 2983/3499/2982 4141/4817/4140
f 4145/4824/4144 4146/4825/4145 4142/4826/4141 4144/4827/4143
f 2980/3494/2979 4147/4828/4146 4145/4824/4144 4144/4827/4143
f 2983/3499/2982 2981/3496/2980 2980/4829/2979 4144/4822/4143
f 4148/4830/4147 4149/4831/4148 4145/4824/4144 4147/4828/4146
f 4150/4832/4149 4151/4833/4150 4148/4830/4147 4147/4828/4146
f 2980/3494/2979 2979/3493/2978 4150/4832/4149 4147/4828/4146
f 4152/4834/4151 4153/4835/4152 4151/4833/4150 4150/4832/4149
f 2979/3493/2978 2973/3485/2972 4152/4834/4151 4150/4832/4149
f 2969/3481/2968 4154/4836/4153 4153/4835/4152 4152/4834/4151
f 2973/3485/2972 2970/3482/2969 2969/3481/2968 4152/4834/4151
f 4155/4837/4154 4156/4838/4155 4153/4835/4152 4154/4836/4153
f 2965/3477/2964 4157/4839/4156 4155/4837/4154 4154/4836/4153
f 2969/3481/2968 2966/3478/2965 2965/3477/2964 4154/4836/4153
f 4158/4840/4157 4159/4841/4158 4155/4837/4154 4157/4839/4156
f 2961/3473/2960 4160/4842/4159 4158/4840/4157 4157/4839/4156
f 2965/3477/2964 2962/3474/2961 2961/3473/2960 4157/4839/4156
f 4161/4843/4160 4162/4844/4161 4158/4840/4157 4160/4842/4159
f 2957/3469/2956 4163/4845/4162 4161/4843/4160 4160/4842/4159
f 2961/3473/2960 2958/3470/2957 2957/3469/2956 4160/4842/4159
f 4164/4846/4163 4165/4847/4164 4161/4843/4160 4163/4845/4162
f 2953/3465/2952 4166/4848/4165 4164/4846/4163 4163/4845/4162
f 2957/3469/2956 2954/3466/2953 2953/3465/2952 4163/4845/4162
f 4167/4849/4166 4168/4850/4167 4164/4846/4163 4166/4848/4165
f 2949/3461/2948 4169/4851/4168 4167/4849/4166 4166/4848/4165
f 2953/3465/2952 2950/3462/2949 2949/3461/2948 4166/4848/4165
f 4170/4852/4169 4171/4853/4170 4167/4849/4166 4169/4851/4168
f 2945/3457/2944 4172/4854/4171 4170/4852/4169 4169/4851/4168
f 2949/3461/2948 2946/3458/2945 2945/3457/2944 4169/4851/4168
f 4173/4855/4172 4174/4856/4173 4170/4852/4169 4172/4854/4171
f 2941/3453/2940 4175/4857/4174 4173/4855/4172 4172/4854/4171
f 2945/3457/2944 2942/3454/2941 2941/3453/2940 4172/4854/4171
f 2500/2913/2500 2505/2918/2505 4173/4855/4172 4175/4857/4174
f 2937/3449/2936 2501/2914/2501 2500/2913/2500 4175/4857/4174
f 2941/3453/2940 2938/3450/2937 2937/3449/2936 4175/4857/4174
f 2505/2918/2505 4176/4858/4175 4174/4856/4173 4173/4855/4172
f 4177/4859/4176 4178/4860/4177 4179/4861/4178 4176/4858/4175
f 2505/2918/2505 2504/2917/2504 4177/4859/4176 4176/4858/4175
f 4179/4861/4178 4180/4862/4179 4174/4856/4173 4176/4858/4175
f 4179/4861/4178 4181/4863/4180 4182/4864/4181 4180/4862/4179
f 4171/4853/4170 4170/4852/4169 4174/4856/4173 4180/4862/4179
f 4182/4864/4181 4183/4865/4182 4171/4853/4170 4180/4862/4179
f 4182/4864/4181 4184/4866/4183 4185/4867/4184 4183/4865/4182
f 4168/4850/4167 4167/4849/4166 4171/4853/4170 4183/4865/4182
f 4185/4867/4184 4186/4868/4185 4168/4850/4167 4183/4865/4182
f 4185/4867/4184 4187/4869/4186 4188/4870/4187 4186/4868/4185
f 4165/4847/4164 4164/4846/4163 4168/4850/4167 4186/4868/4185
f 4188/4870/4187 4189/4871/4188 4165/4847/4164 4186/4868/4185
f 4188/4870/4187 4190/4872/4189 4191/4873/4190 4189/4871/4188
f 4162/4844/4161 4161/4843/4160 4165/4847/4164 4189/4871/4188
f 4191/4873/4190 4192/4874/4191 4162/4844/4161 4189/4871/4188
f 4191/4873/4190 4193/4875/4192 4194/4876/4193 4192/4874/4191
f 4159/4841/4158 4158/4840/4157 4162/4844/4161 4192/4874/4191
f 4194/4876/4193 4195/4877/4194 4159/4841/4158 4192/4874/4191
f 4194/4876/4193 4196/4878/4195 4197/4879/4196 4195/4877/4194
f 4156/4838/4155 4155/4837/4154 4159/4841/4158 4195/4877/4194
f 4197/4879/4196 4198/4880/4197 4156/4838/4155 4195/4877/4194
f 4197/4879/4196 4199/4881/4198 4200/4882/4199 4198/4880/4197
f 4151/4833/4150 4153/4835/4152 4156/4838/4155 4198/4880/4197
f 4200/4882/4199 4148/4830/4147 4151/4833/4150 4198/4880/4197
f 2633/3091/2633 2632/3090/2632 2638/3098/2638 4199/4881/4198
f 4197/4879/4196 4196/4878/4195 2633/3091/2633 4199/4881/4198
f 2638/3098/2638 4201/4883/4200 4200/4882/4199 4199/4881/4198
f 2638/3098/2638 2637/3097/2637 2643/4884/2643 4201/4883/4200
f 4149/4831/4148 4148/4830/4147 4200/4882/4199 4201/4883/4200
f 2643/4884/2643 4202/4885/4201 4149/4831/4148 4201/4883/4200
f 2643/3104/2643 2642/3103/2642 2648/3109/2648 4202/4886/4201
f 4146/4825/4145 4145/4824/4144 4149/4831/4148 4202/4885/4201
f 2648/3109/2648 4203/4887/4202 4146/4888/4145 4202/4886/4201
f 2648/3109/2648 2647/3108/2647 2653/3114/2653 4203/4887/4202
f 4143/4820/4142 4142/4819/4141 4146/4888/4145 4203/4887/4202
f 2653/3114/2653 4204/4889/4203 4143/4820/4142 4203/4887/4202
f 2653/3114/2653 2652/3113/2652 2658/3119/2658 4204/4889/4203
f 4140/4814/4139 4139/4813/4138 4143/4820/4142 4204/4889/4203
f 2658/4890/2658 4205/4891/4204 4140/4892/4139 4204/4893/4203
f 2658/4890/2658 2657/3122/2657 2663/3127/2663 4205/4891/4204
f 4137/4809/4136 4136/4808/4135 4140/4892/4139 4205/4891/4204
f 2663/3127/2663 4206/4894/4205 4137/4809/4136 4205/4891/4204
f 2663/3127/2663 2662/3126/2662 2668/3132/2668 4206/4894/4205
f 4134/4805/4133 4133/4804/4132 4137/4809/4136 4206/4894/4205
f 2668/3132/2668 4207/4895/4206 4134/4805/4133 4206/4894/4205
f 2668/3132/2668 2667/3131/2667 2673/3137/2673 4207/4895/4206
f 4131/4802/4130 4130/4801/4129 4134/4805/4133 4207/4895/4206
f 2673/3137/2673 4208/4896/4207 4131/4802/4130 4207/4895/4206
f 2673/3137/2673 2672/3136/2672 2678/3142/2678 4208/4896/4207
f 4128/4799/4127 4127/4798/4126 4131/4802/4130 4208/4896/4207
f 2678/3142/2678 4209/4897/4208 4128/4799/4127 4208/4896/4207
f 2678/3142/2678 2677/3141/2677 2683/3147/2683 4209/4897/4208
f 4210/4898/4209 4126/4797/4125 4128/4799/4127 4209/4897/4208
f 2683/3147/2683 2478/2885/2478 4210/4898/4209 4209/4897/4208
f 2473/2880/2473 2475/2882/2475 4126/4797/4125 4210/4898/4209
f 2478/2885/2478 2476/2883/2476 2473/2880/2473 4210/4898/4209
f 2628/3086/2628 2627/3085/2627 2633/3091/2633 4196/4878/4195
f 4194/4876/4193 4193/4875/4192 2628/3086/2628 4196/4878/4195
f 2623/3081/2623 2622/3080/2622 2628/3086/2628 4193/4875/4192
f 4191/4873/4190 4190/4872/4189 2623/3081/2623 4193/4875/4192
f 2618/3076/2618 2617/3075/2617 2623/3081/2623 4190/4872/4189
f 4188/4870/4187 4187/4869/4186 2618/3076/2618 4190/4872/4189
f 2613/3071/2613 2612/3070/2612 2618/3076/2618 4187/4869/4186
f 4185/4867/4184 4184/4866/4183 2613/3071/2613 4187/4869/4186
f 2609/3067/2609 2608/3066/2608 2613/3071/2613 4184/4866/4183
f 4182/4864/4181 4181/4863/4180 2609/3067/2609 4184/4866/4183
f 4211/4899/4210 2607/3064/2607 2609/3067/2609 4181/4863/4180
f 4179/4861/4178 4178/4860/4177 4211/4899/4210 4181/4863/4180
f 2604/3058/2604 2603/3057/2603 2607/3064/2607 4211/4899/4210
f 4178/4860/4177 4212/4900/4211 2604/3058/2604 4211/4899/4210
f 4213/4901/4212 2568/3059/2568 2604/3058/2604 4212/4900/4211
f 4214/4902/4213 4215/4903/4214 4213/4904/4212 4212/4905/4211
f 4178/4860/4177 4177/4859/4176 4214/4906/4213 4212/4900/4211
f 2511/4907/2511 4216/4908/4215 4215/4903/4214 4214/4902/4213
f 4177/4859/4176 2504/2917/2504 2511/2926/2511 4214/4906/4213
f 4217/4909/4216 4218/4910/4217 4215/4903/4214 4216/4908/4215
f 4219/4911/4218 4220/4912/4219 4217/4913/4216 4216/4914/4215
f 2511/4915/2511 2510/2923/2510 4219/4911/4218 4216/4914/4215
f 2542/2970/2542 2545/2973/2545 4220/4912/4219 4219/4911/4218
f 2510/2923/2510 2509/2922/2509 2542/2970/2542 4219/4911/4218
f 4221/4916/4220 4222/4917/4221 4217/4913/4216 4220/4912/4219
f 2545/2973/2545 4223/4918/4222 4221/4916/4220 4220/4912/4219
f 2183/2557/2183 2180/2551/2180 4221/4916/4220 4223/4918/4222
f 4224/4919/4223 2184/2558/2184 2183/2557/2183 4223/4918/4222
f 2545/2973/2545 2544/2972/2544 4224/4919/4223 4223/4918/4222
f 4225/4920/4224 4226/4921/4225 2184/4922/2184 4224/4923/4223
f 2544/4924/2544 4227/4925/4226 4225/4920/4224 4224/4923/4223
f 4228/4926/4227 4229/4927/4228 4226/4921/4225 4225/4920/4224
f 4227/4925/4226 4218/4910/4217 4228/4926/4227 4225/4920/4224
f 4222/4928/4221 2179/4929/2179 4229/4927/4228 4228/4926/4227
f 4218/4910/4217 4217/4909/4216 4222/4928/4221 4228/4926/4227
f 2177/2548/2177 4230/4930/4229 4226/4921/4225 4229/4927/4228
f 2179/4929/2179 2178/2549/2178 2177/2548/2177 4229/4927/4228
f 4230/4930/4229 2182/4931/2182 2184/4922/2184 4226/4921/4225
f 2180/2551/2180 2179/2550/2179 4222/4917/4221 4221/4916/4220
f 4227/4925/4226 4213/4904/4212 4215/4903/4214 4218/4910/4217
f 2468/2874/2468 3003/3521/3002 3002/3520/3001 3008/4791/3007
f 4231/4932/4230 2998/3514/2997 2997/3513/2996 3003/3521/3002
f 2468/2874/2468 2467/2873/2467 4231/4932/4230 3003/3521/3002
f 2872/3367/2871 2871/3366/2870 2998/3514/2997 4231/4932/4230
f 2467/2873/2467 2469/2876/2469 2872/3367/2871 4231/4932/4230
f 2871/3366/2870 2874/3369/2873 2993/3509/2992 2998/3514/2997
f 2874/3369/2873 2873/3368/2872 2877/3372/2876 2989/3505/2988
f 2877/3372/2876 2876/3371/2875 2880/3376/2879 2985/3501/2984
f 2882/3378/2881 2884/3382/2883 2887/3385/2886 2975/3487/2974
f 2887/3385/2886 2886/3384/2885 2890/3388/2889 2971/3483/2970
f 2890/3388/2889 2889/3387/2888 2893/3391/2892 2967/3479/2966
f 2893/3391/2892 2892/3390/2891 2896/3394/2895 2963/3475/2962
f 2896/3394/2895 2895/3393/2894 2899/3397/2898 2959/3471/2958
f 2899/3397/2898 2898/3396/2897 2902/3400/2901 2955/3467/2954
f 2902/3400/2901 2901/3399/2900 2905/3403/2904 2951/3463/2950
f 2905/3403/2904 2904/3402/2903 2908/3409/2907 2947/3459/2946
f 2908/3409/2907 2907/3408/2906 2911/3414/2910 2943/3455/2942
f 2911/3414/2910 2910/3413/2909 2914/3419/2913 2939/3451/2938
f 2934/3446/2933 2933/3445/2932 2501/2914/2501 2937/3449/2936
f 2914/3419/2913 2913/3418/2912 2917/3424/2916 2935/3447/2934
f 4232/4933/4231 2502/2915/2502 2501/2914/2501 2933/3445/2932
f 2930/3440/2929 2929/3439/2928 4232/4933/4231 2933/3445/2932
f 4233/4934/4232 2506/2919/2506 2502/2915/2502 4232/4933/4231
f 2929/3439/2928 4234/4935/4233 4233/4934/4232 4232/4933/4231
f 2487/2898/2487 2490/2897/2490 4233/4934/4232 4234/4935/4233
f 2926/3435/2925 2488/2895/2488 2487/2894/2487 4234/4936/4233
f 2929/3439/2928 2927/3438/2926 2926/4937/2925 4234/4935/4233
f 2490/2897/2490 2493/2904/2493 2506/2919/2506 4233/4934/4232
f 2917/4938/2916 2916/3427/2915 2920/3429/2919 2931/3442/2930
f 2489/2896/2489 2488/2895/2488 2926/3435/2925 2925/3434/2924
f 2515/2933/2515 2498/2911/2498 2489/2896/2489 2925/3434/2924
f 2811/3298/2810 2541/2968/2541 2537/2963/2537 2813/3302/2812
f 2551/2979/2551 2540/2967/2540 2539/2966/2539 2808/4939/2807
f 2534/2959/2534 2533/2958/2533 2551/4940/2551 2808/3294/2807
f 2539/2969/2539 2541/2968/2541 2809/3297/2808 2808/4941/2807
f 2405/2808/2405 2404/2807/2404 2728/3196/2728 2727/3195/2727
f 2404/2807/2404 2406/2809/2406 2392/2793/2392 2728/3196/2728
f 2392/2793/2392 2391/2792/2391 2725/3193/2725 2728/3196/2728
f 2395/2796/2395 2394/2795/2394 2170/2526/2170 580/681/580
f 2394/2795/2394 2393/2794/2393 2171/2527/2171 2170/2526/2170
f 2393/2794/2393 2264/2651/2264 109/125/109 2171/2527/2171
f 2712/3180/2712 2439/2843/2439 2438/2842/2438 2716/3184/2716
f 2451/2855/2451 2450/2854/2450 2707/3173/2707 2710/3178/2710
f 2458/3169/2458 2457/4044/2457 2700/3164/2700 2699/3163/2699
f 2477/2884/2477 2481/2888/2481 2690/3154/2690 2695/3159/2695
f 2479/2886/2479 2478/2885/2478 2683/3147/2683 2682/3146/2682
f 2611/3069/2611 2524/2944/2524 2523/2943/2523 2615/3073/2615
f 2530/2953/2530 2517/2947/2517 2526/2946/2526 2553/2984/2553
f 2533/4942/2533 2532/3047/2532 2552/2981/2552 2551/2980/2551
f 2548/4943/2548 2564/3000/2564 2567/3003/2567 4235/4944/4234
f 4235/4944/4234 2567/3003/2567 2568/3005/2568 4213/4904/4212
f 4235/4944/4234 4213/4904/4212 4227/4925/4226 2544/4924/2544
f 4235/4945/4234 2544/2972/2544 2543/2971/2543 2548/2976/2548
f 2210/2596/2210 2209/2595/2209 2518/2936/2518 2529/2952/2529
f 2519/2939/2519 2208/2592/2208 2205/2583/2205 2521/2940/2521
f 2209/2593/2209 2208/2592/2208 2519/2939/2519 2518/4946/2518
f 2512/2928/2512 2497/2909/2497 2498/2911/2498 2515/2933/2515
f 2507/2927/2507 2494/2910/2494 2497/2909/2497 2512/2928/2512
f 2493/2904/2493 2494/2905/2494 2507/2920/2507 2506/2919/2506
f 2384/2785/2384 2414/2817/2414 2413/2816/2413 2426/2830/2426
f 2368/2768/2368 2369/2767/2369 2396/2797/2396 2418/2821/2418
f 265/2823/265 212/4947/212 2368/2768/2368 2418/2821/2418
f 2369/2767/2369 2377/2778/2377 2397/2798/2397 2396/2797/2396
f 2387/2788/2387 2265/2652/2265 2264/2651/2264 2393/2794/2393
f 2276/2665/2276 2272/2661/2272 2277/2666/2277 2282/2671/2282
f 2272/2661/2272 2271/2660/2271 2278/2667/2278 2277/2666/2277
f 2231/2618/2231 2226/2613/2226 2233/2620/2233 2246/2633/2246
f 3598/4201/3597 2243/2630/2243 2242/2629/2242 2245/2632/2245
f 2240/2627/2240 2243/2630/2243 3598/4201/3597 2250/2637/2250
f 2227/2614/2227 2230/2617/2230 2236/2623/2236 2235/2622/2235
f 2206/2585/2206 2199/2584/2199 2198/2590/2198 2210/2596/2210
f 2203/2581/2203 2202/2580/2202 2205/2583/2205 2208/2592/2208
f 2177/2548/2177 2176/2547/2176 2182/4931/2182 4230/4930/4229
f 1422/1637/1422 3529/4107/3528 3531/4109/3530 1512/2539/1512
f 2556/2987/2556 2555/2990/2555 2560/4948/2560 2549/2982/2549
f 2260/2647/2260 2253/2640/2253 2259/2646/2259 2268/2774/2268
f 2259/2646/2259 2263/2650/2263 2372/2771/2372 2268/2774/2268
f 1/1/1 4/4/4 1487/1721/1487
f 1502/1740/1502 1507/1744/1507 1504/1741/1504
f 1422/1637/1422 1420/1635/1420 1419/1634/1419
f 1487/1721/1487 2173/2544/2173 1/1/1
f 3596/4194/3595 1507/1744/1507 1502/1740/1502
f 1419/1634/1419 3527/4105/3526 1422/1637/1422
