# Blender 4.3.2
# www.blender.org
o root.0
v -0.102199 0.172457 0.081571
v -0.075985 0.171053 0.090237
v -0.079117 0.128339 0.082819
v -0.105216 0.129087 0.075630
v -0.051155 0.168706 0.095483
v -0.052492 0.127133 0.088447
v -0.109893 0.088602 0.080684
v -0.081633 0.087707 0.088014
v -0.053409 0.087402 0.093916
v -0.025316 0.125908 0.092171
v -0.024680 0.087225 0.098041
v -0.024737 0.053979 0.113700
v -0.055483 0.053269 0.109622
v -0.085905 0.052726 0.103046
v -0.116054 0.053312 0.094784
v -0.059098 0.027648 0.136893
v -0.092352 0.026865 0.130170
v -0.124700 0.026299 0.120638
v -0.146346 0.054171 0.084513
v -0.157068 0.026411 0.107833
v -0.100821 0.010979 0.165995
v -0.136482 0.010965 0.155351
v -0.171766 0.010326 0.140373
v -0.188935 0.026182 0.091385
v -0.206676 0.008037 0.122098
v -0.151205 0.004028 0.194389
v -0.189492 0.006147 0.177458
v -0.227598 0.003784 0.157681
v -0.239917 0.007640 0.100419
v -0.265144 0.000880 0.134540
v -0.208695 0.006502 0.214212
v -0.248258 0.005516 0.191555
v -0.288664 0.001519 0.166512
v -0.298365 0.002504 0.106870
v -0.325188 0.003872 0.136959
v -0.268107 0.015856 0.223192
v -0.309967 0.011109 0.197137
v -0.350789 0.011364 0.164606
v -0.356819 0.004295 0.102215
v -0.384318 0.013695 0.125062
v -0.330087 0.036290 0.221741
v -0.373198 0.032703 0.186665
v -0.408910 0.035040 0.144655
v -0.414508 0.010752 0.084035
v -0.439765 0.034935 0.101492
v -0.391922 0.067691 0.203353
v -0.428947 0.069265 0.160794
v -0.461397 0.070780 0.117400
v -0.467339 0.034228 0.057502
v -0.489944 0.070159 0.073080
v -0.440514 0.106546 0.171689
v -0.474627 0.108588 0.128592
v -0.504307 0.107057 0.083241
v -0.514546 0.067573 0.025668
v -0.530686 0.103124 0.034928
v -0.479775 0.134865 0.134028
v -0.511396 0.134284 0.088311
v -0.538821 0.131515 0.038806
v -0.553109 0.098134 -0.016403
v -0.562527 0.127149 -0.013409
v -0.515863 0.157099 0.091481
v -0.544049 0.155507 0.040727
v -0.568889 0.154129 -0.011671
v -0.583484 0.122598 -0.066793
v -0.589981 0.153392 -0.065406
v -0.545790 0.180015 0.041050
v -0.568783 0.182401 -0.012233
v -0.588467 0.182281 -0.066093
v -0.605286 0.152540 -0.121378
v -0.602150 0.182367 -0.121902
v -0.564001 0.209874 -0.013739
v -0.584123 0.214953 -0.067353
v -0.599456 0.214716 -0.123101
v -0.610256 0.180495 -0.180333
v -0.612117 0.212019 -0.180462
v -0.576880 0.246677 -0.069797
v -0.591511 0.247493 -0.126502
v -0.601127 0.246209 -0.182552
v -0.618595 0.211282 -0.237918
v -0.605917 0.248276 -0.236753
v -0.579165 0.278774 -0.129003
v -0.586034 0.279682 -0.183105
v -0.589229 0.283187 -0.234633
v -0.606800 0.254799 -0.291119
v -0.589912 0.290150 -0.286902
v -0.561654 0.307114 -0.183255
v -0.564314 0.312203 -0.232249
v -0.565323 0.318888 -0.282749
v -0.587563 0.298921 -0.341791
v -0.562995 0.327002 -0.335988
v -0.531344 0.331505 -0.231119
v -0.532003 0.337652 -0.279565
v -0.529426 0.344486 -0.329933
v -0.553243 0.332572 -0.390562
v -0.520659 0.350765 -0.380653
v -0.494279 0.347202 -0.277585
v -0.490493 0.353257 -0.324070
v -0.482095 0.358889 -0.369918
v -0.506500 0.355457 -0.430203
v -0.469216 0.364006 -0.415814
v -0.449583 0.355159 -0.317879
v -0.441395 0.359672 -0.360023
v -0.429427 0.364139 -0.402227
v -0.453336 0.368251 -0.460733
v -0.414555 0.368462 -0.443767
v -0.400468 0.352504 -0.351570
v -0.389613 0.356413 -0.390374
v -0.375775 0.359995 -0.429219
v -0.397347 0.372245 -0.484767
v -0.359926 0.362810 -0.467080
v -0.352996 0.337791 -0.380605
v -0.340084 0.340487 -0.416354
v -0.325229 0.341867 -0.451108
v -0.341425 0.364916 -0.503463
v -0.308246 0.342259 -0.483765
v -0.311200 0.310300 -0.404900
v -0.296744 0.311145 -0.436656
v -0.280335 0.311568 -0.466740
v -0.288622 0.342672 -0.514335
v -0.261784 0.312013 -0.495198
v -0.275096 0.274859 -0.425148
v -0.258486 0.275917 -0.453190
v -0.240097 0.276716 -0.479899
v -0.241002 0.313037 -0.521788
v -0.220335 0.277666 -0.505520
v -0.243882 0.235859 -0.444641
v -0.225827 0.236780 -0.470347
v -0.207055 0.237428 -0.495616
v -0.199482 0.278584 -0.530169
v -0.187252 0.238140 -0.519871
v -0.220813 0.193750 -0.467542
v -0.202342 0.194323 -0.492201
v -0.182912 0.194763 -0.515834
v -0.166184 0.238712 -0.542812
v -0.162082 0.195038 -0.537770
v -0.204162 0.150381 -0.493561
v -0.184049 0.150619 -0.516159
v -0.162400 0.150695 -0.536842
v -0.139437 0.195337 -0.557304
v -0.138690 0.150660 -0.554599
v -0.190695 0.107115 -0.522052
v -0.167664 0.106714 -0.541859
v -0.143176 0.106485 -0.559258
v -0.113931 0.150687 -0.570299
v -0.117479 0.106132 -0.574412
v -0.180482 0.066512 -0.557078
v -0.154675 0.066176 -0.575341
v -0.127468 0.065788 -0.591306
v -0.091259 0.105858 -0.587821
v -0.099082 0.065327 -0.604747
v -0.171221 0.033908 -0.602073
v -0.141462 0.033922 -0.619108
v -0.110165 0.033751 -0.633474
v -0.070104 0.065019 -0.614859
v -0.077543 0.033205 -0.644330
v -0.157602 0.013436 -0.655376
v -0.122889 0.013648 -0.670611
v -0.086114 0.012981 -0.683120
v -0.044429 0.033231 -0.651351
v -0.048909 0.013144 -0.691630
v -0.137232 0.005079 -0.712211
v -0.096418 0.004585 -0.726287
v -0.054411 0.004523 -0.736597
v -0.011916 0.014274 -0.694865
v -0.011683 0.005712 -0.740480
v -0.108038 0.005173 -0.769085
v -0.060412 0.003824 -0.780804
v -0.011415 0.005035 -0.785707
v 0.030606 0.006299 -0.737611
v 0.037326 0.006582 -0.782328
v -0.066745 0.013241 -0.822575
v -0.011729 0.013578 -0.827969
v 0.042801 0.015999 -0.824257
v 0.084304 0.005831 -0.772514
v 0.095246 0.016433 -0.813519
v -0.012442 0.034491 -0.864921
v 0.046800 0.036492 -0.861176
v 0.103990 0.037326 -0.849556
v 0.146078 0.016014 -0.797057
v 0.158691 0.038003 -0.832182
v 0.049292 0.066230 -0.891502
v 0.109902 0.066900 -0.879874
v 0.167295 0.067763 -0.862429
v 0.210978 0.038335 -0.812306
v 0.222687 0.069109 -0.842711
v 0.113303 0.103580 -0.901400
v 0.172706 0.104862 -0.884290
v 0.230339 0.107243 -0.865260
v 0.275137 0.070540 -0.818129
v 0.285772 0.110502 -0.840899
v 0.175453 0.144495 -0.897002
v 0.234030 0.149869 -0.876923
v 0.291043 0.151415 -0.851745
v 0.335653 0.108751 -0.805757
v 0.343435 0.148726 -0.816582
v 0.232913 0.183411 -0.876509
v 0.289442 0.183249 -0.848749
v 0.343700 0.183990 -0.815081
v 0.390448 0.145598 -0.774589
v 0.392799 0.183196 -0.776132
v 0.292438 0.207033 -0.854194
v 0.347124 0.205315 -0.819439
v 0.395323 0.202932 -0.778369
v 0.437106 0.178258 -0.732723
v 0.437644 0.200327 -0.733011
v 0.345026 0.232473 -0.815386
v 0.391939 0.233800 -0.774197
v 0.434357 0.234567 -0.730217
v 0.476572 0.197260 -0.686085
v 0.472404 0.234772 -0.683587
v 0.384433 0.267492 -0.765128
v 0.425364 0.270070 -0.721866
v 0.462675 0.272131 -0.676326
v 0.505078 0.234417 -0.634210
v 0.495162 0.272303 -0.628101
v 0.410955 0.306606 -0.708252
v 0.446910 0.308446 -0.664039
v 0.479006 0.308802 -0.617126
v 0.524271 0.270860 -0.578403
v 0.507753 0.307071 -0.568403
v 0.425182 0.340629 -0.646228
v 0.456810 0.340335 -0.601104
v 0.485068 0.338754 -0.553867
v 0.531977 0.304238 -0.517497
v 0.508638 0.335701 -0.504539
v 0.428490 0.362489 -0.579750
v 0.455212 0.360248 -0.534871
v 0.477351 0.356914 -0.487991
v 0.527659 0.331217 -0.453253
v 0.495366 0.352801 -0.439960
v 0.420254 0.370120 -0.513412
v 0.440070 0.366892 -0.470182
v 0.456523 0.363098 -0.425633
v 0.510269 0.348110 -0.390823
v 0.470587 0.358969 -0.380310
v 0.400021 0.368346 -0.452943
v 0.415975 0.364764 -0.411629
v 0.428914 0.360989 -0.370165
v 0.480634 0.355609 -0.334309
v 0.438825 0.357448 -0.327578
v 0.374683 0.357617 -0.398699
v 0.387354 0.354000 -0.360168
v 0.397497 0.350814 -0.320742
v 0.445040 0.353630 -0.283763
v 0.404053 0.347298 -0.280286
v 0.349349 0.336967 -0.351119
v 0.358886 0.334139 -0.314430
v 0.365700 0.331312 -0.277039
v 0.407463 0.343471 -0.238732
v 0.368984 0.328179 -0.239036
v 0.327327 0.306557 -0.309869
v 0.333626 0.304092 -0.275131
v 0.337155 0.301657 -0.239795
v 0.369337 0.325426 -0.200500
v 0.337572 0.299254 -0.204284
v 0.310570 0.268831 -0.273972
v 0.314242 0.266702 -0.240892
v 0.314692 0.264626 -0.207711
v 0.334544 0.296848 -0.169205
v 0.312206 0.262352 -0.174883
v 0.299450 0.227263 -0.242209
v 0.300064 0.225332 -0.210670
v 0.297509 0.223457 -0.179264
v 0.306031 0.260304 -0.142473
v 0.291660 0.221700 -0.148293
v 0.293708 0.183837 -0.212917
v 0.291172 0.182408 -0.182297
v 0.285402 0.180697 -0.152117
v 0.282449 0.219904 -0.118125
v 0.276673 0.178889 -0.122559
v 0.294305 0.140628 -0.183767
v 0.288563 0.139193 -0.153480
v 0.279581 0.137509 -0.123800
v 0.265038 0.177000 -0.093927
v 0.267433 0.135859 -0.095082
v 0.299966 0.099049 -0.152444
v 0.290040 0.097523 -0.121981
v 0.277382 0.095902 -0.092333
v 0.252434 0.134135 -0.067635
v 0.261950 0.094278 -0.063933
v 0.308110 0.060874 -0.116597
v 0.294595 0.059319 -0.085391
v 0.277903 0.057421 -0.055584
v 0.243639 0.092787 -0.037082
v 0.258003 0.055946 -0.027351
v 0.319835 0.029343 -0.074087
v 0.301453 0.027724 -0.041731
v 0.279966 0.026213 -0.011300
v 0.235916 0.055460 -0.000619
v 0.256533 0.026792 0.018137
v 0.332334 0.008441 -0.023249
v 0.308868 0.007842 0.010315
v 0.283001 0.009246 0.042152
v 0.232123 0.028657 0.046026
v 0.256891 0.011275 0.072050
v 0.340364 0.000000 0.034563
v 0.312950 0.001431 0.068559
v 0.284512 0.003354 0.100659
v 0.227728 0.010126 0.098495
v 0.251985 0.000437 0.130036
v 0.344590 0.004071 0.094778
v 0.312845 0.005103 0.129387
v 0.276587 0.000540 0.161349
v 0.215029 0.002966 0.154813
v 0.236012 0.004775 0.188547
v 0.339526 0.016578 0.155752
v 0.300970 0.012993 0.191069
v 0.257761 0.016744 0.219742
v 0.195732 0.007454 0.211189
v 0.214897 0.017954 0.244194
v 0.320703 0.039483 0.213784
v 0.277054 0.041949 0.245234
v 0.231780 0.041638 0.273324
v 0.169589 0.013329 0.265683
v 0.182052 0.037378 0.295042
v 0.292569 0.075897 0.264848
v 0.244498 0.075171 0.294972
v 0.192140 0.071475 0.318634
v 0.129660 0.035948 0.310989
v 0.138390 0.069226 0.336475
v 0.251595 0.108411 0.308132
v 0.198289 0.106214 0.333255
v 0.143319 0.104938 0.352485
v 0.083591 0.069949 0.350785
v 0.086179 0.105742 0.366739
v 0.200476 0.130762 0.339266
v 0.144805 0.131947 0.359020
v 0.086757 0.133666 0.373481
v 0.026952 0.106823 0.375644
v 0.027101 0.133147 0.381484
v 0.145933 0.154210 0.364751
v 0.087497 0.155199 0.380029
v 0.027401 0.153218 0.387616
v -0.033376 0.132510 0.384042
v -0.033317 0.151248 0.389576
v 0.086633 0.171638 0.376973
v 0.026967 0.169307 0.385484
v -0.033287 0.167503 0.387655
v -0.094777 0.152132 0.383399
v -0.094235 0.167772 0.381689
v 0.026344 0.184596 0.380388
v -0.033254 0.182381 0.382357
v -0.093168 0.182367 0.376436
v -0.153220 0.168924 0.369694
v -0.151148 0.183969 0.364609
v -0.033097 0.197125 0.377085
v -0.092015 0.197377 0.371539
v -0.149015 0.199628 0.359336
v -0.206190 0.186145 0.346411
v -0.203551 0.202053 0.341938
v -0.090591 0.214877 0.364747
v -0.146677 0.216124 0.353434
v -0.199932 0.220378 0.335561
v -0.256638 0.204545 0.319452
v -0.251685 0.224802 0.313000
v -0.142046 0.243677 0.340889
v -0.193725 0.247969 0.323525
v -0.243646 0.253699 0.301637
v -0.302022 0.227911 0.286474
v -0.291957 0.258690 0.275458
v -0.183543 0.281103 0.301898
v -0.231404 0.285957 0.281303
v -0.277917 0.289506 0.256107
v -0.337066 0.262507 0.244053
v -0.321389 0.292517 0.226196
v -0.216936 0.307607 0.253300
v -0.261193 0.310045 0.229284
v -0.302098 0.312024 0.200618
v -0.360907 0.296005 0.191379
v -0.339962 0.314159 0.167880
v -0.242053 0.317559 0.196885
v -0.280061 0.318451 0.170298
v -0.316049 0.319651 0.139735
v -0.376367 0.317407 0.131750
v -0.349444 0.321820 0.105822
v -0.256098 0.315632 0.137724
v -0.289148 0.316742 0.110092
v -0.318185 0.318324 0.078581
v -0.377369 0.324183 0.068759
v -0.342608 0.321021 0.044757
v -0.260159 0.305184 0.079409
v -0.286100 0.306696 0.051423
v -0.308562 0.309017 0.020540
v -0.362740 0.323633 0.008140
v -0.327580 0.311337 -0.012329
v -0.259776 0.284013 0.027059
v -0.280253 0.286395 -0.001382
v -0.298483 0.288335 -0.031452
v -0.344340 0.313256 -0.047386
v -0.314822 0.290048 -0.063368
v -0.261404 0.253383 -0.017894
v -0.279047 0.255285 -0.046112
v -0.294722 0.256625 -0.075405
v -0.328210 0.291198 -0.096098
v -0.307768 0.257590 -0.105931
v -0.267548 0.217026 -0.055661
v -0.282263 0.218521 -0.083754
v -0.294798 0.219835 -0.112932
v -0.317387 0.259026 -0.137358
v -0.304133 0.221232 -0.143063
v -0.276738 0.178458 -0.088851
v -0.288958 0.179850 -0.117318
v -0.298115 0.181193 -0.146717
v -0.310069 0.222732 -0.174056
v -0.303789 0.182608 -0.177054
v -0.291203 0.139330 -0.118761
v -0.300711 0.140726 -0.148204
v -0.306316 0.141963 -0.178699
v -0.306232 0.184002 -0.207829
v -0.309178 0.143098 -0.209567
v -0.311442 0.101699 -0.147256
v -0.317611 0.102752 -0.178614
v -0.320307 0.103596 -0.210450
v -0.308934 0.144199 -0.240591
v -0.320178 0.104214 -0.242328
v -0.336355 0.066693 -0.176780
v -0.339676 0.067384 -0.210229
v -0.340116 0.067700 -0.243821
v -0.317110 0.104858 -0.273898
v -0.337283 0.068020 -0.277235
v -0.366819 0.036903 -0.209040
v -0.367672 0.037192 -0.244946
v -0.364889 0.036901 -0.280830
v -0.331541 0.068207 -0.310028
v -0.359420 0.036796 -0.316193
v -0.401895 0.014861 -0.245514
v -0.399694 0.014373 -0.284167
v -0.394108 0.013904 -0.322967
v -0.351154 0.037129 -0.350934
v -0.385418 0.014600 -0.360931
v -0.438972 0.003166 -0.287501
v -0.433021 0.002203 -0.329908
v -0.423849 0.002995 -0.371646
v -0.373845 0.015092 -0.398067
v -0.411734 0.003529 -0.411906
v -0.473406 0.001111 -0.337136
v -0.463564 0.002178 -0.382554
v -0.450785 0.003275 -0.426136
v -0.397095 0.002943 -0.451142
v -0.435497 0.002129 -0.468267
v -0.502112 0.010505 -0.392817
v -0.489372 0.011518 -0.439957
v -0.473975 0.011468 -0.484848
v -0.417706 0.001830 -0.509552
v -0.454785 0.011878 -0.528370
v -0.525633 0.029563 -0.451083
v -0.509602 0.030864 -0.499560
v -0.488810 0.030429 -0.546360
v -0.431471 0.011193 -0.572012
v -0.463177 0.029791 -0.592396
v -0.539859 0.056768 -0.510720
v -0.517953 0.056366 -0.561666
v -0.489987 0.056824 -0.609848
v -0.433098 0.030128 -0.637279
v -0.459117 0.058696 -0.656019
v -0.538900 0.088869 -0.571952
v -0.510499 0.091176 -0.621908
v -0.479948 0.094658 -0.669686
v -0.426063 0.061438 -0.701250
v -0.445107 0.097563 -0.716177
v -0.524254 0.128585 -0.627994
v -0.492730 0.131841 -0.677018
v -0.455891 0.133440 -0.724616
v -0.404159 0.099510 -0.761633
v -0.413241 0.135709 -0.769941
v -0.498200 0.167107 -0.679406
v -0.460296 0.167133 -0.727403
v -0.417294 0.169733 -0.772225
v -0.365895 0.139716 -0.811579
v -0.369944 0.173994 -0.813972
v -0.457803 0.195057 -0.724657
v -0.416184 0.195678 -0.769929
v -0.372113 0.198482 -0.814786
v -0.316322 0.180822 -0.848030
v -0.317720 0.203330 -0.849183
v -0.415572 0.229130 -0.768276
v -0.369653 0.231031 -0.809860
v -0.317131 0.233687 -0.844393
v -0.260019 0.207421 -0.875134
v -0.259804 0.237251 -0.872330
v -0.363492 0.266535 -0.799603
v -0.313592 0.267058 -0.834697
v -0.257328 0.268408 -0.863404
v -0.199446 0.237583 -0.894497
v -0.197524 0.266752 -0.887440
v -0.304467 0.305113 -0.816877
v -0.251044 0.305447 -0.845453
v -0.193451 0.304106 -0.869658
v -0.135224 0.265631 -0.903546
v -0.132934 0.303722 -0.886098
v -0.239762 0.339654 -0.818753
v -0.185821 0.338744 -0.841066
v -0.129341 0.338254 -0.857831
v -0.072021 0.304391 -0.896044
v -0.071253 0.339613 -0.867646
v -0.174732 0.363604 -0.805643
v -0.122980 0.362708 -0.821235
v -0.068926 0.363969 -0.831657
v -0.012259 0.341503 -0.870948
v -0.012362 0.366198 -0.835959
v -0.113999 0.374341 -0.779117
v -0.063961 0.374900 -0.790569
v -0.011906 0.375794 -0.795710
v 0.044466 0.365834 -0.833086
v 0.040543 0.375837 -0.792250
v -0.058151 0.375225 -0.748857
v -0.011396 0.375279 -0.753291
v 0.035929 0.375404 -0.749770
v 0.090950 0.375403 -0.781315
v 0.080713 0.375706 -0.738505
v -0.011254 0.369521 -0.714289
v 0.030620 0.369135 -0.710590
v 0.070128 0.369267 -0.699311
v 0.122529 0.375930 -0.721983
v 0.107808 0.369791 -0.682959
v 0.026330 0.352080 -0.678495
v 0.061769 0.352648 -0.667866
v 0.096172 0.353859 -0.652048
v 0.144378 0.370085 -0.664094
v 0.130220 0.353994 -0.633441
v 0.056514 0.324490 -0.645916
v 0.088307 0.325522 -0.631259
v 0.119022 0.324129 -0.613787
v 0.163421 0.351836 -0.614299
v 0.148619 0.321290 -0.595259
v 0.082196 0.287272 -0.616673
v 0.110097 0.286780 -0.600471
v 0.136198 0.284140 -0.581685
v 0.176106 0.317238 -0.575278
v 0.160280 0.281504 -0.560134
v 0.102118 0.242930 -0.587900
v 0.125951 0.241004 -0.569262
v 0.147916 0.239670 -0.547991
v 0.182362 0.279556 -0.536604
v 0.168500 0.238505 -0.524872
v 0.121530 0.194325 -0.563074
v 0.143221 0.193694 -0.542731
v 0.163762 0.193183 -0.520563
v 0.188312 0.237405 -0.500674
v 0.183287 0.192804 -0.496764
v 0.143071 0.147489 -0.541882
v 0.164571 0.147659 -0.520706
v 0.184981 0.147854 -0.497639
v 0.202094 0.192406 -0.471742
v 0.204305 0.147960 -0.473162
v 0.170433 0.103342 -0.525549
v 0.192317 0.104208 -0.503152
v 0.213009 0.104755 -0.479266
v 0.222550 0.147759 -0.447663
v 0.231830 0.104728 -0.453628
v 0.206361 0.063620 -0.515325
v 0.228142 0.064308 -0.490805
v 0.247981 0.064566 -0.464772
v 0.249210 0.104497 -0.426979
v 0.266093 0.064361 -0.437320
v 0.252910 0.032887 -0.511412
v 0.273869 0.032933 -0.483630
v 0.292587 0.032195 -0.454116
v 0.281772 0.063813 -0.408252
v 0.309172 0.031475 -0.422685
v 0.306778 0.012124 -0.507032
v 0.326317 0.010724 -0.474840
v 0.343777 0.010012 -0.439988
v 0.323533 0.031504 -0.389680
v 0.359185 0.010433 -0.403866
v 0.365098 0.002672 -0.496349
v 0.383307 0.002771 -0.458080
v 0.399659 0.003505 -0.419250
v 0.372260 0.011127 -0.367226
v 0.413730 0.004386 -0.379817
v 0.424185 0.004973 -0.476179
v 0.441177 0.006513 -0.434435
v 0.456375 0.005478 -0.391863
v 0.424683 0.003484 -0.339399
v 0.467488 0.004012 -0.347009
v 0.481830 0.017096 -0.449041
v 0.496962 0.016779 -0.401879
v 0.507453 0.016110 -0.352450
v 0.473631 0.004737 -0.300026
v 0.513789 0.017459 -0.302480
v 0.532056 0.039236 -0.408476
v 0.542674 0.040185 -0.356857
v 0.549172 0.041839 -0.304957
v 0.516492 0.019107 -0.252209
v 0.551120 0.043501 -0.251669
v 0.571637 0.073717 -0.360535
v 0.577445 0.075379 -0.306777
v 0.578139 0.076072 -0.250859
v 0.549072 0.044863 -0.197622
v 0.574881 0.077171 -0.194158
v 0.596393 0.110534 -0.307651
v 0.596102 0.109537 -0.249425
v 0.592128 0.110867 -0.190657
v 0.566442 0.079325 -0.138244
v 0.582854 0.112852 -0.133272
v 0.606254 0.139445 -0.247825
v 0.601236 0.140715 -0.187480
v 0.590673 0.141283 -0.129205
v 0.566327 0.113611 -0.077635
v 0.573140 0.139847 -0.074497
v 0.606515 0.167765 -0.184833
v 0.595119 0.167841 -0.125670
v 0.576716 0.164971 -0.072093
v 0.550648 0.139326 -0.021944
v 0.555656 0.161874 -0.020437
v 0.591836 0.190177 -0.125392
v 0.575499 0.189588 -0.071433
v 0.555290 0.184751 -0.020590
v 0.531120 0.160731 0.031972
v 0.532273 0.181758 0.031818
v 0.570950 0.218316 -0.071636
v 0.550171 0.209458 -0.021088
v 0.526806 0.203139 0.030189
v 0.504290 0.183151 0.084753
v 0.499911 0.202811 0.082684
v 0.543674 0.238768 -0.020271
v 0.520142 0.225850 0.029351
v 0.493520 0.224695 0.080334
v 0.466331 0.205714 0.131438
v 0.459494 0.229602 0.127554
v 0.507702 0.256590 0.027954
v 0.482535 0.253865 0.075960
v 0.449608 0.258361 0.121063
v 0.420991 0.231347 0.169339
v 0.411373 0.259958 0.161593
v 0.465186 0.285503 0.066691
v 0.436022 0.287840 0.110840
v 0.399080 0.287380 0.150899
v 0.373483 0.257304 0.202595
v 0.361138 0.284589 0.190878
v 0.417099 0.309744 0.095672
v 0.382960 0.309285 0.136612
v 0.346005 0.306022 0.175672
v 0.320514 0.280101 0.228551
v 0.306557 0.302515 0.211469
v 0.362241 0.320309 0.118586
v 0.327078 0.317844 0.155954
v 0.289495 0.315278 0.188905
v 0.263833 0.298819 0.242558
v 0.249016 0.313302 0.217447
v 0.304150 0.320262 0.131616
v 0.269203 0.318991 0.161480
v 0.231884 0.317713 0.187771
v 0.206325 0.311107 0.241531
v 0.192120 0.317223 0.210465
v 0.245613 0.315557 0.131784
v 0.211610 0.314984 0.156033
v 0.175184 0.314205 0.177865
v 0.150536 0.315908 0.231317
v 0.136130 0.313063 0.198973
v 0.188463 0.302158 0.123126
v 0.155195 0.301571 0.144917
v 0.119822 0.299990 0.165762
v 0.095810 0.309767 0.217354
v 0.083917 0.295097 0.182768
v 0.136684 0.278498 0.114689
v 0.104421 0.275774 0.133352
v 0.072753 0.269809 0.150267
v 0.048485 0.291426 0.194112
v 0.040016 0.268117 0.159398
v 0.095053 0.241946 0.108562
v 0.065315 0.237754 0.124151
v 0.033951 0.238122 0.130874
v 0.007925 0.270562 0.162485
v 0.002911 0.240769 0.132972
v 0.062008 0.201735 0.104846
v 0.031502 0.202718 0.109448
v 0.001287 0.204643 0.111506
v -0.024819 0.241412 0.136371
v -0.025833 0.205803 0.113740
v 0.031043 0.163842 0.095501
v 0.001695 0.164838 0.097625
v -0.025835 0.166503 0.097766
v -0.049826 0.206985 0.114892
v 0.003104 0.124584 0.092712
v 0.032357 0.123646 0.090100
v 0.034995 0.085575 0.095460
v 0.004840 0.086654 0.098595
v 0.038292 0.052801 0.110782
v 0.006543 0.053669 0.114009
v 0.042923 0.027497 0.137716
v 0.008496 0.028541 0.141198
v -0.025591 0.028598 0.140853
v 0.010820 0.012596 0.177213
v -0.026602 0.012720 0.176865
v -0.064128 0.011621 0.173042
v -0.028056 0.006674 0.218441
v -0.069311 0.004844 0.214217
v -0.110966 0.002954 0.206903
v -0.074485 0.005281 0.256623
v -0.121172 0.002247 0.247509
v -0.167554 0.002879 0.233789
v -0.131160 0.011998 0.285922
v -0.181321 0.012700 0.270728
v -0.227537 0.016223 0.248905
v -0.192511 0.036876 0.302052
v -0.242863 0.039789 0.279849
v -0.287642 0.040248 0.252120
v -0.254134 0.071319 0.304051
v -0.304167 0.072840 0.275690
v -0.349691 0.069902 0.241839
v -0.313015 0.107943 0.290067
v -0.361516 0.105778 0.254602
v -0.403079 0.104470 0.214211
v -0.364252 0.129456 0.259628
v -0.406834 0.129117 0.219405
v -0.444935 0.132068 0.177303
v -0.408863 0.149730 0.223434
v -0.447842 0.153264 0.181851
v -0.482793 0.156317 0.137765
v -0.449075 0.173806 0.184994
v -0.485111 0.177598 0.141076
v -0.519153 0.179431 0.093890
v -0.479718 0.196898 0.138428
v -0.513693 0.199455 0.091330
v -0.540259 0.203020 0.038954
v -0.507820 0.222847 0.089029
v -0.534176 0.228227 0.037228
v -0.557824 0.239379 -0.014924
v -0.523281 0.260209 0.033772
v -0.548023 0.271315 -0.016901
v -0.566861 0.277532 -0.072435
v -0.529539 0.298457 -0.023235
v -0.546921 0.302984 -0.077092
v -0.556351 0.303907 -0.131633
v -0.517458 0.319661 -0.084128
v -0.525949 0.322045 -0.135071
v -0.529575 0.326199 -0.183602
v -0.489668 0.332760 -0.139025
v -0.492686 0.336713 -0.185022
v -0.494151 0.341624 -0.231095
v -0.453903 0.340708 -0.187618
v -0.455052 0.345254 -0.231458
v -0.454032 0.350236 -0.275116
v -0.415639 0.340729 -0.231953
v -0.413559 0.344641 -0.272614
v -0.408591 0.348766 -0.312442
v -0.376718 0.328286 -0.270540
v -0.371340 0.331589 -0.307655
v -0.363392 0.334580 -0.344308
v -0.341282 0.303718 -0.303965
v -0.333608 0.306290 -0.338150
v -0.323610 0.308626 -0.372182
v -0.311406 0.270887 -0.333597
v -0.301520 0.272540 -0.365230
v -0.289574 0.273719 -0.395819
v -0.286577 0.232506 -0.360697
v -0.274466 0.233733 -0.389841
v -0.260149 0.234871 -0.417785
v -0.267665 0.191298 -0.387807
v -0.253633 0.192211 -0.415311
v -0.238011 0.193047 -0.441911
v -0.255863 0.148962 -0.417351
v -0.240244 0.149550 -0.443993
v -0.222869 0.150038 -0.469364
v -0.250061 0.107332 -0.450685
v -0.232044 0.107491 -0.476272
v -0.212188 0.107415 -0.500124
v -0.248736 0.068498 -0.489285
v -0.227923 0.068093 -0.514076
v -0.204856 0.067101 -0.536561
v -0.250918 0.035859 -0.535210
v -0.226342 0.034815 -0.560017
v -0.199725 0.034126 -0.582418
v -0.251719 0.012600 -0.589488
v -0.222170 0.012124 -0.614576
v -0.190686 0.012671 -0.636900
v -0.246701 0.001634 -0.649753
v -0.212373 0.002561 -0.674569
v -0.176307 0.004355 -0.695723
v -0.236364 0.002199 -0.712960
v -0.195331 0.004415 -0.735998
v -0.152555 0.006280 -0.753910
v -0.214413 0.015382 -0.774854
v -0.168019 0.017263 -0.794664
v -0.119285 0.015873 -0.810499
v -0.181141 0.038774 -0.832026
v -0.128223 0.037261 -0.847827
v -0.071602 0.034681 -0.859202
v -0.134056 0.068222 -0.879165
v -0.074782 0.065731 -0.889964
v -0.013133 0.065078 -0.895427
v -0.076677 0.104963 -0.911767
v -0.013205 0.102752 -0.917767
v 0.050983 0.102841 -0.913325
v -0.013124 0.141506 -0.930566
v 0.051818 0.141328 -0.926025
v 0.115008 0.142136 -0.914512
v 0.051713 0.178361 -0.931669
v 0.115157 0.179322 -0.920601
v 0.176010 0.181696 -0.902285
v 0.114064 0.202982 -0.919305
v 0.175693 0.204999 -0.902654
v 0.234128 0.207288 -0.879342
v 0.174255 0.238345 -0.898588
v 0.233721 0.237019 -0.876686
v 0.291695 0.232306 -0.850231
v 0.231542 0.268976 -0.867493
v 0.288653 0.263986 -0.841257
v 0.339603 0.265258 -0.806200
v 0.280621 0.302834 -0.823592
v 0.328925 0.303100 -0.789583
v 0.371849 0.304533 -0.750286
v 0.311481 0.338749 -0.764692
v 0.352405 0.338784 -0.728166
v 0.390358 0.339663 -0.688617
v 0.327471 0.363300 -0.699936
v 0.364142 0.363527 -0.662850
v 0.398043 0.363536 -0.622615
v 0.335170 0.375112 -0.633911
v 0.367464 0.374791 -0.596034
v 0.395853 0.372687 -0.555195
v 0.335582 0.375519 -0.569391
v 0.360897 0.374022 -0.531739
v 0.382059 0.371249 -0.492626
v 0.324573 0.364045 -0.510051
v 0.343593 0.362476 -0.474348
v 0.360059 0.360543 -0.437097
v 0.308362 0.341573 -0.458149
v 0.323599 0.341319 -0.423517
v 0.337429 0.339735 -0.387677
v 0.294282 0.311782 -0.411299
v 0.307612 0.310876 -0.378266
v 0.318771 0.308708 -0.344321
v 0.285907 0.273927 -0.370776
v 0.296542 0.272429 -0.339221
v 0.304889 0.270689 -0.306904
v 0.281319 0.232008 -0.335720
v 0.289605 0.230719 -0.304987
v 0.295851 0.229073 -0.273768
v 0.283308 0.187938 -0.304670
v 0.289413 0.186809 -0.274308
v 0.293132 0.185445 -0.243725
v 0.292477 0.143823 -0.275892
v 0.296295 0.142958 -0.245337
v 0.296887 0.141837 -0.214491
v 0.308504 0.101959 -0.246996
v 0.309006 0.101321 -0.215299
v 0.306154 0.100372 -0.183653
v 0.328125 0.063503 -0.215366
v 0.325039 0.062984 -0.182137
v 0.318291 0.061999 -0.149028
v 0.352366 0.032111 -0.178641
v 0.344781 0.031480 -0.142903
v 0.334125 0.030730 -0.107757
v 0.379344 0.012233 -0.134731
v 0.368047 0.011270 -0.096195
v 0.352335 0.009793 -0.058925
v 0.405743 0.003708 -0.084200
v 0.388641 0.001197 -0.042582
v 0.366547 0.000405 -0.002702
v 0.424685 0.002016 -0.026495
v 0.400383 0.001139 0.017316
v 0.373537 0.000265 0.058226
v 0.431975 0.015666 0.035363
v 0.404884 0.015055 0.079030
v 0.373560 0.017340 0.118492
v 0.429865 0.041846 0.096262
v 0.398259 0.042210 0.138663
v 0.361823 0.040631 0.178070
v 0.414402 0.075581 0.152871
v 0.376866 0.073970 0.193888
v 0.336245 0.074090 0.231062
v 0.386203 0.107477 0.204404
v 0.345584 0.107779 0.242386
v 0.301217 0.109091 0.277113
v 0.349411 0.132841 0.248277
v 0.304216 0.132679 0.282891
v 0.253913 0.131486 0.313544
v 0.306043 0.154216 0.287774
v 0.255312 0.152840 0.317958
v 0.201493 0.152990 0.343232
v 0.254890 0.173293 0.319729
v 0.201173 0.172992 0.344446
v 0.144951 0.172513 0.363262
v 0.197815 0.191228 0.339201
v 0.142506 0.189636 0.357670
v 0.085203 0.187430 0.371424
v 0.139672 0.207013 0.351482
v 0.083619 0.203324 0.365465
v 0.025750 0.199562 0.374890
v 0.081780 0.222011 0.358121
v 0.024974 0.218333 0.367238
v -0.032842 0.215922 0.369513
v 0.023737 0.245373 0.353814
v -0.032309 0.242824 0.356349
v -0.087951 0.242524 0.351520
v -0.031687 0.275210 0.334727
v -0.084187 0.274904 0.329156
v -0.134837 0.277017 0.318127
v -0.079237 0.298338 0.299437
v -0.126051 0.300608 0.287774
v -0.171381 0.304314 0.272646
v -0.115723 0.310467 0.252527
v -0.158457 0.313616 0.237364
v -0.200972 0.316091 0.219290
v -0.144158 0.312697 0.200000
v -0.183386 0.314165 0.182606
v -0.220882 0.314896 0.161788
v -0.164359 0.303200 0.146761
v -0.198845 0.303702 0.127115
v -0.230968 0.304326 0.104608
v -0.179157 0.282605 0.097103
v -0.209011 0.282316 0.075860
v -0.236097 0.282379 0.052694
v -0.192776 0.251242 0.054393
v -0.218711 0.250763 0.032611
v -0.241509 0.251623 0.008384
v -0.207500 0.214012 0.018740
v -0.229984 0.214456 -0.004363
v -0.250131 0.215566 -0.029084
v -0.223949 0.174714 -0.012360
v -0.244327 0.175715 -0.036090
v -0.262001 0.176956 -0.061565
v -0.246363 0.134895 -0.037249
v -0.263839 0.136252 -0.063062
v -0.278799 0.137876 -0.090273
v -0.273879 0.097025 -0.059346
v -0.289195 0.098749 -0.087453
v -0.301546 0.100142 -0.116967
v -0.307320 0.063386 -0.080294
v -0.319965 0.064467 -0.111468
v -0.329823 0.065782 -0.143683
v -0.345785 0.034822 -0.102650
v -0.356064 0.036213 -0.137648
v -0.363034 0.036665 -0.173194
v -0.388833 0.015064 -0.129521
v -0.396243 0.015076 -0.167908
v -0.400613 0.014942 -0.206440
v -0.434573 0.005865 -0.161610
v -0.439543 0.004938 -0.203159
v -0.441085 0.004561 -0.245231
v -0.480272 0.004769 -0.199659
v -0.481833 0.004395 -0.245018
v -0.479620 0.002466 -0.291060
v -0.521818 0.011521 -0.245607
v -0.518862 0.010052 -0.295076
v -0.512210 0.009428 -0.344307
v -0.555182 0.027375 -0.298655
v -0.548103 0.027125 -0.350414
v -0.538032 0.027946 -0.401158
v -0.578791 0.054222 -0.354584
v -0.568684 0.054904 -0.406736
v -0.556087 0.056258 -0.458617
v -0.591271 0.090425 -0.409692
v -0.578934 0.089530 -0.463382
v -0.562497 0.088371 -0.518493
v -0.592763 0.125729 -0.467510
v -0.575894 0.123762 -0.523335
v -0.551657 0.125277 -0.576852
v -0.580877 0.162119 -0.524975
v -0.557501 0.163541 -0.577832
v -0.530037 0.165549 -0.629342
v -0.555820 0.197832 -0.576202
v -0.528642 0.196945 -0.627611
v -0.495656 0.194968 -0.677049
v -0.526535 0.235774 -0.627056
v -0.495097 0.231655 -0.677620
v -0.458154 0.229335 -0.724805
v -0.483670 0.273177 -0.670270
v -0.448030 0.270217 -0.716010
v -0.407960 0.267972 -0.759155
v -0.432145 0.308369 -0.701627
v -0.394052 0.305985 -0.743489
v -0.351891 0.304791 -0.782650
v -0.373916 0.339485 -0.721593
v -0.334149 0.339028 -0.758764
v -0.289635 0.339354 -0.791278
v -0.310548 0.363498 -0.728530
v -0.269642 0.364029 -0.758728
v -0.224065 0.364511 -0.784663
v -0.245999 0.376272 -0.720933
v -0.205045 0.376207 -0.744852
v -0.160840 0.375508 -0.764200
v -0.185151 0.376600 -0.703277
v -0.145689 0.376066 -0.721557
v -0.103477 0.375546 -0.737369
v -0.130793 0.370223 -0.682719
v -0.092566 0.369883 -0.698742
v -0.052668 0.369527 -0.709831
v -0.082902 0.352764 -0.665209
v -0.047838 0.351859 -0.676462
v -0.011102 0.351638 -0.681625
v -0.043968 0.321925 -0.652582
v -0.010349 0.322786 -0.657886
v 0.023600 0.323904 -0.655357
v -0.009049 0.285709 -0.639700
v 0.022150 0.286583 -0.637948
v 0.052756 0.286912 -0.629672
v 0.020567 0.243407 -0.622844
v 0.049134 0.243046 -0.615423
v 0.076261 0.242945 -0.603079
v 0.046596 0.196630 -0.605354
v 0.073047 0.195919 -0.594879
v 0.098130 0.195106 -0.580725
v 0.071754 0.148922 -0.591041
v 0.096850 0.148254 -0.577833
v 0.120444 0.147751 -0.560949
v 0.098052 0.102532 -0.579833
v 0.122909 0.102128 -0.563821
v 0.147250 0.102503 -0.545812
v 0.132823 0.062158 -0.578570
v 0.158663 0.062255 -0.559572
v 0.183376 0.062925 -0.538433
v 0.177792 0.031258 -0.585665
v 0.204929 0.031657 -0.562753
v 0.229966 0.032288 -0.537772
v 0.230819 0.010207 -0.592422
v 0.258581 0.011202 -0.565762
v 0.283958 0.012169 -0.537443
v 0.290219 0.002384 -0.596964
v 0.318158 0.003660 -0.565700
v 0.343304 0.003294 -0.532645
v 0.352519 0.003980 -0.594435
v 0.380070 0.003395 -0.557611
v 0.404155 0.003596 -0.517203
v 0.413791 0.015882 -0.581051
v 0.440099 0.015894 -0.538235
v 0.463031 0.016251 -0.494181
v 0.471776 0.037747 -0.556695
v 0.496362 0.037735 -0.509329
v 0.516684 0.038586 -0.459742
v 0.523173 0.066940 -0.519667
v 0.543566 0.068501 -0.467171
v 0.560119 0.071121 -0.413611
v 0.562973 0.102995 -0.473018
v 0.579479 0.106239 -0.418248
v 0.591289 0.109973 -0.363657
v 0.590424 0.139034 -0.422252
v 0.602462 0.142487 -0.366155
v 0.606872 0.141252 -0.307926
v 0.608456 0.169393 -0.367530
v 0.612456 0.167527 -0.307829
v 0.611584 0.166086 -0.246618
v 0.607664 0.189729 -0.307068
v 0.607829 0.188123 -0.246084
v 0.602298 0.188016 -0.184430
v 0.609799 0.211360 -0.245451
v 0.600263 0.213338 -0.185202
v 0.587515 0.219170 -0.126785
v 0.591678 0.242733 -0.188493
v 0.580784 0.248659 -0.130570
v 0.565713 0.249738 -0.072532
v 0.570037 0.277943 -0.135224
v 0.558148 0.281257 -0.074863
v 0.532855 0.272007 -0.019692
v 0.541582 0.306547 -0.079808
v 0.517191 0.299249 -0.023571
v 0.488495 0.287492 0.021991
v 0.493712 0.317232 -0.033370
v 0.465770 0.308249 0.010486
v 0.443005 0.307223 0.052700
v 0.438107 0.322275 -0.004335
v 0.416020 0.320172 0.036523
v 0.392952 0.320949 0.077722
v 0.384279 0.325588 0.019694
v 0.363227 0.324323 0.059470
v 0.336832 0.322307 0.097402
v 0.330624 0.321613 0.040014
v 0.307258 0.318728 0.073848
v 0.278070 0.316684 0.104478
v 0.274109 0.306225 0.046878
v 0.248615 0.304255 0.074788
v 0.219707 0.302879 0.100159
v 0.223324 0.280805 0.048192
v 0.196842 0.279831 0.071817
v 0.167873 0.279367 0.093829
v 0.180636 0.247078 0.050787
v 0.153258 0.246803 0.071776
v 0.124373 0.245682 0.090957
v 0.144487 0.208701 0.056385
v 0.118216 0.206789 0.075133
v 0.090908 0.203926 0.092047
v 0.117748 0.166067 0.068113
v 0.090064 0.164406 0.081734
v 0.060843 0.163546 0.090693
v 0.091446 0.124342 0.077540
v 0.062015 0.123578 0.085099
v 0.095385 0.085853 0.081785
v 0.065304 0.085113 0.089627
v 0.101884 0.052092 0.095671
v 0.070056 0.051830 0.104464
v 0.110970 0.026051 0.120422
v 0.076758 0.026442 0.130815
v 0.123269 0.010969 0.154797
v 0.086436 0.010875 0.166949
v 0.048619 0.011287 0.174578
v 0.097753 0.003083 0.207726
v 0.054604 0.004661 0.216142
v 0.012755 0.006616 0.219372
v 0.061186 0.005114 0.255953
v 0.015129 0.007101 0.261377
v -0.029294 0.007268 0.261954
v 0.019263 0.016517 0.302101
v -0.031195 0.016584 0.303478
v -0.081060 0.016048 0.295759
v -0.033131 0.038941 0.338410
v -0.087376 0.040549 0.329569
v -0.139866 0.037540 0.318249
v -0.091683 0.074241 0.356308
v -0.147232 0.071218 0.344836
v -0.201332 0.069487 0.327121
v -0.151772 0.108399 0.360557
v -0.206648 0.106461 0.342203
v -0.260411 0.107259 0.319098
v -0.208212 0.132515 0.346706
v -0.262120 0.132510 0.323767
v -0.315334 0.131536 0.295400
v -0.263009 0.154462 0.326941
v -0.316531 0.151672 0.299160
v -0.365481 0.149342 0.263180
v -0.315884 0.169950 0.299623
v -0.366391 0.168640 0.266451
v -0.410708 0.169851 0.227564
v -0.361170 0.186532 0.262515
v -0.404830 0.188436 0.224160
v -0.443497 0.192983 0.182396
v -0.399267 0.208708 0.221646
v -0.438450 0.213270 0.180475
v -0.474692 0.218457 0.136387
v -0.430243 0.241031 0.176598
v -0.467014 0.247917 0.132915
v -0.498116 0.253642 0.084528
v -0.454730 0.282542 0.125483
v -0.483455 0.286116 0.076012
v -0.506171 0.289921 0.026360
v -0.461166 0.309326 0.062364
v -0.481960 0.311179 0.014080
v -0.502452 0.316658 -0.033721
v -0.452040 0.324175 -0.000491
v -0.469688 0.327298 -0.045998
v -0.482899 0.329674 -0.092339
v -0.432713 0.331868 -0.058295
v -0.444097 0.334304 -0.100677
v -0.450662 0.337151 -0.143927
v -0.404845 0.330728 -0.109887
v -0.411534 0.333695 -0.149975
v -0.414932 0.337073 -0.190977
v -0.375105 0.319310 -0.157072
v -0.378651 0.322056 -0.194927
v -0.379239 0.325156 -0.232900
v -0.348698 0.296269 -0.198992
v -0.349033 0.298593 -0.234269
v -0.346425 0.301162 -0.269238
v -0.327031 0.264537 -0.235752
v -0.324393 0.266478 -0.268732
v -0.319073 0.268726 -0.301372
v -0.309474 0.227736 -0.268650
v -0.304119 0.229495 -0.299984
v -0.296346 0.231154 -0.330696
v -0.297459 0.187999 -0.300138
v -0.289485 0.189254 -0.330021
v -0.279704 0.190317 -0.359347
v -0.292085 0.146784 -0.331934
v -0.281888 0.147539 -0.361221
v -0.269739 0.148279 -0.389750
v -0.293067 0.106237 -0.366198
v -0.280721 0.106690 -0.395560
v -0.266418 0.107058 -0.423714
v -0.299737 0.068761 -0.404956
v -0.284508 0.068615 -0.434393
v -0.267438 0.068651 -0.462518
v -0.311051 0.037478 -0.450055
v -0.293412 0.037354 -0.480246
v -0.273057 0.036713 -0.508556
v -0.324707 0.014724 -0.502191
v -0.303204 0.014242 -0.533196
v -0.278860 0.013454 -0.562193
v -0.336419 0.002569 -0.560759
v -0.309645 0.002227 -0.592493
v -0.279283 0.001538 -0.622216
v -0.340781 0.002373 -0.624054
v -0.307675 0.002688 -0.656012
v -0.273415 0.002193 -0.685677
v -0.336564 0.014432 -0.689769
v -0.300145 0.014446 -0.721378
v -0.259255 0.013843 -0.749966
v -0.323871 0.035951 -0.755159
v -0.278564 0.036139 -0.784508
v -0.230925 0.037380 -0.810410
v -0.293939 0.067218 -0.814207
v -0.243448 0.069109 -0.840861
v -0.190331 0.069735 -0.863423
v -0.252329 0.107509 -0.863183
v -0.196291 0.109538 -0.885817
v -0.137534 0.108197 -0.901323
v -0.200592 0.151993 -0.898452
v -0.140071 0.150905 -0.913705
v -0.077601 0.145054 -0.923386
v -0.139371 0.183792 -0.914193
v -0.077231 0.181315 -0.928262
v -0.012912 0.179024 -0.934674
v -0.076490 0.204648 -0.927493
v -0.012909 0.201580 -0.933870
v 0.050873 0.201912 -0.930636
v -0.012432 0.234270 -0.927318
v 0.050052 0.235870 -0.924634
v 0.112825 0.237349 -0.914358
v 0.049466 0.271341 -0.914319
v 0.111190 0.273064 -0.904623
v 0.172114 0.272269 -0.889003
v 0.108993 0.309706 -0.886777
v 0.168423 0.308585 -0.871143
v 0.226251 0.306047 -0.849750
v 0.161783 0.340990 -0.843708
v 0.215826 0.340393 -0.822580
v 0.265937 0.339432 -0.796229
v 0.200450 0.364973 -0.787585
v 0.246318 0.365081 -0.762691
v 0.288353 0.363728 -0.733429
v 0.222815 0.376666 -0.723689
v 0.261837 0.376427 -0.697707
v 0.299548 0.375640 -0.667794
v 0.236921 0.377144 -0.659956
v 0.272695 0.376801 -0.633956
v 0.305885 0.376081 -0.603624
v 0.246873 0.366038 -0.600609
v 0.276480 0.364909 -0.573941
v 0.302395 0.364801 -0.543079
v 0.248574 0.342676 -0.548525
v 0.271128 0.342187 -0.520404
v 0.290857 0.341635 -0.490301
v 0.243920 0.312194 -0.501534
v 0.262461 0.311515 -0.473064
v 0.279280 0.311551 -0.443019
v 0.240996 0.275867 -0.459374
v 0.257971 0.275337 -0.430994
v 0.272925 0.274847 -0.401306
v 0.243571 0.234837 -0.423082
v 0.258322 0.234097 -0.394887
v 0.270833 0.233088 -0.365690
v 0.251696 0.190757 -0.392239
v 0.264528 0.189933 -0.363852
v 0.274930 0.189073 -0.334590
v 0.267114 0.146176 -0.365429
v 0.277706 0.145381 -0.336140
v 0.286203 0.144547 -0.306179
v 0.288237 0.102862 -0.339934
v 0.297582 0.102483 -0.309310
v 0.304674 0.102371 -0.278337
v 0.316946 0.063838 -0.314134
v 0.324009 0.063798 -0.281521
v 0.327754 0.063668 -0.248598
v 0.352606 0.031619 -0.286241
v 0.356505 0.031865 -0.250316
v 0.356371 0.032304 -0.214489
v 0.392794 0.010427 -0.252226
v 0.392327 0.011136 -0.212800
v 0.387484 0.011929 -0.173431
v 0.432850 0.004236 -0.209865
v 0.427436 0.004814 -0.167515
v 0.418461 0.005373 -0.125882
v 0.469018 0.008383 -0.160386
v 0.458344 0.008902 -0.116007
v 0.444221 0.005124 -0.071551
v 0.495670 0.023228 -0.104833
v 0.478986 0.020199 -0.057244
v 0.457186 0.017153 -0.010153
v 0.507456 0.046975 -0.043146
v 0.484295 0.044387 0.005566
v 0.458393 0.042867 0.051986
v 0.505459 0.080604 0.019202
v 0.478621 0.079203 0.066568
v 0.448335 0.077202 0.110650
v 0.491097 0.113845 0.075842
v 0.459537 0.111169 0.120778
v 0.424432 0.108529 0.163419
v 0.465709 0.138759 0.127258
v 0.429580 0.135441 0.170186
v 0.390351 0.133449 0.210271
v 0.432382 0.159644 0.175008
v 0.393102 0.156740 0.215079
v 0.351790 0.155417 0.253013
v 0.393218 0.180195 0.217358
v 0.350856 0.177406 0.254435
v 0.305443 0.175163 0.289644
v 0.346016 0.199762 0.251733
v 0.300197 0.195818 0.285491
v 0.250577 0.192951 0.314962
v 0.294786 0.217115 0.281283
v 0.245711 0.212867 0.309752
v 0.193830 0.209945 0.333306
v 0.239441 0.236681 0.302310
v 0.188902 0.231536 0.325423
v 0.136284 0.227016 0.343512
v 0.181470 0.261085 0.311226
v 0.131292 0.255009 0.329604
v 0.078650 0.249422 0.344080
v 0.124430 0.284284 0.307987
v 0.074192 0.279742 0.322939
v 0.021681 0.276562 0.332402
v 0.068665 0.300428 0.296217
v 0.019299 0.298180 0.305119
v -0.030357 0.297788 0.305960
v 0.016967 0.306739 0.271862
v -0.027822 0.306636 0.271868
v -0.072122 0.308097 0.265046
v -0.024075 0.304210 0.235807
v -0.063083 0.307762 0.228952
v -0.103574 0.310584 0.216057
v -0.053675 0.297265 0.193629
v -0.089165 0.302304 0.181788
v -0.127893 0.302812 0.164748
v -0.077020 0.281146 0.151699
v -0.112272 0.283414 0.136134
v -0.146896 0.282754 0.116994
v -0.101634 0.253479 0.113834
v -0.134257 0.253135 0.095064
v -0.164650 0.252140 0.074996
v -0.129192 0.215095 0.079551
v -0.157141 0.214590 0.060772
v -0.182897 0.214197 0.040178
v -0.155360 0.173109 0.052257
v -0.179272 0.173475 0.032027
v -0.202160 0.173935 0.010379
v -0.181911 0.131663 0.030897
v -0.204587 0.132503 0.009632
v -0.226206 0.133643 -0.013205
v -0.213503 0.092733 0.016076
v -0.235599 0.094026 -0.007508
v -0.255826 0.095468 -0.032699
v -0.249862 0.057157 0.003210
v -0.271791 0.059297 -0.022740
v -0.291632 0.061772 -0.050330
v -0.293687 0.028484 -0.007347
v -0.314906 0.031450 -0.036951
v -0.332485 0.033487 -0.068928
v -0.344498 0.010428 -0.018414
v -0.363241 0.012310 -0.054161
v -0.378039 0.014015 -0.091353
v -0.397528 0.003075 -0.037422
v -0.413526 0.003825 -0.078614
v -0.425999 0.006185 -0.120308
v -0.448955 0.003746 -0.065085
v -0.463411 0.006041 -0.109676
v -0.474168 0.005517 -0.154611
v -0.498636 0.013432 -0.097204
v -0.512071 0.012141 -0.145449
v -0.520286 0.011371 -0.195287
v -0.544661 0.029461 -0.136263
v -0.554433 0.027350 -0.190412
v -0.557508 0.027785 -0.245299
v -0.581576 0.052491 -0.185881
v -0.586091 0.053193 -0.243995
v -0.585289 0.053813 -0.300718
v -0.606987 0.084770 -0.242044
v -0.607927 0.087691 -0.300963
v -0.601898 0.090010 -0.356630
v -0.619458 0.124150 -0.299785
v -0.614478 0.127964 -0.357037
v -0.605236 0.128544 -0.412220
v -0.621928 0.159925 -0.357147
v -0.612273 0.161706 -0.413555
v -0.598149 0.162285 -0.469635
v -0.608282 0.190541 -0.411256
v -0.596600 0.193864 -0.467972
v -0.578198 0.197101 -0.522994
v -0.593904 0.233178 -0.465139
v -0.576191 0.236288 -0.521006
v -0.553378 0.237716 -0.574812
v -0.566043 0.274387 -0.515336
v -0.542834 0.276404 -0.569321
v -0.515211 0.275902 -0.621278
v -0.525297 0.311086 -0.559220
v -0.497967 0.312088 -0.609782
v -0.466486 0.310637 -0.657144
v -0.474849 0.342639 -0.592718
v -0.444444 0.342787 -0.638595
v -0.410782 0.341363 -0.681635
v -0.416935 0.365472 -0.615158
v -0.384423 0.364911 -0.656425
v -0.348706 0.363726 -0.694133
v -0.355114 0.376007 -0.628037
v -0.320935 0.375553 -0.663126
v -0.284125 0.375723 -0.693840
v -0.293617 0.376616 -0.629709
v -0.259197 0.377011 -0.656852
v -0.222498 0.377156 -0.681513
v -0.236192 0.369207 -0.621509
v -0.202267 0.371138 -0.643615
v -0.167043 0.371143 -0.663758
v -0.183795 0.351500 -0.611863
v -0.151233 0.353796 -0.631393
v -0.117297 0.353889 -0.649902
v -0.137384 0.322066 -0.609063
v -0.106983 0.323003 -0.626242
v -0.076042 0.322106 -0.641127
v -0.099480 0.282873 -0.610758
v -0.070810 0.283132 -0.625112
v -0.040659 0.283917 -0.635395
v -0.066399 0.240943 -0.611522
v -0.037712 0.242135 -0.620567
v -0.008215 0.243371 -0.624231
v -0.036147 0.197137 -0.609412
v -0.008397 0.197624 -0.612180
v 0.019174 0.197335 -0.611234
v -0.008884 0.151076 -0.605033
v 0.018318 0.150494 -0.604577
v 0.045344 0.149705 -0.600157
v 0.017945 0.104820 -0.606281
v 0.045275 0.104084 -0.601333
v 0.072283 0.103417 -0.592485
v 0.048710 0.063466 -0.616998
v 0.077779 0.063168 -0.608085
v 0.105892 0.062545 -0.595263
v 0.087718 0.032653 -0.637507
v 0.119382 0.032212 -0.623682
v 0.149394 0.031657 -0.606094
v 0.135747 0.011490 -0.660111
v 0.169198 0.010507 -0.640890
v 0.200831 0.009798 -0.617868
v 0.191554 0.001567 -0.677961
v 0.226155 0.001405 -0.652688
v 0.259461 0.001288 -0.625567
v 0.252853 0.003432 -0.688929
v 0.288084 0.004162 -0.659912
v 0.321843 0.004323 -0.628718
v 0.316150 0.017732 -0.693150
v 0.351842 0.016754 -0.659273
v 0.384538 0.015951 -0.621867
v 0.379878 0.039855 -0.685463
v 0.413701 0.039031 -0.644926
v 0.444176 0.038229 -0.601823
v 0.439407 0.069612 -0.663419
v 0.470950 0.068382 -0.617981
v 0.499228 0.066910 -0.570220
v 0.491608 0.103125 -0.628473
v 0.519325 0.101446 -0.578246
v 0.543118 0.101456 -0.526510
v 0.530725 0.136548 -0.582320
v 0.554119 0.135784 -0.530087
v 0.573648 0.135870 -0.476711
v 0.560171 0.169857 -0.531811
v 0.579118 0.168531 -0.478801
v 0.594873 0.168601 -0.424333
v 0.578982 0.196053 -0.478141
v 0.594551 0.193143 -0.423528
v 0.603244 0.191499 -0.366191
v 0.592900 0.227156 -0.421247
v 0.603674 0.222529 -0.363922
v 0.609172 0.215683 -0.305380
v 0.594586 0.256047 -0.358612
v 0.598697 0.247812 -0.301068
v 0.598784 0.241857 -0.245036
v 0.582478 0.281569 -0.296769
v 0.582026 0.275384 -0.244112
v 0.577867 0.274047 -0.191627
v 0.557541 0.308528 -0.242343
v 0.555375 0.304573 -0.192742
v 0.550983 0.303885 -0.138651
v 0.525038 0.326675 -0.192052
v 0.523198 0.323188 -0.140699
v 0.514692 0.321988 -0.086094
v 0.486682 0.335235 -0.143004
v 0.480490 0.331483 -0.093439
v 0.463513 0.327820 -0.046483
v 0.440006 0.336099 -0.102547
v 0.426286 0.332444 -0.062041
v 0.405267 0.328506 -0.020671
v 0.385700 0.330083 -0.075807
v 0.369103 0.326789 -0.036730
v 0.350252 0.323904 0.002356
v 0.333529 0.314785 -0.052877
v 0.315787 0.312280 -0.017234
v 0.295916 0.309377 0.016514
v 0.286474 0.288820 -0.036220
v 0.267574 0.286081 -0.005997
v 0.246898 0.282917 0.022421
v 0.249140 0.251803 -0.022462
v 0.228720 0.249564 0.003867
v 0.206093 0.247645 0.028462
v 0.217021 0.211837 -0.009199
v 0.194223 0.210574 0.013921
v 0.169924 0.209798 0.035815
v 0.189581 0.170527 0.006467
v 0.167116 0.169310 0.029251
v 0.143116 0.167832 0.049887
v 0.169867 0.128731 0.029154
v 0.145528 0.127358 0.048954
v 0.119441 0.125810 0.065523
v 0.151508 0.088927 0.054404
v 0.124269 0.087272 0.070030
v 0.162416 0.055164 0.068638
v 0.133046 0.053474 0.084088
v 0.176841 0.028011 0.090653
v 0.144548 0.026582 0.106866
v 0.194562 0.008561 0.120055
v 0.159376 0.009712 0.138869
v 0.176988 0.005843 0.176047
v 0.138050 0.004108 0.194380
v 0.154293 0.003625 0.231401
v 0.108669 0.001946 0.246430
v 0.119752 0.011206 0.281675
v 0.069290 0.014937 0.292807
v 0.077327 0.037582 0.324632
v 0.023275 0.038339 0.335769
v 0.026023 0.071085 0.360980
v -0.033645 0.072674 0.364040
v -0.033515 0.107518 0.378428
v -0.093569 0.108972 0.372127
v -0.094139 0.133797 0.378398
v -0.153116 0.133801 0.365663
v -0.154138 0.153039 0.370682
v -0.209596 0.154402 0.351684
v -0.208994 0.170882 0.351551
v -0.263241 0.171976 0.328370
v -0.260151 0.187936 0.323866
v -0.312382 0.187191 0.296114
v -0.308163 0.205673 0.292303
v -0.356121 0.206144 0.259364
v -0.349186 0.230105 0.254728
v -0.391398 0.234122 0.217445
v -0.378126 0.267215 0.208048
v -0.417026 0.274832 0.168442
v -0.399022 0.301626 0.153429
v -0.434370 0.307636 0.110579
v -0.408533 0.320840 0.091111
v -0.432924 0.322142 0.045639
v -0.399301 0.326669 0.027790
v -0.417047 0.328870 -0.015244
v -0.379545 0.325999 -0.030675
v -0.394035 0.328485 -0.070373
v -0.358226 0.315290 -0.083421
v -0.368573 0.317032 -0.119998
v -0.338767 0.292204 -0.129546
v -0.345293 0.294076 -0.163972
v -0.323924 0.260611 -0.169787
v -0.326923 0.262549 -0.202677
v -0.312626 0.224382 -0.205525
v -0.312357 0.226137 -0.237150
v -0.306002 0.185434 -0.238786
v -0.303050 0.186763 -0.269568
v -0.305877 0.145124 -0.271399
v -0.300019 0.145960 -0.301964
v -0.311561 0.105390 -0.305245
v -0.303489 0.105789 -0.336061
v -0.323249 0.068482 -0.342367
v -0.312699 0.068841 -0.374124
v -0.340060 0.037467 -0.385068
v -0.326626 0.037500 -0.418153
v -0.359901 0.014735 -0.434237
v -0.343560 0.014418 -0.469062
v -0.379661 0.002234 -0.489422
v -0.359785 0.002561 -0.526005
v -0.396421 0.002175 -0.549853
v -0.370838 0.002002 -0.588650
v -0.403567 0.010705 -0.614749
v -0.371038 0.012481 -0.654644
v -0.400191 0.032539 -0.680382
v -0.364073 0.035949 -0.719754
v -0.387872 0.064026 -0.744873
v -0.343243 0.064997 -0.783617
v -0.357243 0.102020 -0.802447
v -0.305714 0.104681 -0.835548
v -0.313340 0.144404 -0.846725
v -0.258063 0.149439 -0.875122
v -0.258790 0.182459 -0.874196
v -0.200262 0.183731 -0.896331
v -0.201149 0.208569 -0.898624
v -0.139424 0.207817 -0.915642
v -0.137502 0.236152 -0.911329
v -0.074542 0.234826 -0.922190
v -0.072973 0.266026 -0.913834
v -0.011871 0.268303 -0.917312
v -0.011860 0.306818 -0.899080
v 0.048381 0.308715 -0.895607
v 0.046895 0.342025 -0.868021
v 0.105394 0.341767 -0.859237
v 0.099344 0.364619 -0.823221
v 0.151268 0.364351 -0.807749
v 0.137826 0.375777 -0.765529
v 0.181506 0.376332 -0.746426
v 0.161773 0.376555 -0.703223
v 0.199736 0.376907 -0.682770
v 0.180118 0.369704 -0.644305
v 0.214767 0.368280 -0.623561
v 0.194412 0.347787 -0.594723
v 0.222759 0.344279 -0.573268
v 0.201394 0.314194 -0.553132
v 0.223883 0.312950 -0.528338
v 0.203059 0.278031 -0.511927
v 0.222443 0.276875 -0.486324
v 0.207793 0.236253 -0.475802
v 0.226344 0.235524 -0.449907
v 0.220342 0.191987 -0.446181
v 0.236915 0.191474 -0.419657
v 0.239096 0.147381 -0.421083
v 0.254184 0.146889 -0.393789
v 0.264324 0.103939 -0.399082
v 0.277230 0.103348 -0.370011
v 0.295269 0.063369 -0.377763
v 0.306995 0.063545 -0.346168
v 0.335710 0.031814 -0.355542
v 0.345676 0.031782 -0.321231
v 0.382637 0.010511 -0.330171
v 0.389346 0.010004 -0.291880
v 0.431399 0.002851 -0.296721
v 0.434155 0.003741 -0.253131
v 0.476130 0.006537 -0.252736
v 0.475051 0.007334 -0.205743
v 0.515523 0.020160 -0.201346
v 0.508328 0.022396 -0.151911
v 0.541332 0.047461 -0.144361
v 0.527311 0.048799 -0.093058
v 0.551125 0.080892 -0.083508
v 0.529658 0.081242 -0.030864
v 0.543632 0.114410 -0.024273
v 0.518690 0.114468 0.027045
v 0.525662 0.139564 0.030129
v 0.497837 0.139907 0.080636
v 0.503173 0.161877 0.084158
v 0.469639 0.162715 0.131805
v 0.470983 0.184469 0.133941
v 0.432507 0.182727 0.177019
v 0.427673 0.205957 0.174056
v 0.388438 0.203692 0.214502
v 0.382652 0.228391 0.210374
v 0.340784 0.222323 0.248281
v 0.332399 0.250689 0.241104
v 0.287234 0.242886 0.274003
v 0.276233 0.273897 0.261006
v 0.229823 0.267504 0.288725
v 0.218725 0.294303 0.268392
v 0.172395 0.289429 0.289770
v 0.162400 0.308096 0.262281
v 0.116280 0.303925 0.281018
v 0.106574 0.312783 0.250405
v 0.062342 0.308286 0.264267
v 0.055941 0.304504 0.230487
v 0.015609 0.304623 0.236153
v 0.013218 0.293024 0.198457
v -0.020854 0.292631 0.199443
v -0.021565 0.270990 0.165047
v -0.048528 0.273832 0.163093
v -0.048503 0.242446 0.138059
v -0.071615 0.248665 0.128803
v -0.073207 0.210914 0.108702
v -0.100399 0.214005 0.095441
v -0.129192 0.172905 0.068817
v -0.132211 0.129947 0.064932
v -0.157900 0.130877 0.049871
v -0.138205 0.089568 0.070356
v -0.165078 0.090481 0.055843
v -0.190095 0.091572 0.037407
v -0.175560 0.054868 0.069821
v -0.202411 0.055371 0.050773
v -0.226607 0.055870 0.028147
v -0.218757 0.026528 0.071709
v -0.245910 0.027487 0.048291
v -0.270422 0.027312 0.021012
v -0.270015 0.009291 0.075065
v -0.296775 0.009114 0.046221
v -0.321935 0.008581 0.014806
v -0.326634 0.002155 0.075029
v -0.353161 0.000856 0.040417
v -0.377519 0.002405 0.002674
v -0.384636 0.000955 0.063753
v -0.409541 0.002295 0.022208
v -0.431037 0.003980 -0.020834
v -0.440745 0.010285 0.040766
v -0.462611 0.012942 -0.004462
v -0.482719 0.011794 -0.050213
v -0.490953 0.034606 0.011576
v -0.512231 0.033143 -0.035661
v -0.529788 0.032080 -0.084948
v -0.536131 0.063718 -0.023772
v -0.554644 0.059582 -0.074928
v -0.570418 0.055079 -0.128816
v -0.572517 0.091621 -0.069148
v -0.588920 0.085665 -0.124353
v -0.600541 0.083372 -0.182378
v -0.599469 0.118848 -0.122530
v -0.611329 0.117501 -0.180124
v -0.618357 0.119459 -0.240003
v -0.617065 0.151381 -0.178901
v -0.623542 0.152370 -0.238729
v -0.625018 0.156040 -0.298745
v -0.619134 0.178742 -0.238752
v -0.619346 0.179758 -0.297476
v -0.615337 0.186355 -0.354653
v -0.618972 0.216261 -0.294783
v -0.614222 0.223502 -0.351462
v -0.605731 0.229120 -0.408499
v -0.603568 0.262726 -0.346846
v -0.595042 0.268322 -0.403514
v -0.582525 0.271160 -0.459771
v -0.577901 0.303944 -0.398103
v -0.563852 0.306003 -0.453054
v -0.547475 0.308647 -0.506605
v -0.538612 0.335527 -0.443450
v -0.521854 0.338206 -0.494566
v -0.500963 0.340923 -0.544394
v -0.489787 0.359117 -0.478581
v -0.469904 0.361931 -0.525495
v -0.445728 0.364498 -0.571325
v -0.434546 0.371835 -0.504623
v -0.412234 0.374443 -0.547621
v -0.385727 0.375704 -0.589227
v -0.377081 0.374958 -0.524840
v -0.353015 0.376318 -0.562976
v -0.325009 0.376590 -0.598166
v -0.319943 0.365866 -0.537342
v -0.295102 0.366250 -0.568529
v -0.266889 0.367163 -0.596580
v -0.266589 0.343641 -0.542712
v -0.241830 0.344826 -0.568650
v -0.213883 0.347513 -0.591623
v -0.218679 0.314115 -0.546833
v -0.194003 0.315938 -0.570005
v -0.166860 0.318937 -0.590606
v -0.177192 0.279619 -0.553597
v -0.153070 0.280982 -0.575194
v -0.126986 0.282304 -0.593942
v -0.143763 0.239256 -0.563861
v -0.119493 0.239799 -0.582345
v -0.093740 0.240358 -0.598664
v -0.115380 0.195618 -0.574553
v -0.090232 0.195917 -0.589817
v -0.063846 0.196367 -0.601821
v -0.088795 0.150865 -0.584380
v -0.062846 0.151106 -0.595565
v -0.036119 0.151201 -0.602460
v -0.064661 0.105988 -0.598290
v -0.037427 0.105723 -0.604639
v -0.009839 0.105236 -0.607222
v -0.040743 0.064962 -0.621241
v -0.010822 0.064512 -0.623717
v 0.018979 0.064147 -0.622501
v -0.011495 0.033669 -0.654339
v 0.021865 0.033669 -0.652932
v 0.055119 0.033139 -0.647158
v 0.025593 0.014550 -0.692848
v 0.062838 0.013746 -0.686433
v 0.100036 0.012733 -0.675300
v 0.072642 0.005319 -0.729504
v 0.114106 0.003853 -0.716378
v 0.154192 0.002375 -0.699469
v 0.130434 0.004282 -0.758116
v 0.174752 0.003132 -0.738814
v 0.215901 0.003032 -0.715526
v 0.194365 0.015832 -0.776560
v 0.239073 0.016372 -0.752788
v 0.279148 0.017378 -0.724684
v 0.259363 0.039489 -0.787989
v 0.302492 0.040932 -0.757022
v 0.342263 0.041144 -0.722564
v 0.321901 0.072078 -0.784584
v 0.364430 0.071860 -0.746671
v 0.403821 0.070741 -0.706225
v 0.380576 0.107496 -0.764191
v 0.422452 0.106095 -0.721436
v 0.459673 0.105085 -0.676398
v 0.433318 0.143037 -0.730097
v 0.471661 0.141447 -0.683200
v 0.503186 0.138940 -0.633275
v 0.476029 0.174677 -0.685446
v 0.507951 0.172311 -0.635129
v 0.536733 0.170851 -0.584279
v 0.509187 0.196548 -0.636175
v 0.538052 0.196097 -0.585053
v 0.562055 0.196337 -0.532277
v 0.534762 0.233615 -0.583819
v 0.558876 0.232690 -0.531232
v 0.576581 0.230725 -0.476414
v 0.548882 0.268595 -0.526590
v 0.567386 0.265121 -0.472040
v 0.584048 0.261458 -0.416383
v 0.551204 0.300172 -0.464102
v 0.567904 0.295442 -0.409288
v 0.579038 0.289402 -0.352552
v 0.543678 0.326555 -0.400632
v 0.554178 0.321431 -0.346490
v 0.557706 0.314808 -0.293225
v 0.520051 0.343652 -0.340514
v 0.524485 0.338451 -0.289666
v 0.525162 0.332072 -0.240408
v 0.485883 0.350995 -0.286770
v 0.487355 0.345295 -0.239071
v 0.487487 0.339845 -0.191239
v 0.447848 0.348676 -0.238571
v 0.448085 0.344167 -0.192758
v 0.446179 0.340050 -0.146946
v 0.407546 0.340306 -0.196544
v 0.404613 0.336970 -0.154191
v 0.397647 0.333522 -0.114093
v 0.366115 0.322852 -0.162128
v 0.359181 0.320024 -0.125164
v 0.348190 0.317161 -0.088987
v 0.327970 0.294557 -0.134872
v 0.317471 0.292760 -0.101245
v 0.303319 0.291012 -0.068174
v 0.295979 0.258706 -0.110975
v 0.282843 0.256693 -0.080150
v 0.267278 0.254263 -0.050533
v 0.270339 0.217832 -0.088808
v 0.255453 0.215574 -0.060592
v 0.237559 0.213526 -0.033940
v 0.249895 0.175151 -0.066640
v 0.231672 0.173409 -0.041119
v 0.211406 0.171930 -0.016853
v 0.234548 0.132440 -0.041593
v 0.214488 0.131051 -0.016863
v 0.192501 0.129810 0.006596
v 0.222790 0.091606 -0.011576
v 0.199923 0.090779 0.012337
v 0.176463 0.090182 0.034825
v 0.212687 0.055890 0.025239
v 0.188649 0.055994 0.048693
v 0.206195 0.028920 0.070482
vn 0.3838 0.1940 -0.9028
vn 0.2927 0.2569 -0.9211
vn 0.2432 0.0003 -0.9700
vn 0.3261 -0.0275 -0.9449
vn 0.1647 0.2868 -0.9437
vn 0.1704 0.0062 -0.9854
vn 0.2818 -0.2828 -0.9168
vn 0.2195 -0.2780 -0.9352
vn 0.1652 -0.2828 -0.9448
vn 0.0724 -0.0037 -0.9974
vn 0.0715 -0.2896 -0.9545
vn 0.0612 -0.5911 -0.8043
vn 0.1467 -0.5881 -0.7954
vn 0.1938 -0.5814 -0.7902
vn 0.2410 -0.5676 -0.7872
vn 0.1067 -0.8373 -0.5363
vn 0.1407 -0.8377 -0.5277
vn 0.1784 -0.8311 -0.5267
vn 0.3225 -0.5603 -0.7629
vn 0.2431 -0.8144 -0.5270
vn 0.0783 -0.9587 -0.2734
vn 0.0868 -0.9620 -0.2589
vn 0.1296 -0.9638 -0.2329
vn 0.3104 -0.7991 -0.5149
vn 0.1703 -0.9591 -0.2260
vn 0.0009 -0.9960 -0.0892
vn 0.0234 -0.9986 -0.0468
vn 0.0659 -0.9978 -0.0098
vn 0.1741 -0.9536 -0.2456
vn 0.0406 -0.9984 -0.0406
vn -0.0830 -0.9907 0.1075
vn -0.0297 -0.9880 0.1519
vn -0.0592 -0.9905 0.1243
vn 0.0247 -0.9982 -0.0546
vn -0.1113 -0.9906 0.0800
vn -0.1945 -0.9024 0.3846
vn -0.2190 -0.9026 0.3707
vn -0.2997 -0.9092 0.2890
vn -0.0997 -0.9893 0.1066
vn -0.3293 -0.9061 0.2655
vn -0.3885 -0.7204 0.5745
vn -0.4897 -0.7171 0.4961
vn -0.5575 -0.7119 0.4270
vn -0.3504 -0.8997 0.2602
vn -0.5824 -0.7056 0.4037
vn -0.6149 -0.5057 0.6051
vn -0.6827 -0.4987 0.5341
vn -0.7076 -0.5083 0.4909
vn -0.6092 -0.7128 0.3476
vn -0.7283 -0.5243 0.4412
vn -0.7333 -0.3297 0.5946
vn -0.7631 -0.3439 0.5471
vn -0.7909 -0.3641 0.4919
vn -0.7414 -0.5477 0.3879
vn -0.8173 -0.3820 0.4313
vn -0.7804 -0.2493 0.5735
vn -0.8172 -0.2595 0.5146
vn -0.8535 -0.2676 0.4472
vn -0.8350 -0.3994 0.3785
vn -0.8791 -0.2726 0.3909
vn -0.8333 -0.1868 0.5203
vn -0.8820 -0.1517 0.4461
vn -0.9137 -0.1116 0.3907
vn -0.9079 -0.2658 0.3243
vn -0.9467 -0.0743 0.3133
vn -0.8951 0.0824 0.4382
vn -0.9188 0.0956 0.3829
vn -0.9486 0.0965 0.3013
vn -0.9742 -0.0277 0.2242
vn -0.9730 0.0951 0.2103
vn -0.9000 0.2011 0.3868
vn -0.9353 0.1846 0.3019
vn -0.9625 0.1657 0.2147
vn -0.9846 0.0912 0.1494
vn -0.9780 0.1475 0.1473
vn -0.9140 0.2809 0.2928
vn -0.9280 0.3171 0.1959
vn -0.9279 0.3512 0.1250
vn -0.9861 0.1503 0.0705
vn -0.9276 0.3660 0.0745
vn -0.8391 0.5203 0.1588
vn -0.8373 0.5355 0.1101
vn -0.8393 0.5363 0.0891
vn -0.9331 0.3588 0.0238
vn -0.8424 0.5352 0.0625
vn -0.6346 0.7651 0.1096
vn -0.6401 0.7604 0.1094
vn -0.6390 0.7629 0.0981
vn -0.8383 0.5447 -0.0223
vn -0.6312 0.7751 0.0290
vn -0.3859 0.9149 0.1183
vn -0.3762 0.9194 0.1147
vn -0.3657 0.9275 0.0772
vn -0.6201 0.7810 -0.0737
vn -0.3623 0.9320 0.0134
vn -0.1667 0.9791 0.1162
vn -0.1522 0.9830 0.1029
vn -0.1400 0.9870 0.0790
vn -0.3669 0.9295 -0.0381
vn -0.1368 0.9891 0.0545
vn 0.0343 0.9924 0.1180
vn 0.0459 0.9920 0.1179
vn 0.0529 0.9915 0.1186
vn -0.1407 0.9896 0.0299
vn 0.0579 0.9918 0.1139
vn 0.2709 0.9494 0.1592
vn 0.2736 0.9452 0.1781
vn 0.2832 0.9405 0.1875
vn 0.0638 0.9926 0.1037
vn 0.2960 0.9349 0.1958
vn 0.5234 0.8183 0.2377
vn 0.5226 0.8124 0.2587
vn 0.5201 0.8074 0.2787
vn 0.3027 0.9296 0.2103
vn 0.5068 0.8032 0.3130
vn 0.7005 0.6373 0.3211
vn 0.6745 0.6465 0.3565
vn 0.6381 0.6597 0.3971
vn 0.4779 0.8021 0.3581
vn 0.5965 0.6677 0.4455
vn 0.7690 0.4756 0.4271
vn 0.7305 0.4901 0.4757
vn 0.6957 0.4969 0.5188
vn 0.5601 0.6653 0.4936
vn 0.6689 0.4917 0.5575
vn 0.8053 0.2707 0.5274
vn 0.7782 0.2657 0.5691
vn 0.7548 0.2597 0.6024
vn 0.6411 0.4755 0.6024
vn 0.7226 0.2548 0.6426
vn 0.8114 0.0377 0.5833
vn 0.7816 0.0434 0.6223
vn 0.7417 0.0581 0.6682
vn 0.6748 0.2530 0.6933
vn 0.6815 0.0829 0.7271
vn 0.7599 -0.1408 0.6346
vn 0.7139 -0.1113 0.6914
vn 0.6479 -0.0769 0.7578
vn 0.6081 0.1152 0.7855
vn 0.5740 -0.0429 0.8177
vn 0.6479 -0.3310 0.6860
vn 0.5896 -0.3106 0.7456
vn 0.5231 -0.2954 0.7995
vn 0.5141 -0.0127 0.8576
vn 0.4643 -0.2802 0.8402
vn 0.4913 -0.5818 0.6481
vn 0.4370 -0.5786 0.6886
vn 0.3791 -0.5753 0.7248
vn 0.3959 -0.2605 0.8806
vn 0.3119 -0.5674 0.7621
vn 0.3218 -0.8012 0.5045
vn 0.2719 -0.8050 0.5273
vn 0.2116 -0.8065 0.5521
vn 0.2265 -0.5568 0.7992
vn 0.1525 -0.8066 0.5711
vn 0.1619 -0.9430 0.2909
vn 0.1137 -0.9461 0.3033
vn 0.0801 -0.9478 0.3087
vn 0.0939 -0.8103 0.5785
vn 0.0615 -0.9497 0.3072
vn 0.0328 -0.9964 0.0785
vn 0.0126 -0.9962 0.0864
vn 0.0245 -0.9955 0.0920
vn 0.0219 -0.9517 0.3061
vn 0.0238 -0.9954 0.0927
vn -0.0585 -0.9915 -0.1159
vn -0.0222 -0.9940 -0.1072
vn 0.0240 -0.9942 -0.1049
vn -0.0115 -0.9963 0.0855
vn 0.0264 -0.9930 -0.1150
vn -0.0735 -0.9310 -0.3576
vn 0.0159 -0.9329 -0.3597
vn 0.0687 -0.9312 -0.3579
vn 0.0159 -0.9912 -0.1317
vn 0.0937 -0.9265 -0.3645
vn 0.0025 -0.7945 -0.6073
vn 0.0962 -0.7972 -0.5959
vn 0.1572 -0.7993 -0.5799
vn 0.1276 -0.9208 -0.3687
vn 0.2031 -0.7996 -0.5652
vn 0.1100 -0.6152 -0.7806
vn 0.1967 -0.6198 -0.7597
vn 0.2538 -0.6262 -0.7372
vn 0.2500 -0.8021 -0.5423
vn 0.3088 -0.6318 -0.7110
vn 0.2189 -0.4161 -0.8826
vn 0.2867 -0.4140 -0.8640
vn 0.3486 -0.4089 -0.8434
vn 0.4001 -0.6384 -0.6575
vn 0.4518 -0.4118 -0.7914
vn 0.3145 -0.2068 -0.9264
vn 0.3833 -0.1405 -0.9129
vn 0.4819 -0.1085 -0.8695
vn 0.5545 -0.4368 -0.7083
vn 0.5954 -0.1480 -0.7897
vn 0.4005 -0.0653 -0.9140
vn 0.4778 -0.0784 -0.8750
vn 0.5851 -0.1079 -0.8037
vn 0.6662 -0.2040 -0.7173
vn 0.6700 -0.1078 -0.7345
vn 0.4749 -0.0414 -0.8791
vn 0.5908 -0.0348 -0.8060
vn 0.6824 0.0016 -0.7310
vn 0.7370 -0.0897 -0.6700
vn 0.7458 0.0365 -0.6652
vn 0.5876 0.2333 -0.7748
vn 0.6703 0.2401 -0.7022
vn 0.7274 0.2302 -0.6464
vn 0.8056 0.0407 -0.5911
vn 0.7848 0.2179 -0.5802
vn 0.6332 0.3948 -0.6657
vn 0.6799 0.3995 -0.6149
vn 0.7338 0.3954 -0.5524
vn 0.8318 0.2080 -0.5146
vn 0.7820 0.3885 -0.4874
vn 0.6080 0.5666 -0.5562
vn 0.6525 0.5697 -0.4998
vn 0.6987 0.5669 -0.4364
vn 0.8213 0.3856 -0.4204
vn 0.7404 0.5615 -0.3695
vn 0.5191 0.7560 -0.3987
vn 0.5562 0.7577 -0.3414
vn 0.5914 0.7570 -0.2777
vn 0.7800 0.5557 -0.2877
vn 0.6232 0.7542 -0.2070
vn 0.3493 0.9172 -0.1917
vn 0.3663 0.9199 -0.1402
vn 0.3835 0.9192 -0.0898
vn 0.6438 0.7501 -0.1510
vn 0.3964 0.9166 -0.0522
vn 0.1501 0.9886 -0.0119
vn 0.1568 0.9875 0.0132
vn 0.1634 0.9860 0.0322
vn 0.4109 0.9114 -0.0214
vn 0.1709 0.9845 0.0405
vn -0.0399 0.9949 0.0926
vn -0.0324 0.9946 0.0990
vn -0.0341 0.9949 0.0953
vn 0.1822 0.9815 0.0579
vn -0.0367 0.9951 0.0923
vn -0.2551 0.9524 0.1671
vn -0.2514 0.9556 0.1539
vn -0.2539 0.9581 0.1324
vn -0.0311 0.9942 0.1029
vn -0.2541 0.9600 0.1174
vn -0.5031 0.8380 0.2111
vn -0.5050 0.8454 0.1742
vn -0.5063 0.8516 0.1360
vn -0.2468 0.9644 0.0954
vn -0.5081 0.8565 0.0910
vn -0.7319 0.6507 0.2023
vn -0.7378 0.6583 0.1496
vn -0.7425 0.6640 0.0879
vn -0.5039 0.8627 0.0431
vn -0.7431 0.6690 0.0192
vn -0.8804 0.4479 0.1559
vn -0.8889 0.4504 0.0839
vn -0.8907 0.4546 0.0010
vn -0.7362 0.6746 -0.0538
vn -0.8832 0.4605 -0.0887
vn -0.9652 0.2494 0.0790
vn -0.9670 0.2544 -0.0145
vn -0.9583 0.2623 -0.1132
vn -0.8639 0.4665 -0.1898
vn -0.9388 0.2679 -0.2166
vn -0.9988 0.0398 -0.0290
vn -0.9902 0.0460 -0.1318
vn -0.9709 0.0511 -0.2340
vn -0.9119 0.2675 -0.3112
vn -0.9421 0.0567 -0.3306
vn -0.9741 -0.1758 -0.1419
vn -0.9548 -0.1676 -0.2457
vn -0.9259 -0.1562 -0.3440
vn -0.9025 0.0652 -0.4258
vn -0.8876 -0.1466 -0.4366
vn -0.8990 -0.3624 -0.2457
vn -0.8699 -0.3568 -0.3405
vn -0.8341 -0.3509 -0.4256
vn -0.8380 -0.1443 -0.5263
vn -0.7903 -0.3439 -0.5071
vn -0.7632 -0.5692 -0.3059
vn -0.7253 -0.5695 -0.3868
vn -0.6849 -0.5650 -0.4600
vn -0.7446 -0.3382 -0.5754
vn -0.6502 -0.5635 -0.5096
vn -0.5341 -0.7906 -0.2995
vn -0.4985 -0.7929 -0.3505
vn -0.4750 -0.7997 -0.3672
vn -0.6217 -0.5753 -0.5315
vn -0.4634 -0.8096 -0.3603
vn -0.2708 -0.9421 -0.1977
vn -0.2632 -0.9455 -0.1915
vn -0.2695 -0.9465 -0.1777
vn -0.4261 -0.8164 -0.3897
vn -0.2369 -0.9462 -0.2204
vn -0.0774 -0.9963 -0.0369
vn -0.0839 -0.9964 -0.0144
vn -0.0455 -0.9969 -0.0637
vn -0.1894 -0.9432 -0.2730
vn -0.0452 -0.9962 -0.0751
vn 0.1241 -0.9800 0.1557
vn 0.1507 -0.9828 0.1068
vn 0.1026 -0.9863 0.1295
vn -0.0717 -0.9972 -0.0225
vn 0.0364 -0.9834 0.1780
vn 0.3582 -0.8777 0.3182
vn 0.2940 -0.8771 0.3798
vn 0.2173 -0.8812 0.4198
vn 0.0836 -0.9877 0.1320
vn 0.2309 -0.8944 0.3831
vn 0.4575 -0.6741 0.5800
vn 0.3884 -0.6878 0.6132
vn 0.3554 -0.7034 0.6155
vn 0.2084 -0.8978 0.3881
vn 0.2873 -0.7097 0.6433
vn 0.4896 -0.4965 0.7168
vn 0.4244 -0.5044 0.7519
vn 0.3349 -0.5145 0.7894
vn 0.1891 -0.7161 0.6719
vn 0.2435 -0.5258 0.8150
vn 0.4583 -0.3318 0.8246
vn 0.3648 -0.3328 0.8696
vn 0.2710 -0.3317 0.9036
vn 0.1719 -0.5214 0.8358
vn 0.1829 -0.3197 0.9297
vn 0.3762 -0.2263 0.8985
vn 0.2807 -0.2424 0.9287
vn 0.1822 -0.2573 0.9490
vn 0.0899 -0.3055 0.9479
vn 0.0877 -0.2566 0.9625
vn 0.2909 -0.0847 0.9530
vn 0.1862 -0.0640 0.9804
vn 0.0839 -0.0750 0.9936
vn -0.0284 -0.2535 0.9669
vn -0.0310 -0.0848 0.9959
vn 0.1755 0.2423 0.9542
vn 0.0757 0.2357 0.9689
vn -0.0343 0.2256 0.9736
vn -0.1534 -0.0829 0.9847
vn -0.1439 0.2222 0.9643
vn 0.0728 0.3375 0.9385
vn -0.0352 0.3333 0.9422
vn -0.1363 0.3335 0.9328
vn -0.2475 0.2080 0.9463
vn -0.2312 0.3347 0.9135
vn -0.0338 0.3532 0.9350
vn -0.1343 0.3461 0.9286
vn -0.2283 0.3430 0.9112
vn -0.3199 0.3289 0.8886
vn -0.3144 0.3391 0.8867
vn -0.1281 0.4009 0.9071
vn -0.2182 0.3977 0.8912
vn -0.2997 0.3980 0.8671
vn -0.3946 0.3307 0.8572
vn -0.3746 0.3937 0.8394
vn -0.1973 0.5063 0.8395
vn -0.2677 0.5081 0.8186
vn -0.3352 0.5115 0.7912
vn -0.4610 0.3850 0.7996
vn -0.4142 0.5197 0.7472
vn -0.1987 0.7012 0.6847
vn -0.2543 0.7147 0.6516
vn -0.3184 0.7305 0.6042
vn -0.4923 0.5286 0.6915
vn -0.3740 0.7451 0.5523
vn -0.1270 0.9130 0.3878
vn -0.1653 0.9235 0.3460
vn -0.1881 0.9335 0.3051
vn -0.3944 0.7624 0.5131
vn -0.1834 0.9435 0.2761
vn -0.0131 0.9971 0.0755
vn -0.0116 0.9982 0.0591
vn 0.0033 0.9985 0.0548
vn -0.1688 0.9549 0.2442
vn 0.0190 0.9983 0.0557
vn 0.1164 0.9863 -0.1173
vn 0.1381 0.9855 -0.0982
vn 0.1636 0.9840 -0.0710
vn 0.0161 0.9985 0.0522
vn 0.1797 0.9827 -0.0454
vn 0.2954 0.9170 -0.2680
vn 0.3412 0.9142 -0.2186
vn 0.3751 0.9099 -0.1769
vn 0.1876 0.9817 -0.0328
vn 0.3997 0.9035 -0.1548
vn 0.5373 0.7458 -0.3938
vn 0.5882 0.7342 -0.3391
vn 0.6217 0.7221 -0.3033
vn 0.4256 0.8947 -0.1351
vn 0.6534 0.7086 -0.2664
vn 0.7275 0.4988 -0.4711
vn 0.7713 0.4810 -0.4168
vn 0.8047 0.4712 -0.3612
vn 0.6869 0.6936 -0.2170
vn 0.8374 0.4645 -0.2882
vn 0.8325 0.2810 -0.4776
vn 0.8728 0.2717 -0.4055
vn 0.9081 0.2671 -0.3225
vn 0.8658 0.4600 -0.1970
vn 0.9390 0.2622 -0.2226
vn 0.8992 0.0752 -0.4310
vn 0.9364 0.0663 -0.3446
vn 0.9692 0.0584 -0.2392
vn 0.9586 0.2590 -0.1187
vn 0.9900 0.0519 -0.1308
vn 0.9235 -0.1503 -0.3530
vn 0.9555 -0.1584 -0.2488
vn 0.9762 -0.1661 -0.1397
vn 0.9984 0.0453 -0.0349
vn 0.9843 -0.1710 -0.0448
vn 0.8975 -0.3671 -0.2443
vn 0.9181 -0.3706 -0.1408
vn 0.9259 -0.3745 -0.0497
vn 0.9837 -0.1735 0.0465
vn 0.9246 -0.3792 0.0371
vn 0.8095 -0.5724 -0.1304
vn 0.8168 -0.5746 -0.0522
vn 0.8146 -0.5794 0.0256
vn 0.9160 -0.3830 0.1193
vn 0.8073 -0.5815 0.1003
vn 0.6464 -0.7616 -0.0458
vn 0.6473 -0.7620 0.0171
vn 0.6422 -0.7625 0.0785
vn 0.7949 -0.5843 0.1639
vn 0.6317 -0.7654 0.1227
vn 0.4022 -0.9154 0.0155
vn 0.4051 -0.9125 0.0564
vn 0.4049 -0.9113 0.0746
vn 0.6157 -0.7706 0.1646
vn 0.3973 -0.9128 0.0945
vn 0.1386 -0.9895 0.0399
vn 0.1476 -0.9886 0.0281
vn 0.1467 -0.9890 0.0206
vn 0.3816 -0.9148 0.1323
vn 0.1354 -0.9897 0.0464
vn -0.0905 -0.9958 -0.0148
vn -0.0874 -0.9952 -0.0430
vn -0.0940 -0.9951 -0.0318
vn 0.1274 -0.9895 0.0687
vn -0.1013 -0.9945 -0.0284
vn -0.3073 -0.9469 -0.0942
vn -0.3072 -0.9458 -0.1050
vn -0.3112 -0.9425 -0.1218
vn -0.1000 -0.9939 -0.0466
vn -0.3050 -0.9412 -0.1452
vn -0.5197 -0.8376 -0.1683
vn -0.5049 -0.8402 -0.1977
vn -0.4852 -0.8419 -0.2362
vn -0.2916 -0.9417 -0.1677
vn -0.4692 -0.8349 -0.2878
vn -0.6807 -0.6868 -0.2547
vn -0.6493 -0.6857 -0.3289
vn -0.6216 -0.6737 -0.3995
vn -0.4448 -0.8269 -0.3441
vn -0.5965 -0.6641 -0.4509
vn -0.7817 -0.4760 -0.4028
vn -0.7442 -0.4713 -0.4734
vn -0.7119 -0.4667 -0.5247
vn -0.5609 -0.6620 -0.4972
vn -0.6746 -0.4552 -0.5812
vn -0.8249 -0.2593 -0.5023
vn -0.7830 -0.2607 -0.5647
vn -0.7319 -0.2504 -0.6337
vn -0.6170 -0.4399 -0.6525
vn -0.6687 -0.2329 -0.7061
vn -0.8125 -0.0226 -0.5825
vn -0.7563 -0.0166 -0.6540
vn -0.6986 -0.0380 -0.7145
vn -0.5798 -0.2162 -0.7856
vn -0.6036 -0.0735 -0.7939
vn -0.7556 0.0636 -0.6519
vn -0.7090 0.0603 -0.7026
vn -0.6182 0.0462 -0.7846
vn -0.4780 -0.0661 -0.8758
vn -0.4801 0.0342 -0.8766
vn -0.6922 0.1811 -0.6986
vn -0.6091 0.2161 -0.7631
vn -0.4905 0.2159 -0.8443
vn -0.3902 0.0268 -0.9203
vn -0.3928 0.1991 -0.8978
vn -0.5757 0.3874 -0.7200
vn -0.4815 0.3798 -0.7899
vn -0.3844 0.3664 -0.8473
vn -0.3009 0.1997 -0.9325
vn -0.2873 0.3484 -0.8922
vn -0.4410 0.5596 -0.7017
vn -0.3523 0.5538 -0.7544
vn -0.2643 0.5424 -0.7975
vn -0.1951 0.3412 -0.9195
vn -0.1816 0.5316 -0.8273
vn -0.2852 0.7471 -0.6005
vn -0.2132 0.7435 -0.6338
vn -0.1551 0.7383 -0.6564
vn -0.1049 0.5267 -0.8435
vn -0.0979 0.7329 -0.6732
vn -0.1283 0.9087 -0.3973
vn -0.1016 0.9081 -0.4062
vn -0.0777 0.9079 -0.4118
vn -0.0189 0.7326 -0.6804
vn -0.0183 0.9097 -0.4148
vn -0.0322 0.9895 -0.1411
vn -0.0350 0.9906 -0.1322
vn -0.0114 0.9924 -0.1226
vn 0.0527 0.9124 -0.4059
vn 0.0205 0.9925 -0.1204
vn 0.0095 0.9980 0.0630
vn -0.0020 0.9973 0.0739
vn -0.0132 0.9971 0.0750
vn 0.0347 0.9917 -0.1241
vn -0.0276 0.9973 0.0681
vn 0.0058 0.9525 0.3046
vn -0.0571 0.9521 0.3003
vn -0.1113 0.9530 0.2818
vn -0.0386 0.9974 0.0614
vn -0.1380 0.9549 0.2629
vn -0.1216 0.7807 0.6129
vn -0.2319 0.7786 0.5831
vn -0.2887 0.7780 0.5580
vn -0.1392 0.9544 0.2642
vn -0.2938 0.7761 0.5579
vn -0.3064 0.5191 0.7979
vn -0.3926 0.5083 0.7665
vn -0.4213 0.5106 0.7495
vn -0.2893 0.7713 0.5669
vn -0.4350 0.5390 0.7213
vn -0.4259 0.3539 0.8327
vn -0.4868 0.3658 0.7932
vn -0.5385 0.4011 0.7410
vn -0.4642 0.5881 0.6624
vn -0.5878 0.4510 0.6717
vn -0.5280 0.2520 0.8110
vn -0.6124 0.2574 0.7475
vn -0.6775 0.2679 0.6850
vn -0.6266 0.4918 0.6046
vn -0.7191 0.2753 0.6380
vn -0.6337 0.1032 0.7667
vn -0.6995 0.0839 0.7097
vn -0.7457 0.0648 0.6632
vn -0.7448 0.2805 0.6055
vn -0.7780 0.0532 0.6261
vn -0.6696 -0.0550 0.7407
vn -0.7195 -0.0909 0.6885
vn -0.7579 -0.1224 0.6408
vn -0.8014 0.0500 0.5961
vn -0.7884 -0.1443 0.5980
vn -0.6605 -0.2924 0.6916
vn -0.7010 -0.3131 0.6408
vn -0.7377 -0.3318 0.5879
vn -0.8197 -0.1554 0.5512
vn -0.7731 -0.3453 0.5321
vn -0.5877 -0.5799 0.5643
vn -0.6266 -0.5822 0.5181
vn -0.6669 -0.5824 0.4648
vn -0.8070 -0.3520 0.4742
vn -0.7054 -0.5795 0.4082
vn -0.4456 -0.8127 0.3755
vn -0.4879 -0.8088 0.3283
vn -0.5267 -0.8006 0.2856
vn -0.7381 -0.5759 0.3514
vn -0.5493 -0.7956 0.2555
vn -0.2765 -0.9456 0.1714
vn -0.2948 -0.9447 0.1435
vn -0.2959 -0.9453 0.1370
vn -0.5616 -0.7952 0.2284
vn -0.2945 -0.9468 0.1295
vn -0.0685 -0.9971 0.0325
vn -0.0483 -0.9982 0.0362
vn -0.0426 -0.9986 0.0323
vn -0.3041 -0.9476 0.0984
vn -0.0586 -0.9982 0.0108
vn 0.1500 -0.9877 -0.0450
vn 0.1464 -0.9882 -0.0458
vn 0.1419 -0.9882 -0.0574
vn -0.0675 -0.9977 0.0001
vn 0.1549 -0.9873 -0.0346
vn 0.3679 -0.9212 -0.1269
vn 0.3910 -0.9136 -0.1115
vn 0.4216 -0.9044 -0.0650
vn 0.1741 -0.9847 0.0057
vn 0.4398 -0.8980 -0.0118
vn 0.6300 -0.7620 -0.1498
vn 0.6560 -0.7493 -0.0904
vn 0.6724 -0.7396 -0.0301
vn 0.4466 -0.8945 0.0195
vn 0.6814 -0.7316 0.0206
vn 0.8138 -0.5706 -0.1099
vn 0.8260 -0.5624 -0.0390
vn 0.8308 -0.5560 0.0266
vn 0.6837 -0.7244 0.0881
vn 0.8295 -0.5489 0.1029
vn 0.9156 -0.4000 -0.0409
vn 0.9178 -0.3956 0.0345
vn 0.9160 -0.3840 0.1164
vn 0.8175 -0.5421 0.1946
vn 0.9031 -0.3716 0.2153
vn 0.9647 -0.2599 0.0426
vn 0.9597 -0.2500 0.1284
vn 0.9427 -0.2379 0.2340
vn 0.8762 -0.3621 0.3179
vn 0.9129 -0.2343 0.3342
vn 0.9909 -0.0094 0.1340
vn 0.9687 -0.0280 0.2467
vn 0.9371 -0.0659 0.3428
vn 0.8835 -0.2508 0.3957
vn 0.9119 -0.1072 0.3961
vn 0.9616 0.1314 0.2409
vn 0.9337 0.1100 0.3409
vn 0.9112 0.1009 0.3994
vn 0.8846 -0.1462 0.4429
vn 0.8928 0.0983 0.4395
vn 0.9246 0.1760 0.3379
vn 0.8890 0.1958 0.4139
vn 0.8663 0.2417 0.4373
vn 0.8540 0.0883 0.5127
vn 0.8293 0.2663 0.4913
vn 0.8627 0.2390 0.4456
vn 0.8412 0.2889 0.4571
vn 0.8097 0.3288 0.4860
vn 0.7585 0.2705 0.5929
vn 0.7391 0.3427 0.5798
vn 0.7725 0.4214 0.4751
vn 0.7670 0.4436 0.4636
vn 0.7055 0.4468 0.5501
vn 0.6842 0.3437 0.6432
vn 0.6473 0.4523 0.6136
vn 0.6580 0.6463 0.3864
vn 0.6213 0.6302 0.4657
vn 0.5656 0.6184 0.5455
vn 0.6050 0.4510 0.6562
vn 0.5246 0.6148 0.5889
vn 0.4369 0.8477 0.3008
vn 0.3901 0.8361 0.3857
vn 0.3598 0.8238 0.4379
vn 0.4621 0.6009 0.6523
vn 0.3231 0.8120 0.4860
vn 0.1522 0.9728 0.1747
vn 0.1348 0.9687 0.2085
vn 0.1313 0.9624 0.2378
vn 0.2793 0.7919 0.5430
vn 0.1239 0.9531 0.2760
vn -0.0318 0.9992 0.0242
vn -0.0176 0.9995 0.0279
vn -0.0050 0.9992 0.0396
vn 0.1116 0.9387 0.3263
vn -0.0029 0.9983 0.0582
vn -0.1353 0.9817 -0.1340
vn -0.1194 0.9817 -0.1484
vn -0.1184 0.9801 -0.1592
vn -0.0203 0.9959 0.0879
vn -0.1436 0.9759 -0.1643
vn -0.2532 0.9061 -0.3391
vn -0.2489 0.9009 -0.3555
vn -0.2746 0.8885 -0.3677
vn -0.1683 0.9703 -0.1738
vn -0.2588 0.8810 -0.3960
vn -0.3838 0.7416 -0.5502
vn -0.3967 0.7285 -0.5584
vn -0.3099 0.7408 -0.5959
vn -0.1183 0.8978 -0.4241
vn -0.1069 0.7677 -0.6318
vn -0.4624 0.5183 -0.7194
vn -0.3073 0.5646 -0.7660
vn -0.0891 0.6025 -0.7931
vn -0.0254 0.7784 -0.6273
vn -0.0391 0.6145 -0.7879
vn -0.2693 0.3950 -0.8783
vn -0.0885 0.4247 -0.9010
vn -0.0399 0.4341 -0.9000
vn -0.0251 0.6111 -0.7911
vn -0.0167 0.4612 -0.8871
vn -0.1065 0.2336 -0.9665
vn -0.0328 0.2359 -0.9712
vn 0.0419 0.2637 -0.9637
vn 0.1666 0.4646 -0.8697
vn -0.0372 -0.0132 -0.9992
vn -0.1300 -0.0108 -0.9915
vn -0.1436 -0.2916 -0.9457
vn -0.0472 -0.2930 -0.9549
vn -0.1363 -0.5939 -0.7929
vn -0.0476 -0.5938 -0.8032
vn -0.1025 -0.8402 -0.5325
vn -0.0377 -0.8386 -0.5434
vn 0.0450 -0.8374 -0.5447
vn -0.0287 -0.9620 -0.2716
vn 0.0310 -0.9616 -0.2728
vn 0.0701 -0.9591 -0.2743
vn 0.0230 -0.9977 -0.0641
vn 0.0529 -0.9960 -0.0715
vn 0.0355 -0.9956 -0.0864
vn 0.0270 -0.9905 0.1346
vn -0.0053 -0.9926 0.1211
vn -0.0821 -0.9922 0.0941
vn -0.0782 -0.9024 0.4238
vn -0.1825 -0.9043 0.3860
vn -0.2255 -0.9046 0.3617
vn -0.2565 -0.7281 0.6356
vn -0.3337 -0.7349 0.5904
vn -0.3521 -0.7331 0.5819
vn -0.3924 -0.5326 0.7499
vn -0.4512 -0.5392 0.7111
vn -0.5168 -0.5288 0.6733
vn -0.5051 -0.3253 0.7994
vn -0.5983 -0.3309 0.7297
vn -0.6820 -0.3268 0.6543
vn -0.6221 -0.2109 0.7540
vn -0.6994 -0.2263 0.6779
vn -0.7467 -0.2413 0.6199
vn -0.6976 -0.1912 0.6905
vn -0.7512 -0.1939 0.6309
vn -0.7863 -0.1957 0.5861
vn -0.7512 0.0696 0.6564
vn -0.7896 0.0645 0.6103
vn -0.8483 0.0664 0.5253
vn -0.7548 0.2658 0.5997
vn -0.8181 0.2628 0.5114
vn -0.8689 0.2358 0.4352
vn -0.8130 0.2799 0.5106
vn -0.8495 0.2750 0.4503
vn -0.8782 0.2648 0.3983
vn -0.7899 0.4202 0.4465
vn -0.8025 0.4483 0.3937
vn -0.8343 0.4859 0.2606
vn -0.6116 0.7194 0.3292
vn -0.6225 0.7570 0.1986
vn -0.6285 0.7680 0.1234
vn -0.3746 0.9171 0.1364
vn -0.3876 0.9159 0.1044
vn -0.3912 0.9137 0.1105
vn -0.1864 0.9781 0.0921
vn -0.1832 0.9776 0.1033
vn -0.1762 0.9777 0.1145
vn 0.0024 0.9958 0.0914
vn 0.0112 0.9942 0.1066
vn 0.0216 0.9930 0.1161
vn 0.2542 0.9624 0.0960
vn 0.2618 0.9575 0.1206
vn 0.2668 0.9535 0.1402
vn 0.5320 0.8369 0.1286
vn 0.5308 0.8307 0.1678
vn 0.5278 0.8244 0.2042
vn 0.7435 0.6413 0.1894
vn 0.7314 0.6390 0.2382
vn 0.7174 0.6367 0.2826
vn 0.8530 0.4513 0.2620
vn 0.8325 0.4552 0.3157
vn 0.8044 0.4628 0.3725
vn 0.9013 0.2654 0.3423
vn 0.8711 0.2706 0.4098
vn 0.8380 0.2730 0.4724
vn 0.9050 0.0494 0.4226
vn 0.8746 0.0459 0.4826
vn 0.8423 0.0403 0.5374
vn 0.8649 -0.1748 0.4706
vn 0.8321 -0.1702 0.5279
vn 0.7971 -0.1600 0.5822
vn 0.7781 -0.3776 0.5019
vn 0.7411 -0.3697 0.5605
vn 0.6965 -0.3540 0.6241
vn 0.6330 -0.5957 0.4943
vn 0.5865 -0.5908 0.5541
vn 0.5383 -0.5860 0.6057
vn 0.4376 -0.7917 0.4263
vn 0.3980 -0.7939 0.4597
vn 0.3622 -0.7973 0.4829
vn 0.2407 -0.9283 0.2833
vn 0.2226 -0.9319 0.2862
vn 0.1999 -0.9375 0.2847
vn 0.0726 -0.9937 0.0855
vn 0.0817 -0.9936 0.0785
vn 0.0698 -0.9949 0.0724
vn -0.0533 -0.9909 -0.1234
vn -0.0245 -0.9905 -0.1354
vn -0.0421 -0.9908 -0.1289
vn -0.1364 -0.9270 -0.3494
vn -0.1259 -0.9284 -0.3497
vn -0.1271 -0.9285 -0.3489
vn -0.2045 -0.8021 -0.5610
vn -0.1728 -0.7985 -0.5767
vn -0.1072 -0.7941 -0.5982
vn -0.1990 -0.6070 -0.7694
vn -0.1257 -0.6051 -0.7862
vn -0.0096 -0.6103 -0.7921
vn -0.1386 -0.3924 -0.9093
vn -0.0187 -0.4070 -0.9132
vn 0.1190 -0.4150 -0.9020
vn -0.0247 -0.2164 -0.9760
vn 0.1197 -0.2298 -0.9659
vn 0.2289 -0.2349 -0.9447
vn 0.1145 -0.0475 -0.9923
vn 0.2283 -0.0555 -0.9720
vn 0.3317 -0.0625 -0.9413
vn 0.2151 0.0953 -0.9719
vn 0.3191 0.0510 -0.9463
vn 0.3943 -0.0074 -0.9189
vn 0.2964 0.2005 -0.9338
vn 0.3815 0.1983 -0.9029
vn 0.4756 0.2107 -0.8540
vn 0.3750 0.3635 -0.8528
vn 0.4686 0.3657 -0.8042
vn 0.5656 0.3816 -0.7310
vn 0.4339 0.5471 -0.7158
vn 0.5143 0.5540 -0.6546
vn 0.5703 0.5603 -0.6007
vn 0.4138 0.7483 -0.5186
vn 0.4535 0.7504 -0.4808
vn 0.4840 0.7524 -0.4467
vn 0.2868 0.9083 -0.3045
vn 0.3055 0.9096 -0.2817
vn 0.3288 0.9129 -0.2418
vn 0.1170 0.9881 -0.0995
vn 0.1289 0.9889 -0.0742
vn 0.1424 0.9890 -0.0402
vn -0.0725 0.9941 0.0812
vn -0.0598 0.9944 0.0867
vn -0.0495 0.9948 0.0892
vn -0.2940 0.9326 0.2095
vn -0.2871 0.9402 0.1835
vn -0.2707 0.9478 0.1688
vn -0.5113 0.8168 0.2672
vn -0.5125 0.8236 0.2430
vn -0.5049 0.8307 0.2346
vn -0.6962 0.6442 0.3168
vn -0.7104 0.6402 0.2924
vn -0.7229 0.6430 0.2528
vn -0.8291 0.4496 0.3323
vn -0.8502 0.4477 0.2769
vn -0.8676 0.4477 0.2165
vn -0.9207 0.2558 0.2948
vn -0.9401 0.2521 0.2296
vn -0.9551 0.2487 0.1610
vn -0.9713 0.0362 0.2351
vn -0.9863 0.0355 0.1614
vn -0.9967 0.0364 0.0721
vn -0.9707 -0.1807 0.1585
vn -0.9810 -0.1830 0.0644
vn -0.9828 -0.1808 -0.0388
vn -0.9267 -0.3715 0.0573
vn -0.9280 -0.3701 -0.0424
vn -0.9191 -0.3671 -0.1434
vn -0.8225 -0.5673 -0.0409
vn -0.8140 -0.5652 -0.1342
vn -0.7940 -0.5657 -0.2226
vn -0.6161 -0.7810 -0.1022
vn -0.5962 -0.7852 -0.1674
vn -0.5686 -0.7888 -0.2335
vn -0.3160 -0.9443 -0.0920
vn -0.3019 -0.9425 -0.1435
vn -0.2896 -0.9401 -0.1800
vn -0.0494 -0.9963 -0.0707
vn -0.0624 -0.9955 -0.0713
vn -0.0670 -0.9958 -0.0617
vn 0.2030 -0.9775 0.0572
vn 0.1818 -0.9793 0.0887
vn 0.1468 -0.9802 0.1331
vn 0.4597 -0.8514 0.2527
vn 0.4134 -0.8577 0.3058
vn 0.3650 -0.8713 0.3281
vn 0.6133 -0.6625 0.4301
vn 0.5728 -0.6677 0.4755
vn 0.5325 -0.6718 0.5149
vn 0.6770 -0.4732 0.5638
vn 0.6261 -0.4729 0.6200
vn 0.5551 -0.4836 0.6768
vn 0.6674 -0.3341 0.6655
vn 0.6079 -0.3333 0.7206
vn 0.5379 -0.3340 0.7740
vn 0.6268 -0.2449 0.7397
vn 0.5511 -0.2413 0.7988
vn 0.4667 -0.2295 0.8541
vn 0.5588 -0.1364 0.8180
vn 0.4678 -0.1343 0.8736
vn 0.3818 -0.1143 0.9172
vn 0.4595 0.1206 0.8800
vn 0.3683 0.1499 0.9175
vn 0.2736 0.2059 0.9395
vn 0.3383 0.3301 0.8812
vn 0.2484 0.3430 0.9059
vn 0.1660 0.3445 0.9240
vn 0.2408 0.3716 0.8966
vn 0.1644 0.3684 0.9150
vn 0.0725 0.3618 0.9294
vn 0.1587 0.4197 0.8937
vn 0.0702 0.4122 0.9084
vn -0.0318 0.4065 0.9131
vn 0.0653 0.5079 0.8590
vn -0.0319 0.5011 0.8648
vn -0.1199 0.5036 0.8556
vn -0.0332 0.6790 0.7334
vn -0.1031 0.6851 0.7211
vn -0.1517 0.6931 0.7047
vn -0.0557 0.8919 0.4488
vn -0.0695 0.8958 0.4389
vn -0.0894 0.9031 0.4201
vn 0.0198 0.9899 0.1407
vn 0.0153 0.9920 0.1253
vn -0.0010 0.9950 0.1003
vn 0.0895 0.9903 -0.1064
vn 0.0921 0.9883 -0.1215
vn 0.1005 0.9869 -0.1259
vn 0.1920 0.9228 -0.3340
vn 0.2167 0.9222 -0.3203
vn 0.2511 0.9200 -0.3011
vn 0.3520 0.7685 -0.5344
vn 0.3972 0.7643 -0.5079
vn 0.4653 0.7557 -0.4609
vn 0.5187 0.5411 -0.6619
vn 0.5838 0.5404 -0.6059
vn 0.6638 0.5229 -0.5347
vn 0.6546 0.3306 -0.6798
vn 0.7153 0.3247 -0.6188
vn 0.7774 0.3021 -0.5516
vn 0.7413 0.1044 -0.6630
vn 0.7954 0.0976 -0.5982
vn 0.8537 0.0858 -0.5136
vn 0.7864 -0.1410 -0.6014
vn 0.8408 -0.1418 -0.5225
vn 0.8866 -0.1453 -0.4392
vn 0.7810 -0.3727 -0.5012
vn 0.8291 -0.3737 -0.4158
vn 0.8666 -0.3684 -0.3365
vn 0.7243 -0.5833 -0.3677
vn 0.7593 -0.5805 -0.2941
vn 0.7888 -0.5749 -0.2176
vn 0.5900 -0.7729 -0.2335
vn 0.6165 -0.7690 -0.1691
vn 0.6369 -0.7641 -0.1027
vn 0.3692 -0.9231 -0.1074
vn 0.3842 -0.9215 -0.0562
vn 0.3957 -0.9181 -0.0241
vn 0.1182 -0.9930 -0.0070
vn 0.1238 -0.9923 0.0024
vn 0.1297 -0.9913 0.0202
vn -0.0820 -0.9965 0.0187
vn -0.0876 -0.9960 0.0197
vn -0.0921 -0.9955 0.0211
vn -0.3046 -0.9524 0.0100
vn -0.3138 -0.9494 -0.0099
vn -0.3159 -0.9471 -0.0569
vn -0.5503 -0.8339 -0.0413
vn -0.5432 -0.8342 -0.0952
vn -0.5308 -0.8361 -0.1382
vn -0.7462 -0.6537 -0.1263
vn -0.7336 -0.6578 -0.1705
vn -0.7114 -0.6724 -0.2045
vn -0.8749 -0.4481 -0.1837
vn -0.8541 -0.4707 -0.2212
vn -0.8223 -0.4819 -0.3028
vn -0.9329 -0.2657 -0.2429
vn -0.9052 -0.2581 -0.3377
vn -0.8629 -0.2552 -0.4362
vn -0.9356 -0.0341 -0.3515
vn -0.8983 -0.0372 -0.4379
vn -0.8601 -0.0368 -0.5089
vn -0.9013 0.0686 -0.4278
vn -0.8613 0.0623 -0.5043
vn -0.8113 0.0619 -0.5814
vn -0.8485 0.1767 -0.4989
vn -0.8002 0.1604 -0.5779
vn -0.7439 0.1559 -0.6499
vn -0.7358 0.4037 -0.5438
vn -0.6867 0.3989 -0.6077
vn -0.6398 0.3921 -0.6610
vn -0.6077 0.5796 -0.5430
vn -0.5690 0.5729 -0.5899
vn -0.5190 0.5656 -0.6409
vn -0.4518 0.7557 -0.4741
vn -0.4170 0.7535 -0.5083
vn -0.3588 0.7505 -0.5549
vn -0.2636 0.9102 -0.3195
vn -0.2300 0.9105 -0.3437
vn -0.1789 0.9100 -0.3741
vn -0.0827 0.9893 -0.1201
vn -0.0565 0.9900 -0.1295
vn -0.0340 0.9896 -0.1395
vn 0.0373 0.9982 0.0465
vn 0.0377 0.9981 0.0486
vn 0.0264 0.9983 0.0528
vn 0.1327 0.9591 0.2500
vn 0.1077 0.9570 0.2694
vn 0.0644 0.9541 0.2924
vn 0.2362 0.7854 0.5722
vn 0.1447 0.7798 0.6090
vn 0.0137 0.7797 0.6260
vn 0.1974 0.5318 0.8235
vn 0.0196 0.5414 0.8406
vn -0.1582 0.5362 0.8291
vn 0.0231 0.3877 0.9215
vn -0.1564 0.3788 0.9122
vn -0.3187 0.3619 0.8761
vn -0.1403 0.2879 0.9473
vn -0.3102 0.2695 0.9117
vn -0.4354 0.2539 0.8637
vn -0.2833 0.1658 0.9446
vn -0.4239 0.1385 0.8951
vn -0.5394 0.1192 0.8336
vn -0.4001 0.0260 0.9161
vn -0.5226 0.0063 0.8526
vn -0.6100 -0.0201 0.7922
vn -0.4862 -0.2306 0.8429
vn -0.5604 -0.2499 0.7896
vn -0.6109 -0.2709 0.7439
vn -0.4602 -0.5769 0.6749
vn -0.5031 -0.5782 0.6423
vn -0.5471 -0.5788 0.6047
vn -0.3613 -0.8100 0.4619
vn -0.3865 -0.8096 0.4418
vn -0.4135 -0.8115 0.4128
vn -0.2146 -0.9415 0.2598
vn -0.2226 -0.9435 0.2455
vn -0.2446 -0.9458 0.2138
vn -0.0400 -0.9970 0.0655
vn -0.0628 -0.9963 0.0584
vn -0.0785 -0.9961 0.0398
vn 0.1155 -0.9883 -0.0991
vn 0.1239 -0.9884 -0.0883
vn 0.1394 -0.9879 -0.0676
vn 0.3375 -0.9132 -0.2286
vn 0.3515 -0.9162 -0.1924
vn 0.3594 -0.9210 -0.1504
vn 0.5316 -0.7922 -0.2996
vn 0.5650 -0.7870 -0.2479
vn 0.5992 -0.7756 -0.1985
vn 0.7270 -0.6143 -0.3068
vn 0.7638 -0.5976 -0.2439
vn 0.7926 -0.5826 -0.1799
vn 0.8652 -0.4184 -0.2764
vn 0.8871 -0.4130 -0.2060
vn 0.9060 -0.4048 -0.1239
vn 0.9386 -0.2556 -0.2318
vn 0.9547 -0.2641 -0.1369
vn 0.9632 -0.2662 -0.0375
vn 0.9904 -0.0121 -0.1378
vn 0.9995 -0.0016 -0.0310
vn 0.9988 -0.0104 0.0471
vn 0.9961 0.0799 -0.0377
vn 0.9957 0.0774 0.0516
vn 0.9825 0.1197 0.1425
vn 0.9883 0.1378 0.0660
vn 0.9727 0.1757 0.1516
vn 0.9556 0.1887 0.2264
vn 0.9290 0.3477 0.1268
vn 0.9379 0.2925 0.1868
vn 0.9139 0.2388 0.3282
vn 0.8730 0.4710 0.1267
vn 0.8537 0.4298 0.2942
vn 0.7823 0.4033 0.4748
vn 0.6599 0.7165 0.2262
vn 0.5977 0.6740 0.4341
vn 0.6163 0.6533 0.4397
vn 0.3562 0.8809 0.3117
vn 0.3965 0.8571 0.3288
vn 0.4555 0.8522 0.2572
vn 0.1934 0.9602 0.2013
vn 0.2246 0.9641 0.1414
vn 0.1982 0.9710 0.1335
vn 0.0212 0.9980 0.0589
vn -0.0009 0.9993 0.0362
vn -0.0303 0.9991 0.0309
vn -0.1776 0.9832 -0.0431
vn -0.1749 0.9820 -0.0708
vn -0.1561 0.9817 -0.1088
vn -0.3569 0.9098 -0.2120
vn -0.3145 0.9106 -0.2680
vn -0.2776 0.9090 -0.3109
vn -0.4906 0.7436 -0.4542
vn -0.4327 0.7472 -0.5044
vn -0.3953 0.7474 -0.5341
vn -0.5461 0.5367 -0.6432
vn -0.5083 0.5294 -0.6792
vn -0.4874 0.5180 -0.7029
vn -0.5852 0.2882 -0.7580
vn -0.5332 0.2872 -0.7957
vn -0.4484 0.3282 -0.8314
vn -0.5159 0.1021 -0.8505
vn -0.3855 0.1635 -0.9081
vn -0.2325 0.2190 -0.9476
vn -0.3313 -0.0290 -0.9431
vn -0.2161 -0.0101 -0.9763
vn -0.2939 -0.2854 -0.9122
vn -0.2116 -0.2844 -0.9351
vn -0.2479 -0.5774 -0.7779
vn -0.1943 -0.5879 -0.7852
vn -0.1827 -0.8319 -0.5240
vn -0.1430 -0.8404 -0.5227
vn -0.0930 -0.9626 -0.2543
vn -0.0775 -0.9609 -0.2657
vn -0.0667 -0.9612 -0.2676
vn -0.0313 -0.9959 -0.0854
vn -0.0506 -0.9964 -0.0687
vn -0.0243 -0.9978 -0.0621
vn -0.0264 -0.9907 0.1337
vn -0.0103 -0.9918 0.1273
vn 0.0080 -0.9917 0.1281
vn 0.0284 -0.9153 0.4018
vn -0.0232 -0.9144 0.4041
vn -0.0393 -0.9057 0.4220
vn -0.0479 -0.7293 0.6826
vn -0.1074 -0.7230 0.6824
vn -0.1491 -0.7223 0.6753
vn -0.1382 -0.5130 0.8472
vn -0.2007 -0.5213 0.8294
vn -0.3041 -0.5245 0.7953
vn -0.2402 -0.3060 0.9212
vn -0.3387 -0.2983 0.8923
vn -0.4217 -0.3078 0.8529
vn -0.3536 -0.2016 0.9134
vn -0.4269 -0.1885 0.8845
vn -0.5176 -0.1989 0.8322
vn -0.4335 -0.1059 0.8949
vn -0.5180 -0.1192 0.8471
vn -0.6194 -0.1613 0.7684
vn -0.5171 0.1182 0.8477
vn -0.6121 0.0910 0.7855
vn -0.6967 0.0696 0.7139
vn -0.5819 0.2954 0.7577
vn -0.6557 0.2934 0.6957
vn -0.7108 0.2744 0.6477
vn -0.6505 0.2859 0.7036
vn -0.7046 0.2696 0.6564
vn -0.7550 0.2656 0.5996
vn -0.6679 0.3499 0.6568
vn -0.7316 0.3493 0.5854
vn -0.7854 0.3859 0.4839
vn -0.6388 0.5645 0.5227
vn -0.6803 0.6117 0.4038
vn -0.6422 0.6657 0.3800
vn -0.4552 0.8500 0.2651
vn -0.4147 0.8738 0.2541
vn -0.3740 0.9012 0.2189
vn -0.1947 0.9706 0.1413
vn -0.1814 0.9750 0.1281
vn -0.1839 0.9782 0.0969
vn -0.0019 0.9980 0.0624
vn -0.0043 0.9980 0.0623
vn -0.0026 0.9972 0.0749
vn 0.2216 0.9751 0.0112
vn 0.2336 0.9714 0.0426
vn 0.2442 0.9672 0.0703
vn 0.5086 0.8609 -0.0097
vn 0.5234 0.8512 0.0377
vn 0.5302 0.8437 0.0837
vn 0.7527 0.6584 0.0054
vn 0.7556 0.6511 0.0713
vn 0.7523 0.6451 0.1336
vn 0.8909 0.4499 0.0633
vn 0.8834 0.4482 0.1364
vn 0.8700 0.4488 0.2041
vn 0.9568 0.2553 0.1392
vn 0.9422 0.2572 0.2147
vn 0.9240 0.2606 0.2798
vn 0.9748 0.0421 0.2191
vn 0.9565 0.0455 0.2882
vn 0.9336 0.0487 0.3551
vn 0.9427 -0.1775 0.2825
vn 0.9204 -0.1761 0.3490
vn 0.8944 -0.1756 0.4115
vn 0.8619 -0.3902 0.3239
vn 0.8370 -0.3888 0.3850
vn 0.8092 -0.3837 0.4449
vn 0.7291 -0.5963 0.3360
vn 0.7009 -0.5987 0.3877
vn 0.6700 -0.5987 0.4389
vn 0.5446 -0.7853 0.2945
vn 0.5119 -0.7904 0.3364
vn 0.4763 -0.7911 0.3838
vn 0.3306 -0.9198 0.2113
vn 0.2956 -0.9240 0.2424
vn 0.2649 -0.9264 0.2675
vn 0.1017 -0.9913 0.0837
vn 0.0833 -0.9926 0.0886
vn 0.0706 -0.9936 0.0887
vn -0.0819 -0.9926 -0.0899
vn -0.0914 -0.9905 -0.1026
vn -0.0878 -0.9902 -0.1088
vn -0.2384 -0.9314 -0.2751
vn -0.2306 -0.9284 -0.2914
vn -0.1866 -0.9270 -0.3253
vn -0.3375 -0.8237 -0.4556
vn -0.2861 -0.8112 -0.5099
vn -0.2405 -0.8038 -0.5442
vn -0.3666 -0.6416 -0.6738
vn -0.3175 -0.6285 -0.7101
vn -0.2605 -0.6159 -0.7435
vn -0.3666 -0.4171 -0.8316
vn -0.2893 -0.4000 -0.8697
vn -0.2094 -0.3891 -0.8971
vn -0.3101 -0.1284 -0.9420
vn -0.2211 -0.1526 -0.9632
vn -0.1474 -0.1942 -0.9698
vn -0.2330 -0.0338 -0.9719
vn -0.1509 -0.0419 -0.9877
vn -0.0255 -0.0439 -0.9987
vn -0.1396 0.0958 -0.9856
vn -0.0230 0.1112 -0.9935
vn 0.1071 0.1105 -0.9881
vn -0.0196 0.2312 -0.9727
vn 0.0965 0.2250 -0.9696
vn 0.1997 0.2110 -0.9569
vn 0.0839 0.3599 -0.9292
vn 0.1858 0.3597 -0.9144
vn 0.2854 0.3613 -0.8877
vn 0.1692 0.5503 -0.8176
vn 0.2655 0.5514 -0.7909
vn 0.3496 0.5490 -0.7592
vn 0.2151 0.7549 -0.6195
vn 0.2827 0.7503 -0.5977
vn 0.3534 0.7472 -0.5628
vn 0.1699 0.9153 -0.3652
vn 0.2207 0.9127 -0.3438
vn 0.2632 0.9094 -0.3220
vn 0.0710 0.9910 -0.1136
vn 0.0960 0.9891 -0.1112
vn 0.1107 0.9879 -0.1086
vn -0.0393 0.9957 0.0844
vn -0.0504 0.9944 0.0927
vn -0.0702 0.9938 0.0862
vn -0.2092 0.9268 0.3118
vn -0.2629 0.9255 0.2727
vn -0.2911 0.9274 0.2349
vn -0.4315 0.8006 0.4158
vn -0.4709 0.8072 0.3560
vn -0.4954 0.8109 0.3116
vn -0.5955 0.6710 0.4416
vn -0.6326 0.6648 0.3974
vn -0.6706 0.6541 0.3498
vn -0.7283 0.4904 0.4787
vn -0.7701 0.4725 0.4286
vn -0.8045 0.4569 0.3795
vn -0.8316 0.2744 0.4829
vn -0.8671 0.2662 0.4211
vn -0.8965 0.2594 0.3592
vn -0.8956 0.0485 0.4422
vn -0.9269 0.0423 0.3729
vn -0.9522 0.0388 0.3031
vn -0.9157 -0.1619 0.3678
vn -0.9393 -0.1651 0.3008
vn -0.9564 -0.1732 0.2351
vn -0.8876 -0.3559 0.2925
vn -0.9014 -0.3655 0.2321
vn -0.9161 -0.3709 0.1524
vn -0.7928 -0.5738 0.2054
vn -0.8110 -0.5699 0.1320
vn -0.8215 -0.5681 0.0494
vn -0.6182 -0.7804 0.0933
vn -0.6268 -0.7782 0.0389
vn -0.6271 -0.7784 -0.0301
vn -0.3346 -0.9420 0.0264
vn -0.3354 -0.9420 -0.0087
vn -0.3296 -0.9430 -0.0464
vn -0.0443 -0.9989 0.0130
vn -0.0432 -0.9990 0.0079
vn -0.0416 -0.9987 -0.0283
vn 0.2019 -0.9776 0.0591
vn 0.2159 -0.9757 0.0368
vn 0.2206 -0.9752 0.0198
vn 0.4738 -0.8709 0.1302
vn 0.4932 -0.8571 0.1487
vn 0.4836 -0.8508 0.2056
vn 0.6782 -0.6851 0.2658
vn 0.6710 -0.6689 0.3200
vn 0.6499 -0.6619 0.3735
vn 0.7750 -0.4944 0.3936
vn 0.7497 -0.4858 0.4493
vn 0.7148 -0.4797 0.5088
vn 0.7975 -0.3530 0.4893
vn 0.7549 -0.3531 0.5527
vn 0.7128 -0.3452 0.6106
vn 0.7698 -0.2710 0.5779
vn 0.7251 -0.2566 0.6391
vn 0.6819 -0.2471 0.6885
vn 0.7325 -0.1498 0.6641
vn 0.6907 -0.1407 0.7093
vn 0.6370 -0.1343 0.7591
vn 0.6845 0.0844 0.7241
vn 0.6275 0.0985 0.7724
vn 0.5515 0.1133 0.8265
vn 0.5948 0.2542 0.7627
vn 0.5165 0.2832 0.8081
vn 0.4295 0.3114 0.8477
vn 0.4927 0.3258 0.8069
vn 0.4119 0.3461 0.8430
vn 0.3240 0.3637 0.8734
vn 0.3830 0.4211 0.8222
vn 0.3025 0.4262 0.8526
vn 0.2292 0.4269 0.8748
vn 0.2630 0.5517 0.7915
vn 0.2057 0.5381 0.8174
vn 0.1456 0.5220 0.8404
vn 0.1575 0.7207 0.6751
vn 0.1154 0.6968 0.7080
vn 0.0505 0.6817 0.7298
vn 0.0485 0.8979 0.4374
vn 0.0201 0.8931 0.4494
vn -0.0223 0.8913 0.4529
vn -0.0080 0.9952 0.0971
vn 0.0093 0.9934 0.1139
vn 0.0195 0.9906 0.1353
vn 0.0498 0.9859 -0.1599
vn 0.1097 0.9871 -0.1162
vn 0.0991 0.9907 -0.0938
vn 0.2093 0.9010 -0.3799
vn 0.2142 0.9147 -0.3427
vn 0.1806 0.9231 -0.3395
vn 0.3524 0.7213 -0.5962
vn 0.3106 0.7544 -0.5783
vn 0.3199 0.7656 -0.5582
vn 0.4184 0.5183 -0.7458
vn 0.4360 0.5259 -0.7303
vn 0.4763 0.5325 -0.6997
vn 0.4871 0.3087 -0.8170
vn 0.5552 0.3001 -0.7757
vn 0.6068 0.3149 -0.7298
vn 0.5814 0.1055 -0.8067
vn 0.6536 0.0969 -0.7507
vn 0.6977 0.1020 -0.7090
vn 0.6431 -0.1313 -0.7545
vn 0.6936 -0.1445 -0.7057
vn 0.7357 -0.1445 -0.6618
vn 0.6514 -0.3509 -0.6727
vn 0.6927 -0.3526 -0.6292
vn 0.7333 -0.3613 -0.5759
vn 0.6069 -0.5650 -0.5590
vn 0.6333 -0.5656 -0.5282
vn 0.6754 -0.5774 -0.4588
vn 0.4730 -0.7814 -0.4071
vn 0.5137 -0.7727 -0.3728
vn 0.5595 -0.7732 -0.2985
vn 0.2840 -0.9332 -0.2201
vn 0.3287 -0.9254 -0.1884
vn 0.3540 -0.9222 -0.1556
vn 0.0888 -0.9940 -0.0639
vn 0.1019 -0.9925 -0.0682
vn 0.1086 -0.9930 -0.0467
vn -0.1124 -0.9935 0.0199
vn -0.0984 -0.9951 0.0134
vn -0.0813 -0.9961 0.0329
vn -0.3354 -0.9360 0.1066
vn -0.3079 -0.9469 0.0925
vn -0.3016 -0.9526 0.0405
vn -0.5589 -0.8123 0.1666
vn -0.5551 -0.8282 0.0774
vn -0.5526 -0.8334 0.0062
vn -0.7589 -0.6412 0.1133
vn -0.7592 -0.6507 0.0174
vn -0.7536 -0.6548 -0.0585
vn -0.9014 -0.4315 0.0370
vn -0.9006 -0.4305 -0.0600
vn -0.8906 -0.4323 -0.1409
vn -0.9689 -0.2433 -0.0459
vn -0.9558 -0.2622 -0.1328
vn -0.9434 -0.2711 -0.1912
vn -0.9941 0.0078 -0.1080
vn -0.9816 -0.0241 -0.1896
vn -0.9644 -0.0365 -0.2620
vn -0.9793 0.1097 -0.1703
vn -0.9628 0.0840 -0.2569
vn -0.9345 0.0748 -0.3479
vn -0.9525 0.1879 -0.2397
vn -0.9243 0.1851 -0.3338
vn -0.8891 0.1831 -0.4195
vn -0.8664 0.4015 -0.2968
vn -0.8289 0.4021 -0.3889
vn -0.7846 0.4031 -0.4710
vn -0.7299 0.5980 -0.3311
vn -0.6901 0.5931 -0.4147
vn -0.6481 0.5860 -0.4863
vn -0.5504 0.7734 -0.3146
vn -0.5172 0.7648 -0.3841
vn -0.4820 0.7585 -0.4386
vn -0.3242 0.9177 -0.2295
vn -0.2997 0.9127 -0.2778
vn -0.2814 0.9100 -0.3043
vn -0.1052 0.9897 -0.0975
vn -0.1017 0.9884 -0.1129
vn -0.0990 0.9884 -0.1155
vn 0.0531 0.9958 0.0740
vn 0.0305 0.9971 0.0696
vn 0.0289 0.9981 0.0550
vn 0.1654 0.9402 0.2977
vn 0.1401 0.9505 0.2772
vn 0.1414 0.9576 0.2512
vn 0.2948 0.7796 0.5525
vn 0.2906 0.7876 0.5434
vn 0.2803 0.7919 0.5425
vn 0.4160 0.5382 0.7330
vn 0.3953 0.5261 0.7530
vn 0.3300 0.5221 0.7865
vn 0.4440 0.3545 0.8229
vn 0.3517 0.3611 0.8637
vn 0.2018 0.3789 0.9032
vn 0.3440 0.2718 0.8988
vn 0.1904 0.2896 0.9380
vn 0.0278 0.2964 0.9547
vn 0.1795 0.1938 0.9645
vn 0.0334 0.2000 0.9792
vn -0.1168 0.1906 0.9747
vn 0.0348 0.0521 0.9980
vn -0.1010 0.0510 0.9936
vn -0.2554 0.0421 0.9659
vn -0.1052 -0.2077 0.9725
vn -0.2425 -0.2051 0.9482
vn -0.3725 -0.2130 0.9033
vn -0.2068 -0.5569 0.8044
vn -0.3047 -0.5628 0.7684
vn -0.3965 -0.5722 0.7179
vn -0.2137 -0.8166 0.5362
vn -0.2791 -0.8144 0.5088
vn -0.3301 -0.8123 0.4808
vn -0.1691 -0.9435 0.2849
vn -0.1952 -0.9424 0.2716
vn -0.2093 -0.9417 0.2634
vn -0.0522 -0.9966 0.0631
vn -0.0445 -0.9973 0.0584
vn -0.0365 -0.9975 0.0599
vn 0.1147 -0.9844 -0.1338
vn 0.1220 -0.9841 -0.1293
vn 0.1192 -0.9862 -0.1152
vn 0.2715 -0.9128 -0.3051
vn 0.2852 -0.9137 -0.2895
vn 0.3136 -0.9133 -0.2598
vn 0.4390 -0.7912 -0.4258
vn 0.4791 -0.7890 -0.3847
vn 0.5063 -0.7911 -0.3433
vn 0.6040 -0.6404 -0.4744
vn 0.6425 -0.6371 -0.4258
vn 0.6835 -0.6285 -0.3712
vn 0.7585 -0.4426 -0.4783
vn 0.8014 -0.4310 -0.4148
vn 0.8382 -0.4230 -0.3442
vn 0.8642 -0.2488 -0.4373
vn 0.8963 -0.2513 -0.3655
vn 0.9203 -0.2518 -0.2995
vn 0.9228 -0.1136 -0.3683
vn 0.9485 -0.0914 -0.3033
vn 0.9689 -0.0562 -0.2411
vn 0.9556 0.0370 -0.2923
vn 0.9720 0.0609 -0.2271
vn 0.9880 0.0885 -0.1270
vn 0.9627 0.1651 -0.2144
vn 0.9830 0.1447 -0.1131
vn 0.9913 0.1282 -0.0300
vn 0.9292 0.3609 -0.0795
vn 0.9292 0.3694 0.0082
vn 0.9248 0.3732 0.0739
vn 0.8561 0.5152 0.0393
vn 0.8565 0.5106 0.0758
vn 0.8613 0.4997 0.0918
vn 0.7055 0.7034 0.0872
vn 0.7033 0.7065 0.0782
vn 0.6931 0.7161 0.0827
vn 0.4613 0.8829 0.0878
vn 0.4357 0.8967 0.0777
vn 0.3905 0.9071 0.1572
vn 0.2061 0.9744 0.0902
vn 0.1829 0.9761 0.1175
vn 0.1681 0.9671 0.1911
vn 0.0102 0.9961 0.0873
vn 0.0062 0.9951 0.0990
vn 0.0141 0.9955 0.0940
vn -0.1928 0.9811 0.0130
vn -0.1824 0.9832 -0.0071
vn -0.1756 0.9841 -0.0266
vn -0.4213 0.8974 -0.1309
vn -0.4017 0.9033 -0.1508
vn -0.3859 0.9068 -0.1695
vn -0.6331 0.7119 -0.3041
vn -0.6021 0.7228 -0.3393
vn -0.5543 0.7356 -0.3894
vn -0.7306 0.4903 -0.4752
vn -0.6726 0.5155 -0.5309
vn -0.6043 0.5337 -0.5916
vn -0.7200 0.3216 -0.6149
vn -0.6710 0.3238 -0.6670
vn -0.6279 0.3082 -0.7147
vn -0.7128 0.0755 -0.6973
vn -0.6712 0.0659 -0.7384
vn -0.6079 0.0698 -0.7909
vn -0.6605 -0.1298 -0.7395
vn -0.5800 -0.1042 -0.8079
vn -0.4682 -0.0657 -0.8812
vn -0.5163 -0.3339 -0.7887
vn -0.4037 -0.3061 -0.8622
vn -0.4139 -0.5907 -0.6927
vn -0.3194 -0.5767 -0.7519
vn -0.2909 -0.8026 -0.5208
vn -0.2330 -0.8127 -0.5340
vn -0.1667 -0.9501 -0.2638
vn -0.1312 -0.9605 -0.2454
vn -0.0277 -0.9990 -0.0351
vn 0.0003 -0.9968 -0.0804
vn 0.0980 -0.9903 0.0988
vn 0.0175 -0.9927 0.1195
vn 0.1043 -0.9000 0.4233
vn 0.0458 -0.9067 0.4193
vn 0.1289 -0.7283 0.6730
vn 0.0687 -0.7329 0.6769
vn 0.0869 -0.5055 0.8584
vn -0.0468 -0.5027 0.8632
vn -0.0347 -0.3083 0.9507
vn -0.1471 -0.3153 0.9375
vn -0.1502 -0.2481 0.9570
vn -0.2577 -0.2301 0.9384
vn -0.2636 -0.0918 0.9603
vn -0.3620 -0.1030 0.9265
vn -0.3461 0.1780 0.9212
vn -0.4310 0.1440 0.8908
vn -0.4064 0.3093 0.8597
vn -0.4979 0.2919 0.8167
vn -0.4864 0.3133 0.8156
vn -0.5787 0.2969 0.7596
vn -0.5513 0.3766 0.7445
vn -0.6182 0.3675 0.6948
vn -0.5420 0.5328 0.6499
vn -0.5740 0.5388 0.6166
vn -0.3947 0.7891 0.4706
vn -0.4295 0.8252 0.3668
vn -0.1827 0.9660 0.1828
vn -0.2044 0.9692 0.1376
vn 0.0021 0.9987 0.0510
vn -0.0014 0.9982 0.0603
vn 0.1986 0.9798 -0.0225
vn 0.2101 0.9776 -0.0103
vn 0.4532 0.8847 -0.1091
vn 0.4831 0.8732 -0.0647
vn 0.7181 0.6807 -0.1450
vn 0.7414 0.6679 -0.0649
vn 0.8847 0.4550 -0.1011
vn 0.8922 0.4514 -0.0137
vn 0.9662 0.2568 -0.0235
vn 0.9649 0.2557 0.0597
vn 0.9977 0.0407 0.0540
vn 0.9894 0.0401 0.1396
vn 0.9754 -0.1754 0.1337
vn 0.9611 -0.1772 0.2120
vn 0.9020 -0.3860 0.1933
vn 0.8837 -0.3885 0.2609
vn 0.7772 -0.5889 0.2216
vn 0.7552 -0.5931 0.2790
vn 0.5944 -0.7754 0.2132
vn 0.5704 -0.7797 0.2582
vn 0.3663 -0.9155 0.1665
vn 0.3545 -0.9163 0.1862
vn 0.1276 -0.9895 0.0672
vn 0.1193 -0.9903 0.0714
vn -0.0933 -0.9942 -0.0534
vn -0.0836 -0.9943 -0.0661
vn -0.2672 -0.9404 -0.2103
vn -0.2418 -0.9359 -0.2561
vn -0.4052 -0.8265 -0.3908
vn -0.3743 -0.8285 -0.4165
vn -0.5125 -0.6609 -0.5482
vn -0.4386 -0.6545 -0.6159
vn -0.5270 -0.4311 -0.7324
vn -0.4351 -0.4282 -0.7921
vn -0.4776 -0.1895 -0.8579
vn -0.3965 -0.1489 -0.9059
vn -0.3927 -0.0315 -0.9191
vn -0.3164 -0.0215 -0.9484
vn -0.3143 0.0318 -0.9488
vn -0.2276 0.0607 -0.9719
vn -0.2075 0.2114 -0.9551
vn -0.1207 0.2236 -0.9672
vn -0.1112 0.3446 -0.9321
vn -0.0178 0.3541 -0.9350
vn -0.0175 0.5337 -0.8455
vn 0.0734 0.5436 -0.8361
vn 0.0667 0.7407 -0.6685
vn 0.1444 0.7520 -0.6431
vn 0.0998 0.9157 -0.3894
vn 0.1314 0.9167 -0.3774
vn 0.0378 0.9915 -0.1248
vn 0.0481 0.9916 -0.1202
vn -0.0410 0.9973 0.0616
vn -0.0387 0.9968 0.0702
vn -0.1391 0.9471 0.2891
vn -0.1602 0.9354 0.3151
vn -0.3129 0.7723 0.5529
vn -0.3704 0.7858 0.4953
vn -0.5102 0.6379 0.5769
vn -0.5577 0.6658 0.4957
vn -0.6593 0.5079 0.5543
vn -0.6911 0.5041 0.5179
vn -0.7669 0.2823 0.5763
vn -0.7952 0.2803 0.5377
vn -0.8286 0.0517 0.5574
vn -0.8622 0.0528 0.5038
vn -0.8520 -0.1606 0.4982
vn -0.8846 -0.1621 0.4373
vn -0.8419 -0.3517 0.4093
vn -0.8696 -0.3506 0.3476
vn -0.7590 -0.5759 0.3039
vn -0.7748 -0.5759 0.2609
vn -0.5775 -0.7935 0.1919
vn -0.5994 -0.7876 0.1430
vn -0.3188 -0.9458 0.0609
vn -0.3300 -0.9429 0.0452
vn -0.0577 -0.9982 0.0158
vn -0.0471 -0.9987 0.0204
vn 0.1853 -0.9825 0.0212
vn 0.1927 -0.9806 0.0366
vn 0.4526 -0.8893 0.0655
vn 0.4569 -0.8815 0.1193
vn 0.6758 -0.7180 0.1667
vn 0.6734 -0.7055 0.2209
vn 0.7993 -0.5306 0.2823
vn 0.7872 -0.5110 0.3453
vn 0.8514 -0.3546 0.3865
vn 0.8305 -0.3525 0.4314
vn 0.8553 -0.2733 0.4401
vn 0.8163 -0.2810 0.5046
vn 0.8401 -0.1654 0.5165
vn 0.7821 -0.1612 0.6020
vn 0.7862 0.0795 0.6128
vn 0.7286 0.0787 0.6804
vn 0.7011 0.2645 0.6622
vn 0.6589 0.2510 0.7092
vn 0.6436 0.3288 0.6912
vn 0.5725 0.3158 0.7567
vn 0.5326 0.4341 0.7266
vn 0.4568 0.4212 0.7836
vn 0.3952 0.5773 0.7146
vn 0.3292 0.5620 0.7588
vn 0.2339 0.7685 0.5956
vn 0.1920 0.7455 0.6383
vn 0.0926 0.9208 0.3790
vn 0.0692 0.9061 0.4174
vn -0.0508 0.9932 0.1050
vn -0.0390 0.9945 0.0975
vn -0.0994 0.9771 -0.1882
vn -0.0172 0.9826 -0.1852
vn -0.0178 0.9071 -0.4205
vn 0.0704 0.9080 -0.4130
vn 0.0346 0.7669 -0.6408
vn 0.2521 0.7294 -0.6359
vn 0.2123 0.5719 -0.7924
vn 0.4115 0.5129 -0.7534
vn 0.3682 0.4011 -0.8388
vn 0.4349 0.3411 -0.8334
vn 0.4784 0.1385 -0.8672
vn 0.4399 -0.0661 -0.8956
vn 0.5588 -0.1035 -0.8228
vn 0.3845 -0.3038 -0.8717
vn 0.5006 -0.3301 -0.8003
vn 0.5918 -0.3465 -0.7278
vn 0.4217 -0.5618 -0.7117
vn 0.5054 -0.5702 -0.6476
vn 0.5684 -0.5720 -0.5914
vn 0.3558 -0.7991 -0.4846
vn 0.4067 -0.8043 -0.4332
vn 0.4495 -0.7964 -0.4046
vn 0.2003 -0.9524 -0.2296
vn 0.2434 -0.9492 -0.1993
vn 0.2572 -0.9420 -0.2155
vn 0.0624 -0.9977 -0.0267
vn 0.0698 -0.9964 -0.0487
vn 0.0670 -0.9949 -0.0754
vn -0.0998 -0.9910 0.0898
vn -0.1220 -0.9919 0.0354
vn -0.1198 -0.9921 0.0383
vn -0.3820 -0.9039 0.1924
vn -0.3734 -0.9127 0.1658
vn -0.3573 -0.9238 0.1373
vn -0.6073 -0.7351 0.3013
vn -0.5947 -0.7606 0.2605
vn -0.5777 -0.7875 0.2145
vn -0.7457 -0.5729 0.3402
vn -0.7448 -0.6008 0.2903
vn -0.7483 -0.6258 0.2200
vn -0.8504 -0.4149 0.3236
vn -0.8734 -0.4220 0.2431
vn -0.8937 -0.4265 0.1391
vn -0.9379 -0.2490 0.2417
vn -0.9588 -0.2401 0.1519
vn -0.9699 -0.2377 0.0530
vn -0.9884 0.0061 0.1517
vn -0.9976 0.0148 0.0671
vn -0.9996 0.0184 -0.0227
vn -0.9925 0.0997 0.0712
vn -0.9922 0.1231 -0.0209
vn -0.9870 0.1299 -0.0945
vn -0.9874 0.1579 -0.0143
vn -0.9827 0.1629 -0.0879
vn -0.9712 0.1781 -0.1582
vn -0.9340 0.3526 -0.0583
vn -0.9176 0.3689 -0.1480
vn -0.8943 0.3918 -0.2161
vn -0.8156 0.5636 -0.1312
vn -0.7893 0.5832 -0.1921
vn -0.7632 0.5962 -0.2490
vn -0.6130 0.7783 -0.1363
vn -0.6014 0.7783 -0.1803
vn -0.5791 0.7787 -0.2414
vn -0.3704 0.9257 -0.0771
vn -0.3646 0.9235 -0.1197
vn -0.3482 0.9214 -0.1725
vn -0.1420 0.9899 0.0021
vn -0.1330 0.9906 -0.0318
vn -0.1178 0.9907 -0.0679
vn 0.0719 0.9934 0.0892
vn 0.0789 0.9939 0.0774
vn 0.0750 0.9945 0.0737
vn 0.2954 0.9273 0.2300
vn 0.2688 0.9285 0.2563
vn 0.2210 0.9323 0.2865
vn 0.4391 0.8015 0.4059
vn 0.3903 0.7946 0.4649
vn 0.3317 0.7825 0.5270
vn 0.5247 0.6480 0.5521
vn 0.4794 0.6105 0.6304
vn 0.4370 0.5663 0.6988
vn 0.6009 0.4467 0.6629
vn 0.5461 0.4070 0.7322
vn 0.4962 0.3707 0.7851
vn 0.6084 0.2537 0.7519
vn 0.5388 0.2535 0.8034
vn 0.4589 0.2579 0.8502
vn 0.5397 0.1436 0.8295
vn 0.4566 0.1633 0.8745
vn 0.3331 0.1791 0.9257
vn 0.4409 0.0126 0.8975
vn 0.3206 0.0326 0.9467
vn 0.1710 0.0460 0.9842
vn 0.2887 -0.2382 0.9273
vn 0.1541 -0.2239 0.9624
vn 0.0260 -0.2158 0.9761
vn 0.1248 -0.5516 0.8247
vn 0.0164 -0.5535 0.8327
vn -0.0987 -0.5551 0.8259
vn 0.0181 -0.8167 0.5767
vn -0.0703 -0.8199 0.5682
vn -0.1470 -0.8187 0.5551
vn -0.0405 -0.9522 0.3029
vn -0.0935 -0.9499 0.2982
vn -0.1344 -0.9462 0.2943
vn -0.0455 -0.9960 0.0773
vn -0.0601 -0.9954 0.0745
vn -0.0601 -0.9958 0.0693
vn 0.0293 -0.9892 -0.1439
vn 0.0585 -0.9876 -0.1457
vn 0.0919 -0.9859 -0.1400
vn 0.1698 -0.9183 -0.3575
vn 0.2220 -0.9160 -0.3341
vn 0.2607 -0.9130 -0.3139
vn 0.3226 -0.8031 -0.5009
vn 0.3807 -0.8003 -0.4633
vn 0.4065 -0.7960 -0.4485
vn 0.4801 -0.6450 -0.5946
vn 0.5212 -0.6451 -0.5588
vn 0.5599 -0.6419 -0.5239
vn 0.6117 -0.4531 -0.6485
vn 0.6551 -0.4574 -0.6014
vn 0.7092 -0.4532 -0.5401
vn 0.7177 -0.2362 -0.6551
vn 0.7799 -0.2435 -0.5765
vn 0.8290 -0.2447 -0.5028
vn 0.8036 -0.0921 -0.5880
vn 0.8517 -0.1068 -0.5131
vn 0.8862 -0.1186 -0.4479
vn 0.8533 0.0286 -0.5206
vn 0.8904 0.0169 -0.4548
vn 0.9321 0.0210 -0.3616
vn 0.8711 0.1990 -0.4489
vn 0.9160 0.1919 -0.3524
vn 0.9420 0.1825 -0.2815
vn 0.8640 0.3803 -0.3299
vn 0.8915 0.3708 -0.2604
vn 0.9118 0.3635 -0.1912
vn 0.8058 0.5489 -0.2222
vn 0.8267 0.5411 -0.1545
vn 0.8487 0.5269 -0.0459
vn 0.6609 0.7444 -0.0953
vn 0.6826 0.7307 -0.0100
vn 0.6993 0.7120 0.0638
vn 0.4316 0.9017 0.0265
vn 0.4528 0.8879 0.0815
vn 0.4633 0.8803 0.1023
vn 0.1972 0.9760 0.0925
vn 0.2099 0.9717 0.1085
vn 0.2156 0.9715 0.0983
vn -0.0172 0.9945 0.1034
vn -0.0002 0.9958 0.0919
vn 0.0103 0.9962 0.0861
vn -0.2336 0.9698 0.0699
vn -0.2173 0.9747 0.0533
vn -0.2033 0.9785 0.0351
vn -0.4924 0.8704 -0.0011
vn -0.4726 0.8799 -0.0482
vn -0.4471 0.8892 -0.0967
vn -0.7167 0.6843 -0.1347
vn -0.6868 0.6959 -0.2097
vn -0.6590 0.7043 -0.2639
vn -0.8374 0.4689 -0.2809
vn -0.8107 0.4681 -0.3516
vn -0.7768 0.4731 -0.4158
vn -0.8781 0.2694 -0.3954
vn -0.8314 0.2828 -0.4783
vn -0.7753 0.3037 -0.5537
vn -0.8506 0.0761 -0.5203
vn -0.7962 0.0837 -0.5992
vn -0.7483 0.0843 -0.6580
vn -0.7860 -0.1465 -0.6006
vn -0.7397 -0.1469 -0.6568
vn -0.7059 -0.1420 -0.6939
vn -0.7028 -0.3396 -0.6251
vn -0.6662 -0.3465 -0.6604
vn -0.6113 -0.3479 -0.7108
vn -0.5810 -0.5944 -0.5560
vn -0.5114 -0.6017 -0.6135
vn -0.3581 -0.8111 -0.4624
vt 0.471932 0.080936
vt 0.478478 0.077988
vt 0.482073 0.088879
vt 0.475190 0.091928
vt 0.484568 0.075309
vt 0.488922 0.085406
vt 0.478078 0.102427
vt 0.485804 0.098835
vt 0.493377 0.094847
vt 0.495820 0.081740
vt 0.501005 0.090488
vt 0.505668 0.098675
vt 0.497534 0.103779
vt 0.489082 0.108317
vt 0.480747 0.112451
vt 0.501611 0.112749
vt 0.492623 0.117830
vt 0.483228 0.122500
vt 0.472210 0.116231
vt 0.474080 0.126615
vt 0.496295 0.128031
vt 0.486247 0.133311
vt 0.475796 0.137675
vt 0.464690 0.130106
vt 0.465760 0.141703
vt 0.489298 0.144989
vt 0.478422 0.150128
vt 0.467567 0.154539
vt 0.455906 0.144804
vt 0.457112 0.158547
vt 0.481008 0.162843
vt 0.469911 0.167409
vt 0.458665 0.171534
vt 0.328842 0.693047
vt 0.320198 0.698809
vt 0.312122 0.688861
vt 0.320986 0.682311
vt 0.472548 0.179930
vt 0.460843 0.184083
vt 0.313578 0.671543
vt 0.304694 0.681139
vt 0.331374 0.677612
vt 0.325605 0.666773
vt 0.464210 0.196830
vt 0.452431 0.200183
vt 0.450485 0.190678
vt 0.320198 0.654732
vt 0.307998 0.659933
vt 0.337628 0.663396
vt 0.332853 0.651367
vt 0.302877 0.646351
vt 0.315431 0.640725
vt 0.327700 0.636598
vt 0.345385 0.648349
vt 0.340766 0.634180
vt 0.311491 0.628180
vt 0.323910 0.622841
vt 0.336902 0.620579
vt 0.354058 0.632859
vt 0.351303 0.619877
vt 0.321707 0.614535
vt 0.335283 0.610943
vt 0.349621 0.610157
vt 0.366031 0.619327
vt 0.365062 0.609637
vt 0.334286 0.603093
vt 0.349178 0.602026
vt 0.364342 0.600821
vt 0.380381 0.609080
vt 0.380055 0.599290
vt 0.348872 0.593940
vt 0.364271 0.591760
vt 0.379698 0.590190
vt 0.395915 0.598167
vt 0.395748 0.588976
vt 0.364183 0.582768
vt 0.379743 0.580079
vt 0.395828 0.579036
vt 0.412356 0.588591
vt 0.412512 0.579173
vt 0.380337 0.569938
vt 0.396627 0.568766
vt 0.412766 0.568415
vt 0.428942 0.578983
vt 0.428539 0.567479
vt 0.397323 0.558626
vt 0.412891 0.557562
vt 0.427805 0.556039
vt 0.444306 0.565432
vt 0.443241 0.554019
vt 0.412750 0.546783
vt 0.427207 0.544906
vt 0.442103 0.542942
vt 0.459446 0.551687
vt 0.458209 0.540941
vt 0.426699 0.533814
vt 0.441161 0.532086
vt 0.456625 0.529978
vt 0.474736 0.538693
vt 0.472553 0.527885
vt 0.440630 0.520976
vt 0.455067 0.518725
vt 0.469783 0.516454
vt 0.488196 0.525527
vt 0.484742 0.514292
vt 0.453311 0.507608
vt 0.466972 0.505316
vt 0.481000 0.502716
vt 0.499447 0.511984
vt 0.495020 0.500577
vt 0.464360 0.494153
vt 0.477408 0.491752
vt 0.490669 0.489152
vt 0.509016 0.498492
vt 0.503885 0.487312
vt 0.473881 0.480983
vt 0.485957 0.478483
vt 0.498447 0.476006
vt 0.516786 0.485063
vt 0.510340 0.473859
vt 0.481393 0.467995
vt 0.492648 0.465414
vt 0.503504 0.462759
vt 0.521833 0.471411
vt 0.514243 0.460385
vt 0.487099 0.455120
vt 0.497415 0.452486
vt 0.507447 0.449921
vt 0.524480 0.457453
vt 0.516839 0.447866
vt 0.491868 0.442404
vt 0.501513 0.439907
vt 0.510990 0.437381
vt 0.524867 0.444042
vt 0.519923 0.434450
vt 0.496202 0.429767
vt 0.505259 0.427211
vt 0.514044 0.424743
vt 0.528246 0.431609
vt 0.521945 0.421785
vt 0.512192 0.740348
vt 0.519894 0.742543
vt 0.516692 0.753448
vt 0.509041 0.751382
vt 0.527347 0.744808
vt 0.524132 0.755678
vt 0.076493 0.825054
vt 0.069695 0.827343
vt 0.067623 0.816501
vt 0.074525 0.814055
vt 0.524251 0.731716
vt 0.531944 0.734425
vt 0.071047 0.803024
vt 0.063837 0.805920
vt 0.081700 0.811947
vt 0.078671 0.800766
vt 0.059484 0.795454
vt 0.067215 0.792059
vt 0.074522 0.789640
vt 0.086631 0.798849
vt 0.083450 0.787761
vt 0.060695 0.780696
vt 0.069769 0.778138
vt 0.079347 0.776333
vt 0.092351 0.786033
vt 0.089524 0.774799
vt 0.064922 0.766402
vt 0.075420 0.764499
vt 0.086587 0.763154
vt 0.099837 0.773718
vt 0.098259 0.761907
vt 0.071250 0.752297
vt 0.083422 0.750717
vt 0.096196 0.749757
vt 0.109700 0.761502
vt 0.109416 0.749263
vt 0.080103 0.738610
vt 0.094192 0.737459
vt 0.108868 0.737074
vt 0.122482 0.749560
vt 0.123704 0.737437
vt 0.092269 0.725623
vt 0.108194 0.725088
vt 0.124487 0.725655
vt 0.138167 0.738676
vt 0.140240 0.726742
vt 0.107749 0.713459
vt 0.124875 0.713658
vt 0.141860 0.714983
vt 0.155852 0.728496
vt 0.158288 0.716384
vt 0.125113 0.701766
vt 0.142711 0.702802
vt 0.159857 0.704122
vt 0.174254 0.717898
vt 0.176451 0.705187
vt 0.143349 0.690623
vt 0.160768 0.691518
vt 0.177886 0.692020
vt 0.192422 0.706292
vt 0.194668 0.692398
vt 0.161504 0.679417
vt 0.178835 0.678924
vt 0.196221 0.679778
vt 0.210979 0.695012
vt 0.212908 0.682194
vt 0.179353 0.669045
vt 0.196864 0.670232
vt 0.214630 0.671382
vt 0.229370 0.685203
vt 0.231261 0.673503
vt 0.197304 0.662949
vt 0.214718 0.664557
vt 0.231693 0.666886
vt 0.246563 0.676526
vt 0.247382 0.669254
vt 0.214935 0.656019
vt 0.231303 0.656640
vt 0.247232 0.657690
vt 0.262203 0.671756
vt 0.262028 0.658607
vt 0.230741 0.645134
vt 0.245863 0.645207
vt 0.260421 0.645034
vt 0.835901 0.591182
vt 0.852528 0.588957
vt 0.852966 0.600701
vt 0.836400 0.602749
vt 0.243351 0.631562
vt 0.257075 0.630843
vt 0.835996 0.614959
vt 0.852090 0.613278
vt 0.820012 0.604207
vt 0.819615 0.616057
vt 0.849515 0.626462
vt 0.833870 0.627408
vt 0.818345 0.628275
vt 0.803344 0.617248
vt 0.802191 0.628942
vt 0.830582 0.640000
vt 0.815411 0.640322
vt 0.800245 0.640828
vt 0.786043 0.629710
vt 0.784760 0.641308
vt 0.811879 0.652550
vt 0.797421 0.652952
vt 0.782963 0.653575
vt 0.769344 0.641774
vt 0.768281 0.653642
vt 0.794605 0.665368
vt 0.780715 0.665627
vt 0.767134 0.665715
vt 0.753721 0.654059
vt 0.753195 0.665744
vt 0.778598 0.677766
vt 0.765591 0.677670
vt 0.752469 0.677495
vt 0.739191 0.666010
vt 0.739249 0.677421
vt 0.763831 0.689246
vt 0.751520 0.688971
vt 0.739135 0.688930
vt 0.726123 0.677870
vt 0.726869 0.689081
vt 0.750486 0.700322
vt 0.739051 0.700260
vt 0.727527 0.700455
vt 0.714883 0.689554
vt 0.716308 0.700758
vt 0.738407 0.711516
vt 0.727865 0.711600
vt 0.717394 0.712027
vt 0.705187 0.701539
vt 0.707193 0.712698
vt 0.727922 0.722832
vt 0.718144 0.723181
vt 0.708599 0.723761
vt 0.697156 0.713851
vt 0.699217 0.724652
vt 0.718566 0.734386
vt 0.709515 0.734822
vt 0.700704 0.735527
vt 0.690004 0.725883
vt 0.692214 0.736561
vt 0.688614 0.458118
vt 0.679814 0.458461
vt 0.679259 0.447598
vt 0.687557 0.447126
vt 0.671207 0.458444
vt 0.671085 0.447624
vt 0.663087 0.447344
vt 0.662665 0.457958
vt 0.679519 0.469574
vt 0.670345 0.469406
vt 0.661335 0.468723
vt 0.560903 0.012757
vt 0.564498 0.005119
vt 0.574214 0.009104
vt 0.570600 0.016916
vt 0.668682 0.480547
vt 0.659081 0.479629
vt 0.581428 0.020735
vt 0.585192 0.012528
vt 0.566410 0.024813
vt 0.576641 0.028982
vt 0.597058 0.015407
vt 0.593508 0.024093
vt 0.588378 0.032456
vt 0.571890 0.037121
vt 0.582800 0.041125
vt 0.606303 0.027296
vt 0.601268 0.036258
vt 0.594732 0.044985
vt 0.576811 0.049535
vt 0.588503 0.053936
vt 0.614492 0.040034
vt 0.608200 0.049196
vt 0.601214 0.058133
vt 0.581756 0.062598
vt 0.593566 0.067707
vt 0.622031 0.053738
vt 0.614591 0.063560
vt 0.605294 0.072719
vt 0.584668 0.076803
vt 0.595309 0.082798
vt 0.626475 0.069428
vt 0.616827 0.079391
vt 0.606349 0.089245
vt 0.585533 0.092017
vt 0.595730 0.099016
vt 0.627565 0.086736
vt 0.617318 0.096875
vt 0.605962 0.106664
vt 0.584275 0.108137
vt 0.593115 0.116233
vt 0.627593 0.105643
vt 0.615455 0.115950
vt 0.602182 0.125188
vt 0.580061 0.125628
vt 0.588667 0.134913
vt 0.623013 0.124213
vt 0.609641 0.134089
vt 0.596236 0.143785
vt 0.575668 0.144922
vt 0.582575 0.154120
vt 0.614239 0.140216
vt 0.601053 0.150493
vt 0.587491 0.160961
vt 0.568879 0.164691
vt 0.573419 0.171161
vt 0.604752 0.156236
vt 0.591133 0.166535
vt 0.576938 0.176201
vt 0.559166 0.181257
vt 0.562517 0.185923
vt 0.593775 0.170714
vt 0.579574 0.180197
vt 0.565323 0.189880
vt 0.548372 0.196181
vt 0.551214 0.199993
vt 0.582140 0.184185
vt 0.568045 0.193697
vt 0.554088 0.203730
vt 0.537618 0.209986
vt 0.540811 0.213777
vt 0.570703 0.197470
vt 0.557089 0.207415
vt 0.544153 0.217697
vt 0.528185 0.223727
vt 0.531737 0.227661
vt 0.560611 0.211833
vt 0.547800 0.221687
vt 0.536056 0.232251
vt 0.519385 0.237411
vt 0.524588 0.242404
vt 0.554121 0.228572
vt 0.542936 0.238976
vt 0.532262 0.249698
vt 0.512764 0.252067
vt 0.521690 0.259647
vt 0.552279 0.247820
vt 0.542304 0.258023
vt 0.532241 0.268305
vt 0.511849 0.269658
vt 0.523134 0.277863
vt 0.551759 0.265733
vt 0.542592 0.275712
vt 0.533918 0.285801
vt 0.515128 0.288135
vt 0.526211 0.295302
vt 0.552776 0.282698
vt 0.545058 0.292451
vt 0.537746 0.302290
vt 0.519349 0.305714
vt 0.530649 0.311723
vt 0.556641 0.299073
vt 0.550352 0.308788
vt 0.543239 0.317637
vt 0.526271 0.322009
vt 0.537050 0.326361
vt 0.333540 0.487836
vt 0.340349 0.491632
vt 0.335925 0.500879
vt 0.329372 0.493010
vt 0.348601 0.495247
vt 0.342584 0.508332
vt 0.352838 0.508566
vt 0.357832 0.495693
vt 0.345335 0.481541
vt 0.353473 0.482978
vt 0.362068 0.483349
vt 0.367784 0.495545
vt 0.371687 0.484028
vt 0.357753 0.471410
vt 0.366266 0.472224
vt 0.375182 0.472746
vt 0.381874 0.483899
vt 0.384511 0.472880
vt 0.369469 0.461287
vt 0.377897 0.461724
vt 0.386555 0.461863
vt 0.393979 0.472436
vt 0.395433 0.461451
vt 0.379844 0.450813
vt 0.387985 0.450858
vt 0.396242 0.450484
vt 0.404522 0.460570
vt 0.404772 0.449654
vt 0.400643 0.731124
vt 0.409097 0.730040
vt 0.410056 0.740652
vt 0.402021 0.741570
vt 0.417738 0.729337
vt 0.418288 0.740140
vt 0.426596 0.740000
vt 0.426457 0.729136
vt 0.407551 0.719410
vt 0.416770 0.718622
vt 0.426169 0.718311
vt 0.435247 0.729318
vt 0.435384 0.718249
vt 0.415279 0.707799
vt 0.425249 0.707353
vt 0.435268 0.707174
vt 0.444620 0.718698
vt 0.445245 0.707428
vt 0.424190 0.696381
vt 0.434967 0.696047
vt 0.445818 0.696362
vt 0.455168 0.708053
vt 0.456546 0.696689
vt 0.434495 0.684938
vt 0.446024 0.685006
vt 0.457816 0.685486
vt 0.467160 0.697400
vt 0.469393 0.685980
vt 0.446240 0.673804
vt 0.458940 0.674007
vt 0.471565 0.674780
vt 0.480769 0.687027
vt 0.483805 0.675588
vt 0.460096 0.662694
vt 0.473561 0.663282
vt 0.486800 0.664248
vt 0.495847 0.676834
vt 0.499500 0.665263
vt 0.475664 0.651956
vt 0.489441 0.652293
vt 0.502946 0.653392
vt 0.512201 0.666516
vt 0.516179 0.654486
vt 0.491666 0.640250
vt 0.505901 0.640794
vt 0.520179 0.642398
vt 0.529658 0.656121
vt 0.534188 0.643838
vt 0.508503 0.628807
vt 0.523498 0.629770
vt 0.538483 0.631627
vt 0.548418 0.645983
vt 0.552859 0.632917
vt 0.526029 0.617844
vt 0.541620 0.618617
vt 0.556983 0.619522
vt 0.567531 0.634144
vt 0.572004 0.620544
vt 0.543843 0.606055
vt 0.559366 0.606532
vt 0.575160 0.607852
vt 0.586966 0.621971
vt 0.590825 0.609252
vt 0.560796 0.594998
vt 0.576778 0.596424
vt 0.593027 0.597199
vt 0.606052 0.610314
vt 0.608519 0.597742
vt 0.577621 0.586934
vt 0.593752 0.587931
vt 0.609984 0.588646
vt 0.018322 0.668424
vt 0.001157 0.671657
vt 0.000397 0.663929
vt 0.018220 0.661557
vt 0.594162 0.576120
vt 0.610304 0.576500
vt 0.018015 0.652283
vt 0.000769 0.653408
vt 0.035469 0.659636
vt 0.036037 0.650657
vt 0.002839 0.641402
vt 0.019518 0.641600
vt 0.036775 0.640861
vt 0.053986 0.650116
vt 0.054993 0.641290
vt 0.022475 0.628327
vt 0.038835 0.628081
vt 0.056243 0.629004
vt 0.073153 0.641423
vt 0.074362 0.629301
vt 0.042873 0.614960
vt 0.058763 0.615768
vt 0.075905 0.616187
vt 0.092274 0.629269
vt 0.093263 0.616356
vt 0.062902 0.602664
vt 0.078689 0.603248
vt 0.095108 0.603777
vt 0.111089 0.616091
vt 0.112571 0.604036
vt 0.082408 0.590660
vt 0.097852 0.591784
vt 0.114113 0.592247
vt 0.129874 0.604124
vt 0.130742 0.592333
vt 0.101310 0.580035
vt 0.116066 0.580558
vt 0.131488 0.580293
vt 0.146899 0.591683
vt 0.146344 0.579427
vt 0.117963 0.569891
vt 0.131903 0.569493
vt 0.145409 0.567979
vt 0.160549 0.577866
vt 0.158666 0.566330
vt 0.132382 0.559717
vt 0.144680 0.558315
vt 0.156939 0.556314
vt 0.171633 0.564552
vt 0.169492 0.554508
vt 0.144075 0.548668
vt 0.155541 0.547005
vt 0.166859 0.544462
vt 0.181570 0.552824
vt 0.177915 0.542588
vt 0.153736 0.536291
vt 0.164058 0.534469
vt 0.173996 0.531962
vt 0.188252 0.540401
vt 0.183679 0.529440
vt 0.161418 0.522750
vt 0.170519 0.520539
vt 0.179438 0.518019
vt 0.830319 0.719758
vt 0.838996 0.721390
vt 0.833934 0.732753
vt 0.825571 0.731011
vt 0.168015 0.508637
vt 0.176183 0.506502
vt 0.821369 0.742767
vt 0.829275 0.744749
vt 0.817279 0.729131
vt 0.812829 0.741142
vt 0.156011 0.814273
vt 0.163539 0.816848
vt 0.159306 0.827343
vt 0.152141 0.825260
vt 0.783817 0.435881
vt 0.779206 0.425053
vt 0.786110 0.421785
vt 0.791022 0.432580
vt 0.771577 0.428079
vt 0.776156 0.438996
vt 0.796427 0.443001
vt 0.789086 0.446413
vt 0.781689 0.449881
vt 0.768156 0.441814
vt 0.773183 0.452699
vt 0.794994 0.456485
vt 0.786951 0.460201
vt 0.779088 0.463577
vt 0.764494 0.455407
vt 0.769936 0.466381
vt 0.793290 0.471053
vt 0.785406 0.474614
vt 0.776222 0.477315
vt 0.760435 0.468972
vt 0.765929 0.480043
vt 0.793151 0.485478
vt 0.782793 0.488445
vt 0.771438 0.490978
vt 0.755108 0.482209
vt 0.759683 0.493232
vt 0.788919 0.499767
vt 0.776665 0.502212
vt 0.764225 0.504465
vt 0.748032 0.495473
vt 0.751775 0.506903
vt 0.781509 0.513620
vt 0.768521 0.516078
vt 0.755307 0.518362
vt 0.739183 0.509027
vt 0.741580 0.520665
vt 0.772527 0.527679
vt 0.758353 0.530005
vt 0.743574 0.531907
vt 0.727505 0.522450
vt 0.728805 0.534041
vt 0.760657 0.541435
vt 0.745420 0.543673
vt 0.730295 0.545835
vt 0.714143 0.536029
vt 0.715112 0.548034
vt 0.747302 0.555806
vt 0.731904 0.558067
vt 0.715980 0.559950
vt 0.699758 0.550082
vt 0.700245 0.562085
vt 0.733245 0.569225
vt 0.716889 0.570828
vt 0.700532 0.573096
vt 0.684691 0.564034
vt 0.684835 0.575198
vt 0.717513 0.579905
vt 0.700926 0.582302
vt 0.684767 0.584102
vt 0.669256 0.576376
vt 0.669362 0.584642
vt 0.701207 0.590389
vt 0.685035 0.592161
vt 0.669687 0.592490
vt 0.654429 0.585226
vt 0.655087 0.592482
vt 0.685516 0.598864
vt 0.670375 0.599948
vt 0.655627 0.599645
vt 0.640149 0.593672
vt 0.641062 0.600584
vt 0.671178 0.608715
vt 0.656475 0.607650
vt 0.641612 0.607712
vt 0.626243 0.603402
vt 0.627073 0.609919
vt 0.657197 0.617138
vt 0.642704 0.615513
vt 0.628313 0.617658
vt 0.613090 0.613536
vt 0.614845 0.621990
vt 0.643868 0.626432
vt 0.630338 0.627926
vt 0.617314 0.632284
vt 0.689432 0.125147
vt 0.700145 0.116836
vt 0.703738 0.127896
vt 0.692653 0.135829
vt 0.633722 0.639949
vt 0.621298 0.643232
vt 0.695861 0.146810
vt 0.707202 0.140108
vt 0.680921 0.141990
vt 0.683434 0.152811
vt 0.708709 0.152036
vt 0.697400 0.157102
vt 0.685550 0.162998
vt 0.671079 0.158339
vt 0.673142 0.168356
vt 0.697712 0.167783
vt 0.686334 0.172906
vt 0.675187 0.178339
vt 0.661132 0.174777
vt 0.663450 0.184773
vt 0.687057 0.184270
vt 0.676426 0.189291
vt 0.665962 0.195059
vt 0.652044 0.191156
vt 0.654829 0.201070
vt 0.677689 0.201380
vt 0.667659 0.206460
vt 0.657357 0.211955
vt 0.643428 0.207102
vt 0.645959 0.217190
vt 0.669210 0.219217
vt 0.659062 0.223817
vt 0.648492 0.228437
vt 0.634738 0.222789
vt 0.638135 0.233662
vt 0.661138 0.235721
vt 0.651495 0.240186
vt 0.641941 0.245073
vt 0.628678 0.239039
vt 0.633481 0.250106
vt 0.655042 0.251322
vt 0.646565 0.255831
vt 0.638668 0.260539
vt 0.625722 0.255610
vt 0.631338 0.265660
vt 0.651869 0.265828
vt 0.644641 0.270335
vt 0.637889 0.275201
vt 0.624842 0.270264
vt 0.631679 0.279533
vt 0.650947 0.279671
vt 0.644715 0.284304
vt 0.638755 0.288660
vt 0.626473 0.283648
vt 0.633532 0.292901
vt 0.502862 0.077635
vt 0.490692 0.072542
vt 0.496923 0.068799
vt 0.503428 0.064428
vt 0.509965 0.072831
vt 0.516400 0.080532
vt 0.508694 0.085800
vt 0.522494 0.087700
vt 0.514167 0.093518
vt 0.529110 0.094912
vt 0.520082 0.101364
vt 0.510749 0.107202
vt 0.526488 0.109657
vt 0.516477 0.116178
vt 0.506256 0.122299
vt 0.522518 0.125770
vt 0.511565 0.132568
vt 0.500229 0.139145
vt 0.516951 0.143045
vt 0.504875 0.150202
vt 0.492130 0.157059
vt 0.509290 0.161117
vt 0.496501 0.168706
vt 0.483697 0.175270
vt 0.500906 0.180310
vt 0.488325 0.188111
vt 0.475488 0.193982
vt 0.493618 0.200305
vt 0.480442 0.207870
vt 0.466992 0.212584
vt 0.453913 0.210393
vt 0.485642 0.219735
vt 0.471688 0.225903
vt 0.299174 0.634297
vt 0.288316 0.647799
vt 0.285729 0.640457
vt 0.282497 0.634904
vt 0.295816 0.627799
vt 0.308401 0.620166
vt 0.293351 0.622808
vt 0.306489 0.614886
vt 0.320108 0.607747
vt 0.304580 0.609896
vt 0.318562 0.602273
vt 0.333321 0.595319
vt 0.468580 0.290001
vt 0.462756 0.303745
vt 0.458197 0.301886
vt 0.463620 0.287804
vt 0.348562 0.586097
vt 0.333385 0.588161
vt 0.333762 0.579898
vt 0.348767 0.577191
vt 0.364089 0.573137
vt 0.349774 0.566182
vt 0.364949 0.562532
vt 0.380864 0.559867
vt 0.366418 0.552048
vt 0.381846 0.550121
vt 0.397530 0.548370
vt 0.383079 0.539700
vt 0.398082 0.537996
vt 0.412407 0.535835
vt 0.398580 0.526919
vt 0.412383 0.524802
vt 0.426294 0.522691
vt 0.412696 0.513682
vt 0.426101 0.511559
vt 0.439644 0.509640
vt 0.425806 0.500691
vt 0.438633 0.498585
vt 0.451342 0.496290
vt 0.437371 0.487863
vt 0.449442 0.485537
vt 0.461521 0.483187
vt 0.447196 0.475039
vt 0.458500 0.472853
vt 0.469922 0.470410
vt 0.455436 0.462306
vt 0.465895 0.459982
vt 0.476497 0.457521
vt 0.462335 0.449607
vt 0.472150 0.447261
vt 0.481996 0.444842
vt 0.468334 0.436991
vt 0.477744 0.434626
vt 0.487011 0.432188
vt 0.487568 0.734782
vt 0.495938 0.736508
vt 0.493188 0.747559
vt 0.485079 0.745882
vt 0.504208 0.738346
vt 0.501198 0.749398
vt 0.499370 0.725360
vt 0.507895 0.727272
vt 0.516231 0.729426
vt 0.512635 0.716253
vt 0.521328 0.718401
vt 0.529757 0.720977
vt 0.537800 0.723800
vt 0.527291 0.707291
vt 0.536293 0.709926
vt 0.544950 0.713004
vt 0.056193 0.788271
vt 0.544012 0.699060
vt 0.553439 0.702310
vt 0.559368 0.709953
vt 0.552924 0.716061
vt 0.054824 0.768892
vt 0.040462 0.761162
vt 0.049509 0.756547
vt 0.046153 0.771206
vt 0.059505 0.754209
vt 0.042152 0.744611
vt 0.054298 0.741765
vt 0.066786 0.740184
vt 0.049200 0.729328
vt 0.062618 0.727411
vt 0.076700 0.726418
vt 0.059073 0.714595
vt 0.074304 0.713963
vt 0.090551 0.713729
vt 0.072655 0.701248
vt 0.089452 0.701263
vt 0.107198 0.701386
vt 0.089057 0.688480
vt 0.107100 0.688986
vt 0.125414 0.689713
vt 0.107293 0.677448
vt 0.125723 0.678146
vt 0.143900 0.678999
vt 0.125993 0.667475
vt 0.144102 0.668134
vt 0.162006 0.668531
vt 0.144218 0.661298
vt 0.162130 0.661725
vt 0.179720 0.661943
vt 0.162396 0.651929
vt 0.179985 0.653110
vt 0.197767 0.655210
vt 0.180350 0.643252
vt 0.197787 0.645279
vt 0.214988 0.645290
vt 0.197473 0.632268
vt 0.213438 0.632075
vt 0.229039 0.631526
vt 0.211011 0.617665
vt 0.225587 0.616792
vt 0.239513 0.616535
vt 0.252578 0.616260
vt 0.221612 0.603205
vt 0.234705 0.601884
vt 0.247411 0.601927
vt 0.845640 0.639708
vt 0.229745 0.588692
vt 0.242059 0.588271
vt 0.826436 0.652756
vt 0.840850 0.652717
vt 0.835359 0.665270
vt 0.821676 0.664778
vt 0.808240 0.665208
vt 0.816810 0.677447
vt 0.804492 0.677584
vt 0.791791 0.677861
vt 0.800945 0.690023
vt 0.788770 0.689799
vt 0.776329 0.689687
vt 0.785236 0.701547
vt 0.773661 0.701081
vt 0.761964 0.700760
vt 0.770892 0.712640
vt 0.760001 0.712149
vt 0.749163 0.711741
vt 0.757896 0.723658
vt 0.747789 0.723161
vt 0.737789 0.722840
vt 0.746314 0.734733
vt 0.736906 0.734272
vt 0.727640 0.734134
vt 0.715317 0.454683
vt 0.706398 0.456132
vt 0.704373 0.445084
vt 0.712876 0.443547
vt 0.697452 0.457416
vt 0.695929 0.446307
vt 0.708164 0.467301
vt 0.698478 0.468420
vt 0.688819 0.469182
vt 0.699191 0.479740
vt 0.688819 0.480329
vt 0.678501 0.480634
vt 0.688420 0.491503
vt 0.677470 0.491973
vt 0.666471 0.491729
vt 0.656134 0.490792
vt 0.675759 0.503355
vt 0.664038 0.503389
vt 0.652637 0.502261
vt 0.609838 0.018038
vt 0.661956 0.515048
vt 0.649343 0.514219
vt 0.619830 0.030358
vt 0.620669 0.018811
vt 0.646594 0.526252
vt 0.633424 0.525707
vt 0.636768 0.514855
vt 0.628829 0.043714
vt 0.630278 0.031414
vt 0.630807 0.538627
vt 0.617500 0.538911
vt 0.620187 0.527575
vt 0.635042 0.059417
vt 0.642699 0.049648
vt 0.656026 0.057444
vt 0.647850 0.067328
vt 0.638289 0.076600
vt 0.659455 0.075595
vt 0.649413 0.085500
vt 0.638663 0.095168
vt 0.657815 0.093830
vt 0.647005 0.103713
vt 0.635813 0.113831
vt 0.652298 0.110455
vt 0.640315 0.120061
vt 0.627671 0.129854
vt 0.643962 0.126130
vt 0.631204 0.135747
vt 0.618156 0.145816
vt 0.634140 0.141420
vt 0.621137 0.151180
vt 0.607701 0.160886
vt 0.623718 0.156404
vt 0.610339 0.165616
vt 0.596395 0.174943
vt 0.612794 0.170573
vt 0.598971 0.179270
vt 0.584725 0.188130
vt 0.601821 0.184399
vt 0.587910 0.193152
vt 0.574192 0.202358
vt 0.592618 0.200521
vt 0.579218 0.209437
vt 0.566381 0.219021
vt 0.585808 0.218763
vt 0.573871 0.228067
vt 0.562638 0.237815
vt 0.581178 0.236569
vt 0.571156 0.246145
vt 0.561525 0.255938
vt 0.579382 0.253740
vt 0.570383 0.263377
vt 0.561517 0.273280
vt 0.579828 0.270714
vt 0.571694 0.280096
vt 0.564064 0.289796
vt 0.582315 0.286424
vt 0.575668 0.295525
vt 0.569135 0.304709
vt 0.563909 0.313658
vt 0.586429 0.300921
vt 0.580920 0.309509
vt 0.576339 0.318076
vt 0.337969 0.478509
vt 0.591834 0.314387
vt 0.587526 0.322438
vt 0.349840 0.470006
vt 0.342316 0.468167
vt 0.346055 0.457682
vt 0.353574 0.459240
vt 0.361265 0.460419
vt 0.356497 0.448637
vt 0.364087 0.449728
vt 0.371870 0.450431
vt 0.376161 0.736945
vt 0.384061 0.734520
vt 0.386131 0.744657
vt 0.378392 0.746853
vt 0.392257 0.732555
vt 0.394031 0.742915
vt 0.380916 0.724464
vt 0.389609 0.722309
vt 0.398555 0.720538
vt 0.386190 0.712075
vt 0.395633 0.710065
vt 0.405394 0.708691
vt 0.392061 0.699556
vt 0.402686 0.697941
vt 0.413461 0.697085
vt 0.399731 0.687144
vt 0.411225 0.686146
vt 0.422738 0.685497
vt 0.409140 0.675238
vt 0.421247 0.674202
vt 0.433727 0.673872
vt 0.419777 0.662733
vt 0.433037 0.662259
vt 0.446553 0.662435
vt 0.432706 0.650720
vt 0.447096 0.650909
vt 0.461411 0.651423
vt 0.447456 0.639391
vt 0.462370 0.639686
vt 0.477161 0.640175
vt 0.463037 0.627847
vt 0.478054 0.628086
vt 0.493184 0.628284
vt 0.478590 0.615714
vt 0.494038 0.616214
vt 0.510123 0.617047
vt 0.495201 0.604564
vt 0.511359 0.605567
vt 0.527845 0.605946
vt 0.512240 0.593900
vt 0.528386 0.594080
vt 0.544840 0.594380
vt 0.528583 0.583510
vt 0.544973 0.584476
vt 0.561656 0.585955
vt 0.545252 0.572180
vt 0.561875 0.574069
vt 0.578451 0.575336
vt 0.561461 0.559926
vt 0.577409 0.560783
vt 0.593490 0.561563
vt 0.608974 0.562576
vt 0.575108 0.545941
vt 0.590649 0.546278
vt 0.606049 0.546144
vt 0.006851 0.627309
vt 0.585958 0.530619
vt 0.600548 0.529687
vt 0.027363 0.614015
vt 0.013223 0.612717
vt 0.020689 0.598265
vt 0.033844 0.599988
vt 0.047627 0.601200
vt 0.041121 0.586154
vt 0.054108 0.587970
vt 0.067724 0.589297
vt 0.060654 0.574809
vt 0.073332 0.576721
vt 0.086690 0.578388
vt 0.078844 0.565173
vt 0.091510 0.567337
vt 0.104353 0.568886
vt 0.095997 0.556980
vt 0.107479 0.558767
vt 0.119698 0.559761
vt 0.110896 0.548532
vt 0.121714 0.549696
vt 0.132746 0.549881
vt 0.123803 0.538769
vt 0.133471 0.538906
vt 0.143326 0.537921
vt 0.134220 0.526726
vt 0.143123 0.525796
vt 0.152118 0.524397
vt 0.142948 0.513320
vt 0.151120 0.511991
vt 0.159518 0.510485
vt 0.133105 0.809221
vt 0.140622 0.810515
vt 0.137830 0.822263
vt 0.130919 0.821149
vt 0.148279 0.812053
vt 0.144903 0.823647
vt 0.144182 0.799152
vt 0.152500 0.801268
vt 0.160931 0.803692
vt 0.168936 0.806666
vt 0.157798 0.790874
vt 0.166879 0.793517
vt 0.175700 0.796788
vt 0.802412 0.452420
vt 0.173346 0.782998
vt 0.183255 0.786476
vt 0.799596 0.466827
vt 0.807023 0.458530
vt 0.190878 0.775153
vt 0.201044 0.778819
vt 0.192819 0.789317
vt 0.803447 0.482126
vt 0.807982 0.473204
vt 0.208713 0.766796
vt 0.218229 0.771359
vt 0.210374 0.781675
vt 0.800690 0.496646
vt 0.811644 0.493169
vt 0.819669 0.504327
vt 0.807542 0.507889
vt 0.794673 0.510896
vt 0.814078 0.518641
vt 0.800419 0.522094
vt 0.786676 0.525024
vt 0.805771 0.533141
vt 0.791031 0.536150
vt 0.775859 0.538906
vt 0.794194 0.547113
vt 0.778504 0.549993
vt 0.762773 0.552997
vt 0.781040 0.560922
vt 0.764899 0.564042
vt 0.749145 0.567112
vt 0.766933 0.573541
vt 0.750842 0.576587
vt 0.734270 0.578285
vt 0.752000 0.584172
vt 0.735175 0.585866
vt 0.718068 0.587699
vt 0.735826 0.592263
vt 0.718750 0.594089
vt 0.701647 0.596455
vt 0.719469 0.600771
vt 0.702876 0.603778
vt 0.686789 0.607501
vt 0.704792 0.612608
vt 0.688942 0.616238
vt 0.672536 0.618308
vt 0.691162 0.625313
vt 0.674764 0.627869
vt 0.658139 0.628249
vt 0.676729 0.636743
vt 0.660570 0.638041
vt 0.646062 0.638649
vt 0.663315 0.647686
vt 0.649961 0.649246
vt 0.637909 0.650640
vt 0.625830 0.653056
vt 0.654074 0.660168
vt 0.641994 0.661476
vt 0.629500 0.661289
vt 0.708795 0.163713
vt 0.717553 0.175648
vt 0.707907 0.176302
vt 0.719987 0.166307
vt 0.697924 0.179525
vt 0.706744 0.189721
vt 0.697460 0.192303
vt 0.687757 0.196682
vt 0.697219 0.207118
vt 0.688186 0.210577
vt 0.678926 0.214954
vt 0.689178 0.223990
vt 0.680266 0.227711
vt 0.671067 0.231714
vt 0.682113 0.239706
vt 0.673175 0.243267
vt 0.664086 0.247177
vt 0.676148 0.254353
vt 0.667852 0.257870
vt 0.659542 0.261774
vt 0.672071 0.268128
vt 0.664569 0.271586
vt 0.657521 0.275425
vt 0.523620 0.061717
vt 0.516876 0.067574
vt 0.509907 0.059537
vt 0.516133 0.054128
vt 0.531165 0.068542
vt 0.524000 0.074830
vt 0.538836 0.074622
vt 0.530907 0.081416
vt 0.546900 0.080836
vt 0.538017 0.088062
vt 0.555726 0.087333
vt 0.546381 0.095349
vt 0.536390 0.102809
vt 0.555314 0.102978
vt 0.544265 0.111455
vt 0.533221 0.118822
vt 0.551768 0.119652
vt 0.540295 0.128216
vt 0.528840 0.135786
vt 0.547621 0.137323
vt 0.535337 0.146083
vt 0.522187 0.153611
vt 0.541530 0.156090
vt 0.528031 0.164658
vt 0.514407 0.172373
vt 0.534540 0.175726
vt 0.520600 0.183980
vt 0.506591 0.192045
vt 0.526716 0.194595
vt 0.512825 0.202807
vt 0.499136 0.211743
vt 0.517229 0.209909
vt 0.503833 0.218670
vt 0.489572 0.226934
vt 0.475426 0.233692
vt 0.508085 0.224550
vt 0.493889 0.232419
vt 0.479597 0.239694
vt 0.279697 0.630365
vt 0.497756 0.237266
vt 0.483970 0.245361
vt 0.290756 0.618105
vt 0.277204 0.626256
vt 0.489102 0.250045
vt 0.480418 0.262024
vt 0.475653 0.259446
vt 0.473745 0.275959
vt 0.469183 0.273655
vt 0.485394 0.265905
vt 0.479279 0.278924
vt 0.473998 0.292513
vt 0.467833 0.305944
vt 0.486715 0.283718
vt 0.481484 0.297393
vt 0.475035 0.310000
vt 0.335099 0.568871
vt 0.325870 0.554480
vt 0.338531 0.556400
vt 0.323595 0.561445
vt 0.351412 0.554450
vt 0.341524 0.544917
vt 0.354229 0.543365
vt 0.367939 0.541135
vt 0.357467 0.532099
vt 0.370963 0.529914
vt 0.384395 0.528648
vt 0.373433 0.518433
vt 0.386231 0.517129
vt 0.399221 0.515449
vt 0.387975 0.505735
vt 0.400388 0.504321
vt 0.412969 0.502536
vt 0.401630 0.493278
vt 0.413476 0.491711
vt 0.425259 0.489837
vt 0.413752 0.480946
vt 0.424724 0.479220
vt 0.435784 0.477119
vt 0.424144 0.468423
vt 0.434416 0.466522
vt 0.444790 0.464455
vt 0.432903 0.455860
vt 0.442642 0.453879
vt 0.452423 0.451800
vt 0.440486 0.443224
vt 0.449724 0.441150
vt 0.459042 0.439079
vt 0.461699 0.731158
vt 0.470431 0.732070
vt 0.468585 0.743273
vt 0.460246 0.742270
vt 0.479059 0.733216
vt 0.476859 0.744336
vt 0.472561 0.720872
vt 0.481668 0.722064
vt 0.490535 0.723691
vt 0.484759 0.710874
vt 0.494260 0.712411
vt 0.503511 0.714348
vt 0.498455 0.701197
vt 0.508386 0.702956
vt 0.518009 0.705154
vt 0.513840 0.691591
vt 0.524303 0.693558
vt 0.534202 0.696213
vt 0.530922 0.681905
vt 0.541807 0.684655
vt 0.552311 0.688355
vt 0.562190 0.691434
vt 0.549116 0.672895
vt 0.560976 0.675455
vt 0.573720 0.676017
vt 0.035382 0.753389
vt 0.568359 0.662916
vt 0.579852 0.667091
vt 0.588161 0.675586
vt 0.582002 0.681653
vt 0.035882 0.732116
vt 0.017768 0.720457
vt 0.031120 0.718729
vt 0.022934 0.731338
vt 0.044500 0.716558
vt 0.026600 0.705745
vt 0.041146 0.703270
vt 0.056324 0.701621
vt 0.038447 0.689832
vt 0.054864 0.688210
vt 0.071525 0.688091
vt 0.053617 0.675326
vt 0.071083 0.675225
vt 0.088762 0.676583
vt 0.071186 0.665660
vt 0.089137 0.666064
vt 0.107555 0.666768
vt 0.089575 0.659393
vt 0.107755 0.660375
vt 0.126074 0.660729
vt 0.108355 0.650921
vt 0.126363 0.650906
vt 0.144582 0.651256
vt 0.127021 0.640364
vt 0.144849 0.640552
vt 0.162715 0.641571
vt 0.145498 0.628798
vt 0.163047 0.629742
vt 0.180542 0.630908
vt 0.163301 0.617178
vt 0.179836 0.617593
vt 0.195990 0.617715
vt 0.178412 0.604188
vt 0.193337 0.603867
vt 0.207928 0.603171
vt 0.190173 0.589803
vt 0.203324 0.589112
vt 0.217045 0.588555
vt 0.199959 0.575784
vt 0.212912 0.575283
vt 0.225545 0.575635
vt 0.237586 0.576133
vt 0.846332 0.687704
vt 0.837801 0.683077
vt 0.843213 0.674220
vt 0.852966 0.679404
vt 0.828418 0.677745
vt 0.832175 0.694053
vt 0.823032 0.691374
vt 0.812479 0.690784
vt 0.817150 0.703939
vt 0.807028 0.703168
vt 0.796625 0.702344
vt 0.802695 0.715020
vt 0.792140 0.714123
vt 0.781518 0.713345
vt 0.788268 0.725700
vt 0.778164 0.724869
vt 0.767965 0.724242
vt 0.775106 0.736514
vt 0.765297 0.735749
vt 0.755756 0.735285
vt 0.742289 0.449038
vt 0.733315 0.451031
vt 0.730055 0.439895
vt 0.738614 0.437981
vt 0.724280 0.452921
vt 0.721468 0.441815
vt 0.736690 0.462148
vt 0.727188 0.464161
vt 0.717585 0.465919
vt 0.730101 0.475234
vt 0.719835 0.477107
vt 0.709481 0.478537
vt 0.721993 0.488255
vt 0.710736 0.489927
vt 0.699393 0.490851
vt 0.711883 0.501171
vt 0.699682 0.502377
vt 0.687491 0.502888
vt 0.699572 0.513758
vt 0.686890 0.514704
vt 0.674334 0.514977
vt 0.686159 0.526947
vt 0.673151 0.527264
vt 0.659980 0.527067
vt 0.671633 0.539663
vt 0.658017 0.539620
vt 0.643998 0.538567
vt 0.655947 0.552372
vt 0.641801 0.551941
vt 0.627981 0.551891
vt 0.614691 0.552417
vt 0.639866 0.566109
vt 0.626120 0.566735
vt 0.612616 0.567012
vt 0.669569 0.066502
vt 0.625144 0.579434
vt 0.611544 0.579909
vt 0.669371 0.084232
vt 0.680625 0.075312
vt 0.686513 0.084332
vt 0.675415 0.092127
vt 0.664098 0.100989
vt 0.679240 0.100217
vt 0.668359 0.108133
vt 0.656565 0.116824
vt 0.671438 0.115551
vt 0.659509 0.123527
vt 0.647249 0.132090
vt 0.662471 0.130591
vt 0.649795 0.138521
vt 0.637041 0.147171
vt 0.652358 0.145289
vt 0.639360 0.153270
vt 0.626373 0.161884
vt 0.642149 0.160782
vt 0.629008 0.168337
vt 0.615733 0.176359
vt 0.632647 0.177848
vt 0.619602 0.184900
vt 0.606342 0.192256
vt 0.624155 0.194743
vt 0.611280 0.201925
vt 0.598411 0.209922
vt 0.615672 0.210832
vt 0.603715 0.218590
vt 0.592171 0.227397
vt 0.608677 0.226989
vt 0.598356 0.235345
vt 0.588672 0.244324
vt 0.604955 0.243098
vt 0.596631 0.251429
vt 0.588207 0.260980
vt 0.604641 0.258305
vt 0.597412 0.266956
vt 0.589735 0.277065
vt 0.605933 0.272794
vt 0.598946 0.281956
vt 0.592687 0.291938
vt 0.607803 0.287622
vt 0.602294 0.296999
vt 0.596806 0.306094
vt 0.611022 0.303389
vt 0.606198 0.311597
vt 0.601887 0.319616
vt 0.597817 0.327221
vt 0.615539 0.318013
vt 0.611487 0.325452
vt 0.607482 0.332629
vt 0.349147 0.447089
vt 0.352708 0.746444
vt 0.360106 0.742967
vt 0.363147 0.752426
vt 0.355678 0.755678
vt 0.368070 0.739709
vt 0.370739 0.749462
vt 0.356034 0.733414
vt 0.364046 0.730179
vt 0.372430 0.727162
vt 0.359196 0.720340
vt 0.367862 0.717078
vt 0.376982 0.714414
vt 0.362537 0.707016
vt 0.372056 0.703973
vt 0.381914 0.701562
vt 0.366442 0.693262
vt 0.377171 0.690663
vt 0.388352 0.688817
vt 0.372470 0.679930
vt 0.384493 0.677811
vt 0.396760 0.676306
vt 0.380604 0.667039
vt 0.393545 0.664911
vt 0.406545 0.663813
vt 0.389952 0.653961
vt 0.403830 0.652262
vt 0.418112 0.651218
vt 0.401235 0.641231
vt 0.416549 0.640087
vt 0.432159 0.639499
vt 0.415105 0.629237
vt 0.431492 0.628224
vt 0.447603 0.627778
vt 0.430720 0.617141
vt 0.447345 0.615839
vt 0.463327 0.615371
vt 0.446930 0.604702
vt 0.463307 0.603642
vt 0.479247 0.603664
vt 0.463247 0.594015
vt 0.479420 0.593578
vt 0.495904 0.593571
vt 0.479122 0.584949
vt 0.495695 0.584129
vt 0.512337 0.583325
vt 0.495094 0.572352
vt 0.511898 0.571529
vt 0.528823 0.571229
vt 0.510990 0.559579
vt 0.527959 0.558844
vt 0.545177 0.558807
vt 0.526161 0.546663
vt 0.542942 0.545796
vt 0.559614 0.545511
vt 0.539369 0.532953
vt 0.555388 0.531793
vt 0.571199 0.531013
vt 0.550018 0.518691
vt 0.564862 0.516837
vt 0.579473 0.515316
vt 0.593003 0.513808
vt 0.558238 0.504092
vt 0.571591 0.501867
vt 0.584240 0.498719
vt 0.028728 0.584135
vt 0.562659 0.488912
vt 0.574002 0.485265
vt 0.048514 0.572425
vt 0.036370 0.570635
vt 0.044082 0.558184
vt 0.055302 0.560475
vt 0.067204 0.562352
vt 0.063051 0.549202
vt 0.073579 0.551821
vt 0.084636 0.554499
vt 0.080032 0.541342
vt 0.090019 0.544293
vt 0.100485 0.546508
vt 0.095770 0.533133
vt 0.104836 0.535507
vt 0.114242 0.537546
vt 0.108893 0.523917
vt 0.117312 0.525720
vt 0.125767 0.526746
vt 0.119891 0.513427
vt 0.127408 0.514142
vt 0.135018 0.514128
vt 0.111146 0.807822
vt 0.118340 0.807793
vt 0.117418 0.820066
vt 0.110827 0.820009
vt 0.125605 0.807980
vt 0.124143 0.820410
vt 0.119351 0.795992
vt 0.127584 0.796526
vt 0.135899 0.797553
vt 0.129597 0.785498
vt 0.138942 0.786640
vt 0.148295 0.788601
vt 0.142230 0.775695
vt 0.152808 0.777693
vt 0.163108 0.780367
vt 0.157371 0.766243
vt 0.168819 0.768830
vt 0.180054 0.772136
vt 0.174342 0.757472
vt 0.186436 0.760598
vt 0.198321 0.763945
vt 0.192683 0.748543
vt 0.205034 0.751513
vt 0.217309 0.754667
vt 0.224577 0.763461
vt 0.211713 0.738557
vt 0.224561 0.741877
vt 0.827544 0.515334
vt 0.829836 0.501106
vt 0.834759 0.505972
vt 0.231005 0.727856
vt 0.243708 0.731270
vt 0.237890 0.741968
vt 0.820347 0.529972
vt 0.834425 0.526779
vt 0.840193 0.538662
vt 0.825200 0.541731
vt 0.810055 0.544426
vt 0.829160 0.553324
vt 0.812934 0.555546
vt 0.796991 0.558075
vt 0.815142 0.565792
vt 0.799052 0.568069
vt 0.782902 0.570377
vt 0.800620 0.577599
vt 0.784547 0.579526
vt 0.768548 0.581761
vt 0.785547 0.587158
vt 0.769300 0.588581
vt 0.752679 0.590503
vt 0.769884 0.598121
vt 0.753141 0.599212
vt 0.736234 0.599652
vt 0.753141 0.609066
vt 0.736482 0.609325
vt 0.720425 0.610087
vt 0.736813 0.620005
vt 0.721671 0.620733
vt 0.706812 0.622458
vt 0.722777 0.632493
vt 0.708500 0.633304
vt 0.693105 0.634700
vt 0.709397 0.644063
vt 0.694475 0.644406
vt 0.678638 0.646077
vt 0.695821 0.655449
vt 0.681289 0.656382
vt 0.666847 0.658239
vt 0.683872 0.667972
vt 0.671559 0.669585
vt 0.658518 0.671712
vt 0.646254 0.672596
vt 0.675483 0.681557
vt 0.662675 0.683207
vt 0.650379 0.683050
vt 0.716061 0.188377
vt 0.724130 0.200879
vt 0.715086 0.202255
vt 0.726571 0.191144
vt 0.706138 0.204606
vt 0.714885 0.215453
vt 0.706361 0.217857
vt 0.697746 0.220786
vt 0.707255 0.230262
vt 0.699047 0.233118
vt 0.690775 0.236476
vt 0.701036 0.244755
vt 0.692947 0.247906
vt 0.684633 0.251061
vt 0.695940 0.258651
vt 0.687845 0.261631
vt 0.679870 0.264851
vt 0.541634 0.042328
vt 0.535955 0.049019
vt 0.527738 0.042259
vt 0.533232 0.035914
vt 0.529983 0.055638
vt 0.522015 0.048311
vt 0.544384 0.055154
vt 0.538268 0.061950
vt 0.553887 0.060395
vt 0.546666 0.067629
vt 0.563387 0.065603
vt 0.555399 0.073266
vt 0.573698 0.070927
vt 0.564975 0.079204
vt 0.575252 0.085845
vt 0.565398 0.094436
vt 0.575284 0.101259
vt 0.563571 0.110380
vt 0.571779 0.117750
vt 0.559539 0.127434
vt 0.567688 0.135786
vt 0.554970 0.146089
vt 0.562314 0.155629
vt 0.548365 0.166156
vt 0.554823 0.175136
vt 0.540586 0.185239
vt 0.545052 0.191527
vt 0.530900 0.201208
vt 0.534591 0.206118
vt 0.521384 0.215724
vt 0.524756 0.219770
vt 0.511581 0.229111
vt 0.515364 0.233193
vt 0.501867 0.241878
vt 0.506855 0.246445
vt 0.494582 0.255119
vt 0.502053 0.261253
vt 0.492475 0.271341
vt 0.503807 0.279778
vt 0.497220 0.291333
vt 0.492006 0.304400
vt 0.508335 0.298771
vt 0.502868 0.310897
vt 0.328986 0.544625
vt 0.514183 0.316787
vt 0.344732 0.533466
vt 0.332852 0.533780
vt 0.337428 0.521610
vt 0.348722 0.521095
vt 0.360423 0.519466
vt 0.364004 0.507118
vt 0.375660 0.506462
vt 0.378822 0.495196
vt 0.390054 0.494390
vt 0.392344 0.483382
vt 0.402808 0.482308
vt 0.403849 0.471493
vt 0.413832 0.470096
vt 0.413822 0.459299
vt 0.423223 0.457743
vt 0.413437 0.448427
vt 0.422301 0.446936
vt 0.431299 0.445149
vt 0.444076 0.729695
vt 0.443380 0.740695
vt 0.434979 0.740221
vt 0.452947 0.730287
vt 0.451854 0.741433
vt 0.453991 0.719172
vt 0.463345 0.719926
vt 0.465116 0.708672
vt 0.474992 0.709692
vt 0.477802 0.698299
vt 0.488205 0.699684
vt 0.492084 0.688169
vt 0.503160 0.689857
vt 0.507865 0.678358
vt 0.519488 0.680070
vt 0.524748 0.667930
vt 0.537330 0.670208
vt 0.543198 0.658040
vt 0.556473 0.660895
vt 0.562406 0.647615
vt 0.575963 0.649971
vt 0.588393 0.653365
vt 0.581959 0.635735
vt 0.596000 0.639156
vt 0.011910 0.707664
vt 0.601928 0.624301
vt 0.022502 0.692015
vt 0.006967 0.694565
vt 0.003228 0.682396
vt 0.019690 0.679252
vt 0.036406 0.676873
vt 0.035748 0.667016
vt 0.053145 0.665997
vt 0.053343 0.658719
vt 0.071333 0.658634
vt 0.072128 0.650364
vt 0.090333 0.650583
vt 0.091238 0.641295
vt 0.109113 0.640773
vt 0.109986 0.628736
vt 0.127804 0.628356
vt 0.128787 0.616171
vt 0.146351 0.616485
vt 0.146685 0.604276
vt 0.162976 0.604179
vt 0.161864 0.590988
vt 0.176366 0.590259
vt 0.173859 0.576825
vt 0.187038 0.575909
vt 0.184250 0.563648
vt 0.196648 0.562922
vt 0.208140 0.562273
vt 0.192668 0.551647
vt 0.203085 0.549952
vt 0.841392 0.696608
vt 0.197764 0.538576
vt 0.826015 0.705989
vt 0.833515 0.709634
vt 0.821495 0.717654
vt 0.812636 0.716141
vt 0.807885 0.727942
vt 0.798246 0.726797
vt 0.803700 0.739729
vt 0.794216 0.738465
vt 0.784749 0.737334
vt 0.759697 0.444422
vt 0.755443 0.433390
vt 0.763557 0.430856
vt 0.751110 0.446885
vt 0.747147 0.435750
vt 0.755489 0.457938
vt 0.746182 0.460107
vt 0.750546 0.471237
vt 0.740324 0.473272
vt 0.744136 0.484443
vt 0.733138 0.486387
vt 0.736243 0.497713
vt 0.724192 0.499490
vt 0.726039 0.511031
vt 0.712663 0.512514
vt 0.713392 0.524238
vt 0.699368 0.525734
vt 0.699557 0.538075
vt 0.685176 0.539237
vt 0.684923 0.551873
vt 0.670147 0.552534
vt 0.669463 0.565208
vt 0.654172 0.565494
vt 0.654056 0.577068
vt 0.639087 0.577976
vt 0.639702 0.586475
vt 0.624985 0.588567
vt 0.611099 0.590026
vt 0.625594 0.596248
vt 0.611168 0.598562
vt 0.690617 0.092634
vt 0.611937 0.606078
vt 0.682884 0.107952
vt 0.693863 0.100252
vt 0.696886 0.107922
vt 0.685948 0.116103
vt 0.674756 0.123366
vt 0.677625 0.131851
vt 0.665267 0.137935
vt 0.668027 0.147535
vt 0.655354 0.153747
vt 0.658299 0.164576
vt 0.645777 0.171030
vt 0.648815 0.181376
vt 0.636813 0.188008
vt 0.640284 0.197539
vt 0.628123 0.204105
vt 0.631439 0.213143
vt 0.619958 0.219691
vt 0.624045 0.228687
vt 0.614215 0.235569
vt 0.619997 0.244938
vt 0.612062 0.251332
vt 0.618598 0.260633
vt 0.612444 0.265771
vt 0.619452 0.274384
vt 0.614202 0.279668
vt 0.621489 0.288457
vt 0.616222 0.295380
vt 0.628831 0.297709
vt 0.624306 0.303766
vt 0.619852 0.310692
vt 0.467943 0.094915
vt 0.464995 0.084018
vt 0.460554 0.097539
vt 0.457856 0.086736
vt 0.450735 0.088915
vt 0.452989 0.099368
vt 0.470202 0.105716
vt 0.462339 0.108392
vt 0.454391 0.110189
vt 0.348557 0.737068
vt 0.463586 0.119173
vt 0.455044 0.121250
vt 0.350897 0.723866
vt 0.343152 0.727520
vt 0.336594 0.718470
vt 0.344518 0.714089
vt 0.353448 0.710681
vt 0.337307 0.704267
vt 0.346363 0.700161
vt 0.356218 0.696718
vt 0.338694 0.689334
vt 0.349160 0.685514
vt 0.360505 0.682507
vt 0.342915 0.674706
vt 0.355166 0.671546
vt 0.367662 0.669214
vt 0.350142 0.660773
vt 0.363210 0.658091
vt 0.376363 0.656122
vt 0.358519 0.646337
vt 0.372369 0.644214
vt 0.386293 0.642689
vt 0.368498 0.631850
vt 0.383428 0.630871
vt 0.398759 0.630159
vt 0.381369 0.619430
vt 0.397398 0.619238
vt 0.413792 0.618430
vt 0.396427 0.608587
vt 0.412968 0.607782
vt 0.429910 0.606331
vt 0.412356 0.597469
vt 0.429425 0.596535
vt 0.446542 0.595151
vt 0.429221 0.588580
vt 0.446161 0.587988
vt 0.462692 0.585977
vt 0.445306 0.577245
vt 0.461750 0.575100
vt 0.478468 0.573427
vt 0.460609 0.563137
vt 0.477348 0.561444
vt 0.494179 0.560405
vt 0.476349 0.549710
vt 0.493003 0.548624
vt 0.509635 0.547552
vt 0.491244 0.536820
vt 0.507218 0.535601
vt 0.523454 0.534075
vt 0.503860 0.523417
vt 0.519253 0.522026
vt 0.534852 0.519944
vt 0.514307 0.509814
vt 0.529105 0.508147
vt 0.544035 0.505829
vt 0.523140 0.496191
vt 0.537002 0.494406
vt 0.550360 0.491529
vt 0.529378 0.482615
vt 0.541360 0.480237
vt 0.552550 0.476902
vt 0.564006 0.474495
vt 0.532849 0.468381
vt 0.543050 0.465955
vt 0.053298 0.546475
vt 0.038802 0.549483
vt 0.044165 0.542525
vt 0.052209 0.531972
vt 0.060886 0.535063
vt 0.070293 0.537958
vt 0.068752 0.524306
vt 0.077501 0.527568
vt 0.086580 0.530400
vt 0.083768 0.516663
vt 0.092106 0.519300
vt 0.100559 0.521888
vt 0.096838 0.507845
vt 0.104585 0.510087
vt 0.112263 0.511968
vt 0.089052 0.810000
vt 0.096469 0.808936
vt 0.097356 0.820632
vt 0.090520 0.821644
vt 0.103829 0.807894
vt 0.104178 0.820124
vt 0.094740 0.797389
vt 0.102927 0.796387
vt 0.111228 0.795819
vt 0.101499 0.785110
vt 0.110806 0.784560
vt 0.120134 0.784698
vt 0.110314 0.773333
vt 0.120957 0.773445
vt 0.131659 0.774293
vt 0.121667 0.761884
vt 0.133574 0.762583
vt 0.145625 0.764312
vt 0.135778 0.750845
vt 0.148952 0.752454
vt 0.161938 0.754834
vt 0.152685 0.740607
vt 0.166683 0.742774
vt 0.180234 0.745770
vt 0.171055 0.730764
vt 0.185288 0.732906
vt 0.198890 0.735799
vt 0.189665 0.719816
vt 0.203952 0.722156
vt 0.217977 0.725332
vt 0.208328 0.708687
vt 0.222891 0.711516
vt 0.237131 0.714723
vt 0.250415 0.717846
vt 0.227134 0.698307
vt 0.241337 0.701322
vt 0.255972 0.703970
vt 0.844814 0.550543
vt 0.245112 0.688288
vt 0.259639 0.690994
vt 0.831615 0.563812
vt 0.848040 0.561569
vt 0.850223 0.571191
vt 0.833394 0.573362
vt 0.817063 0.575460
vt 0.834728 0.580237
vt 0.818068 0.582569
vt 0.801738 0.584925
vt 0.819516 0.593189
vt 0.802876 0.595116
vt 0.786449 0.596910
vt 0.803624 0.605698
vt 0.786892 0.606992
vt 0.770176 0.608173
vt 0.786855 0.618168
vt 0.770074 0.618907
vt 0.753144 0.619583
vt 0.769848 0.630290
vt 0.753438 0.631005
vt 0.737602 0.631851
vt 0.753694 0.642590
vt 0.738350 0.643275
vt 0.723550 0.643959
vt 0.738851 0.654787
vt 0.724451 0.655213
vt 0.710050 0.655534
vt 0.725152 0.666457
vt 0.711330 0.666684
vt 0.697522 0.667213
vt 0.713082 0.678207
vt 0.700124 0.678865
vt 0.687771 0.680264
vt 0.702870 0.690473
vt 0.691221 0.691585
vt 0.679656 0.693124
vt 0.667731 0.694418
vt 0.694298 0.702919
vt 0.683652 0.703911
vt 0.672776 0.705357
vt 0.723402 0.213720
vt 0.687216 0.714931
vt 0.677293 0.716183
vt 0.715429 0.228038
vt 0.723556 0.226047
vt 0.724609 0.237676
vt 0.716840 0.239558
vt 0.708915 0.241958
vt 0.719078 0.250530
vt 0.711467 0.252927
vt 0.703841 0.255713
vt 0.556688 0.020457
vt 0.552116 0.027866
vt 0.543257 0.022236
vt 0.547832 0.015120
vt 0.547093 0.035370
vt 0.538406 0.029224
vt 0.561468 0.032775
vt 0.556279 0.040536
vt 0.550542 0.048109
vt 0.565998 0.045202
vt 0.560225 0.053013
vt 0.570486 0.057708
vt 0.552033 0.007813
vt 0.726571 0.248399
vt 0.555866 0.000397
vt 0.680980 0.726927
vt 0.683769 0.737525
vt 0.851334 0.577791
vt 0.261652 0.679598
vt 0.083520 0.823163
vt 0.088993 0.505462
vt 0.075470 0.513726
vt 0.081038 0.502983
vt 0.532819 0.451362
vt 0.534697 0.440870
vt 0.538690 0.446854
vt 0.328836 0.709150
vt 0.455330 0.132493
vt 0.841410 0.714734
s 1
f 1/1/1 2/2/2 3/3/3 4/4/4
f 5/5/5 6/6/6 3/3/3 2/2/2
f 7/7/7 4/4/4 3/3/3 8/8/8
f 9/9/9 8/8/8 3/3/3 6/6/6
f 10/10/10 11/11/11 9/9/9 6/6/6
f 12/12/12 13/13/13 9/9/9 11/11/11
f 14/14/14 8/8/8 9/9/9 13/13/13
f 7/7/7 8/8/8 14/14/14 15/15/15
f 16/16/16 17/17/17 14/14/14 13/13/13
f 18/18/18 15/15/15 14/14/14 17/17/17
f 19/19/19 15/15/15 18/18/18 20/20/20
f 21/21/21 22/22/22 18/18/18 17/17/17
f 23/23/23 20/20/20 18/18/18 22/22/22
f 24/24/24 20/20/20 23/23/23 25/25/25
f 26/26/26 27/27/27 23/23/23 22/22/22
f 28/28/28 25/25/25 23/23/23 27/27/27
f 29/29/29 25/25/25 28/28/28 30/30/30
f 31/31/31 32/32/32 28/28/28 27/27/27
f 33/33/33 30/30/30 28/28/28 32/32/32
f 34/34/34 30/35/30 33/36/33 35/37/35
f 36/38/36 37/39/37 33/33/33 32/32/32
f 38/40/38 35/37/35 33/36/33 37/41/37
f 39/42/39 35/37/35 38/40/38 40/43/40
f 41/44/41 42/45/42 38/46/38 37/39/37
f 43/47/43 40/43/40 38/40/38 42/48/42
f 44/49/44 40/43/40 43/47/43 45/50/45
f 46/51/46 47/52/47 43/47/43 42/48/42
f 48/53/48 45/50/45 43/47/43 47/52/47
f 49/54/49 45/50/45 48/53/48 50/55/50
f 51/56/51 52/57/52 48/53/48 47/52/47
f 53/58/53 50/55/50 48/53/48 52/57/52
f 54/59/54 50/55/50 53/58/53 55/60/55
f 56/61/56 57/62/57 53/58/53 52/57/52
f 58/63/58 55/60/55 53/58/53 57/62/57
f 59/64/59 55/60/55 58/63/58 60/65/60
f 61/66/61 62/67/62 58/63/58 57/62/57
f 63/68/63 60/65/60 58/63/58 62/67/62
f 64/69/64 60/65/60 63/68/63 65/70/65
f 66/71/66 67/72/67 63/68/63 62/67/62
f 68/73/68 65/70/65 63/68/63 67/72/67
f 69/74/69 65/70/65 68/73/68 70/75/70
f 71/76/71 72/77/72 68/73/68 67/72/67
f 73/78/73 70/75/70 68/73/68 72/77/72
f 74/79/74 70/75/70 73/78/73 75/80/75
f 76/81/76 77/82/77 73/78/73 72/77/72
f 78/83/78 75/80/75 73/78/73 77/82/77
f 79/84/79 75/80/75 78/83/78 80/85/80
f 81/86/81 82/87/82 78/83/78 77/82/77
f 83/88/83 80/85/80 78/83/78 82/87/82
f 84/89/84 80/85/80 83/88/83 85/90/85
f 86/91/86 87/92/87 83/88/83 82/87/82
f 88/93/88 85/90/85 83/88/83 87/92/87
f 89/94/89 85/90/85 88/93/88 90/95/90
f 91/96/91 92/97/92 88/93/88 87/92/87
f 93/98/93 90/95/90 88/93/88 92/97/92
f 94/99/94 90/95/90 93/98/93 95/100/95
f 96/101/96 97/102/97 93/98/93 92/97/92
f 98/103/98 95/100/95 93/98/93 97/102/97
f 99/104/99 95/100/95 98/103/98 100/105/100
f 101/106/101 102/107/102 98/103/98 97/102/97
f 103/108/103 100/105/100 98/103/98 102/107/102
f 104/109/104 100/105/100 103/108/103 105/110/105
f 106/111/106 107/112/107 103/108/103 102/107/102
f 108/113/108 105/110/105 103/108/103 107/112/107
f 109/114/109 105/110/105 108/113/108 110/115/110
f 111/116/111 112/117/112 108/113/108 107/112/107
f 113/118/113 110/115/110 108/113/108 112/117/112
f 114/119/114 110/115/110 113/118/113 115/120/115
f 116/121/116 117/122/117 113/118/113 112/117/112
f 118/123/118 115/120/115 113/118/113 117/122/117
f 119/124/119 115/120/115 118/123/118 120/125/120
f 121/126/121 122/127/122 118/123/118 117/122/117
f 123/128/123 120/125/120 118/123/118 122/127/122
f 124/129/124 120/125/120 123/128/123 125/130/125
f 126/131/126 127/132/127 123/128/123 122/127/122
f 128/133/128 125/130/125 123/128/123 127/132/127
f 129/134/129 125/130/125 128/133/128 130/135/130
f 131/136/131 132/137/132 128/133/128 127/132/127
f 133/138/133 130/135/130 128/133/128 132/137/132
f 134/139/134 130/135/130 133/138/133 135/140/135
f 136/141/136 137/142/137 133/143/133 132/144/132
f 138/145/138 135/146/135 133/143/133 137/142/137
f 139/147/139 135/148/135 138/149/138 140/150/140
f 141/151/141 142/152/142 138/145/138 137/142/137
f 143/153/143 140/150/140 138/149/138 142/154/142
f 144/155/144 140/150/140 143/153/143 145/156/145
f 146/157/146 147/158/147 143/153/143 142/154/142
f 148/159/148 145/156/145 143/153/143 147/158/147
f 149/160/149 145/156/145 148/159/148 150/161/150
f 151/162/151 152/163/152 148/159/148 147/158/147
f 153/164/153 150/161/150 148/159/148 152/163/152
f 154/165/154 150/161/150 153/164/153 155/166/155
f 156/167/156 157/168/157 153/164/153 152/163/152
f 158/169/158 155/166/155 153/164/153 157/168/157
f 159/170/159 155/166/155 158/169/158 160/171/160
f 161/172/161 162/173/162 158/169/158 157/168/157
f 163/174/163 160/171/160 158/169/158 162/173/162
f 164/175/164 160/171/160 163/174/163 165/176/165
f 166/177/166 167/178/167 163/174/163 162/173/162
f 168/179/168 165/176/165 163/174/163 167/178/167
f 169/180/169 165/176/165 168/179/168 170/181/170
f 171/182/171 172/183/172 168/179/168 167/178/167
f 173/184/173 170/181/170 168/179/168 172/183/172
f 174/185/174 170/181/170 173/184/173 175/186/175
f 176/187/176 177/188/177 173/184/173 172/183/172
f 178/189/178 175/186/175 173/184/173 177/188/177
f 179/190/179 175/186/175 178/189/178 180/191/180
f 181/192/181 182/193/182 178/189/178 177/188/177
f 183/194/183 180/191/180 178/189/178 182/193/182
f 184/195/184 180/191/180 183/194/183 185/196/185
f 186/197/186 187/198/187 183/194/183 182/193/182
f 188/199/188 185/196/185 183/194/183 187/198/187
f 189/200/189 185/196/185 188/199/188 190/201/190
f 191/202/191 192/203/192 188/199/188 187/198/187
f 193/204/193 190/201/190 188/199/188 192/203/192
f 194/205/194 190/201/190 193/204/193 195/206/195
f 196/207/196 197/208/197 193/204/193 192/203/192
f 198/209/198 195/206/195 193/204/193 197/208/197
f 199/210/199 195/206/195 198/209/198 200/211/200
f 201/212/201 202/213/202 198/209/198 197/208/197
f 203/214/203 200/211/200 198/209/198 202/213/202
f 204/215/204 200/211/200 203/214/203 205/216/205
f 206/217/206 207/218/207 203/214/203 202/213/202
f 208/219/208 205/216/205 203/214/203 207/218/207
f 209/220/209 205/216/205 208/219/208 210/221/210
f 211/222/211 212/223/212 208/219/208 207/218/207
f 213/224/213 210/221/210 208/219/208 212/223/212
f 214/225/214 210/226/210 213/227/213 215/228/215
f 216/229/216 217/230/217 213/224/213 212/223/212
f 218/231/218 215/228/215 213/227/213 217/232/217
f 219/233/219 215/228/215 218/231/218 220/234/220
f 221/235/221 222/236/222 218/231/218 217/232/217
f 223/237/223 220/234/220 218/231/218 222/236/222
f 224/238/224 220/234/220 223/237/223 225/239/225
f 226/240/226 227/241/227 223/237/223 222/236/222
f 228/242/228 225/239/225 223/237/223 227/241/227
f 229/243/229 225/239/225 228/242/228 230/244/230
f 231/245/231 232/246/232 228/242/228 227/241/227
f 233/247/233 230/244/230 228/242/228 232/246/232
f 234/248/234 230/244/230 233/247/233 235/249/235
f 236/250/236 237/251/237 233/247/233 232/246/232
f 238/252/238 235/249/235 233/247/233 237/251/237
f 239/253/239 235/249/235 238/252/238 240/254/240
f 241/255/241 242/256/242 238/252/238 237/251/237
f 243/257/243 240/254/240 238/252/238 242/256/242
f 244/258/244 240/254/240 243/257/243 245/259/245
f 246/260/246 247/261/247 243/257/243 242/256/242
f 248/262/248 245/259/245 243/257/243 247/261/247
f 249/263/249 245/259/245 248/262/248 250/264/250
f 251/265/251 252/266/252 248/262/248 247/261/247
f 253/267/253 250/264/250 248/262/248 252/266/252
f 254/268/254 250/264/250 253/267/253 255/269/255
f 256/270/256 257/271/257 253/267/253 252/266/252
f 258/272/258 255/269/255 253/267/253 257/271/257
f 259/273/259 255/269/255 258/272/258 260/274/260
f 261/275/261 262/276/262 258/272/258 257/271/257
f 263/277/263 260/274/260 258/272/258 262/276/262
f 264/278/264 260/274/260 263/277/263 265/279/265
f 266/280/266 267/281/267 263/277/263 262/276/262
f 268/282/268 265/279/265 263/277/263 267/281/267
f 269/283/269 265/279/265 268/282/268 270/284/270
f 271/285/271 272/286/272 268/287/268 267/288/267
f 273/289/273 270/290/270 268/287/268 272/286/272
f 274/291/274 270/290/270 273/289/273 275/292/275
f 276/293/276 277/294/277 273/289/273 272/286/272
f 278/295/278 275/292/275 273/289/273 277/294/277
f 279/296/279 275/297/275 278/298/278 280/299/280
f 281/300/281 282/301/282 278/295/278 277/294/277
f 283/302/283 280/299/280 278/298/278 282/303/282
f 284/304/284 280/299/280 283/302/283 285/305/285
f 286/306/286 287/307/287 283/302/283 282/303/282
f 288/308/288 285/305/285 283/302/283 287/307/287
f 289/309/289 285/305/285 288/308/288 290/310/290
f 291/311/291 292/312/292 288/308/288 287/307/287
f 293/313/293 290/310/290 288/308/288 292/312/292
f 294/314/294 290/310/290 293/313/293 295/315/295
f 296/316/296 297/317/297 293/313/293 292/312/292
f 298/318/298 295/315/295 293/313/293 297/317/297
f 299/319/299 295/315/295 298/318/298 300/320/300
f 301/321/301 302/322/302 298/318/298 297/317/297
f 303/323/303 300/320/300 298/318/298 302/322/302
f 304/324/304 300/320/300 303/323/303 305/325/305
f 306/326/306 307/327/307 303/323/303 302/322/302
f 308/328/308 305/325/305 303/323/303 307/327/307
f 309/329/309 305/325/305 308/328/308 310/330/310
f 311/331/311 312/332/312 308/328/308 307/327/307
f 313/333/313 310/330/310 308/328/308 312/332/312
f 314/334/314 310/330/310 313/333/313 315/335/315
f 316/336/316 317/337/317 313/333/313 312/332/312
f 318/338/318 315/335/315 313/333/313 317/337/317
f 319/339/319 315/335/315 318/338/318 320/340/320
f 321/341/321 322/342/322 318/338/318 317/337/317
f 323/343/323 320/340/320 318/338/318 322/342/322
f 324/344/324 320/340/320 323/343/323 325/345/325
f 326/346/326 327/347/327 323/343/323 322/342/322
f 328/348/328 325/345/325 323/343/323 327/347/327
f 329/349/329 325/345/325 328/348/328 330/350/330
f 331/351/331 332/352/332 328/348/328 327/347/327
f 333/353/333 330/350/330 328/348/328 332/352/332
f 334/354/334 330/350/330 333/353/333 335/355/335
f 336/356/336 337/357/337 333/353/333 332/352/332
f 338/358/338 335/355/335 333/353/333 337/357/337
f 339/359/339 335/355/335 338/358/338 340/360/340
f 341/361/341 342/362/342 338/358/338 337/357/337
f 343/363/343 340/360/340 338/358/338 342/362/342
f 344/364/344 340/360/340 343/363/343 345/365/345
f 346/366/346 347/367/347 343/363/343 342/362/342
f 348/368/348 345/365/345 343/363/343 347/367/347
f 349/369/349 345/365/345 348/368/348 350/370/350
f 351/371/351 352/372/352 348/368/348 347/367/347
f 353/373/353 350/370/350 348/368/348 352/372/352
f 354/374/354 350/370/350 353/373/353 355/375/355
f 356/376/356 357/377/357 353/373/353 352/372/352
f 358/378/358 355/375/355 353/373/353 357/377/357
f 359/379/359 355/375/355 358/378/358 360/380/360
f 361/381/361 362/382/362 358/378/358 357/377/357
f 363/383/363 360/380/360 358/378/358 362/382/362
f 364/384/364 360/380/360 363/383/363 365/385/365
f 366/386/366 367/387/367 363/383/363 362/382/362
f 368/388/368 365/385/365 363/383/363 367/387/367
f 369/389/369 365/385/365 368/388/368 370/390/370
f 371/391/371 372/392/372 368/388/368 367/387/367
f 373/393/373 370/390/370 368/388/368 372/392/372
f 374/394/374 370/390/370 373/393/373 375/395/375
f 376/396/376 377/397/377 373/393/373 372/392/372
f 378/398/378 375/395/375 373/393/373 377/397/377
f 379/399/379 375/395/375 378/398/378 380/400/380
f 381/401/381 382/402/382 378/403/378 377/404/377
f 383/405/383 380/406/380 378/403/378 382/402/382
f 384/407/384 380/406/380 383/405/383 385/408/385
f 386/409/386 387/410/387 383/405/383 382/402/382
f 388/411/388 385/408/385 383/405/383 387/410/387
f 389/412/389 385/408/385 388/411/388 390/413/390
f 391/414/391 392/415/392 388/411/388 387/410/387
f 393/416/393 390/413/390 388/411/388 392/415/392
f 394/417/394 390/413/390 393/416/393 395/418/395
f 396/419/396 397/420/397 393/416/393 392/415/392
f 398/421/398 395/418/395 393/416/393 397/420/397
f 399/422/399 395/418/395 398/421/398 400/423/400
f 401/424/401 402/425/402 398/421/398 397/420/397
f 403/426/403 400/423/400 398/421/398 402/425/402
f 404/427/404 400/423/400 403/426/403 405/428/405
f 406/429/406 407/430/407 403/431/403 402/432/402
f 408/433/408 405/434/405 403/431/403 407/430/407
f 409/435/409 405/434/405 408/433/408 410/436/410
f 411/437/411 412/438/412 408/433/408 407/430/407
f 413/439/413 410/436/410 408/433/408 412/438/412
f 414/440/414 410/436/410 413/439/413 415/441/415
f 416/442/416 417/443/417 413/439/413 412/438/412
f 418/444/418 415/441/415 413/439/413 417/443/417
f 419/445/419 415/441/415 418/444/418 420/446/420
f 421/447/421 422/448/422 418/444/418 417/443/417
f 423/449/423 420/446/420 418/444/418 422/448/422
f 424/450/424 420/446/420 423/449/423 425/451/425
f 426/452/426 427/453/427 423/449/423 422/448/422
f 428/454/428 425/451/425 423/449/423 427/453/427
f 429/455/429 425/451/425 428/454/428 430/456/430
f 431/457/431 432/458/432 428/454/428 427/453/427
f 433/459/433 430/456/430 428/454/428 432/458/432
f 434/460/434 430/456/430 433/459/433 435/461/435
f 436/462/436 437/463/437 433/459/433 432/458/432
f 438/464/438 435/461/435 433/459/433 437/463/437
f 439/465/439 435/461/435 438/464/438 440/466/440
f 441/467/441 442/468/442 438/464/438 437/463/437
f 443/469/443 440/466/440 438/464/438 442/468/442
f 444/470/444 440/466/440 443/469/443 445/471/445
f 446/472/446 447/473/447 443/469/443 442/468/442
f 448/474/448 445/471/445 443/469/443 447/473/447
f 449/475/449 445/471/445 448/474/448 450/476/450
f 451/477/451 452/478/452 448/474/448 447/473/447
f 453/479/453 450/476/450 448/474/448 452/478/452
f 454/480/454 450/476/450 453/479/453 455/481/455
f 456/482/456 457/483/457 453/479/453 452/478/452
f 458/484/458 455/481/455 453/479/453 457/483/457
f 459/485/459 455/481/455 458/484/458 460/486/460
f 461/487/461 462/488/462 458/484/458 457/483/457
f 463/489/463 460/486/460 458/484/458 462/488/462
f 464/490/464 460/486/460 463/489/463 465/491/465
f 466/492/466 467/493/467 463/489/463 462/488/462
f 468/494/468 465/491/465 463/489/463 467/493/467
f 469/495/469 465/491/465 468/494/468 470/496/470
f 471/497/471 472/498/472 468/494/468 467/493/467
f 473/499/473 470/496/470 468/494/468 472/498/472
f 474/500/474 470/501/470 473/502/473 475/503/475
f 476/504/476 477/505/477 473/499/473 472/498/472
f 478/506/478 475/503/475 473/502/473 477/507/477
f 479/508/479 475/503/475 478/506/478 480/509/480
f 481/510/481 482/511/482 478/506/478 477/507/477
f 483/512/483 480/509/480 478/506/478 482/511/482
f 484/513/484 480/509/480 483/512/483 485/514/485
f 486/515/486 487/516/487 483/512/483 482/511/482
f 488/517/488 485/514/485 483/512/483 487/516/487
f 489/518/489 485/514/485 488/517/488 490/519/490
f 491/520/491 492/521/492 488/517/488 487/516/487
f 493/522/493 490/519/490 488/517/488 492/521/492
f 494/523/494 490/519/490 493/522/493 495/524/495
f 496/525/496 497/526/497 493/522/493 492/521/492
f 498/527/498 495/524/495 493/522/493 497/526/497
f 499/528/499 495/524/495 498/527/498 500/529/500
f 501/530/501 502/531/502 498/527/498 497/526/497
f 503/532/503 500/529/500 498/527/498 502/531/502
f 504/533/504 500/529/500 503/532/503 505/534/505
f 506/535/506 507/536/507 503/532/503 502/531/502
f 508/537/508 505/534/505 503/532/503 507/536/507
f 509/538/509 505/534/505 508/537/508 510/539/510
f 511/540/511 512/541/512 508/537/508 507/536/507
f 513/542/513 510/539/510 508/537/508 512/541/512
f 514/543/514 510/539/510 513/542/513 515/544/515
f 516/545/516 517/546/517 513/542/513 512/541/512
f 518/547/518 515/544/515 513/542/513 517/546/517
f 519/548/519 515/544/515 518/547/518 520/549/520
f 521/550/521 522/551/522 518/547/518 517/546/517
f 523/552/523 520/549/520 518/547/518 522/551/522
f 524/553/524 520/549/520 523/552/523 525/554/525
f 526/555/526 527/556/527 523/552/523 522/551/522
f 528/557/528 525/554/525 523/552/523 527/556/527
f 529/558/529 525/554/525 528/557/528 530/559/530
f 531/560/531 532/561/532 528/557/528 527/556/527
f 533/562/533 530/559/530 528/557/528 532/561/532
f 534/563/534 530/564/530 533/565/533 535/566/535
f 536/567/536 537/568/537 533/562/533 532/561/532
f 538/569/538 535/566/535 533/565/533 537/570/537
f 539/571/539 535/566/535 538/569/538 540/572/540
f 541/573/541 542/574/542 538/575/538 537/576/537
f 543/577/543 540/578/540 538/579/538 542/580/542
f 544/581/544 540/578/540 543/577/543 545/582/545
f 546/583/546 547/584/547 543/577/543 542/580/542
f 548/585/548 545/582/545 543/577/543 547/584/547
f 549/586/549 545/582/545 548/585/548 550/587/550
f 551/588/551 552/589/552 548/585/548 547/584/547
f 553/590/553 550/587/550 548/585/548 552/589/552
f 554/591/554 550/587/550 553/590/553 555/592/555
f 556/593/556 557/594/557 553/590/553 552/589/552
f 558/595/558 555/592/555 553/590/553 557/594/557
f 559/596/559 555/592/555 558/595/558 560/597/560
f 561/598/561 562/599/562 558/595/558 557/594/557
f 563/600/563 560/597/560 558/595/558 562/599/562
f 564/601/564 560/597/560 563/600/563 565/602/565
f 566/603/566 567/604/567 563/600/563 562/599/562
f 568/605/568 565/602/565 563/600/563 567/604/567
f 569/606/569 565/602/565 568/605/568 570/607/570
f 571/608/571 572/609/572 568/605/568 567/604/567
f 573/610/573 570/607/570 568/605/568 572/609/572
f 574/611/574 570/607/570 573/610/573 575/612/575
f 576/613/576 577/614/577 573/610/573 572/609/572
f 578/615/578 575/612/575 573/610/573 577/614/577
f 579/616/579 575/612/575 578/615/578 580/617/580
f 581/618/581 582/619/582 578/615/578 577/614/577
f 583/620/583 580/617/580 578/615/578 582/619/582
f 584/621/584 580/617/580 583/620/583 585/622/585
f 586/623/586 587/624/587 583/620/583 582/619/582
f 588/625/588 585/622/585 583/620/583 587/624/587
f 589/626/589 585/622/585 588/625/588 590/627/590
f 591/628/591 592/629/592 588/625/588 587/624/587
f 593/630/593 590/627/590 588/625/588 592/629/592
f 594/631/594 590/627/590 593/630/593 595/632/595
f 596/633/596 597/634/597 593/630/593 592/629/592
f 598/635/598 595/632/595 593/630/593 597/634/597
f 599/636/599 595/632/595 598/635/598 600/637/600
f 601/638/601 602/639/602 598/635/598 597/634/597
f 603/640/603 600/637/600 598/635/598 602/639/602
f 604/641/604 600/637/600 603/640/603 605/642/605
f 606/643/606 607/644/607 603/640/603 602/639/602
f 608/645/608 605/642/605 603/640/603 607/644/607
f 609/646/609 605/642/605 608/645/608 610/647/610
f 611/648/611 612/649/612 608/645/608 607/644/607
f 613/650/613 610/647/610 608/645/608 612/649/612
f 614/651/614 610/647/610 613/650/613 615/652/615
f 616/653/616 617/654/617 613/650/613 612/649/612
f 618/655/618 615/652/615 613/650/613 617/654/617
f 619/656/619 615/652/615 618/655/618 620/657/620
f 621/658/621 622/659/622 618/655/618 617/654/617
f 623/660/623 620/657/620 618/655/618 622/659/622
f 624/661/624 620/662/620 623/663/623 625/664/625
f 626/665/626 627/666/627 623/660/623 622/659/622
f 628/667/628 625/664/625 623/663/623 627/668/627
f 629/669/629 625/664/625 628/667/628 630/670/630
f 631/671/631 632/672/632 628/667/628 627/668/627
f 633/673/633 630/670/630 628/667/628 632/672/632
f 634/674/634 630/670/630 633/673/633 635/675/635
f 636/676/636 637/677/637 633/673/633 632/672/632
f 638/678/638 635/675/635 633/673/633 637/677/637
f 639/679/639 635/675/635 638/678/638 640/680/640
f 641/681/641 642/682/642 638/678/638 637/677/637
f 643/683/643 640/680/640 638/678/638 642/682/642
f 644/684/644 640/680/640 643/683/643 645/685/645
f 646/686/646 647/687/647 643/683/643 642/682/642
f 648/688/648 645/685/645 643/683/643 647/687/647
f 649/689/649 645/685/645 648/688/648 650/690/650
f 651/691/651 652/692/652 648/688/648 647/687/647
f 653/693/653 650/690/650 648/688/648 652/692/652
f 654/694/654 650/690/650 653/693/653 655/695/655
f 656/696/656 657/697/657 653/693/653 652/692/652
f 658/698/658 655/695/655 653/693/653 657/697/657
f 659/699/659 655/695/655 658/698/658 660/700/660
f 661/701/661 662/702/662 658/698/658 657/697/657
f 663/703/663 660/700/660 658/698/658 662/702/662
f 664/704/664 660/700/660 663/703/663 665/705/665
f 666/706/666 667/707/667 663/703/663 662/702/662
f 668/708/668 665/705/665 663/703/663 667/707/667
f 669/709/669 665/705/665 668/708/668 670/710/670
f 671/711/671 672/712/672 668/708/668 667/707/667
f 673/713/673 670/710/670 668/708/668 672/712/672
f 674/714/674 670/710/670 673/713/673 5/715/5
f 675/716/675 10/10/10 673/717/673 672/718/672
f 6/6/6 5/5/5 673/717/673 10/10/10
f 671/719/671 676/720/676 675/716/675 672/718/672
f 677/721/677 678/722/678 675/716/675 676/720/676
f 11/11/11 10/10/10 675/716/675 678/722/678
f 679/723/679 680/724/680 678/722/678 677/721/677
f 12/12/12 11/11/11 678/722/678 680/724/680
f 681/725/681 682/726/682 680/724/680 679/723/679
f 683/727/683 12/12/12 680/724/680 682/726/682
f 13/13/13 12/12/12 683/727/683 16/16/16
f 684/728/684 685/729/685 683/727/683 682/726/682
f 686/730/686 16/16/16 683/727/683 685/729/685
f 17/17/17 16/16/16 686/730/686 21/21/21
f 687/731/687 688/732/688 686/730/686 685/729/685
f 689/733/689 21/21/21 686/730/686 688/732/688
f 22/22/22 21/21/21 689/733/689 26/26/26
f 690/734/690 691/735/691 689/733/689 688/732/688
f 692/736/692 26/26/26 689/733/689 691/735/691
f 27/27/27 26/26/26 692/736/692 31/31/31
f 693/737/693 694/738/694 692/736/692 691/735/691
f 695/739/695 31/31/31 692/736/692 694/738/694
f 32/32/32 31/31/31 695/739/695 36/38/36
f 696/740/696 697/741/697 695/739/695 694/738/694
f 698/742/698 36/38/36 695/739/695 697/741/697
f 37/39/37 36/38/36 698/742/698 41/44/41
f 699/743/699 700/744/700 698/742/698 697/741/697
f 701/745/701 41/44/41 698/742/698 700/744/700
f 42/45/42 41/44/41 701/745/701 46/746/46
f 702/747/702 703/748/703 701/745/701 700/744/700
f 704/749/704 46/51/46 701/750/701 703/751/703
f 47/52/47 46/51/46 704/749/704 51/56/51
f 705/752/705 706/753/706 704/749/704 703/751/703
f 707/754/707 51/56/51 704/749/704 706/753/706
f 52/57/52 51/56/51 707/754/707 56/61/56
f 708/755/708 709/756/709 707/754/707 706/753/706
f 710/757/710 56/61/56 707/754/707 709/756/709
f 57/62/57 56/61/56 710/757/710 61/66/61
f 711/758/711 712/759/712 710/757/710 709/756/709
f 713/760/713 61/66/61 710/757/710 712/759/712
f 62/67/62 61/66/61 713/760/713 66/71/66
f 714/761/714 715/762/715 713/763/713 712/764/712
f 716/765/716 66/71/66 713/760/713 715/766/715
f 67/72/67 66/71/66 716/765/716 71/76/71
f 717/767/717 718/768/718 716/765/716 715/766/715
f 719/769/719 71/76/71 716/765/716 718/768/718
f 72/77/72 71/76/71 719/769/719 76/81/76
f 720/770/720 721/771/721 719/769/719 718/768/718
f 722/772/722 76/81/76 719/769/719 721/771/721
f 77/82/77 76/81/76 722/772/722 81/86/81
f 723/773/723 724/774/724 722/772/722 721/771/721
f 725/775/725 81/86/81 722/772/722 724/774/724
f 82/87/82 81/86/81 725/775/725 86/91/86
f 726/776/726 727/777/727 725/775/725 724/774/724
f 728/778/728 86/91/86 725/775/725 727/777/727
f 87/92/87 86/91/86 728/778/728 91/96/91
f 729/779/729 730/780/730 728/778/728 727/777/727
f 731/781/731 91/96/91 728/778/728 730/780/730
f 92/97/92 91/96/91 731/781/731 96/101/96
f 732/782/732 733/783/733 731/781/731 730/780/730
f 734/784/734 96/101/96 731/781/731 733/783/733
f 97/102/97 96/101/96 734/784/734 101/106/101
f 735/785/735 736/786/736 734/784/734 733/783/733
f 737/787/737 101/106/101 734/784/734 736/786/736
f 102/107/102 101/106/101 737/787/737 106/111/106
f 738/788/738 739/789/739 737/787/737 736/786/736
f 740/790/740 106/111/106 737/787/737 739/789/739
f 107/112/107 106/111/106 740/790/740 111/116/111
f 741/791/741 742/792/742 740/790/740 739/789/739
f 743/793/743 111/116/111 740/790/740 742/792/742
f 112/117/112 111/116/111 743/793/743 116/121/116
f 744/794/744 745/795/745 743/793/743 742/792/742
f 746/796/746 116/121/116 743/793/743 745/795/745
f 117/122/117 116/121/116 746/796/746 121/126/121
f 747/797/747 748/798/748 746/796/746 745/795/745
f 749/799/749 121/126/121 746/796/746 748/798/748
f 122/127/122 121/126/121 749/799/749 126/131/126
f 750/800/750 751/801/751 749/799/749 748/798/748
f 752/802/752 126/131/126 749/799/749 751/801/751
f 127/132/127 126/131/126 752/802/752 131/136/131
f 753/803/753 754/804/754 752/805/752 751/806/751
f 755/807/755 131/808/131 752/805/752 754/804/754
f 132/144/132 131/808/131 755/807/755 136/141/136
f 756/809/756 757/810/757 755/807/755 754/804/754
f 758/811/758 136/141/136 755/807/755 757/810/757
f 137/142/137 136/141/136 758/811/758 141/151/141
f 759/812/759 760/813/760 758/811/758 757/810/757
f 761/814/761 141/151/141 758/811/758 760/813/760
f 142/152/142 141/151/141 761/814/761 146/815/146
f 762/816/762 763/817/763 761/814/761 760/813/760
f 764/818/764 146/815/146 761/814/761 763/817/763
f 147/158/147 146/157/146 764/819/764 151/162/151
f 765/820/765 766/821/766 764/818/764 763/817/763
f 767/822/767 151/823/151 764/818/764 766/821/766
f 152/163/152 151/162/151 767/824/767 156/167/156
f 768/825/768 769/826/769 767/824/767 766/827/766
f 770/828/770 156/167/156 767/824/767 769/826/769
f 157/168/157 156/167/156 770/828/770 161/172/161
f 771/829/771 772/830/772 770/828/770 769/826/769
f 773/831/773 161/172/161 770/828/770 772/830/772
f 162/173/162 161/172/161 773/831/773 166/177/166
f 774/832/774 775/833/775 773/831/773 772/830/772
f 776/834/776 166/177/166 773/831/773 775/833/775
f 167/178/167 166/177/166 776/834/776 171/182/171
f 777/835/777 778/836/778 776/834/776 775/833/775
f 779/837/779 171/182/171 776/834/776 778/836/778
f 172/183/172 171/182/171 779/837/779 176/187/176
f 780/838/780 781/839/781 779/837/779 778/836/778
f 782/840/782 176/187/176 779/837/779 781/839/781
f 177/188/177 176/187/176 782/840/782 181/192/181
f 783/841/783 784/842/784 782/840/782 781/839/781
f 785/843/785 181/192/181 782/840/782 784/842/784
f 182/193/182 181/192/181 785/843/785 186/197/186
f 786/844/786 787/845/787 785/843/785 784/842/784
f 788/846/788 186/197/186 785/843/785 787/845/787
f 187/198/187 186/197/186 788/846/788 191/202/191
f 789/847/789 790/848/790 788/846/788 787/845/787
f 791/849/791 191/202/191 788/846/788 790/848/790
f 192/203/192 191/202/191 791/849/791 196/207/196
f 792/850/792 793/851/793 791/849/791 790/848/790
f 794/852/794 196/207/196 791/849/791 793/851/793
f 197/208/197 196/207/196 794/852/794 201/212/201
f 795/853/795 796/854/796 794/852/794 793/851/793
f 797/855/797 201/212/201 794/852/794 796/854/796
f 202/213/202 201/212/201 797/855/797 206/217/206
f 798/856/798 799/857/799 797/855/797 796/854/796
f 800/858/800 206/217/206 797/855/797 799/857/799
f 207/218/207 206/217/206 800/858/800 211/222/211
f 801/859/801 802/860/802 800/858/800 799/857/799
f 803/861/803 211/222/211 800/858/800 802/860/802
f 212/223/212 211/222/211 803/861/803 216/229/216
f 804/862/804 805/863/805 803/861/803 802/860/802
f 806/864/806 216/229/216 803/861/803 805/863/805
f 217/230/217 216/229/216 806/864/806 221/865/221
f 807/866/807 808/867/808 806/864/806 805/863/805
f 809/868/809 221/865/221 806/864/806 808/867/808
f 222/236/222 221/235/221 809/869/809 226/240/226
f 810/870/810 811/871/811 809/868/809 808/867/808
f 812/872/812 226/240/226 809/869/809 811/873/811
f 227/241/227 226/240/226 812/872/812 231/245/231
f 813/874/813 814/875/814 812/872/812 811/873/811
f 815/876/815 231/245/231 812/872/812 814/875/814
f 232/246/232 231/245/231 815/876/815 236/250/236
f 816/877/816 817/878/817 815/876/815 814/875/814
f 818/879/818 236/250/236 815/876/815 817/878/817
f 237/251/237 236/250/236 818/879/818 241/255/241
f 819/880/819 820/881/820 818/879/818 817/878/817
f 821/882/821 241/255/241 818/879/818 820/881/820
f 242/256/242 241/255/241 821/882/821 246/260/246
f 822/883/822 823/884/823 821/882/821 820/881/820
f 824/885/824 246/260/246 821/882/821 823/884/823
f 247/261/247 246/260/246 824/885/824 251/265/251
f 825/886/825 826/887/826 824/885/824 823/884/823
f 827/888/827 251/265/251 824/885/824 826/887/826
f 252/266/252 251/265/251 827/888/827 256/270/256
f 828/889/828 829/890/829 827/888/827 826/887/826
f 830/891/830 256/270/256 827/888/827 829/890/829
f 257/271/257 256/270/256 830/891/830 261/275/261
f 831/892/831 832/893/832 830/891/830 829/890/829
f 833/894/833 261/275/261 830/891/830 832/893/832
f 262/276/262 261/275/261 833/894/833 266/280/266
f 834/895/834 835/896/835 833/897/833 832/898/832
f 836/899/836 266/900/266 833/897/833 835/896/835
f 267/288/267 266/900/266 836/899/836 271/285/271
f 837/901/837 838/902/838 836/899/836 835/896/835
f 839/903/839 271/285/271 836/899/836 838/902/838
f 272/286/272 271/285/271 839/903/839 276/293/276
f 840/904/840 841/905/841 839/903/839 838/902/838
f 842/906/842 276/293/276 839/903/839 841/905/841
f 277/294/277 276/293/276 842/906/842 281/300/281
f 843/907/843 844/908/844 842/906/842 841/905/841
f 845/909/845 281/300/281 842/906/842 844/908/844
f 282/301/282 281/300/281 845/909/845 286/910/286
f 846/911/846 847/912/847 845/909/845 844/908/844
f 848/913/848 286/910/286 845/909/845 847/912/847
f 287/307/287 286/306/286 848/914/848 291/311/291
f 849/915/849 850/916/850 848/913/848 847/912/847
f 851/917/851 291/311/291 848/914/848 850/918/850
f 292/312/292 291/311/291 851/917/851 296/316/296
f 852/919/852 853/920/853 851/921/851 850/916/850
f 854/922/854 296/316/296 851/917/851 853/923/853
f 297/317/297 296/316/296 854/922/854 301/321/301
f 855/924/855 856/925/856 854/926/854 853/920/853
f 857/927/857 301/321/301 854/922/854 856/928/856
f 302/322/302 301/321/301 857/927/857 306/326/306
f 858/929/858 859/930/859 857/927/857 856/928/856
f 860/931/860 306/326/306 857/927/857 859/930/859
f 307/327/307 306/326/306 860/931/860 311/331/311
f 861/932/861 862/933/862 860/931/860 859/930/859
f 863/934/863 311/331/311 860/931/860 862/933/862
f 312/332/312 311/331/311 863/934/863 316/336/316
f 864/935/864 865/936/865 863/934/863 862/933/862
f 866/937/866 316/336/316 863/934/863 865/936/865
f 317/337/317 316/336/316 866/937/866 321/341/321
f 867/938/867 868/939/868 866/937/866 865/936/865
f 869/940/869 321/341/321 866/937/866 868/939/868
f 322/342/322 321/341/321 869/940/869 326/346/326
f 870/941/870 871/942/871 869/940/869 868/939/868
f 872/943/872 326/346/326 869/940/869 871/942/871
f 327/347/327 326/346/326 872/943/872 331/351/331
f 873/944/873 874/945/874 872/943/872 871/942/871
f 875/946/875 331/351/331 872/943/872 874/945/874
f 332/352/332 331/351/331 875/946/875 336/356/336
f 876/947/876 877/948/877 875/946/875 874/945/874
f 878/949/878 336/356/336 875/946/875 877/948/877
f 337/357/337 336/356/336 878/949/878 341/361/341
f 879/950/879 880/951/880 878/949/878 877/948/877
f 881/952/881 341/361/341 878/949/878 880/951/880
f 342/362/342 341/361/341 881/952/881 346/366/346
f 882/953/882 883/954/883 881/952/881 880/951/880
f 884/955/884 346/366/346 881/952/881 883/954/883
f 347/367/347 346/366/346 884/955/884 351/371/351
f 885/956/885 886/957/886 884/955/884 883/954/883
f 887/958/887 351/371/351 884/955/884 886/957/886
f 352/372/352 351/371/351 887/958/887 356/376/356
f 888/959/888 889/960/889 887/958/887 886/957/886
f 890/961/890 356/376/356 887/958/887 889/960/889
f 357/377/357 356/376/356 890/961/890 361/381/361
f 891/962/891 892/963/892 890/961/890 889/960/889
f 893/964/893 361/381/361 890/961/890 892/963/892
f 362/382/362 361/381/361 893/964/893 366/386/366
f 894/965/894 895/966/895 893/964/893 892/963/892
f 896/967/896 366/386/366 893/964/893 895/966/895
f 367/387/367 366/386/366 896/967/896 371/391/371
f 897/968/897 898/969/898 896/967/896 895/966/895
f 899/970/899 371/391/371 896/967/896 898/969/898
f 372/392/372 371/391/371 899/970/899 376/396/376
f 900/971/900 901/972/901 899/970/899 898/969/898
f 902/973/902 376/396/376 899/970/899 901/972/901
f 377/397/377 376/396/376 902/973/902 381/974/381
f 903/975/903 904/976/904 902/973/902 901/972/901
f 905/977/905 381/974/381 902/973/902 904/976/904
f 382/402/382 381/401/381 905/978/905 386/409/386
f 906/979/906 907/980/907 905/977/905 904/976/904
f 908/981/908 386/409/386 905/978/905 907/982/907
f 387/410/387 386/409/386 908/981/908 391/414/391
f 909/983/909 910/984/910 908/981/908 907/982/907
f 911/985/911 391/414/391 908/981/908 910/984/910
f 392/415/392 391/414/391 911/985/911 396/419/396
f 912/986/912 913/987/913 911/985/911 910/984/910
f 914/988/914 396/419/396 911/985/911 913/987/913
f 397/420/397 396/419/396 914/988/914 401/424/401
f 915/989/915 916/990/916 914/991/914 913/992/913
f 917/993/917 401/994/401 914/991/914 916/990/916
f 402/432/402 401/994/401 917/993/917 406/429/406
f 918/995/918 919/996/919 917/993/917 916/990/916
f 920/997/920 406/429/406 917/993/917 919/996/919
f 407/430/407 406/429/406 920/997/920 411/437/411
f 921/998/921 922/999/922 920/997/920 919/996/919
f 923/1000/923 411/437/411 920/997/920 922/999/922
f 412/438/412 411/437/411 923/1000/923 416/442/416
f 924/1001/924 925/1002/925 923/1000/923 922/999/922
f 926/1003/926 416/442/416 923/1000/923 925/1002/925
f 417/443/417 416/442/416 926/1003/926 421/447/421
f 927/1004/927 928/1005/928 926/1003/926 925/1002/925
f 929/1006/929 421/447/421 926/1003/926 928/1005/928
f 422/448/422 421/447/421 929/1006/929 426/452/426
f 930/1007/930 931/1008/931 929/1006/929 928/1005/928
f 932/1009/932 426/452/426 929/1006/929 931/1008/931
f 427/453/427 426/452/426 932/1009/932 431/457/431
f 933/1010/933 934/1011/934 932/1009/932 931/1008/931
f 935/1012/935 431/457/431 932/1009/932 934/1011/934
f 432/458/432 431/457/431 935/1012/935 436/462/436
f 936/1013/936 937/1014/937 935/1012/935 934/1011/934
f 938/1015/938 436/462/436 935/1012/935 937/1014/937
f 437/463/437 436/462/436 938/1015/938 441/467/441
f 939/1016/939 940/1017/940 938/1015/938 937/1014/937
f 941/1018/941 441/467/441 938/1015/938 940/1017/940
f 442/468/442 441/467/441 941/1018/941 446/472/446
f 942/1019/942 943/1020/943 941/1018/941 940/1017/940
f 944/1021/944 446/472/446 941/1018/941 943/1020/943
f 447/473/447 446/472/446 944/1021/944 451/477/451
f 945/1022/945 946/1023/946 944/1021/944 943/1020/943
f 947/1024/947 451/477/451 944/1021/944 946/1023/946
f 452/478/452 451/477/451 947/1024/947 456/482/456
f 948/1025/948 949/1026/949 947/1024/947 946/1023/946
f 950/1027/950 456/482/456 947/1024/947 949/1026/949
f 457/483/457 456/482/456 950/1027/950 461/487/461
f 951/1028/951 952/1029/952 950/1027/950 949/1026/949
f 953/1030/953 461/487/461 950/1027/950 952/1029/952
f 462/488/462 461/487/461 953/1030/953 466/492/466
f 954/1031/954 955/1032/955 953/1030/953 952/1029/952
f 956/1033/956 466/492/466 953/1030/953 955/1032/955
f 467/493/467 466/492/466 956/1033/956 471/497/471
f 957/1034/957 958/1035/958 956/1033/956 955/1032/955
f 959/1036/959 471/497/471 956/1033/956 958/1035/958
f 472/498/472 471/497/471 959/1036/959 476/504/476
f 960/1037/960 961/1038/961 959/1036/959 958/1035/958
f 962/1039/962 476/504/476 959/1036/959 961/1038/961
f 477/505/477 476/504/476 962/1039/962 481/1040/481
f 963/1041/963 964/1042/964 962/1039/962 961/1038/961
f 965/1043/965 481/1040/481 962/1039/962 964/1042/964
f 482/511/482 481/510/481 965/1044/965 486/515/486
f 966/1045/966 967/1046/967 965/1043/965 964/1042/964
f 968/1047/968 486/515/486 965/1044/965 967/1048/967
f 487/516/487 486/515/486 968/1047/968 491/520/491
f 969/1049/969 970/1050/970 968/1047/968 967/1048/967
f 971/1051/971 491/520/491 968/1047/968 970/1050/970
f 492/521/492 491/520/491 971/1051/971 496/525/496
f 972/1052/972 973/1053/973 971/1051/971 970/1050/970
f 974/1054/974 496/525/496 971/1051/971 973/1053/973
f 497/526/497 496/525/496 974/1054/974 501/530/501
f 975/1055/975 976/1056/976 974/1054/974 973/1053/973
f 977/1057/977 501/530/501 974/1054/974 976/1056/976
f 502/531/502 501/530/501 977/1057/977 506/535/506
f 978/1058/978 979/1059/979 977/1057/977 976/1056/976
f 980/1060/980 506/535/506 977/1057/977 979/1059/979
f 507/536/507 506/535/506 980/1060/980 511/540/511
f 981/1061/981 982/1062/982 980/1060/980 979/1059/979
f 983/1063/983 511/540/511 980/1060/980 982/1062/982
f 512/541/512 511/540/511 983/1063/983 516/545/516
f 984/1064/984 985/1065/985 983/1063/983 982/1062/982
f 986/1066/986 516/545/516 983/1063/983 985/1065/985
f 517/546/517 516/545/516 986/1066/986 521/550/521
f 987/1067/987 988/1068/988 986/1066/986 985/1065/985
f 989/1069/989 521/550/521 986/1066/986 988/1068/988
f 522/551/522 521/550/521 989/1069/989 526/555/526
f 990/1070/990 991/1071/991 989/1069/989 988/1068/988
f 992/1072/992 526/555/526 989/1069/989 991/1071/991
f 527/556/527 526/555/526 992/1072/992 531/560/531
f 993/1073/993 994/1074/994 992/1072/992 991/1071/991
f 995/1075/995 531/560/531 992/1072/992 994/1074/994
f 532/561/532 531/560/531 995/1075/995 536/567/536
f 996/1076/996 997/1077/997 995/1078/995 994/1079/994
f 998/1080/998 536/1081/536 995/1078/995 997/1077/997
f 537/576/537 536/1081/536 998/1080/998 541/573/541
f 999/1082/999 1000/1083/1000 998/1080/998 997/1077/997
f 1001/1084/1001 541/573/541 998/1080/998 1000/1083/1000
f 542/574/542 541/573/541 1001/1084/1001 546/1085/546
f 1002/1086/1002 1003/1087/1003 1001/1084/1001 1000/1083/1000
f 1004/1088/1004 546/1085/546 1001/1084/1001 1003/1087/1003
f 547/584/547 546/583/546 1004/1089/1004 551/588/551
f 1005/1090/1005 1006/1091/1006 1004/1088/1004 1003/1087/1003
f 1007/1092/1007 551/588/551 1004/1089/1004 1006/1093/1006
f 552/589/552 551/588/551 1007/1092/1007 556/593/556
f 1008/1094/1008 1009/1095/1009 1007/1096/1007 1006/1091/1006
f 1010/1097/1010 556/593/556 1007/1092/1007 1009/1098/1009
f 557/594/557 556/593/556 1010/1097/1010 561/598/561
f 1011/1099/1011 1012/1100/1012 1010/1101/1010 1009/1095/1009
f 1013/1102/1013 561/598/561 1010/1097/1010 1012/1103/1012
f 562/599/562 561/598/561 1013/1102/1013 566/603/566
f 1014/1104/1014 1015/1105/1015 1013/1102/1013 1012/1103/1012
f 1016/1106/1016 566/603/566 1013/1102/1013 1015/1105/1015
f 567/604/567 566/603/566 1016/1106/1016 571/608/571
f 1017/1107/1017 1018/1108/1018 1016/1106/1016 1015/1105/1015
f 1019/1109/1019 571/608/571 1016/1106/1016 1018/1108/1018
f 572/609/572 571/608/571 1019/1109/1019 576/613/576
f 1020/1110/1020 1021/1111/1021 1019/1109/1019 1018/1108/1018
f 1022/1112/1022 576/613/576 1019/1109/1019 1021/1111/1021
f 577/614/577 576/613/576 1022/1112/1022 581/618/581
f 1023/1113/1023 1024/1114/1024 1022/1112/1022 1021/1111/1021
f 1025/1115/1025 581/618/581 1022/1112/1022 1024/1114/1024
f 582/619/582 581/618/581 1025/1115/1025 586/623/586
f 1026/1116/1026 1027/1117/1027 1025/1115/1025 1024/1114/1024
f 1028/1118/1028 586/623/586 1025/1115/1025 1027/1117/1027
f 587/624/587 586/623/586 1028/1118/1028 591/628/591
f 1029/1119/1029 1030/1120/1030 1028/1118/1028 1027/1117/1027
f 1031/1121/1031 591/628/591 1028/1118/1028 1030/1120/1030
f 592/629/592 591/628/591 1031/1121/1031 596/633/596
f 1032/1122/1032 1033/1123/1033 1031/1121/1031 1030/1120/1030
f 1034/1124/1034 596/633/596 1031/1121/1031 1033/1123/1033
f 597/634/597 596/633/596 1034/1124/1034 601/638/601
f 1035/1125/1035 1036/1126/1036 1034/1124/1034 1033/1123/1033
f 1037/1127/1037 601/638/601 1034/1124/1034 1036/1126/1036
f 602/639/602 601/638/601 1037/1127/1037 606/643/606
f 1038/1128/1038 1039/1129/1039 1037/1127/1037 1036/1126/1036
f 1040/1130/1040 606/643/606 1037/1127/1037 1039/1129/1039
f 607/644/607 606/643/606 1040/1130/1040 611/648/611
f 1041/1131/1041 1042/1132/1042 1040/1130/1040 1039/1129/1039
f 1043/1133/1043 611/648/611 1040/1130/1040 1042/1132/1042
f 612/649/612 611/648/611 1043/1133/1043 616/653/616
f 1044/1134/1044 1045/1135/1045 1043/1133/1043 1042/1132/1042
f 1046/1136/1046 616/653/616 1043/1133/1043 1045/1135/1045
f 617/654/617 616/653/616 1046/1136/1046 621/658/621
f 1047/1137/1047 1048/1138/1048 1046/1136/1046 1045/1135/1045
f 1049/1139/1049 621/658/621 1046/1136/1046 1048/1138/1048
f 622/659/622 621/658/621 1049/1139/1049 626/665/626
f 1050/1140/1050 1051/1141/1051 1049/1139/1049 1048/1138/1048
f 1052/1142/1052 626/665/626 1049/1139/1049 1051/1141/1051
f 627/666/627 626/665/626 1052/1142/1052 631/1143/631
f 1053/1144/1053 1054/1145/1054 1052/1142/1052 1051/1141/1051
f 1055/1146/1055 631/1143/631 1052/1142/1052 1054/1145/1054
f 632/672/632 631/671/631 1055/1147/1055 636/676/636
f 1056/1148/1056 1057/1149/1057 1055/1147/1055 1054/1150/1054
f 1058/1151/1058 636/676/636 1055/1147/1055 1057/1149/1057
f 637/677/637 636/676/636 1058/1151/1058 641/681/641
f 1059/1152/1059 1060/1153/1060 1058/1151/1058 1057/1149/1057
f 1061/1154/1061 641/681/641 1058/1151/1058 1060/1153/1060
f 642/682/642 641/681/641 1061/1154/1061 646/686/646
f 1062/1155/1062 1063/1156/1063 1061/1154/1061 1060/1153/1060
f 1064/1157/1064 646/686/646 1061/1154/1061 1063/1156/1063
f 647/687/647 646/686/646 1064/1157/1064 651/691/651
f 1065/1158/1065 1066/1159/1066 1064/1157/1064 1063/1156/1063
f 1067/1160/1067 651/691/651 1064/1157/1064 1066/1159/1066
f 652/692/652 651/691/651 1067/1160/1067 656/696/656
f 1068/1161/1068 1069/1162/1069 1067/1160/1067 1066/1159/1066
f 1070/1163/1070 656/696/656 1067/1160/1067 1069/1162/1069
f 657/697/657 656/696/656 1070/1163/1070 661/701/661
f 1071/1164/1071 1072/1165/1072 1070/1163/1070 1069/1162/1069
f 1073/1166/1073 661/701/661 1070/1163/1070 1072/1165/1072
f 662/702/662 661/701/661 1073/1166/1073 666/706/666
f 1074/1167/1074 1075/1168/1075 1073/1166/1073 1072/1165/1072
f 1076/1169/1076 666/706/666 1073/1166/1073 1075/1168/1075
f 667/707/667 666/706/666 1076/1169/1076 671/711/671
f 1077/1170/1077 1078/1171/1078 1076/1172/1076 1075/1173/1075
f 676/720/676 671/719/671 1076/1172/1076 1078/1171/1078
f 1079/1174/1079 1080/1175/1080 1078/1171/1078 1077/1170/1077
f 677/721/677 676/720/676 1078/1171/1078 1080/1175/1080
f 1081/1176/1081 1082/1177/1082 1080/1175/1080 1079/1174/1079
f 679/723/679 677/721/677 1080/1175/1080 1082/1177/1082
f 1083/1178/1083 1084/1179/1084 1082/1177/1082 1081/1176/1081
f 681/725/681 679/723/679 1082/1177/1082 1084/1179/1084
f 1085/1180/1085 1086/1181/1086 1084/1179/1084 1083/1178/1083
f 1087/1182/1087 681/725/681 1084/1179/1084 1086/1181/1086
f 682/726/682 681/725/681 1087/1182/1087 684/728/684
f 1088/1183/1088 1089/1184/1089 1087/1182/1087 1086/1181/1086
f 1090/1185/1090 684/728/684 1087/1182/1087 1089/1184/1089
f 685/729/685 684/728/684 1090/1185/1090 687/731/687
f 1091/1186/1091 1092/1187/1092 1090/1185/1090 1089/1184/1089
f 1093/1188/1093 687/731/687 1090/1185/1090 1092/1187/1092
f 688/732/688 687/731/687 1093/1188/1093 690/734/690
f 1094/1189/1094 1095/1190/1095 1093/1188/1093 1092/1187/1092
f 1096/1191/1096 690/734/690 1093/1188/1093 1095/1190/1095
f 691/735/691 690/734/690 1096/1191/1096 693/737/693
f 1097/1192/1097 1098/1193/1098 1096/1191/1096 1095/1190/1095
f 1099/1194/1099 693/737/693 1096/1191/1096 1098/1193/1098
f 694/738/694 693/737/693 1099/1194/1099 696/740/696
f 1100/1195/1100 1101/1196/1101 1099/1194/1099 1098/1193/1098
f 1102/1197/1102 696/740/696 1099/1194/1099 1101/1196/1101
f 697/741/697 696/740/696 1102/1197/1102 699/743/699
f 1103/1198/1103 1104/1199/1104 1102/1197/1102 1101/1196/1101
f 1105/1200/1105 699/743/699 1102/1197/1102 1104/1199/1104
f 700/744/700 699/743/699 1105/1200/1105 702/747/702
f 1106/1201/1106 1107/1202/1107 1105/1200/1105 1104/1199/1104
f 1108/1203/1108 702/747/702 1105/1200/1105 1107/1202/1107
f 703/748/703 702/747/702 1108/1203/1108 705/1204/705
f 1109/1205/1109 1110/1206/1110 1108/1203/1108 1107/1202/1107
f 1111/1207/1111 705/1204/705 1108/1203/1108 1110/1206/1110
f 706/753/706 705/752/705 1111/1208/1111 708/755/708
f 1112/1209/1112 1113/1210/1113 1111/1207/1111 1110/1206/1110
f 1114/1211/1114 708/755/708 1111/1208/1111 1113/1212/1113
f 709/756/709 708/755/708 1114/1211/1114 711/758/711
f 1115/1213/1115 1116/1214/1116 1114/1215/1114 1113/1210/1113
f 1117/1216/1117 711/1217/711 1114/1215/1114 1116/1214/1116
f 712/764/712 711/1217/711 1117/1216/1117 714/761/714
f 1118/1218/1118 1119/1219/1119 1117/1216/1117 1116/1214/1116
f 1120/1220/1120 714/761/714 1117/1216/1117 1119/1219/1119
f 715/762/715 714/761/714 1120/1220/1120 717/1221/717
f 1121/1222/1121 1122/1223/1122 1120/1220/1120 1119/1219/1119
f 1123/1224/1123 717/1221/717 1120/1220/1120 1122/1223/1122
f 718/768/718 717/767/717 1123/1225/1123 720/770/720
f 1124/1226/1124 1125/1227/1125 1123/1225/1123 1122/1228/1122
f 1126/1229/1126 720/770/720 1123/1225/1123 1125/1227/1125
f 721/771/721 720/770/720 1126/1229/1126 723/773/723
f 1127/1230/1127 1128/1231/1128 1126/1229/1126 1125/1227/1125
f 1129/1232/1129 723/773/723 1126/1229/1126 1128/1231/1128
f 724/774/724 723/773/723 1129/1232/1129 726/776/726
f 1130/1233/1130 1131/1234/1131 1129/1232/1129 1128/1231/1128
f 1132/1235/1132 726/776/726 1129/1232/1129 1131/1234/1131
f 727/777/727 726/776/726 1132/1235/1132 729/779/729
f 1133/1236/1133 1134/1237/1134 1132/1235/1132 1131/1234/1131
f 1135/1238/1135 729/779/729 1132/1235/1132 1134/1237/1134
f 730/780/730 729/779/729 1135/1238/1135 732/782/732
f 1136/1239/1136 1137/1240/1137 1135/1238/1135 1134/1237/1134
f 1138/1241/1138 732/782/732 1135/1238/1135 1137/1240/1137
f 733/783/733 732/782/732 1138/1241/1138 735/785/735
f 1139/1242/1139 1140/1243/1140 1138/1241/1138 1137/1240/1137
f 1141/1244/1141 735/785/735 1138/1241/1138 1140/1243/1140
f 736/786/736 735/785/735 1141/1244/1141 738/788/738
f 1142/1245/1142 1143/1246/1143 1141/1244/1141 1140/1243/1140
f 1144/1247/1144 738/788/738 1141/1244/1141 1143/1246/1143
f 739/789/739 738/788/738 1144/1247/1144 741/791/741
f 1145/1248/1145 1146/1249/1146 1144/1247/1144 1143/1246/1143
f 1147/1250/1147 741/791/741 1144/1247/1144 1146/1249/1146
f 742/792/742 741/791/741 1147/1250/1147 744/794/744
f 1148/1251/1148 1149/1252/1149 1147/1250/1147 1146/1249/1146
f 1150/1253/1150 744/794/744 1147/1250/1147 1149/1252/1149
f 745/795/745 744/794/744 1150/1253/1150 747/797/747
f 1151/1254/1151 1152/1255/1152 1150/1253/1150 1149/1252/1149
f 1153/1256/1153 747/797/747 1150/1253/1150 1152/1255/1152
f 748/798/748 747/797/747 1153/1256/1153 750/800/750
f 1154/1257/1154 1155/1258/1155 1153/1259/1153 1152/1260/1152
f 1156/1261/1156 750/1262/750 1153/1259/1153 1155/1258/1155
f 751/806/751 750/1262/750 1156/1261/1156 753/803/753
f 1157/1263/1157 1158/1264/1158 1156/1261/1156 1155/1258/1155
f 1159/1265/1159 753/803/753 1156/1261/1156 1158/1264/1158
f 754/804/754 753/803/753 1159/1265/1159 756/809/756
f 1160/1266/1160 1161/1267/1161 1159/1265/1159 1158/1264/1158
f 1162/1268/1162 756/809/756 1159/1265/1159 1161/1267/1161
f 757/810/757 756/809/756 1162/1268/1162 759/812/759
f 1163/1269/1163 1164/1270/1164 1162/1268/1162 1161/1267/1161
f 1165/1271/1165 759/812/759 1162/1268/1162 1164/1270/1164
f 760/813/760 759/812/759 1165/1271/1165 762/816/762
f 1166/1272/1166 1167/1273/1167 1165/1271/1165 1164/1270/1164
f 1168/1274/1168 762/816/762 1165/1271/1165 1167/1273/1167
f 763/817/763 762/816/762 1168/1274/1168 765/820/765
f 1169/1275/1169 1170/1276/1170 1168/1274/1168 1167/1273/1167
f 1171/1277/1171 765/820/765 1168/1274/1168 1170/1276/1170
f 766/821/766 765/820/765 1171/1277/1171 768/1278/768
f 1172/1279/1172 1173/1280/1173 1171/1277/1171 1170/1276/1170
f 1174/1281/1174 768/1278/768 1171/1277/1171 1173/1280/1173
f 769/826/769 768/825/768 1174/1282/1174 771/829/771
f 1175/1283/1175 1176/1284/1176 1174/1281/1174 1173/1280/1173
f 1177/1285/1177 771/1286/771 1174/1281/1174 1176/1284/1176
f 772/830/772 771/829/771 1177/1287/1177 774/832/774
f 1178/1288/1178 1179/1289/1179 1177/1287/1177 1176/1290/1176
f 1180/1291/1180 774/832/774 1177/1287/1177 1179/1289/1179
f 775/833/775 774/832/774 1180/1291/1180 777/835/777
f 1181/1292/1181 1182/1293/1182 1180/1291/1180 1179/1289/1179
f 1183/1294/1183 777/835/777 1180/1291/1180 1182/1293/1182
f 778/836/778 777/835/777 1183/1294/1183 780/838/780
f 1184/1295/1184 1185/1296/1185 1183/1294/1183 1182/1293/1182
f 1186/1297/1186 780/838/780 1183/1294/1183 1185/1296/1185
f 781/839/781 780/838/780 1186/1297/1186 783/841/783
f 1187/1298/1187 1188/1299/1188 1186/1297/1186 1185/1296/1185
f 1189/1300/1189 783/841/783 1186/1297/1186 1188/1299/1188
f 784/842/784 783/841/783 1189/1300/1189 786/844/786
f 1190/1301/1190 1191/1302/1191 1189/1300/1189 1188/1299/1188
f 1192/1303/1192 786/844/786 1189/1300/1189 1191/1302/1191
f 787/845/787 786/844/786 1192/1303/1192 789/847/789
f 1193/1304/1193 1194/1305/1194 1192/1303/1192 1191/1302/1191
f 1195/1306/1195 789/847/789 1192/1303/1192 1194/1305/1194
f 790/848/790 789/847/789 1195/1306/1195 792/850/792
f 1196/1307/1196 1197/1308/1197 1195/1306/1195 1194/1305/1194
f 1198/1309/1198 792/850/792 1195/1306/1195 1197/1308/1197
f 793/851/793 792/850/792 1198/1309/1198 795/853/795
f 1199/1310/1199 1200/1311/1200 1198/1309/1198 1197/1308/1197
f 1201/1312/1201 795/853/795 1198/1309/1198 1200/1311/1200
f 796/854/796 795/853/795 1201/1312/1201 798/856/798
f 1202/1313/1202 1203/1314/1203 1201/1312/1201 1200/1311/1200
f 1204/1315/1204 798/856/798 1201/1312/1201 1203/1314/1203
f 799/857/799 798/856/798 1204/1315/1204 801/859/801
f 1205/1316/1205 1206/1317/1206 1204/1315/1204 1203/1314/1203
f 1207/1318/1207 801/859/801 1204/1315/1204 1206/1317/1206
f 802/860/802 801/859/801 1207/1318/1207 804/862/804
f 1208/1319/1208 1209/1320/1209 1207/1318/1207 1206/1317/1206
f 1210/1321/1210 804/862/804 1207/1318/1207 1209/1320/1209
f 805/863/805 804/862/804 1210/1321/1210 807/866/807
f 1211/1322/1211 1212/1323/1212 1210/1321/1210 1209/1320/1209
f 1213/1324/1213 807/866/807 1210/1321/1210 1212/1323/1212
f 808/867/808 807/866/807 1213/1324/1213 810/870/810
f 1214/1325/1214 1215/1326/1215 1213/1324/1213 1212/1323/1212
f 1216/1327/1216 810/870/810 1213/1324/1213 1215/1326/1215
f 811/871/811 810/870/810 1216/1327/1216 813/1328/813
f 1217/1329/1217 1218/1330/1218 1216/1331/1216 1215/1332/1215
f 1219/1333/1219 813/874/813 1216/1331/1216 1218/1330/1218
f 814/875/814 813/874/813 1219/1333/1219 816/877/816
f 1220/1334/1220 1221/1335/1221 1219/1333/1219 1218/1330/1218
f 1222/1336/1222 816/877/816 1219/1333/1219 1221/1335/1221
f 817/878/817 816/877/816 1222/1336/1222 819/880/819
f 1223/1337/1223 1224/1338/1224 1222/1336/1222 1221/1335/1221
f 1225/1339/1225 819/880/819 1222/1336/1222 1224/1338/1224
f 820/881/820 819/880/819 1225/1339/1225 822/883/822
f 1226/1340/1226 1227/1341/1227 1225/1339/1225 1224/1338/1224
f 1228/1342/1228 822/883/822 1225/1339/1225 1227/1341/1227
f 823/884/823 822/883/822 1228/1342/1228 825/886/825
f 1229/1343/1229 1230/1344/1230 1228/1342/1228 1227/1341/1227
f 1231/1345/1231 825/886/825 1228/1342/1228 1230/1344/1230
f 826/887/826 825/886/825 1231/1345/1231 828/889/828
f 1232/1346/1232 1233/1347/1233 1231/1345/1231 1230/1344/1230
f 1234/1348/1234 828/889/828 1231/1345/1231 1233/1347/1233
f 829/890/829 828/889/828 1234/1348/1234 831/892/831
f 1235/1349/1235 1236/1350/1236 1234/1351/1234 1233/1352/1233
f 1237/1353/1237 831/1354/831 1234/1351/1234 1236/1350/1236
f 832/898/832 831/1354/831 1237/1353/1237 834/895/834
f 1238/1355/1238 1239/1356/1239 1237/1353/1237 1236/1350/1236
f 1240/1357/1240 834/895/834 1237/1353/1237 1239/1356/1239
f 835/896/835 834/895/834 1240/1357/1240 837/901/837
f 1241/1358/1241 1242/1359/1242 1240/1357/1240 1239/1356/1239
f 1243/1360/1243 837/901/837 1240/1357/1240 1242/1359/1242
f 838/902/838 837/901/837 1243/1360/1243 840/904/840
f 1244/1361/1244 1245/1362/1245 1243/1360/1243 1242/1359/1242
f 1246/1363/1246 840/904/840 1243/1360/1243 1245/1362/1245
f 841/905/841 840/904/840 1246/1363/1246 843/907/843
f 1247/1364/1247 1248/1365/1248 1246/1363/1246 1245/1362/1245
f 1249/1366/1249 843/907/843 1246/1363/1246 1248/1365/1248
f 844/908/844 843/907/843 1249/1366/1249 846/911/846
f 1250/1367/1250 1251/1368/1251 1249/1366/1249 1248/1365/1248
f 1252/1369/1252 846/911/846 1249/1366/1249 1251/1368/1251
f 847/912/847 846/911/846 1252/1369/1252 849/915/849
f 1253/1370/1253 1254/1371/1254 1252/1369/1252 1251/1368/1251
f 1255/1372/1255 849/915/849 1252/1369/1252 1254/1371/1254
f 850/916/850 849/915/849 1255/1372/1255 852/919/852
f 1256/1373/1256 1257/1374/1257 1255/1372/1255 1254/1371/1254
f 1258/1375/1258 852/919/852 1255/1372/1255 1257/1374/1257
f 853/920/853 852/919/852 1258/1375/1258 855/924/855
f 1259/1376/1259 1260/1377/1260 1258/1375/1258 1257/1374/1257
f 1261/1378/1261 855/924/855 1258/1375/1258 1260/1377/1260
f 856/925/856 855/924/855 1261/1378/1261 858/1379/858
f 1262/1380/1262 1263/1381/1263 1261/1378/1261 1260/1377/1260
f 1264/1382/1264 858/1379/858 1261/1378/1261 1263/1381/1263
f 859/930/859 858/929/858 1264/1383/1264 861/932/861
f 1265/1384/1265 1266/1385/1266 1264/1382/1264 1263/1381/1263
f 1267/1386/1267 861/932/861 1264/1383/1264 1266/1387/1266
f 862/933/862 861/932/861 1267/1386/1267 864/935/864
f 1268/1388/1268 1269/1389/1269 1267/1386/1267 1266/1387/1266
f 1270/1390/1270 864/935/864 1267/1386/1267 1269/1389/1269
f 865/936/865 864/935/864 1270/1390/1270 867/938/867
f 1271/1391/1271 1272/1392/1272 1270/1390/1270 1269/1389/1269
f 1273/1393/1273 867/938/867 1270/1390/1270 1272/1392/1272
f 868/939/868 867/938/867 1273/1393/1273 870/941/870
f 1274/1394/1274 1275/1395/1275 1273/1393/1273 1272/1392/1272
f 1276/1396/1276 870/941/870 1273/1393/1273 1275/1395/1275
f 871/942/871 870/941/870 1276/1396/1276 873/944/873
f 1277/1397/1277 1278/1398/1278 1276/1396/1276 1275/1395/1275
f 1279/1399/1279 873/944/873 1276/1396/1276 1278/1398/1278
f 874/945/874 873/944/873 1279/1399/1279 876/947/876
f 1280/1400/1280 1281/1401/1281 1279/1399/1279 1278/1398/1278
f 1282/1402/1282 876/947/876 1279/1399/1279 1281/1401/1281
f 877/948/877 876/947/876 1282/1402/1282 879/950/879
f 1283/1403/1283 1284/1404/1284 1282/1402/1282 1281/1401/1281
f 1285/1405/1285 879/950/879 1282/1402/1282 1284/1404/1284
f 880/951/880 879/950/879 1285/1405/1285 882/953/882
f 1286/1406/1286 1287/1407/1287 1285/1405/1285 1284/1404/1284
f 1288/1408/1288 882/953/882 1285/1405/1285 1287/1407/1287
f 883/954/883 882/953/882 1288/1408/1288 885/956/885
f 1289/1409/1289 1290/1410/1290 1288/1408/1288 1287/1407/1287
f 1291/1411/1291 885/956/885 1288/1408/1288 1290/1410/1290
f 886/957/886 885/956/885 1291/1411/1291 888/959/888
f 1292/1412/1292 1293/1413/1293 1291/1411/1291 1290/1410/1290
f 1294/1414/1294 888/959/888 1291/1411/1291 1293/1413/1293
f 889/960/889 888/959/888 1294/1414/1294 891/962/891
f 1295/1415/1295 1296/1416/1296 1294/1414/1294 1293/1413/1293
f 1297/1417/1297 891/962/891 1294/1414/1294 1296/1416/1296
f 892/963/892 891/962/891 1297/1417/1297 894/965/894
f 1298/1418/1298 1299/1419/1299 1297/1417/1297 1296/1416/1296
f 1300/1420/1300 894/965/894 1297/1417/1297 1299/1419/1299
f 895/966/895 894/965/894 1300/1420/1300 897/968/897
f 1301/1421/1301 1302/1422/1302 1300/1420/1300 1299/1419/1299
f 1303/1423/1303 897/968/897 1300/1420/1300 1302/1422/1302
f 898/969/898 897/968/897 1303/1423/1303 900/971/900
f 1304/1424/1304 1305/1425/1305 1303/1423/1303 1302/1422/1302
f 1306/1426/1306 900/971/900 1303/1423/1303 1305/1425/1305
f 901/972/901 900/971/900 1306/1426/1306 903/975/903
f 1307/1427/1307 1308/1428/1308 1306/1426/1306 1305/1425/1305
f 1309/1429/1309 903/975/903 1306/1426/1306 1308/1428/1308
f 904/976/904 903/975/903 1309/1429/1309 906/979/906
f 1310/1430/1310 1311/1431/1311 1309/1429/1309 1308/1428/1308
f 1312/1432/1312 906/979/906 1309/1429/1309 1311/1431/1311
f 907/980/907 906/979/906 1312/1432/1312 909/1433/909
f 1313/1434/1313 1314/1435/1314 1312/1432/1312 1311/1431/1311
f 1315/1436/1315 909/1433/909 1312/1432/1312 1314/1435/1314
f 910/984/910 909/983/909 1315/1437/1315 912/986/912
f 1316/1438/1316 1317/1439/1317 1315/1440/1315 1314/1441/1314
f 1318/1442/1318 912/1443/912 1315/1440/1315 1317/1439/1317
f 913/992/913 912/1443/912 1318/1442/1318 915/989/915
f 1319/1444/1319 1320/1445/1320 1318/1442/1318 1317/1439/1317
f 1321/1446/1321 915/989/915 1318/1442/1318 1320/1445/1320
f 916/990/916 915/989/915 1321/1446/1321 918/995/918
f 1322/1447/1322 1323/1448/1323 1321/1446/1321 1320/1445/1320
f 1324/1449/1324 918/995/918 1321/1446/1321 1323/1448/1323
f 919/996/919 918/995/918 1324/1449/1324 921/998/921
f 1325/1450/1325 1326/1451/1326 1324/1449/1324 1323/1448/1323
f 1327/1452/1327 921/998/921 1324/1449/1324 1326/1451/1326
f 922/999/922 921/998/921 1327/1452/1327 924/1001/924
f 1328/1453/1328 1329/1454/1329 1327/1452/1327 1326/1451/1326
f 1330/1455/1330 924/1001/924 1327/1452/1327 1329/1454/1329
f 925/1002/925 924/1001/924 1330/1455/1330 927/1004/927
f 1331/1456/1331 1332/1457/1332 1330/1455/1330 1329/1454/1329
f 1333/1458/1333 927/1004/927 1330/1455/1330 1332/1457/1332
f 928/1005/928 927/1004/927 1333/1458/1333 930/1007/930
f 1334/1459/1334 1335/1460/1335 1333/1458/1333 1332/1457/1332
f 1336/1461/1336 930/1007/930 1333/1458/1333 1335/1460/1335
f 931/1008/931 930/1007/930 1336/1461/1336 933/1010/933
f 1337/1462/1337 1338/1463/1338 1336/1461/1336 1335/1460/1335
f 1339/1464/1339 933/1010/933 1336/1461/1336 1338/1463/1338
f 934/1011/934 933/1010/933 1339/1464/1339 936/1013/936
f 1340/1465/1340 1341/1466/1341 1339/1464/1339 1338/1463/1338
f 1342/1467/1342 936/1013/936 1339/1464/1339 1341/1466/1341
f 937/1014/937 936/1013/936 1342/1467/1342 939/1016/939
f 1343/1468/1343 1344/1469/1344 1342/1467/1342 1341/1466/1341
f 1345/1470/1345 939/1016/939 1342/1467/1342 1344/1469/1344
f 940/1017/940 939/1016/939 1345/1470/1345 942/1019/942
f 1346/1471/1346 1347/1472/1347 1345/1470/1345 1344/1469/1344
f 1348/1473/1348 942/1019/942 1345/1470/1345 1347/1472/1347
f 943/1020/943 942/1019/942 1348/1473/1348 945/1022/945
f 1349/1474/1349 1350/1475/1350 1348/1473/1348 1347/1472/1347
f 1351/1476/1351 945/1022/945 1348/1473/1348 1350/1475/1350
f 946/1023/946 945/1022/945 1351/1476/1351 948/1025/948
f 1352/1477/1352 1353/1478/1353 1351/1476/1351 1350/1475/1350
f 1354/1479/1354 948/1025/948 1351/1476/1351 1353/1478/1353
f 949/1026/949 948/1025/948 1354/1479/1354 951/1028/951
f 1355/1480/1355 1356/1481/1356 1354/1479/1354 1353/1478/1353
f 1357/1482/1357 951/1028/951 1354/1479/1354 1356/1481/1356
f 952/1029/952 951/1028/951 1357/1482/1357 954/1031/954
f 1358/1483/1358 1359/1484/1359 1357/1482/1357 1356/1481/1356
f 1360/1485/1360 954/1031/954 1357/1482/1357 1359/1484/1359
f 955/1032/955 954/1031/954 1360/1485/1360 957/1034/957
f 1361/1486/1361 1362/1487/1362 1360/1485/1360 1359/1484/1359
f 1363/1488/1363 957/1034/957 1360/1485/1360 1362/1487/1362
f 958/1035/958 957/1034/957 1363/1488/1363 960/1037/960
f 1364/1489/1364 1365/1490/1365 1363/1488/1363 1362/1487/1362
f 1366/1491/1366 960/1037/960 1363/1488/1363 1365/1490/1365
f 961/1038/961 960/1037/960 1366/1491/1366 963/1041/963
f 1367/1492/1367 1368/1493/1368 1366/1491/1366 1365/1490/1365
f 1369/1494/1369 963/1041/963 1366/1491/1366 1368/1493/1368
f 964/1042/964 963/1041/963 1369/1494/1369 966/1045/966
f 1370/1495/1370 1371/1496/1371 1369/1494/1369 1368/1493/1368
f 1372/1497/1372 966/1045/966 1369/1494/1369 1371/1496/1371
f 967/1046/967 966/1045/966 1372/1497/1372 969/1498/969
f 1373/1499/1373 1374/1500/1374 1372/1497/1372 1371/1496/1371
f 1375/1501/1375 969/1498/969 1372/1497/1372 1374/1500/1374
f 970/1050/970 969/1049/969 1375/1502/1375 972/1052/972
f 1376/1503/1376 1377/1504/1377 1375/1501/1375 1374/1500/1374
f 1378/1505/1378 972/1052/972 1375/1502/1375 1377/1506/1377
f 973/1053/973 972/1052/972 1378/1505/1378 975/1055/975
f 1379/1507/1379 1380/1508/1380 1378/1505/1378 1377/1506/1377
f 1381/1509/1381 975/1055/975 1378/1505/1378 1380/1508/1380
f 976/1056/976 975/1055/975 1381/1509/1381 978/1058/978
f 1382/1510/1382 1383/1511/1383 1381/1509/1381 1380/1508/1380
f 1384/1512/1384 978/1058/978 1381/1509/1381 1383/1511/1383
f 979/1059/979 978/1058/978 1384/1512/1384 981/1061/981
f 1385/1513/1385 1386/1514/1386 1384/1512/1384 1383/1511/1383
f 1387/1515/1387 981/1061/981 1384/1512/1384 1386/1514/1386
f 982/1062/982 981/1061/981 1387/1515/1387 984/1064/984
f 1388/1516/1388 1389/1517/1389 1387/1515/1387 1386/1514/1386
f 1390/1518/1390 984/1064/984 1387/1515/1387 1389/1517/1389
f 985/1065/985 984/1064/984 1390/1518/1390 987/1067/987
f 1391/1519/1391 1392/1520/1392 1390/1518/1390 1389/1517/1389
f 1393/1521/1393 987/1067/987 1390/1518/1390 1392/1520/1392
f 988/1068/988 987/1067/987 1393/1521/1393 990/1070/990
f 1394/1522/1394 1395/1523/1395 1393/1521/1393 1392/1520/1392
f 1396/1524/1396 990/1070/990 1393/1521/1393 1395/1523/1395
f 991/1071/991 990/1070/990 1396/1524/1396 993/1073/993
f 1397/1525/1397 1398/1526/1398 1396/1527/1396 1395/1528/1395
f 1399/1529/1399 993/1530/993 1396/1527/1396 1398/1526/1398
f 994/1079/994 993/1530/993 1399/1529/1399 996/1076/996
f 1400/1531/1400 1401/1532/1401 1399/1529/1399 1398/1526/1398
f 1402/1533/1402 996/1076/996 1399/1529/1399 1401/1532/1401
f 997/1077/997 996/1076/996 1402/1533/1402 999/1082/999
f 1403/1534/1403 1404/1535/1404 1402/1533/1402 1401/1532/1401
f 1405/1536/1405 999/1082/999 1402/1533/1402 1404/1535/1404
f 1000/1083/1000 999/1082/999 1405/1536/1405 1002/1086/1002
f 1406/1537/1406 1407/1538/1407 1405/1536/1405 1404/1535/1404
f 1408/1539/1408 1002/1086/1002 1405/1536/1405 1407/1538/1407
f 1003/1087/1003 1002/1086/1002 1408/1539/1408 1005/1090/1005
f 1409/1540/1409 1410/1541/1410 1408/1539/1408 1407/1538/1407
f 1411/1542/1411 1005/1090/1005 1408/1539/1408 1410/1541/1410
f 1006/1091/1006 1005/1090/1005 1411/1542/1411 1008/1094/1008
f 1412/1543/1412 1413/1544/1413 1411/1542/1411 1410/1541/1410
f 1414/1545/1414 1008/1094/1008 1411/1542/1411 1413/1544/1413
f 1009/1095/1009 1008/1094/1008 1414/1545/1414 1011/1099/1011
f 1415/1546/1415 1416/1547/1416 1414/1545/1414 1413/1544/1413
f 1417/1548/1417 1011/1099/1011 1414/1545/1414 1416/1547/1416
f 1012/1100/1012 1011/1099/1011 1417/1548/1417 1014/1549/1014
f 1418/1550/1418 1419/1551/1419 1417/1548/1417 1416/1547/1416
f 1420/1552/1420 1014/1104/1014 1417/1553/1417 1419/1554/1419
f 1015/1105/1015 1014/1104/1014 1420/1552/1420 1017/1107/1017
f 1421/1555/1421 1422/1556/1422 1420/1557/1420 1419/1551/1419
f 1423/1558/1423 1017/1107/1017 1420/1552/1420 1422/1559/1422
f 1018/1108/1018 1017/1107/1017 1423/1558/1423 1020/1110/1020
f 1424/1560/1424 1425/1561/1425 1423/1558/1423 1422/1559/1422
f 1426/1562/1426 1020/1110/1020 1423/1558/1423 1425/1561/1425
f 1021/1111/1021 1020/1110/1020 1426/1562/1426 1023/1113/1023
f 1427/1563/1427 1428/1564/1428 1426/1562/1426 1425/1561/1425
f 1429/1565/1429 1023/1113/1023 1426/1562/1426 1428/1564/1428
f 1024/1114/1024 1023/1113/1023 1429/1565/1429 1026/1116/1026
f 1430/1566/1430 1431/1567/1431 1429/1565/1429 1428/1564/1428
f 1432/1568/1432 1026/1116/1026 1429/1565/1429 1431/1567/1431
f 1027/1117/1027 1026/1116/1026 1432/1568/1432 1029/1119/1029
f 1433/1569/1433 1434/1570/1434 1432/1568/1432 1431/1567/1431
f 1435/1571/1435 1029/1119/1029 1432/1568/1432 1434/1570/1434
f 1030/1120/1030 1029/1119/1029 1435/1571/1435 1032/1122/1032
f 1436/1572/1436 1437/1573/1437 1435/1571/1435 1434/1570/1434
f 1438/1574/1438 1032/1122/1032 1435/1571/1435 1437/1573/1437
f 1033/1123/1033 1032/1122/1032 1438/1574/1438 1035/1125/1035
f 1439/1575/1439 1440/1576/1440 1438/1574/1438 1437/1573/1437
f 1441/1577/1441 1035/1125/1035 1438/1574/1438 1440/1576/1440
f 1036/1126/1036 1035/1125/1035 1441/1577/1441 1038/1128/1038
f 1442/1578/1442 1443/1579/1443 1441/1577/1441 1440/1576/1440
f 1444/1580/1444 1038/1128/1038 1441/1577/1441 1443/1579/1443
f 1039/1129/1039 1038/1128/1038 1444/1580/1444 1041/1131/1041
f 1445/1581/1445 1446/1582/1446 1444/1580/1444 1443/1579/1443
f 1447/1583/1447 1041/1131/1041 1444/1580/1444 1446/1582/1446
f 1042/1132/1042 1041/1131/1041 1447/1583/1447 1044/1134/1044
f 1448/1584/1448 1449/1585/1449 1447/1583/1447 1446/1582/1446
f 1450/1586/1450 1044/1134/1044 1447/1583/1447 1449/1585/1449
f 1045/1135/1045 1044/1134/1044 1450/1586/1450 1047/1137/1047
f 1451/1587/1451 1452/1588/1452 1450/1586/1450 1449/1585/1449
f 1453/1589/1453 1047/1137/1047 1450/1586/1450 1452/1588/1452
f 1048/1138/1048 1047/1137/1047 1453/1589/1453 1050/1140/1050
f 1454/1590/1454 1455/1591/1455 1453/1589/1453 1452/1588/1452
f 1456/1592/1456 1050/1140/1050 1453/1589/1453 1455/1591/1455
f 1051/1141/1051 1050/1140/1050 1456/1592/1456 1053/1144/1053
f 1457/1593/1457 1458/1594/1458 1456/1592/1456 1455/1591/1455
f 1459/1595/1459 1053/1144/1053 1456/1592/1456 1458/1594/1458
f 1054/1145/1054 1053/1144/1053 1459/1595/1459 1056/1596/1056
f 1460/1597/1460 1461/1598/1461 1459/1595/1459 1458/1594/1458
f 1462/1599/1462 1056/1596/1056 1459/1595/1459 1461/1598/1461
f 1057/1149/1057 1056/1148/1056 1462/1600/1462 1059/1152/1059
f 1463/1601/1463 1464/1602/1464 1462/1600/1462 1461/1603/1461
f 1465/1604/1465 1059/1152/1059 1462/1600/1462 1464/1602/1464
f 1060/1153/1060 1059/1152/1059 1465/1604/1465 1062/1155/1062
f 1466/1605/1466 1467/1606/1467 1465/1604/1465 1464/1602/1464
f 1468/1607/1468 1062/1155/1062 1465/1604/1465 1467/1606/1467
f 1063/1156/1063 1062/1155/1062 1468/1607/1468 1065/1158/1065
f 1469/1608/1469 1470/1609/1470 1468/1607/1468 1467/1606/1467
f 1471/1610/1471 1065/1158/1065 1468/1607/1468 1470/1609/1470
f 1066/1159/1066 1065/1158/1065 1471/1610/1471 1068/1161/1068
f 1472/1611/1472 1473/1612/1473 1471/1610/1471 1470/1609/1470
f 1474/1613/1474 1068/1161/1068 1471/1610/1471 1473/1612/1473
f 1069/1162/1069 1068/1161/1068 1474/1613/1474 1071/1164/1071
f 1475/1614/1475 1476/1615/1476 1474/1613/1474 1473/1612/1473
f 1477/1616/1477 1071/1164/1071 1474/1613/1474 1476/1615/1476
f 1072/1165/1072 1071/1164/1071 1477/1616/1477 1074/1167/1074
f 1478/1617/1478 1479/1618/1479 1477/1619/1477 1476/1620/1476
f 1480/1621/1480 1074/1622/1074 1477/1619/1477 1479/1618/1479
f 1075/1173/1075 1074/1622/1074 1480/1621/1480 1077/1170/1077
f 1481/1623/1481 1482/1624/1482 1480/1621/1480 1479/1618/1479
f 1079/1174/1079 1077/1170/1077 1480/1621/1480 1482/1624/1482
f 1483/1625/1483 1484/1626/1484 1482/1624/1482 1481/1623/1481
f 1081/1176/1081 1079/1174/1079 1482/1624/1482 1484/1626/1484
f 1485/1627/1485 1486/1628/1486 1484/1626/1484 1483/1625/1483
f 1083/1178/1083 1081/1176/1081 1484/1626/1484 1486/1628/1486
f 1487/1629/1487 1488/1630/1488 1486/1628/1486 1485/1627/1485
f 1085/1180/1085 1083/1178/1083 1486/1628/1486 1488/1630/1488
f 304/324/304 1489/1631/1489 1488/1630/1488 1487/1629/1487
f 1490/1632/1490 1085/1180/1085 1488/1630/1488 1489/1631/1489
f 1086/1181/1086 1085/1180/1085 1490/1632/1490 1088/1183/1088
f 309/329/309 1491/1633/1491 1490/1632/1490 1489/1631/1489
f 1492/1634/1492 1088/1183/1088 1490/1632/1490 1491/1633/1491
f 1089/1184/1089 1088/1183/1088 1492/1634/1492 1091/1186/1091
f 314/334/314 1493/1635/1493 1492/1634/1492 1491/1633/1491
f 1494/1636/1494 1091/1186/1091 1492/1634/1492 1493/1635/1493
f 1092/1187/1092 1091/1186/1091 1494/1636/1494 1094/1189/1094
f 319/339/319 1495/1637/1495 1494/1636/1494 1493/1635/1493
f 1496/1638/1496 1094/1189/1094 1494/1636/1494 1495/1637/1495
f 1095/1190/1095 1094/1189/1094 1496/1638/1496 1097/1192/1097
f 324/344/324 1497/1639/1497 1496/1638/1496 1495/1637/1495
f 1498/1640/1498 1097/1192/1097 1496/1638/1496 1497/1639/1497
f 1098/1193/1098 1097/1192/1097 1498/1640/1498 1100/1195/1100
f 329/349/329 1499/1641/1499 1498/1640/1498 1497/1639/1497
f 1500/1642/1500 1100/1195/1100 1498/1640/1498 1499/1641/1499
f 1101/1196/1101 1100/1195/1100 1500/1642/1500 1103/1198/1103
f 334/354/334 1501/1643/1501 1500/1642/1500 1499/1641/1499
f 1502/1644/1502 1103/1198/1103 1500/1642/1500 1501/1643/1501
f 1104/1199/1104 1103/1198/1103 1502/1644/1502 1106/1201/1106
f 339/359/339 1503/1645/1503 1502/1644/1502 1501/1643/1501
f 1504/1646/1504 1106/1201/1106 1502/1644/1502 1503/1645/1503
f 1107/1202/1107 1106/1201/1106 1504/1646/1504 1109/1205/1109
f 344/364/344 1505/1647/1505 1504/1646/1504 1503/1645/1503
f 1506/1648/1506 1109/1205/1109 1504/1646/1504 1505/1647/1505
f 1110/1206/1110 1109/1205/1109 1506/1648/1506 1112/1209/1112
f 349/369/349 1507/1649/1507 1506/1648/1506 1505/1647/1505
f 1508/1650/1508 1112/1209/1112 1506/1648/1506 1507/1649/1507
f 1113/1210/1113 1112/1209/1112 1508/1650/1508 1115/1213/1115
f 354/374/354 1509/1651/1509 1508/1650/1508 1507/1649/1507
f 1510/1652/1510 1115/1213/1115 1508/1650/1508 1509/1651/1509
f 1116/1214/1116 1115/1213/1115 1510/1652/1510 1118/1218/1118
f 359/379/359 1511/1653/1511 1510/1652/1510 1509/1651/1509
f 1512/1654/1512 1118/1218/1118 1510/1652/1510 1511/1653/1511
f 1119/1219/1119 1118/1218/1118 1512/1654/1512 1121/1222/1121
f 364/384/364 1513/1655/1513 1512/1654/1512 1511/1653/1511
f 1514/1656/1514 1121/1222/1121 1512/1654/1512 1513/1655/1513
f 1122/1223/1122 1121/1222/1121 1514/1656/1514 1124/1657/1124
f 369/389/369 1515/1658/1515 1514/1656/1514 1513/1655/1513
f 1516/1659/1516 1124/1657/1124 1514/1656/1514 1515/1658/1515
f 1125/1227/1125 1124/1226/1124 1516/1660/1516 1127/1230/1127
f 374/394/374 1517/1661/1517 1516/1659/1516 1515/1658/1515
f 1518/1662/1518 1127/1230/1127 1516/1660/1516 1517/1663/1517
f 1128/1231/1128 1127/1230/1127 1518/1662/1518 1130/1233/1130
f 379/1664/379 1519/1665/1519 1518/1662/1518 1517/1663/1517
f 1520/1666/1520 1130/1233/1130 1518/1662/1518 1519/1665/1519
f 1131/1234/1131 1130/1233/1130 1520/1666/1520 1133/1236/1133
f 384/407/384 1521/1667/1521 1520/1666/1520 1519/1665/1519
f 1522/1668/1522 1133/1236/1133 1520/1666/1520 1521/1667/1521
f 1134/1237/1134 1133/1236/1133 1522/1668/1522 1136/1239/1136
f 389/412/389 1523/1669/1523 1522/1668/1522 1521/1667/1521
f 1524/1670/1524 1136/1239/1136 1522/1668/1522 1523/1669/1523
f 1137/1240/1137 1136/1239/1136 1524/1670/1524 1139/1242/1139
f 394/417/394 1525/1671/1525 1524/1670/1524 1523/1669/1523
f 1526/1672/1526 1139/1242/1139 1524/1670/1524 1525/1671/1525
f 1140/1243/1140 1139/1242/1139 1526/1672/1526 1142/1245/1142
f 399/422/399 1527/1673/1527 1526/1672/1526 1525/1671/1525
f 1528/1674/1528 1142/1245/1142 1526/1672/1526 1527/1673/1527
f 1143/1246/1143 1142/1245/1142 1528/1674/1528 1145/1248/1145
f 404/427/404 1529/1675/1529 1528/1674/1528 1527/1673/1527
f 1530/1676/1530 1145/1248/1145 1528/1674/1528 1529/1675/1529
f 1146/1249/1146 1145/1248/1145 1530/1676/1530 1148/1251/1148
f 409/1677/409 1531/1678/1531 1530/1676/1530 1529/1675/1529
f 1532/1679/1532 1148/1251/1148 1530/1676/1530 1531/1678/1531
f 1149/1252/1149 1148/1251/1148 1532/1679/1532 1151/1254/1151
f 414/440/414 1533/1680/1533 1532/1681/1532 1531/1682/1531
f 1534/1683/1534 1151/1684/1151 1532/1681/1532 1533/1680/1533
f 1152/1260/1152 1151/1684/1151 1534/1683/1534 1154/1257/1154
f 419/445/419 1535/1685/1535 1534/1683/1534 1533/1680/1533
f 1536/1686/1536 1154/1257/1154 1534/1683/1534 1535/1685/1535
f 1155/1258/1155 1154/1257/1154 1536/1686/1536 1157/1263/1157
f 424/450/424 1537/1687/1537 1536/1686/1536 1535/1685/1535
f 1538/1688/1538 1157/1263/1157 1536/1686/1536 1537/1687/1537
f 1158/1264/1158 1157/1263/1157 1538/1688/1538 1160/1266/1160
f 429/455/429 1539/1689/1539 1538/1688/1538 1537/1687/1537
f 1540/1690/1540 1160/1266/1160 1538/1688/1538 1539/1689/1539
f 1161/1267/1161 1160/1266/1160 1540/1690/1540 1163/1269/1163
f 434/460/434 1541/1691/1541 1540/1690/1540 1539/1689/1539
f 1542/1692/1542 1163/1269/1163 1540/1690/1540 1541/1691/1541
f 1164/1270/1164 1163/1269/1163 1542/1692/1542 1166/1272/1166
f 439/465/439 1543/1693/1543 1542/1692/1542 1541/1691/1541
f 1544/1694/1544 1166/1272/1166 1542/1692/1542 1543/1693/1543
f 1167/1273/1167 1166/1272/1166 1544/1694/1544 1169/1275/1169
f 444/470/444 1545/1695/1545 1544/1694/1544 1543/1693/1543
f 1546/1696/1546 1169/1275/1169 1544/1694/1544 1545/1695/1545
f 1170/1276/1170 1169/1275/1169 1546/1696/1546 1172/1279/1172
f 449/475/449 1547/1697/1547 1546/1696/1546 1545/1695/1545
f 1548/1698/1548 1172/1279/1172 1546/1696/1546 1547/1697/1547
f 1173/1280/1173 1172/1279/1172 1548/1698/1548 1175/1283/1175
f 454/480/454 1549/1699/1549 1548/1698/1548 1547/1697/1547
f 1550/1700/1550 1175/1283/1175 1548/1698/1548 1549/1699/1549
f 1176/1284/1176 1175/1283/1175 1550/1700/1550 1178/1701/1178
f 459/485/459 1551/1702/1551 1550/1700/1550 1549/1699/1549
f 1552/1703/1552 1178/1701/1178 1550/1700/1550 1551/1702/1551
f 1179/1289/1179 1178/1288/1178 1552/1704/1552 1181/1292/1181
f 464/490/464 1553/1705/1553 1552/1703/1552 1551/1702/1551
f 1554/1706/1554 1181/1292/1181 1552/1704/1552 1553/1707/1553
f 1182/1293/1182 1181/1292/1181 1554/1706/1554 1184/1295/1184
f 469/1708/469 1555/1709/1555 1554/1706/1554 1553/1707/1553
f 1556/1710/1556 1184/1295/1184 1554/1706/1554 1555/1709/1555
f 1185/1296/1185 1184/1295/1184 1556/1710/1556 1187/1298/1187
f 474/500/474 1557/1711/1557 1556/1710/1556 1555/1709/1555
f 1558/1712/1558 1187/1298/1187 1556/1710/1556 1557/1711/1557
f 1188/1299/1188 1187/1298/1187 1558/1712/1558 1190/1301/1190
f 479/508/479 1559/1713/1559 1558/1712/1558 1557/1711/1557
f 1560/1714/1560 1190/1301/1190 1558/1712/1558 1559/1713/1559
f 1191/1302/1191 1190/1301/1190 1560/1714/1560 1193/1304/1193
f 484/513/484 1561/1715/1561 1560/1714/1560 1559/1713/1559
f 1562/1716/1562 1193/1304/1193 1560/1714/1560 1561/1715/1561
f 1194/1305/1194 1193/1304/1193 1562/1716/1562 1196/1307/1196
f 489/518/489 1563/1717/1563 1562/1716/1562 1561/1715/1561
f 1564/1718/1564 1196/1307/1196 1562/1716/1562 1563/1717/1563
f 1197/1308/1197 1196/1307/1196 1564/1718/1564 1199/1310/1199
f 494/523/494 1565/1719/1565 1564/1718/1564 1563/1717/1563
f 1566/1720/1566 1199/1310/1199 1564/1718/1564 1565/1719/1565
f 1200/1311/1200 1199/1310/1199 1566/1720/1566 1202/1313/1202
f 499/528/499 1567/1721/1567 1566/1720/1566 1565/1719/1565
f 1568/1722/1568 1202/1313/1202 1566/1720/1566 1567/1721/1567
f 1203/1314/1203 1202/1313/1202 1568/1722/1568 1205/1316/1205
f 504/533/504 1569/1723/1569 1568/1722/1568 1567/1721/1567
f 1570/1724/1570 1205/1316/1205 1568/1722/1568 1569/1723/1569
f 1206/1317/1206 1205/1316/1205 1570/1724/1570 1208/1319/1208
f 509/538/509 1571/1725/1571 1570/1724/1570 1569/1723/1569
f 1572/1726/1572 1208/1319/1208 1570/1724/1570 1571/1725/1571
f 1209/1320/1209 1208/1319/1208 1572/1726/1572 1211/1322/1211
f 514/543/514 1573/1727/1573 1572/1726/1572 1571/1725/1571
f 1574/1728/1574 1211/1322/1211 1572/1726/1572 1573/1727/1573
f 1212/1323/1212 1211/1322/1211 1574/1728/1574 1214/1325/1214
f 519/548/519 1575/1729/1575 1574/1728/1574 1573/1727/1573
f 1576/1730/1576 1214/1325/1214 1574/1728/1574 1575/1729/1575
f 1215/1326/1215 1214/1325/1214 1576/1730/1576 1217/1731/1217
f 524/553/524 1577/1732/1577 1576/1730/1576 1575/1729/1575
f 1578/1733/1578 1217/1731/1217 1576/1730/1576 1577/1732/1577
f 1218/1330/1218 1217/1329/1217 1578/1734/1578 1220/1334/1220
f 529/558/529 1579/1735/1579 1578/1733/1578 1577/1732/1577
f 1580/1736/1580 1220/1334/1220 1578/1734/1578 1579/1737/1579
f 1221/1335/1221 1220/1334/1220 1580/1736/1580 1223/1337/1223
f 534/563/534 1581/1738/1581 1580/1736/1580 1579/1737/1579
f 1582/1739/1582 1223/1337/1223 1580/1736/1580 1581/1738/1581
f 1224/1338/1224 1223/1337/1223 1582/1739/1582 1226/1340/1226
f 539/571/539 1583/1740/1583 1582/1739/1582 1581/1738/1581
f 1584/1741/1584 1226/1340/1226 1582/1739/1582 1583/1740/1583
f 1227/1341/1227 1226/1340/1226 1584/1741/1584 1229/1343/1229
f 544/1742/544 1585/1743/1585 1584/1741/1584 1583/1740/1583
f 1586/1744/1586 1229/1343/1229 1584/1741/1584 1585/1743/1585
f 1230/1344/1230 1229/1343/1229 1586/1744/1586 1232/1346/1232
f 549/586/549 1587/1745/1587 1586/1746/1586 1585/1747/1585
f 1588/1748/1588 1232/1749/1232 1586/1746/1586 1587/1745/1587
f 1233/1352/1233 1232/1749/1232 1588/1748/1588 1235/1349/1235
f 554/591/554 1589/1750/1589 1588/1748/1588 1587/1745/1587
f 1590/1751/1590 1235/1349/1235 1588/1748/1588 1589/1750/1589
f 1236/1350/1236 1235/1349/1235 1590/1751/1590 1238/1355/1238
f 559/596/559 1591/1752/1591 1590/1751/1590 1589/1750/1589
f 1592/1753/1592 1238/1355/1238 1590/1751/1590 1591/1752/1591
f 1239/1356/1239 1238/1355/1238 1592/1753/1592 1241/1358/1241
f 564/601/564 1593/1754/1593 1592/1753/1592 1591/1752/1591
f 1594/1755/1594 1241/1358/1241 1592/1753/1592 1593/1754/1593
f 1242/1359/1242 1241/1358/1241 1594/1755/1594 1244/1361/1244
f 569/606/569 1595/1756/1595 1594/1755/1594 1593/1754/1593
f 1596/1757/1596 1244/1361/1244 1594/1755/1594 1595/1756/1595
f 1245/1362/1245 1244/1361/1244 1596/1757/1596 1247/1364/1247
f 574/611/574 1597/1758/1597 1596/1757/1596 1595/1756/1595
f 1598/1759/1598 1247/1364/1247 1596/1757/1596 1597/1758/1597
f 1248/1365/1248 1247/1364/1247 1598/1759/1598 1250/1367/1250
f 579/616/579 1599/1760/1599 1598/1759/1598 1597/1758/1597
f 1600/1761/1600 1250/1367/1250 1598/1759/1598 1599/1760/1599
f 1251/1368/1251 1250/1367/1250 1600/1761/1600 1253/1370/1253
f 584/621/584 1601/1762/1601 1600/1761/1600 1599/1760/1599
f 1602/1763/1602 1253/1370/1253 1600/1761/1600 1601/1762/1601
f 1254/1371/1254 1253/1370/1253 1602/1763/1602 1256/1373/1256
f 589/626/589 1603/1764/1603 1602/1763/1602 1601/1762/1601
f 1604/1765/1604 1256/1373/1256 1602/1763/1602 1603/1764/1603
f 1257/1374/1257 1256/1373/1256 1604/1765/1604 1259/1376/1259
f 594/631/594 1605/1766/1605 1604/1765/1604 1603/1764/1603
f 1606/1767/1606 1259/1376/1259 1604/1765/1604 1605/1766/1605
f 1260/1377/1260 1259/1376/1259 1606/1767/1606 1262/1380/1262
f 599/636/599 1607/1768/1607 1606/1767/1606 1605/1766/1605
f 1608/1769/1608 1262/1380/1262 1606/1767/1606 1607/1768/1607
f 1263/1381/1263 1262/1380/1262 1608/1769/1608 1265/1384/1265
f 604/641/604 1609/1770/1609 1608/1769/1608 1607/1768/1607
f 1610/1771/1610 1265/1384/1265 1608/1769/1608 1609/1770/1609
f 1266/1385/1266 1265/1384/1265 1610/1771/1610 1268/1772/1268
f 609/646/609 1611/1773/1611 1610/1771/1610 1609/1770/1609
f 1612/1774/1612 1268/1772/1268 1610/1771/1610 1611/1773/1611
f 1269/1389/1269 1268/1388/1268 1612/1775/1612 1271/1391/1271
f 614/651/614 1613/1776/1613 1612/1774/1612 1611/1773/1611
f 1614/1777/1614 1271/1391/1271 1612/1775/1612 1613/1778/1613
f 1272/1392/1272 1271/1391/1271 1614/1777/1614 1274/1394/1274
f 619/1779/619 1615/1780/1615 1614/1777/1614 1613/1778/1613
f 1616/1781/1616 1274/1394/1274 1614/1777/1614 1615/1780/1615
f 1275/1395/1275 1274/1394/1274 1616/1781/1616 1277/1397/1277
f 624/661/624 1617/1782/1617 1616/1781/1616 1615/1780/1615
f 1618/1783/1618 1277/1397/1277 1616/1781/1616 1617/1782/1617
f 1278/1398/1278 1277/1397/1277 1618/1783/1618 1280/1400/1280
f 629/669/629 1619/1784/1619 1618/1783/1618 1617/1782/1617
f 1620/1785/1620 1280/1400/1280 1618/1783/1618 1619/1784/1619
f 1281/1401/1281 1280/1400/1280 1620/1785/1620 1283/1403/1283
f 634/674/634 1621/1786/1621 1620/1785/1620 1619/1784/1619
f 1622/1787/1622 1283/1403/1283 1620/1785/1620 1621/1786/1621
f 1284/1404/1284 1283/1403/1283 1622/1787/1622 1286/1406/1286
f 639/679/639 1623/1788/1623 1622/1787/1622 1621/1786/1621
f 1624/1789/1624 1286/1406/1286 1622/1787/1622 1623/1788/1623
f 1287/1407/1287 1286/1406/1286 1624/1789/1624 1289/1409/1289
f 644/684/644 1625/1790/1625 1624/1789/1624 1623/1788/1623
f 1626/1791/1626 1289/1409/1289 1624/1789/1624 1625/1790/1625
f 1290/1410/1290 1289/1409/1289 1626/1791/1626 1292/1412/1292
f 649/689/649 1627/1792/1627 1626/1791/1626 1625/1790/1625
f 1628/1793/1628 1292/1412/1292 1626/1791/1626 1627/1792/1627
f 1293/1413/1293 1292/1412/1292 1628/1793/1628 1295/1415/1295
f 654/694/654 1629/1794/1629 1628/1793/1628 1627/1792/1627
f 1630/1795/1630 1295/1415/1295 1628/1793/1628 1629/1794/1629
f 1296/1416/1296 1295/1415/1295 1630/1795/1630 1298/1418/1298
f 659/699/659 1631/1796/1631 1630/1795/1630 1629/1794/1629
f 1632/1797/1632 1298/1418/1298 1630/1795/1630 1631/1796/1631
f 1299/1419/1299 1298/1418/1298 1632/1797/1632 1301/1421/1301
f 664/704/664 1633/1798/1633 1632/1797/1632 1631/1796/1631
f 1634/1799/1634 1301/1421/1301 1632/1797/1632 1633/1798/1633
f 1302/1422/1302 1301/1421/1301 1634/1799/1634 1304/1424/1304
f 669/709/669 1635/1800/1635 1634/1799/1634 1633/1798/1633
f 1636/1801/1636 1304/1424/1304 1634/1799/1634 1635/1800/1635
f 1305/1425/1305 1304/1424/1304 1636/1801/1636 1307/1427/1307
f 674/714/674 1637/1802/1637 1636/1801/1636 1635/1800/1635
f 1638/1803/1638 1307/1427/1307 1636/1801/1636 1637/1802/1637
f 1308/1428/1308 1307/1427/1307 1638/1803/1638 1310/1430/1310
f 2/1804/2 1/1805/1 1638/1803/1638 1637/1802/1637
f 1639/1806/1639 1310/1430/1310 1638/1803/1638 1/1805/1
f 1311/1431/1311 1310/1430/1310 1639/1806/1639 1313/1434/1313
f 4/4/4 1640/1807/1640 1639/1808/1639 1/1/1
f 1641/1809/1641 1313/1810/1313 1639/1808/1639 1640/1807/1640
f 1314/1811/1314 1313/1810/1313 1641/1809/1641 1316/1812/1316
f 1642/1813/1642 1643/1814/1643 1641/1809/1641 1640/1807/1640
f 1644/1815/1644 1316/1812/1316 1641/1809/1641 1643/1814/1643
f 1317/1439/1317 1316/1438/1316 1644/1816/1644 1319/1444/1319
f 1645/1817/1645 1646/1818/1646 1644/1815/1644 1643/1814/1643
f 1647/1819/1647 1319/1444/1319 1644/1816/1644 1646/1820/1646
f 1320/1445/1320 1319/1444/1319 1647/1819/1647 1322/1447/1322
f 1648/1821/1648 1649/1822/1649 1647/1819/1647 1646/1820/1646
f 1650/1823/1650 1322/1447/1322 1647/1819/1647 1649/1822/1649
f 1323/1448/1323 1322/1447/1322 1650/1823/1650 1325/1450/1325
f 1651/1824/1651 1652/1825/1652 1650/1823/1650 1649/1822/1649
f 1653/1826/1653 1325/1450/1325 1650/1823/1650 1652/1825/1652
f 1326/1451/1326 1325/1450/1325 1653/1826/1653 1328/1453/1328
f 1654/1827/1654 1655/1828/1655 1653/1826/1653 1652/1825/1652
f 1656/1829/1656 1328/1453/1328 1653/1826/1653 1655/1828/1655
f 1329/1454/1329 1328/1453/1328 1656/1829/1656 1331/1456/1331
f 1657/1830/1657 1658/1831/1658 1656/1829/1656 1655/1828/1655
f 1659/1832/1659 1331/1456/1331 1656/1829/1656 1658/1831/1658
f 1332/1457/1332 1331/1456/1331 1659/1832/1659 1334/1459/1334
f 1660/1833/1660 1661/1834/1661 1659/1832/1659 1658/1831/1658
f 1662/1835/1662 1334/1459/1334 1659/1832/1659 1661/1834/1661
f 1335/1460/1335 1334/1459/1334 1662/1835/1662 1337/1462/1337
f 1663/1836/1663 1664/1837/1664 1662/1835/1662 1661/1834/1661
f 1665/1838/1665 1337/1462/1337 1662/1835/1662 1664/1837/1664
f 1338/1463/1338 1337/1462/1337 1665/1838/1665 1340/1465/1340
f 1666/1839/1666 1667/1840/1667 1665/1838/1665 1664/1837/1664
f 1668/1841/1668 1340/1465/1340 1665/1838/1665 1667/1840/1667
f 1341/1466/1341 1340/1465/1340 1668/1841/1668 1343/1468/1343
f 1669/1842/1669 1670/1843/1670 1668/1841/1668 1667/1840/1667
f 1671/1844/1671 1343/1468/1343 1668/1841/1668 1670/1843/1670
f 1344/1469/1344 1343/1468/1343 1671/1844/1671 1346/1471/1346
f 1672/1845/1672 1673/1846/1673 1671/1844/1671 1670/1843/1670
f 1674/1847/1674 1346/1471/1346 1671/1844/1671 1673/1846/1673
f 1347/1472/1347 1346/1471/1346 1674/1847/1674 1349/1474/1349
f 1675/1848/1675 1676/1849/1676 1674/1847/1674 1673/1846/1673
f 1677/1850/1677 1349/1474/1349 1674/1847/1674 1676/1849/1676
f 1350/1475/1350 1349/1474/1349 1677/1850/1677 1352/1477/1352
f 1678/1851/1678 1679/1852/1679 1677/1850/1677 1676/1849/1676
f 1680/1853/1680 1352/1477/1352 1677/1850/1677 1679/1852/1679
f 1353/1478/1353 1352/1477/1352 1680/1853/1680 1355/1480/1355
f 1681/1854/1681 1682/1855/1682 1680/1853/1680 1679/1852/1679
f 1683/1856/1683 1355/1480/1355 1680/1853/1680 1682/1855/1682
f 1356/1481/1356 1355/1480/1355 1683/1856/1683 1358/1483/1358
f 1684/1857/1684 1685/1858/1685 1683/1856/1683 1682/1855/1682
f 1686/1859/1686 1358/1483/1358 1683/1856/1683 1685/1858/1685
f 1359/1484/1359 1358/1483/1358 1686/1859/1686 1361/1486/1361
f 1687/1860/1687 1688/1861/1688 1686/1859/1686 1685/1858/1685
f 1689/1862/1689 1361/1486/1361 1686/1859/1686 1688/1861/1688
f 1362/1487/1362 1361/1486/1361 1689/1862/1689 1364/1489/1364
f 1690/1863/1690 1691/1864/1691 1689/1862/1689 1688/1861/1688
f 1692/1865/1692 1364/1489/1364 1689/1862/1689 1691/1864/1691
f 1365/1490/1365 1364/1489/1364 1692/1865/1692 1367/1492/1367
f 1693/1866/1693 1694/1867/1694 1692/1865/1692 1691/1864/1691
f 1695/1868/1695 1367/1492/1367 1692/1865/1692 1694/1867/1694
f 1368/1493/1368 1367/1492/1367 1695/1868/1695 1370/1495/1370
f 1696/1869/1696 1697/1870/1697 1695/1868/1695 1694/1867/1694
f 1698/1871/1698 1370/1495/1370 1695/1868/1695 1697/1870/1697
f 1371/1496/1371 1370/1495/1370 1698/1871/1698 1373/1499/1373
f 1699/1872/1699 1700/1873/1700 1698/1871/1698 1697/1870/1697
f 1701/1874/1701 1373/1499/1373 1698/1871/1698 1700/1873/1700
f 1374/1500/1374 1373/1499/1373 1701/1874/1701 1376/1503/1376
f 1702/1875/1702 1703/1876/1703 1701/1874/1701 1700/1873/1700
f 1704/1877/1704 1376/1503/1376 1701/1874/1701 1703/1876/1703
f 1377/1504/1377 1376/1503/1376 1704/1877/1704 1379/1878/1379
f 1705/1879/1705 1706/1880/1706 1704/1877/1704 1703/1876/1703
f 1707/1881/1707 1379/1507/1379 1704/1882/1704 1706/1883/1706
f 1380/1508/1380 1379/1507/1379 1707/1881/1707 1382/1510/1382
f 1708/1884/1708 1709/1885/1709 1707/1881/1707 1706/1883/1706
f 1710/1886/1710 1382/1510/1382 1707/1881/1707 1709/1885/1709
f 1383/1511/1383 1382/1510/1382 1710/1886/1710 1385/1513/1385
f 1711/1887/1711 1712/1888/1712 1710/1886/1710 1709/1885/1709
f 1713/1889/1713 1385/1513/1385 1710/1886/1710 1712/1888/1712
f 1386/1514/1386 1385/1513/1385 1713/1889/1713 1388/1516/1388
f 1714/1890/1714 1715/1891/1715 1713/1889/1713 1712/1888/1712
f 1716/1892/1716 1388/1516/1388 1713/1889/1713 1715/1891/1715
f 1389/1517/1389 1388/1516/1388 1716/1892/1716 1391/1519/1391
f 1717/1893/1717 1718/1894/1718 1716/1892/1716 1715/1891/1715
f 1719/1895/1719 1391/1519/1391 1716/1892/1716 1718/1894/1718
f 1392/1520/1392 1391/1519/1391 1719/1895/1719 1394/1522/1394
f 1720/1896/1720 1721/1897/1721 1719/1898/1719 1718/1899/1718
f 1722/1900/1722 1394/1901/1394 1719/1898/1719 1721/1897/1721
f 1395/1528/1395 1394/1901/1394 1722/1900/1722 1397/1525/1397
f 1723/1902/1723 1724/1903/1724 1722/1900/1722 1721/1897/1721
f 1725/1904/1725 1397/1525/1397 1722/1900/1722 1724/1903/1724
f 1398/1526/1398 1397/1525/1397 1725/1904/1725 1400/1531/1400
f 1726/1905/1726 1727/1906/1727 1725/1904/1725 1724/1903/1724
f 1728/1907/1728 1400/1531/1400 1725/1904/1725 1727/1906/1727
f 1401/1532/1401 1400/1531/1400 1728/1907/1728 1403/1534/1403
f 1729/1908/1729 1730/1909/1730 1728/1907/1728 1727/1906/1727
f 1731/1910/1731 1403/1534/1403 1728/1907/1728 1730/1909/1730
f 1404/1535/1404 1403/1534/1403 1731/1910/1731 1406/1537/1406
f 1732/1911/1732 1733/1912/1733 1731/1910/1731 1730/1909/1730
f 1734/1913/1734 1406/1537/1406 1731/1910/1731 1733/1912/1733
f 1407/1538/1407 1406/1537/1406 1734/1913/1734 1409/1540/1409
f 1735/1914/1735 1736/1915/1736 1734/1913/1734 1733/1912/1733
f 1737/1916/1737 1409/1540/1409 1734/1913/1734 1736/1915/1736
f 1410/1541/1410 1409/1540/1409 1737/1916/1737 1412/1543/1412
f 1738/1917/1738 1739/1918/1739 1737/1916/1737 1736/1915/1736
f 1740/1919/1740 1412/1543/1412 1737/1916/1737 1739/1918/1739
f 1413/1544/1413 1412/1543/1412 1740/1919/1740 1415/1546/1415
f 1741/1920/1741 1742/1921/1742 1740/1919/1740 1739/1918/1739
f 1743/1922/1743 1415/1546/1415 1740/1919/1740 1742/1921/1742
f 1416/1547/1416 1415/1546/1415 1743/1922/1743 1418/1550/1418
f 1744/1923/1744 1745/1924/1745 1743/1922/1743 1742/1921/1742
f 1746/1925/1746 1418/1550/1418 1743/1922/1743 1745/1924/1745
f 1419/1551/1419 1418/1550/1418 1746/1925/1746 1421/1555/1421
f 1747/1926/1747 1748/1927/1748 1746/1925/1746 1745/1924/1745
f 1749/1928/1749 1421/1555/1421 1746/1925/1746 1748/1927/1748
f 1422/1556/1422 1421/1555/1421 1749/1928/1749 1424/1929/1424
f 1750/1930/1750 1751/1931/1751 1749/1928/1749 1748/1927/1748
f 1752/1932/1752 1424/1929/1424 1749/1928/1749 1751/1931/1751
f 1425/1561/1425 1424/1560/1424 1752/1933/1752 1427/1563/1427
f 1753/1934/1753 1754/1935/1754 1752/1932/1752 1751/1931/1751
f 1755/1936/1755 1427/1563/1427 1752/1933/1752 1754/1937/1754
f 1428/1564/1428 1427/1563/1427 1755/1936/1755 1430/1566/1430
f 1756/1938/1756 1757/1939/1757 1755/1936/1755 1754/1937/1754
f 1758/1940/1758 1430/1566/1430 1755/1936/1755 1757/1939/1757
f 1431/1567/1431 1430/1566/1430 1758/1940/1758 1433/1569/1433
f 1759/1941/1759 1760/1942/1760 1758/1940/1758 1757/1939/1757
f 1761/1943/1761 1433/1569/1433 1758/1940/1758 1760/1942/1760
f 1434/1570/1434 1433/1569/1433 1761/1943/1761 1436/1572/1436
f 1762/1944/1762 1763/1945/1763 1761/1943/1761 1760/1942/1760
f 1764/1946/1764 1436/1572/1436 1761/1943/1761 1763/1945/1763
f 1437/1573/1437 1436/1572/1436 1764/1946/1764 1439/1575/1439
f 1765/1947/1765 1766/1948/1766 1764/1946/1764 1763/1945/1763
f 1767/1949/1767 1439/1575/1439 1764/1946/1764 1766/1948/1766
f 1440/1576/1440 1439/1575/1439 1767/1949/1767 1442/1578/1442
f 1768/1950/1768 1769/1951/1769 1767/1949/1767 1766/1948/1766
f 1770/1952/1770 1442/1578/1442 1767/1949/1767 1769/1951/1769
f 1443/1579/1443 1442/1578/1442 1770/1952/1770 1445/1581/1445
f 1771/1953/1771 1772/1954/1772 1770/1952/1770 1769/1951/1769
f 1773/1955/1773 1445/1581/1445 1770/1952/1770 1772/1954/1772
f 1446/1582/1446 1445/1581/1445 1773/1955/1773 1448/1584/1448
f 1774/1956/1774 1775/1957/1775 1773/1955/1773 1772/1954/1772
f 1776/1958/1776 1448/1584/1448 1773/1955/1773 1775/1957/1775
f 1449/1585/1449 1448/1584/1448 1776/1958/1776 1451/1587/1451
f 1777/1959/1777 1778/1960/1778 1776/1958/1776 1775/1957/1775
f 1779/1961/1779 1451/1587/1451 1776/1958/1776 1778/1960/1778
f 1452/1588/1452 1451/1587/1451 1779/1961/1779 1454/1590/1454
f 1780/1962/1780 1781/1963/1781 1779/1961/1779 1778/1960/1778
f 1782/1964/1782 1454/1590/1454 1779/1961/1779 1781/1963/1781
f 1455/1591/1455 1454/1590/1454 1782/1964/1782 1457/1593/1457
f 1783/1965/1783 1784/1966/1784 1782/1964/1782 1781/1963/1781
f 1785/1967/1785 1457/1593/1457 1782/1964/1782 1784/1966/1784
f 1458/1594/1458 1457/1593/1457 1785/1967/1785 1460/1597/1460
f 1786/1968/1786 1787/1969/1787 1785/1967/1785 1784/1966/1784
f 1788/1970/1788 1460/1597/1460 1785/1967/1785 1787/1969/1787
f 1461/1598/1461 1460/1597/1460 1788/1970/1788 1463/1971/1463
f 1789/1972/1789 1790/1973/1790 1788/1970/1788 1787/1969/1787
f 1791/1974/1791 1463/1971/1463 1788/1970/1788 1790/1973/1790
f 1464/1602/1464 1463/1601/1463 1791/1975/1791 1466/1605/1466
f 1792/1976/1792 1793/1977/1793 1791/1974/1791 1790/1973/1790
f 1794/1978/1794 1466/1605/1466 1791/1975/1791 1793/1979/1793
f 1467/1606/1467 1466/1605/1466 1794/1978/1794 1469/1608/1469
f 1795/1980/1795 1796/1981/1796 1794/1978/1794 1793/1979/1793
f 1797/1982/1797 1469/1608/1469 1794/1978/1794 1796/1981/1796
f 1470/1609/1470 1469/1608/1469 1797/1982/1797 1472/1611/1472
f 1798/1983/1798 1799/1984/1799 1797/1982/1797 1796/1981/1796
f 1800/1985/1800 1472/1611/1472 1797/1982/1797 1799/1984/1799
f 1473/1612/1473 1472/1611/1472 1800/1985/1800 1475/1614/1475
f 1801/1986/1801 1802/1987/1802 1800/1988/1800 1799/1989/1799
f 1803/1990/1803 1475/1991/1475 1800/1988/1800 1802/1987/1802
f 1476/1620/1476 1475/1991/1475 1803/1990/1803 1478/1617/1478
f 1804/1992/1804 1805/1993/1805 1803/1990/1803 1802/1987/1802
f 1806/1994/1806 1478/1617/1478 1803/1990/1803 1805/1993/1805
f 1479/1618/1479 1478/1617/1478 1806/1994/1806 1481/1623/1481
f 1807/1995/1807 1808/1996/1808 1806/1994/1806 1805/1993/1805
f 1483/1625/1483 1481/1623/1481 1806/1994/1806 1808/1996/1808
f 294/314/294 1809/1997/1809 1808/1996/1808 1807/1995/1807
f 1485/1627/1485 1483/1625/1483 1808/1996/1808 1809/1997/1809
f 295/315/295 299/319/299 1809/1997/1809 294/314/294
f 1487/1629/1487 1485/1627/1485 1809/1997/1809 299/319/299
f 1804/1992/1804 289/309/289 1807/1995/1807 1805/1993/1805
f 290/310/290 294/314/294 1807/1995/1807 289/309/289
f 1801/1986/1801 284/304/284 1804/1992/1804 1802/1987/1802
f 285/305/285 289/309/289 1804/1992/1804 284/304/284
f 1798/1998/1798 279/296/279 1801/1986/1801 1799/1989/1799
f 280/299/280 284/304/284 1801/1986/1801 279/296/279
f 1795/1980/1795 274/1999/274 1798/1983/1798 1796/1981/1796
f 275/297/275 279/296/279 1798/1998/1798 274/2000/274
f 1792/1976/1792 269/283/269 1795/2001/1795 1793/1977/1793
f 270/284/270 274/2002/274 1795/2001/1795 269/283/269
f 1789/1972/1789 264/278/264 1792/1976/1792 1790/1973/1790
f 265/279/265 269/283/269 1792/1976/1792 264/278/264
f 1786/1968/1786 259/273/259 1789/1972/1789 1787/1969/1787
f 260/274/260 264/278/264 1789/1972/1789 259/273/259
f 1783/1965/1783 254/268/254 1786/1968/1786 1784/1966/1784
f 255/269/255 259/273/259 1786/1968/1786 254/268/254
f 1780/1962/1780 249/263/249 1783/1965/1783 1781/1963/1781
f 250/264/250 254/268/254 1783/1965/1783 249/263/249
f 1777/1959/1777 244/258/244 1780/1962/1780 1778/1960/1778
f 245/259/245 249/263/249 1780/1962/1780 244/258/244
f 1774/1956/1774 239/253/239 1777/1959/1777 1775/1957/1775
f 240/254/240 244/258/244 1777/1959/1777 239/253/239
f 1771/1953/1771 234/248/234 1774/1956/1774 1772/1954/1772
f 235/249/235 239/253/239 1774/1956/1774 234/248/234
f 1768/1950/1768 229/243/229 1771/1953/1771 1769/1951/1769
f 230/244/230 234/248/234 1771/1953/1771 229/243/229
f 1765/1947/1765 224/238/224 1768/1950/1768 1766/1948/1766
f 225/239/225 229/243/229 1768/1950/1768 224/238/224
f 1762/1944/1762 219/233/219 1765/1947/1765 1763/1945/1763
f 220/234/220 224/238/224 1765/1947/1765 219/233/219
f 1759/1941/1759 214/225/214 1762/1944/1762 1760/1942/1760
f 215/228/215 219/233/219 1762/1944/1762 214/225/214
f 1756/1938/1756 209/2003/209 1759/1941/1759 1757/1939/1757
f 210/226/210 214/225/214 1759/1941/1759 209/2003/209
f 1753/1934/1753 204/215/204 1756/2004/1756 1754/1935/1754
f 205/216/205 209/220/209 1756/2004/1756 204/215/204
f 1750/1930/1750 199/210/199 1753/1934/1753 1751/1931/1751
f 200/211/200 204/215/204 1753/1934/1753 199/210/199
f 1747/1926/1747 194/205/194 1750/1930/1750 1748/1927/1748
f 195/206/195 199/210/199 1750/1930/1750 194/205/194
f 1744/1923/1744 189/200/189 1747/1926/1747 1745/1924/1745
f 190/201/190 194/205/194 1747/1926/1747 189/200/189
f 1741/1920/1741 184/195/184 1744/1923/1744 1742/1921/1742
f 185/196/185 189/200/189 1744/1923/1744 184/195/184
f 1738/1917/1738 179/190/179 1741/1920/1741 1739/1918/1739
f 180/191/180 184/195/184 1741/1920/1741 179/190/179
f 1735/1914/1735 174/185/174 1738/1917/1738 1736/1915/1736
f 175/186/175 179/190/179 1738/1917/1738 174/185/174
f 1732/1911/1732 169/180/169 1735/1914/1735 1733/1912/1733
f 170/181/170 174/185/174 1735/1914/1735 169/180/169
f 1729/1908/1729 164/175/164 1732/1911/1732 1730/1909/1730
f 165/176/165 169/180/169 1732/1911/1732 164/175/164
f 1726/1905/1726 159/170/159 1729/1908/1729 1727/1906/1727
f 160/171/160 164/175/164 1729/1908/1729 159/170/159
f 1723/1902/1723 154/165/154 1726/1905/1726 1724/1903/1724
f 155/166/155 159/170/159 1726/1905/1726 154/165/154
f 1720/1896/1720 149/160/149 1723/1902/1723 1721/1897/1721
f 150/161/150 154/165/154 1723/1902/1723 149/160/149
f 1717/2005/1717 144/155/144 1720/1896/1720 1718/1899/1718
f 145/156/145 149/160/149 1720/1896/1720 144/155/144
f 1714/1890/1714 139/2006/139 1717/1893/1717 1715/1891/1715
f 140/150/140 144/155/144 1717/2005/1717 139/147/139
f 1711/1887/1711 134/2007/134 1714/1890/1714 1712/1888/1712
f 135/2008/135 139/2006/139 1714/1890/1714 134/2007/134
f 1708/2009/1708 129/134/129 1711/2010/1711 1709/2011/1709
f 130/135/130 134/139/134 1711/2010/1711 129/134/129
f 1705/1879/1705 124/129/124 1708/2009/1708 1706/1880/1706
f 125/130/125 129/134/129 1708/2009/1708 124/129/124
f 1702/1875/1702 119/124/119 1705/1879/1705 1703/1876/1703
f 120/125/120 124/129/124 1705/1879/1705 119/124/119
f 1699/1872/1699 114/119/114 1702/1875/1702 1700/1873/1700
f 115/120/115 119/124/119 1702/1875/1702 114/119/114
f 1696/1869/1696 109/114/109 1699/1872/1699 1697/1870/1697
f 110/115/110 114/119/114 1699/1872/1699 109/114/109
f 1693/1866/1693 104/109/104 1696/1869/1696 1694/1867/1694
f 105/110/105 109/114/109 1696/1869/1696 104/109/104
f 1690/1863/1690 99/104/99 1693/1866/1693 1691/1864/1691
f 100/105/100 104/109/104 1693/1866/1693 99/104/99
f 1687/1860/1687 94/99/94 1690/1863/1690 1688/1861/1688
f 95/100/95 99/104/99 1690/1863/1690 94/99/94
f 1684/1857/1684 89/94/89 1687/1860/1687 1685/1858/1685
f 90/95/90 94/99/94 1687/1860/1687 89/94/89
f 1681/1854/1681 84/89/84 1684/1857/1684 1682/1855/1682
f 85/90/85 89/94/89 1684/1857/1684 84/89/84
f 1678/1851/1678 79/84/79 1681/1854/1681 1679/1852/1679
f 80/85/80 84/89/84 1681/1854/1681 79/84/79
f 1675/1848/1675 74/79/74 1678/1851/1678 1676/1849/1676
f 75/80/75 79/84/79 1678/1851/1678 74/79/74
f 1672/1845/1672 69/74/69 1675/1848/1675 1673/1846/1673
f 70/75/70 74/79/74 1675/1848/1675 69/74/69
f 1669/1842/1669 64/69/64 1672/1845/1672 1670/1843/1670
f 65/70/65 69/74/69 1672/1845/1672 64/69/64
f 1666/1839/1666 59/64/59 1669/1842/1669 1667/1840/1667
f 60/65/60 64/69/64 1669/1842/1669 59/64/59
f 1663/1836/1663 54/59/54 1666/1839/1666 1664/1837/1664
f 55/60/55 59/64/59 1666/1839/1666 54/59/54
f 1660/1833/1660 49/54/49 1663/1836/1663 1661/1834/1661
f 50/55/50 54/59/54 1663/1836/1663 49/54/49
f 1657/1830/1657 44/49/44 1660/1833/1660 1658/1831/1658
f 45/50/45 49/54/49 1660/1833/1660 44/49/44
f 1654/1827/1654 39/42/39 1657/1830/1657 1655/1828/1655
f 40/43/40 44/49/44 1657/1830/1657 39/42/39
f 1651/1824/1651 34/34/34 1654/1827/1654 1652/1825/1652
f 35/37/35 39/42/39 1654/1827/1654 34/34/34
f 1648/1821/1648 29/2012/29 1651/1824/1651 1649/1822/1649
f 30/35/30 34/34/34 1651/1824/1651 29/2012/29
f 1645/1817/1645 24/24/24 1648/2013/1648 1646/1818/1646
f 25/25/25 29/29/29 1648/2013/1648 24/24/24
f 1642/1813/1642 19/19/19 1645/1817/1645 1643/1814/1643
f 20/20/20 24/24/24 1645/1817/1645 19/19/19
f 4/4/4 7/7/7 1642/1813/1642 1640/1807/1640
f 15/15/15 19/19/19 1642/1813/1642 7/7/7
f 5/715/5 2/1804/2 1637/1802/1637 674/714/674
f 670/710/670 674/714/674 1635/1800/1635 669/709/669
f 665/705/665 669/709/669 1633/1798/1633 664/704/664
f 660/700/660 664/704/664 1631/1796/1631 659/699/659
f 655/695/655 659/699/659 1629/1794/1629 654/694/654
f 650/690/650 654/694/654 1627/1792/1627 649/689/649
f 645/685/645 649/689/649 1625/1790/1625 644/684/644
f 640/680/640 644/684/644 1623/1788/1623 639/679/639
f 635/675/635 639/679/639 1621/1786/1621 634/674/634
f 630/670/630 634/674/634 1619/1784/1619 629/669/629
f 625/664/625 629/669/629 1617/1782/1617 624/661/624
f 620/662/620 624/661/624 1615/1780/1615 619/1779/619
f 615/652/615 619/656/619 1613/1776/1613 614/651/614
f 610/647/610 614/651/614 1611/1773/1611 609/646/609
f 605/642/605 609/646/609 1609/1770/1609 604/641/604
f 600/637/600 604/641/604 1607/1768/1607 599/636/599
f 595/632/595 599/636/599 1605/1766/1605 594/631/594
f 590/627/590 594/631/594 1603/1764/1603 589/626/589
f 585/622/585 589/626/589 1601/1762/1601 584/621/584
f 580/617/580 584/621/584 1599/1760/1599 579/616/579
f 575/612/575 579/616/579 1597/1758/1597 574/611/574
f 570/607/570 574/611/574 1595/1756/1595 569/606/569
f 565/602/565 569/606/569 1593/1754/1593 564/601/564
f 560/597/560 564/601/564 1591/1752/1591 559/596/559
f 555/592/555 559/596/559 1589/1750/1589 554/591/554
f 550/587/550 554/591/554 1587/1745/1587 549/586/549
f 545/582/545 549/586/549 1585/1747/1585 544/581/544
f 540/572/540 544/1742/544 1583/1740/1583 539/571/539
f 535/566/535 539/571/539 1581/1738/1581 534/563/534
f 530/564/530 534/563/534 1579/1737/1579 529/2014/529
f 525/554/525 529/558/529 1577/1732/1577 524/553/524
f 520/549/520 524/553/524 1575/1729/1575 519/548/519
f 515/544/515 519/548/519 1573/1727/1573 514/543/514
f 510/539/510 514/543/514 1571/1725/1571 509/538/509
f 505/534/505 509/538/509 1569/1723/1569 504/533/504
f 500/529/500 504/533/504 1567/1721/1567 499/528/499
f 495/524/495 499/528/499 1565/1719/1565 494/523/494
f 490/519/490 494/523/494 1563/1717/1563 489/518/489
f 485/514/485 489/518/489 1561/1715/1561 484/513/484
f 480/509/480 484/513/484 1559/1713/1559 479/508/479
f 475/503/475 479/508/479 1557/1711/1557 474/500/474
f 470/501/470 474/500/474 1555/1709/1555 469/1708/469
f 465/491/465 469/495/469 1553/1705/1553 464/490/464
f 460/486/460 464/490/464 1551/1702/1551 459/485/459
f 455/481/455 459/485/459 1549/1699/1549 454/480/454
f 450/476/450 454/480/454 1547/1697/1547 449/475/449
f 445/471/445 449/475/449 1545/1695/1545 444/470/444
f 440/466/440 444/470/444 1543/1693/1543 439/465/439
f 435/461/435 439/465/439 1541/1691/1541 434/460/434
f 430/456/430 434/460/434 1539/1689/1539 429/455/429
f 425/451/425 429/455/429 1537/1687/1537 424/450/424
f 420/446/420 424/450/424 1535/1685/1535 419/445/419
f 415/441/415 419/445/419 1533/1680/1533 414/440/414
f 410/436/410 414/440/414 1531/1682/1531 409/435/409
f 405/428/405 409/1677/409 1529/1675/1529 404/427/404
f 400/423/400 404/427/404 1527/1673/1527 399/422/399
f 395/418/395 399/422/399 1525/1671/1525 394/417/394
f 390/413/390 394/417/394 1523/1669/1523 389/412/389
f 385/408/385 389/412/389 1521/1667/1521 384/407/384
f 380/406/380 384/407/384 1519/1665/1519 379/1664/379
f 375/395/375 379/399/379 1517/1661/1517 374/394/374
f 370/390/370 374/394/374 1515/1658/1515 369/389/369
f 365/385/365 369/389/369 1513/1655/1513 364/384/364
f 360/380/360 364/384/364 1511/1653/1511 359/379/359
f 355/375/355 359/379/359 1509/1651/1509 354/374/354
f 350/370/350 354/374/354 1507/1649/1507 349/369/349
f 345/365/345 349/369/349 1505/1647/1505 344/364/344
f 340/360/340 344/364/344 1503/1645/1503 339/359/339
f 335/355/335 339/359/339 1501/1643/1501 334/354/334
f 330/350/330 334/354/334 1499/1641/1499 329/349/329
f 325/345/325 329/349/329 1497/1639/1497 324/344/324
f 320/340/320 324/344/324 1495/1637/1495 319/339/319
f 315/335/315 319/339/319 1493/1635/1493 314/334/314
f 310/330/310 314/334/314 1491/1633/1491 309/329/309
f 305/325/305 309/329/309 1489/1631/1489 304/324/304
f 300/320/300 304/324/304 1487/1629/1487 299/319/299
o root.1
v -0.150476 0.046859 0.921237
v -0.132322 0.037992 0.919313
v -0.157407 0.028129 0.911656
v -0.148219 0.057840 0.910747
v -0.168765 0.040263 0.897113
v -0.129887 0.051008 0.910347
v -0.140032 0.067336 0.884166
v -0.122817 0.052993 0.885072
v -0.160704 0.055355 0.879605
v -0.124492 0.074291 0.842602
v -0.120800 0.105789 0.781904
v -0.143723 0.072553 0.841910
v -0.109760 0.061993 0.839041
v -0.104919 0.043807 0.836361
v -0.112063 0.086738 0.772377
v -0.110649 0.065233 0.766326
v -0.118852 0.108267 0.709682
v -0.113202 0.084949 0.693424
v -0.114751 0.146633 0.667336
v -0.130534 0.124605 0.721160
v -0.125936 0.160257 0.677678
v -0.146533 0.133684 0.728435
v -0.141416 0.170048 0.684110
v -0.142268 0.110761 0.791214
v -0.161372 0.135293 0.729211
v -0.175811 0.129644 0.723521
v -0.159433 0.172119 0.683604
v -0.162207 0.105374 0.791603
v -0.180299 0.098980 0.785622
v -0.165272 0.066691 0.839128
v -0.174869 0.055597 0.873099
v -0.185154 0.062647 0.836759
v -0.197534 0.037615 0.887764
v -0.204221 0.061221 0.827975
v -0.215886 0.047930 0.869855
v -0.220019 0.056226 0.818743
v -0.196724 0.089607 0.773280
v -0.206198 0.073710 0.757635
v -0.185826 0.117147 0.712250
v -0.191555 0.099390 0.695914
v -0.184068 0.153121 0.664268
v -0.173975 0.165249 0.675821
v -0.190421 0.138675 0.650597
v -0.180839 0.201001 0.617259
v -0.187039 0.187958 0.603663
v -0.171101 0.211828 0.629743
v -0.180626 0.254357 0.571629
v -0.180066 0.314034 0.523410
v -0.168709 0.266108 0.585399
v -0.188013 0.239004 0.555177
v -0.189948 0.221326 0.538162
v -0.189753 0.297148 0.503302
v -0.191603 0.276126 0.480347
v -0.188330 0.361332 0.452574
v -0.190038 0.337704 0.423922
v -0.177430 0.426198 0.410681
v -0.176584 0.378773 0.475118
v -0.162686 0.442417 0.432202
v -0.160661 0.389988 0.490605
v -0.146132 0.450393 0.445508
v -0.140039 0.394896 0.498785
v -0.166078 0.326433 0.538733
v -0.147502 0.332964 0.547702
v -0.126134 0.331174 0.547708
v -0.151927 0.272702 0.593999
v -0.132825 0.272155 0.595133
v -0.156063 0.218398 0.638592
v -0.138121 0.217588 0.639816
v -0.123349 0.209653 0.632613
v -0.116504 0.264094 0.588060
v -0.113821 0.198561 0.621844
v -0.105501 0.251372 0.575997
v -0.109261 0.186292 0.610239
v -0.099480 0.235924 0.562065
v -0.110165 0.172105 0.597198
v -0.110460 0.134179 0.654412
v -0.113848 0.122806 0.637054
v -0.124486 0.115215 0.619323
v -0.108249 0.075594 0.650004
v -0.102398 0.039365 0.647457
v -0.115047 0.073850 0.622406
v -0.128582 0.070842 0.603864
v -0.111232 0.038465 0.613079
v -0.130067 0.039554 0.594551
v -0.122533 0.015618 0.611045
v -0.135978 0.007202 0.619084
v -0.140110 0.019533 0.596956
v -0.111479 0.015636 0.648637
v -0.132201 0.006014 0.649240
v -0.120284 0.026856 0.700214
v -0.129912 0.029297 0.761940
v -0.111906 0.049183 0.696279
v -0.136956 0.013353 0.696812
v -0.148795 0.020407 0.762688
v -0.158117 0.009701 0.691498
v -0.164861 0.015929 0.760610
v -0.179041 0.010984 0.686681
v -0.153897 0.006243 0.646412
v -0.149718 0.008897 0.612245
v -0.173668 0.009386 0.641162
v -0.190402 0.022603 0.636536
v -0.165529 0.013170 0.610381
v -0.178362 0.025240 0.608132
v -0.156676 0.024517 0.594289
v -0.168535 0.029595 0.596313
v -0.149335 0.041488 0.589810
v -0.167895 0.043159 0.592860
v -0.145006 0.068406 0.595851
v -0.161701 0.067724 0.598321
v -0.146195 0.104290 0.593606
v -0.145145 0.142046 0.565019
v -0.159521 0.103207 0.594756
v -0.135202 0.109378 0.604618
v -0.131464 0.149315 0.573729
v -0.119175 0.158797 0.584154
v -0.122533 0.189543 0.517282
v -0.108491 0.200482 0.529321
v -0.109660 0.238537 0.452417
v -0.139413 0.182054 0.508758
v -0.129897 0.232441 0.441591
v -0.159261 0.180739 0.506046
v -0.152586 0.231169 0.439140
v -0.161315 0.141608 0.563399
v -0.175675 0.190303 0.512734
v -0.185471 0.204351 0.523595
v -0.171858 0.239830 0.445986
v -0.174618 0.149601 0.569927
v -0.171232 0.107043 0.605592
v -0.185076 0.161324 0.579953
v -0.189228 0.173927 0.590451
v -0.182956 0.113374 0.619867
v -0.186014 0.068661 0.635838
v -0.191769 0.123849 0.634948
v -0.194631 0.076236 0.676792
v -0.208970 0.055788 0.749784
v -0.200412 0.043995 0.678848
v -0.210284 0.035575 0.747443
v -0.194802 0.044244 0.635558
v -0.195789 0.021555 0.682533
v -0.200884 0.017451 0.750139
v -0.213188 0.009462 0.814741
v -0.183448 0.013097 0.755588
v -0.193275 0.008847 0.823098
v -0.204095 0.017899 0.867707
v -0.172953 0.009942 0.828349
v -0.153790 0.011609 0.831406
v -0.185665 0.021849 0.869077
v -0.166041 0.024950 0.873428
v -0.148653 0.019124 0.878675
v -0.129537 0.021762 0.881550
v -0.131635 0.014514 0.831849
v -0.112057 0.024299 0.833398
v -0.115852 0.045210 0.761757
v -0.141808 0.024503 0.913535
v -0.121462 0.035144 0.884244
v -0.213160 0.021346 0.897437
v -0.221263 0.023125 0.867529
v -0.217171 0.036085 0.900753
v -0.223882 0.046322 0.859137
v -0.241740 0.023164 0.841452
v -0.239434 0.040559 0.840043
v -0.229900 0.023140 0.807835
v -0.229752 0.042836 0.810582
v -0.183581 0.044566 0.607740
v -0.175653 0.067309 0.613199
v -0.162398 0.299666 0.377415
v -0.184724 0.255479 0.460325
v -0.179286 0.313841 0.395816
v -0.177015 0.375401 0.349341
v -0.157422 0.352824 0.331772
v -0.160753 0.388428 0.323046
v -0.171837 0.445414 0.334837
v -0.185361 0.399793 0.382502
v -0.169281 0.470808 0.362041
v -0.162716 0.518458 0.352084
v -0.160339 0.488721 0.386180
v -0.145550 0.500361 0.404068
v -0.152939 0.531401 0.374807
v -0.147791 0.552047 0.365242
v -0.137857 0.540284 0.388198
v -0.134169 0.561031 0.368008
v -0.120363 0.544991 0.395263
v -0.101711 0.546220 0.398555
v -0.116199 0.565928 0.369994
v -0.130024 0.507279 0.416461
v -0.111487 0.509021 0.423413
v -0.093598 0.505367 0.424088
v -0.127243 0.452102 0.451697
v -0.107867 0.448687 0.450120
v -0.089114 0.441283 0.442032
v -0.117392 0.391667 0.497579
v -0.096718 0.382137 0.488887
v -0.078798 0.367304 0.474457
v -0.107802 0.322032 0.539837
v -0.093592 0.307868 0.527053
v -0.084532 0.288927 0.510140
v -0.082938 0.267148 0.489895
v -0.065229 0.346680 0.453778
v -0.055938 0.414910 0.405526
v -0.061033 0.325839 0.430562
v -0.047159 0.395398 0.377170
v -0.069151 0.311370 0.406777
v -0.054659 0.376368 0.356944
v -0.092845 0.248748 0.469115
v -0.088582 0.302133 0.388162
v -0.077045 0.354546 0.345841
v -0.114426 0.294293 0.375935
v -0.105720 0.343756 0.337409
v -0.140398 0.292221 0.371431
v -0.133023 0.344965 0.329570
v -0.128294 0.368374 0.323135
v -0.125013 0.369268 0.309692
v -0.105792 0.365561 0.328155
v -0.146845 0.378183 0.320524
v -0.143052 0.384071 0.305491
v -0.163208 0.418779 0.301912
v -0.152127 0.368324 0.273031
v -0.128301 0.349353 0.283945
v -0.157043 0.336334 0.221535
v -0.169336 0.398986 0.254955
v -0.172788 0.363188 0.201731
v -0.169884 0.433016 0.235632
v -0.173549 0.389240 0.174998
v -0.159430 0.457485 0.217796
v -0.167479 0.468710 0.286903
v -0.157852 0.496717 0.274086
v -0.166092 0.497417 0.324382
v -0.156460 0.526388 0.313806
v -0.140452 0.543733 0.306142
v -0.154445 0.546782 0.343686
v -0.137240 0.561121 0.339436
v -0.116928 0.568162 0.338285
v -0.095249 0.570958 0.337541
v -0.118540 0.551743 0.302082
v -0.094068 0.552683 0.300441
v -0.120611 0.525501 0.259169
v -0.121705 0.484465 0.197880
v -0.094898 0.525915 0.258152
v -0.142025 0.515490 0.264660
v -0.143205 0.474687 0.205017
v -0.142332 0.429497 0.137229
v -0.140197 0.380455 0.068589
v -0.161728 0.412254 0.152982
v -0.117079 0.439682 0.128958
v -0.110728 0.388561 0.061015
v -0.088995 0.440416 0.129537
v -0.096154 0.484364 0.197844
v -0.062848 0.432686 0.137505
v -0.078899 0.388458 0.060278
v -0.073098 0.341485 -0.006824
v -0.048015 0.379934 0.066961
v -0.026358 0.361872 0.079412
v -0.039436 0.329418 -0.000622
v -0.018283 0.313607 0.011033
v -0.039219 0.289922 -0.061187
v -0.034369 0.279810 -0.090348
v -0.021343 0.275076 -0.052483
v -0.075372 0.302908 -0.071452
v -0.087995 0.272837 -0.124799
v -0.109549 0.303993 -0.073370
v -0.107693 0.344533 -0.007984
v -0.114726 0.268584 -0.130599
v -0.140678 0.294224 -0.067178
v -0.164808 0.275809 -0.055650
v -0.138120 0.333741 0.000297
v -0.136859 0.259095 -0.129827
v -0.159854 0.241603 -0.125112
v -0.139060 0.243671 -0.192962
v -0.131433 0.247709 -0.228451
v -0.118359 0.253816 -0.188839
v -0.161280 0.226766 -0.189370
v -0.165977 0.197912 -0.182412
v -0.142852 0.230709 -0.240455
v -0.160021 0.204577 -0.246392
v -0.137737 0.251458 -0.264091
v -0.155964 0.220719 -0.271452
v -0.119433 0.266922 -0.239196
v -0.121887 0.256098 -0.290412
v -0.107129 0.271196 -0.280466
v -0.141456 0.232264 -0.302814
v -0.133745 0.271861 -0.327193
v -0.146223 0.252031 -0.342215
v -0.134359 0.306808 -0.403179
v -0.118777 0.287087 -0.320299
v -0.115188 0.327458 -0.401155
v -0.087428 0.299454 -0.332037
v -0.086499 0.336672 -0.403208
v -0.053937 0.305062 -0.342032
v -0.089109 0.281346 -0.273220
v -0.092830 0.269205 -0.226534
v -0.056693 0.281580 -0.271295
v -0.057379 0.267893 -0.216473
v -0.007911 0.277944 -0.270945
v -0.006564 0.265110 -0.199947
v -0.005112 0.308265 -0.350549
v 0.042603 0.280107 -0.271012
v 0.076018 0.281824 -0.268972
v 0.040414 0.266064 -0.201983
v 0.045256 0.308013 -0.346637
v 0.076570 0.304718 -0.339638
v 0.045764 0.343647 -0.423965
v 0.083320 0.344485 -0.414160
v 0.045129 0.368070 -0.477127
v -0.004480 0.337915 -0.430704
v -0.002966 0.362474 -0.463892
v -0.050012 0.339890 -0.416242
v -0.046877 0.365683 -0.470791
v -0.075459 0.369439 -0.511345
v -0.029512 0.368146 -0.495806
v -0.092442 0.366693 -0.457852
v -0.128516 0.352456 -0.449290
v -0.116668 0.368848 -0.502733
v -0.144383 0.348787 -0.482242
v -0.119432 0.370759 -0.548869
v -0.175532 0.372976 -0.516141
v -0.173502 0.386937 -0.543278
v -0.239248 0.406710 -0.506372
v -0.186995 0.357840 -0.497340
v -0.243751 0.395058 -0.487970
v -0.198907 0.338105 -0.483603
v -0.253767 0.381508 -0.472362
v -0.162655 0.326294 -0.476698
v -0.212903 0.318294 -0.473912
v -0.176876 0.298775 -0.473873
v -0.227384 0.303829 -0.469767
v -0.265453 0.368930 -0.464256
v -0.335174 0.420684 -0.479130
v -0.278179 0.357735 -0.465997
v -0.343980 0.404421 -0.482477
v -0.286232 0.349060 -0.479126
v -0.290344 0.342966 -0.497612
v -0.239501 0.297749 -0.482104
v -0.349161 0.389887 -0.490411
v -0.351304 0.376894 -0.502898
v -0.404989 0.419259 -0.523828
v -0.405824 0.403258 -0.533328
v -0.448133 0.438742 -0.561630
v -0.402003 0.436071 -0.515910
v -0.446636 0.456587 -0.554555
v -0.396160 0.453554 -0.510671
v -0.386976 0.469629 -0.511656
v -0.443358 0.474223 -0.550319
v -0.436910 0.490017 -0.550881
v -0.481424 0.485476 -0.586676
v -0.511444 0.490208 -0.618059
v -0.482653 0.468593 -0.589482
v -0.475422 0.501042 -0.589013
v -0.503024 0.504975 -0.623531
v -0.464301 0.508883 -0.596853
v -0.490069 0.509474 -0.630965
v -0.426527 0.499722 -0.558387
v -0.450267 0.512083 -0.605243
v -0.415430 0.504037 -0.568332
v -0.473948 0.513693 -0.637198
v -0.431534 0.511048 -0.611578
v -0.403910 0.498108 -0.617388
v -0.449845 0.517263 -0.641601
v -0.403752 0.501743 -0.580160
v -0.392681 0.488011 -0.590082
v -0.360596 0.486308 -0.546408
v -0.302542 0.456698 -0.524188
v -0.358195 0.477985 -0.562315
v -0.367853 0.486203 -0.531974
v -0.376856 0.480364 -0.520152
v -0.306166 0.453048 -0.506489
v -0.313306 0.446375 -0.492289
v -0.324398 0.434507 -0.481868
v -0.304402 0.453667 -0.542140
v -0.358878 0.464749 -0.574883
v -0.387458 0.473306 -0.596094
v -0.309987 0.443886 -0.556116
v -0.360877 0.450302 -0.583954
v -0.316971 0.430962 -0.565237
v -0.365236 0.434573 -0.590679
v -0.386704 0.460598 -0.601316
v -0.379204 0.470702 -0.624035
v -0.392069 0.447464 -0.608051
v -0.388587 0.456937 -0.631176
v -0.400753 0.436037 -0.613692
v -0.410682 0.424899 -0.616932
v -0.370967 0.419864 -0.593589
v -0.402947 0.446933 -0.639335
v -0.358710 0.435764 -0.655379
v -0.418500 0.440419 -0.644984
v -0.372974 0.427045 -0.667780
v -0.434087 0.435343 -0.633476
v -0.455500 0.425112 -0.632583
v -0.418147 0.413161 -0.613040
v -0.439930 0.432889 -0.678650
v -0.380272 0.424090 -0.678070
v -0.309572 0.418813 -0.702716
v -0.384800 0.429827 -0.701911
v -0.314712 0.426452 -0.719880
v -0.387381 0.443632 -0.716439
v -0.318646 0.441078 -0.731388
v -0.386501 0.463533 -0.718794
v -0.440945 0.445498 -0.699505
v -0.439620 0.464468 -0.705999
v -0.475668 0.446834 -0.685443
v -0.470195 0.436994 -0.663616
v -0.499110 0.446955 -0.674032
v -0.475416 0.464013 -0.695125
v -0.502518 0.463257 -0.683628
v -0.471960 0.483035 -0.694828
v -0.467100 0.500322 -0.685207
v -0.436237 0.484628 -0.702246
v -0.500700 0.480861 -0.684667
v -0.514495 0.478601 -0.670041
v -0.496060 0.499040 -0.680518
v -0.487158 0.508180 -0.662495
v -0.513000 0.493298 -0.669375
v -0.504872 0.505499 -0.657794
v -0.519852 0.491002 -0.652898
v -0.513281 0.502885 -0.649253
v -0.521213 0.477792 -0.651789
v -0.522163 0.464399 -0.650878
v -0.512320 0.474889 -0.619830
v -0.511599 0.460138 -0.623627
v -0.509177 0.446125 -0.631269
v -0.483021 0.451797 -0.595069
v -0.483351 0.436125 -0.603380
v -0.448131 0.422227 -0.570629
v -0.479774 0.424253 -0.613923
v -0.501982 0.437480 -0.642373
v -0.468848 0.422002 -0.624523
v -0.445930 0.408741 -0.581079
v -0.403328 0.390021 -0.544831
v -0.438557 0.404145 -0.592991
v -0.428927 0.406238 -0.604232
v -0.396605 0.385687 -0.557947
v -0.389008 0.387764 -0.570804
v -0.345460 0.366674 -0.535603
v -0.293150 0.339442 -0.540066
v -0.349290 0.368897 -0.519263
v -0.341963 0.369299 -0.552001
v -0.293290 0.343446 -0.557468
v -0.338856 0.376695 -0.563743
v -0.293534 0.350743 -0.571946
v -0.334173 0.387987 -0.571215
v -0.381983 0.394607 -0.583355
v -0.376701 0.406696 -0.592017
v -0.291974 0.363325 -0.583005
v -0.329803 0.402197 -0.573741
v -0.324650 0.416312 -0.571386
v -0.285194 0.376896 -0.585007
v -0.233500 0.355447 -0.625459
v -0.275531 0.387882 -0.579184
v -0.223438 0.370999 -0.617541
v -0.264842 0.399340 -0.570546
v -0.253932 0.409792 -0.560575
v -0.211015 0.378835 -0.603349
v -0.147062 0.367660 -0.637182
v -0.198476 0.385836 -0.589253
v -0.136231 0.374699 -0.616258
v -0.185270 0.390964 -0.569641
v -0.125962 0.376997 -0.586270
v -0.244580 0.415810 -0.546332
v -0.239142 0.414814 -0.526992
v -0.089987 0.371030 -0.588746
v -0.065383 0.374008 -0.587610
v -0.090523 0.369577 -0.550134
v -0.087838 0.370802 -0.619323
v -0.090179 0.363456 -0.642744
v -0.054825 0.382236 -0.615330
v -0.043698 0.398608 -0.613377
v -0.030635 0.379547 -0.641412
v 0.048026 0.374945 -0.639422
v -0.020844 0.400427 -0.635283
v -0.023897 0.353057 -0.665041
v 0.052819 0.350681 -0.664774
v -0.091811 0.347749 -0.665149
v -0.020455 0.326829 -0.680535
v -0.020197 0.298545 -0.683471
v -0.095399 0.326986 -0.676570
v 0.054944 0.325527 -0.679956
v 0.122797 0.327549 -0.673535
v 0.058318 0.297214 -0.682187
v 0.131163 0.301399 -0.671334
v 0.062687 0.270397 -0.671805
v -0.019937 0.270836 -0.673324
v 0.064357 0.244366 -0.651827
v 0.138248 0.272905 -0.653071
v 0.133659 0.243437 -0.624770
v 0.192226 0.288097 -0.622380
v 0.247983 0.320993 -0.589107
v 0.190075 0.314144 -0.646846
v 0.189912 0.257390 -0.578911
v 0.157204 0.205057 -0.547720
v 0.209202 0.254508 -0.533930
v 0.248623 0.307485 -0.562492
v 0.251804 0.302664 -0.533376
v 0.296167 0.344206 -0.545105
v 0.346893 0.368739 -0.540555
v 0.294758 0.343348 -0.523544
v 0.296796 0.349938 -0.563321
v 0.296296 0.361054 -0.577569
v 0.343496 0.373551 -0.557307
v 0.390816 0.392403 -0.575454
v 0.338509 0.383428 -0.568182
v 0.331866 0.398026 -0.572279
v 0.382604 0.403166 -0.585917
v 0.414908 0.419450 -0.616464
v 0.375439 0.418179 -0.591798
v 0.403479 0.431173 -0.616713
v 0.368328 0.434152 -0.590571
v 0.363635 0.449943 -0.584851
v 0.324795 0.412872 -0.570414
v 0.395908 0.446722 -0.614896
v 0.392853 0.463506 -0.611456
v 0.412845 0.455241 -0.632954
v 0.403462 0.456087 -0.649990
v 0.410768 0.470780 -0.631674
v 0.420850 0.442095 -0.636719
v 0.433024 0.432550 -0.639184
v 0.411922 0.441632 -0.655534
v 0.374812 0.432097 -0.668646
v 0.426159 0.429852 -0.665068
v 0.457896 0.432570 -0.666700
v 0.431919 0.429355 -0.696297
v 0.376418 0.421142 -0.683620
v 0.311876 0.418439 -0.693599
v 0.378588 0.421139 -0.707726
v 0.312695 0.417291 -0.715340
v 0.379630 0.431212 -0.727708
v 0.313354 0.426473 -0.734979
v 0.379182 0.448003 -0.742005
v 0.431072 0.439578 -0.717639
v 0.429547 0.455374 -0.730701
v 0.465465 0.446677 -0.712131
v 0.464889 0.461816 -0.722452
v 0.462902 0.437201 -0.691904
v 0.491338 0.451797 -0.706231
v 0.506936 0.458800 -0.696246
v 0.492005 0.467166 -0.712956
v 0.485604 0.442898 -0.689101
v 0.501703 0.447122 -0.684615
v 0.476988 0.436070 -0.665860
v 0.491740 0.438408 -0.660839
v 0.462543 0.423504 -0.637490
v 0.473733 0.426601 -0.629787
v 0.437401 0.406656 -0.602603
v 0.448241 0.426660 -0.641066
v 0.426516 0.410245 -0.611093
v 0.446680 0.411777 -0.592968
v 0.400409 0.387143 -0.562357
v 0.410225 0.389977 -0.549301
v 0.349924 0.371487 -0.521265
v 0.415072 0.400793 -0.537078
v 0.415596 0.415608 -0.526614
v 0.451393 0.425425 -0.583150
v 0.352398 0.376865 -0.504593
v 0.354166 0.386513 -0.487602
v 0.291728 0.348221 -0.500571
v 0.286837 0.356044 -0.479728
v 0.250312 0.304273 -0.504943
v 0.213797 0.257049 -0.504190
v 0.242260 0.307851 -0.481070
v 0.226950 0.313907 -0.466660
v 0.207370 0.262412 -0.482957
v 0.191849 0.280456 -0.473516
v 0.175309 0.237766 -0.471660
v 0.166153 0.217513 -0.444338
v 0.168027 0.268032 -0.461165
v 0.179256 0.222503 -0.492107
v 0.169525 0.186934 -0.463336
v 0.174833 0.213004 -0.518131
v 0.163308 0.162555 -0.488046
v 0.161843 0.116166 -0.434948
v 0.142533 0.144038 -0.512387
v 0.140177 0.090908 -0.449722
v 0.108114 0.125421 -0.534014
v 0.058475 0.112198 -0.546680
v 0.113971 0.195679 -0.587829
v 0.108623 0.070137 -0.460686
v 0.109106 0.026737 -0.378427
v 0.063388 0.055136 -0.467206
v 0.065599 0.012889 -0.378489
v 0.001241 0.050508 -0.469280
v -0.004036 0.109092 -0.549969
v -0.060498 0.055153 -0.468392
v 0.004623 0.008974 -0.377576
v -0.056164 0.012351 -0.380926
v 0.004527 0.003423 -0.273955
v 0.061858 0.003077 -0.279052
v -0.001519 0.009793 -0.176028
v -0.049102 0.003125 -0.282346
v -0.033333 0.003021 -0.183612
v -0.091925 0.004216 -0.290188
v -0.098974 0.024221 -0.382095
v -0.125516 0.014217 -0.294104
v -0.071120 0.002815 -0.194704
v -0.106327 0.007216 -0.199439
v -0.044568 0.030272 -0.102158
v -0.079874 0.028077 -0.104441
v -0.032560 0.097307 -0.031433
v -0.014712 0.046553 -0.114622
v -0.000440 0.049880 -0.114434
v -0.013287 0.114196 -0.050423
v 0.001884 0.117150 -0.045460
v -0.014238 0.187802 0.016662
v -0.014600 0.243500 0.069945
v -0.025385 0.169628 0.031214
v 0.004234 0.192219 0.034664
v 0.011035 0.233087 0.089405
v 0.028248 0.168021 0.046522
v -0.001167 0.254695 0.063228
v 0.000019 0.261127 0.075939
v -0.009929 0.290792 0.034303
v -0.011126 0.308780 0.111482
v -0.015316 0.290829 0.128040
v -0.014529 0.337958 0.091210
v -0.017676 0.369186 0.188428
v -0.023679 0.346564 0.206772
v -0.029622 0.419585 0.251552
v -0.023275 0.394168 0.167717
v -0.035220 0.441616 0.231914
v -0.039011 0.416440 0.151661
v -0.049014 0.460636 0.215760
v -0.047359 0.500771 0.266745
v -0.071852 0.476515 0.203544
v -0.068861 0.516523 0.260315
v -0.068296 0.546738 0.302227
v -0.046916 0.534189 0.308599
v -0.072533 0.566695 0.338608
v -0.077997 0.566179 0.372630
v -0.055581 0.555416 0.342825
v -0.061929 0.559030 0.370332
v -0.042138 0.539490 0.350862
v -0.037280 0.511992 0.366264
v -0.030283 0.515293 0.318909
v -0.050742 0.547399 0.369113
v -0.050173 0.527526 0.386571
v -0.064811 0.538211 0.397300
v -0.062445 0.486430 0.401899
v -0.076348 0.496941 0.417188
v -0.071524 0.429602 0.427237
v -0.051004 0.471030 0.378357
v -0.049036 0.441363 0.343069
v -0.062478 0.405646 0.335865
v -0.031282 0.485312 0.331687
v -0.043234 0.430211 0.308457
v -0.034957 0.458221 0.294057
v -0.033813 0.396078 0.270758
v -0.057996 0.399630 0.315566
v -0.047729 0.372374 0.285635
v -0.079505 0.375600 0.317758
v -0.082184 0.378411 0.332403
v -0.103179 0.365090 0.315021
v -0.070664 0.352050 0.292121
v -0.099606 0.342899 0.290681
v -0.065689 0.311873 0.233002
v -0.097834 0.307875 0.236323
v -0.039895 0.326585 0.222743
v -0.061827 0.259989 0.162334
v -0.098067 0.256413 0.166127
v -0.057998 0.207763 0.102470
v -0.032336 0.273586 0.148960
v -0.026857 0.224299 0.087875
v -0.057509 0.152231 0.043701
v -0.097246 0.203004 0.104216
v -0.098147 0.147809 0.041397
v -0.136277 0.211847 0.093606
v -0.138692 0.159236 0.026706
v -0.165759 0.232694 0.074669
v -0.134620 0.265081 0.160295
v -0.130282 0.317224 0.232497
v -0.162969 0.284615 0.146226
v -0.178802 0.310122 0.127131
v -0.179632 0.260057 0.053551
v -0.178119 0.338097 0.104778
v -0.178027 0.288902 0.032874
v -0.164087 0.362878 0.083965
v -0.162439 0.314728 0.014525
v -0.179988 0.247800 -0.039389
v -0.177160 0.213016 -0.114874
v -0.181142 0.217090 -0.020468
v -0.180608 0.177063 -0.096388
v -0.168212 0.185332 0.002727
v -0.170052 0.140811 -0.071503
v -0.170517 0.104046 -0.146213
v -0.143042 0.108161 -0.045491
v -0.104286 0.090193 -0.029181
v -0.151257 0.065702 -0.123891
v -0.159106 0.052416 -0.209963
v -0.119021 0.039265 -0.110904
v -0.137440 0.023007 -0.202906
v -0.149183 0.036188 -0.294897
v -0.163881 0.067441 -0.293480
v -0.153295 0.066818 -0.371590
v -0.166566 0.097807 -0.360146
v -0.129940 0.042258 -0.379465
v -0.155621 0.110262 -0.437313
v -0.133451 0.086914 -0.451700
v -0.161793 0.158386 -0.487819
v -0.165801 0.138072 -0.420194
v -0.165552 0.173816 -0.397775
v -0.168171 0.180003 -0.465627
v -0.165737 0.209334 -0.445800
v -0.177779 0.217167 -0.493829
v -0.173246 0.207520 -0.516441
v -0.208361 0.249461 -0.505904
v -0.174818 0.232199 -0.474305
v -0.167839 0.259963 -0.459930
v -0.202775 0.253872 -0.485157
v -0.189795 0.272024 -0.474239
v -0.159466 0.245916 -0.425504
v -0.160176 0.294091 -0.452748
v -0.149501 0.280642 -0.407942
v -0.149009 0.327243 -0.448012
v -0.159110 0.216096 -0.368308
v -0.164406 0.188030 -0.321438
v -0.170186 0.137827 -0.344965
v -0.169605 0.163766 -0.285833
v -0.172331 0.142638 -0.236326
v -0.170618 0.107669 -0.292874
v -0.170502 0.091570 -0.222887
v -0.177098 0.147349 -0.168713
v -0.205612 0.247809 -0.531301
v -0.246163 0.295394 -0.503071
v -0.247697 0.294085 -0.528780
v -0.242802 0.296585 -0.558145
v -0.292274 0.339274 -0.518638
v -0.239137 0.305605 -0.582138
v -0.192170 0.249728 -0.563284
v -0.158187 0.200698 -0.544484
v -0.168247 0.255955 -0.605135
v -0.129737 0.194474 -0.574670
v -0.099015 0.245869 -0.645842
v -0.173216 0.288649 -0.642306
v -0.239203 0.320998 -0.605219
v -0.104405 0.273519 -0.667281
v -0.170690 0.314137 -0.658273
v -0.238385 0.337622 -0.620358
v -0.100064 0.301077 -0.678455
v -0.164887 0.338004 -0.661185
v -0.156341 0.357568 -0.653410
v -0.076831 0.190257 -0.609012
v -0.018002 0.246127 -0.656375
v -0.011367 0.192536 -0.622217
v 0.058395 0.192865 -0.616009
v -0.065045 0.113264 -0.544831
v -0.112627 0.126667 -0.529794
v -0.104086 0.068701 -0.461976
v -0.141976 0.142004 -0.510543
v -0.064772 0.088250 -0.024294
v -0.034753 0.481379 0.278661
v -0.083233 0.544138 0.399812
v -0.097383 0.568129 0.371605
v -0.001600 0.281741 0.039889
v -0.012052 0.268123 -0.029166
v 0.001647 0.264174 -0.030724
v 0.008592 0.303522 0.020256
v -0.016433 0.264891 -0.089674
v -0.000392 0.280978 -0.090848
v -0.005421 0.283791 -0.107125
v 0.035765 0.280350 -0.074288
v 0.034275 0.278409 -0.111284
v 0.024600 0.318980 0.006084
v 0.059545 0.296418 -0.074849
v 0.068365 0.275898 -0.113879
v 0.087679 0.306616 -0.071578
v 0.051685 0.339255 -0.002529
v 0.082806 0.351767 -0.002964
v 0.056329 0.399741 0.088191
v 0.028891 0.381775 0.102151
v 0.084682 0.406910 0.080909
v 0.060524 0.451728 0.168867
v 0.086177 0.459144 0.160240
v 0.036529 0.437545 0.184337
v 0.056600 0.494381 0.238646
v 0.046943 0.529423 0.289094
v 0.081107 0.503647 0.231299
v 0.035478 0.478831 0.251219
v 0.024874 0.516299 0.301109
v 0.022381 0.459272 0.268673
v 0.014169 0.491276 0.321193
v 0.021791 0.432664 0.290353
v 0.019417 0.417226 0.206095
v 0.013055 0.396125 0.228724
v 0.011702 0.364747 0.122236
v 0.004580 0.347657 0.149796
v 0.000742 0.303164 0.080256
v 0.009456 0.331484 0.179943
v 0.024731 0.316975 0.204765
v 0.017515 0.376298 0.251667
v 0.003377 0.286762 0.115069
v 0.017517 0.273252 0.141012
v 0.042087 0.261904 0.159150
v 0.034781 0.216803 0.103807
v 0.073879 0.257410 0.168075
v 0.048281 0.306370 0.221868
v 0.053000 0.342706 0.281009
v 0.078406 0.303884 0.231768
v 0.080178 0.337716 0.285824
v 0.109660 0.312417 0.235895
v 0.138461 0.334735 0.236284
v 0.108458 0.264608 0.167674
v 0.106980 0.345244 0.286985
v 0.104697 0.365898 0.311761
v 0.131254 0.367450 0.285228
v 0.151833 0.406380 0.280849
v 0.123302 0.380985 0.308760
v 0.143355 0.365829 0.333267
v 0.146743 0.423857 0.312859
v 0.156769 0.429467 0.336619
v 0.157301 0.468753 0.308517
v 0.152233 0.501060 0.297297
v 0.160174 0.441643 0.265751
v 0.154275 0.487308 0.337690
v 0.148297 0.527412 0.329719
v 0.148248 0.502646 0.364501
v 0.136809 0.512793 0.385202
v 0.141305 0.545679 0.355711
v 0.156860 0.450023 0.371935
v 0.164861 0.385972 0.385206
v 0.144046 0.465746 0.397806
v 0.157373 0.403805 0.421580
v 0.127667 0.473517 0.416300
v 0.143321 0.415145 0.446800
v 0.111643 0.475555 0.428702
v 0.121330 0.520639 0.399981
v 0.119893 0.556095 0.377157
v 0.103641 0.524225 0.409772
v 0.100585 0.558710 0.384502
v 0.085004 0.524248 0.415213
v 0.066275 0.520212 0.416955
v 0.081288 0.558007 0.388128
v 0.094750 0.473626 0.435901
v 0.078300 0.466643 0.436027
v 0.107932 0.417981 0.474940
v 0.116095 0.358785 0.522545
v 0.087602 0.409237 0.477437
v 0.127501 0.419914 0.464503
v 0.134743 0.359744 0.508667
v 0.148811 0.354443 0.488064
v 0.136311 0.299773 0.555834
v 0.136664 0.243998 0.604860
v 0.119920 0.299884 0.570443
v 0.147978 0.294225 0.535614
v 0.155577 0.283963 0.511437
v 0.145708 0.238684 0.586380
v 0.150593 0.230590 0.565851
v 0.144784 0.186002 0.638464
v 0.148592 0.178966 0.621825
v 0.147753 0.141271 0.688849
v 0.136862 0.192060 0.653932
v 0.123172 0.194044 0.665431
v 0.139559 0.151032 0.701298
v 0.126252 0.154887 0.709944
v 0.138875 0.120826 0.746907
v 0.137868 0.089769 0.800754
v 0.125239 0.126156 0.753768
v 0.149367 0.111957 0.736012
v 0.156058 0.097280 0.718929
v 0.153686 0.084646 0.787353
v 0.163745 0.073668 0.770051
v 0.161567 0.061500 0.831774
v 0.168647 0.051532 0.863420
v 0.143584 0.061787 0.840708
v 0.177679 0.056276 0.820036
v 0.184668 0.048508 0.854605
v 0.185905 0.044039 0.811320
v 0.167335 0.058870 0.758339
v 0.186948 0.026952 0.806365
v 0.199690 0.036829 0.845813
v 0.198587 0.018552 0.844215
v 0.207465 0.031370 0.866187
v 0.202422 0.017020 0.866002
v 0.192408 0.039363 0.878208
v 0.194659 0.025786 0.880023
v 0.175887 0.047077 0.883482
v 0.151199 0.031398 0.886831
v 0.175028 0.033706 0.900344
v 0.160135 0.023614 0.891065
v 0.168217 0.023274 0.858405
v 0.158395 0.008965 0.811597
v 0.183147 0.012038 0.850920
v 0.155441 0.019906 0.862291
v 0.137524 0.018869 0.860781
v 0.142877 0.009207 0.813249
v 0.124199 0.011406 0.812311
v 0.136861 0.014093 0.746483
v 0.120143 0.017517 0.746386
v 0.153111 0.015071 0.745879
v 0.136859 0.011816 0.683820
v 0.154019 0.020850 0.680323
v 0.135731 0.011464 0.641736
v 0.116848 0.010325 0.687262
v 0.095637 0.011184 0.692459
v 0.116017 0.007523 0.648166
v 0.111461 0.008355 0.619503
v 0.093868 0.005763 0.652242
v 0.097427 0.006468 0.628547
v 0.071254 0.011948 0.652834
v 0.081679 0.008980 0.619528
v 0.077902 0.024853 0.696108
v 0.060432 0.035095 0.651150
v 0.064854 0.072699 0.651152
v 0.069488 0.051269 0.695302
v 0.068888 0.029066 0.616365
v 0.089527 0.029077 0.595375
v 0.068857 0.062505 0.619382
v 0.085215 0.056174 0.597372
v 0.081991 0.105314 0.620928
v 0.081557 0.150361 0.593944
v 0.075348 0.121094 0.638288
v 0.090908 0.092111 0.604141
v 0.093235 0.133944 0.587523
v 0.107210 0.081593 0.598403
v 0.106850 0.118929 0.584820
v 0.126334 0.073754 0.611181
v 0.111971 0.053458 0.591693
v 0.117288 0.032577 0.592541
v 0.135990 0.051354 0.605121
v 0.151972 0.045408 0.633740
v 0.137336 0.030673 0.606649
v 0.128382 0.015745 0.611495
v 0.148977 0.025844 0.636510
v 0.118156 0.020871 0.598284
v 0.100318 0.013489 0.602486
v 0.160483 0.039047 0.678795
v 0.145680 0.070000 0.633769
v 0.158781 0.067455 0.679093
v 0.137896 0.111868 0.615501
v 0.151275 0.115648 0.636249
v 0.137492 0.156863 0.569929
v 0.122032 0.112989 0.597791
v 0.122883 0.153938 0.552342
v 0.103347 0.159819 0.542002
v 0.117891 0.196870 0.485692
v 0.137130 0.199278 0.501554
v 0.106197 0.251877 0.414195
v 0.095022 0.205560 0.479050
v 0.079355 0.267636 0.408298
v 0.076012 0.222091 0.480000
v 0.055133 0.289514 0.409457
v 0.060269 0.240951 0.486066
v 0.086128 0.174596 0.541362
v 0.073377 0.192329 0.545114
v 0.064668 0.213109 0.553126
v 0.073463 0.168920 0.601745
v 0.065352 0.236894 0.563748
v 0.050831 0.264768 0.497274
v 0.031028 0.330131 0.433777
v 0.052700 0.291558 0.509790
v 0.062805 0.315213 0.519511
v 0.036007 0.354927 0.449970
v 0.050247 0.378018 0.464107
v 0.030642 0.426295 0.400413
v 0.022237 0.407016 0.378514
v 0.027005 0.477357 0.377196
v 0.045535 0.443164 0.418612
v 0.061256 0.456765 0.430277
v 0.035102 0.496106 0.398118
v 0.048673 0.509843 0.412270
v 0.028254 0.534274 0.376864
v 0.031541 0.548379 0.359188
v 0.017776 0.517885 0.355906
v 0.043110 0.546572 0.387573
v 0.062017 0.554143 0.389950
v 0.042648 0.560087 0.358564
v 0.043436 0.553593 0.328530
v 0.061243 0.570182 0.357353
v 0.082546 0.573168 0.354342
v 0.063938 0.562633 0.322086
v 0.071219 0.537135 0.282755
v 0.086838 0.565820 0.319335
v 0.095451 0.539722 0.280522
v 0.109687 0.562285 0.319916
v 0.131564 0.551243 0.322761
v 0.118657 0.536352 0.281676
v 0.103067 0.570207 0.351990
v 0.123072 0.563775 0.351074
v 0.138679 0.523340 0.287240
v 0.127730 0.502292 0.231210
v 0.134003 0.454061 0.160257
v 0.105380 0.507115 0.228662
v 0.144916 0.488311 0.239133
v 0.156502 0.467751 0.251382
v 0.151141 0.439170 0.170136
v 0.155048 0.381194 0.095964
v 0.162579 0.418611 0.185148
v 0.168417 0.359214 0.112547
v 0.166916 0.392829 0.204298
v 0.160127 0.363254 0.223814
v 0.173185 0.333424 0.130761
v 0.164097 0.306525 0.147219
v 0.175498 0.277236 0.057959
v 0.173721 0.302508 0.040299
v 0.178528 0.229153 -0.011540
v 0.165111 0.251035 0.076815
v 0.167430 0.199998 0.009652
v 0.140727 0.227255 0.095123
v 0.141397 0.172681 0.032183
v 0.140291 0.282408 0.160384
v 0.105771 0.211944 0.107457
v 0.103742 0.156804 0.047182
v 0.068464 0.208259 0.110417
v 0.063758 0.155309 0.051558
v 0.062655 0.093874 -0.016525
v 0.103945 0.098490 -0.019766
v 0.067308 0.032739 -0.094029
v 0.024976 0.102041 -0.023831
v 0.025948 0.037437 -0.098448
v 0.042071 0.003077 -0.179895
v 0.088239 0.004942 -0.183985
v 0.127417 0.016884 -0.186746
v 0.105911 0.005991 -0.283229
v 0.140117 0.021742 -0.285183
v 0.161597 0.050423 -0.284398
v 0.141156 0.047982 -0.374443
v 0.162939 0.075535 -0.365127
v 0.171539 0.111406 -0.352162
v 0.171896 0.154043 -0.338406
v 0.171683 0.089985 -0.282901
v 0.168496 0.147263 -0.415995
v 0.165885 0.182943 -0.393268
v 0.163423 0.224783 -0.367581
v 0.146631 0.260706 -0.343797
v 0.159682 0.198427 -0.319779
v 0.160073 0.254878 -0.426371
v 0.147805 0.292766 -0.412585
v 0.129278 0.318597 -0.411243
v 0.159528 0.305728 -0.458153
v 0.178157 0.309347 -0.477139
v 0.146767 0.339057 -0.460075
v 0.162736 0.338184 -0.485953
v 0.122659 0.360507 -0.464389
v 0.090388 0.372588 -0.473749
v 0.107442 0.340157 -0.404278
v 0.145415 0.359358 -0.500119
v 0.120463 0.370069 -0.530197
v 0.187082 0.374433 -0.508609
v 0.181425 0.388008 -0.534183
v 0.198587 0.354230 -0.489092
v 0.248113 0.406721 -0.497599
v 0.255657 0.393969 -0.480434
v 0.321955 0.445800 -0.502520
v 0.247287 0.415920 -0.517635
v 0.313699 0.452366 -0.518887
v 0.250661 0.417961 -0.539282
v 0.309753 0.452161 -0.536716
v 0.190396 0.393040 -0.564348
v 0.259459 0.412264 -0.557368
v 0.311895 0.442651 -0.553113
v 0.205187 0.388524 -0.585415
v 0.269914 0.402094 -0.569341
v 0.218876 0.380581 -0.598691
v 0.317928 0.428245 -0.564049
v 0.280437 0.389328 -0.578470
v 0.290661 0.375866 -0.582961
v 0.233657 0.372242 -0.611988
v 0.174355 0.359790 -0.649549
v 0.244667 0.355985 -0.616997
v 0.183953 0.339361 -0.654790
v 0.248605 0.337067 -0.608489
v 0.115108 0.348557 -0.664336
v 0.161643 0.369168 -0.633280
v 0.146923 0.376762 -0.613328
v 0.108311 0.363745 -0.642283
v 0.101434 0.370784 -0.616783
v 0.095327 0.370684 -0.583960
v 0.067556 0.375971 -0.614137
v 0.052284 0.391244 -0.611315
v 0.072766 0.372676 -0.583761
v 0.058321 0.386725 -0.582722
v 0.066172 0.368842 -0.542993
v 0.079924 0.368564 -0.536957
v 0.035664 0.368484 -0.499322
v 0.054890 0.383430 -0.547024
v 0.033720 0.382575 -0.511298
v 0.054782 0.403960 -0.546547
v 0.056691 0.406523 -0.582820
v 0.060142 0.426289 -0.542985
v 0.036057 0.402395 -0.513331
v 0.004716 0.401672 -0.500386
v 0.040440 0.424170 -0.508490
v 0.051713 0.444272 -0.493046
v 0.006591 0.424509 -0.493475
v 0.007990 0.440280 -0.472597
v -0.023482 0.425420 -0.500196
v -0.021679 0.402261 -0.506956
v -0.044761 0.425697 -0.519722
v -0.031740 0.443623 -0.481347
v -0.038594 0.458938 -0.464776
v -0.058570 0.447892 -0.505752
v -0.070165 0.466475 -0.490243
v -0.072331 0.450220 -0.538952
v -0.075449 0.457619 -0.582599
v -0.091184 0.472510 -0.526484
v -0.056101 0.428270 -0.549065
v -0.052346 0.407402 -0.552765
v -0.057803 0.437236 -0.592617
v -0.051954 0.412585 -0.585485
v -0.041147 0.434982 -0.624322
v -0.060905 0.457972 -0.625727
v -0.049788 0.453502 -0.644228
v -0.074376 0.468800 -0.614928
v -0.085929 0.450762 -0.652212
v -0.137928 0.430241 -0.679627
v -0.088456 0.465740 -0.644418
v -0.082791 0.439458 -0.666458
v -0.079710 0.432193 -0.682737
v -0.140707 0.418306 -0.690863
v -0.216730 0.420545 -0.692051
v -0.144251 0.411719 -0.706301
v -0.224095 0.414418 -0.704951
v -0.147534 0.410813 -0.722924
v -0.230919 0.414729 -0.720147
v -0.080310 0.430845 -0.699271
v -0.152354 0.417808 -0.740209
v -0.237241 0.423101 -0.734085
v -0.082811 0.436793 -0.711570
v -0.157568 0.433835 -0.749121
v -0.086846 0.447863 -0.718311
v -0.242253 0.437210 -0.741898
v -0.163332 0.450228 -0.746113
v -0.245563 0.454183 -0.739756
v -0.168598 0.462596 -0.736329
v -0.093149 0.459588 -0.718938
v -0.101010 0.468456 -0.714066
v -0.039945 0.484952 -0.689476
v 0.021258 0.525240 -0.676977
v -0.052612 0.493094 -0.683969
v -0.032491 0.471621 -0.692781
v 0.019940 0.487736 -0.685904
v -0.027823 0.458880 -0.689573
v -0.028581 0.452139 -0.678889
v 0.018028 0.469649 -0.683953
v 0.064199 0.464002 -0.691766
v 0.018092 0.459651 -0.673909
v 0.063066 0.450768 -0.682664
v 0.025182 0.448912 -0.654751
v 0.057125 0.444780 -0.630442
v 0.021463 0.431297 -0.641140
v 0.067342 0.442899 -0.666965
v -0.030073 0.451275 -0.659726
v -0.018273 0.433678 -0.640911
v -0.016519 0.416012 -0.636283
v 0.023805 0.413913 -0.636525
v -0.040283 0.415866 -0.616086
v 0.048838 0.409486 -0.611931
v 0.030965 0.396920 -0.635338
v 0.050457 0.427819 -0.618101
v 0.064197 0.431020 -0.585895
v 0.086389 0.453901 -0.572996
v 0.071898 0.450147 -0.612635
v 0.092015 0.450497 -0.633834
v 0.089678 0.463501 -0.602512
v 0.103697 0.479959 -0.598435
v 0.101115 0.464046 -0.625322
v 0.139783 0.449451 -0.653908
v 0.106592 0.486714 -0.627310
v 0.123511 0.524264 -0.606333
v 0.106812 0.502223 -0.643998
v 0.141264 0.465482 -0.660353
v 0.139914 0.479564 -0.668770
v 0.186096 0.461132 -0.672559
v 0.243087 0.465008 -0.663321
v 0.186517 0.474370 -0.681332
v 0.186161 0.445643 -0.674707
v 0.185214 0.435776 -0.682853
v 0.244098 0.445927 -0.667482
v 0.313128 0.445937 -0.658863
v 0.245030 0.433386 -0.681851
v 0.311870 0.426601 -0.672306
v 0.244237 0.424479 -0.698440
v 0.242650 0.421439 -0.718387
v 0.180429 0.428158 -0.693266
v 0.124591 0.425475 -0.668852
v 0.177416 0.428167 -0.706534
v 0.175410 0.435158 -0.720273
v 0.119453 0.430068 -0.683703
v 0.117017 0.440038 -0.697551
v 0.116534 0.454413 -0.708010
v 0.118960 0.470422 -0.710018
v 0.174784 0.448218 -0.729470
v 0.241747 0.442744 -0.744522
v 0.177348 0.463773 -0.729875
v 0.180598 0.476465 -0.722434
v 0.242401 0.461012 -0.741688
v 0.310466 0.462894 -0.744730
v 0.242796 0.478644 -0.731829
v 0.308523 0.482048 -0.735512
v 0.242947 0.491530 -0.716270
v 0.183729 0.483692 -0.709214
v 0.243705 0.489528 -0.694609
v 0.307336 0.494261 -0.717756
v 0.366377 0.503942 -0.717460
v 0.307566 0.493650 -0.694528
v 0.364442 0.502915 -0.693198
v 0.308645 0.486337 -0.671388
v 0.311572 0.468800 -0.655762
v 0.243564 0.479523 -0.676377
v 0.364037 0.491123 -0.666480
v 0.366765 0.471587 -0.656187
v 0.405896 0.494673 -0.652322
v 0.403162 0.472313 -0.647416
v 0.412243 0.486039 -0.630678
v 0.434246 0.514700 -0.654342
v 0.408994 0.515670 -0.685560
v 0.444735 0.521886 -0.683029
v 0.415377 0.513002 -0.711282
v 0.452088 0.514512 -0.705951
v 0.420909 0.496418 -0.725645
v 0.371149 0.490348 -0.734934
v 0.425423 0.475679 -0.730656
v 0.457623 0.498026 -0.720790
v 0.487179 0.496040 -0.715302
v 0.461701 0.479309 -0.723614
v 0.489792 0.481360 -0.714397
v 0.503770 0.484613 -0.700426
v 0.512573 0.490891 -0.676899
v 0.501286 0.496863 -0.703018
v 0.506131 0.472118 -0.698649
v 0.513240 0.476716 -0.677608
v 0.503347 0.476891 -0.644791
v 0.513336 0.463104 -0.679238
v 0.510204 0.451707 -0.676429
v 0.503029 0.461913 -0.648271
v 0.500881 0.446995 -0.653410
v 0.481074 0.454696 -0.614420
v 0.453632 0.439900 -0.574312
v 0.482401 0.471139 -0.608413
v 0.479279 0.439025 -0.621549
v 0.454097 0.456568 -0.565824
v 0.480852 0.488385 -0.604850
v 0.450479 0.473323 -0.560351
v 0.502276 0.493417 -0.641856
v 0.471160 0.502606 -0.605877
v 0.494695 0.508697 -0.642522
v 0.439790 0.485259 -0.563538
v 0.455698 0.508921 -0.611775
v 0.479492 0.516605 -0.647778
v 0.425362 0.490912 -0.572947
v 0.439132 0.510384 -0.619075
v 0.460327 0.520067 -0.651932
v 0.411664 0.493804 -0.583770
v 0.421009 0.504339 -0.627992
v 0.398546 0.492080 -0.595986
v 0.363501 0.475276 -0.561281
v 0.393537 0.479541 -0.606160
v 0.360701 0.463770 -0.575340
v 0.371353 0.476756 -0.546554
v 0.382290 0.470417 -0.533214
v 0.394399 0.461287 -0.521732
v 0.405692 0.448508 -0.515439
v 0.331582 0.434184 -0.490266
v 0.342023 0.419873 -0.482427
v 0.350527 0.403440 -0.480385
v 0.266232 0.380314 -0.467451
v 0.212343 0.332129 -0.475827
v 0.277904 0.367258 -0.465076
v 0.413428 0.431156 -0.519071
v 0.475115 0.519252 -0.681853
v 0.482057 0.511754 -0.705643
v 0.494160 0.515196 -0.679870
v 0.509691 0.506582 -0.678050
v 0.497741 0.507711 -0.702816
v 0.375577 0.469448 -0.740998
v 0.369655 0.450879 -0.658349
v 0.185804 0.482607 -0.694292
v 0.136904 0.489285 -0.681205
v 0.130943 0.491016 -0.694949
v 0.099533 0.507209 -0.657864
v 0.099194 0.545126 -0.648070
v 0.087263 0.507403 -0.673210
v 0.069271 0.542688 -0.664434
v 0.074908 0.497416 -0.686071
v 0.066908 0.481078 -0.693039
v 0.123906 0.483112 -0.705586
v 0.067757 0.595477 -0.655336
v 0.023682 0.594042 -0.667991
v 0.100516 0.591472 -0.634766
v 0.061423 0.647197 -0.634576
v 0.021091 0.648001 -0.649367
v 0.090824 0.641416 -0.609450
v 0.042009 0.684404 -0.593045
v 0.010137 0.685138 -0.610274
v 0.065741 0.672042 -0.569612
v 0.014939 0.680356 -0.553403
v -0.007376 0.662014 -0.527960
v -0.009453 0.685699 -0.576066
v 0.034195 0.664241 -0.533797
v 0.045155 0.645087 -0.523158
v 0.009973 0.642915 -0.514298
v 0.022532 0.625861 -0.505292
v -0.005662 0.621812 -0.502876
v 0.007521 0.597185 -0.492704
v -0.017655 0.602403 -0.502240
v -0.023195 0.638354 -0.514963
v -0.036166 0.615463 -0.506637
v -0.047747 0.650963 -0.534303
v -0.067696 0.621946 -0.527392
v -0.067346 0.651308 -0.552603
v -0.030487 0.673278 -0.548978
v -0.057452 0.668922 -0.574564
v -0.079487 0.634431 -0.603509
v -0.036854 0.679105 -0.601604
v -0.015945 0.677675 -0.621487
v -0.055524 0.641762 -0.630304
v -0.019584 0.645382 -0.648280
v -0.059911 0.592522 -0.649499
v -0.021688 0.593202 -0.665947
v -0.087387 0.586860 -0.627428
v -0.058311 0.540744 -0.661288
v -0.081733 0.538564 -0.646411
v -0.066466 0.496384 -0.673550
v -0.025328 0.536771 -0.672582
v -0.110326 0.471850 -0.705695
v -0.077278 0.495374 -0.661983
v -0.084982 0.491650 -0.650419
v -0.119206 0.470500 -0.694792
v -0.125863 0.465668 -0.683995
v -0.178268 0.471747 -0.707538
v -0.183378 0.468646 -0.691788
v -0.249732 0.485851 -0.698395
v -0.173535 0.470751 -0.723298
v -0.248196 0.482592 -0.716430
v -0.247444 0.469977 -0.731186
v -0.318112 0.493428 -0.707194
v -0.380022 0.500484 -0.697590
v -0.317061 0.498637 -0.686977
v -0.319460 0.478689 -0.721476
v -0.319815 0.460434 -0.730292
v -0.383653 0.483516 -0.711365
v -0.375344 0.509183 -0.676632
v -0.317091 0.494988 -0.664934
v -0.371510 0.506663 -0.652387
v -0.320217 0.483220 -0.644851
v -0.252062 0.482418 -0.679118
v -0.256337 0.471683 -0.662495
v -0.266267 0.454728 -0.656315
v -0.188783 0.458845 -0.678358
v -0.131417 0.457355 -0.678036
v -0.196504 0.443229 -0.675931
v -0.135012 0.444571 -0.675282
v -0.205668 0.430665 -0.681784
v -0.279880 0.439825 -0.661266
v -0.344470 0.448005 -0.643957
v -0.293081 0.428030 -0.672118
v -0.304187 0.420258 -0.686161
v -0.331488 0.464306 -0.637248
v -0.085728 0.486947 -0.640708
v -0.105423 0.523887 -0.610909
v -0.088169 0.484863 -0.606171
v -0.091074 0.478708 -0.571852
v -0.105888 0.518359 -0.584513
v -0.107924 0.563276 -0.559859
v -0.097920 0.513406 -0.554587
v -0.092563 0.550701 -0.534895
v -0.090358 0.503196 -0.513643
v -0.087297 0.534291 -0.499293
v -0.069478 0.492345 -0.480262
v -0.036157 0.482989 -0.458593
v -0.063815 0.520464 -0.470744
v -0.052902 0.544201 -0.465983
v -0.029755 0.508753 -0.453480
v -0.017875 0.536417 -0.449117
v 0.011942 0.498010 -0.442683
v 0.057194 0.507381 -0.463363
v 0.010028 0.475618 -0.445439
v 0.019871 0.525849 -0.447348
v 0.051628 0.532230 -0.459790
v 0.021596 0.547723 -0.448093
v 0.036028 0.559994 -0.475287
v 0.011163 0.557073 -0.453311
v 0.003899 0.545229 -0.432328
v -0.000654 0.556198 -0.450979
v -0.018880 0.556526 -0.468347
v -0.001894 0.563812 -0.466389
v 0.009723 0.566352 -0.467940
v -0.008179 0.576437 -0.487479
v -0.017959 0.574041 -0.503318
v -0.025077 0.584218 -0.510990
v -0.029947 0.566309 -0.493396
v -0.034062 0.568194 -0.505571
v -0.055415 0.565846 -0.483330
v -0.078155 0.559885 -0.485398
v -0.043362 0.557336 -0.471865
v -0.052409 0.572914 -0.510692
v -0.041805 0.594398 -0.518309
v -0.075367 0.581155 -0.518347
v -0.088432 0.600398 -0.541598
v -0.061903 0.600669 -0.526312
v -0.095841 0.613824 -0.557851
v -0.092296 0.624826 -0.578810
v -0.110587 0.572027 -0.582859
v -0.077641 0.633049 -0.543040
v -0.104276 0.579648 -0.604996
v -0.098242 0.531444 -0.629228
v 0.067561 0.569583 -0.493314
v 0.020031 0.587486 -0.495490
v 0.044736 0.566627 -0.499396
v 0.066853 0.577592 -0.517484
v 0.030207 0.584870 -0.508115
v 0.036579 0.602861 -0.506431
v 0.056267 0.594398 -0.522550
v 0.073159 0.603312 -0.526466
v 0.055736 0.614722 -0.513022
v 0.079504 0.621456 -0.526188
v 0.052461 0.631112 -0.514442
v 0.028999 0.613064 -0.500964
v 0.080798 0.635834 -0.533850
v 0.109715 0.616573 -0.556943
v 0.076891 0.652816 -0.548641
v 0.105872 0.630299 -0.580961
v 0.120838 0.582679 -0.608404
v 0.126859 0.571655 -0.582380
v 0.118907 0.537041 -0.628750
v 0.123337 0.559939 -0.558512
v 0.104430 0.603071 -0.540593
v 0.108462 0.545904 -0.537415
v 0.118945 0.513475 -0.583205
v 0.110673 0.505135 -0.553214
v 0.101800 0.493515 -0.507562
v 0.104515 0.473001 -0.564341
v 0.098544 0.463651 -0.517285
v 0.060959 0.460361 -0.477198
v 0.079100 0.447408 -0.530760
v 0.010131 0.451682 -0.450208
v 0.060907 0.482155 -0.469530
v 0.099305 0.525403 -0.497044
v 0.094599 0.555979 -0.488927
v 0.090556 0.582256 -0.521575
v -0.371653 0.492160 -0.628230
v -0.415442 0.515330 -0.644462
v -0.425125 0.513662 -0.669596
v -0.431524 0.502078 -0.689327
v -0.460408 0.511713 -0.666353
v 0.312429 0.442743 -0.747891
v 0.242074 0.428626 -0.734711
v 0.133982 0.432945 -0.653671
v 0.079687 0.442697 -0.648187
v -0.052705 0.392445 -0.584833
v -0.052684 0.385997 -0.554903
v -0.042156 0.382921 -0.526877
v -0.067235 0.369162 -0.553246
v -0.054166 0.368319 -0.520028
v -0.041085 0.403737 -0.525642
v -0.022680 0.381759 -0.506994
v 0.002092 0.381533 -0.500725
v -0.001228 0.365813 -0.485533
v 0.129894 0.377670 -0.580893
v 0.099837 0.295428 -0.333729
v 0.096993 0.275296 -0.272161
v 0.134607 0.278217 -0.337040
v 0.121589 0.253904 -0.270418
v 0.138632 0.233966 -0.297459
v 0.143092 0.237359 -0.252788
v 0.123721 0.252450 -0.216266
v 0.143477 0.231168 -0.227003
v 0.101445 0.267408 -0.212968
v 0.126577 0.254496 -0.174208
v 0.120710 0.273182 -0.118088
v 0.147328 0.243279 -0.172055
v 0.102910 0.260478 -0.169862
v 0.075902 0.266520 -0.157331
v 0.096348 0.277001 -0.117604
v 0.038518 0.262233 -0.146345
v 0.078489 0.268185 -0.212593
v -0.005776 0.262381 -0.142246
v -0.048767 0.264213 -0.147948
v -0.092201 0.262556 -0.174924
v 0.142854 0.262999 -0.115897
v 0.156460 0.221762 -0.172499
v 0.160976 0.209449 -0.237419
v 0.169874 0.194834 -0.166004
v 0.164137 0.244024 -0.109772
v 0.165045 0.279793 -0.043690
v 0.177152 0.218609 -0.098539
v 0.177297 0.257195 -0.029610
v 0.179233 0.186070 -0.080641
v 0.177557 0.152677 -0.152318
v 0.169435 0.151574 -0.058430
v 0.170249 0.107053 -0.129516
v 0.142554 0.118361 -0.034384
v 0.148071 0.068808 -0.108539
v 0.156648 0.045147 -0.192368
v 0.111093 0.042528 -0.097291
v 0.171421 0.086160 -0.204035
v 0.174571 0.139739 -0.217657
v 0.173162 0.139200 -0.283293
v 0.171243 0.180568 -0.229642
v 0.166853 0.182983 -0.284186
v 0.154676 0.219361 -0.269221
v 0.159179 0.324078 0.024048
v 0.143576 0.296721 -0.055946
v 0.117616 0.305620 -0.065600
v 0.137459 0.339586 0.010985
v 0.112198 0.350047 0.001509
v 0.136812 0.397729 0.083930
v 0.112297 0.407122 0.078239
v 0.111655 0.460687 0.156808
v 0.026956 0.539712 0.339062
v 0.067995 0.395993 0.473460
v 0.077504 0.334671 0.525916
v 0.095377 0.349914 0.527790
v 0.084867 0.276833 0.575474
v 0.100948 0.291698 0.576497
v 0.090056 0.223319 0.621642
v 0.073136 0.258402 0.571079
v 0.080137 0.207119 0.616883
v 0.081493 0.159425 0.661720
v 0.073853 0.189329 0.610678
v 0.074084 0.141712 0.654466
v 0.073286 0.094380 0.691761
v 0.075380 0.080567 0.740817
v 0.083042 0.122286 0.703504
v 0.082026 0.102331 0.746482
v 0.095012 0.138549 0.708453
v 0.109927 0.150043 0.712092
v 0.092728 0.175310 0.666562
v 0.093798 0.116725 0.752164
v 0.108946 0.126140 0.755083
v 0.081645 0.094517 0.813758
v 0.101998 0.097336 0.813681
v 0.091090 0.067746 0.854814
v 0.067383 0.080327 0.806885
v 0.076684 0.060903 0.857314
v 0.062509 0.060516 0.801942
v 0.071241 0.046127 0.858231
v 0.066004 0.038946 0.800978
v 0.077305 0.030200 0.857755
v 0.081501 0.021573 0.804281
v 0.076689 0.055055 0.740242
v 0.087758 0.034986 0.743475
v 0.104617 0.023442 0.745472
v 0.103321 0.014810 0.809780
v 0.114055 0.019753 0.858487
v 0.121751 0.027130 0.886407
v 0.093276 0.019987 0.857326
v 0.104278 0.019759 0.890235
v 0.112168 0.028476 0.915128
v 0.086304 0.027428 0.892784
v 0.082363 0.044419 0.894166
v 0.092571 0.028514 0.915915
v 0.094341 0.042730 0.924988
v 0.105606 0.051780 0.923779
v 0.088945 0.061295 0.894445
v 0.116883 0.058466 0.909745
v 0.126279 0.041293 0.900731
v 0.107557 0.069973 0.888851
v 0.120652 0.053881 0.882891
v 0.135760 0.056030 0.876451
v 0.107613 0.064570 0.851951
v 0.125440 0.062050 0.846841
v 0.120401 0.093800 0.807750
v 0.141453 0.052131 0.892462
v 0.151306 0.051637 0.869323
v 0.106586 0.187775 0.668944
v 0.104219 0.236935 0.623460
v 0.121658 0.244385 0.618376
v 0.026399 0.447184 0.344655
v 0.033557 0.418311 0.338685
v 0.023669 0.387102 0.361994
v 0.027649 0.411799 0.303154
v 0.044497 0.391250 0.333841
v 0.064254 0.368553 0.333088
v 0.041037 0.385259 0.308748
v 0.037322 0.360552 0.352672
v 0.063174 0.333802 0.351665
v 0.092383 0.313763 0.352207
v 0.123210 0.306076 0.362319
v 0.087300 0.356546 0.329736
v 0.083445 0.361457 0.314003
v 0.109573 0.354985 0.326370
v 0.060663 0.367602 0.313624
v 0.148029 0.308831 0.389600
v 0.131260 0.246992 0.432095
v 0.148990 0.254743 0.456416
v 0.156878 0.269263 0.484102
v 0.147845 0.207647 0.521720
v 0.151822 0.219397 0.543948
v 0.146464 0.163483 0.587808
v 0.149765 0.171320 0.604611
v 0.153685 0.119270 0.654592
v 0.158176 0.080872 0.700197
v 0.151934 0.129870 0.673546
v 0.161905 0.325349 0.426670
v 0.159297 0.342853 0.461322
v 0.031417 0.357121 0.269610
v 0.037098 0.311297 0.417221
v 0.168986 0.042801 0.750478
v 0.166514 0.026068 0.746031
v 0.176243 0.012521 0.806870
v 0.133866 0.545974 0.372965
v -0.488871 0.437407 -0.652935
v -0.514206 0.447780 -0.662363
v -0.520144 0.452274 -0.649527
v -0.516636 0.463725 -0.668812
v -0.399448 0.481056 -0.616124
v -0.099086 0.216861 0.545452
v 0.126279 0.041293 0.900731
v 0.138938 0.026864 0.912428
v 0.151199 0.031398 0.886831
vn 0.7023 0.5035 0.5032
vn -0.2126 0.7837 0.5837
vn -0.3146 0.2353 0.9196
vn 0.5734 -0.1276 0.8093
vn -0.5377 -0.5721 0.6194
vn 0.2097 -0.7844 0.5838
vn -0.7493 0.0449 0.6607
vn 0.0379 0.9569 0.2879
vn -0.3929 0.8665 0.3077
vn 0.8240 0.4511 0.3427
vn 0.9015 0.3728 0.2197
vn 0.4247 0.8293 0.3632
vn -0.1745 0.9016 0.3959
vn 0.9393 0.3373 0.0623
vn 0.6332 0.7251 0.2708
vn 0.0717 0.8838 0.4624
vn 0.9191 -0.2483 0.3060
vn 0.9876 -0.1170 0.1049
vn 0.9991 -0.0019 -0.0419
vn 0.9950 0.0704 0.0702
vn 0.9505 0.2708 0.1526
vn 0.7346 0.5985 0.3197
vn 0.9226 0.2396 0.3022
vn 0.9945 0.0528 0.0909
vn 0.7345 0.4600 0.4989
vn 0.2688 0.8372 0.4763
vn 0.3443 0.6707 0.6570
vn -0.2696 0.7194 0.6401
vn -0.2547 0.8310 0.4945
vn -0.2784 0.8242 0.4931
vn -0.7304 0.5303 0.4304
vn -0.6598 0.6624 0.3547
vn -0.4931 0.7693 0.4062
vn -0.3045 0.8617 0.4059
vn -0.2939 0.8523 0.4327
vn -0.2968 0.8764 0.3793
vn 0.2192 0.2511 0.9428
vn -0.4922 0.7785 0.3894
vn -0.4250 0.8565 0.2929
vn -0.7278 0.6570 0.1967
vn -0.6885 0.7236 0.0485
vn -0.7403 0.5959 0.3111
vn -0.8995 0.4343 -0.0474
vn -0.9731 0.2302 0.0073
vn -0.8865 0.4351 0.1577
vn -0.9165 0.3202 0.2398
vn -0.9822 0.1587 0.1002
vn -0.7319 0.4761 0.4875
vn -0.9088 0.2990 0.2909
vn -0.9793 0.1512 0.1342
vn -0.8993 0.2841 0.3324
vn -0.9794 0.1261 0.1578
vn -0.7072 0.4586 0.5381
vn -0.8824 0.3062 0.3573
vn -0.9791 0.1326 0.1541
vn -0.6684 0.4789 0.5692
vn -0.9974 -0.0636 -0.0347
vn -0.9959 -0.0585 -0.0693
vn -0.9957 -0.0635 -0.0679
vn -0.8486 0.3772 0.3709
vn -0.9690 0.1964 0.1499
vn -0.9949 -0.0218 -0.0985
vn -0.9393 0.2923 0.1795
vn -0.9920 0.0941 -0.0845
vn -0.7975 0.4361 0.4169
vn -0.6041 0.5373 0.5885
vn -0.5400 0.5394 0.6461
vn -0.1562 0.6316 0.7594
vn -0.1185 0.5572 0.8219
vn -0.2330 0.6114 0.7562
vn -0.2884 0.6080 0.7398
vn 0.3017 0.5739 0.7613
vn 0.2827 0.5826 0.7620
vn 0.3272 0.5683 0.7550
vn 0.2988 0.6145 0.7301
vn -0.3057 0.6434 0.7018
vn 0.7204 0.4174 0.5539
vn 0.6996 0.3935 0.5964
vn 0.9104 0.2208 0.3498
vn 0.8920 0.1910 0.4098
vn 0.9901 0.0141 0.1396
vn 0.9723 -0.0067 0.2335
vn 0.9650 -0.2408 -0.1035
vn 0.9640 -0.2658 0.0080
vn 0.9823 -0.0695 -0.1739
vn 0.9903 0.0996 -0.0970
vn 0.8829 -0.1412 -0.4477
vn 0.8366 -0.4520 -0.3096
vn 0.8756 0.1522 -0.4583
vn 0.9916 -0.1237 -0.0366
vn 0.8665 -0.0912 -0.4907
vn 0.9760 -0.1842 0.1166
vn 0.7511 -0.1900 -0.6323
vn 0.6356 0.1546 -0.7564
vn 0.4994 -0.0431 -0.8653
vn 0.5997 -0.6482 -0.4692
vn 0.2235 -0.5755 -0.7867
vn 0.7602 -0.6492 0.0254
vn 0.2655 -0.9628 0.0498
vn 0.1970 -0.9526 -0.2320
vn -0.0479 -0.9280 -0.3695
vn 0.7407 -0.6479 0.1779
vn 0.3312 -0.9298 0.1606
vn 0.5935 -0.8043 -0.0297
vn 0.2897 -0.9571 0.0016
vn 0.9118 -0.4059 -0.0622
vn -0.0692 -0.9976 -0.0033
vn 0.0372 -0.9954 0.0879
vn 0.1320 -0.9912 0.0069
vn -0.0765 -0.9965 -0.0351
vn -0.2745 -0.9616 -0.0002
vn -0.3804 -0.9180 -0.1121
vn -0.3512 -0.8349 -0.4238
vn -0.7805 -0.6174 -0.0986
vn -0.8160 -0.5310 -0.2285
vn -0.7022 -0.4848 -0.5214
vn -0.1560 -0.4945 -0.8551
vn -0.4787 -0.3642 -0.7989
vn 0.0463 0.0017 -0.9989
vn -0.4589 0.0595 -0.8865
vn -0.4364 0.1309 -0.8902
vn 0.1789 0.1133 -0.9773
vn 0.3481 -0.3167 -0.8823
vn -0.4116 -0.3400 -0.8456
vn -0.3081 -0.7039 -0.6400
vn 0.3787 -0.6909 -0.6158
vn 0.7051 -0.5574 -0.4383
vn 0.6381 -0.6681 -0.3828
vn 0.8260 -0.5177 -0.2229
vn 0.3339 -0.7835 -0.5241
vn 0.6007 -0.6739 -0.4302
vn 0.8205 -0.5271 -0.2212
vn 0.3138 -0.7558 -0.5747
vn -0.2448 -0.7820 -0.5731
vn -0.1915 -0.7475 -0.6361
vn -0.7307 -0.5417 -0.4154
vn -0.6907 -0.5275 -0.4946
vn -0.7406 -0.5047 -0.4437
vn -0.9209 -0.2728 -0.2785
vn -0.9289 -0.2911 -0.2288
vn -0.9091 -0.3060 -0.2825
vn -0.7849 -0.2586 -0.5631
vn -0.9101 -0.1952 -0.3657
vn -0.9923 -0.0382 -0.1182
vn -0.9374 0.1158 -0.3284
vn -0.8040 0.1616 -0.5722
vn -0.9833 0.1267 -0.1310
vn -0.9606 0.2131 -0.1785
vn -0.9533 -0.1997 -0.2266
vn -0.9883 -0.0365 -0.1481
vn -0.9610 0.0370 -0.2741
vn -0.5743 -0.8038 -0.1553
vn -0.8635 -0.4385 -0.2491
vn -0.3434 -0.9383 -0.0402
vn -0.0223 -0.9967 0.0784
vn 0.1111 -0.9875 0.1118
vn 0.1327 -0.8955 0.4249
vn -0.0276 -0.9479 0.3174
vn -0.7897 -0.5328 0.3041
vn -0.1886 -0.9218 0.3388
vn 0.0982 -0.9931 0.0648
vn -0.1545 -0.6491 0.7449
vn -0.1326 -0.9756 0.1748
vn 0.2962 -0.9549 -0.0198
vn 0.5183 -0.8230 0.2325
vn 0.7543 -0.6565 0.0066
vn -0.4786 0.3312 0.8132
vn -0.9000 0.4194 0.1187
vn -0.8907 -0.4271 0.1558
vn -0.9158 0.3436 -0.2081
vn -0.8292 0.0815 -0.5530
vn -0.6206 -0.5043 -0.6005
vn -0.1097 -0.6753 -0.7293
vn -0.9048 -0.2507 -0.3443
vn -0.9056 -0.1456 -0.3983
vn -0.5214 -0.3886 -0.7597
vn -0.7891 -0.2867 -0.5432
vn -0.5386 -0.5095 -0.6711
vn -0.9870 0.0334 -0.1575
vn -0.9814 -0.1771 -0.0738
vn -0.9827 0.1809 0.0398
vn -0.9031 0.3006 0.3066
vn -0.9819 0.1693 -0.0846
vn -0.9675 0.2375 0.0868
vn -0.8467 0.3524 0.3987
vn -0.5895 0.5239 0.6149
vn -0.7277 0.4148 0.5462
vn -0.7460 0.6005 0.2879
vn -0.8388 0.5415 -0.0563
vn -0.4739 0.8170 0.3287
vn -0.3290 0.6435 0.6912
vn -0.2332 0.9071 0.3503
vn -0.4619 0.5034 0.7303
vn -0.1108 0.5084 0.8540
vn -0.0778 0.6745 0.7342
vn -0.0200 0.9323 0.3612
vn 0.2481 0.4051 0.8800
vn 0.2105 0.6153 0.7597
vn 0.3154 0.4591 0.8305
vn 0.6288 0.3218 0.7079
vn 0.6450 0.4193 0.6388
vn 0.5821 0.2263 0.7810
vn 0.6697 0.4047 0.6226
vn 0.8305 0.2503 0.4977
vn 0.8211 0.2042 0.5329
vn 0.8602 0.2094 0.4650
vn 0.9547 -0.0005 0.2977
vn 0.9432 0.0521 0.3280
vn 0.9619 -0.2665 0.0617
vn 0.9748 -0.2124 0.0684
vn 0.9942 -0.0992 -0.0408
vn 0.9461 0.0903 0.3110
vn 0.8397 -0.4739 -0.2652
vn 0.8390 -0.3226 -0.4382
vn 0.5689 -0.4735 -0.6724
vn 0.5935 -0.6176 -0.5161
vn 0.3209 -0.6776 -0.6618
vn 0.3169 -0.5111 -0.7990
vn -0.0206 -0.4847 -0.8745
vn -0.1627 -0.7121 -0.6830
vn 0.2793 -0.7807 -0.5590
vn -0.7709 -0.6370 -0.0057
vn -0.4478 -0.8649 0.2266
vn 0.0544 -0.9106 0.4096
vn -0.9672 -0.1702 0.1886
vn -0.7859 -0.4814 0.3882
vn -0.4856 -0.7016 0.5215
vn -0.7927 -0.4782 0.3781
vn -0.4793 -0.7165 0.5069
vn -0.9732 -0.1516 0.1728
vn -0.9883 0.1459 -0.0447
vn -0.9824 0.1745 -0.0671
vn -0.9880 0.1265 -0.0886
vn -0.8783 0.4053 -0.2534
vn -0.8569 0.4330 -0.2797
vn -0.8845 0.3936 -0.2502
vn -0.8730 0.4271 -0.2353
vn -0.5801 0.7133 -0.3934
vn -0.6362 0.6473 -0.4199
vn -0.5005 0.8493 -0.1681
vn -0.2201 0.9592 -0.1773
vn -0.2322 0.8562 -0.4615
vn 0.0357 0.9808 -0.1918
vn 0.0879 0.8671 -0.4903
vn -0.2495 0.8135 -0.5253
vn 0.1397 0.8219 -0.5523
vn -0.2565 0.8035 -0.5372
vn -0.6478 0.6334 -0.4232
vn 0.1726 0.8226 -0.5418
vn -0.2280 0.7931 -0.5648
vn -0.6094 0.6463 -0.4593
vn -0.1905 0.7987 -0.5708
vn -0.5644 0.6694 -0.4830
vn -0.8306 0.4575 -0.3175
vn 0.1915 0.8085 -0.5565
vn 0.1798 0.8183 -0.5460
vn 0.5232 0.7336 -0.4337
vn 0.5060 0.7221 -0.4717
vn 0.5357 0.7167 -0.4465
vn 0.2245 0.8186 -0.5287
vn -0.1599 0.8334 -0.5291
vn 0.5484 0.7050 -0.4497
vn 0.8450 0.4598 -0.2730
vn 0.8202 0.5073 -0.2643
vn 0.7834 0.5580 -0.2736
vn 0.6647 0.7218 -0.1930
vn 0.5185 0.7676 -0.3767
vn 0.2000 0.8458 -0.4946
vn 0.2811 0.9429 -0.1784
vn 0.0361 0.9339 -0.3557
vn -0.0788 0.9292 0.3611
vn -0.2391 0.9055 -0.3505
vn -0.1601 0.8484 -0.5045
vn -0.5434 0.7113 -0.4458
vn -0.5247 0.7382 -0.4239
vn -0.5145 0.7991 -0.3111
vn -0.7954 0.5301 -0.2938
vn -0.8013 0.5487 -0.2384
vn -0.8131 0.4962 -0.3045
vn -0.8305 0.5340 -0.1583
vn -0.6109 0.7849 -0.1036
vn -0.4001 0.9164 -0.0132
vn -0.5385 0.8360 0.1056
vn -0.7356 0.6744 0.0639
vn -0.8495 0.5256 0.0460
vn -0.9630 0.2385 -0.1255
vn -0.9666 0.2132 -0.1422
vn -0.9541 0.2993 -0.0092
vn -0.7637 0.6450 -0.0275
vn -0.9021 0.4316 -0.0025
vn -0.7790 0.6144 0.1255
vn -0.8953 0.4414 0.0600
vn -0.5149 0.8371 0.1848
vn -0.5676 0.7281 0.3844
vn -0.8091 0.4855 0.3311
vn -0.9102 0.3501 0.2213
vn -0.9225 0.2940 0.2502
vn -0.7941 0.5004 0.3449
vn -0.4578 0.7663 0.4507
vn -0.0715 0.8837 0.4625
vn -0.1432 0.9115 0.3856
vn -0.1891 0.9496 0.2500
vn 0.0281 0.9263 0.3756
vn 0.0865 0.8937 0.4403
vn -0.0038 0.9618 0.2736
vn -0.1737 0.9697 0.1718
vn -0.0051 0.9887 0.1496
vn 0.0010 0.9627 0.2706
vn 0.0090 0.9932 0.1163
vn -0.0011 0.9304 0.3665
vn -0.0351 0.9921 0.1207
vn -0.0270 0.9618 0.2724
vn -0.0563 0.9236 0.3791
vn 0.0602 0.9118 0.4063
vn 0.1063 0.9611 0.2551
vn 0.0641 0.9883 0.1383
vn 0.0052 0.9000 0.4360
vn -0.0916 0.8983 0.4298
vn 0.0054 0.8942 0.4476
vn 0.0426 0.9786 0.2015
vn -0.0705 0.9726 0.2217
vn 0.0021 0.9396 0.3422
vn 0.0599 0.9642 0.2582
vn -0.0996 0.9492 0.2985
vn 0.0194 0.9992 0.0340
vn -0.0645 0.9764 0.2063
vn -0.2786 0.9350 0.2197
vn -0.1496 0.9224 0.3560
vn -0.0109 0.9257 0.3782
vn -0.4938 0.7852 0.3737
vn -0.3651 0.7775 0.5121
vn 0.0291 0.9984 0.0494
vn 0.1371 0.9855 0.0999
vn 0.2423 0.8413 0.4833
vn 0.1920 0.6018 0.7752
vn 0.3160 0.9350 0.1611
vn 0.4896 0.8601 0.1432
vn 0.4871 0.7271 0.4837
vn 0.4285 0.5605 0.7087
vn 0.3074 0.3709 0.8763
vn 0.1804 0.3442 0.9214
vn -0.4546 0.4730 0.7547
vn 0.0925 0.1354 0.9865
vn 0.1410 0.1138 0.9835
vn -0.3743 0.1982 0.9059
vn -0.1819 -0.2549 0.9497
vn -0.4192 -0.1432 0.8965
vn -0.2796 -0.2392 0.9298
vn -0.4476 -0.1662 0.8786
vn -0.2354 0.1652 0.9577
vn 0.0321 0.4683 0.8830
vn -0.5455 -0.4507 0.7066
vn -0.5426 -0.5780 0.6095
vn -0.5917 -0.5777 0.5623
vn -0.5409 -0.6753 0.5014
vn -0.5969 -0.7333 0.3255
vn -0.7217 -0.6632 0.1984
vn -0.6514 -0.3048 0.6948
vn -0.6430 -0.5061 0.5748
vn -0.6107 -0.1204 0.7826
vn -0.7080 -0.2689 0.6530
vn -0.7000 -0.4391 0.5632
vn -0.6945 -0.1227 0.7090
vn -0.4969 0.1469 0.8553
vn -0.6335 0.1384 0.7612
vn -0.2640 0.5143 0.8160
vn -0.4318 0.5647 0.7033
vn -0.7172 -0.1269 0.6853
vn -0.6865 0.1787 0.7048
vn -0.4875 0.6648 0.5660
vn -0.8654 -0.0542 0.4981
vn -0.8344 0.2499 0.4913
vn -0.5702 0.7547 0.3245
vn -0.2474 0.9636 0.1008
vn -0.2130 0.9252 0.3140
vn -0.1488 0.8636 0.4817
vn -0.1512 0.9884 0.0147
vn -0.0369 0.9831 0.1795
vn 0.0878 0.9659 0.2438
vn 0.3831 0.9227 -0.0423
vn 0.2199 0.9672 0.1272
vn 0.0011 0.9999 0.0159
vn 0.6808 0.6424 -0.3519
vn 0.5460 0.7867 0.2881
vn 0.1767 0.9742 0.1407
vn 0.4256 0.9036 -0.0498
vn 0.5467 0.6967 -0.4645
vn 0.2162 0.9134 0.3450
vn 0.4075 0.8088 0.4240
vn 0.4982 0.8651 0.0578
vn 0.4951 0.7717 -0.3992
vn 0.0008 0.7889 0.6146
vn 0.2589 0.6845 0.6815
vn 0.7770 0.4851 -0.4012
vn 0.5611 0.4627 -0.6863
vn 0.4118 0.5630 -0.7166
vn 0.8793 0.1948 -0.4346
vn 0.5452 0.2708 -0.7934
vn 0.3379 0.3818 -0.8603
vn 0.2773 0.2348 -0.9317
vn 0.5135 0.0822 -0.8542
vn 0.7871 -0.2818 -0.5487
vn 0.6108 -0.1051 0.7848
vn 0.8436 0.3861 0.3731
vn 0.5456 -0.7328 0.4066
vn 0.4290 -0.8814 0.1978
vn 0.6355 -0.4392 -0.6350
vn 0.4490 -0.1352 -0.8832
vn 0.3679 -0.6161 -0.6965
vn 0.3533 -0.9085 0.2231
vn 0.3147 -0.4298 -0.8463
vn 0.0573 -0.7849 0.6170
vn 0.1227 -0.6167 0.7775
vn 0.0782 -0.8698 0.4872
vn 0.1560 -0.7184 -0.6780
vn 0.0949 -0.9126 -0.3978
vn -0.0229 -0.9910 0.1315
vn -0.1285 -0.9396 -0.3173
vn -0.1625 -0.9439 -0.2875
vn -0.0237 -0.9200 -0.3912
vn -0.0444 -0.8694 -0.4922
vn -0.1918 -0.8862 -0.4218
vn -0.0919 -0.9875 -0.1279
vn -0.0029 -0.9540 0.2998
vn -0.1606 -0.8053 -0.5708
vn -0.2417 -0.4538 -0.8577
vn -0.1790 -0.3260 -0.9283
vn -0.2897 -0.5922 -0.7519
vn -0.1997 0.1193 -0.9726
vn -0.1324 0.2277 -0.9647
vn -0.2637 -0.0328 -0.9640
vn -0.3006 -0.7004 -0.6474
vn -0.3342 -0.1763 -0.9259
vn -0.2244 -0.9242 -0.3091
vn -0.3888 -0.7270 -0.5659
vn -0.5447 -0.2217 -0.8088
vn -0.5181 0.1770 -0.8368
vn -0.2598 0.2944 -0.9197
vn -0.1801 0.4214 -0.8888
vn -0.1675 0.7166 -0.6771
vn -0.0972 0.7632 -0.6388
vn -0.3766 0.6406 -0.6692
vn -0.8382 -0.1490 -0.5246
vn -0.8344 0.1071 -0.5406
vn -0.7305 0.4553 -0.5090
vn -0.2228 0.9384 -0.2640
vn -0.1098 0.9451 -0.3077
vn -0.4300 0.8765 -0.2164
vn -0.9415 0.3278 -0.0786
vn -0.6682 0.7440 -0.0031
vn -0.9979 0.0581 -0.0281
vn -0.9946 -0.1037 0.0066
vn -0.8411 -0.2114 0.4979
vn -0.7209 -0.2740 0.6366
vn -0.7755 -0.5235 0.3528
vn -0.7135 -0.4830 0.5076
vn -0.8900 -0.4522 0.0583
vn -0.5031 -0.8631 -0.0437
vn -0.5620 -0.8164 0.1330
vn -0.5912 -0.7610 0.2670
vn -0.2551 -0.9297 -0.2655
vn -0.3087 -0.9352 -0.1737
vn -0.3314 -0.9393 -0.0882
vn -0.5400 -0.7870 0.2985
vn -0.1427 -0.9075 -0.3950
vn -0.3468 -0.8669 -0.3579
vn -0.4038 -0.9115 -0.0779
vn -0.4767 -0.8507 0.2216
vn -0.5687 -0.7501 -0.3375
vn -0.5827 -0.8003 -0.1413
vn -0.5957 -0.7987 0.0848
vn -0.2492 -0.7081 -0.6607
vn -0.5631 -0.6135 -0.5536
vn 0.0734 -0.7420 -0.6664
vn -0.0865 -0.3742 -0.9233
vn -0.5143 -0.2693 -0.8142
vn 0.1389 0.0085 -0.9903
vn -0.3197 0.2390 -0.9169
vn -0.0804 0.5649 -0.8212
vn -0.4498 0.2814 -0.8476
vn -0.5908 -0.2489 -0.7675
vn -0.2133 0.7156 -0.6652
vn 0.0689 0.6590 -0.7490
vn -0.0504 0.8619 -0.5046
vn 0.2123 0.7552 -0.6202
vn 0.0740 0.9135 -0.4000
vn 0.0653 0.9657 -0.2515
vn -0.0095 0.8964 -0.4432
vn -0.1287 0.6850 -0.7171
vn 0.2435 0.9579 -0.1517
vn 0.1555 0.9875 -0.0271
vn 0.3879 0.8731 -0.2952
vn -0.0159 0.9988 0.0469
vn -0.1004 0.9812 -0.1647
vn -0.5294 0.8058 -0.2653
vn -0.4873 0.8722 0.0418
vn -0.3596 0.9252 0.1212
vn -0.0741 0.8687 -0.4897
vn -0.2149 0.6498 -0.7291
vn -0.9353 0.3428 -0.0880
vn -0.8165 0.3183 -0.4817
vn -0.3470 0.1972 -0.9169
vn -0.0214 0.6173 -0.7864
vn 0.2407 0.7328 -0.6364
vn 0.0453 0.6267 -0.7779
vn 0.3852 0.2654 -0.8838
vn -0.0644 0.6269 -0.7764
vn 0.0496 0.2802 -0.9587
vn -0.0160 0.3064 -0.9518
vn -0.1145 0.2637 -0.9578
vn -0.0266 -0.1341 -0.9906
vn -0.1855 -0.1684 -0.9681
vn 0.0852 -0.1710 -0.9816
vn 0.0723 0.6256 -0.7768
vn 0.1793 0.1958 -0.9641
vn 0.2952 -0.2570 -0.9202
vn 0.3801 -0.5738 -0.7254
vn 0.1195 -0.5062 -0.8541
vn -0.0333 -0.4769 -0.8783
vn 0.1645 -0.6074 -0.7771
vn -0.0357 -0.5776 -0.8155
vn 0.4367 -0.6551 -0.6166
vn 0.5766 -0.6049 -0.5492
vn 0.6337 -0.6605 -0.4027
vn 0.5221 -0.3384 -0.7829
vn 0.6259 -0.3867 -0.6773
vn 0.6328 -0.6362 -0.4414
vn 0.6616 -0.6945 -0.2828
vn 0.4772 -0.6002 -0.6419
vn 0.6910 -0.5641 -0.4520
vn 0.8297 -0.5233 -0.1942
vn 0.7320 -0.6637 -0.1538
vn 0.7129 -0.6982 -0.0663
vn 0.5599 -0.8113 -0.1681
vn 0.5712 -0.8168 0.0813
vn 0.5483 -0.7197 -0.4259
vn 0.4215 -0.8889 0.1795
vn 0.3659 -0.9213 -0.1319
vn 0.2897 -0.8142 -0.5032
vn 0.5257 -0.4280 -0.7351
vn 0.1609 -0.5231 -0.8369
vn 0.0180 -0.8461 -0.5328
vn 0.2717 -0.9449 -0.1828
vn -0.2178 -0.6077 -0.7637
vn -0.0562 -0.1041 -0.9930
vn -0.4241 -0.3036 -0.8532
vn 0.3659 0.1114 -0.9240
vn -0.5598 -0.3603 -0.7462
vn -0.3823 -0.6204 -0.6849
vn -0.1283 -0.8313 -0.5408
vn -0.2350 0.2053 -0.9501
vn -0.5441 -0.0177 -0.8388
vn -0.6729 -0.0998 -0.7330
vn -0.6118 0.2209 -0.7596
vn -0.7362 0.1208 -0.6659
vn -0.3498 0.4041 -0.8452
vn -0.9339 -0.2853 -0.2155
vn -0.7267 -0.6430 -0.2415
vn -0.9892 0.0584 -0.1348
vn -0.3953 -0.7191 0.5715
vn -0.5331 -0.3703 0.7607
vn -0.6619 0.0651 0.7468
vn -0.3896 -0.8607 -0.3277
vn -0.0696 -0.9845 0.1612
vn -0.0564 -0.6925 0.7192
vn 0.0440 -0.9582 0.2828
vn -0.0901 -0.3333 0.9385
vn -0.0720 -0.9349 -0.3476
vn 0.1019 -0.9828 -0.1542
vn 0.2338 -0.9392 -0.2515
vn 0.2067 -0.9557 -0.2096
vn 0.1379 -0.9676 -0.2117
vn -0.0623 -0.7702 0.6348
vn -0.0397 -0.9678 0.2487
vn 0.0113 -0.9820 -0.1887
vn 0.1815 -0.7716 -0.6097
vn 0.0447 -0.7807 -0.6233
vn 0.2570 -0.7551 -0.6032
vn 0.0301 -0.2680 -0.9630
vn 0.1735 -0.2919 -0.9406
vn 0.2458 -0.2984 -0.9223
vn 0.2920 -0.7249 -0.6239
vn 0.2925 -0.2701 -0.9173
vn 0.5273 -0.1729 -0.8319
vn 0.4584 -0.6303 -0.6265
vn 0.3043 -0.9061 -0.2937
vn 0.8393 -0.0167 -0.5435
vn 0.7797 -0.3820 -0.4960
vn 0.5610 -0.7887 -0.2516
vn 0.2260 -0.9502 -0.2145
vn 0.4919 -0.8698 -0.0393
vn 0.5890 -0.8040 0.0811
vn 0.2075 -0.9423 -0.2629
vn 0.2413 -0.9357 -0.2572
vn 0.6316 -0.7619 0.1432
vn 0.5253 -0.8309 0.1837
vn 0.6696 -0.6110 0.4223
vn 0.4746 -0.7885 0.3911
vn 0.7943 -0.4601 0.3967
vn 0.8220 -0.3009 0.4836
vn 0.7135 -0.3777 0.5901
vn 0.5006 -0.5494 0.6690
vn 0.5603 -0.7719 0.3004
vn 0.4966 -0.6140 0.6135
vn 0.5907 -0.5509 0.5896
vn 0.7253 -0.6533 0.2174
vn 0.7513 -0.6304 0.1953
vn 0.6061 -0.4666 0.6441
vn 0.1742 -0.1254 0.9767
vn 0.1037 -0.1684 0.9803
vn 0.3416 -0.0767 0.9367
vn 0.7942 0.0792 0.6025
vn 0.8610 -0.1848 0.4738
vn 0.8935 -0.4163 0.1688
vn 0.9872 0.0360 0.1557
vn 0.9936 -0.1084 0.0320
vn 0.9674 0.1705 0.1874
vn 0.9085 -0.3394 -0.2439
vn 0.7199 -0.5097 -0.4712
vn 0.7016 -0.5904 -0.3989
vn 0.9100 -0.3389 -0.2388
vn 0.9966 -0.0578 -0.0592
vn 0.4904 -0.6299 -0.6023
vn 0.4602 -0.7479 -0.4785
vn 0.2009 -0.6106 -0.7660
vn 0.2125 -0.7139 -0.6672
vn 0.1990 -0.8390 -0.5065
vn 0.3905 -0.8689 -0.3040
vn 0.6717 -0.6860 -0.2797
vn 0.1464 -0.9511 -0.2720
vn 0.0066 -0.9690 -0.2472
vn 0.0020 -0.8611 -0.5085
vn -0.0141 -0.7344 -0.6786
vn -0.1926 -0.8384 -0.5099
vn -0.2468 -0.7109 -0.6585
vn -0.1193 -0.9549 -0.2720
vn 0.0503 -0.9976 -0.0477
vn 0.0037 -0.9998 -0.0202
vn -0.0211 -0.9987 -0.0465
vn -0.0540 -0.9556 0.2897
vn -0.0823 -0.9775 0.1942
vn 0.1180 -0.9697 0.2139
vn -0.3361 -0.8899 -0.3084
vn -0.1879 -0.9780 -0.0902
vn -0.0234 -0.9902 0.1377
vn -0.4818 -0.8694 -0.1099
vn -0.6040 -0.7382 -0.3005
vn -0.3086 -0.9417 0.1339
vn 0.2778 -0.7942 0.5404
vn 0.2754 -0.8415 0.4648
vn -0.1182 -0.8888 0.4427
vn 0.5689 -0.6105 0.5510
vn 0.1004 -0.7607 0.6412
vn 0.3749 -0.6620 0.6490
vn -0.2253 -0.7868 0.5746
vn -0.4691 -0.6278 0.6212
vn -0.5063 -0.5660 0.6506
vn 0.4133 -0.6136 0.6729
vn 0.7262 -0.4881 0.4841
vn 0.7284 -0.4318 0.5319
vn 0.7546 -0.4736 0.4542
vn -0.2667 -0.2295 0.9361
vn -0.9663 -0.0640 0.2492
vn -0.8267 -0.3939 0.4018
vn -0.5081 -0.6320 0.5851
vn -0.5394 -0.6105 0.5799
vn -0.5058 -0.6379 0.5807
vn -0.8489 0.5215 0.0862
vn 0.8613 0.4939 -0.1190
vn 0.9135 -0.2739 0.3008
vn 0.9934 -0.0034 0.1145
vn 0.9613 0.2602 -0.0905
vn 0.9940 0.0597 0.0919
vn 0.9322 -0.2234 0.2849
vn 0.9419 0.3213 -0.0975
vn 0.9926 0.0506 0.1103
vn 0.9255 -0.1811 0.3326
vn 0.9448 0.2983 -0.1356
vn 0.7696 0.5397 -0.3413
vn 0.7423 0.5156 -0.4280
vn 0.9559 0.2091 -0.2063
vn 0.4667 0.7127 -0.5237
vn 0.7068 0.6142 -0.3510
vn 0.4182 0.7819 -0.4623
vn 0.3589 0.9153 -0.1829
vn 0.6517 0.7501 -0.1121
vn 0.2616 0.8922 0.3682
vn 0.5725 0.7563 0.3166
vn 0.7919 0.5311 0.3014
vn 0.8840 0.4605 0.0806
vn 0.9513 0.2861 -0.1149
vn 0.9400 0.0343 0.3394
vn 0.9819 -0.1199 0.1469
vn 0.8136 0.2195 0.5384
vn 0.5515 0.4443 0.7060
vn 0.8011 0.0634 0.5952
vn 0.9274 -0.0622 0.3689
vn 0.9706 -0.1994 0.1347
vn 0.7971 -0.4256 0.4283
vn 0.9277 -0.2439 0.2826
vn 0.9171 -0.3835 -0.1092
vn 0.9936 -0.0809 0.0785
vn 0.7471 -0.4261 0.5101
vn 0.6773 -0.6472 -0.3499
vn 0.5304 -0.6964 0.4834
vn 0.4226 -0.6690 0.6115
vn -0.0449 -0.7919 0.6089
vn 0.7354 -0.5079 0.4485
vn 0.3898 -0.7367 0.5525
vn -0.0587 -0.8186 0.5713
vn -0.0792 -0.7806 0.6200
vn 0.3596 -0.7198 0.5938
vn 0.7282 -0.5127 0.4547
vn 0.3484 -0.6920 0.6322
vn -0.1172 -0.7508 0.6500
vn 0.2814 -0.7026 0.6536
vn -0.2016 -0.7412 0.6403
vn -0.5312 -0.6569 0.5351
vn -0.6090 -0.6211 0.4933
vn -0.4867 -0.6868 0.5398
vn -0.8308 -0.4411 0.3394
vn -0.8769 -0.3906 0.2802
vn -0.7998 -0.4665 0.3777
vn -0.9777 -0.1483 0.1485
vn -0.9841 -0.1381 0.1118
vn -0.9772 0.1860 -0.1023
vn -0.9728 0.2016 -0.1140
vn -0.9685 0.2189 -0.1187
vn -0.9913 -0.1083 0.0744
vn -0.9977 -0.0672 0.0053
vn -0.9219 -0.3287 0.2052
vn -0.7032 -0.5733 0.4205
vn -0.9991 -0.0050 -0.0424
vn -0.9592 -0.2632 0.1033
vn -0.8017 -0.5322 0.2722
vn -0.3333 -0.7412 0.5827
vn -0.4879 -0.7783 0.3953
vn -0.8905 -0.4487 0.0758
vn -0.6506 -0.7490 0.1255
vn -0.9840 -0.1780 0.0072
vn -0.9443 -0.3252 -0.0502
vn -0.7781 -0.6217 -0.0895
vn -0.8405 -0.4957 -0.2186
vn -0.9718 -0.2112 -0.1049
vn -0.9870 -0.1356 -0.0860
vn -0.8744 -0.4089 -0.2612
vn -0.6733 -0.6196 -0.4034
vn -0.7191 -0.5263 -0.4537
vn -0.8961 -0.3694 -0.2461
vn -0.9893 -0.1453 0.0118
vn -0.9993 0.0178 -0.0342
vn -0.9980 0.0622 0.0120
vn -0.9874 0.0215 0.1568
vn -0.8698 -0.2133 0.4450
vn -0.8975 -0.4136 0.1534
vn -0.8377 -0.5127 -0.1882
vn -0.7484 -0.6377 0.1823
vn -0.7371 -0.6615 -0.1381
vn -0.6283 -0.4951 0.6002
vn -0.8345 0.0280 0.5503
vn -0.9716 0.1344 0.1949
vn -0.8400 0.2395 0.4868
vn -0.7678 0.4885 0.4146
vn -0.9751 0.2013 0.0935
vn -0.9731 0.2302 0.0081
vn -0.9966 -0.0781 -0.0277
vn -0.9884 0.1505 -0.0226
vn -0.9977 0.0599 -0.0314
vn -0.7193 -0.6927 -0.0534
vn -0.6695 -0.6911 -0.2725
vn -0.6643 -0.6510 -0.3673
vn -0.6258 -0.6712 -0.3972
vn -0.5484 -0.6477 -0.5289
vn -0.7094 -0.5595 -0.4286
vn -0.5447 -0.5922 -0.5938
vn -0.2790 -0.6147 -0.7378
vn -0.2873 -0.6244 -0.7264
vn -0.2511 -0.5197 -0.8166
vn -0.4966 -0.5569 -0.6658
vn -0.6155 -0.5709 -0.5434
vn -0.4279 -0.2263 -0.8750
vn -0.2996 0.2422 -0.9228
vn -0.0284 -0.6050 -0.7957
vn -0.5124 -0.6320 -0.5814
vn -0.4435 -0.7566 -0.4805
vn -0.3922 0.9178 -0.0618
vn 0.7291 0.6613 -0.1762
vn -0.8332 0.5165 -0.1974
vn -0.3329 0.9229 0.1932
vn -0.9916 0.1279 -0.0183
vn -0.0103 0.9974 -0.0716
vn -0.5639 0.7390 -0.3685
vn -0.2739 0.9179 -0.2872
vn -0.0572 0.9563 -0.2868
vn -0.3304 0.8258 -0.4570
vn -0.1228 0.9216 -0.3683
vn -0.4672 0.7450 -0.4761
vn 0.0401 0.9144 -0.4028
vn -0.0580 0.8419 -0.5365
vn -0.1170 0.8283 -0.5479
vn -0.4966 0.7365 -0.4593
vn -0.1886 0.8185 -0.5426
vn -0.7349 0.5882 -0.3376
vn -0.7595 0.5600 -0.3309
vn -0.5220 0.7207 -0.4562
vn -0.2521 0.8107 -0.5284
vn -0.2812 0.7916 -0.5425
vn -0.5409 0.6733 -0.5040
vn -0.7963 0.4653 -0.3865
vn -0.8284 0.4348 -0.3532
vn -0.5491 0.6615 -0.5107
vn -0.2900 0.7774 -0.5581
vn -0.9747 0.1690 -0.1464
vn -0.9974 0.0528 -0.0497
vn -0.9315 0.3338 -0.1444
vn -0.9923 -0.0768 0.0969
vn -0.9940 -0.0916 0.0590
vn -0.9951 0.0692 0.0704
vn -0.9064 0.3812 -0.1820
vn -0.9939 0.1093 0.0143
vn -0.9662 -0.1619 0.2008
vn -0.9540 -0.1968 0.2261
vn -0.9409 -0.2022 0.2717
vn -0.7899 -0.4489 0.4178
vn -0.7724 -0.4908 0.4031
vn -0.7673 -0.4679 0.4385
vn -0.4728 -0.6748 0.5666
vn -0.4549 -0.7222 0.5211
vn -0.0929 -0.7448 0.6608
vn -0.0632 -0.7817 0.6205
vn -0.0397 -0.8265 0.5615
vn -0.4520 -0.7001 0.5527
vn -0.0272 -0.8072 0.5896
vn 0.3667 -0.7665 0.5272
vn 0.3906 -0.7301 0.5607
vn 0.3385 -0.7444 0.5756
vn 0.6536 -0.5962 0.4662
vn 0.6877 -0.5711 0.4483
vn 0.7078 -0.5240 0.4737
vn 0.8027 -0.5940 -0.0536
vn 0.3863 -0.9224 0.0042
vn -0.1263 -0.9636 0.2356
vn 0.9057 -0.2956 0.3037
vn 0.9063 -0.2803 0.3162
vn 0.9689 -0.2400 -0.0600
vn 0.7686 -0.3625 -0.5271
vn 0.2375 -0.6659 -0.7073
vn 0.9747 -0.0762 -0.2100
vn 0.9999 0.0152 0.0030
vn 0.9943 0.1040 0.0229
vn 0.9954 0.0018 0.0957
vn 0.9488 0.2956 -0.1116
vn 0.9313 0.3596 -0.0591
vn 0.9559 0.2733 -0.1076
vn 0.8579 0.4910 0.1514
vn 0.9540 0.1864 0.2348
vn 0.9870 0.1299 0.0946
vn 0.8156 0.2797 0.5064
vn 0.8759 0.2821 0.3913
vn 0.7510 0.4724 0.4614
vn 0.9403 0.2290 0.2516
vn 0.9970 -0.0184 -0.0754
vn 0.7066 0.3895 0.5908
vn 0.8019 0.3973 0.4462
vn 0.5971 0.3989 0.6960
vn 0.4589 0.4717 0.7529
vn 0.5512 0.5365 0.6390
vn 0.3591 0.4860 0.7968
vn 0.4957 0.7059 0.5060
vn 0.2522 0.7735 0.5815
vn 0.0836 0.5075 0.8576
vn 0.0285 0.7914 0.6106
vn 0.0951 0.4810 0.8716
vn -0.2350 0.4396 0.8669
vn -0.2891 0.4035 0.8681
vn -0.2466 0.7423 0.6231
vn -0.3248 0.5492 0.7700
vn 0.1138 0.6051 0.7880
vn 0.6494 0.4879 0.5832
vn 0.2030 0.6226 0.7557
vn -0.2993 0.5895 0.7503
vn 0.8751 0.3049 0.3757
vn 0.7171 0.4501 0.5322
vn 0.9137 0.2467 0.3229
vn 0.2641 0.6242 0.7353
vn 0.2673 0.6460 0.7150
vn 0.7445 0.4499 0.4933
vn 0.9327 0.2338 0.2747
vn 0.9857 0.0698 0.1530
vn 0.9748 0.1219 0.1868
vn 0.9893 0.0723 0.1267
vn 0.7434 0.4937 0.4512
vn 0.9365 0.2641 0.2308
vn 0.9881 0.1200 0.0959
vn 0.9830 0.1712 0.0666
vn 0.9233 0.3268 0.2019
vn 0.7175 0.5649 0.4075
vn 0.2351 0.7029 0.6713
vn 0.2307 0.7795 0.5823
vn 0.2730 0.8203 0.5026
vn 0.6236 0.6682 0.4058
vn 0.8593 0.4636 0.2161
vn 0.2984 0.7960 0.5266
vn 0.4424 0.7706 0.4587
vn 0.6698 0.6915 0.2704
vn 0.9653 0.2581 0.0386
vn 0.8828 0.4694 0.0177
vn 0.3901 0.8789 0.2744
vn 0.6783 0.7338 0.0390
vn 0.2580 0.8916 0.3722
vn 0.2262 0.8993 0.3742
vn 0.1710 0.9354 0.3095
vn 0.4981 0.8621 0.0930
vn 0.8949 0.4138 -0.1673
vn 0.9088 0.3641 -0.2036
vn 0.9580 0.2526 -0.1358
vn 0.9210 -0.2466 -0.3015
vn 0.9810 -0.0033 -0.1942
vn 0.7959 -0.5702 -0.2035
vn 0.9443 0.2682 0.1905
vn 0.7013 -0.6751 0.2290
vn 0.6488 0.6215 0.4390
vn 0.4641 -0.5040 0.7284
vn 0.1703 0.8057 0.5674
vn 0.0840 -0.0890 0.9925
vn -0.0302 -0.2405 0.9702
vn -0.1048 -0.6985 0.7079
vn 0.0428 -0.9700 0.2392
vn 0.0550 -0.9699 0.2371
vn 0.0607 -0.9873 0.1465
vn 0.0941 -0.9947 0.0413
vn 0.4829 -0.8624 -0.1518
vn -0.0099 -0.9974 0.0711
vn -0.0708 -0.9625 0.2620
vn -0.1386 -0.9893 0.0452
vn 0.0213 -0.9994 -0.0256
vn -0.1514 -0.9883 0.0197
vn 0.3944 -0.9127 -0.1067
vn -0.0019 -0.9950 0.0995
vn 0.2493 -0.9684 0.0011
vn 0.7177 -0.6880 -0.1077
vn 0.4467 -0.8851 -0.1309
vn 0.8422 -0.4669 -0.2695
vn 0.1305 -0.9914 -0.0045
vn -0.1372 -0.9875 0.0782
vn -0.2847 -0.9357 0.2086
vn -0.3428 -0.9385 0.0412
vn 0.1420 -0.9622 -0.2323
vn 0.4729 -0.7702 -0.4279
vn -0.0423 -0.9939 -0.1022
vn -0.6847 -0.7242 0.0821
vn -0.4842 -0.8118 -0.3263
vn -0.7430 -0.6128 0.2690
vn -0.9840 -0.1775 0.0142
vn -0.8561 -0.2633 -0.4447
vn -0.9744 -0.1226 0.1887
vn -0.9893 0.1312 -0.0637
vn -0.8886 0.1331 -0.4389
vn -0.9786 0.1623 0.1268
vn -0.1206 -0.7575 -0.6417
vn -0.4266 -0.2698 -0.8632
vn -0.5170 0.1095 -0.8490
vn -0.9116 0.0081 -0.4110
vn -0.6487 -0.0143 -0.7609
vn -0.9923 0.0249 -0.1211
vn -0.9857 -0.1571 -0.0613
vn -0.8993 -0.3271 -0.2903
vn -0.7454 -0.4249 -0.5136
vn 0.1238 0.0047 -0.9923
vn 0.1862 0.1560 -0.9701
vn -0.1317 -0.5588 -0.8187
vn 0.5807 -0.4193 -0.6978
vn 0.6896 0.1031 -0.7169
vn 0.7223 0.1698 -0.6704
vn 0.2483 -0.2041 -0.9469
vn 0.7352 -0.2885 -0.6134
vn 0.8988 0.0797 -0.4310
vn 0.9394 0.0326 -0.3412
vn 0.2736 -0.6131 -0.7411
vn 0.9729 -0.1656 -0.1613
vn 0.9849 0.0668 -0.1595
vn 0.8170 -0.2735 -0.5076
vn 0.9628 -0.0981 -0.2517
vn 0.7563 -0.5075 -0.4129
vn 0.9389 -0.2533 -0.2330
vn 0.3786 -0.7243 -0.5762
vn -0.3146 -0.7626 -0.5652
vn 0.1788 -0.7950 -0.5796
vn -0.3925 -0.7561 -0.5237
vn 0.6869 -0.5913 -0.4226
vn -0.0124 -0.7566 -0.6537
vn 0.5551 -0.6319 -0.5409
vn -0.4670 -0.6836 -0.5609
vn -0.7151 -0.5920 -0.3718
vn -0.6981 -0.6137 -0.3688
vn -0.7078 -0.5699 -0.4174
vn -0.8726 -0.4530 -0.1826
vn -0.9090 -0.3747 -0.1825
vn -0.8752 -0.4387 -0.2040
vn -0.9800 -0.1964 0.0303
vn -0.9780 -0.1894 0.0875
vn -0.9727 0.1036 0.2074
vn -0.9559 0.0815 0.2822
vn -0.9375 0.0902 0.3362
vn -0.9872 -0.1156 0.1098
vn -0.9263 0.1318 0.3530
vn -0.8411 0.2828 0.4612
vn -0.8129 0.2933 0.5032
vn -0.7963 0.3031 0.5235
vn -0.8072 0.2012 0.5549
vn -0.9432 0.1232 0.3084
vn -1.0000 -0.0073 0.0040
vn -0.9547 -0.0033 0.2976
vn -0.8281 0.1082 0.5501
vn -0.6155 0.4338 0.6580
vn -0.5968 0.2901 0.7481
vn -0.5786 0.2733 0.7684
vn -0.9784 0.1508 0.1418
vn -0.8597 0.3372 0.3837
vn -0.5845 0.5807 0.5667
vn -0.5837 0.8059 0.0989
vn -0.7988 0.5934 0.0988
vn -0.8373 0.5231 -0.1591
vn -0.2956 0.9489 0.1110
vn -0.5719 0.7500 -0.3322
vn -0.3079 0.8669 -0.3920
vn -0.0123 0.9956 0.0930
vn -0.0132 0.9198 -0.3921
vn 0.0049 0.8366 -0.5478
vn 0.2268 0.9715 0.0691
vn 0.2927 0.8877 -0.3555
vn 0.3786 0.7947 -0.4745
vn 0.5218 0.8518 0.0469
vn 0.6521 0.7095 -0.2673
vn 0.7437 0.5883 -0.3174
vn 0.7980 0.5290 -0.2886
vn 0.4692 0.7574 -0.4541
vn 0.0451 0.8412 -0.5388
vn 0.8233 0.4831 -0.2979
vn 0.5372 0.7051 -0.4628
vn 0.1076 0.8290 -0.5488
vn 0.9576 0.2619 -0.1203
vn 0.8203 0.4706 -0.3252
vn 0.5775 0.6593 -0.4815
vn 0.9578 0.2527 -0.1367
vn 0.9961 0.0070 0.0881
vn 0.9963 -0.0314 0.0802
vn 0.8890 -0.3474 0.2985
vn 0.8812 -0.3592 0.3072
vn 0.9926 -0.0738 0.0964
vn 0.9639 0.2392 -0.1171
vn 0.9924 -0.0856 0.0883
vn 0.9700 0.2188 -0.1062
vn 0.8963 -0.3415 0.2828
vn 0.6704 -0.5650 0.4810
vn 0.6481 -0.5790 0.4946
vn 0.3178 -0.7155 0.6221
vn 0.3164 -0.7120 0.6269
vn -0.1053 -0.7356 0.6692
vn -0.0616 -0.7604 0.6465
vn 0.3484 -0.7250 0.5942
vn 0.0407 -0.8737 0.4847
vn 0.4144 -0.7936 0.4455
vn -0.3363 -0.8014 0.4946
vn 0.1634 -0.9714 0.1724
vn 0.2769 -0.9576 -0.0797
vn 0.5149 -0.8393 0.1746
vn 0.6140 -0.7850 -0.0824
vn 0.8841 -0.4646 -0.0504
vn 0.8338 -0.5362 0.1312
vn 0.9028 -0.3930 -0.1748
vn 0.9931 -0.0978 -0.0654
vn 0.9875 -0.1560 -0.0208
vn 0.9983 0.0532 -0.0231
vn 0.9958 0.0912 -0.0100
vn 0.9963 0.0840 0.0208
vn 0.9694 0.2121 0.1232
vn 0.9580 0.2806 0.0590
vn 0.8838 0.3814 0.2709
vn 0.8902 0.3787 0.2532
vn 0.8780 0.4625 0.1234
vn 0.7752 0.3287 0.5394
vn 0.7021 0.5938 0.3929
vn 0.7222 0.6034 0.3381
vn 0.6830 0.5841 0.4386
vn 0.2927 0.5872 0.7547
vn 0.2427 0.2895 0.9259
vn 0.1438 0.8742 0.4638
vn 0.3996 0.8566 0.3263
vn 0.3446 0.8170 0.4624
vn -0.0814 0.9875 0.1351
vn -0.3152 0.7124 0.6270
vn -0.3362 0.9057 0.2583
vn -0.2837 0.4531 0.8451
vn -0.4059 0.6928 0.5961
vn -0.4474 0.8539 0.2659
vn -0.3246 0.5189 0.7908
vn -0.0595 0.6337 0.7713
vn -0.2016 0.7828 0.5888
vn -0.3519 0.8898 0.2907
vn -0.4639 0.8682 -0.1760
vn -0.3961 0.9015 -0.1743
vn -0.2586 0.9595 -0.1117
vn -0.4438 0.6444 -0.6228
vn -0.2365 0.7939 -0.5601
vn -0.0865 0.9151 -0.3939
vn -0.0742 0.6649 -0.7432
vn 0.0503 0.8527 -0.5200
vn 0.1129 0.5196 -0.8469
vn 0.2523 0.6707 -0.6975
vn 0.5177 0.1582 -0.8408
vn 0.1803 0.6642 -0.7255
vn 0.0162 0.8947 -0.4464
vn 0.3943 0.1492 -0.9068
vn 0.0339 0.8889 -0.4569
vn -0.0824 0.9607 -0.2650
vn 0.0193 0.9896 -0.1428
vn 0.4041 0.9006 -0.1603
vn -0.0252 0.9991 0.0353
vn -0.1757 0.9841 -0.0249
vn 0.3987 0.9145 0.0689
vn 0.8116 0.4574 -0.3634
vn 0.9019 0.4320 0.0022
vn -0.0328 0.9992 0.0214
vn 0.3588 0.9163 0.1779
vn 0.8763 0.3592 0.3211
vn 0.1768 0.9275 0.3295
vn 0.5976 0.3485 0.7221
vn 0.9508 -0.1372 0.2777
vn 0.6631 -0.1620 0.7308
vn 0.9906 -0.0923 -0.1008
vn 0.8479 -0.5069 -0.1552
vn 0.8276 -0.5162 0.2204
vn 0.5759 -0.5482 0.6064
vn 0.0380 0.3989 0.9162
vn 0.0753 -0.1497 0.9859
vn 0.0815 -0.5816 0.8094
vn 0.6515 -0.7384 0.1743
vn 0.4548 -0.7677 0.4515
vn 0.0602 -0.8162 0.5746
vn -0.3771 -0.7600 0.5293
vn -0.4192 -0.5537 0.7196
vn -0.4828 -0.1395 0.8646
vn -0.7382 -0.4903 0.4632
vn -0.8304 -0.1270 0.5425
vn -0.6249 -0.6906 0.3641
vn 0.0819 -0.5657 0.8206
vn -0.4589 -0.5075 0.7293
vn -0.7216 -0.4542 0.5225
vn -0.8961 -0.4005 0.1911
vn -0.7644 -0.6382 0.0917
vn -0.8906 -0.4383 0.1218
vn -0.7974 -0.5854 -0.1467
vn -0.9033 -0.4269 -0.0425
vn -0.8550 -0.4657 -0.2284
vn -0.9792 -0.1064 0.1730
vn -0.9790 -0.0973 -0.1790
vn -0.8079 -0.1187 -0.5773
vn -0.6826 -0.5264 -0.5069
vn -0.8236 -0.5664 0.0302
vn -0.6200 -0.7831 0.0496
vn -0.2538 -0.9666 0.0366
vn -0.2360 -0.7148 0.6583
vn 0.0670 -0.8704 0.4878
vn -0.6766 -0.3400 0.6531
vn -0.2518 -0.1330 0.9586
vn -0.0800 -0.5811 0.8099
vn 0.0367 -0.8395 0.5420
vn 0.2515 -0.9455 0.2070
vn 0.1059 -0.9737 0.2017
vn 0.0167 -0.9651 -0.2612
vn 0.0577 -0.5942 0.8022
vn 0.0237 -0.8336 0.5519
vn -0.0195 -0.9734 0.2281
vn 0.3961 -0.8917 -0.2191
vn 0.1612 -0.9580 -0.2370
vn -0.0737 -0.9759 -0.2052
vn -0.1167 -0.7449 -0.6569
vn 0.1772 -0.6870 -0.7048
vn 0.4671 -0.5581 -0.6859
vn -0.1205 -0.2371 -0.9640
vn 0.1562 -0.1549 -0.9755
vn 0.4092 -0.0270 -0.9120
vn 0.1066 0.3759 -0.9205
vn 0.2645 0.4338 -0.8613
vn -0.0762 0.3045 -0.9495
vn -0.0088 0.6402 -0.7682
vn 0.0738 0.7230 -0.6868
vn 0.0742 0.7637 -0.6412
vn -0.0974 0.5615 -0.8217
vn 0.1072 0.3605 -0.9266
vn 0.2570 0.0520 -0.9650
vn 0.0470 0.2499 -0.9671
vn -0.0106 0.1085 -0.9940
vn -0.1825 0.2443 -0.9524
vn 0.0006 -0.4147 -0.9100
vn 0.3547 -0.5044 -0.7872
vn -0.0328 -0.8457 -0.5327
vn 0.3024 -0.8936 -0.3316
vn -0.2881 -0.7445 -0.6023
vn -0.2727 -0.3287 -0.9042
vn -0.1848 0.1595 -0.9697
vn 0.0180 -0.8766 -0.4809
vn -0.2421 -0.9485 -0.2044
vn -0.0895 -0.9773 0.1918
vn 0.3310 -0.9206 -0.2072
vn 0.7126 -0.4546 -0.5343
vn 0.2531 -0.4951 -0.8312
vn -0.2658 -0.5607 -0.7842
vn 0.3375 -0.1183 -0.9339
vn -0.3177 -0.1599 -0.9346
vn 0.8615 -0.0439 -0.5059
vn 0.6011 -0.7990 -0.0144
vn 0.7284 -0.6797 -0.0861
vn 0.7486 -0.6619 0.0388
vn 0.2519 -0.8108 0.5284
vn 0.6824 -0.4492 0.5767
vn 0.8848 -0.4657 0.0168
vn 0.8748 -0.4844 -0.0013
vn 0.9529 -0.1264 0.2756
vn 0.4618 -0.1721 0.8701
vn 0.2296 -0.6970 0.6793
vn 0.5256 0.2924 0.7989
vn 0.9566 -0.2697 0.1104
vn 0.9769 -0.1917 -0.0942
vn 0.9032 0.0214 -0.4287
vn 0.9498 0.3028 -0.0791
vn 0.4956 0.6763 0.5450
vn 0.0987 0.2845 0.9536
vn 0.0651 0.7329 0.6772
vn 0.1591 -0.3324 0.9296
vn -0.1202 0.7784 0.6161
vn -0.1405 0.2519 0.9575
vn -0.1144 -0.4464 0.8875
vn -0.0900 -0.7931 0.6024
vn 0.1358 -0.7626 0.6324
vn -0.0531 -0.3809 0.9231
vn -0.0797 0.2465 0.9659
vn 0.0241 -0.9792 0.2017
vn -0.0765 -0.9563 0.2821
vn -0.0917 -0.9796 -0.1786
vn -0.1426 -0.9566 -0.2543
vn -0.0614 -0.9770 0.2042
vn -0.2309 -0.9377 -0.2595
vn -0.2527 -0.7309 -0.6340
vn -0.1184 -0.7640 -0.6342
vn -0.3116 -0.7199 -0.6202
vn -0.2896 -0.2769 -0.9162
vn -0.3423 -0.3095 -0.8871
vn -0.2787 0.2109 -0.9369
vn -0.2284 0.2629 -0.9374
vn -0.1324 -0.2529 -0.9584
vn -0.1127 0.3000 -0.9472
vn -0.1266 0.6506 -0.7488
vn -0.1414 0.6706 -0.7282
vn -0.1037 0.6566 -0.7470
vn -0.0141 0.2669 -0.9636
vn -0.0633 0.6146 -0.7863
vn -0.0995 0.9564 -0.2747
vn -0.1031 0.9476 -0.3024
vn -0.0464 0.9628 -0.2662
vn 0.0382 0.9539 0.2977
vn -0.0951 0.9601 0.2632
vn -0.1126 0.9711 0.2104
vn -0.1304 0.9220 -0.3647
vn 0.0082 0.5560 -0.8311
vn -0.2025 0.9608 0.1892
vn -0.1110 0.7961 0.5949
vn -0.2018 0.7239 0.6598
vn -0.1530 0.1677 0.9739
vn -0.5569 0.6622 0.5014
vn -0.2492 0.9595 0.1314
vn -0.9003 0.4229 -0.1025
vn -0.5499 0.8329 0.0626
vn -0.3361 0.9198 0.2024
vn -0.0974 0.9948 -0.0311
vn -0.0602 0.8898 -0.4524
vn 0.0574 0.8573 -0.5115
vn 0.1487 0.4311 -0.8899
vn 0.0935 0.5005 -0.8607
vn 0.1765 0.1470 -0.9733
vn 0.1038 0.2024 -0.9738
vn 0.2302 0.0788 -0.9699
vn 0.2313 0.7986 -0.5556
vn 0.3909 0.2981 -0.8708
vn 0.5042 0.0364 -0.8628
vn 0.7449 0.3017 -0.5950
vn 0.8313 0.0743 -0.5508
vn 0.8380 0.5437 -0.0470
vn 0.9888 0.1472 -0.0238
vn 0.9996 0.0203 -0.0220
vn 0.9820 -0.1827 -0.0481
vn 0.8880 0.2025 0.4128
vn 0.9162 -0.0645 0.3954
vn 0.8974 -0.1888 0.3988
vn 0.8470 -0.5315 0.0129
vn 0.8112 -0.5132 0.2804
vn 0.8372 -0.2722 0.4742
vn 0.7936 -0.4681 0.3887
vn 0.8535 -0.1202 0.5070
vn 0.8085 -0.1097 0.5782
vn 0.7816 0.2586 0.5677
vn 0.6572 0.3157 0.6844
vn 0.2939 0.7398 0.6053
vn 0.4445 0.7363 0.5102
vn 0.6300 0.6912 0.3540
vn 0.2493 0.9463 0.2057
vn 0.0908 0.9249 0.3691
vn 0.0129 0.8956 0.4446
vn -0.0123 0.9888 0.1490
vn -0.1646 0.9555 0.2447
vn -0.1893 0.9440 0.2703
vn -0.5546 0.8227 -0.1249
vn -0.7567 0.4087 -0.5103
vn -0.6257 0.5219 -0.5798
vn -0.4790 0.8649 -0.1500
vn -0.2051 0.9358 0.2869
vn -0.0238 0.8531 0.5212
vn 0.1599 0.6984 0.6977
vn 0.4443 0.3554 0.8224
vn 0.1467 0.3774 0.9144
vn -0.1864 0.3211 0.9285
vn 0.6596 -0.0683 0.7485
vn 0.3904 -0.0788 0.9173
vn -0.2532 0.2361 0.9382
vn 0.1307 0.9860 -0.1034
vn 0.4132 0.9068 -0.0834
vn 0.5129 0.6946 -0.5045
vn 0.3385 0.9270 0.1616
vn 0.1044 0.9351 -0.3386
vn 0.6666 0.6249 -0.4063
vn 0.2814 0.6675 -0.6894
vn 0.6623 0.2015 -0.7216
vn 0.3550 0.2774 -0.8928
vn -0.0200 0.4955 -0.8684
vn 0.4099 0.2824 -0.8673
vn 0.1088 0.2382 -0.9651
vn 0.6917 0.3132 -0.6507
vn 0.1408 0.5459 -0.8259
vn 0.4489 0.5942 -0.6674
vn 0.7085 0.5973 -0.3758
vn 0.0614 0.9285 -0.3661
vn 0.3216 0.9339 -0.1561
vn 0.5265 0.8376 0.1456
vn -0.1282 0.9826 0.1345
vn 0.0752 0.9152 0.3958
vn 0.2276 0.7485 0.6228
vn -0.2988 0.8414 0.4503
vn -0.1046 0.7159 0.6903
vn 0.0392 0.5630 0.8255
vn 0.1234 0.4520 0.8834
vn 0.2814 0.6138 0.7376
vn 0.5908 0.6947 0.4104
vn -0.1121 0.3980 0.9105
vn -0.0041 0.4336 0.9011
vn -0.2394 0.5030 0.8305
vn -0.4265 0.1088 0.8979
vn -0.5002 0.5815 0.6416
vn -0.4003 0.1191 0.9086
vn -0.4247 0.6211 0.6587
vn -0.5587 0.3014 0.7727
vn -0.6615 0.6658 0.3452
vn -0.7134 0.4969 0.4941
vn -0.6021 0.7969 0.0502
vn -0.4298 0.8658 -0.2563
vn -0.8660 0.4938 -0.0783
vn -0.7718 0.5256 -0.3578
vn -0.5774 0.5138 -0.6346
vn -0.2056 0.8155 -0.5411
vn -0.2317 0.5086 -0.8292
vn -0.2169 0.2387 -0.9466
vn -0.5232 0.2722 -0.8076
vn -0.7427 0.2861 -0.6054
vn -0.4737 0.2489 -0.8448
vn -0.6960 0.1844 -0.6940
vn -0.3882 0.6550 -0.6483
vn -0.6416 0.6082 -0.4674
vn -0.2281 0.9736 0.0061
vn -0.1009 0.9429 -0.3174
vn -0.8827 0.0336 -0.4688
vn -0.8701 0.4504 -0.2002
vn -0.3534 0.8813 0.3137
vn 0.1187 0.8857 0.4488
vn 0.0908 0.9917 0.0909
vn 0.0703 0.9450 -0.3193
vn 0.1872 0.9822 0.0188
vn 0.2541 0.8833 0.3940
vn 0.0932 0.9052 -0.4146
vn -0.0612 0.5706 -0.8189
vn 0.0447 0.8581 -0.5115
vn 0.1654 0.9840 -0.0670
vn 0.1091 0.9790 -0.1723
vn -0.0244 0.8086 -0.5878
vn -0.1218 0.5057 -0.8541
vn 0.2384 0.9313 0.2753
vn 0.2580 0.9040 0.3408
vn 0.3193 0.5276 0.7872
vn 0.3392 0.5237 0.7815
vn 0.2998 0.4949 0.8156
vn 0.1378 0.4815 0.8656
vn 0.2430 -0.1681 0.9554
vn 0.1096 -0.1558 0.9817
vn 0.2495 -0.1754 0.9523
vn -0.3710 0.4733 0.7989
vn 0.1359 -0.6157 0.7761
vn 0.0633 -0.8167 0.5735
vn -0.9914 -0.0544 0.1190
vn -0.9678 -0.1757 -0.1803
vn -0.9672 -0.2463 0.0627
vn -0.9010 -0.4306 -0.0535
vn -0.9753 -0.1473 0.1648
vn -0.9430 0.0311 0.3314
vn -0.9917 0.1285 -0.0023
vn -0.9341 0.0899 0.3454
vn -0.9045 0.0748 0.4198
vn -0.9420 -0.0877 0.3240
vn -0.6401 -0.0444 0.7670
vn -0.7255 -0.1510 0.6714
vn -0.4397 -0.1596 0.8838
vn -0.3579 -0.0347 0.9331
vn -0.4303 0.3060 0.8492
vn -0.6280 0.5007 0.5957
vn -0.3319 0.2339 0.9139
vn 0.0871 -0.0626 0.9942
vn 0.2472 -0.0237 0.9687
vn 0.0744 -0.1868 0.9796
vn 0.5372 -0.0884 0.8388
vn 0.5801 -0.1987 0.7899
vn 0.4656 0.2193 0.8574
vn 0.3663 0.6822 0.6329
vn 0.3947 0.4307 0.8116
vn -0.0496 0.1969 0.9792
vn 0.2104 0.8252 0.5241
vn 0.0921 0.7731 0.6276
vn -0.2502 0.7815 0.5715
vn -0.3159 0.7538 0.5763
vn -0.2967 0.7768 0.5554
vn -0.5165 0.1731 0.8386
vn -0.6294 0.4913 0.6021
vn -0.1721 0.8940 0.4138
vn -0.1207 0.7837 0.6093
vn -0.0730 0.8439 0.5315
vn -0.0735 0.7448 0.6633
vn -0.1100 0.7481 0.6544
vn -0.5887 0.4636 0.6622
vn -0.3641 0.0689 0.9288
vn -0.4273 0.1602 0.8898
vn -0.7662 0.2302 0.6000
vn -0.8892 0.3674 0.2728
vn -0.9074 0.2391 -0.3455
vn 0.5234 0.4365 0.7318
vn 0.6601 0.4197 0.6230
vn 0.0602 0.8392 0.5404
vn 0.1330 0.6640 0.7358
vn 0.2145 0.8466 0.4872
vn 0.6044 0.2729 0.7485
vn 0.3718 0.0874 0.9242
vn 0.5394 -0.1681 0.8251
vn 0.3365 0.1765 0.9250
vn 0.4714 -0.0619 0.8798
vn 0.5704 0.3901 0.7228
vn 0.3541 0.0551 0.9336
vn 0.5369 0.2057 0.8182
vn 0.5874 0.5201 0.6201
vn 0.3515 0.4068 0.8432
vn 0.7414 0.2403 0.6266
vn 0.8614 0.4028 0.3095
vn 0.8454 0.5337 -0.0235
vn 0.9914 0.1177 0.0563
vn 0.9161 0.2548 -0.3095
vn 0.9314 -0.0005 0.3640
vn 0.9307 0.0307 0.3644
vn 0.9677 -0.1802 0.1764
vn 0.8555 0.0041 0.5178
vn 0.8839 -0.1550 0.4413
vn 0.8021 -0.5128 0.3060
vn 0.5517 -0.5352 0.6397
vn 0.0015 0.9610 -0.2764
vn -0.9067 0.3689 0.2044
vn -0.7627 0.3902 0.5158
vn -0.4493 0.4104 0.7936
vn 0.3883 0.8337 0.3926
vn 0.4106 0.8832 0.2265
vn 0.6844 0.7196 0.1174
vn 0.7416 0.6708 0.0010
vn 0.8560 0.5125 -0.0672
vn 0.5800 0.8143 -0.0227
vn 0.7563 0.6533 -0.0348
vn 0.3505 0.9331 0.0803
vn 0.4352 0.8859 -0.1607
vn 0.6926 0.6956 -0.1910
vn 0.2020 0.9746 -0.0970
vn 0.2980 0.8740 -0.3838
vn 0.6028 0.7281 -0.3264
vn -0.0060 0.9927 -0.1208
vn 0.2904 0.8170 -0.4983
vn -0.0398 0.9825 -0.1817
vn -0.0121 0.9794 -0.2018
vn 0.0142 0.9906 -0.1364
vn -0.1134 0.9925 -0.0460
vn 0.8366 0.4840 -0.2567
vn 0.8722 0.4667 -0.1465
vn 0.8976 0.4394 -0.0348
vn 0.9728 0.2270 -0.0468
vn 0.9651 0.2411 -0.1019
vn 0.9671 0.2124 -0.1396
vn 0.8099 0.5143 -0.2820
vn 0.5742 0.7099 -0.4079
vn 0.9973 -0.0657 0.0333
vn 0.9997 -0.0219 -0.0081
vn 0.9222 -0.3113 0.2293
vn 0.9508 -0.2727 0.1470
vn 0.7058 -0.5541 0.4414
vn 0.7607 -0.5590 0.3301
vn 0.9755 -0.2151 0.0451
vn 0.9997 0.0160 -0.0194
vn 0.9605 0.2722 -0.0570
vn 0.8084 0.5015 -0.3082
vn 0.5841 0.6759 -0.4494
vn 0.2719 0.7971 -0.5391
vn 0.1969 0.8006 -0.5659
vn -0.6277 0.4514 0.6342
vn -0.6578 0.4468 0.6064
vn -0.2972 0.6014 0.7416
vn -0.3305 0.6174 0.7138
vn -0.6905 0.4540 0.5631
vn -0.8616 0.3010 0.4088
vn -0.9777 0.1490 0.1479
vn -0.8715 0.3350 0.3581
vn -0.7055 0.4907 0.5113
vn -0.8908 0.3746 0.2572
vn -0.9702 -0.2410 -0.0260
vn -0.9899 0.1411 -0.0172
vn -0.8871 0.4540 0.0836
vn -0.6327 0.7289 0.2616
vn -0.7102 0.5783 0.4015
vn -0.2054 0.8705 0.4473
vn -0.3619 0.7566 0.5446
vn -0.3724 0.6551 0.6574
vn -0.4467 0.8074 0.3855
vn 0.0388 0.8577 0.5126
vn -0.8592 0.4867 0.1577
vn 0.2795 0.9045 0.3222
vn -0.1672 0.9294 0.3289
vn -0.7758 0.5568 0.2968
vn -0.9986 0.0531 -0.0044
vn -0.9736 -0.0011 0.2281
vn -0.8972 -0.4343 -0.0802
vn -0.8046 -0.5766 0.1421
vn -0.5411 -0.8374 -0.0772
vn -0.3110 -0.9471 0.0788
vn -0.7104 -0.7037 0.0148
vn -0.2270 -0.9738 -0.0138
vn -0.0047 -0.9895 0.1443
vn 0.2699 -0.9042 0.3311
vn 0.0436 -0.9840 0.1729
vn -0.7054 -0.6629 0.2510
vn 0.7081 -0.0532 0.7042
vn 0.4364 -0.6383 0.6341
vn -0.4986 -0.6380 0.5868
vn -0.9336 0.1033 0.3432
vn -0.5239 -0.0406 0.8508
vn 0.0276 0.3601 0.9325
vn -0.5861 0.7291 0.3534
vn 0.5681 0.6472 0.5083
vn 0.2177 0.9653 0.1444
vn 0.3831 0.9057 0.1816
vn 0.2496 0.9130 0.3226
vn 0.4197 0.6270 0.6564
vn 0.2287 0.8888 0.3971
vn -0.9233 -0.1966 -0.3300
vn -0.9730 -0.2060 -0.1041
vn -0.9387 -0.2472 0.2401
vn -0.8566 -0.4506 -0.2513
vn -0.6954 -0.4169 -0.5854
vn -0.8017 -0.4786 0.3580
vn -0.4597 -0.5421 -0.7034
vn -0.5513 -0.7015 -0.4517
vn -0.5347 -0.7561 0.3774
vn -0.1919 -0.7523 -0.6303
vn -0.1444 -0.6224 -0.7692
vn 0.3690 -0.6058 -0.7048
vn 0.8201 -0.3923 -0.4165
vn 0.8829 -0.3700 -0.2890
vn 0.9214 -0.3273 -0.2097
vn 0.9900 -0.1149 -0.0816
vn 0.9908 -0.1280 -0.0440
vn 0.9948 -0.0994 -0.0235
vn 0.9991 -0.0207 -0.0381
vn 0.9969 0.0689 -0.0388
vn 0.9879 0.1459 -0.0530
vn 0.8503 -0.4899 -0.1923
vn -0.6731 -0.6496 -0.3534
vn 0.7450 -0.6602 -0.0951
vn -0.0605 -0.5960 0.8007
vn 0.4572 0.0501 -0.8879
vt 0.839147 0.397621
vt 0.836770 0.393996
vt 0.840323 0.391350
vt 0.842347 0.394879
vt 0.844016 0.388514
vt 0.846266 0.392253
vt 0.839000 0.382791
vt 0.827435 0.402494
vt 0.830893 0.391082
vt 0.838095 0.403634
vt 0.839269 0.415786
vt 0.833399 0.413825
vt 0.912906 0.913752
vt 0.908532 0.912093
vt 0.906809 0.898795
vt 0.910590 0.898583
vt 0.902766 0.899592
vt 0.903335 0.877311
vt 0.907419 0.877569
vt 0.911540 0.878436
vt 0.845549 0.402007
vt 0.846734 0.415799
vt 0.899305 0.879750
vt 0.899199 0.901281
vt 0.894991 0.859841
vt 0.902342 0.858652
vt 0.908415 0.857972
vt 0.901197 0.842111
vt 0.895913 0.842195
vt 0.907148 0.841314
vt 0.913684 0.858228
vt 0.912881 0.840838
vt 0.918435 0.840432
vt 0.917804 0.858458
vt 0.915149 0.880353
vt 0.924176 0.840237
vt 0.922521 0.858199
vt 0.919707 0.879696
vt 0.918216 0.897727
vt 0.914943 0.898739
vt 0.915284 0.913583
vt 0.918905 0.924067
vt 0.922582 0.910987
vt 0.921716 0.897306
vt 0.924801 0.878286
vt 0.924682 0.896692
vt 0.924414 0.909268
vt 0.932231 0.878545
vt 0.935866 0.858602
vt 0.928495 0.858575
vt 0.930439 0.840281
vt 0.937494 0.840315
vt 0.924522 0.820275
vt 0.931017 0.819976
vt 0.937734 0.819902
vt 0.930918 0.798642
vt 0.938943 0.798630
vt 0.923740 0.798871
vt 0.930385 0.775242
vt 0.939373 0.774930
vt 0.922623 0.775510
vt 0.947263 0.798965
vt 0.944616 0.820141
vt 0.949366 0.774708
vt 0.928542 0.750434
vt 0.938064 0.749677
vt 0.949551 0.748968
vt 0.933980 0.726023
vt 0.946245 0.726114
vt 0.924433 0.726633
vt 0.920893 0.750888
vt 0.917446 0.727342
vt 0.913971 0.751293
vt 0.911265 0.728048
vt 0.915797 0.775561
vt 0.917303 0.799092
vt 0.909289 0.776118
vt 0.911303 0.799426
vt 0.906981 0.751705
vt 0.912643 0.821078
vt 0.918470 0.820600
vt 0.906887 0.821326
vt 0.905318 0.800092
vt 0.901173 0.821691
vt 0.899007 0.800882
vt 0.895837 0.822199
vt 0.892482 0.801796
vt 0.890099 0.822940
vt 0.885153 0.803504
vt 0.890442 0.840923
vt 0.984937 0.843215
vt 0.990032 0.844319
vt 0.995319 0.864305
vt 0.988237 0.856983
vt 0.884810 0.839142
vt 0.883923 0.823792
vt 0.980738 0.846286
vt 0.977929 0.835566
vt 0.987155 0.865287
vt 0.982863 0.856580
vt 0.987210 0.877318
vt 0.974332 0.837375
vt 0.975653 0.845022
vt 0.977554 0.851465
vt 0.980534 0.858509
vt 0.977589 0.858541
vt 0.983493 0.867930
vt 0.978074 0.871717
vt 0.979125 0.865083
vt 0.976127 0.863656
vt 0.982843 0.880744
vt 0.976514 0.884301
vt 0.979367 0.899404
vt 0.969906 0.899655
vt 0.987023 0.894557
vt 0.973269 0.872530
vt 0.967610 0.882008
vt 0.963595 0.897533
vt 0.955193 0.891932
vt 0.961733 0.878707
vt 0.968068 0.870004
vt 0.973234 0.861840
vt 0.955799 0.875959
vt 0.964558 0.864459
vt 0.969985 0.858505
vt 0.974862 0.855056
vt 0.972562 0.854940
vt 0.973741 0.850815
vt 0.969960 0.850653
vt 0.967532 0.844622
vt 0.971863 0.844688
vt 0.968821 0.835374
vt 0.964127 0.835621
vt 0.963649 0.821381
vt 0.969647 0.821803
vt 0.975673 0.822684
vt 0.878576 0.824840
vt 0.879959 0.837784
vt 0.871870 0.806495
vt 0.878019 0.804990
vt 0.974564 0.801718
vt 0.981026 0.802710
vt 0.863578 0.784010
vt 0.871000 0.782903
vt 0.980716 0.776088
vt 0.987816 0.777693
vt 0.968221 0.800803
vt 0.973553 0.775508
vt 0.961615 0.800222
vt 0.966632 0.775056
vt 0.957509 0.820873
vt 0.958770 0.774856
vt 0.954864 0.799562
vt 0.950717 0.820602
vt 0.958314 0.836783
vt 0.951817 0.838841
vt 0.944878 0.840021
vt 0.956579 0.852232
vt 0.962514 0.847459
vt 0.944955 0.858906
vt 0.937509 0.880036
vt 0.942578 0.882829
vt 0.951553 0.867297
vt 0.960679 0.858757
vt 0.948104 0.888372
vt 0.936351 0.899296
vt 0.941745 0.904851
vt 0.948385 0.911353
vt 0.954331 0.914960
vt 0.935232 0.928347
vt 0.935121 0.920424
vt 0.931402 0.916347
vt 0.933901 0.933118
vt 0.958646 0.917647
vt 0.913488 0.928339
vt 0.925359 0.922623
vt 0.853375 0.386453
vt 0.852430 0.381494
vt 0.939672 0.932823
vt 0.968453 0.918821
vt 0.851541 0.396519
vt 0.979792 0.919628
vt 0.948466 0.936567
vt 0.991114 0.893250
vt 0.983961 0.919082
vt 0.853375 0.414221
vt 0.926123 0.917991
vt 0.928303 0.907380
vt 0.931234 0.907925
vt 0.929904 0.897444
vt 0.966572 0.854252
vt 0.970362 0.747029
vt 0.977898 0.747221
vt 0.961467 0.748028
vt 0.959198 0.724286
vt 0.969923 0.725144
vt 0.964091 0.714894
vt 0.969688 0.715867
vt 0.948561 0.705454
vt 0.962056 0.703732
vt 0.937000 0.705581
vt 0.927149 0.706497
vt 0.940454 0.691626
vt 0.930014 0.692730
vt 0.921887 0.694084
vt 0.915474 0.694565
vt 0.919309 0.707267
vt 0.919568 0.687418
vt 0.925934 0.684412
vt 0.915010 0.685688
vt 0.909995 0.694800
vt 0.909419 0.684659
vt 0.913006 0.707930
vt 0.907336 0.708438
vt 0.904680 0.694702
vt 0.903784 0.684075
vt 0.902266 0.709318
vt 0.899512 0.695311
vt 0.905235 0.728511
vt 0.898608 0.728734
vt 0.899904 0.752280
vt 0.896576 0.710142
vt 0.902642 0.776958
vt 0.891948 0.753334
vt 0.890945 0.729043
vt 0.895626 0.777895
vt 0.887833 0.779566
vt 0.882870 0.754529
vt 0.879390 0.781344
vt 0.873974 0.755736
vt 0.871957 0.728929
vt 0.882044 0.728783
vt 0.865821 0.755921
vt 0.863977 0.730802
vt 0.855666 0.735382
vt 0.857938 0.756729
vt 0.994911 0.748770
vt 0.985865 0.747760
vt 0.986122 0.727538
vt 0.995319 0.726310
vt 0.977595 0.725957
vt 0.977136 0.717972
vt 0.985170 0.719492
vt 0.638156 0.855889
vt 0.641797 0.853975
vt 0.641916 0.861158
vt 0.637682 0.860543
vt 0.639396 0.867335
vt 0.635898 0.865870
vt 0.970805 0.711113
vt 0.640333 0.842414
vt 0.655550 0.843352
vt 0.652920 0.854225
vt 0.650986 0.863125
vt 0.670370 0.858273
vt 0.667901 0.867874
vt 0.673979 0.848247
vt 0.657767 0.832253
vt 0.679012 0.838690
vt 0.639789 0.827276
vt 0.660552 0.823389
vt 0.683114 0.829678
vt 0.641668 0.817666
vt 0.954663 0.689838
vt 0.628117 0.820509
vt 0.627872 0.812299
vt 0.936580 0.682832
vt 0.629351 0.805189
vt 0.642846 0.810109
vt 0.618785 0.806840
vt 0.619573 0.800528
vt 0.612821 0.803258
vt 0.611572 0.799146
vt 0.611099 0.793032
vt 0.619850 0.794518
vt 0.630709 0.798539
vt 0.611591 0.786383
vt 0.621142 0.788463
vt 0.632576 0.791835
vt 0.644422 0.803223
vt 0.646450 0.796052
vt 0.665027 0.808849
vt 0.662930 0.815831
vt 0.667015 0.801594
vt 0.688873 0.813608
vt 0.686324 0.821460
vt 0.713687 0.818101
vt 0.710764 0.827085
vt 0.707280 0.836361
vt 0.716200 0.808853
vt 0.690841 0.805655
vt 0.692333 0.797526
vt 0.668981 0.794100
vt 0.718558 0.799287
vt 0.739752 0.812009
vt 0.737044 0.822276
vt 0.742605 0.801188
vt 0.744328 0.792505
vt 0.720655 0.790117
vt 0.693972 0.788314
vt 0.764483 0.796821
vt 0.762716 0.804256
vt 0.760489 0.816229
vt 0.771452 0.805364
vt 0.776662 0.822697
vt 0.774595 0.798948
vt 0.776941 0.830812
vt 0.758445 0.826486
vt 0.734257 0.832013
vt 0.756184 0.836256
vt 0.776684 0.837927
vt 0.754040 0.845845
vt 0.776299 0.846581
vt 0.731464 0.842012
vt 0.341280 0.347934
vt 0.332893 0.366096
vt 0.328922 0.364025
vt 0.336865 0.345763
vt 0.332925 0.345254
vt 0.325056 0.362877
vt 0.332674 0.332615
vt 0.337944 0.334057
vt 0.343620 0.330608
vt 0.791363 0.853816
vt 0.774511 0.857233
vt 0.791426 0.848283
vt 0.351213 0.330446
vt 0.345870 0.351794
vt 0.340700 0.321323
vt 0.349197 0.320520
vt 0.339928 0.310858
vt 0.348258 0.308191
vt 0.334363 0.313533
vt 0.336008 0.298724
vt 0.341920 0.296506
vt 0.349130 0.293068
vt 0.349060 0.269041
vt 0.339619 0.270452
vt 0.331091 0.271753
vt 0.234222 0.218515
vt 0.238569 0.221733
vt 0.236555 0.248090
vt 0.231732 0.241477
vt 0.230487 0.260316
vt 0.234285 0.261069
vt 0.226508 0.235876
vt 0.229006 0.211432
vt 0.225034 0.258852
vt 0.235282 0.272829
vt 0.230735 0.274079
vt 0.224937 0.275876
vt 0.216970 0.256921
vt 0.216807 0.279171
vt 0.218695 0.230060
vt 0.208672 0.277946
vt 0.208604 0.254944
vt 0.210102 0.227008
vt 0.204180 0.228592
vt 0.201955 0.253281
vt 0.201036 0.274929
vt 0.207892 0.200106
vt 0.214026 0.202667
vt 0.221284 0.205292
vt 0.211771 0.175025
vt 0.217087 0.180032
vt 0.221976 0.191077
vt 0.230380 0.194464
vt 0.239396 0.200870
vt 0.305342 0.261772
vt 0.305951 0.250587
vt 0.316818 0.244610
vt 0.316029 0.258801
vt 0.300082 0.253994
vt 0.298919 0.261184
vt 0.869249 0.274835
vt 0.878501 0.283753
vt 0.880108 0.291376
vt 0.870887 0.281694
vt 0.323756 0.273551
vt 0.328174 0.255545
vt 0.329220 0.244015
vt 0.301691 0.242116
vt 0.305952 0.236378
vt 0.320534 0.227077
vt 0.329903 0.229673
vt 0.311453 0.223257
vt 0.313518 0.203247
vt 0.320559 0.207108
vt 0.328177 0.209113
vt 0.335809 0.210138
vt 0.341193 0.231035
vt 0.339678 0.243363
vt 0.343508 0.208510
vt 0.351642 0.230217
vt 0.352264 0.243399
vt 0.359761 0.227592
vt 0.364119 0.243409
vt 0.349650 0.205927
vt 0.342433 0.181484
vt 0.335248 0.181517
vt 0.328566 0.182321
vt 0.349109 0.180509
vt 0.356078 0.203530
vt 0.365265 0.223773
vt 0.356207 0.179427
vt 0.363076 0.200715
vt 0.372314 0.220035
vt 0.346037 0.158683
vt 0.352881 0.157887
vt 0.338777 0.158753
vt 0.344825 0.141193
vt 0.351441 0.140866
vt 0.336764 0.141140
vt 0.331693 0.158933
vt 0.328896 0.140146
vt 0.324832 0.158353
vt 0.322270 0.139179
vt 0.335572 0.127404
vt 0.327962 0.126087
vt 0.320919 0.124198
vt 0.334862 0.117006
vt 0.328818 0.115593
vt 0.322327 0.113939
vt 0.316998 0.112382
vt 0.315075 0.123077
vt 0.316098 0.137781
vt 0.311622 0.111263
vt 0.309864 0.122301
vt 0.311196 0.136792
vt 0.306514 0.136318
vt 0.303675 0.122634
vt 0.305496 0.111122
vt 0.301383 0.136068
vt 0.295902 0.124185
vt 0.298984 0.110912
vt 0.309404 0.155374
vt 0.305159 0.153461
vt 0.313818 0.157142
vt 0.316779 0.180961
vt 0.311944 0.177528
vt 0.308039 0.175464
vt 0.318831 0.157918
vt 0.322352 0.182017
vt 0.298090 0.137283
vt 0.301002 0.151350
vt 0.304254 0.172376
vt 0.295353 0.137994
vt 0.297295 0.150479
vt 0.300614 0.169860
vt 0.386050 0.156786
vt 0.382947 0.160033
vt 0.377910 0.145213
vt 0.380273 0.142724
vt 0.377398 0.132609
vt 0.374771 0.133488
vt 0.287183 0.128599
vt 0.293083 0.127791
vt 0.378155 0.122437
vt 0.375016 0.122146
vt 0.371763 0.123290
vt 0.372211 0.134684
vt 0.375444 0.147317
vt 0.369539 0.135196
vt 0.368735 0.120878
vt 0.373328 0.149553
vt 0.373193 0.107197
vt 0.377108 0.106770
vt 0.369593 0.106023
vt 0.367194 0.137366
vt 0.366384 0.123159
vt 0.367295 0.104788
vt 0.357174 0.113324
vt 0.359196 0.107596
vt 0.361440 0.124057
vt 0.364451 0.138006
vt 0.362824 0.098577
vt 0.365298 0.081758
vt 0.369785 0.083712
vt 0.357979 0.078743
vt 0.352788 0.089972
vt 0.347914 0.075217
vt 0.352338 0.099418
vt 0.340307 0.085434
vt 0.340072 0.073518
vt 0.343253 0.094396
vt 0.351163 0.105120
vt 0.342652 0.099835
vt 0.354182 0.115051
vt 0.348622 0.108370
vt 0.342932 0.104786
vt 0.334995 0.101959
vt 0.333116 0.097395
vt 0.327391 0.091668
vt 0.321698 0.096985
vt 0.318472 0.093513
vt 0.324175 0.100740
vt 0.340814 0.107899
vt 0.334736 0.105634
vt 0.326093 0.103911
vt 0.317205 0.103630
vt 0.309735 0.104008
vt 0.320928 0.105742
vt 0.329495 0.107928
vt 0.324091 0.108118
vt 0.334572 0.109733
vt 0.339561 0.111538
vt 0.341974 0.118014
vt 0.342631 0.128098
vt 0.346725 0.117960
vt 0.349136 0.127405
vt 0.344126 0.112989
vt 0.350739 0.116539
vt 0.354455 0.126447
vt 0.356595 0.140232
vt 0.358170 0.125753
vt 0.360975 0.139333
vt 0.363457 0.156535
vt 0.359140 0.157759
vt 0.367383 0.155071
vt 0.371475 0.172746
vt 0.367208 0.175535
vt 0.362788 0.178645
vt 0.379653 0.189089
vt 0.375638 0.192977
vt 0.369465 0.197240
vt 0.374551 0.169819
vt 0.382791 0.185161
vt 0.370726 0.152639
vt 0.377531 0.166654
vt 0.385705 0.180917
vt 0.380369 0.163145
vt 0.388641 0.177988
vt 0.391606 0.174950
vt 0.405281 0.190748
vt 0.402642 0.195203
vt 0.408280 0.186605
vt 0.394664 0.171475
vt 0.410957 0.182329
vt 0.304745 0.194070
vt 0.300964 0.189701
vt 0.299769 0.210017
vt 0.295646 0.205694
vt 0.292241 0.223534
vt 0.288002 0.219173
vt 0.431811 0.193139
vt 0.429646 0.198166
vt 0.304656 0.215716
vt 0.298432 0.228931
vt 0.308654 0.198302
vt 0.294188 0.236402
vt 0.287655 0.233568
vt 0.284565 0.240654
vt 0.291074 0.241660
vt 0.297537 0.246335
vt 0.282724 0.230877
vt 0.277204 0.241790
vt 0.943336 0.107097
vt 0.937853 0.111986
vt 0.934089 0.106727
vt 0.941438 0.102633
vt 0.948899 0.100698
vt 0.950898 0.105595
vt 0.773735 0.251323
vt 0.783252 0.243719
vt 0.804433 0.243051
vt 0.790216 0.254485
vt 0.793926 0.230444
vt 0.808071 0.230983
vt 0.752410 0.247356
vt 0.760181 0.242805
vt 0.781934 0.261460
vt 0.766944 0.257409
vt 0.751252 0.251372
vt 0.759713 0.263218
vt 0.742782 0.263306
vt 0.773999 0.267817
vt 0.798247 0.261100
vt 0.793402 0.267128
vt 0.783144 0.275294
vt 0.778407 0.285573
vt 0.769124 0.273985
vt 0.755830 0.270474
vt 0.110405 0.114801
vt 0.074932 0.104119
vt 0.077011 0.097141
vt 0.113776 0.106109
vt 0.141508 0.115232
vt 0.135751 0.126388
vt 0.159325 0.119446
vt 0.158906 0.137556
vt 0.141784 0.104835
vt 0.159536 0.108228
vt 0.179988 0.107690
vt 0.179819 0.115427
vt 0.181497 0.123848
vt 0.124477 0.141988
vt 0.144917 0.153681
vt 0.157130 0.161263
vt 0.170816 0.147937
vt 0.184593 0.130762
vt 0.197254 0.111536
vt 0.198898 0.116563
vt 0.196790 0.106009
vt 0.211599 0.094234
vt 0.209623 0.092243
vt 0.208601 0.089210
vt 0.195845 0.100947
vt 0.206735 0.087710
vt 0.217037 0.074715
vt 0.218265 0.076107
vt 0.215558 0.073545
vt 0.205467 0.084239
vt 0.213937 0.071663
vt 0.195235 0.096110
vt 0.219796 0.058279
vt 0.221617 0.058291
vt 0.223380 0.057556
vt 0.205033 0.079299
vt 0.212764 0.068505
vt 0.218238 0.056916
vt 0.211542 0.065444
vt 0.217656 0.053466
vt 0.204361 0.074173
vt 0.223540 0.047761
vt 0.225068 0.047331
vt 0.222368 0.044217
vt 0.868077 0.067052
vt 0.871960 0.059766
vt 0.873016 0.062849
vt 0.870178 0.069986
vt 0.872634 0.070875
vt 0.874971 0.066107
vt 0.226866 0.045108
vt 0.867578 0.057168
vt 0.873393 0.054989
vt 0.863358 0.080856
vt 0.860010 0.078814
vt 0.867107 0.084176
vt 0.873852 0.048599
vt 0.869972 0.044399
vt 0.865447 0.041343
vt 0.862221 0.052701
vt 0.856384 0.072373
vt 0.854699 0.103029
vt 0.850773 0.100620
vt 0.847091 0.098042
vt 0.851616 0.070966
vt 0.843055 0.095058
vt 0.857465 0.051489
vt 0.839063 0.092547
vt 0.847078 0.068001
vt 0.852802 0.048589
vt 0.861169 0.036856
vt 0.856657 0.033819
vt 0.860791 0.023943
vt 0.864798 0.027091
vt 0.868808 0.031756
vt 0.864620 0.014465
vt 0.868089 0.019686
vt 0.871053 0.024107
vt 0.873315 0.039700
vt 0.875050 0.031930
vt 0.232314 0.038515
vt 0.231444 0.038419
vt 0.232704 0.027859
vt 0.236562 0.023726
vt 0.876559 0.045710
vt 0.224800 0.056904
vt 0.226640 0.056075
vt 0.229163 0.041650
vt 0.220492 0.075050
vt 0.224027 0.072353
vt 0.213782 0.095109
vt 0.229798 0.052862
vt 0.233543 0.050021
vt 0.225958 0.073162
vt 0.215079 0.098012
vt 0.201233 0.120439
vt 0.203518 0.123300
vt 0.192438 0.140842
vt 0.188931 0.136493
vt 0.176736 0.153704
vt 0.180789 0.158964
vt 0.206750 0.123660
vt 0.194788 0.145973
vt 0.185632 0.163039
vt 0.180806 0.175943
vt 0.170893 0.173447
vt 0.164908 0.167594
vt 0.165804 0.186106
vt 0.154033 0.181233
vt 0.178502 0.190561
vt 0.142254 0.175830
vt 0.127719 0.169494
vt 0.115444 0.190700
vt 0.129674 0.195173
vt 0.144011 0.200231
vt 0.108933 0.163567
vt 0.097025 0.188045
vt 0.099736 0.130400
vt 0.083993 0.157091
vt 0.075100 0.183653
vt 0.087849 0.214122
vt 0.104520 0.216122
vt 0.068648 0.214696
vt 0.043008 0.212415
vt 0.046580 0.180359
vt 0.056723 0.150895
vt 0.020594 0.174843
vt 0.028309 0.143137
vt 0.020409 0.211644
vt 0.064936 0.247741
vt 0.044387 0.252142
vt 0.024544 0.250466
vt 0.045983 0.290663
vt 0.061789 0.286727
vt 0.034308 0.290337
vt 0.003607 0.211065
vt 0.009509 0.249945
vt 0.019196 0.285191
vt 0.404501 0.355823
vt 0.397084 0.349224
vt 0.402565 0.321257
vt 0.411000 0.327077
vt 0.397198 0.386914
vt 0.389825 0.378426
vt 0.793503 0.957431
vt 0.783128 0.961029
vt 0.774594 0.944368
vt 0.777592 0.939954
vt 0.378029 0.408753
vt 0.385697 0.417910
vt 0.775499 0.934440
vt 0.749242 0.936206
vt 0.751634 0.926266
vt 0.749334 0.945771
vt 0.051938 0.321566
vt 0.046136 0.321995
vt 0.063728 0.357007
vt 0.056598 0.358075
vt 0.086701 0.390832
vt 0.075330 0.389628
vt 0.720386 0.932557
vt 0.723615 0.926207
vt 0.700159 0.921976
vt 0.703632 0.914768
vt 0.083441 0.413450
vt 0.090532 0.414720
vt 0.094536 0.418084
vt 0.104556 0.409419
vt 0.116679 0.403558
vt 0.098976 0.382139
vt 0.078902 0.353469
vt 0.746547 0.778498
vt 0.744588 0.782328
vt 0.745733 0.768021
vt 0.748849 0.765977
vt 0.725466 0.763664
vt 0.746039 0.762434
vt 0.725208 0.771140
vt 0.723353 0.781752
vt 0.696692 0.769638
vt 0.697249 0.761003
vt 0.695774 0.779217
vt 0.673004 0.768133
vt 0.673866 0.759083
vt 0.672201 0.776965
vt 0.670919 0.785287
vt 0.652215 0.781321
vt 0.654370 0.774215
vt 0.649356 0.788631
vt 0.636730 0.778010
vt 0.634638 0.784805
vt 0.622534 0.781829
vt 0.624768 0.776197
vt 0.613317 0.779315
vt 0.616747 0.773547
vt 0.620338 0.769257
vt 0.626889 0.770000
vt 0.639099 0.770867
vt 0.629671 0.760526
vt 0.643379 0.762918
vt 0.620480 0.760647
vt 0.894288 0.695855
vt 0.888692 0.696900
vt 0.888560 0.688747
vt 0.892539 0.685652
vt 0.890073 0.710336
vt 0.881288 0.697610
vt 0.881514 0.710322
vt 0.869185 0.712059
vt 0.870196 0.698874
vt 0.663461 0.748575
vt 0.659281 0.757510
vt 0.650267 0.752121
vt 0.658222 0.745544
vt 0.861423 0.719447
vt 0.656451 0.766465
vt 0.675126 0.749907
vt 0.626084 0.877928
vt 0.632190 0.871516
vt 0.635591 0.873455
vt 0.628949 0.880041
vt 0.643625 0.878207
vt 0.637890 0.885080
vt 0.647902 0.870911
vt 0.658715 0.894074
vt 0.662148 0.885880
vt 0.665238 0.877203
vt 0.689410 0.885788
vt 0.685845 0.895504
vt 0.682496 0.904827
vt 0.707787 0.904875
vt 0.712356 0.894638
vt 0.697628 0.752156
vt 0.723668 0.754656
vt 0.682471 0.912709
vt 0.728988 0.915485
vt 0.735214 0.904682
vt 0.717581 0.883929
vt 0.742448 0.892967
vt 0.693096 0.875503
vt 0.722061 0.873054
vt 0.746544 0.879283
vt 0.696703 0.865448
vt 0.700131 0.855847
vt 0.725443 0.862492
vt 0.703751 0.846027
vt 0.728419 0.852252
vt 0.751819 0.856473
vt 0.749679 0.867148
vt 0.774072 0.869314
vt 0.770569 0.882961
vt 0.768806 0.898678
vt 0.350125 0.383398
vt 0.351952 0.365474
vt 0.362116 0.372791
vt 0.355505 0.390105
vt 0.786210 0.892015
vt 0.784926 0.901715
vt 0.758416 0.915326
vt 0.362774 0.415614
vt 0.365040 0.387053
vt 0.372919 0.399436
vt 0.370954 0.420991
vt 0.377104 0.361787
vt 0.383201 0.371899
vt 0.370861 0.352238
vt 0.776963 0.926202
vt 0.383215 0.336412
vt 0.390363 0.342721
vt 0.394142 0.316649
vt 0.385539 0.312574
vt 0.386406 0.288837
vt 0.395539 0.291422
vt 0.405323 0.295733
vt 0.406728 0.271577
vt 0.395795 0.269565
vt 0.385813 0.268088
vt 0.375244 0.308778
vt 0.375055 0.286596
vt 0.374800 0.266316
vt 0.375255 0.253526
vt 0.384203 0.252341
vt 0.393083 0.251592
vt 0.380687 0.237754
vt 0.388608 0.234172
vt 0.373671 0.241167
vt 0.363573 0.253368
vt 0.361500 0.265904
vt 0.350690 0.252388
vt 0.338793 0.254107
vt 0.361302 0.288914
vt 0.361549 0.307780
vt 0.374879 0.329050
vt 0.362615 0.322805
vt 0.361811 0.342614
vt 0.793503 0.863389
vt 0.379973 0.215640
vt 0.388289 0.211594
vt 0.399090 0.231553
vt 0.394142 0.206989
vt 0.412810 0.228510
vt 0.404074 0.250873
vt 0.417806 0.251505
vt 0.437774 0.254139
vt 0.437491 0.235451
vt 0.440201 0.226848
vt 0.419512 0.216063
vt 0.399116 0.200523
vt 0.423805 0.209120
vt 0.444236 0.220145
vt 0.426634 0.203186
vt 0.447132 0.213341
vt 0.448833 0.206460
vt 0.449690 0.199142
vt 0.736017 0.276322
vt 0.727365 0.291376
vt 0.751927 0.280223
vt 0.035919 0.114139
vt 0.034258 0.095593
vt 0.067406 0.120764
vt 0.435222 0.281261
vt 0.418981 0.275347
vt 0.415087 0.300108
vt 0.428809 0.305072
vt 0.000397 0.176839
vt 0.993685 0.717827
vt 0.853761 0.726813
vt 0.897804 0.684491
vt 0.764307 0.786528
vt 0.761603 0.790081
vt 0.231284 0.338497
vt 0.232079 0.361599
vt 0.223022 0.323550
vt 0.227949 0.324539
vt 0.240913 0.362719
vt 0.241540 0.381805
vt 0.220458 0.313566
vt 0.226527 0.318964
vt 0.227336 0.359128
vt 0.218258 0.328741
vt 0.213388 0.310950
vt 0.213681 0.329794
vt 0.206683 0.309213
vt 0.221774 0.359751
vt 0.202013 0.312566
vt 0.208556 0.332739
vt 0.216749 0.361406
vt 0.230333 0.397459
vt 0.225524 0.398885
vt 0.236845 0.401005
vt 0.244439 0.433291
vt 0.238533 0.430912
vt 0.233131 0.429191
vt 0.242338 0.460022
vt 0.246889 0.459927
vt 0.252524 0.462456
vt 0.259068 0.485052
vt 0.254079 0.484683
vt 0.249078 0.484263
vt 0.257246 0.461949
vt 0.264912 0.485560
vt 0.249840 0.433733
vt 0.263195 0.464061
vt 0.270803 0.484073
vt 0.256777 0.437899
vt 0.242948 0.405927
vt 0.246902 0.404981
vt 0.246886 0.387641
vt 0.254646 0.413657
vt 0.263824 0.443313
vt 0.257864 0.396695
vt 0.262600 0.422036
vt 0.270613 0.447338
vt 0.250130 0.372501
vt 0.119114 0.427983
vt 0.105491 0.429912
vt 0.131977 0.424422
vt 0.146757 0.447175
vt 0.135353 0.450095
vt 0.130047 0.397311
vt 0.145123 0.419924
vt 0.158163 0.444994
vt 0.149722 0.473282
vt 0.158598 0.469366
vt 0.167576 0.466098
vt 0.169797 0.443099
vt 0.177019 0.464668
vt 0.158225 0.415960
vt 0.171816 0.412274
vt 0.182002 0.443917
vt 0.188151 0.464752
vt 0.190361 0.474992
vt 0.181458 0.475797
vt 0.173222 0.478215
vt 0.194259 0.441669
vt 0.202591 0.466265
vt 0.207256 0.480213
vt 0.952762 0.621076
vt 0.947032 0.625883
vt 0.940057 0.618030
vt 0.951347 0.615852
vt 0.936128 0.636038
vt 0.927680 0.634358
vt 0.218953 0.483976
vt 0.222346 0.496774
vt 0.209299 0.489630
vt 0.213419 0.465430
vt 0.227641 0.485130
vt 0.232518 0.500319
vt 0.221386 0.464010
vt 0.901939 0.659368
vt 0.907502 0.647315
vt 0.916110 0.648212
vt 0.909908 0.659975
vt 0.915056 0.632828
vt 0.900437 0.646450
vt 0.904956 0.632447
vt 0.897909 0.656828
vt 0.909593 0.612623
vt 0.922009 0.614165
vt 0.897018 0.631417
vt 0.900197 0.611327
vt 0.894273 0.646385
vt 0.891125 0.630244
vt 0.893240 0.609666
vt 0.888977 0.645973
vt 0.893808 0.659141
vt 0.888479 0.659259
vt 0.884150 0.646444
vt 0.883489 0.659652
vt 0.885834 0.629030
vt 0.879731 0.645511
vt 0.881338 0.628540
vt 0.878353 0.659401
vt 0.880731 0.606389
vt 0.886974 0.608038
vt 0.893040 0.587096
vt 0.886499 0.584777
vt 0.880249 0.582714
vt 0.900446 0.588915
vt 0.891320 0.563816
vt 0.898553 0.565654
vt 0.885017 0.561981
vt 0.882522 0.539980
vt 0.888570 0.541571
vt 0.895113 0.543316
vt 0.906961 0.567112
vt 0.909776 0.590438
vt 0.902275 0.544604
vt 0.885251 0.520522
vt 0.890919 0.521652
vt 0.897050 0.522620
vt 0.892686 0.501876
vt 0.886654 0.501511
vt 0.881402 0.501821
vt 0.879976 0.519454
vt 0.876678 0.501286
vt 0.871694 0.485265
vt 0.876340 0.485864
vt 0.881124 0.485624
vt 0.864205 0.469002
vt 0.869074 0.469456
vt 0.874455 0.469799
vt 0.887720 0.485213
vt 0.880968 0.469751
vt 0.867657 0.456042
vt 0.872205 0.456317
vt 0.863493 0.455643
vt 0.860120 0.443469
vt 0.863107 0.443737
vt 0.868225 0.445774
vt 0.873365 0.445577
vt 0.877175 0.454810
vt 0.886153 0.468581
vt 0.882433 0.451592
vt 0.891034 0.465696
vt 0.878655 0.441479
vt 0.871721 0.440084
vt 0.874537 0.440014
vt 0.868154 0.438813
vt 0.872984 0.436787
vt 0.866802 0.435852
vt 0.872049 0.432575
vt 0.864860 0.432417
vt 0.875302 0.429805
vt 0.882473 0.431613
vt 0.881760 0.424749
vt 0.881310 0.437125
vt 0.892171 0.443213
vt 0.887322 0.447722
vt 0.896816 0.438951
vt 0.881722 0.421785
vt 0.905828 0.435915
vt 0.906662 0.453598
vt 0.914134 0.450261
vt 0.901121 0.457862
vt 0.919249 0.462835
vt 0.913714 0.467667
vt 0.909678 0.472563
vt 0.920011 0.475345
vt 0.917141 0.480545
vt 0.923773 0.471579
vt 0.929180 0.469295
vt 0.927411 0.460321
vt 0.922002 0.448093
vt 0.927396 0.477289
vt 0.924657 0.481295
vt 0.929818 0.474542
vt 0.935762 0.471037
vt 0.933444 0.477259
vt 0.935802 0.461123
vt 0.943223 0.477098
vt 0.937547 0.480407
vt 0.943553 0.464913
vt 0.946389 0.485014
vt 0.939297 0.488928
vt 0.957057 0.478634
vt 0.931023 0.481095
vt 0.932975 0.485697
vt 0.933768 0.492619
vt 0.940698 0.500064
vt 0.934723 0.502168
vt 0.945884 0.499240
vt 0.950477 0.513405
vt 0.943083 0.514027
vt 0.935426 0.513875
vt 0.928280 0.502044
vt 0.927964 0.493138
vt 0.928181 0.512597
vt 0.920863 0.510225
vt 0.921657 0.498489
vt 0.922004 0.491551
vt 0.927418 0.487909
vt 0.923316 0.486010
vt 0.913548 0.494028
vt 0.914976 0.486452
vt 0.927746 0.483848
vt 0.906439 0.478027
vt 0.901788 0.485490
vt 0.913033 0.507297
vt 0.905304 0.504859
vt 0.917298 0.525501
vt 0.909917 0.524369
vt 0.925499 0.527104
vt 0.933696 0.528433
vt 0.935077 0.548312
vt 0.943312 0.549509
vt 0.926817 0.547370
vt 0.945508 0.573362
vt 0.936879 0.570560
vt 0.954792 0.576248
vt 0.941872 0.529721
vt 0.951438 0.550146
vt 0.963681 0.578609
vt 0.959454 0.550646
vt 0.971951 0.579227
vt 0.950060 0.530052
vt 0.958704 0.529656
vt 0.968202 0.550569
vt 0.957609 0.512356
vt 0.967799 0.528819
vt 0.977532 0.549803
vt 0.978619 0.577353
vt 0.986556 0.576220
vt 0.867203 0.555224
vt 0.867305 0.578306
vt 0.860139 0.575620
vt 0.861178 0.552468
vt 0.866965 0.603651
vt 0.858905 0.602082
vt 0.870819 0.628133
vt 0.864531 0.630085
vt 0.990665 0.604702
vt 0.998252 0.600450
vt 0.863719 0.644838
vt 0.854480 0.645721
vt 0.855871 0.630184
vt 0.869654 0.645659
vt 0.874234 0.604935
vt 0.876361 0.627627
vt 0.875073 0.644892
vt 0.860658 0.657175
vt 0.867974 0.657981
vt 0.873392 0.658555
vt 0.873184 0.667606
vt 0.868169 0.665053
vt 0.863200 0.666921
vt 0.879307 0.670731
vt 0.872631 0.676225
vt 0.883712 0.682037
vt 0.886367 0.671061
vt 0.893562 0.681237
vt 0.259932 0.501490
vt 0.254782 0.501399
vt 0.244489 0.484260
vt 0.251191 0.502081
vt 0.892238 0.668939
vt 0.901581 0.676103
vt 0.245908 0.502189
vt 0.239461 0.484261
vt 0.897490 0.666355
vt 0.905483 0.668881
vt 0.234079 0.485224
vt 0.239937 0.501731
vt 0.228082 0.463196
vt 0.232880 0.461677
vt 0.237451 0.459992
vt 0.218693 0.432082
vt 0.224432 0.431646
vt 0.229079 0.431805
vt 0.212994 0.435129
vt 0.209077 0.401126
vt 0.214559 0.397287
vt 0.202253 0.403054
vt 0.204932 0.438443
vt 0.193392 0.405406
vt 0.183167 0.408677
vt 0.171535 0.378707
vt 0.182348 0.375395
vt 0.190778 0.370818
vt 0.170758 0.345087
vt 0.180656 0.342498
vt 0.158434 0.351030
vt 0.144401 0.358649
vt 0.158172 0.384709
vt 0.144289 0.390672
vt 0.128306 0.366497
vt 0.113458 0.374366
vt 0.095267 0.347376
vt 0.111368 0.340357
vt 0.081726 0.315309
vt 0.098747 0.309718
vt 0.065723 0.320203
vt 0.078353 0.281129
vt 0.082827 0.246267
vt 0.094029 0.277253
vt 0.098144 0.244859
vt 0.112696 0.244633
vt 0.110298 0.275216
vt 0.119224 0.218554
vt 0.134801 0.221936
vt 0.128960 0.245486
vt 0.146757 0.245032
vt 0.150481 0.226638
vt 0.158194 0.206796
vt 0.173009 0.212062
vt 0.167181 0.231748
vt 0.189706 0.196409
vt 0.184394 0.221468
vt 0.180318 0.240124
vt 0.190972 0.177183
vt 0.196644 0.196045
vt 0.190902 0.224293
vt 0.199030 0.176934
vt 0.200943 0.162054
vt 0.193492 0.162918
vt 0.206639 0.159686
vt 0.205855 0.175618
vt 0.203242 0.199912
vt 0.214224 0.150768
vt 0.209035 0.143044
vt 0.215660 0.133556
vt 0.204424 0.145318
vt 0.217398 0.117871
vt 0.221585 0.114656
vt 0.213799 0.120440
vt 0.222638 0.097428
vt 0.227592 0.093527
vt 0.230269 0.093979
vt 0.233580 0.094028
vt 0.225969 0.112164
vt 0.219899 0.129103
vt 0.237076 0.094330
vt 0.229949 0.110992
vt 0.224586 0.124936
vt 0.240637 0.095030
vt 0.232048 0.113169
vt 0.228448 0.125372
vt 0.180743 0.088066
vt 0.193521 0.084446
vt 0.194545 0.090476
vt 0.180171 0.094306
vt 0.180481 0.100364
vt 0.160987 0.093049
vt 0.160788 0.086004
vt 0.160297 0.099992
vt 0.142581 0.096380
vt 0.144149 0.088734
vt 0.146791 0.079985
vt 0.160631 0.078120
vt 0.178873 0.082484
vt 0.149052 0.071390
vt 0.814424 0.250246
vt 0.806525 0.254641
vt 0.816524 0.240371
vt 0.151426 0.061472
vt 0.161434 0.067219
vt 0.827132 0.244173
vt 0.824495 0.250856
vt 0.818080 0.232895
vt 0.828749 0.238219
vt 0.840709 0.257302
vt 0.841790 0.253692
vt 0.842899 0.248507
vt 0.855671 0.263958
vt 0.857816 0.271418
vt 0.856632 0.260578
vt 0.844482 0.243301
vt 0.857107 0.255639
vt 0.830798 0.232469
vt 0.832235 0.224031
vt 0.847702 0.238611
vt 0.860498 0.251699
vt 0.866596 0.268639
vt 0.867001 0.265449
vt 0.870242 0.264668
vt 0.854101 0.234731
vt 0.866375 0.249754
vt 0.876559 0.268348
vt 0.904613 0.127510
vt 0.899852 0.128743
vt 0.902059 0.117059
vt 0.907856 0.118329
vt 0.912340 0.120968
vt 0.908625 0.128701
vt 0.912871 0.110850
vt 0.917440 0.114650
vt 0.906219 0.106377
vt 0.895463 0.130830
vt 0.897452 0.116231
vt 0.900216 0.104388
vt 0.904457 0.092643
vt 0.913255 0.097778
vt 0.919721 0.103275
vt 0.923846 0.089026
vt 0.917163 0.084116
vt 0.930416 0.093851
vt 0.923813 0.107940
vt 0.931808 0.101525
vt 0.940802 0.098385
vt 0.940486 0.093483
vt 0.932343 0.080933
vt 0.936880 0.084705
vt 0.942392 0.087220
vt 0.371102 0.007513
vt 0.377574 0.007431
vt 0.376302 0.019105
vt 0.369055 0.018828
vt 0.381176 0.006906
vt 0.381376 0.017673
vt 0.379228 0.037115
vt 0.374306 0.037689
vt 0.369170 0.038376
vt 0.362364 0.018900
vt 0.361741 0.037536
vt 0.362365 0.000397
vt 0.376103 0.059106
vt 0.371946 0.061101
vt 0.366332 0.060089
vt 0.354053 0.017992
vt 0.353715 0.036476
vt 0.360462 0.059260
vt 0.353286 0.058496
vt 0.345155 0.037220
vt 0.344661 0.017682
vt 0.345597 0.058271
vt 0.336663 0.037915
vt 0.335238 0.018398
vt 0.328185 0.039454
vt 0.326563 0.020120
vt 0.335434 0.058031
vt 0.325417 0.059736
vt 0.321091 0.042120
vt 0.317067 0.023772
vt 0.310423 0.009891
vt 0.319883 0.002438
vt 0.331958 0.002748
vt 0.783598 0.213531
vt 0.780991 0.213305
vt 0.785305 0.195003
vt 0.794161 0.199194
vt 0.944777 0.057298
vt 0.941488 0.043764
vt 0.950898 0.034917
vt 0.948144 0.054737
vt 0.798041 0.202318
vt 0.785465 0.214546
vt 0.341598 0.002287
vt 0.800622 0.205818
vt 0.786250 0.216441
vt 0.350282 0.002552
vt 0.810878 0.191744
vt 0.807151 0.187837
vt 0.802940 0.184729
vt 0.806983 0.209084
vt 0.787386 0.219941
vt 0.815882 0.194678
vt 0.822848 0.196926
vt 0.820710 0.209153
vt 0.820412 0.218512
vt 0.806880 0.216885
vt 0.791432 0.222758
vt 0.948849 0.089088
vt 0.948282 0.094720
vt 0.807576 0.223894
vt 0.794406 0.225358
vt 0.948645 0.097612
vt 0.819541 0.226340
vt 0.828996 0.210452
vt 0.842346 0.220885
vt 0.836985 0.208436
vt 0.829416 0.197780
vt 0.835296 0.197702
vt 0.844076 0.206640
vt 0.850739 0.219375
vt 0.842506 0.195644
vt 0.836687 0.176977
vt 0.832515 0.176447
vt 0.840927 0.175506
vt 0.785560 0.380570
vt 0.793041 0.388976
vt 0.784756 0.394865
vt 0.777845 0.384116
vt 0.769461 0.387093
vt 0.776186 0.396613
vt 0.800264 0.152371
vt 0.792209 0.165450
vt 0.789163 0.161611
vt 0.798048 0.149027
vt 0.803086 0.133701
vt 0.806593 0.135006
vt 0.839860 0.154862
vt 0.843494 0.156627
vt 0.810721 0.112419
vt 0.807271 0.110969
vt 0.850749 0.134441
vt 0.847976 0.131357
vt 0.844494 0.130305
vt 0.836796 0.153084
vt 0.858677 0.104651
vt 0.862240 0.107151
vt 0.833305 0.152210
vt 0.841316 0.127683
vt 0.837625 0.124546
vt 0.830146 0.150268
vt 0.827727 0.175864
vt 0.823632 0.174428
vt 0.826606 0.147884
vt 0.834353 0.121854
vt 0.819560 0.171995
vt 0.822935 0.145585
vt 0.815488 0.168961
vt 0.811692 0.166308
vt 0.819301 0.143777
vt 0.831063 0.119364
vt 0.827419 0.117058
vt 0.808578 0.163582
vt 0.816209 0.140887
vt 0.823535 0.114657
vt 0.834718 0.090475
vt 0.830186 0.088049
vt 0.819446 0.113045
vt 0.825253 0.086741
vt 0.813146 0.138281
vt 0.809936 0.136377
vt 0.815097 0.111909
vt 0.819820 0.085654
vt 0.831937 0.062057
vt 0.837552 0.062752
vt 0.825710 0.062162
vt 0.814283 0.083467
vt 0.818827 0.060050
vt 0.808773 0.081995
vt 0.814038 0.058648
vt 0.814866 0.043929
vt 0.820141 0.039132
vt 0.826411 0.041904
vt 0.259698 0.050775
vt 0.258560 0.049460
vt 0.266109 0.040299
vt 0.268879 0.045985
vt 0.258827 0.043842
vt 0.265203 0.029925
vt 0.271728 0.023206
vt 0.276409 0.030748
vt 0.834851 0.041219
vt 0.829245 0.024297
vt 0.838269 0.026202
vt 0.846176 0.028183
vt 0.841654 0.043081
vt 0.848066 0.045540
vt 0.842432 0.066103
vt 0.851789 0.031006
vt 0.844301 0.015263
vt 0.851555 0.017772
vt 0.857062 0.019705
vt 0.854164 0.010821
vt 0.859410 0.012244
vt 0.851319 0.000397
vt 0.860948 0.001533
vt 0.869218 0.005803
vt 0.872220 0.013709
vt 0.249176 0.017458
vt 0.244109 0.020957
vt 0.245551 0.007563
vt 0.248589 0.005625
vt 0.241257 0.020362
vt 0.242586 0.009639
vt 0.873940 0.019477
vt 0.238841 0.021796
vt 0.237805 0.011370
vt 0.238194 0.033926
vt 0.235175 0.035034
vt 0.242133 0.032865
vt 0.236619 0.049168
vt 0.246191 0.031599
vt 0.240633 0.048701
vt 0.244097 0.048112
vt 0.250608 0.032012
vt 0.253592 0.016619
vt 0.258500 0.017273
vt 0.254380 0.033949
vt 0.247158 0.049798
vt 0.262903 0.021100
vt 0.257119 0.038053
vt 0.249431 0.052382
vt 0.250959 0.055919
vt 0.252088 0.058443
vt 0.244820 0.076010
vt 0.242124 0.075136
vt 0.240000 0.074102
vt 0.253660 0.059007
vt 0.247673 0.075602
vt 0.238067 0.071940
vt 0.235895 0.070320
vt 0.232757 0.070455
vt 0.220524 0.096656
vt 0.208481 0.125639
vt 0.228122 0.074020
vt 0.218503 0.095768
vt 0.198689 0.147328
vt 0.269576 0.012390
vt 0.262161 0.004059
vt 0.833818 0.011512
vt 0.841762 0.004799
vt 0.849149 0.010305
vt 0.252188 0.000397
vt 0.877454 0.024518
vt 0.870863 0.086729
vt 0.803394 0.155325
vt 0.806073 0.158676
vt 0.794066 0.169334
vt 0.795933 0.174743
vt 0.769932 0.398268
vt 0.759424 0.390015
vt 0.749126 0.394748
vt 0.763997 0.401268
vt 0.798986 0.180362
vt 0.786277 0.180903
vt 0.742572 0.378440
vt 0.734009 0.398850
vt 0.728157 0.376942
vt 0.753771 0.376866
vt 0.727365 0.356689
vt 0.739123 0.361316
vt 0.750030 0.361297
vt 0.735938 0.338457
vt 0.743066 0.344106
vt 0.752025 0.345898
vt 0.744747 0.327833
vt 0.751350 0.331553
vt 0.758561 0.333402
vt 0.752934 0.318261
vt 0.759642 0.321846
vt 0.766140 0.325408
vt 0.771343 0.328461
vt 0.764382 0.335316
vt 0.759717 0.346280
vt 0.772526 0.320519
vt 0.780385 0.323892
vt 0.766676 0.316134
vt 0.777290 0.316297
vt 0.786008 0.318616
vt 0.772558 0.311575
vt 0.760020 0.310449
vt 0.767914 0.300875
vt 0.755434 0.305391
vt 0.761519 0.300851
vt 0.746785 0.312916
vt 0.738080 0.322811
vt 0.898436 0.041978
vt 0.885763 0.036508
vt 0.889854 0.026999
vt 0.903535 0.034659
vt 0.910585 0.025529
vt 0.898089 0.016182
vt 0.906967 0.009506
vt 0.919308 0.017170
vt 0.732688 0.330771
vt 0.932065 0.030066
vt 0.923417 0.037247
vt 0.916900 0.045273
vt 0.934127 0.049194
vt 0.928789 0.054834
vt 0.941264 0.060643
vt 0.938411 0.064167
vt 0.939715 0.020020
vt 0.304499 0.031052
vt 0.295733 0.014452
vt 0.301646 0.012263
vt 0.311295 0.027088
vt 0.924854 0.061043
vt 0.936076 0.067721
vt 0.299100 0.034381
vt 0.293079 0.016022
vt 0.299303 0.052237
vt 0.307025 0.048102
vt 0.314279 0.044959
vt 0.304837 0.067981
vt 0.295945 0.073683
vt 0.315595 0.062314
vt 0.328354 0.072895
vt 0.313979 0.077459
vt 0.300429 0.086995
vt 0.304654 0.094182
vt 0.314546 0.087988
vt 0.328229 0.083741
vt 0.291792 0.104279
vt 0.293909 0.090376
vt 0.282753 0.099157
vt 0.289723 0.117493
vt 0.288437 0.078298
vt 0.291801 0.057239
vt 0.278606 0.086388
vt 0.286750 0.058682
vt 0.277204 0.108009
vt 0.290416 0.038827
vt 0.294965 0.036974
vt 0.379966 0.057691
vt 0.379887 0.083103
vt 0.376933 0.084829
vt 0.373266 0.083742
vt 0.381036 0.106462
vt 0.287694 0.019218
vt 0.291084 0.015737
vt 0.934694 0.070703
vt 0.920707 0.065584
vt 0.915004 0.071156
vt 0.926268 0.077333
vt 0.937757 0.074397
vt 0.907679 0.077548
vt 0.902219 0.062690
vt 0.906721 0.056897
vt 0.896915 0.069324
vt 0.890295 0.077714
vt 0.897398 0.085379
vt 0.805862 0.305505
vt 0.800430 0.293062
vt 0.809863 0.292170
vt 0.813776 0.305670
vt 0.821293 0.306726
vt 0.819483 0.293919
vt 0.825009 0.320468
vt 0.818118 0.319214
vt 0.810776 0.318426
vt 0.799324 0.307380
vt 0.793099 0.297900
vt 0.803241 0.318589
vt 0.813568 0.332603
vt 0.805792 0.331644
vt 0.819825 0.334909
vt 0.807817 0.345407
vt 0.813981 0.350412
vt 0.801756 0.340278
vt 0.792512 0.334534
vt 0.798699 0.329525
vt 0.800278 0.324779
vt 0.795275 0.326178
vt 0.791024 0.325340
vt 0.795915 0.322625
vt 0.794714 0.316053
vt 0.791935 0.321663
vt 0.780915 0.311850
vt 0.784402 0.313535
vt 0.788379 0.311333
vt 0.785301 0.309210
vt 0.791695 0.304315
vt 0.783453 0.303968
vt 0.795132 0.309123
vt 0.780201 0.297000
vt 0.777443 0.307191
vt 0.774512 0.301580
vt 0.887189 0.062450
vt 0.890522 0.054353
vt 0.772015 0.292170
vt 0.883933 0.071637
vt 0.894704 0.048423
vt 0.884667 0.046705
vt 0.888174 0.043152
vt 0.911300 0.051308
vt 0.782314 0.328700
vt 0.791680 0.351117
vt 0.788110 0.343943
vt 0.781453 0.344996
vt 0.786301 0.337908
vt 0.781525 0.333399
vt 0.777477 0.341341
vt 0.776741 0.333366
vt 0.774838 0.330087
vt 0.772590 0.338638
vt 0.780013 0.352670
vt 0.774548 0.346048
vt 0.769638 0.345916
vt 0.765488 0.346011
vt 0.768748 0.336971
vt 0.771806 0.355410
vt 0.766280 0.357674
vt 0.759157 0.359698
vt 0.771395 0.371428
vt 0.763534 0.375012
vt 0.778410 0.367956
vt 0.785898 0.364223
vt 0.793653 0.374387
vt 0.801216 0.381183
vt 0.797443 0.357854
vt 0.804227 0.364622
vt 0.811782 0.369692
vt 0.860968 0.232117
vt 0.819742 0.354221
vt 0.872209 0.250118
vt 0.883138 0.271004
vt 0.826641 0.337745
vt 0.303599 0.102822
vt 0.925879 0.007248
vt 0.907698 0.000397
vt 0.927411 0.112858
vt 0.930796 0.117845
vt 0.920735 0.118839
vt 0.923716 0.123606
vt 0.917802 0.129245
vt 0.915613 0.124958
vt 0.913992 0.134858
vt 0.911577 0.130777
vt 0.838765 0.267596
vt 0.851473 0.277706
vt 0.826884 0.261895
vt 0.176828 0.075472
vt 0.224007 0.145376
vt 0.198744 0.229038
vt 0.197518 0.251082
vt 0.189153 0.250951
vt 0.182294 0.257603
vt 0.175207 0.251032
vt 0.189822 0.271320
vt 0.182114 0.268900
vt 0.196111 0.272360
vt 0.190508 0.288677
vt 0.184326 0.288253
vt 0.196714 0.290976
vt 0.196128 0.311058
vt 0.189471 0.311374
vt 0.203426 0.294312
vt 0.202597 0.334925
vt 0.210697 0.295844
vt 0.218619 0.298506
vt 0.225810 0.297825
vt 0.232109 0.289307
vt 0.236356 0.305119
vt 0.329431 0.349353
vt 0.327350 0.336877
vt 0.786644 0.821719
vt 0.790966 0.824686
vt 0.181794 0.312429
vt 0.176864 0.287235
vt 0.173140 0.262899
vt 0.162859 0.264618
vt 0.166879 0.287650
vt 0.172465 0.314173
vt 0.188428 0.338526
vt 0.196197 0.336569
vt 0.159479 0.317671
vt 0.151777 0.291781
vt 0.145834 0.324227
vt 0.133750 0.297474
vt 0.129363 0.332726
vt 0.115956 0.304282
vt 0.127590 0.271282
vt 0.148278 0.268045
vt 0.162948 0.244999
vt 0.199072 0.367702
vt 0.205253 0.364987
vt 0.211009 0.361810
vt 0.220476 0.398243
vt 0.263860 0.501679
vt 0.268169 0.501698
vt 0.853761 0.657308
vt 0.873916 0.580586
vt 0.872975 0.557347
vt 0.878936 0.559698
vt 0.877066 0.538432
vt 0.871591 0.536297
vt 0.866424 0.534592
vt 0.861411 0.532567
vt 0.859270 0.513923
vt 0.864324 0.515286
vt 0.869629 0.517018
vt 0.951613 0.497007
vt 0.855161 0.497722
vt 0.862580 0.499599
vt 0.505701 0.397380
vt 0.516164 0.398812
vt 0.515651 0.414663
vt 0.505272 0.411586
vt 0.861149 0.486362
vt 0.857216 0.485241
vt 0.864268 0.486637
vt 0.867535 0.500826
vt 0.868066 0.486054
vt 0.872325 0.500897
vt 0.874685 0.518382
vt 0.855001 0.468500
vt 0.859506 0.468338
vt 0.524311 0.397303
vt 0.519706 0.377023
vt 0.526134 0.374291
vt 0.529440 0.395354
vt 0.856602 0.453682
vt 0.853761 0.453826
vt 0.517593 0.361036
vt 0.522630 0.357992
vt 0.513188 0.378178
vt 0.511555 0.361562
vt 0.506219 0.377722
vt 0.505444 0.360378
vt 0.499194 0.374175
vt 0.500247 0.357141
vt 0.496291 0.393920
vt 0.941868 0.452800
vt 0.931961 0.450399
vt 0.492487 0.369709
vt 0.488753 0.391242
vt 0.907394 0.433335
vt 0.488065 0.365084
vt 0.489242 0.347686
vt 0.495162 0.352898
vt 0.492056 0.339983
vt 0.498065 0.344451
vt 0.502283 0.346466
vt 0.507184 0.351522
vt 0.508018 0.339782
vt 0.509089 0.343015
vt 0.508504 0.346757
vt 0.512465 0.352693
vt 0.511763 0.346338
vt 0.513998 0.344481
vt 0.517425 0.350166
vt 0.517313 0.341186
vt 0.522088 0.347718
vt 0.521548 0.337116
vt 0.529440 0.351301
vt 0.518836 0.333424
vt 0.508422 0.337348
vt 0.855313 0.443932
vt 0.857698 0.443995
vt 0.860039 0.454712
vt 0.510756 0.333685
vt 0.983403 0.606472
vt 0.999603 0.617844
vt 0.989227 0.616927
vt 0.267579 0.465196
vt 0.273688 0.479624
vt 0.978892 0.615387
vt 0.974547 0.604466
vt 0.272147 0.465436
vt 0.276409 0.473460
vt 0.964448 0.602083
vt 0.968488 0.613856
vt 0.169117 0.487294
vt 0.162314 0.493608
vt 0.157771 0.487983
vt 0.165311 0.481858
vt 0.959293 0.614164
vt 0.954662 0.599767
vt 0.945019 0.597427
vt 0.175261 0.483447
vt 0.180910 0.481771
vt 0.934337 0.594032
vt 0.927145 0.568951
vt 0.918786 0.546249
vt 0.921499 0.592028
vt 0.916794 0.567973
vt 0.910375 0.545457
vt 0.903337 0.523574
vt 0.899607 0.502675
vt 0.894804 0.484943
vt 0.895562 0.462333
vt 0.346309 0.110779
vt 0.268334 0.536969
vt 0.274308 0.530910
vt 0.276409 0.537041
vt 0.268334 0.528707
s 1
f 1815/2015/1810 1813/2016/1811 1810/2017/1812 1811/2018/1813
f 1810/2017/1812 1812/2019/1814 1963/2020/1815 1811/2018/1813
f 1814/2021/1816 1812/2019/1814 1810/2017/1812 1813/2016/1811
f 1816/2022/1817 1818/2023/1818 1814/2021/1816 1813/2016/1811
f 1816/2022/1817 1813/2016/1811 1815/2015/1810 1817/2024/1819
f 1816/2022/1817 1817/2024/1819 1822/2025/1820 1819/2026/1821
f 1818/2027/1818 1816/2028/1817 1819/2029/1821 1821/2030/1822
f 1822/2031/1820 1824/2032/1823 1820/2033/1824 1819/2029/1821
f 1821/2030/1822 1819/2029/1821 1820/2033/1824 1833/2034/1825
f 1964/2035/1826 1823/2036/1827 1822/2025/1820 1817/2024/1819
f 1825/2037/1828 1824/2032/1823 1822/2031/1820 1823/2038/1827
f 1824/2032/1823 1825/2037/1828 1827/2039/1829 1826/2040/1830
f 1824/2032/1823 1826/2040/1830 1829/2041/1831 1820/2033/1824
f 1828/2042/1832 1826/2040/1830 1827/2039/1829 1885/2043/1833
f 1826/2040/1830 1828/2042/1832 1830/2044/1834 1829/2041/1831
f 1831/2045/1835 1829/2041/1831 1830/2044/1834 1832/2046/1836
f 1833/2034/1825 1820/2033/1824 1829/2041/1831 1831/2045/1835
f 1832/2046/1836 1836/2047/1837 1834/2048/1838 1831/2045/1835
f 1833/2034/1825 1831/2045/1835 1834/2048/1838 1837/2049/1839
f 1836/2047/1837 1851/2050/1840 1835/2051/1841 1834/2048/1838
f 1837/2049/1839 1834/2048/1838 1835/2051/1841 1838/2052/1842
f 1841/2053/1843 1839/2054/1844 1837/2049/1839 1838/2052/1842
f 1821/2030/1822 1833/2034/1825 1837/2049/1839 1839/2054/1844
f 1818/2027/1818 1821/2030/1822 1839/2054/1844 1840/2055/1845
f 1842/2056/1846 1840/2055/1845 1839/2054/1844 1841/2053/1843
f 1844/2057/1847 1842/2056/1846 1841/2053/1843 1843/2058/1848
f 1841/2053/1843 1838/2052/1842 1846/2059/1849 1843/2058/1848
f 1844/2057/1847 1843/2058/1848 1845/2060/1850 1968/2061/1851
f 1846/2059/1849 1847/2062/1852 1845/2060/1850 1843/2058/1848
f 1849/2063/1853 1847/2062/1852 1846/2059/1849 1848/2064/1854
f 1835/2051/1841 1848/2064/1854 1846/2059/1849 1838/2052/1842
f 1849/2063/1853 1848/2064/1854 1850/2065/1855 1852/2066/1856
f 1850/2065/1855 1848/2064/1854 1835/2051/1841 1851/2050/1840
f 1855/2067/1857 1853/2068/1858 1850/2065/1855 1851/2050/1840
f 1854/2069/1859 1852/2066/1856 1850/2065/1855 1853/2068/1858
f 1856/2070/1860 1859/2071/1861 1854/2069/1859 1853/2068/1858
f 1858/2072/1862 1856/2070/1860 1853/2068/1858 1855/2067/1857
f 1857/2073/1863 1861/2074/1864 1859/2071/1861 1856/2070/1860
f 1856/2070/1860 1858/2072/1862 1871/2075/1865 1857/2073/1863
f 1860/2076/1866 1939/2077/1867 1854/2069/1859 1859/2071/1861
f 1861/2074/1864 1862/2078/1868 1860/2076/1866 1859/2071/1861
f 1861/2074/1864 1857/2073/1863 1866/2079/1869 1863/2080/1870
f 1864/2081/1871 1862/2078/1868 1861/2074/1864 1863/2080/1870
f 1863/2080/1870 1865/2082/1872 1982/2083/1873 1864/2081/1871
f 1866/2079/1869 1867/2084/1874 1865/2082/1872 1863/2080/1870
f 1871/2075/1865 1868/2085/1875 1866/2079/1869 1857/2073/1863
f 1869/2086/1876 1867/2084/1874 1866/2079/1869 1868/2085/1875
f 1868/2085/1875 1870/2087/1877 1997/2088/1878 1869/2086/1876
f 1870/2087/1877 1868/2085/1875 1871/2075/1865 1872/2089/1879
f 1874/2090/1880 1872/2089/1879 1871/2075/1865 1858/2072/1862
f 1873/2091/1881 1872/2089/1879 1874/2090/1880 1875/2092/1882
f 1872/2089/1879 1873/2091/1881 2000/2093/1883 1870/2087/1877
f 1877/2094/1884 1875/2092/1882 1874/2090/1880 1876/2095/1885
f 1855/2067/1857 1876/2095/1885 1874/2090/1880 1858/2072/1862
f 1876/2095/1885 1855/2067/1857 1851/2050/1840 1836/2047/1837
f 1836/2047/1837 1832/2046/1836 1877/2094/1884 1876/2095/1885
f 1830/2044/1834 1878/2096/1886 1877/2094/1884 1832/2046/1836
f 1879/2097/1887 1875/2092/1882 1877/2094/1884 1878/2096/1886
f 1878/2096/1886 1880/2098/1888 1881/2099/1889 1879/2097/1887
f 1880/2098/1888 1878/2096/1886 1830/2044/1834 1828/2042/1832
f 1828/2042/1832 1885/2043/1833 1882/2100/1890 1880/2098/1888
f 1882/2100/1890 1883/2101/1891 1881/2099/1889 1880/2098/1888
f 1884/2102/1892 3402/2103/1893 1883/2101/1891 1882/2100/1890
f 1885/2043/1833 1886/2104/1894 1884/2102/1892 1882/2100/1890
f 1886/2105/1894 1885/2106/1833 1827/2107/1829 1888/2108/1895
f 1884/2102/1892 1886/2104/1894 1887/2109/1896 1924/2110/1897
f 1886/2105/1894 1888/2108/1895 1890/2111/1898 1887/2112/1896
f 1888/2108/1895 1889/2113/1899 1892/2114/1900 1890/2111/1898
f 1889/2113/1899 1888/2108/1895 1827/2107/1829 1901/2115/1901
f 1922/2116/1902 1887/2112/1896 1890/2111/1898 1891/2117/1903
f 1890/2111/1898 1892/2114/1900 1893/2118/1904 1891/2117/1903
f 1894/2119/1905 1896/2120/1906 1893/2118/1904 1892/2114/1900
f 1897/2121/1907 1894/2119/1905 1892/2114/1900 1889/2113/1899
f 1897/2121/1907 1898/2122/1908 1895/2123/1909 1894/2119/1905
f 1896/2120/1906 1894/2119/1905 1895/2123/1909 1908/2124/1910
f 1897/2121/1907 1899/2125/1911 1902/2126/1912 1898/2122/1908
f 1889/2113/1899 1901/2115/1901 1899/2125/1911 1897/2121/1907
f 1902/2126/1912 1899/2125/1911 1900/2127/1913 1903/2128/1914
f 1901/2115/1901 1962/2129/1915 1900/2127/1913 1899/2125/1911
f 1907/2130/1916 1898/2122/1908 1902/2126/1912 1904/2131/1917
f 1905/2132/1918 1904/2131/1917 1902/2126/1912 1903/2128/1914
f 1951/2133/1919 1906/2134/1920 1904/2131/1917 1905/2132/1918
f 1909/2135/1921 1907/2130/1916 1904/2131/1917 1906/2134/1920
f 1907/2130/1916 1908/2124/1910 1895/2123/1909 1898/2122/1908
f 1908/2124/1910 1907/2130/1916 1909/2135/1921 1911/2136/1922
f 1948/2137/1923 1910/2138/1924 1909/2135/1921 1906/2134/1920
f 1912/2139/1925 1911/2136/1922 1909/2135/1921 1910/2138/1924
f 1896/2120/1906 1908/2124/1910 1911/2136/1922 1913/2140/1926
f 1911/2136/1922 1912/2139/1925 1914/2141/1927 1913/2140/1926
f 1915/2142/1928 1913/2140/1926 1914/2141/1927 1916/2143/1929
f 1913/2140/1926 1915/2142/1928 1893/2118/1904 1896/2120/1906
f 1915/2142/1928 1916/2143/1929 1918/2144/1930 1917/2145/1931
f 1893/2118/1904 1915/2142/1928 1917/2145/1931 1891/2117/1903
f 1919/2146/1932 1917/2145/1931 1918/2144/1930 1921/2147/1933
f 1922/2116/1902 1891/2117/1903 1917/2145/1931 1919/2146/1932
f 1932/2148/1934 1920/2149/1935 1919/2146/1932 1921/2147/1933
f 1920/2149/1935 1923/2150/1936 1922/2116/1902 1919/2146/1932
f 1923/2151/1936 1924/2110/1897 1887/2109/1896 1922/2152/1902
f 1923/2151/1936 1925/2153/1937 1926/2154/1938 1924/2110/1897
f 1920/2149/1935 1928/2155/1939 1925/2156/1937 1923/2150/1936
f 1927/2157/1940 2013/2158/1941 1926/2154/1938 1925/2153/1937
f 1929/2159/1942 1927/2160/1940 1925/2156/1937 1928/2155/1939
f 1928/2155/1939 1920/2149/1935 1932/2148/1934 1930/2161/1943
f 1930/2161/1943 1931/2162/1944 1929/2159/1942 1928/2155/1939
f 1931/2162/1944 1930/2161/1943 1933/2163/1945 1935/2164/1946
f 1933/2163/1945 1930/2161/1943 1932/2148/1934 1936/2165/1947
f 1976/2166/1948 1935/2164/1946 1933/2163/1945 1934/2167/1949
f 1933/2163/1945 1936/2165/1947 1938/2168/1950 1934/2167/1949
f 1932/2148/1934 1921/2147/1933 1937/2169/1951 1936/2165/1947
f 1937/2169/1951 1940/2170/1952 1938/2168/1950 1936/2165/1947
f 1940/2170/1952 1942/2171/1953 1939/2077/1867 1938/2168/1950
f 1934/2167/1949 1938/2168/1950 1939/2077/1867 1860/2076/1866
f 1941/2172/1954 1940/2170/1952 1937/2169/1951 1974/2173/1955
f 1940/2170/1952 1941/2172/1954 1943/2174/1956 1942/2171/1953
f 1852/2066/1856 1942/2171/1953 1943/2174/1956 1849/2063/1853
f 1942/2171/1953 1852/2066/1856 1854/2069/1859 1939/2077/1867
f 1847/2062/1852 1849/2063/1853 1943/2174/1956 1944/2175/1957
f 1946/2176/1958 1944/2175/1957 1943/2174/1956 1945/2177/1959
f 1947/2178/1960 1945/2177/1959 1943/2174/1956 1941/2172/1954
f 1946/2176/1958 1945/2177/1959 1948/2137/1923 1949/2179/1961
f 1945/2177/1959 1947/2178/1960 1910/2138/1924 1948/2137/1923
f 1951/2133/1919 1949/2179/1961 1948/2137/1923 1906/2134/1920
f 1971/2180/1962 1946/2176/1958 1949/2179/1961 1950/2181/1963
f 1952/2182/1964 1950/2181/1963 1949/2179/1961 1951/2133/1919
f 1905/2132/1918 1954/2183/1965 1952/2182/1964 1951/2133/1919
f 1956/2184/1966 1953/2185/1967 1952/2182/1964 1954/2183/1965
f 1953/2185/1967 1966/2186/1968 1950/2181/1963 1952/2182/1964
f 1957/2187/1969 1956/2184/1966 1954/2183/1965 1955/2188/1970
f 1903/2128/1914 1955/2188/1970 1954/2183/1965 1905/2132/1918
f 1957/2187/1969 1814/2189/1816 1842/2056/1846 1956/2184/1966
f 1956/2184/1966 1842/2056/1846 1965/2190/1971 1953/2185/1967
f 1958/2191/1972 1812/2019/1814 1814/2021/1816 1957/2192/1969
f 1958/2193/1972 1957/2187/1969 1955/2188/1970 1960/2194/1973
f 1958/2191/1972 1959/2195/1974 1963/2020/1815 1812/2019/1814
f 1958/2193/1972 1960/2194/1973 1961/2196/1975 1959/2197/1974
f 1900/2127/1913 1962/2129/1915 1961/2196/1975 1960/2194/1973
f 1955/2188/1970 1903/2128/1914 1900/2127/1913 1960/2194/1973
f 1962/2129/1915 1825/2198/1828 1823/2199/1827 1961/2196/1975
f 1959/2195/1974 1961/2200/1975 1823/2036/1827 1964/2035/1826
f 1962/2129/1915 1901/2115/1901 1827/2107/1829 1825/2198/1828
f 1964/2035/1826 1811/2018/1813 1963/2020/1815 1959/2195/1974
f 1964/2035/1826 1817/2024/1819 1815/2015/1810 1811/2018/1813
f 1966/2186/1968 1953/2185/1967 1965/2190/1971 1967/2201/1976
f 1844/2057/1847 1968/2061/1851 1966/2186/1968 1967/2201/1976
f 1970/2202/1977 1969/2203/1978 1966/2186/1968 1968/2061/1851
f 1966/2186/1968 1969/2203/1978 1971/2180/1962 1950/2181/1963
f 1970/2202/1977 1972/2204/1979 1971/2180/1962 1969/2203/1978
f 1944/2175/1957 1946/2176/1958 1971/2180/1962 1972/2204/1979
f 1968/2061/1851 1845/2060/1850 1972/2204/1979 1970/2202/1977
f 1847/2062/1852 1944/2175/1957 1972/2204/1979 1845/2060/1850
f 1844/2057/1847 1967/2201/1976 1965/2190/1971 1842/2056/1846
f 1947/2178/1960 1941/2172/1954 1974/2173/1955 1973/2205/1980
f 1973/2205/1980 1912/2139/1925 1910/2138/1924 1947/2178/1960
f 1973/2205/1980 1916/2143/1929 1914/2141/1927 1912/2139/1925
f 1916/2143/1929 1973/2205/1980 1974/2173/1955 1918/2144/1930
f 1918/2144/1930 1974/2173/1955 1937/2169/1951 1921/2147/1933
f 1935/2164/1946 1975/2206/1981 2018/2207/1982 1931/2162/1944
f 1976/2166/1948 1977/2208/1983 1975/2206/1981 1935/2164/1946
f 1862/2078/1868 1864/2081/1871 1977/2208/1983 1976/2166/1948
f 1862/2078/1868 1976/2166/1948 1934/2167/1949 1860/2076/1866
f 1982/2083/1873 1978/2209/1984 1977/2208/1983 1864/2081/1871
f 1978/2209/1984 1979/2210/1985 1975/2206/1981 1977/2208/1983
f 1979/2210/1985 1978/2209/1984 1980/2211/1986 2023/2212/1987
f 1981/2213/1988 2025/2214/1989 1980/2211/1986 1978/2209/1984
f 1981/2213/1988 1978/2209/1984 1982/2083/1873 1983/2215/1990
f 1985/2216/1991 1983/2215/1990 1982/2083/1873 1865/2082/1872
f 2036/2217/1992 1981/2213/1988 1983/2215/1990 1984/2218/1993
f 1984/2218/1993 1983/2215/1990 1985/2216/1991 1987/2219/1994
f 1989/2220/1995 1987/2219/1994 1985/2216/1991 1986/2221/1996
f 1867/2084/1874 1986/2221/1996 1985/2216/1991 1865/2082/1872
f 1984/2218/1993 1987/2219/1994 1988/2222/1997 2039/2223/1998
f 1989/2220/1995 1990/2224/1999 1988/2222/1997 1987/2219/1994
f 1989/2220/1995 1991/2225/2000 1993/2226/2001 1990/2224/1999
f 1986/2221/1996 1994/2227/2002 1991/2225/2000 1989/2220/1995
f 1995/2228/2003 1992/2229/2004 1991/2225/2000 1994/2227/2002
f 1992/2229/2004 2557/2230/2005 1993/2226/2001 1991/2225/2000
f 1867/2084/1874 1869/2086/1876 1994/2227/2002 1986/2221/1996
f 1997/2088/1878 1995/2228/2003 1994/2227/2002 1869/2086/1876
f 1995/2228/2003 1996/2231/2006 2556/2232/2007 1992/2229/2004
f 1996/2231/2006 1995/2228/2003 1997/2088/1878 1998/2233/2008
f 2000/2093/1883 1998/2233/2008 1997/2088/1878 1870/2087/1877
f 1999/2234/2009 1998/2233/2008 2000/2093/1883 2001/2235/2010
f 1998/2233/2008 1999/2234/2009 2444/2236/2011 1996/2231/2006
f 2003/2237/2012 2001/2235/2010 2000/2093/1883 1873/2091/1881
f 2001/2235/2010 2002/2238/2013 2445/2239/2014 1999/2234/2009
f 2002/2238/2013 2001/2235/2010 2003/2237/2012 2004/2240/2015
f 1881/2099/1889 2004/2240/2015 2003/2237/2012 1879/2097/1887
f 1875/2092/1882 1879/2097/1887 2003/2237/2012 1873/2091/1881
f 2005/2241/2016 2004/2240/2015 1881/2099/1889 1883/2101/1891
f 2004/2240/2015 2005/2241/2016 2007/2242/2017 2002/2238/2013
f 2006/2243/2018 2005/2241/2016 1883/2101/1891 3402/2103/1893
f 2006/2243/2018 2009/2244/2019 2007/2242/2017 2005/2241/2016
f 2010/2245/2020 2008/2246/2021 2007/2242/2017 2009/2244/2019
f 2007/2242/2017 2008/2246/2021 2445/2239/2014 2002/2238/2013
f 2013/2158/1941 2011/2247/2022 2009/2244/2019 2006/2243/2018
f 2012/2248/2023 2010/2245/2020 2009/2244/2019 2011/2247/2022
f 2015/2249/2024 2012/2248/2023 2011/2247/2022 2014/2250/2025
f 1927/2157/1940 2014/2250/2025 2011/2247/2022 2013/2158/1941
f 2014/2251/2025 1927/2160/1940 1929/2159/1942 2016/2252/2026
f 2016/2252/2026 2017/2253/2027 2015/2254/2024 2014/2251/2025
f 2017/2253/2027 2016/2252/2026 2018/2207/1982 2019/2255/2028
f 2018/2207/1982 2016/2252/2026 1929/2159/1942 1931/2162/1944
f 1979/2210/1985 2019/2255/2028 2018/2207/1982 1975/2206/1981
f 1979/2210/1985 2023/2212/1987 2020/2256/2029 2019/2255/2028
f 2019/2255/2028 2020/2256/2029 2022/2257/2030 2017/2253/2027
f 2023/2258/1987 2024/2259/2031 2021/2260/2032 2020/2261/2029
f 2021/2260/2032 2457/2262/2033 2022/2263/2030 2020/2261/2029
f 2023/2212/1987 1980/2211/1986 2025/2214/1989 2024/2264/2031
f 2024/2259/2031 2025/2265/1989 2029/2266/2034 2026/2267/2035
f 2026/2267/2035 2027/2268/2036 2021/2260/2032 2024/2259/2031
f 2027/2268/2036 2026/2267/2035 2028/2269/2037 2475/2270/2038
f 2028/2269/2037 2026/2267/2035 2029/2266/2034 2030/2271/2039
f 2029/2266/2034 2031/2272/2040 2032/2273/2041 2030/2271/2039
f 2029/2266/2034 2025/2265/1989 2034/2274/2042 2031/2272/2040
f 2033/2275/2043 2052/2276/2044 2032/2273/2041 2031/2272/2040
f 2034/2274/2042 2035/2277/2045 2033/2275/2043 2031/2272/2040
f 2025/2214/1989 1981/2213/1988 2036/2217/1992 2034/2278/2042
f 2035/2277/2045 2034/2274/2042 2036/2279/1992 2037/2280/2046
f 2039/2223/1998 2037/2281/2046 2036/2217/1992 1984/2218/1993
f 2037/2280/2046 2038/2282/2047 2048/2283/2048 2035/2277/2045
f 2039/2284/1998 2040/2285/2049 2038/2282/2047 2037/2280/2046
f 2040/2285/2049 2039/2284/1998 1988/2286/1997 1990/2287/1999
f 1990/2287/1999 1993/2288/2001 2041/2289/2050 2040/2285/2049
f 2040/2285/2049 2041/2289/2050 2043/2290/2051 2038/2282/2047
f 2557/2291/2005 2042/2292/2052 2041/2289/2050 1993/2288/2001
f 2042/2292/2052 2044/2293/2053 2043/2290/2051 2041/2289/2050
f 2043/2290/2051 2045/2294/2054 2048/2283/2048 2038/2282/2047
f 2047/2295/2055 2045/2294/2054 2043/2290/2051 2044/2293/2053
f 2046/2296/2056 2049/2297/2057 2048/2283/2048 2045/2294/2054
f 2045/2294/2054 2047/2295/2055 2056/2298/2058 2046/2296/2056
f 2048/2283/2048 2049/2297/2057 2033/2275/2043 2035/2277/2045
f 2049/2297/2057 2046/2296/2056 2053/2299/2059 2050/2300/2060
f 2050/2300/2060 2052/2276/2044 2033/2275/2043 2049/2297/2057
f 2053/2299/2059 2054/2301/2061 2051/2302/2062 2050/2300/2060
f 2052/2276/2044 2050/2300/2060 2051/2302/2062 2481/2303/2063
f 2058/2304/2064 2054/2301/2061 2053/2299/2059 2055/2305/2065
f 2056/2298/2058 2055/2305/2065 2053/2299/2059 2046/2296/2056
f 2057/2306/2066 2055/2305/2065 2056/2298/2058 2429/2307/2067
f 2055/2305/2065 2057/2306/2066 2060/2308/2068 2058/2304/2064
f 2054/2301/2061 2058/2304/2064 2059/2309/2069 2070/2310/2070
f 2059/2309/2069 2058/2304/2064 2060/2308/2068 2062/2311/2071
f 2063/2312/2072 2062/2311/2071 2060/2308/2068 2061/2313/2073
f 2060/2308/2068 2057/2306/2066 2426/2314/2074 2061/2313/2073
f 2066/2315/2075 2064/2316/2076 2062/2311/2071 2063/2312/2072
f 2064/2316/2076 2067/2317/2077 2059/2309/2069 2062/2311/2071
f 2067/2317/2077 2064/2316/2076 2065/2318/2078 2068/2319/2079
f 2066/2315/2075 2562/2320/2080 2065/2318/2078 2064/2316/2076
f 2068/2319/2079 2071/2321/2081 2069/2322/2082 2067/2317/2077
f 2069/2322/2082 2070/2310/2070 2059/2309/2069 2067/2317/2077
f 2074/2323/2083 2070/2310/2070 2069/2322/2082 2072/2324/2084
f 2075/2325/2085 2072/2324/2084 2069/2322/2082 2071/2321/2081
f 2073/2326/2086 2072/2324/2084 2075/2325/2085 2076/2327/2087
f 2072/2324/2084 2073/2326/2086 2482/2328/2088 2074/2323/2083
f 2080/2329/2089 2076/2330/2087 2075/2331/2085 2077/2332/2090
f 2079/2333/2091 2077/2332/2090 2075/2331/2085 2071/2334/2081
f 2079/2333/2091 2086/2335/2092 2078/2336/2093 2077/2332/2090
f 2080/2329/2089 2077/2332/2090 2078/2336/2093 2082/2337/2094
f 2081/2338/2095 2484/2339/2096 2076/2327/2087 2080/2340/2089
f 2080/2329/2089 2082/2337/2094 2083/2341/2097 2081/2342/2095
f 2084/2343/2098 2085/2344/2099 2083/2341/2097 2082/2337/2094
f 2084/2343/2098 2082/2337/2094 2078/2336/2093 2086/2335/2092
f 2084/2343/2098 2087/2345/2100 2089/2346/2101 2085/2344/2099
f 2087/2345/2100 2084/2343/2098 2086/2335/2092 2088/2347/2102
f 2088/2347/2102 2093/2348/2103 2090/2349/2104 2087/2345/2100
f 2089/2346/2101 2087/2345/2100 2090/2349/2104 2091/2350/2105
f 2517/2351/2106 2091/2350/2105 2090/2349/2104 2092/2352/2107
f 2094/2353/2108 2092/2352/2107 2090/2349/2104 2093/2348/2103
f 2096/2354/2109 2094/2355/2108 2093/2356/2103 2095/2357/2110
f 2098/2358/2111 2095/2357/2110 2093/2356/2103 2088/2359/2102
f 2096/2354/2109 2095/2357/2110 2097/2360/2112 2115/2361/2113
f 2098/2358/2111 2100/2362/2114 2097/2360/2112 2095/2357/2110
f 2098/2358/2111 2088/2359/2102 2086/2363/2092 2099/2364/2115
f 2098/2358/2111 2099/2364/2115 2101/2365/2116 2100/2362/2114
f 2102/2366/2117 2100/2362/2114 2101/2365/2116 2103/2367/2118
f 2100/2362/2114 2102/2366/2117 2104/2368/2119 2097/2360/2112
f 2103/2367/2118 2107/2369/2120 2105/2370/2121 2102/2366/2117
f 2104/2368/2119 2102/2366/2117 2105/2370/2121 2108/2371/2122
f 2109/2372/2123 2108/2371/2122 2105/2370/2121 2106/2373/2124
f 2105/2370/2121 2107/2369/2120 3270/2374/2125 2106/2373/2124
f 2111/2375/2126 2110/2376/2127 2108/2371/2122 2109/2372/2123
f 2110/2376/2127 2113/2377/2128 2104/2368/2119 2108/2371/2122
f 2111/2375/2126 2838/2378/2129 2112/2379/2130 2110/2376/2127
f 2113/2377/2128 2110/2376/2127 2112/2379/2130 2114/2380/2131
f 2113/2377/2128 2114/2380/2131 2116/2381/2132 2115/2361/2113
f 2115/2361/2113 2097/2360/2112 2104/2368/2119 2113/2377/2128
f 2115/2361/2113 2116/2381/2132 2119/2382/2133 2096/2354/2109
f 2116/2383/2132 2117/2384/2134 2121/2385/2135 2119/2386/2133
f 3248/2387/2136 2117/2384/2134 2116/2383/2132 2118/2388/2137
f 3252/2389/2138 2118/2390/2137 2116/2391/2132 2114/2392/2131
f 2094/2353/2108 2096/2393/2109 2119/2386/2133 2120/2394/2139
f 2120/2394/2139 2119/2386/2133 2121/2385/2135 2122/2395/2140
f 2270/2396/2141 2123/2397/2142 2121/2385/2135 2117/2384/2134
f 2121/2385/2135 2124/2398/2143 2127/2399/2144 2122/2395/2140
f 2125/2400/2145 2124/2398/2143 2121/2385/2135 2123/2397/2142
f 2124/2398/2143 2125/2400/2145 2267/2401/2146 2126/2402/2147
f 2127/2399/2144 2124/2398/2143 2126/2402/2147 2128/2403/2148
f 2130/2404/2149 2129/2405/2150 2127/2399/2144 2128/2403/2148
f 2131/2406/2151 2122/2395/2140 2127/2399/2144 2129/2405/2150
f 2129/2405/2150 2130/2404/2149 2135/2407/2152 2132/2408/2153
f 2132/2408/2153 2133/2409/2154 2131/2406/2151 2129/2405/2150
f 2133/2409/2154 2132/2408/2153 2134/2410/2155 2514/2411/2156
f 2134/2410/2155 2132/2408/2153 2135/2407/2152 2137/2412/2157
f 2138/2413/2158 2137/2412/2157 2135/2407/2152 2136/2414/2159
f 2135/2407/2152 2130/2404/2149 2176/2415/2160 2136/2414/2159
f 2138/2413/2158 2142/2416/2161 2139/2417/2162 2137/2412/2157
f 2139/2417/2162 2141/2418/2163 2134/2410/2155 2137/2412/2157
f 2143/2419/2164 2140/2420/2165 2139/2417/2162 2142/2416/2161
f 2140/2420/2165 2528/2421/2166 2141/2418/2163 2139/2417/2162
f 2144/2422/2167 2145/2423/2168 2143/2419/2164 2142/2416/2161
f 2142/2416/2161 2138/2413/2158 2147/2424/2169 2144/2422/2167
f 2145/2423/2168 2144/2422/2167 2146/2425/2170 2231/2426/2171
f 2147/2424/2169 2148/2427/2172 2146/2425/2170 2144/2422/2167
f 2136/2414/2159 2149/2428/2173 2147/2424/2169 2138/2413/2158
f 2151/2429/2174 2148/2427/2172 2147/2424/2169 2149/2428/2173
f 2150/2430/2175 2152/2431/2176 2151/2429/2174 2149/2428/2173
f 2149/2428/2173 2136/2414/2159 2176/2415/2160 2150/2430/2175
f 2155/2432/2177 2148/2427/2172 2151/2429/2174 2153/2433/2178
f 2156/2434/2179 2153/2433/2178 2151/2429/2174 2152/2431/2176
f 2226/2435/2180 2155/2432/2177 2153/2433/2178 2154/2436/2181
f 2157/2437/2182 2154/2436/2181 2153/2433/2178 2156/2434/2179
f 2159/2438/2183 2157/2437/2182 2156/2434/2179 2158/2439/2184
f 2160/2440/2185 2158/2439/2184 2156/2434/2179 2152/2431/2176
f 2163/2441/2186 2159/2438/2183 2158/2439/2184 2161/2442/2187
f 2162/2443/2188 2161/2442/2187 2158/2439/2184 2160/2440/2185
f 2162/2443/2188 2167/2444/2189 2164/2445/2190 2161/2442/2187
f 2164/2445/2190 2166/2446/2191 2163/2441/2186 2161/2442/2187
f 2168/2447/2192 2165/2448/2193 2164/2445/2190 2167/2444/2189
f 3236/2449/2194 2166/2446/2191 2164/2445/2190 2165/2448/2193
f 2167/2444/2189 2169/2450/2195 2171/2451/2196 2168/2447/2192
f 2162/2443/2188 2172/2452/2197 2169/2450/2195 2167/2444/2189
f 2174/2453/2198 2170/2454/2199 2169/2450/2195 2172/2452/2197
f 2170/2454/2199 2177/2455/2200 2171/2451/2196 2169/2450/2195
f 2160/2440/2185 2173/2456/2201 2172/2452/2197 2162/2443/2188
f 2175/2457/2202 2174/2453/2198 2172/2452/2197 2173/2456/2201
f 2174/2453/2198 2126/2402/2147 2267/2401/2146 2170/2454/2199
f 2175/2457/2202 2128/2403/2148 2126/2402/2147 2174/2453/2198
f 2128/2403/2148 2175/2457/2202 2176/2415/2160 2130/2404/2149
f 2176/2415/2160 2175/2457/2202 2173/2456/2201 2150/2430/2175
f 2152/2431/2176 2150/2430/2175 2173/2456/2201 2160/2440/2185
f 2179/2458/2203 2168/2447/2192 2171/2451/2196 2178/2459/2204
f 2171/2451/2196 2177/2455/2200 2180/2460/2205 2178/2459/2204
f 2184/2461/2206 2179/2458/2203 2178/2459/2204 2181/2462/2207
f 2181/2462/2207 2178/2459/2204 2180/2460/2205 2182/2463/2208
f 2182/2464/2208 2253/2465/2209 2183/2466/2210 2181/2467/2207
f 2184/2468/2206 2181/2467/2207 2183/2466/2210 2186/2469/2211
f 2184/2461/2206 2185/2470/2212 3401/2471/2213 2179/2458/2203
f 2185/2472/2212 2184/2468/2206 2186/2469/2211 2187/2473/2214
f 2191/2474/2215 2187/2473/2214 2186/2469/2211 2188/2475/2216
f 2188/2475/2216 2186/2469/2211 2183/2466/2210 2190/2476/2217
f 2189/2477/2218 2193/2478/2219 2191/2474/2215 2188/2475/2216
f 2188/2475/2216 2190/2476/2217 2250/2479/2220 2189/2477/2218
f 2192/2480/2221 3149/2481/2222 2187/2473/2214 2191/2474/2215
f 2193/2478/2219 2194/2482/2223 2192/2480/2221 2191/2474/2215
f 2189/2477/2218 2197/2483/2224 2195/2484/2225 2193/2478/2219
f 2193/2478/2219 2195/2484/2225 2199/2485/2226 2194/2482/2223
f 2209/2486/2227 2198/2487/2228 2195/2484/2225 2196/2488/2229
f 2238/2489/2230 2196/2488/2229 2195/2484/2225 2197/2483/2224
f 2195/2484/2225 2198/2487/2228 2201/2490/2231 2199/2485/2226
f 2199/2485/2226 2200/2491/2232 3151/2492/2233 2194/2482/2223
f 2201/2490/2231 2202/2493/2234 2200/2491/2232 2199/2485/2226
f 2203/2494/2235 2204/2495/2236 2202/2493/2234 2201/2490/2231
f 2201/2490/2231 2198/2487/2228 2206/2496/2237 2203/2494/2235
f 2204/2495/2236 2203/2494/2235 2205/2497/2238 3134/2498/2239
f 2203/2494/2235 2206/2496/2237 2207/2499/2240 2205/2497/2238
f 2198/2487/2228 2209/2486/2227 2208/2500/2241 2206/2496/2237
f 2208/2500/2241 2211/2501/2242 2207/2499/2240 2206/2496/2237
f 3397/2502/2243 2210/2503/2244 2208/2500/2241 2209/2486/2227
f 2212/2504/2245 2211/2501/2242 2208/2500/2241 2210/2503/2244
f 2211/2501/2242 2212/2504/2245 2216/2505/2246 2213/2506/2247
f 2213/2506/2247 2215/2507/2248 2207/2499/2240 2211/2501/2242
f 2215/2507/2248 2213/2506/2247 2214/2508/2249 3238/2509/2250
f 2214/2508/2249 2213/2506/2247 2216/2505/2246 2218/2510/2251
f 2216/2505/2246 2212/2504/2245 3400/2511/2252 2217/2512/2253
f 2220/2513/2254 2218/2510/2251 2216/2505/2246 2217/2512/2253
f 2219/2514/2255 3239/2515/2256 2214/2508/2249 2218/2510/2251
f 2220/2513/2254 2221/2516/2257 2219/2514/2255 2218/2510/2251
f 2220/2513/2254 2222/2517/2258 2223/2518/2259 2221/2516/2257
f 2222/2517/2258 2220/2513/2254 2217/2512/2253 2224/2519/2260
f 2154/2436/2181 2157/2437/2182 2223/2518/2259 2222/2517/2258
f 2222/2517/2258 2224/2519/2260 2226/2435/2180 2154/2436/2181
f 2225/2520/2261 2227/2521/2262 2226/2435/2180 2224/2519/2260
f 2224/2519/2260 2217/2512/2253 3400/2511/2252 2225/2520/2261
f 2229/2522/2263 2155/2432/2177 2226/2435/2180 2227/2521/2262
f 2227/2521/2262 2228/2523/2264 2230/2524/2265 2229/2522/2263
f 2227/2521/2262 2225/2520/2261 3399/2525/2266 2228/2523/2264
f 2146/2425/2170 2229/2522/2263 2230/2524/2265 2231/2426/2171
f 2155/2432/2177 2229/2522/2263 2146/2425/2170 2148/2427/2172
f 2228/2523/2264 2233/2526/2267 2232/2527/2268 2230/2524/2265
f 2231/2426/2171 2230/2524/2265 2232/2527/2268 2235/2528/2269
f 2232/2527/2268 2233/2526/2267 3397/2502/2243 2234/2529/2270
f 2237/2530/2271 2235/2528/2269 2232/2527/2268 2234/2529/2270
f 2237/2530/2271 2239/2531/2272 2236/2532/2273 2235/2528/2269
f 2231/2426/2171 2235/2528/2269 2236/2532/2273 2145/2423/2168
f 2238/2489/2230 2237/2530/2271 2234/2529/2270 2196/2488/2229
f 2238/2489/2230 2240/2533/2274 2239/2531/2272 2237/2530/2271
f 2244/2534/2275 2241/2535/2276 2239/2531/2272 2240/2533/2274
f 2241/2535/2276 2243/2536/2277 2236/2532/2273 2239/2531/2272
f 2244/2534/2275 2245/2537/2278 2242/2538/2279 2241/2535/2276
f 2243/2536/2277 2241/2535/2276 2242/2538/2279 2531/2539/2280
f 2246/2540/2281 2247/2541/2282 2245/2537/2278 2244/2534/2275
f 2246/2540/2281 2244/2534/2275 2240/2533/2274 2249/2542/2283
f 2248/2543/2284 2251/2544/2285 2247/2541/2282 2246/2540/2281
f 2248/2543/2284 2246/2540/2281 2249/2542/2283 2250/2479/2220
f 2197/2483/2224 2249/2542/2283 2240/2533/2274 2238/2489/2230
f 2189/2477/2218 2250/2479/2220 2249/2542/2283 2197/2483/2224
f 2252/2545/2286 2248/2543/2284 2250/2479/2220 2190/2476/2217
f 2251/2544/2285 2248/2543/2284 2252/2545/2286 2254/2546/2287
f 2256/2547/2288 2254/2546/2287 2252/2545/2286 2253/2465/2209
f 2183/2466/2210 2253/2465/2209 2252/2545/2286 2190/2476/2217
f 2254/2546/2287 2255/2548/2289 2542/2549/2290 2251/2544/2285
f 2255/2548/2289 2254/2546/2287 2256/2547/2288 2257/2550/2291
f 2256/2547/2288 2258/2551/2292 2260/2552/2293 2257/2550/2291
f 2253/2465/2209 2182/2464/2208 2258/2551/2292 2256/2547/2288
f 2180/2460/2205 2259/2553/2294 2258/2554/2292 2182/2463/2208
f 2259/2553/2294 2262/2555/2295 2260/2556/2293 2258/2554/2292
f 2262/2555/2295 2263/2557/2296 2261/2558/2297 2260/2556/2293
f 2257/2550/2291 2260/2552/2293 2261/2559/2297 2545/2560/2298
f 2262/2555/2295 2264/2561/2299 2265/2562/2300 2263/2557/2296
f 2259/2553/2294 2266/2563/2301 2264/2561/2299 2262/2555/2295
f 2267/2401/2146 2125/2400/2145 2264/2561/2299 2266/2563/2301
f 2125/2400/2145 2123/2397/2142 2265/2562/2300 2264/2561/2299
f 2266/2563/2301 2259/2553/2294 2180/2460/2205 2177/2455/2200
f 2177/2455/2200 2170/2454/2199 2267/2401/2146 2266/2563/2301
f 2123/2397/2142 2270/2396/2141 2268/2564/2302 2265/2562/2300
f 2263/2557/2296 2265/2562/2300 2268/2564/2302 2271/2565/2303
f 2273/2566/2304 2271/2565/2303 2268/2564/2302 2269/2567/2305
f 2268/2564/2302 2270/2396/2141 3247/2568/2306 2269/2567/2305
f 2271/2565/2303 2272/2569/2307 2261/2558/2297 2263/2557/2296
f 2271/2565/2303 2273/2566/2304 2275/2570/2308 2272/2569/2307
f 2273/2571/2304 2269/2572/2305 3244/2573/2309 2274/2574/2310
f 2274/2574/2310 2277/2575/2311 2275/2576/2308 2273/2571/2304
f 2278/2577/2312 2275/2578/2308 2276/2579/2313 2279/2580/2314
f 2277/2581/2311 2952/2582/2315 2276/2579/2313 2275/2578/2308
f 2275/2578/2308 2278/2577/2312 2280/2583/2316 2272/2584/2307
f 2279/2580/2314 2284/2585/2317 2281/2586/2318 2278/2577/2312
f 2278/2577/2312 2281/2586/2318 2283/2587/2319 2280/2583/2316
f 2282/2588/2320 2543/2589/2321 2283/2587/2319 2281/2586/2318
f 2281/2586/2318 2284/2585/2317 2286/2590/2322 2282/2588/2320
f 2279/2580/2314 2866/2591/2323 2285/2592/2324 2284/2585/2317
f 2286/2590/2322 2284/2585/2317 2285/2592/2324 2287/2593/2325
f 2291/2594/2326 2288/2595/2327 2286/2590/2322 2287/2593/2325
f 2289/2596/2328 2282/2588/2320 2286/2590/2322 2288/2595/2327
f 2290/2597/2329 2547/2598/2330 2289/2599/2328 2288/2600/2327
f 2291/2601/2326 2292/2602/2331 2290/2597/2329 2288/2600/2327
f 2291/2601/2326 2293/2603/2332 2296/2604/2333 2292/2602/2331
f 2293/2603/2332 2291/2601/2326 2287/2605/2325 2295/2606/2334
f 2293/2603/2332 2295/2606/2334 2865/2607/2335 2294/2608/2336
f 2294/2608/2336 2299/2609/2337 2296/2604/2333 2293/2603/2332
f 2382/2610/2338 2292/2602/2331 2296/2604/2333 2297/2611/2339
f 2375/2612/2340 2297/2611/2339 2296/2604/2333 2298/2613/2341
f 2300/2614/2342 2298/2613/2341 2296/2604/2333 2299/2609/2337
f 2300/2614/2342 2299/2609/2337 2301/2615/2343 2303/2616/2344
f 2299/2609/2337 2294/2608/2336 2304/2617/2345 2301/2615/2343
f 2356/2618/2346 2303/2616/2344 2301/2615/2343 2302/2619/2347
f 2302/2619/2347 2301/2615/2343 2304/2617/2345 2306/2620/2348
f 2304/2617/2345 2294/2608/2336 2865/2607/2335 2305/2621/2349
f 2308/2622/2350 2306/2620/2348 2304/2617/2345 2305/2621/2349
f 2302/2619/2347 2306/2620/2348 2307/2623/2351 2354/2624/2352
f 2306/2620/2348 2308/2622/2350 2310/2625/2353 2307/2623/2351
f 2308/2622/2350 2309/2626/2354 2312/2627/2355 2310/2625/2353
f 2308/2622/2350 2305/2621/2349 2860/2628/2356 2309/2626/2354
f 2312/2627/2355 2313/2629/2357 2311/2630/2358 2310/2625/2353
f 2310/2625/2353 2311/2630/2358 2352/2631/2359 2307/2623/2351
f 2316/2632/2360 2314/2633/2361 2312/2627/2355 2309/2626/2354
f 2314/2633/2361 2317/2634/2362 2313/2629/2357 2312/2627/2355
f 2315/2635/2363 2318/2636/2364 2317/2634/2362 2314/2633/2361
f 2314/2633/2361 2316/2632/2360 2858/2637/2365 2315/2635/2363
f 2319/2638/2366 2322/2639/2367 2313/2629/2357 2317/2634/2362
f 2318/2636/2364 2321/2640/2368 2319/2638/2366 2317/2634/2362
f 2324/2641/2369 2322/2642/2367 2319/2643/2366 2320/2644/2370
f 3007/2645/2371 2320/2644/2370 2319/2643/2366 2321/2646/2368
f 2322/2639/2367 2323/2647/2372 2311/2630/2358 2313/2629/2357
f 2322/2642/2367 2324/2641/2369 2326/2648/2373 2323/2649/2372
f 2324/2641/2369 2325/2650/2374 2329/2651/2375 2326/2648/2373
f 2324/2641/2369 2320/2644/2370 3070/2652/2376 2325/2650/2374
f 2351/2653/2377 2323/2649/2372 2326/2648/2373 2327/2654/2378
f 2340/2655/2379 2327/2654/2378 2326/2648/2373 2328/2656/2380
f 2326/2648/2373 2329/2651/2375 2331/2657/2381 2328/2656/2380
f 2329/2651/2375 2325/2650/2374 2975/2658/2382 2330/2659/2383
f 2329/2651/2375 2330/2659/2383 2332/2660/2384 2331/2657/2381
f 2333/2661/2385 2331/2657/2381 2332/2660/2384 2334/2662/2386
f 2331/2657/2381 2333/2661/2385 2336/2663/2387 2328/2656/2380
f 2333/2661/2385 2334/2662/2386 3240/2664/2388 2335/2665/2389
f 2333/2661/2385 2335/2665/2389 2337/2666/2390 2336/2663/2387
f 2338/2667/2391 2336/2663/2387 2337/2666/2390 2339/2668/2392
f 2340/2655/2379 2328/2656/2380 2336/2663/2387 2338/2667/2391
f 2343/2669/2393 2341/2670/2394 2338/2667/2391 2339/2668/2392
f 2344/2671/2395 2340/2655/2379 2338/2667/2391 2341/2670/2394
f 3024/2672/2396 2342/2673/2397 2341/2670/2394 2343/2669/2393
f 2342/2673/2397 2345/2674/2398 2344/2671/2395 2341/2670/2394
f 2327/2654/2378 2340/2655/2379 2344/2671/2395 2346/2675/2399
f 2347/2676/2400 2346/2675/2399 2344/2671/2395 2345/2674/2398
f 2349/2677/2401 2348/2678/2402 2346/2679/2399 2347/2680/2400
f 2351/2653/2377 2327/2654/2378 2346/2675/2399 2348/2681/2402
f 2350/2682/2403 2348/2678/2402 2349/2677/2401 2353/2683/2404
f 2351/2684/2377 2348/2678/2402 2350/2682/2403 2352/2631/2359
f 2323/2647/2372 2351/2684/2377 2352/2631/2359 2311/2630/2358
f 2307/2623/2351 2352/2631/2359 2350/2682/2403 2354/2624/2352
f 2355/2685/2405 2354/2624/2352 2350/2682/2403 2353/2683/2404
f 2356/2618/2346 2302/2619/2347 2354/2624/2352 2355/2685/2405
f 2355/2685/2405 2357/2686/2406 2360/2687/2407 2356/2618/2346
f 2357/2686/2406 2355/2685/2405 2353/2683/2404 2359/2688/2408
f 2359/2688/2408 3032/2689/2409 2358/2690/2410 2357/2686/2406
f 2358/2690/2410 2361/2691/2411 2360/2687/2407 2357/2686/2406
f 2360/2687/2407 2362/2692/2412 2303/2616/2344 2356/2618/2346
f 2361/2691/2411 2363/2693/2413 2362/2692/2412 2360/2687/2407
f 2366/2694/2414 2364/2695/2415 2362/2692/2412 2363/2693/2413
f 2364/2695/2415 2300/2614/2342 2303/2616/2344 2362/2692/2412
f 2298/2613/2341 2300/2614/2342 2364/2695/2415 2365/2696/2416
f 2364/2695/2415 2366/2694/2414 2368/2697/2417 2365/2696/2416
f 2363/2693/2413 3062/2698/2418 2367/2699/2419 2366/2694/2414
f 2367/2699/2419 2369/2700/2420 2368/2697/2417 2366/2694/2414
f 2372/2701/2421 2370/2702/2422 2368/2697/2417 2369/2700/2420
f 2368/2697/2417 2370/2702/2422 2373/2703/2423 2365/2696/2416
f 2370/2702/2422 2371/2704/2424 2374/2705/2425 2373/2703/2423
f 2370/2702/2422 2372/2701/2421 2830/2706/2426 2371/2704/2424
f 2375/2612/2340 2373/2703/2423 2374/2705/2425 2376/2707/2427
f 2298/2613/2341 2365/2696/2416 2373/2703/2423 2375/2612/2340
f 2297/2611/2339 2375/2612/2340 2376/2707/2427 2378/2708/2428
f 2379/2709/2429 2378/2708/2428 2376/2707/2427 2377/2710/2430
f 2376/2707/2427 2374/2705/2425 2825/2711/2431 2377/2710/2430
f 2380/2712/2432 2378/2708/2428 2379/2709/2429 2383/2713/2433
f 2297/2611/2339 2378/2708/2428 2380/2712/2432 2382/2610/2338
f 2549/2714/2434 2382/2610/2338 2380/2712/2432 2381/2715/2435
f 2380/2712/2432 2383/2713/2433 2385/2716/2436 2381/2715/2435
f 2384/2717/2437 2383/2713/2433 2379/2709/2429 2820/2718/2438
f 2385/2716/2436 2383/2713/2433 2384/2717/2437 2386/2719/2439
f 2385/2716/2436 2386/2719/2439 2390/2720/2440 2387/2721/2441
f 2388/2722/2442 2381/2715/2435 2385/2716/2436 2387/2721/2441
f 2387/2721/2441 2389/2723/2443 2550/2724/2444 2388/2722/2442
f 2389/2723/2443 2387/2721/2441 2390/2720/2440 2391/2725/2445
f 2390/2720/2440 2386/2719/2439 2393/2726/2446 2392/2727/2447
f 2395/2728/2448 2391/2725/2445 2390/2720/2440 2392/2727/2447
f 2394/2729/2449 2392/2727/2447 2393/2726/2446 2814/2730/2450
f 2394/2729/2449 2396/2731/2451 2395/2728/2448 2392/2727/2447
f 2398/2732/2452 2391/2725/2445 2395/2728/2448 2397/2733/2453
f 2400/2734/2454 2397/2733/2453 2395/2728/2448 2396/2731/2451
f 2397/2735/2453 2399/2736/2455 2500/2737/2456 2398/2738/2452
f 2399/2736/2455 2397/2735/2453 2400/2739/2454 2401/2740/2457
f 2400/2741/2454 2396/2742/2451 2405/2743/2458 2402/2744/2459
f 2403/2745/2460 2401/2740/2457 2400/2739/2454 2402/2746/2459
f 2403/2747/2460 2402/2744/2459 2404/2748/2461 2554/2749/2462
f 2405/2743/2458 2407/2750/2463 2404/2748/2461 2402/2744/2459
f 2394/2729/2449 2406/2751/2464 2405/2752/2458 2396/2731/2451
f 2408/2753/2465 2407/2754/2463 2405/2752/2458 2406/2751/2464
f 2407/2754/2463 2408/2753/2465 2412/2755/2466 2409/2756/2467
f 2407/2750/2463 2409/2757/2467 2411/2758/2468 2404/2748/2461
f 2409/2757/2467 2410/2759/2469 2467/2760/2470 2411/2758/2468
f 2410/2761/2469 2409/2756/2467 2412/2755/2466 2415/2762/2471
f 2416/2763/2472 2415/2762/2471 2412/2755/2466 2413/2764/2473
f 2598/2765/2474 2413/2764/2473 2412/2755/2466 2414/2766/2475
f 2812/2767/2476 2414/2766/2475 2412/2755/2466 2408/2753/2465
f 2558/2768/2477 2417/2769/2478 2415/2770/2471 2416/2771/2472
f 2419/2772/2479 2410/2773/2469 2415/2770/2471 2418/2774/2480
f 2418/2774/2480 2415/2770/2471 2417/2769/2478 2420/2775/2481
f 2419/2772/2479 2418/2774/2480 2421/2776/2482 2422/2777/2483
f 2418/2774/2480 2420/2775/2481 2424/2778/2484 2421/2776/2482
f 2421/2776/2482 2423/2779/2485 2452/2780/2486 2422/2777/2483
f 2424/2778/2484 2425/2781/2487 2423/2779/2485 2421/2776/2482
f 2420/2775/2481 2061/2313/2073 2426/2314/2074 2424/2778/2484
f 2426/2314/2074 2427/2782/2488 2425/2781/2487 2424/2778/2484
f 2429/2307/2067 2427/2782/2488 2426/2314/2074 2057/2306/2066
f 2428/2783/2489 2555/2784/2490 2425/2781/2487 2427/2782/2488
f 2427/2782/2488 2429/2307/2067 2430/2785/2491 2428/2783/2489
f 2430/2785/2491 2429/2307/2067 2056/2298/2058 2047/2295/2055
f 2432/2786/2492 2428/2783/2489 2430/2785/2491 2431/2787/2493
f 2044/2293/2053 2431/2787/2493 2430/2785/2491 2047/2295/2055
f 2044/2293/2053 2042/2292/2052 2433/2788/2494 2431/2787/2493
f 2433/2788/2494 2435/2789/2495 2432/2786/2492 2431/2787/2493
f 2557/2291/2005 2434/2790/2496 2433/2788/2494 2042/2292/2052
f 2436/2791/2497 2435/2789/2495 2433/2788/2494 2434/2790/2496
f 2435/2789/2495 2436/2791/2497 2440/2792/2498 2437/2793/2499
f 2437/2793/2499 2439/2794/2500 2432/2786/2492 2435/2789/2495
f 2438/2795/2501 2449/2796/2502 2439/2794/2500 2437/2793/2499
f 2438/2795/2501 2437/2793/2499 2440/2792/2498 2441/2797/2503
f 2442/2798/2504 2441/2799/2503 2440/2800/2498 2436/2801/2497
f 2441/2799/2503 2442/2798/2504 2444/2236/2011 2443/2802/2505
f 2438/2803/2501 2441/2799/2503 2443/2802/2505 2446/2804/2506
f 2445/2239/2014 2443/2802/2505 2444/2236/2011 1999/2234/2009
f 2008/2246/2021 2446/2804/2506 2443/2802/2505 2445/2239/2014
f 2438/2803/2501 2446/2804/2506 2447/2805/2507 2449/2806/2502
f 2008/2246/2021 2010/2245/2020 2447/2805/2507 2446/2804/2506
f 2453/2807/2508 2450/2808/2509 2447/2809/2507 2448/2810/2510
f 2012/2248/2023 2448/2811/2510 2447/2805/2507 2010/2245/2020
f 2451/2812/2511 2449/2796/2502 2447/2809/2507 2450/2808/2509
f 2451/2812/2511 2450/2808/2509 2452/2780/2486 2423/2779/2485
f 2450/2808/2509 2453/2807/2508 2454/2813/2512 2452/2780/2486
f 2448/2814/2510 2456/2815/2513 2455/2816/2514 2453/2817/2508
f 2453/2817/2508 2455/2816/2514 2458/2818/2515 2454/2819/2512
f 2455/2816/2514 2456/2815/2513 2022/2263/2030 2457/2262/2033
f 2455/2816/2514 2457/2262/2033 2459/2820/2516 2458/2818/2515
f 2462/2821/2517 2454/2819/2512 2458/2818/2515 2460/2822/2518
f 2460/2822/2518 2458/2818/2515 2459/2820/2516 2461/2823/2519
f 2460/2822/2518 2461/2823/2519 2464/2824/2520 2463/2825/2521
f 2462/2821/2517 2460/2822/2518 2463/2825/2521 2466/2826/2522
f 2465/2827/2523 2463/2825/2521 2464/2824/2520 2469/2828/2524
f 2467/2760/2470 2466/2826/2522 2463/2825/2521 2465/2827/2523
f 2422/2777/2483 2462/2829/2517 2466/2830/2522 2419/2772/2479
f 2410/2759/2469 2419/2831/2479 2466/2826/2522 2467/2760/2470
f 2468/2832/2525 2411/2758/2468 2467/2760/2470 2465/2827/2523
f 2470/2833/2526 2468/2832/2525 2465/2827/2523 2469/2828/2524
f 2469/2828/2524 2471/2834/2527 2472/2835/2528 2470/2833/2526
f 2469/2828/2524 2464/2824/2520 2474/2836/2529 2471/2834/2527
f 2473/2837/2530 2487/2838/2531 2472/2835/2528 2471/2834/2527
f 2474/2836/2529 2476/2839/2532 2473/2837/2530 2471/2834/2527
f 2461/2823/2519 2475/2270/2038 2474/2836/2529 2464/2824/2520
f 2474/2836/2529 2475/2270/2038 2028/2269/2037 2476/2839/2532
f 2477/2840/2533 2478/2841/2534 2473/2837/2530 2476/2839/2532
f 2028/2269/2037 2030/2271/2039 2477/2840/2533 2476/2839/2532
f 2032/2273/2041 2479/2842/2535 2477/2840/2533 2030/2271/2039
f 2480/2843/2536 2478/2841/2534 2477/2840/2533 2479/2842/2535
f 2479/2842/2535 2481/2303/2063 2482/2328/2088 2480/2843/2536
f 2481/2303/2063 2479/2842/2535 2032/2273/2041 2052/2276/2044
f 2051/2302/2062 2074/2323/2083 2482/2328/2088 2481/2303/2063
f 2482/2328/2088 2073/2326/2086 2483/2844/2537 2480/2843/2536
f 2478/2841/2534 2480/2843/2536 2483/2844/2537 2485/2845/2538
f 2076/2327/2087 2484/2339/2096 2483/2844/2537 2073/2326/2086
f 2483/2844/2537 2484/2339/2096 2486/2846/2539 2485/2845/2538
f 2487/2838/2531 2485/2845/2538 2486/2846/2539 2488/2847/2540
f 2485/2845/2538 2487/2838/2531 2473/2837/2530 2478/2841/2534
f 2488/2847/2540 2490/2848/2541 2472/2835/2528 2487/2838/2531
f 2486/2849/2539 2526/2850/2542 2489/2851/2543 2488/2852/2540
f 2490/2848/2541 2488/2847/2540 2489/2853/2543 2492/2854/2544
f 2472/2835/2528 2490/2848/2541 2491/2855/2545 2470/2833/2526
f 2490/2856/2541 2492/2857/2544 2494/2858/2546 2491/2859/2545
f 2492/2857/2544 2493/2860/2547 2495/2861/2548 2494/2858/2546
f 2492/2857/2544 2489/2851/2543 2525/2862/2549 2493/2860/2547
f 2403/2745/2460 2494/2858/2546 2495/2861/2548 2401/2740/2457
f 2554/2749/2462 2491/2855/2545 2494/2863/2546 2403/2747/2460
f 2493/2860/2547 2497/2864/2550 2496/2865/2551 2495/2861/2548
f 2401/2740/2457 2495/2861/2548 2496/2865/2551 2399/2736/2455
f 2496/2865/2551 2498/2866/2552 2500/2737/2456 2399/2736/2455
f 2499/2867/2553 2498/2866/2552 2496/2865/2551 2497/2864/2550
f 2499/2867/2553 2504/2868/2554 2501/2869/2555 2498/2866/2552
f 2501/2869/2555 2502/2870/2556 2500/2737/2456 2498/2866/2552
f 2553/2871/2557 2502/2870/2556 2501/2869/2555 2503/2872/2558
f 2506/2873/2559 2503/2872/2558 2501/2869/2555 2504/2868/2554
f 2521/2874/2560 2505/2875/2561 2504/2868/2554 2499/2867/2553
f 2505/2875/2561 2507/2876/2562 2506/2873/2559 2504/2868/2554
f 2507/2876/2562 2511/2877/2563 2508/2878/2564 2506/2873/2559
f 2508/2878/2564 2509/2879/2565 2503/2872/2558 2506/2873/2559
f 2510/2880/2566 2527/2881/2567 2509/2879/2565 2508/2878/2564
f 2508/2878/2564 2511/2877/2563 2513/2882/2568 2510/2880/2566
f 2512/2883/2569 2514/2411/2156 2513/2882/2568 2511/2877/2563
f 2511/2877/2563 2507/2876/2562 2515/2884/2570 2512/2883/2569
f 2513/2882/2568 2514/2411/2156 2134/2410/2155 2141/2418/2163
f 2528/2421/2166 2510/2880/2566 2513/2882/2568 2141/2418/2163
f 2514/2411/2156 2512/2883/2569 2516/2885/2571 2133/2409/2154
f 2515/2884/2570 2517/2351/2106 2516/2885/2571 2512/2883/2569
f 2517/2351/2106 2092/2352/2107 2518/2886/2572 2516/2885/2571
f 2516/2885/2571 2518/2886/2572 2131/2406/2151 2133/2409/2154
f 2120/2394/2139 2122/2395/2140 2131/2406/2151 2518/2886/2572
f 2094/2353/2108 2120/2394/2139 2518/2886/2572 2092/2352/2107
f 2091/2350/2105 2517/2351/2106 2515/2884/2570 2519/2887/2573
f 2505/2875/2561 2519/2887/2573 2515/2884/2570 2507/2876/2562
f 2089/2346/2101 2091/2350/2105 2519/2887/2573 2520/2888/2574
f 2521/2874/2560 2520/2888/2574 2519/2887/2573 2505/2875/2561
f 2524/2889/2575 2522/2890/2576 2520/2888/2574 2521/2874/2560
f 2085/2344/2099 2089/2346/2101 2520/2888/2574 2522/2890/2576
f 2522/2890/2576 2523/2891/2577 2083/2341/2097 2085/2344/2099
f 2523/2891/2577 2522/2890/2576 2524/2889/2575 2525/2862/2549
f 2499/2867/2553 2497/2864/2550 2524/2889/2575 2521/2874/2560
f 2493/2860/2547 2525/2862/2549 2524/2889/2575 2497/2864/2550
f 2526/2850/2542 2523/2891/2577 2525/2862/2549 2489/2851/2543
f 2526/2850/2542 2081/2342/2095 2083/2341/2097 2523/2891/2577
f 2081/2338/2095 2526/2892/2542 2486/2846/2539 2484/2339/2096
f 2528/2421/2166 2529/2893/2578 2527/2881/2567 2510/2880/2566
f 2140/2420/2165 2531/2539/2280 2529/2893/2578 2528/2421/2166
f 2242/2538/2279 2530/2894/2579 2529/2893/2578 2531/2539/2280
f 2530/2894/2579 2533/2895/2580 2527/2881/2567 2529/2893/2578
f 2531/2539/2280 2140/2420/2165 2143/2419/2164 2243/2536/2277
f 2532/2896/2581 2530/2894/2579 2242/2538/2279 2245/2537/2278
f 2530/2894/2579 2532/2896/2581 2535/2897/2582 2533/2895/2580
f 2533/2895/2580 2534/2898/2583 2509/2879/2565 2527/2881/2567
f 2534/2898/2583 2533/2895/2580 2535/2897/2582 2536/2899/2584
f 2546/2900/2585 2536/2899/2584 2535/2897/2582 2537/2901/2586
f 2540/2902/2587 2537/2901/2586 2535/2897/2582 2538/2903/2588
f 2539/2904/2589 2538/2903/2588 2535/2897/2582 2532/2896/2581
f 2538/2903/2588 2539/2904/2589 2542/2549/2290 2541/2905/2590
f 2540/2902/2587 2538/2903/2588 2541/2905/2590 2543/2906/2321
f 2544/2907/2591 2541/2905/2590 2542/2549/2290 2255/2548/2289
f 2283/2908/2319 2543/2906/2321 2541/2905/2590 2544/2907/2591
f 2544/2907/2591 2255/2548/2289 2257/2550/2291 2545/2560/2298
f 2545/2560/2298 2280/2909/2316 2283/2908/2319 2544/2907/2591
f 2261/2559/2297 2272/2910/2307 2280/2909/2316 2545/2560/2298
f 2543/2589/2321 2282/2588/2320 2289/2596/2328 2540/2911/2587
f 2542/2549/2290 2539/2904/2589 2247/2541/2282 2251/2544/2285
f 2537/2912/2586 2540/2911/2587 2289/2596/2328 2547/2913/2330
f 2539/2904/2589 2532/2896/2581 2245/2537/2278 2247/2541/2282
f 2546/2914/2585 2537/2915/2586 2547/2598/2330 2548/2916/2592
f 2549/2714/2434 2548/2916/2592 2547/2598/2330 2290/2597/2329
f 2550/2724/2444 2546/2914/2585 2548/2916/2592 2388/2722/2442
f 2381/2715/2435 2388/2722/2442 2548/2916/2592 2549/2714/2434
f 2292/2602/2331 2382/2610/2338 2549/2714/2434 2290/2597/2329
f 2536/2899/2584 2546/2900/2585 2550/2917/2444 2551/2918/2593
f 2552/2919/2594 2551/2918/2593 2550/2917/2444 2389/2920/2443
f 2536/2899/2584 2551/2918/2593 2553/2871/2557 2534/2898/2583
f 2553/2871/2557 2551/2918/2593 2552/2919/2594 2502/2870/2556
f 2534/2898/2583 2553/2871/2557 2503/2872/2558 2509/2879/2565
f 2391/2725/2445 2398/2732/2452 2552/2921/2594 2389/2723/2443
f 2500/2737/2456 2502/2870/2556 2552/2919/2594 2398/2738/2452
f 2468/2832/2525 2470/2833/2526 2491/2855/2545 2554/2749/2462
f 2554/2749/2462 2404/2748/2461 2411/2758/2468 2468/2832/2525
f 2475/2270/2038 2461/2823/2519 2459/2820/2516 2027/2268/2036
f 2422/2777/2483 2452/2780/2486 2454/2813/2512 2462/2829/2517
f 2459/2820/2516 2457/2262/2033 2021/2260/2032 2027/2268/2036
f 2022/2257/2030 2456/2922/2513 2015/2254/2024 2017/2253/2027
f 2448/2811/2510 2012/2248/2023 2015/2249/2024 2456/2923/2513
f 2555/2784/2490 2451/2812/2511 2423/2779/2485 2425/2781/2487
f 2449/2796/2502 2451/2812/2511 2555/2784/2490 2439/2794/2500
f 2555/2784/2490 2428/2783/2489 2432/2786/2492 2439/2794/2500
f 2444/2236/2011 2442/2798/2504 2556/2232/2007 1996/2231/2006
f 2442/2798/2504 2436/2801/2497 2434/2924/2496 2556/2232/2007
f 1992/2229/2004 2556/2232/2007 2434/2924/2496 2557/2230/2005
f 2061/2313/2073 2420/2775/2481 2417/2769/2478 2063/2312/2072
f 2560/2925/2595 2559/2926/2596 2417/2769/2478 2558/2768/2477
f 2066/2315/2075 2063/2312/2072 2417/2769/2478 2559/2926/2596
f 2562/2320/2080 2066/2315/2075 2559/2926/2596 2560/2925/2595
f 2560/2927/2595 2561/2928/2597 2563/2929/2598 2562/2930/2080
f 2558/2931/2477 2591/2932/2599 2561/2928/2597 2560/2927/2595
f 2563/2929/2598 2564/2933/2600 2065/2934/2078 2562/2930/2080
f 2561/2928/2597 2567/2935/2601 2565/2936/2602 2563/2929/2598
f 2563/2929/2598 2565/2936/2602 2566/2937/2603 2564/2933/2600
f 2568/2938/2604 2569/2939/2605 2566/2937/2603 2565/2936/2602
f 2567/2935/2601 2571/2940/2606 2568/2938/2604 2565/2936/2602
f 3268/2941/2607 2569/2939/2605 2568/2938/2604 2570/2942/2608
f 2572/2943/2609 2570/2942/2608 2568/2938/2604 2571/2940/2606
f 2573/2944/2610 2575/2945/2611 2572/2943/2609 2571/2940/2606
f 2567/2935/2601 2574/2946/2612 2573/2944/2610 2571/2940/2606
f 2573/2944/2610 2574/2946/2612 2578/2947/2613 2576/2948/2614
f 2575/2945/2611 2573/2944/2610 2576/2948/2614 2577/2949/2615
f 2581/2950/2616 2577/2949/2615 2576/2948/2614 2579/2951/2617
f 2579/2951/2617 2576/2948/2614 2578/2947/2613 2582/2952/2618
f 2582/2952/2618 2583/2953/2619 2580/2954/2620 2579/2951/2617
f 2581/2950/2616 2579/2951/2617 2580/2954/2620 2775/2955/2621
f 2584/2956/2622 2585/2957/2623 2583/2953/2619 2582/2952/2618
f 2578/2947/2613 2587/2958/2624 2584/2956/2622 2582/2952/2618
f 2586/2959/2625 3363/2960/2626 2585/2957/2623 2584/2956/2622
f 2588/2961/2627 2586/2959/2625 2584/2956/2622 2587/2958/2624
f 2574/2946/2612 2589/2962/2628 2587/2958/2624 2578/2947/2613
f 2589/2962/2628 2590/2963/2629 2588/2961/2627 2587/2958/2624
f 2590/2963/2629 2589/2962/2628 2561/2928/2597 2591/2932/2599
f 2574/2946/2612 2567/2935/2601 2561/2928/2597 2589/2962/2628
f 2591/2932/2599 2595/2964/2630 2592/2965/2631 2590/2963/2629
f 2592/2965/2631 2594/2966/2632 2588/2961/2627 2590/2963/2629
f 2596/2967/2633 2593/2968/2634 2592/2965/2631 2595/2964/2630
f 2592/2965/2631 2593/2968/2634 3391/2969/2635 2594/2966/2632
f 2558/2931/2477 2416/2970/2472 2595/2964/2630 2591/2932/2599
f 2413/2764/2473 2596/2971/2633 2595/2972/2630 2416/2763/2472
f 2596/2971/2633 2597/2973/2636 2600/2974/2637 2593/2975/2634
f 2598/2765/2474 2597/2973/2636 2596/2971/2633 2413/2764/2473
f 2598/2765/2474 2807/2976/2638 2599/2977/2639 2597/2973/2636
f 2600/2974/2637 2597/2973/2636 2599/2977/2639 2602/2978/2640
f 3391/2979/2635 2593/2975/2634 2600/2974/2637 2601/2980/2641
f 2603/2981/2642 2601/2980/2641 2600/2974/2637 2602/2978/2640
f 2602/2978/2640 2604/2982/2643 2607/2983/2644 2603/2981/2642
f 2604/2982/2643 2602/2978/2640 2599/2977/2639 2606/2984/2645
f 2604/2982/2643 2606/2984/2645 2804/2985/2646 2605/2986/2647
f 2605/2986/2647 2609/2987/2648 2607/2983/2644 2604/2982/2643
f 2611/2988/2649 2608/2989/2650 2607/2983/2644 2609/2987/2648
f 2607/2983/2644 2608/2989/2650 3375/2990/2651 2603/2981/2642
f 2794/2991/2652 2610/2992/2653 2609/2987/2648 2605/2986/2647
f 2613/2993/2654 2611/2988/2649 2609/2987/2648 2610/2992/2653
f 2608/2994/2650 2611/2995/2649 2612/2996/2655 3376/2997/2656
f 2613/2998/2654 2614/2999/2657 2612/2996/2655 2611/2995/2649
f 2613/2993/2654 2615/3000/2658 2618/3001/2659 2614/3002/2657
f 2615/3000/2658 2613/2993/2654 2610/2992/2653 2617/3003/2660
f 2618/3001/2659 2615/3000/2658 2616/3004/2661 2619/3005/2662
f 2617/3003/2660 2788/3006/2663 2616/3004/2661 2615/3000/2658
f 2622/3007/2664 2620/3008/2665 2618/3009/2659 2619/3010/2662
f 2623/3011/2666 2614/2999/2657 2618/3009/2659 2620/3008/2665
f 2621/3012/2667 2625/3013/2668 2623/3011/2666 2620/3008/2665
f 2620/3008/2665 2622/3007/2664 3396/3014/2669 2621/3012/2667
f 2626/3015/2670 2624/3016/2671 2623/3011/2666 2625/3013/2668
f 2612/2996/2655 2614/2999/2657 2623/3011/2666 2624/3016/2671
f 2627/3017/2672 2628/3018/2673 2626/3015/2670 2625/3013/2668
f 2621/3012/2667 2630/3019/2674 2627/3017/2672 2625/3013/2668
f 2628/3018/2673 2627/3017/2672 2629/3020/2675 2642/3021/2676
f 2627/3017/2672 2630/3019/2674 2632/3022/2677 2629/3020/2675
f 2630/3019/2674 2621/3012/2667 3396/3014/2669 2631/3023/2678
f 2630/3019/2674 2631/3023/2678 2633/3024/2679 2632/3022/2677
f 2634/3025/2680 2632/3022/2677 2633/3024/2679 2636/3026/2681
f 2637/3027/2682 2629/3020/2675 2632/3022/2677 2634/3025/2680
f 2635/3028/2683 2638/3029/2684 2637/3027/2682 2634/3025/2680
f 2634/3025/2680 2636/3026/2681 2769/3030/2685 2635/3028/2683
f 2641/3031/2686 2639/3032/2687 2637/3027/2682 2638/3029/2684
f 2642/3021/2676 2629/3020/2675 2637/3027/2682 2639/3032/2687
f 2643/3033/2688 2642/3021/2676 2639/3032/2687 2640/3034/2689
f 2640/3034/2689 2639/3032/2687 2641/3031/2686 3307/3035/2690
f 2642/3021/2676 2643/3033/2688 2644/3036/2691 2628/3018/2673
f 2645/3037/2692 2648/3038/2693 2644/3036/2691 2643/3033/2688
f 2640/3034/2689 2647/3039/2694 2645/3037/2692 2643/3033/2688
f 3362/3040/2695 2646/3041/2696 2645/3037/2692 2647/3039/2694
f 2650/3042/2697 2648/3038/2693 2645/3037/2692 2646/3041/2696
f 2649/3043/2698 3390/3044/2699 2644/3036/2691 2648/3038/2693
f 2648/3038/2693 2650/3042/2697 2651/3045/2700 2649/3043/2698
f 2646/3041/2696 2655/3046/2701 2652/3047/2702 2650/3042/2697
f 2651/3045/2700 2650/3042/2697 2652/3047/2702 2653/3048/2703
f 3388/3049/2704 2653/3048/2703 2652/3047/2702 2654/3050/2705
f 2652/3047/2702 2655/3046/2701 2657/3051/2706 2654/3050/2705
f 2655/3046/2701 2646/3041/2696 3362/3040/2695 2656/3052/2707
f 2656/3052/2707 2658/3053/2708 2657/3051/2706 2655/3046/2701
f 2658/3053/2708 2661/3054/2709 2659/3055/2710 2657/3051/2706
f 2654/3050/2705 2657/3051/2706 2659/3055/2710 2662/3056/2711
f 2661/3054/2709 3357/3057/2712 2660/3058/2713 2659/3055/2710
f 2662/3056/2711 2659/3055/2710 2660/3058/2713 2664/3059/2714
f 2662/3056/2711 2663/3060/2715 3388/3049/2704 2654/3050/2705
f 2664/3059/2714 2665/3061/2716 2663/3060/2715 2662/3056/2711
f 2664/3059/2714 2666/3062/2717 2669/3063/2718 2665/3061/2716
f 2660/3058/2713 2668/3064/2719 2666/3062/2717 2664/3059/2714
f 3359/3065/2720 2667/3066/2721 2666/3062/2717 2668/3064/2719
f 2667/3066/2721 2670/3067/2722 2669/3063/2718 2666/3062/2717
f 2670/3067/2722 2674/3068/2723 2671/3069/2724 2669/3063/2718
f 2665/3061/2716 2669/3063/2718 2671/3069/2724 2672/3070/2725
f 2672/3070/2725 2671/3069/2724 2673/3071/2726 3393/3072/2727
f 2674/3068/2723 2675/3073/2728 2673/3071/2726 2671/3069/2724
f 2674/3068/2723 2676/3074/2729 2677/3075/2730 2675/3073/2728
f 2674/3068/2723 2670/3067/2722 2678/3076/2731 2676/3074/2729
f 2676/3074/2729 2678/3076/2731 2679/3077/2732 2677/3075/2730
f 2679/3077/2732 2678/3076/2731 2680/3078/2733 2682/3079/2734
f 2667/3066/2721 2680/3078/2733 2678/3076/2731 2670/3067/2722
f 2667/3066/2721 3359/3065/2720 2681/3080/2735 2680/3078/2733
f 2681/3080/2735 2683/3081/2736 2682/3079/2734 2680/3078/2733
f 2684/3082/2737 2682/3079/2734 2683/3081/2736 2687/3083/2738
f 2686/3084/2739 2679/3077/2732 2682/3079/2734 2684/3082/2737
f 2686/3084/2739 2684/3082/2737 2685/3085/2740 3395/3086/2741
f 2684/3082/2737 2687/3083/2738 2689/3087/2742 2685/3085/2740
f 2687/3083/2738 2683/3081/2736 2681/3080/2735 2688/3088/2743
f 2687/3083/2738 2688/3088/2743 2690/3089/2744 2689/3087/2742
f 2691/3090/2745 2689/3087/2742 2690/3089/2744 2692/3091/2746
f 2693/3092/2747 2685/3085/2740 2689/3087/2742 2691/3090/2745
f 2691/3090/2745 2692/3091/2746 2697/3093/2748 2694/3094/2749
f 2693/3092/2747 2691/3090/2745 2694/3094/2749 2695/3095/2750
f 2694/3094/2749 2696/3096/2751 2727/3097/2752 2695/3095/2750
f 2697/3093/2748 2699/3098/2753 2696/3096/2751 2694/3094/2749
f 2701/3099/2754 2699/3098/2753 2697/3093/2748 2698/3100/2755
f 3337/3101/2756 2698/3100/2755 2697/3093/2748 2692/3091/2746
f 2700/3102/2757 2726/3103/2758 2696/3096/2751 2699/3098/2753
f 2699/3098/2753 2701/3099/2754 2702/3104/2759 2700/3102/2757
f 2703/3105/2760 2704/3106/2761 2702/3104/2759 2701/3099/2754
f 2703/3105/2760 2701/3099/2754 2698/3100/2755 2705/3107/2762
f 2703/3105/2760 2706/3108/2763 2709/3109/2764 2704/3106/2761
f 2706/3108/2763 2703/3105/2760 2705/3107/2762 2708/3110/2765
f 2706/3108/2763 2707/3111/2766 2711/3112/2767 2709/3109/2764
f 2706/3108/2763 2708/3110/2765 3316/3113/2768 2707/3111/2766
f 2729/3114/2769 2704/3106/2761 2709/3109/2764 2710/3115/2770
f 2710/3115/2770 2709/3109/2764 2711/3112/2767 2712/3116/2771
f 2711/3112/2767 2713/3117/2772 2716/3118/2773 2712/3116/2771
f 2707/3111/2766 2715/3119/2774 2713/3117/2772 2711/3112/2767
f 2715/3119/2774 2750/3120/2775 2714/3121/2776 2713/3117/2772
f 2714/3121/2776 2717/3122/2777 2716/3118/2773 2713/3117/2772
f 2712/3116/2771 2716/3118/2773 2718/3123/2778 2721/3124/2779
f 2717/3122/2777 2719/3125/2780 2718/3123/2778 2716/3118/2773
f 2718/3123/2778 2719/3125/2780 2736/3126/2781 2720/3127/2782
f 2723/3128/2783 2721/3124/2779 2718/3123/2778 2720/3127/2782
f 2722/3129/2784 2710/3115/2770 2712/3116/2771 2721/3124/2779
f 2722/3129/2784 2721/3124/2779 2723/3128/2783 2725/3130/2785
f 2731/3131/2786 2724/3132/2787 2723/3128/2783 2720/3127/2782
f 2727/3097/2752 2725/3130/2785 2723/3128/2783 2724/3132/2787
f 2725/3130/2785 2726/3103/2758 2728/3133/2788 2722/3129/2784
f 2726/3103/2758 2725/3130/2785 2727/3097/2752 2696/3096/2751
f 2730/3134/2789 2695/3095/2750 2727/3097/2752 2724/3132/2787
f 2700/3102/2757 2729/3114/2769 2728/3133/2788 2726/3103/2758
f 2710/3115/2770 2722/3129/2784 2728/3133/2788 2729/3114/2769
f 2729/3114/2769 2700/3102/2757 2702/3104/2759 2704/3106/2761
f 2724/3132/2787 2731/3131/2786 2732/3135/2790 2730/3134/2789
f 2733/3136/2791 2734/3137/2792 2732/3135/2790 2731/3131/2786
f 2731/3131/2786 2720/3127/2782 2736/3126/2781 2733/3136/2791
f 2734/3137/2792 2733/3136/2791 2735/3138/2793 3384/3139/2794
f 2735/3138/2793 2733/3136/2791 2736/3126/2781 2737/3140/2795
f 2736/3126/2781 2719/3125/2780 2738/3141/2796 2737/3140/2795
f 2739/3142/2797 2737/3140/2795 2738/3141/2796 2742/3143/2798
f 2739/3142/2797 2740/3144/2799 2735/3138/2793 2737/3140/2795
f 2739/3142/2797 2741/3145/2800 3379/3146/2801 2740/3144/2799
f 2741/3145/2800 2739/3142/2797 2742/3143/2798 2743/3147/2802
f 2738/3141/2796 2747/3148/2803 2744/3149/2804 2742/3143/2798
f 2743/3147/2802 2742/3143/2798 2744/3149/2804 2745/3150/2805
f 2744/3149/2804 2746/3151/2806 3392/3152/2807 2745/3150/2805
f 2748/3153/2808 2746/3151/2806 2744/3149/2804 2747/3148/2803
f 2717/3122/2777 2747/3148/2803 2738/3141/2796 2719/3125/2780
f 2747/3148/2803 2717/3122/2777 2714/3121/2776 2748/3153/2808
f 2746/3151/2806 2748/3153/2808 2749/3154/2809 2752/3155/2810
f 2749/3154/2809 2748/3153/2808 2714/3121/2776 2750/3120/2775
f 3314/3156/2811 2751/3157/2812 2749/3154/2809 2750/3120/2775
f 2754/3158/2813 2752/3155/2810 2749/3154/2809 2751/3157/2812
f 2752/3155/2810 2753/3159/2814 3392/3152/2807 2746/3151/2806
f 2753/3159/2814 2752/3155/2810 2754/3158/2813 2756/3160/2815
f 3311/3161/2816 2755/3162/2817 2754/3163/2813 2751/3164/2812
f 2757/3165/2818 2756/3166/2815 2754/3163/2813 2755/3162/2817
f 2761/3167/2819 2758/3168/2820 2756/3166/2815 2757/3165/2818
f 2759/3169/2821 2753/3159/2814 2756/3160/2815 2758/3170/2820
f 2758/3168/2820 2760/3171/2822 3363/3172/2626 2759/3173/2821
f 2760/3171/2822 2758/3168/2820 2761/3167/2819 2763/3174/2823
f 3305/3175/2824 2762/3176/2825 2761/3167/2819 2757/3165/2818
f 2764/3177/2826 2763/3174/2823 2761/3167/2819 2762/3176/2825
f 2767/3178/2827 2760/3171/2822 2763/3174/2823 2765/3179/2828
f 2768/3180/2829 2765/3179/2828 2763/3174/2823 2764/3177/2826
f 2768/3180/2829 2770/3181/2830 2766/3182/2831 2765/3179/2828
f 2767/3178/2827 2765/3179/2828 2766/3182/2831 3304/3183/2832
f 2769/3030/2685 2768/3180/2829 2764/3177/2826 2635/3028/2683
f 2770/3181/2830 2768/3180/2829 2769/3030/2685 2772/3184/2833
f 2771/3185/2834 2770/3181/2830 2772/3184/2833 2774/3186/2835
f 2771/3185/2834 3304/3183/2832 2766/3182/2831 2770/3181/2830
f 2773/3187/2836 2772/3184/2833 2769/3030/2685 2636/3026/2681
f 2776/3188/2837 2774/3186/2835 2772/3184/2833 2773/3187/2836
f 2580/2954/2620 2771/3189/2834 2774/3190/2835 2775/2955/2621
f 2777/3191/2838 2775/2955/2621 2774/3190/2835 2776/3192/2837
f 2773/3187/2836 2781/3193/2839 2778/3194/2840 2776/3188/2837
f 2778/3195/2840 2780/3196/2841 2777/3191/2838 2776/3192/2837
f 2782/3197/2842 2779/3198/2843 2778/3194/2840 2781/3193/2839
f 2783/3199/2844 2780/3196/2841 2778/3195/2840 2779/3200/2843
f 2631/3023/2678 2782/3197/2842 2781/3193/2839 2633/3024/2679
f 2636/3026/2681 2633/3024/2679 2781/3193/2839 2773/3187/2836
f 2782/3197/2842 2631/3023/2678 3396/3014/2669 2622/3007/2664
f 2782/3197/2842 2622/3007/2664 2619/3010/2662 2779/3198/2843
f 2780/3196/2841 2783/3199/2844 2787/3201/2845 2784/3202/2846
f 2784/3202/2846 2786/3203/2847 2777/3191/2838 2780/3196/2841
f 2787/3201/2845 2789/3204/2848 2785/3205/2849 2784/3202/2846
f 2786/3203/2847 2784/3202/2846 2785/3205/2849 3303/3206/2850
f 2616/3004/2661 2788/3006/2663 2787/3201/2845 2783/3199/2844
f 2791/3207/2851 2789/3204/2848 2787/3201/2845 2788/3006/2663
f 2790/3208/2852 3301/3209/2853 2785/3205/2849 2789/3204/2848
f 2789/3204/2848 2791/3207/2851 2792/3210/2854 2790/3208/2852
f 2788/3006/2663 2617/3003/2660 2793/3211/2855 2791/3207/2851
f 2792/3210/2854 2791/3207/2851 2793/3211/2855 2795/3212/2856
f 2796/3213/2857 2795/3212/2856 2793/3211/2855 2794/2991/2652
f 2793/3211/2855 2617/3003/2660 2610/2992/2653 2794/2991/2652
f 2795/3212/2856 2796/3213/2857 2800/3214/2858 2797/3215/2859
f 2797/3215/2859 2798/3216/2860 2792/3210/2854 2795/3212/2856
f 2798/3216/2860 2797/3215/2859 2799/3217/2861 3281/3218/2862
f 2800/3214/2858 2801/3219/2863 2799/3217/2861 2797/3215/2859
f 2803/3220/2864 2801/3219/2863 2800/3214/2858 2802/3221/2865
f 2804/2985/2646 2802/3221/2865 2800/3214/2858 2796/3213/2857
f 2803/3220/2864 2802/3221/2865 2805/3222/2866 2806/3223/2867
f 2805/3222/2866 2802/3221/2865 2804/2985/2646 2606/2984/2645
f 2599/2977/2639 2807/2976/2638 2805/3222/2866 2606/2984/2645
f 2808/3224/2868 2806/3223/2867 2805/3222/2866 2807/2976/2638
f 2598/2765/2474 2414/2766/2475 2808/3224/2868 2807/2976/2638
f 2809/3225/2869 2810/3226/2870 2806/3223/2867 2808/3224/2868
f 2414/2766/2475 2812/2767/2476 2809/3225/2869 2808/3224/2868
f 2810/3226/2870 2809/3225/2869 2811/3227/2871 3289/3228/2872
f 2809/3225/2869 2812/2767/2476 2813/3229/2873 2811/3227/2871
f 2812/2767/2476 2408/2753/2465 2406/2751/2464 2813/3229/2873
f 2814/2730/2450 2813/3229/2873 2406/2751/2464 2394/2729/2449
f 2815/3230/2874 2811/3227/2871 2813/3229/2873 2814/2730/2450
f 2815/3230/2874 2814/2730/2450 2393/2726/2446 2817/3231/2875
f 2816/3232/2876 3289/3228/2872 2811/3227/2871 2815/3230/2874
f 2817/3231/2875 2818/3233/2877 2816/3232/2876 2815/3230/2874
f 2818/3233/2877 2817/3231/2875 2384/2717/2437 2820/2718/2438
f 2393/2726/2446 2386/2719/2439 2384/2717/2437 2817/3231/2875
f 2819/3234/2878 3288/3235/2879 2816/3232/2876 2818/3233/2877
f 2820/2718/2438 2821/3236/2880 2819/3234/2878 2818/3233/2877
f 2821/3236/2880 2820/2718/2438 2379/2709/2429 2377/2710/2430
f 2822/3237/2881 2824/3238/2882 2819/3234/2878 2821/3236/2880
f 2377/2710/2430 2825/2711/2431 2822/3237/2881 2821/3236/2880
f 3292/3239/2883 2824/3238/2882 2822/3237/2881 2823/3240/2884
f 2826/3241/2885 2823/3240/2884 2822/3237/2881 2825/2711/2431
f 2371/2704/2424 2826/3241/2885 2825/2711/2431 2374/2705/2425
f 2826/3241/2885 2827/3242/2886 2829/3243/2887 2823/3240/2884
f 2371/2704/2424 2830/2706/2426 2827/3242/2886 2826/3241/2885
f 2831/3244/2888 2828/3245/2889 2827/3242/2886 2830/2706/2426
f 2828/3245/2889 3258/3246/2890 2829/3243/2887 2827/3242/2886
f 2833/3247/2891 2831/3244/2888 2830/2706/2426 2372/2701/2421
f 2831/3244/2888 2832/3248/2892 3256/3249/2893 2828/3245/2889
f 2832/3248/2892 2831/3244/2888 2833/3247/2891 2835/3250/2894
f 2836/3251/2895 2835/3250/2894 2833/3247/2891 2834/3252/2896
f 2369/2700/2420 2834/3252/2896 2833/3247/2891 2372/2701/2421
f 2840/3253/2897 2837/3254/2898 2835/3250/2894 2836/3251/2895
f 2839/3255/2899 2832/3248/2892 2835/3250/2894 2837/3254/2898
f 2111/2375/2126 2839/3255/2899 2837/3254/2898 2838/2378/2129
f 2837/3254/2898 2840/3253/2897 2841/3256/2900 2838/2378/2129
f 2842/3257/2901 2843/3258/2902 2841/3256/2900 2840/3253/2897
f 2842/3257/2901 2840/3253/2897 2836/3251/2895 2844/3259/2903
f 2843/3258/2902 2842/3257/2901 2845/3260/2904 2848/3261/2905
f 2845/3260/2904 2842/3257/2901 2844/3259/2903 2846/3262/2906
f 3057/3263/2907 2847/3264/2908 2845/3260/2904 2846/3262/2906
f 2849/3265/2909 2848/3261/2905 2845/3260/2904 2847/3264/2908
f 2851/3266/2910 2850/3267/2911 2848/3261/2905 2849/3265/2909
f 2852/3268/2912 2843/3258/2902 2848/3261/2905 2850/3267/2911
f 2854/3269/2913 2853/3270/2914 2850/3267/2911 2851/3266/2910
f 2855/3271/2915 2852/3268/2912 2850/3267/2911 2853/3270/2914
f 2853/3270/2914 2854/3269/2913 2858/3272/2365 2856/3273/2916
f 2856/3273/2916 2857/3274/2917 2855/3271/2915 2853/3270/2914
f 2857/3275/2917 2856/3276/2916 2859/3277/2918 2861/3278/2919
f 2859/3277/2918 2856/3276/2916 2858/2637/2365 2316/2632/2360
f 2309/2626/2354 2860/2628/2356 2859/3277/2918 2316/2632/2360
f 2863/3279/2920 2861/3278/2919 2859/3277/2918 2860/2628/2356
f 2861/3278/2919 2862/3280/2921 2867/3281/2922 2857/3275/2917
f 2863/3279/2920 2864/3282/2923 2862/3280/2921 2861/3278/2919
f 2864/3282/2923 2863/3279/2920 2865/2607/2335 2295/2606/2334
f 2865/2607/2335 2863/3279/2920 2860/2628/2356 2305/2621/2349
f 2285/3283/2324 2866/3284/2323 2862/3280/2921 2864/3282/2923
f 2295/2606/2334 2287/2605/2325 2285/3283/2324 2864/3282/2923
f 2866/3284/2323 2869/3285/2924 2867/3281/2922 2862/3280/2921
f 2867/3281/2922 2868/3286/2925 2855/3287/2915 2857/3275/2917
f 2869/3285/2924 2870/3288/2926 2868/3286/2925 2867/3281/2922
f 2870/3289/2926 2869/3290/2924 2276/2579/2313 2872/3291/2927
f 2866/2591/2323 2279/2580/2314 2276/2579/2313 2869/3290/2924
f 2871/3292/2928 3253/3293/2929 2868/3286/2925 2870/3288/2926
f 2870/3289/2926 2872/3291/2927 2874/3294/2930 2871/3295/2928
f 2873/3296/2931 2872/3291/2927 2276/2579/2313 2952/2582/2315
f 2872/3291/2927 2873/3296/2931 2875/3297/2932 2874/3294/2930
f 2877/3298/2933 2871/3295/2928 2874/3294/2930 2876/3299/2934
f 2874/3294/2930 2875/3297/2932 2879/3300/2935 2876/3299/2934
f 2876/3299/2934 2878/3301/2936 2112/3302/2130 2877/3298/2933
f 2878/3301/2936 2876/3299/2934 2879/3300/2935 2880/3303/2937
f 2879/3300/2935 2881/3304/2938 2884/3305/2939 2880/3303/2937
f 2882/3306/2940 2881/3304/2938 2879/3300/2935 2875/3297/2932
f 2881/3304/2938 2882/3306/2940 2954/3307/2941 2883/3308/2942
f 2881/3304/2938 2883/3308/2942 2886/3309/2943 2884/3305/2939
f 3251/3310/2944 2880/3303/2937 2884/3305/2939 2885/3311/2945
f 2885/3311/2945 2884/3305/2939 2886/3309/2943 2888/3312/2946
f 2883/3308/2942 3229/3313/2947 2887/3314/2948 2886/3309/2943
f 2888/3312/2946 2886/3309/2943 2887/3314/2948 2889/3315/2949
f 2888/3316/2946 2889/3317/2949 2893/3318/2950 2890/3319/2951
f 2888/3316/2946 2890/3319/2951 2891/3320/2952 2885/3321/2945
f 2892/3322/2953 3249/3323/2954 2891/3320/2952 2890/3319/2951
f 2893/3318/2950 2895/3324/2955 2892/3322/2953 2890/3319/2951
f 3230/3325/2956 2894/3326/2957 2893/3318/2950 2889/3317/2949
f 2894/3326/2957 2896/3327/2958 2895/3324/2955 2893/3318/2950
f 2899/3328/2959 2897/3329/2960 2895/3324/2955 2896/3327/2958
f 2897/3329/2960 2900/3330/2961 2892/3322/2953 2895/3324/2955
f 2898/3331/2962 2897/3329/2960 2899/3328/2959 3156/3332/2963
f 2897/3329/2960 2898/3331/2962 2902/3333/2964 2900/3330/2961
f 2901/3334/2965 3249/3323/2954 2892/3322/2953 2900/3330/2961
f 2901/3334/2965 2900/3330/2961 2902/3333/2964 2903/3335/2966
f 2950/3336/2967 2903/3335/2966 2902/3333/2964 2904/3337/2968
f 2907/3338/2969 2905/3339/2970 2902/3333/2964 2898/3331/2962
f 2906/3340/2971 2904/3337/2968 2902/3333/2964 2905/3339/2970
f 2906/3341/2971 2905/3342/2970 2908/3343/2972 2911/3344/2973
f 2907/3345/2969 2910/3346/2974 2908/3343/2972 2905/3342/2970
f 3146/3347/2975 2909/3348/2976 2908/3343/2972 2910/3346/2974
f 2908/3343/2972 2909/3348/2976 2913/3349/2977 2911/3344/2973
f 2912/3350/2978 2911/3344/2973 2913/3349/2977 2915/3351/2979
f 2911/3344/2973 2912/3350/2978 2946/3352/2980 2906/3341/2971
f 2913/3349/2977 2909/3348/2976 3147/3353/2981 2914/3354/2982
f 2916/3355/2983 2915/3351/2979 2913/3349/2977 2914/3354/2982
f 2919/3356/2984 2912/3350/2978 2915/3351/2979 2917/3357/2985
f 2918/3358/2986 2917/3357/2985 2915/3351/2979 2916/3355/2983
f 2921/3359/2987 2920/3360/2988 2917/3357/2985 2918/3358/2986
f 2922/3361/2989 2919/3356/2984 2917/3357/2985 2920/3360/2988
f 2920/3360/2988 2921/3359/2987 2925/3362/2990 2923/3363/2991
f 2923/3363/2991 2924/3364/2992 2922/3361/2989 2920/3360/2988
f 2924/3364/2992 2923/3363/2991 2926/3365/2993 2929/3366/2994
f 2926/3365/2993 2923/3363/2991 2925/3362/2990 2927/3367/2995
f 3129/3368/2996 2928/3369/2997 2926/3365/2993 2927/3367/2995
f 2930/3370/2998 2929/3366/2994 2926/3365/2993 2928/3369/2997
f 2933/3371/2999 2931/3372/3000 2929/3366/2994 2930/3370/2998
f 2934/3373/3001 2924/3364/2992 2929/3366/2994 2931/3372/3000
f 2934/3374/3001 2931/3375/3000 2932/3376/3002 2935/3377/3003
f 2933/3378/2999 3118/3379/3004 2932/3380/3002 2931/3381/3000
f 2935/3377/3003 2938/3382/3005 2936/3383/3006 2934/3374/3001
f 2934/3373/3001 2936/3384/3006 2922/3361/2989 2924/3364/2992
f 2940/3385/3007 2937/3386/3008 2936/3383/3006 2938/3382/3005
f 2937/3387/3008 2919/3356/2984 2922/3361/2989 2936/3384/3006
f 2941/3388/3009 2940/3385/3007 2938/3382/3005 2939/3389/3010
f 3079/3390/3011 2939/3389/3010 2938/3382/3005 2935/3377/3003
f 2937/3386/3008 2940/3385/3007 2942/3391/3012 2946/3392/2980
f 2941/3388/3009 2945/3393/3013 2942/3391/3012 2940/3385/3007
f 3243/3394/3014 2943/3395/3015 2942/3391/3012 2945/3393/3013
f 2953/3396/3016 2944/3397/3017 2942/3391/3012 2943/3395/3015
f 2947/3398/3018 2946/3392/2980 2942/3391/3012 2944/3397/3017
f 2919/3356/2984 2937/3387/3008 2946/3352/2980 2912/3350/2978
f 2904/3337/2968 2906/3340/2971 2946/3399/2980 2947/3400/3018
f 2944/3397/3017 2949/3401/3019 2948/3402/3020 2947/3398/3018
f 2947/3400/3018 2948/3403/3020 2950/3336/2967 2904/3337/2968
f 2952/2582/2315 2277/2581/2311 2948/3402/3020 2949/3401/3019
f 2277/2575/2311 2274/2574/2310 2950/3336/2967 2948/3403/3020
f 2950/3336/2967 2274/2574/2310 3244/2573/2309 2903/3335/2966
f 2873/3296/2931 2952/2582/2315 2949/3401/3019 2951/3404/3021
f 2953/3396/3016 2951/3404/3021 2949/3401/3019 2944/3397/3017
f 2951/3404/3021 2882/3306/2940 2875/3297/2932 2873/3296/2931
f 2951/3404/3021 2953/3396/3016 2954/3307/2941 2882/3306/2940
f 2943/3395/3015 2956/3405/3022 2954/3307/2941 2953/3396/3016
f 3229/3313/2947 2883/3308/2942 2954/3307/2941 2955/3406/3023
f 2958/3407/3024 2955/3406/3023 2954/3307/2941 2956/3405/3022
f 2943/3395/3015 3243/3394/3014 2957/3408/3025 2956/3405/3022
f 2958/3407/3024 2956/3405/3022 2957/3408/3025 2960/3409/3026
f 2958/3407/3024 2959/3410/3027 3226/3411/3028 2955/3406/3023
f 2958/3407/3024 2960/3409/3026 2962/3412/3029 2959/3410/3027
f 2961/3413/3030 2960/3409/3026 2957/3408/3025 3242/3414/3031
f 2961/3413/3030 2965/3415/3032 2962/3412/3029 2960/3409/3026
f 3223/3416/3033 2959/3417/3027 2962/3418/3029 2963/3419/3034
f 3219/3420/3035 2963/3419/3034 2962/3418/3029 2964/3421/3036
f 2966/3422/3037 2964/3423/3036 2962/3424/3029 2965/3425/3032
f 2966/3422/3037 2965/3425/3032 2967/3426/3038 2969/3427/3039
f 2965/3415/3032 2961/3413/3030 2970/3428/3040 2967/3429/3038
f 3003/3430/3041 2969/3427/3039 2967/3426/3038 2968/3431/3042
f 2968/3432/3042 2967/3429/3038 2970/3428/3040 2972/3433/3043
f 2974/3434/3044 2972/3433/3043 2970/3428/3040 2971/3435/3045
f 2970/3428/3040 2961/3413/3030 3242/3414/3031 2971/3435/3045
f 2972/3433/3043 2973/3436/3046 3002/3437/3047 2968/3432/3042
f 2972/3433/3043 2974/3434/3044 2975/2658/2382 2973/3436/3046
f 2971/3435/3045 2978/3438/3048 2976/3439/3049 2974/3434/3044
f 2976/3439/3049 2330/2659/2383 2975/2658/2382 2974/3434/3044
f 2332/2660/2384 2330/2659/2383 2976/3439/3049 2977/3440/3050
f 2980/3441/3051 2977/3440/3050 2976/3439/3049 2978/3438/3048
f 2971/3435/3045 3242/3414/3031 2979/3442/3052 2978/3438/3048
f 2978/3438/3048 2979/3442/3052 2982/3443/3053 2980/3441/3051
f 2980/3441/3051 2981/3444/3054 3241/3445/3055 2977/3440/3050
f 2980/3441/3051 2982/3443/3053 2983/3446/3056 2981/3444/3054
f 3243/3394/3014 2945/3393/3013 2982/3443/3053 2979/3442/3052
f 2945/3393/3013 2941/3388/3009 2983/3446/3056 2982/3443/3053
f 2986/3447/3057 2981/3444/3054 2983/3446/3056 2984/3448/3058
f 2983/3446/3056 2941/3388/3009 2939/3389/3010 2984/3448/3058
f 2985/3449/3059 2984/3448/3058 2939/3389/3010 3079/3390/3011
f 2984/3448/3058 2985/3449/3059 2988/3450/3060 2986/3447/3057
f 2986/3447/3057 2987/3451/3061 3241/3445/3055 2981/3444/3054
f 2986/3447/3057 2988/3450/3060 2990/3452/3062 2987/3451/3061
f 2985/3449/3059 3080/3453/3063 2989/3454/3064 2988/3450/3060
f 2989/3454/3064 2992/3455/3065 2990/3452/3062 2988/3450/3060
f 2990/3452/3062 2991/3456/3066 3240/2664/2388 2987/3451/3061
f 2993/3457/3067 2991/3456/3066 2990/3452/3062 2992/3455/3065
f 2993/3457/3067 2992/3455/3065 2994/3458/3068 2997/3459/3069
f 2994/3458/3068 2992/3455/3065 2989/3454/3064 2995/3460/3070
f 3071/3461/3071 2996/3462/3072 2994/3458/3068 2995/3460/3070
f 2999/3463/3073 2997/3459/3069 2994/3458/3068 2996/3462/3072
f 2998/3464/3074 3015/3465/3075 2993/3457/3067 2997/3459/3069
f 2997/3459/3069 2999/3463/3073 3000/3466/3076 2998/3464/3074
f 3001/3467/3077 3004/3468/3078 3000/3466/3076 2999/3463/3073
f 2996/3462/3072 3003/3430/3041 3001/3467/3077 2999/3463/3073
f 2968/3431/3042 3002/3469/3047 3001/3467/3077 3003/3430/3041
f 3005/3470/3079 3004/3468/3078 3001/3467/3077 3002/3469/3047
f 3005/3470/3079 3007/3471/2371 3006/3472/3080 3004/3468/3078
f 3004/3468/3078 3006/3472/3080 3010/3473/3081 3000/3466/3076
f 2321/3474/2368 3008/3475/3082 3006/3476/3080 3007/3477/2371
f 3048/3478/3083 3009/3479/3084 3006/3476/3080 3008/3475/3082
f 3006/3476/3080 3009/3479/3084 3011/3480/3085 3010/3481/3081
f 3012/3482/3086 3010/3473/3081 3011/3483/3085 3013/3484/3087
f 2998/3464/3074 3000/3466/3076 3010/3473/3081 3012/3482/3086
f 3012/3482/3086 3013/3484/3087 3017/3485/3088 3014/3486/3089
f 3012/3482/3086 3014/3486/3089 3015/3465/3075 2998/3464/3074
f 3016/3487/3090 3069/3488/3091 3015/3465/3075 3014/3486/3089
f 3017/3485/3088 3019/3489/3092 3016/3487/3090 3014/3486/3089
f 3065/3490/3093 3018/3491/3094 3017/3485/3088 3013/3484/3087
f 3017/3485/3088 3018/3491/3094 3020/3492/3095 3019/3489/3092
f 2339/2668/2392 3019/3489/3092 3020/3492/3095 2343/2669/2393
f 2339/2668/2392 2337/2666/2390 3016/3487/3090 3019/3489/3092
f 3023/3493/3096 3021/3494/3097 3020/3492/3095 3018/3491/3094
f 3020/3492/3095 3021/3494/3097 3024/2672/2396 2343/2669/2393
f 3023/3493/3096 3067/3495/3098 3022/3496/3099 3021/3494/3097
f 3022/3496/3099 3025/3497/3100 3024/2672/2396 3021/3494/3097
f 3027/3498/3101 2342/2673/2397 3024/2672/2396 3025/3497/3100
f 3038/3499/3102 3026/3500/3103 3025/3501/3100 3022/3502/3099
f 3029/3503/3104 3027/3504/3101 3025/3501/3100 3026/3500/3103
f 2342/2673/2397 3027/3498/3101 3028/3505/3105 2345/2674/2398
f 3029/3503/3104 3030/3506/3106 3028/3507/3105 3027/3504/3101
f 3029/3503/3104 3031/3508/3107 3034/3509/3108 3030/3506/3106
f 3031/3508/3107 3029/3503/3104 3026/3500/3103 3033/3510/3109
f 3032/2689/2409 2359/2688/2408 3034/3509/3108 3031/3508/3107
f 3031/3508/3107 3033/3510/3109 3035/3511/3110 3032/2689/2409
f 2359/2688/2408 2353/2683/2404 2349/2677/2401 3034/3509/3108
f 3030/3506/3106 3034/3509/3108 2349/2677/2401 2347/2680/2400
f 3036/3512/3111 3037/3513/3112 3035/3511/3110 3033/3510/3109
f 3026/3500/3103 3038/3499/3102 3036/3512/3111 3033/3510/3109
f 3041/3514/3113 3037/3513/3112 3036/3512/3111 3039/3515/3114
f 3040/3516/3115 3039/3515/3114 3036/3512/3111 3038/3499/3102
f 3043/3517/3116 3042/3518/3117 3039/3515/3114 3040/3516/3115
f 3044/3519/3118 3041/3514/3113 3039/3515/3114 3042/3518/3117
f 3046/3520/3119 3045/3521/3120 3042/3518/3117 3043/3517/3116
f 3047/3522/3121 3044/3519/3118 3042/3518/3117 3045/3521/3120
f 3009/3479/3084 3048/3478/3083 3045/3521/3120 3046/3520/3119
f 3049/3523/3122 3047/3522/3121 3045/3521/3120 3048/3478/3083
f 3048/3478/3083 3008/3475/3082 3051/3524/3123 3049/3523/3122
f 3051/3524/3123 3052/3525/3124 3050/3526/3125 3049/3523/3122
f 3049/3523/3122 3050/3526/3125 3053/3527/3126 3047/3522/3121
f 2318/3528/2364 2315/3529/2363 3052/3525/3124 3051/3524/3123
f 3008/3475/3082 2321/3474/2368 2318/3528/2364 3051/3524/3123
f 2858/3272/2365 2854/3269/2913 3052/3525/3124 2315/3529/2363
f 2854/3269/2913 2851/3266/2910 3050/3526/3125 3052/3525/3124
f 2851/3266/2910 2849/3265/2909 3053/3527/3126 3050/3526/3125
f 2849/3265/2909 2847/3264/2908 3054/3530/3127 3053/3527/3126
f 3047/3522/3121 3053/3527/3126 3054/3530/3127 3044/3519/3118
f 2847/3264/2908 3057/3263/2907 3055/3531/3128 3054/3530/3127
f 3044/3519/3118 3054/3530/3127 3055/3531/3128 3041/3514/3113
f 3037/3513/3112 3041/3514/3113 3055/3531/3128 3056/3532/3129
f 3055/3531/3128 3057/3263/2907 3058/3533/3130 3056/3532/3129
f 2846/3262/2906 3060/3534/3131 3058/3533/3130 3057/3263/2907
f 3063/3535/3132 3056/3532/3129 3058/3533/3130 3059/3536/3133
f 3058/3533/3130 3060/3534/3131 3062/2698/2418 3059/3536/3133
f 3060/3534/3131 3061/3537/3134 2367/2699/2419 3062/2698/2418
f 3060/3534/3131 2846/3262/2906 2844/3259/2903 3061/3537/3134
f 2361/2691/2411 3059/3536/3133 3062/2698/2418 2363/2693/2413
f 2834/3252/2896 2369/2700/2420 2367/2699/2419 3061/3537/3134
f 3061/3537/3134 2844/3259/2903 2836/3251/2895 2834/3252/2896
f 3059/3536/3133 2361/2691/2411 2358/2690/2410 3063/3535/3132
f 3056/3532/3129 3063/3535/3132 3035/3511/3110 3037/3513/3112
f 3035/3511/3110 3063/3535/3132 2358/2690/2410 3032/2689/2409
f 3011/3480/3085 3009/3479/3084 3046/3520/3119 3064/3538/3135
f 3066/3539/3136 3064/3538/3135 3046/3520/3119 3043/3517/3116
f 3065/3490/3093 3013/3484/3087 3011/3483/3085 3064/3540/3135
f 3064/3540/3135 3066/3541/3136 3068/3542/3137 3065/3490/3093
f 3067/3543/3098 3066/3539/3136 3043/3517/3116 3040/3516/3115
f 3067/3495/3098 3023/3493/3096 3068/3542/3137 3066/3541/3136
f 3018/3491/3094 3065/3490/3093 3068/3542/3137 3023/3493/3096
f 3040/3516/3115 3038/3499/3102 3022/3502/3099 3067/3543/3098
f 2347/2676/2400 2345/2674/2398 3028/3505/3105 3030/3544/3106
f 2335/2665/2389 3069/3488/3091 3016/3487/3090 2337/2666/2390
f 3069/3488/3091 2991/3456/3066 2993/3457/3067 3015/3465/3075
f 3069/3488/3091 2335/2665/2389 3240/2664/2388 2991/3456/3066
f 3007/2645/2371 3005/3545/3079 3070/2652/2376 2320/2644/2370
f 3070/2652/2376 3005/3545/3079 3002/3437/3047 2973/3436/3046
f 2975/2658/2382 2325/2650/2374 3070/2652/2376 2973/3436/3046
f 2996/3462/3072 3071/3461/3071 2969/3427/3039 3003/3430/3041
f 3072/3546/3138 2966/3422/3037 2969/3427/3039 3071/3461/3071
f 2995/3460/3070 3073/3547/3139 3072/3546/3138 3071/3461/3071
f 2964/3423/3036 2966/3422/3037 3072/3546/3138 3074/3548/3140
f 3076/3549/3141 3074/3548/3140 3072/3546/3138 3073/3547/3139
f 3219/3420/3035 2964/3421/3036 3074/3550/3140 3075/3551/3142
f 3077/3552/3143 3075/3551/3142 3074/3550/3140 3076/3553/3141
f 3076/3549/3141 3078/3554/3144 2932/3376/3002 3077/3555/3143
f 3076/3549/3141 3073/3547/3139 3080/3453/3063 3078/3554/3144
f 3079/3390/3011 2935/3377/3003 2932/3376/3002 3078/3554/3144
f 3079/3390/3011 3078/3554/3144 3080/3453/3063 2985/3449/3059
f 3073/3547/3139 2995/3460/3070 2989/3454/3064 3080/3453/3063
f 3081/3556/3145 3077/3552/3143 2932/3557/3002 3082/3558/3146
f 3081/3556/3145 3083/3559/3147 3075/3551/3142 3077/3552/3143
f 3082/3558/3146 3085/3560/3148 3084/3561/3149 3081/3556/3145
f 3083/3559/3147 3081/3556/3145 3084/3561/3149 3086/3562/3150
f 3085/3560/3148 3088/3563/3151 3087/3564/3152 3084/3561/3149
f 3086/3562/3150 3084/3561/3149 3087/3564/3152 3089/3565/3153
f 3088/3563/3151 3092/3566/3154 3090/3567/3155 3087/3564/3152
f 3087/3564/3152 3090/3567/3155 3093/3568/3156 3089/3565/3153
f 3092/3566/3154 3105/3569/3157 3091/3570/3158 3090/3567/3155
f 3091/3570/3158 3095/3571/3159 3093/3568/3156 3090/3567/3155
f 3095/3571/3159 3096/3572/3160 3094/3573/3161 3093/3568/3156
f 3089/3565/3153 3093/3568/3156 3094/3573/3161 3215/3574/3162
f 3095/3571/3159 3097/3575/3163 3098/3576/3164 3096/3572/3160
f 3097/3575/3163 3095/3571/3159 3091/3570/3158 3100/3577/3165
f 3099/3578/3166 3182/3579/3167 3098/3576/3164 3097/3575/3163
f 3099/3578/3166 3097/3575/3163 3100/3577/3165 3101/3580/3168
f 3102/3581/3169 3100/3577/3165 3091/3570/3158 3105/3569/3157
f 3103/3582/3170 3101/3580/3168 3100/3577/3165 3102/3581/3169
f 3102/3581/3169 3104/3583/3171 3198/3584/3172 3103/3582/3170
f 3104/3583/3171 3102/3581/3169 3105/3569/3157 3106/3585/3173
f 3108/3586/3174 3106/3585/3173 3105/3569/3157 3092/3566/3154
f 3196/3587/3175 3104/3588/3171 3106/3589/3173 3107/3590/3176
f 3110/3591/3177 3107/3590/3176 3106/3589/3173 3108/3592/3174
f 3110/3591/3177 3108/3592/3174 3109/3593/3178 3111/3594/3179
f 3092/3566/3154 3088/3563/3151 3109/3595/3178 3108/3586/3174
f 3111/3594/3179 3113/3596/3180 3112/3597/3181 3110/3591/3177
f 3112/3597/3181 3114/3598/3182 3107/3590/3176 3110/3591/3177
f 3113/3596/3180 3118/3379/3004 3115/3599/3183 3112/3597/3181
f 3114/3598/3182 3112/3597/3181 3115/3599/3183 3116/3600/3184
f 3116/3600/3184 3115/3599/3183 3117/3601/3185 3120/3602/3186
f 3118/3379/3004 2933/3378/2999 3117/3601/3185 3115/3599/3183
f 3113/3596/3180 3082/3603/3146 2932/3380/3002 3118/3379/3004
f 3122/3604/3187 3120/3605/3186 3117/3606/3185 3119/3607/3188
f 3117/3606/3185 2933/3371/2999 2930/3370/2998 3119/3607/3188
f 3200/3608/3189 3116/3600/3184 3120/3602/3186 3121/3609/3190
f 3123/3610/3191 3121/3611/3190 3120/3605/3186 3122/3604/3187
f 3125/3612/3192 3123/3610/3191 3122/3604/3187 3124/3613/3193
f 3127/3614/3194 3124/3613/3193 3122/3604/3187 3119/3607/3188
f 3126/3615/3195 3140/3616/3196 3125/3612/3192 3124/3613/3193
f 3127/3614/3194 3128/3617/3197 3126/3615/3195 3124/3613/3193
f 2928/3369/2997 3129/3368/2996 3128/3617/3197 3127/3614/3194
f 3127/3614/3194 3119/3607/3188 2930/3370/2998 2928/3369/2997
f 3129/3368/2996 3133/3618/3198 3130/3619/3199 3128/3617/3197
f 3130/3619/3199 3132/3620/3200 3126/3615/3195 3128/3617/3197
f 3136/3621/3201 3132/3620/3200 3130/3619/3199 3131/3622/3202
f 3135/3623/3203 3131/3622/3202 3130/3619/3199 3133/3618/3198
f 2927/3367/2995 3134/2498/2239 3133/3618/3198 3129/3368/2996
f 3134/2498/2239 2205/2497/2238 3135/3623/3203 3133/3618/3198
f 3238/2509/2250 3131/3622/3202 3135/3623/3203 2215/2507/2248
f 2207/2499/2240 2215/2507/2248 3135/3623/3203 2205/2497/2238
f 3134/2498/2239 2927/3367/2995 2925/3362/2990 2204/2495/2236
f 3132/3620/3200 3136/3621/3201 3138/3624/3204 3137/3625/3205
f 3137/3625/3205 3140/3616/3196 3126/3615/3195 3132/3620/3200
f 3139/3626/3206 3137/3625/3205 3138/3624/3204 3235/3627/3207
f 3140/3616/3196 3137/3625/3205 3139/3626/3206 3141/3628/3208
f 3141/3628/3208 3143/3629/3209 3125/3612/3192 3140/3616/3196
f 3143/3629/3209 3141/3628/3208 3142/3630/3210 3145/3631/3211
f 3142/3630/3210 3141/3628/3208 3139/3626/3206 3152/3632/3212
f 3146/3633/2975 3144/3634/3213 3143/3629/3209 3145/3631/3211
f 3144/3634/3213 3123/3610/3191 3125/3612/3192 3143/3629/3209
f 3146/3347/2975 3145/3635/3211 3147/3353/2981 2909/3348/2976
f 3147/3353/2981 3145/3635/3211 3142/3636/3210 3148/3637/3214
f 3150/3638/3215 2914/3354/2982 3147/3353/2981 3148/3637/3214
f 3149/2481/2222 3148/3637/3214 3142/3636/3210 3152/3639/3212
f 3148/3637/3214 3149/2481/2222 2192/2480/2221 3150/3638/3215
f 2914/3354/2982 3150/3638/3215 3151/2492/2233 2916/3355/2983
f 3151/2492/2233 3150/3638/3215 2192/2480/2221 2194/2482/2223
f 2918/3358/2986 2916/3355/2983 3151/2492/2233 2200/2491/2232
f 3152/3639/3212 2185/2472/2212 2187/2473/2214 3149/2481/2222
f 2185/2470/2212 3152/3632/3212 3139/3626/3206 3235/3627/3207
f 3146/3633/2975 2910/3640/2974 3153/3641/3216 3144/3634/3213
f 3123/3610/3191 3144/3634/3213 3153/3641/3216 3121/3611/3190
f 3200/3608/3189 3121/3609/3190 3153/3642/3216 3154/3643/3217
f 3157/3644/3218 3154/3643/3217 3153/3642/3216 3155/3645/3219
f 2907/3338/2969 3155/3645/3219 3153/3642/3216 2910/3646/2974
f 2907/3338/2969 2898/3331/2962 3156/3332/2963 3155/3645/3219
f 3155/3645/3219 3156/3332/2963 3159/3647/3220 3157/3644/3218
f 3157/3644/3218 3158/3648/3221 3197/3649/3222 3154/3643/3217
f 3159/3647/3220 3160/3650/3223 3158/3648/3221 3157/3644/3218
f 3162/3651/3224 3160/3650/3223 3159/3647/3220 3161/3652/3225
f 2899/3328/2959 3161/3652/3225 3159/3647/3220 3156/3332/2963
f 3165/3653/3226 3162/3654/3224 3161/3655/3225 3163/3656/3227
f 2896/3657/2958 3163/3656/3227 3161/3655/3225 2899/3658/2959
f 2894/3659/2957 3164/3660/3228 3163/3656/3227 2896/3657/2958
f 3167/3661/3229 3165/3653/3226 3163/3656/3227 3164/3660/3228
f 3166/3662/3230 3188/3663/3231 3162/3654/3224 3165/3653/3226
f 3165/3653/3226 3167/3661/3229 3168/3664/3232 3166/3662/3230
f 3167/3661/3229 3169/3665/3233 3172/3666/3234 3168/3664/3232
f 3169/3665/3233 3167/3661/3229 3164/3660/3228 3171/3667/3235
f 3170/3668/3236 3169/3665/3233 3171/3667/3235 3231/3669/3237
f 3170/3668/3236 3173/3670/3238 3172/3666/3234 3169/3665/3233
f 3172/3666/3234 3173/3670/3238 3175/3671/3239 3174/3672/3240
f 3177/3673/3241 3168/3664/3232 3172/3666/3234 3174/3672/3240
f 3176/3674/3242 3174/3672/3240 3175/3671/3239 3181/3675/3243
f 3176/3674/3242 3178/3676/3244 3177/3673/3241 3174/3672/3240
f 3179/3677/3245 3168/3664/3232 3177/3673/3241 3178/3676/3244
f 3179/3677/3245 3178/3676/3244 3180/3678/3246 3182/3579/3167
f 3180/3678/3246 3178/3676/3244 3176/3674/3242 3181/3675/3243
f 3098/3576/3164 3182/3579/3167 3180/3678/3246 3181/3675/3243
f 3184/3679/3247 3183/3680/3248 3182/3579/3167 3099/3578/3166
f 3185/3681/3249 3179/3677/3245 3182/3579/3167 3183/3680/3248
f 3186/3682/3250 3185/3681/3249 3183/3680/3248 3184/3679/3247
f 3187/3683/3251 3185/3681/3249 3186/3682/3250 3190/3684/3252
f 3185/3681/3249 3187/3683/3251 3189/3685/3253 3179/3677/3245
f 3192/3686/3254 3188/3663/3231 3187/3683/3251 3190/3684/3252
f 3188/3663/3231 3166/3662/3230 3189/3685/3253 3187/3683/3251
f 3190/3684/3252 3191/3687/3255 3194/3688/3256 3192/3686/3254
f 3191/3687/3255 3190/3684/3252 3186/3682/3250 3184/3679/3247
f 3192/3689/3254 3193/3690/3257 3158/3648/3221 3160/3650/3223
f 3192/3686/3254 3194/3688/3256 3103/3582/3170 3193/3691/3257
f 3162/3651/3224 3188/3692/3231 3192/3689/3254 3160/3650/3223
f 3191/3687/3255 3101/3580/3168 3103/3582/3170 3194/3688/3256
f 3193/3690/3257 3195/3693/3258 3197/3649/3222 3158/3648/3221
f 3193/3690/3257 3103/3694/3170 3198/3695/3172 3195/3693/3258
f 3195/3693/3258 3196/3587/3175 3199/3696/3259 3197/3649/3222
f 3196/3587/3175 3195/3693/3258 3198/3695/3172 3104/3588/3171
f 3154/3643/3217 3197/3649/3222 3199/3696/3259 3200/3608/3189
f 3199/3696/3259 3196/3587/3175 3107/3590/3176 3114/3598/3182
f 3116/3600/3184 3200/3608/3189 3199/3696/3259 3114/3598/3182
f 3184/3679/3247 3099/3578/3166 3101/3580/3168 3191/3687/3255
f 3189/3685/3253 3166/3662/3230 3168/3664/3232 3179/3677/3245
f 3098/3576/3164 3181/3675/3243 3175/3671/3239 3202/3697/3260
f 3173/3670/3238 3233/3698/3261 3201/3699/3262 3175/3671/3239
f 3201/3699/3262 3204/3700/3263 3203/3701/3264 3175/3671/3239
f 3205/3702/3265 3202/3697/3260 3175/3671/3239 3203/3701/3264
f 3204/3700/3263 3207/3703/3266 3205/3702/3265 3203/3701/3264
f 3202/3697/3260 3205/3702/3265 3206/3704/3267 3212/3705/3268
f 3207/3703/3266 3209/3706/3269 3206/3704/3267 3205/3702/3265
f 3204/3700/3263 3234/3707/3270 3208/3708/3271 3207/3703/3266
f 3209/3706/3269 3207/3703/3266 3208/3708/3271 3210/3709/3272
f 3209/3706/3269 3210/3709/3272 3213/3710/3273 3211/3711/3274
f 3211/3711/3274 3212/3705/3268 3206/3704/3267 3209/3706/3269
f 3212/3705/3268 3211/3711/3274 3094/3573/3161 3096/3572/3160
f 3094/3573/3161 3211/3711/3274 3213/3710/3273 3215/3574/3162
f 3210/3709/3272 3221/3712/3275 3214/3713/3276 3213/3710/3273
f 3215/3574/3162 3213/3710/3273 3214/3713/3276 3216/3714/3277
f 3216/3714/3277 3086/3562/3150 3089/3565/3153 3215/3574/3162
f 3214/3713/3276 3218/3715/3278 3217/3716/3279 3216/3714/3277
f 3086/3562/3150 3216/3714/3277 3217/3716/3279 3083/3559/3147
f 3217/3716/3279 3219/3420/3035 3075/3551/3142 3083/3559/3147
f 2963/3419/3034 3219/3420/3035 3217/3716/3279 3218/3715/3278
f 3223/3416/3033 2963/3419/3034 3218/3715/3278 3220/3717/3280
f 3220/3717/3280 3218/3715/3278 3214/3713/3276 3221/3712/3275
f 3220/3717/3280 3221/3712/3275 3234/3707/3270 3222/3718/3281
f 3220/3717/3280 3222/3718/3281 3224/3719/3282 3223/3416/3033
f 2959/3417/3027 3223/3416/3033 3224/3719/3282 3226/3720/3028
f 3222/3718/3281 3232/3721/3283 3225/3722/3284 3224/3719/3282
f 3226/3720/3028 3224/3719/3282 3225/3722/3284 3227/3723/3285
f 3229/3313/2947 2955/3406/3023 3226/3411/3028 3227/3724/3285
f 3227/3723/3285 3225/3722/3284 3231/3669/3237 3228/3725/3286
f 2887/3314/2948 3229/3313/2947 3227/3724/3285 3228/3726/3286
f 3230/3727/2956 2889/3315/2949 2887/3314/2948 3228/3726/3286
f 3228/3725/3286 3231/3669/3237 3171/3667/3235 3230/3728/2956
f 3232/3721/3283 3170/3668/3236 3231/3669/3237 3225/3722/3284
f 3230/3728/2956 3171/3667/3235 3164/3660/3228 2894/3659/2957
f 3233/3698/3261 3173/3670/3238 3170/3668/3236 3232/3721/3283
f 3232/3721/3283 3222/3718/3281 3234/3707/3270 3233/3698/3261
f 3234/3707/3270 3204/3700/3263 3201/3699/3262 3233/3698/3261
f 3221/3712/3275 3210/3709/3272 3208/3708/3271 3234/3707/3270
f 3212/3705/3268 3096/3572/3160 3098/3576/3164 3202/3697/3260
f 2165/2448/2193 3235/3627/3207 3138/3624/3204 3236/2449/2194
f 3235/3627/3207 2165/2448/2193 3401/2471/2213 2185/2470/2212
f 3138/3624/3204 3136/3621/3201 3237/3729/3287 3236/2449/2194
f 2166/2446/2191 3236/2449/2194 3237/3729/3287 3239/2515/2256
f 3131/3622/3202 3238/2509/2250 3237/3729/3287 3136/3621/3201
f 3237/3729/3287 3238/2509/2250 2214/2508/2249 3239/2515/2256
f 3239/2515/2256 2219/2514/2255 2163/2441/2186 2166/2446/2191
f 3085/3730/3148 3082/3603/3146 3113/3596/3180 3111/3594/3179
f 3085/3730/3148 3111/3594/3179 3109/3593/3178 3088/3731/3151
f 3240/2664/2388 2334/2662/2386 3241/3445/3055 2987/3451/3061
f 3241/3445/3055 2334/2662/2386 2332/2660/2384 2977/3440/3050
f 2957/3408/3025 3243/3394/3014 2979/3442/3052 3242/3414/3031
f 2925/3362/2990 2921/3359/2987 2202/2493/2234 2204/2495/2236
f 2921/3359/2987 2918/3358/2986 2200/2491/2232 2202/2493/2234
f 2901/3334/2965 2903/3335/2966 3244/2573/2309 3245/3732/3288
f 3244/2573/2309 2269/2572/2305 3247/3733/2306 3245/3732/3288
f 2901/3334/2965 3245/3732/3288 3246/3734/3289 3249/3323/2954
f 3247/3733/2306 3248/3735/2136 3246/3734/3289 3245/3732/3288
f 2117/2384/2134 3248/2387/2136 3247/2568/2306 2270/2396/2141
f 2118/3736/2137 3250/3737/3290 3246/3734/3289 3248/3735/2136
f 3246/3734/3289 3250/3737/3290 2891/3320/2952 3249/3323/2954
f 2118/3736/2137 3252/3738/2138 3251/3739/2944 3250/3737/3290
f 2891/3320/2952 3250/3737/3290 3251/3739/2944 2885/3321/2945
f 3252/2389/2138 2878/3301/2936 2880/3303/2937 3251/3310/2944
f 3252/2389/2138 2114/2392/2131 2112/3302/2130 2878/3301/2936
f 2841/3740/2900 2877/3298/2933 2112/3302/2130 2838/3741/2129
f 2871/3295/2928 2877/3298/2933 2841/3740/2900 3253/3742/2929
f 3253/3293/2929 2852/3743/2912 2855/3287/2915 2868/3286/2925
f 2852/3268/2912 3253/3744/2929 2841/3256/2900 2843/3258/2902
f 2839/3255/2899 2111/2375/2126 2109/2372/2123 3254/3745/3291
f 2839/3255/2899 3254/3745/3291 3256/3249/2893 2832/3248/2892
f 3255/3746/3292 3254/3745/3291 2109/2372/2123 2106/2373/2124
f 3254/3745/3291 3255/3746/3292 3257/3747/3293 3256/3249/2893
f 3258/3246/2890 2828/3245/2889 3256/3249/2893 3257/3747/3293
f 3258/3246/2890 3257/3747/3293 3259/3748/3294 3295/3749/3295
f 3260/3750/3296 3261/3751/3297 3259/3748/3294 3257/3747/3293
f 3262/3752/3298 3260/3750/3296 3257/3747/3293 3255/3746/3292
f 3261/3751/3297 3260/3750/3296 3263/3753/3299 3265/3754/3300
f 3260/3750/3296 3262/3752/3298 3266/3755/3301 3263/3753/3299
f 3266/3755/3301 3268/2941/2607 3264/3756/3302 3263/3753/3299
f 3265/3754/3300 3263/3753/3299 3264/3756/3302 3274/3757/3303
f 2569/2939/2605 3268/2941/2607 3266/3755/3301 3267/3758/3304
f 3270/2374/2125 3267/3758/3304 3266/3755/3301 3262/3752/3298
f 2570/2942/2608 3298/3759/3305 3264/3756/3302 3268/2941/2607
f 3269/3760/3306 3267/3758/3304 3270/2374/2125 2107/2369/2120
f 3267/3758/3304 3269/3760/3306 2566/2937/2603 2569/2939/2605
f 3255/3746/3292 2106/2373/2124 3270/2374/2125 3262/3752/3298
f 2566/2937/2603 3269/3760/3306 3271/3761/3307 2564/2933/2600
f 2107/2369/2120 2103/2367/2118 3271/3761/3307 3269/3760/3306
f 2065/2934/2078 2564/2933/2600 3271/3761/3307 3272/3762/3308
f 3271/3761/3307 2103/2367/2118 2101/2365/2116 3272/3762/3308
f 2065/2934/2078 3272/3762/3308 3273/3763/3309 2068/3764/2079
f 2101/2365/2116 2099/2364/2115 3273/3763/3309 3272/3762/3308
f 2086/2335/2092 2079/2333/2091 3273/3765/3309 2099/3766/2115
f 3273/3767/3309 2079/3768/2091 2071/2321/2081 2068/2319/2079
f 3278/3769/3310 3275/3770/3311 3265/3754/3300 3274/3757/3303
f 3276/3771/3312 3261/3751/3297 3265/3754/3300 3275/3770/3311
f 3293/3772/3313 3276/3771/3312 3275/3770/3311 3277/3773/3314
f 3280/3774/3315 3277/3773/3314 3275/3770/3311 3278/3769/3310
f 3279/3775/3316 3281/3218/2862 3280/3774/3315 3278/3769/3310
f 3278/3769/3310 3274/3757/3303 3297/3776/3317 3279/3775/3316
f 2799/3217/2861 3282/3777/3318 3280/3774/3315 3281/3218/2862
f 3283/3778/3319 3277/3773/3314 3280/3774/3315 3282/3777/3318
f 3282/3777/3318 3284/3779/3320 3285/3780/3321 3283/3778/3319
f 3284/3779/3320 3282/3777/3318 2799/3217/2861 2801/3219/2863
f 2801/3219/2863 2803/3220/2864 3286/3781/3322 3284/3779/3320
f 3285/3780/3321 3284/3779/3320 3286/3781/3322 3287/3782/3323
f 3289/3228/2872 3287/3782/3323 3286/3781/3322 2810/3226/2870
f 3286/3781/3322 2803/3220/2864 2806/3223/2867 2810/3226/2870
f 3288/3235/2879 3290/3783/3324 3285/3780/3321 3287/3782/3323
f 3287/3782/3323 3289/3228/2872 2816/3232/2876 3288/3235/2879
f 3290/3783/3324 3288/3235/2879 2819/3234/2878 2824/3238/2882
f 3291/3784/3325 3283/3778/3319 3285/3780/3321 3290/3783/3324
f 2824/3238/2882 3292/3239/2883 3291/3784/3325 3290/3783/3324
f 3277/3773/3314 3283/3778/3319 3291/3784/3325 3293/3772/3313
f 3294/3785/3326 3293/3772/3313 3291/3784/3325 3292/3239/2883
f 3276/3771/3312 3293/3772/3313 3294/3785/3326 3295/3749/3295
f 3258/3246/2890 3295/3749/3295 3294/3785/3326 2829/3243/2887
f 2823/3240/2884 2829/3243/2887 3294/3785/3326 3292/3239/2883
f 3276/3771/3312 3295/3749/3295 3259/3748/3294 3261/3751/3297
f 3281/3218/2862 3279/3775/3316 3296/3786/3327 2798/3216/2860
f 3297/3776/3317 3299/3787/3328 3296/3786/3327 3279/3775/3316
f 3300/3788/3329 3299/3787/3328 3297/3776/3317 3298/3759/3305
f 3264/3756/3302 3298/3759/3305 3297/3776/3317 3274/3757/3303
f 3299/3787/3328 3300/3788/3329 3302/3789/3330 3301/3209/2853
f 3301/3209/2853 2790/3208/2852 3296/3786/3327 3299/3787/3328
f 2785/3205/2849 3301/3209/2853 3302/3789/3330 3303/3206/2850
f 3302/3789/3330 3300/3788/3329 2572/2943/2609 2575/2945/2611
f 2577/2949/2615 3303/3206/2850 3302/3789/3330 2575/2945/2611
f 3303/3206/2850 2577/2949/2615 2581/2950/2616 2786/3203/2847
f 3298/3759/3305 2570/2942/2608 2572/2943/2609 3300/3788/3329
f 3296/3786/3327 2790/3208/2852 2792/3210/2854 2798/3216/2860
f 2794/2991/2652 2605/2986/2647 2804/2985/2646 2796/3213/2857
f 2777/3191/2838 2786/3203/2847 2581/2950/2616 2775/2955/2621
f 2779/3200/2843 2619/3005/2662 2616/3004/2661 2783/3199/2844
f 3304/3790/2832 2771/3189/2834 2580/2954/2620 2583/2953/2619
f 2767/3791/2827 3304/3790/2832 2583/2953/2619 2585/2957/2623
f 2760/3171/2822 2767/3178/2827 2585/3792/2623 3363/3172/2626
f 2638/3029/2684 2635/3028/2683 2764/3177/2826 2762/3176/2825
f 2762/3176/2825 3305/3175/2824 2641/3031/2686 2638/3029/2684
f 2757/3165/2818 2755/3162/2817 3306/3793/3331 3305/3175/2824
f 3306/3793/3331 3307/3035/2690 2641/3031/2686 3305/3175/2824
f 3311/3161/2816 3308/3794/3332 3306/3793/3331 2755/3162/2817
f 3309/3795/3333 3307/3035/2690 3306/3793/3331 3308/3794/3332
f 3361/3796/3334 3309/3795/3333 3308/3794/3332 3310/3797/3335
f 3312/3798/3336 3310/3797/3335 3308/3794/3332 3311/3161/2816
f 2751/3164/2812 3314/3799/2811 3312/3798/3336 3311/3161/2816
f 3315/3800/3337 3313/3801/3338 3312/3798/3336 3314/3799/2811
f 3322/3802/3339 3310/3797/3335 3312/3798/3336 3313/3801/3338
f 2715/3119/2774 3315/3803/3337 3314/3156/2811 2750/3120/2775
f 2715/3119/2774 2707/3111/2766 3316/3113/2768 3315/3803/3337
f 3313/3801/3338 3315/3800/3337 3316/3804/2768 3318/3805/3340
f 3335/3806/3341 3317/3807/3342 3316/3808/2768 2708/3809/2765
f 3319/3810/3343 3318/3805/3340 3316/3804/2768 3317/3811/3342
f 3319/3810/3343 3323/3812/3344 3320/3813/3345 3318/3805/3340
f 3313/3801/3338 3318/3805/3340 3320/3813/3345 3322/3802/3339
f 3324/3814/3346 3321/3815/3347 3320/3813/3345 3323/3812/3344
f 3320/3813/3345 3321/3815/3347 3360/3816/3348 3322/3802/3339
f 3325/3817/3349 3326/3818/3350 3324/3814/3346 3323/3812/3344
f 3319/3819/3343 3328/3820/3351 3325/3821/3349 3323/3822/3344
f 3355/3823/3352 3326/3818/3350 3325/3817/3349 3327/3824/3353
f 3329/3825/3354 3327/3826/3353 3325/3821/3349 3328/3820/3351
f 3330/3827/3355 3331/3828/3356 3329/3825/3354 3328/3820/3351
f 3319/3819/3343 3317/3807/3342 3330/3827/3355 3328/3820/3351
f 3332/3829/3357 3333/3830/3358 3331/3828/3356 3330/3827/3355
f 3317/3807/3342 3335/3806/3341 3332/3829/3357 3330/3827/3355
f 3334/3831/3359 3341/3832/3360 3333/3830/3358 3332/3829/3357
f 3332/3829/3357 3335/3806/3341 3336/3833/3361 3334/3831/3359
f 3335/3834/3341 2708/3110/2765 2705/3107/2762 3336/3835/3361
f 3338/3836/3362 3334/3831/3359 3336/3833/3361 3337/3837/2756
f 3336/3835/3361 2705/3107/2762 2698/3100/2755 3337/3101/2756
f 3337/3101/2756 2692/3091/2746 2690/3089/2744 3338/3838/3362
f 2690/3839/2744 2688/3840/2743 3339/3841/3363 3338/3836/3362
f 3338/3836/3362 3339/3841/3363 3341/3832/3360 3334/3831/3359
f 2681/3842/2735 3340/3843/3364 3339/3841/3363 2688/3840/2743
f 3340/3843/3364 3342/3844/3365 3341/3832/3360 3339/3841/3363
f 3342/3844/3365 3344/3845/3366 3333/3830/3358 3341/3832/3360
f 3342/3844/3365 3340/3843/3364 3351/3846/3367 3343/3847/3368
f 3342/3844/3365 3343/3847/3368 3346/3848/3369 3344/3845/3366
f 3344/3845/3366 3345/3849/3370 3331/3828/3356 3333/3830/3358
f 3344/3845/3366 3346/3848/3369 3347/3850/3371 3345/3849/3370
f 3343/3847/3368 3348/3851/3372 3347/3850/3371 3346/3848/3369
f 3349/3852/3373 3345/3849/3370 3347/3850/3371 3348/3851/3372
f 3349/3852/3373 3348/3851/3372 3350/3853/3374 3352/3854/3375
f 3343/3847/3368 3351/3846/3367 3350/3853/3374 3348/3851/3372
f 3353/3855/3376 3352/3854/3375 3350/3853/3374 3351/3846/3367
f 3352/3854/3375 3327/3826/3353 3329/3825/3354 3349/3852/3373
f 3352/3854/3375 3353/3855/3376 3355/3856/3352 3327/3826/3353
f 3354/3857/3377 3353/3855/3376 3351/3846/3367 3358/3858/3378
f 3353/3859/3376 3354/3860/3377 3356/3861/3379 3355/3823/3352
f 3326/3818/3350 3355/3823/3352 3356/3861/3379 3357/3057/2712
f 3357/3057/2712 3356/3861/3379 2668/3064/2719 2660/3058/2713
f 3354/3860/3377 3359/3065/2720 2668/3064/2719 3356/3861/3379
f 3357/3057/2712 2661/3054/2709 3324/3814/3346 3326/3818/3350
f 3354/3857/3377 3358/3858/3378 2681/3842/2735 3359/3862/2720
f 2681/3842/2735 3358/3858/3378 3351/3846/3367
f 3351/3846/3367 3340/3843/3364 2681/3842/2735
f 3345/3849/3370 3349/3852/3373 3329/3825/3354 3331/3828/3356
f 2658/3053/2708 3321/3815/3347 3324/3814/3346 2661/3054/2709
f 3310/3797/3335 3322/3802/3339 3360/3816/3348 3361/3796/3334
f 3360/3816/3348 2656/3052/2707 3362/3040/2695 3361/3796/3334
f 2658/3053/2708 2656/3052/2707 3360/3816/3348 3321/3815/3347
f 3309/3795/3333 3361/3796/3334 3362/3040/2695 2647/3039/2694
f 2647/3039/2694 2640/3034/2689 3307/3035/2690 3309/3795/3333
f 3365/3863/3380 2759/3169/2821 3363/3864/2626 3364/3865/3381
f 3366/3866/3382 3364/3867/3381 3363/2960/2626 2586/2959/2625
f 3365/3863/3380 3364/3865/3381 3367/3868/3383 3370/3869/3384
f 3364/3867/3381 3366/3866/3382 3369/3870/3385 3367/3871/3383
f 3371/3872/3386 3370/3869/3384 3367/3868/3383 3368/3873/3387
f 3368/3874/3387 3367/3875/3383 3369/3876/3385 3377/3877/3388
f 2743/3147/2802 2745/3150/2805 3370/3869/3384 3371/3872/3386
f 3392/3152/2807 3365/3863/3380 3370/3869/3384 2745/3150/2805
f 3368/3873/3387 3374/3878/3389 3372/3879/3390 3371/3872/3386
f 2743/3147/2802 3371/3872/3386 3372/3879/3390 2741/3145/2800
f 3376/2997/2656 3373/3880/3391 3372/3879/3390 3374/3878/3389
f 3372/3879/3390 3373/3880/3391 3379/3146/2801 2741/3145/2800
f 3377/3877/3388 3375/2990/2651 3374/3881/3389 3368/3874/3387
f 2608/2989/2650 3376/3882/2656 3374/3881/3389 3375/2990/2651
f 3373/3880/3391 3376/2997/2656 2612/2996/2655 3378/3883/3392
f 2601/2980/2641 2603/2981/2642 3375/2990/2651 3377/3877/3388
f 3377/3877/3388 3369/3876/3385 3391/2979/2635 2601/2980/2641
f 3373/3880/3391 3378/3883/3392 3380/3884/3393 3379/3146/2801
f 2740/3144/2799 3379/3146/2801 3380/3884/3393 3382/3885/3394
f 3378/3883/3392 3389/3886/3395 3381/3887/3396 3380/3884/3393
f 3382/3885/3394 3380/3884/3393 3381/3887/3396 3383/3888/3397
f 3383/3888/3397 3385/3889/3398 3384/3139/2794 3382/3885/3394
f 3382/3885/3394 3384/3139/2794 2735/3138/2793 2740/3144/2799
f 3386/3890/3399 2734/3137/2792 3384/3139/2794 3385/3889/3398
f 3388/3049/2704 3386/3890/3399 3385/3889/3398 2653/3048/2703
f 3385/3889/3398 3383/3888/3397 2651/3045/2700 2653/3048/2703
f 3387/3891/3400 3386/3890/3399 3388/3049/2704 2663/3060/2715
f 3386/3890/3399 3387/3891/3400 2732/3135/2790 2734/3137/2792
f 2672/3070/2725 3387/3891/3400 2663/3060/2715 2665/3061/2716
f 2672/3070/2725 3393/3072/2727 2732/3135/2790 3387/3891/3400
f 3381/3887/3396 2649/3043/2698 2651/3045/2700 3383/3888/3397
f 3390/3044/2699 2649/3043/2698 3381/3887/3396 3389/3886/3395
f 2612/2996/2655 2624/3016/2671 3389/3886/3395 3378/3883/3392
f 3389/3886/3395 2624/3016/2671 2626/3015/2670 3390/3044/2699
f 2644/3036/2691 3390/3044/2699 2626/3015/2670 2628/3018/2673
f 3366/3866/3382 2594/2966/2632 3391/2969/2635 3369/3870/3385
f 3366/3866/3382 2586/2959/2625 2588/2961/2627 2594/2966/2632
f 2759/3169/2821 3365/3863/3380 3392/3152/2807 2753/3159/2814
f 3394/3892/3401 2730/3134/2789 2732/3135/2790 3393/3072/2727
f 3393/3072/2727 2673/3071/2726 3395/3086/2741 3394/3892/3401
f 3394/3892/3401 2693/3092/2747 2695/3095/2750 2730/3134/2789
f 3394/3892/3401 3395/3086/2741 2685/3085/2740 2693/3092/2747
f 2675/3073/2728 2686/3084/2739 3395/3086/2741 2673/3071/2726
f 2675/3073/2728 2677/3075/2730 2679/3077/2732 2686/3084/2739
f 2236/2532/2273 2243/2536/2277 2143/2419/2164 2145/2423/2168
f 2196/2488/2229 2234/2529/2270 3397/2502/2243 2209/2486/2227
f 3398/3893/3402 2210/2503/2244 3397/2502/2243 2233/2526/2267
f 2233/2526/2267 2228/2523/2264 3399/2525/2266 3398/3893/3402
f 3400/2511/2252 3398/3893/3402 3399/2525/2266 2225/2520/2261
f 2210/2503/2244 3398/3893/3402 3400/2511/2252 2212/2504/2245
f 2159/2438/2183 2221/2516/2257 2223/2518/2259 2157/2437/2182
f 2221/2516/2257 2159/2438/2183 2163/2441/2186 2219/2514/2255
f 2179/2458/2203 3401/2471/2213 2165/2448/2193 2168/2447/2192
f 2070/2310/2070 2074/2323/2083 2051/2302/2062 2054/2301/2061
f 2013/2158/1941 2006/2243/2018 3402/2103/1893 1926/2154/1938
f 1924/2110/1897 1926/2154/1938 3402/2103/1893 1884/2102/1892
f 1814/2189/1816 1818/2027/1818 1840/2055/1845 1842/2056/1846
f 3405/3894/3403 3403/3895/3404 3404/3896/3405
f 3403/3895/3404 3405/3894/3403 3404/3897/3405
o root.2
v -0.083949 0.405920 -0.577490
v -0.081569 0.412155 -0.561629
v -0.078410 0.419398 -0.579868
v -0.102450 0.417465 -0.582365
v -0.083142 0.402058 -0.592928
v -0.099773 0.404827 -0.596022
v -0.070488 0.391869 -0.609717
v -0.078948 0.418711 -0.597814
v -0.063827 0.413069 -0.610478
v -0.081292 0.444159 -0.597918
v -0.094646 0.468047 -0.588783
v -0.080262 0.437929 -0.573826
v -0.064754 0.446746 -0.611613
v -0.029257 0.445088 -0.621201
v -0.071038 0.498406 -0.597279
v -0.028037 0.501873 -0.618752
v -0.063030 0.558039 -0.589589
v -0.098768 0.507713 -0.582790
v -0.107523 0.473389 -0.580585
v -0.093819 0.554533 -0.572713
v -0.113519 0.507966 -0.585793
v -0.122177 0.468302 -0.583915
v -0.115432 0.537488 -0.582767
v -0.125426 0.510857 -0.589116
v -0.129467 0.527234 -0.591474
v -0.130991 0.501904 -0.599361
v -0.146870 0.494548 -0.627851
v -0.131414 0.518300 -0.600845
v -0.145709 0.522657 -0.600433
v -0.137669 0.534134 -0.588867
v -0.156230 0.547532 -0.606432
v -0.150794 0.525131 -0.565156
v -0.141504 0.531318 -0.569868
v -0.148698 0.554186 -0.566097
v -0.126741 0.532732 -0.522754
v -0.117817 0.571331 -0.512825
v -0.136478 0.565771 -0.536419
v -0.129506 0.542380 -0.544776
v -0.127883 0.552386 -0.566959
v -0.111292 0.568447 -0.520371
v -0.100046 0.631360 -0.519050
v -0.112570 0.570609 -0.548678
v -0.092268 0.620221 -0.537621
v -0.070310 0.660592 -0.547123
v -0.078018 0.610701 -0.561184
v -0.067085 0.644097 -0.558460
v -0.054103 0.609183 -0.576421
v -0.017157 0.615390 -0.585635
v -0.049559 0.648033 -0.563713
v -0.012807 0.649377 -0.565759
v -0.050320 0.671597 -0.560202
v -0.005763 0.675092 -0.562157
v -0.056682 0.691475 -0.546414
v -0.062787 0.716233 -0.609689
v -0.074766 0.676210 -0.538470
v -0.085404 0.697514 -0.598247
v -0.019951 0.692328 -0.560780
v -0.030122 0.705242 -0.573445
v 0.001053 0.695522 -0.573166
v -0.011700 0.705592 -0.568178
v 0.025685 0.688362 -0.569369
v 0.070760 0.673865 -0.559403
v 0.014821 0.703135 -0.565008
v 0.048055 0.706867 -0.562080
v 0.100993 0.689102 -0.542522
v 0.054546 0.704388 -0.589139
v 0.063965 0.686596 -0.542084
v 0.038681 0.696544 -0.551432
v 0.001914 0.708178 -0.659909
v 0.020585 0.706049 -0.668088
v -0.028762 0.709426 -0.651333
v 0.001395 0.696162 -0.704151
v 0.019149 0.697195 -0.705073
v -0.014022 0.687093 -0.717967
v -0.020889 0.644497 -0.757796
v -0.048372 0.676635 -0.717586
v 0.036078 0.687221 -0.719367
v 0.045023 0.705536 -0.669305
v 0.085762 0.674790 -0.708902
v 0.030085 0.642992 -0.762093
v 0.087891 0.629729 -0.751444
v 0.010698 0.550635 -0.796518
v -0.018196 0.448322 -0.780336
v 0.085660 0.532453 -0.780361
v -0.051707 0.559754 -0.784579
v -0.077357 0.467712 -0.767838
v -0.100545 0.563149 -0.758045
v -0.131033 0.560407 -0.721115
v -0.065521 0.639992 -0.742436
v -0.115889 0.484272 -0.744521
v -0.128618 0.448615 -0.735340
v -0.138019 0.484802 -0.711304
v -0.140500 0.435800 -0.707728
v -0.146596 0.484440 -0.669290
v -0.151952 0.554549 -0.676923
v -0.134997 0.424136 -0.659956
v -0.120663 0.429787 -0.616026
v -0.111311 0.387202 -0.661057
v -0.051726 0.338763 -0.674278
v -0.095427 0.386897 -0.626935
v -0.113871 0.395160 -0.707534
v -0.099430 0.418175 -0.737145
v -0.053931 0.344780 -0.712996
v 0.033885 0.346043 -0.703723
v -0.041520 0.385845 -0.744736
v 0.044645 0.368516 -0.738642
v 0.096739 0.373134 -0.719487
v 0.066897 0.429844 -0.767122
v 0.127266 0.418668 -0.728879
v 0.145895 0.513012 -0.737716
v 0.151409 0.413055 -0.674325
v 0.145761 0.424610 -0.622897
v 0.103566 0.359676 -0.684250
v 0.173818 0.498398 -0.688717
v 0.173153 0.502004 -0.646932
v 0.170822 0.574864 -0.683864
v 0.182261 0.555873 -0.651579
v 0.166863 0.612047 -0.656658
v 0.141992 0.601963 -0.719716
v 0.134726 0.644084 -0.681687
v 0.135586 0.664110 -0.640235
v 0.162657 0.624740 -0.620464
v 0.140052 0.671443 -0.605937
v 0.085003 0.694265 -0.663794
v 0.096355 0.697687 -0.630687
v 0.075372 0.708639 -0.613895
v 0.134997 0.675751 -0.574789
v 0.151723 0.635929 -0.557632
v 0.112009 0.679495 -0.555545
v 0.140390 0.644430 -0.534247
v 0.144413 0.616125 -0.512416
v 0.125810 0.654373 -0.521195
v 0.136014 0.633673 -0.511611
v 0.111058 0.642299 -0.524003
v 0.130034 0.631119 -0.519453
v 0.121692 0.607626 -0.515484
v 0.077465 0.678353 -0.535420
v 0.101502 0.633103 -0.525200
v 0.089229 0.659099 -0.543528
v 0.112499 0.605502 -0.516056
v 0.107295 0.628380 -0.537315
v 0.120099 0.615382 -0.543602
v 0.094701 0.646427 -0.545555
v 0.090829 0.649730 -0.554019
v 0.067644 0.649106 -0.563169
v 0.037548 0.665909 -0.562250
v 0.054229 0.642502 -0.567723
v 0.094681 0.605899 -0.567762
v 0.071634 0.609209 -0.580557
v 0.114415 0.548352 -0.575043
v 0.136875 0.530487 -0.588941
v 0.121195 0.501231 -0.583463
v 0.085591 0.551838 -0.589725
v 0.133964 0.564065 -0.552276
v 0.135050 0.552564 -0.526031
v 0.149214 0.541353 -0.569594
v 0.154541 0.527776 -0.568246
v 0.165032 0.528773 -0.564047
v 0.155815 0.528071 -0.592937
v 0.165854 0.517922 -0.600422
v 0.140195 0.484558 -0.583985
v 0.123303 0.469943 -0.577283
v 0.151715 0.458061 -0.591407
v 0.136196 0.504036 -0.588078
v 0.141183 0.452628 -0.584099
v 0.127114 0.413927 -0.603227
v 0.111634 0.428478 -0.567714
v 0.110804 0.400424 -0.590063
v 0.114474 0.447910 -0.555788
v 0.097411 0.417103 -0.559420
v 0.094344 0.400933 -0.586794
v 0.098915 0.438009 -0.566114
v 0.091421 0.420110 -0.589168
v 0.105947 0.461335 -0.583001
v 0.093270 0.491527 -0.601327
v 0.095255 0.438921 -0.594141
v 0.075843 0.441318 -0.611756
v 0.068332 0.407680 -0.615582
v 0.028877 0.441440 -0.624384
v 0.025273 0.401141 -0.628852
v 0.035076 0.496718 -0.621806
v 0.040324 0.568062 -0.609038
v -0.021310 0.568706 -0.606910
v 0.034701 0.616101 -0.585761
v 0.028596 0.651272 -0.564634
v 0.025187 0.374962 -0.630459
v -0.030828 0.405024 -0.623630
v -0.034334 0.378364 -0.625645
v -0.041182 0.359217 -0.632273
v 0.026946 0.355601 -0.640326
v -0.083003 0.385470 -0.614720
v -0.046471 0.346607 -0.647851
v 0.028813 0.347462 -0.656317
v 0.088601 0.364286 -0.636774
v 0.030617 0.343935 -0.677758
v 0.096038 0.357465 -0.655275
v 0.079262 0.371828 -0.623497
v 0.070798 0.385925 -0.617065
v 0.180485 0.547414 -0.611112
v 0.176796 0.584709 -0.613447
v 0.167985 0.554781 -0.565739
v 0.150425 0.583404 -0.532680
v 0.170485 0.586549 -0.571805
v 0.159938 0.629478 -0.588117
v 0.158088 0.598728 -0.535875
v 0.142880 0.610410 -0.518465
v 0.138736 0.560382 -0.520970
v 0.177302 0.586222 -0.641430
v -0.124828 0.628653 -0.677839
v -0.157219 0.552680 -0.639662
v -0.139380 0.624702 -0.636456
v -0.140304 0.615057 -0.604470
v -0.103691 0.667807 -0.643120
v -0.083127 0.692449 -0.639140
v -0.089142 0.669514 -0.675495
v -0.115746 0.662111 -0.609586
v -0.098589 0.688901 -0.614096
v -0.124380 0.649615 -0.585799
v -0.110520 0.675664 -0.582653
v -0.096738 0.679817 -0.572377
v -0.117403 0.656971 -0.564989
v -0.108625 0.657199 -0.537747
v -0.134914 0.613700 -0.548226
v -0.124902 0.619033 -0.527183
v -0.140679 0.612507 -0.574574
v -0.125229 0.580532 -0.524476
v -0.113683 0.613436 -0.516836
v -0.077528 0.698484 -0.611030
v -0.061186 0.707854 -0.624432
v -0.025732 0.708263 -0.589051
v -0.077169 0.665371 -0.713007
v -0.063405 0.692250 -0.669604
v -0.105035 0.635258 -0.721449
v -0.102315 0.432118 -0.564240
v -0.089829 0.445009 -0.562454
v -0.081919 0.427564 -0.546396
v -0.074388 0.425601 -0.558594
v -0.074640 0.417729 -0.564936
v 0.084809 0.396505 -0.560369
v 0.091071 0.391441 -0.550894
v 0.090032 0.392414 -0.543336
vn -0.7288 -0.5188 0.4469
vn 0.2431 -0.9073 0.3432
vn 0.1433 -0.7836 0.6045
vn -0.6519 -0.1296 0.7471
vn 0.9875 -0.1431 -0.0657
vn 0.9489 -0.3082 0.0673
vn 0.3611 -0.7008 0.6152
vn 0.8883 -0.0519 0.4563
vn -0.6064 -0.6868 0.4007
vn -0.3074 -0.7446 0.5926
vn 0.2781 -0.4214 0.8632
vn 0.4997 -0.0458 0.8650
vn 0.9170 0.3895 0.0857
vn 0.8229 0.1258 0.5540
vn 0.4673 -0.0562 0.8823
vn 0.3391 0.5764 0.7435
vn 0.5256 0.1875 0.8298
vn 0.4455 -0.1466 0.8832
vn 0.2001 -0.0707 0.9772
vn 0.2048 -0.0740 0.9760
vn 0.2282 -0.1388 0.9637
vn 0.2116 -0.2955 0.9316
vn 0.4402 -0.2555 0.8608
vn 0.3592 -0.4024 0.8420
vn 0.1293 -0.1030 0.9862
vn -0.1395 0.1253 0.9823
vn -0.3838 -0.0114 0.9233
vn -0.7730 -0.1304 0.6208
vn -0.1599 -0.4441 0.8816
vn -0.6720 -0.0329 0.7398
vn -0.7766 -0.1756 0.6051
vn -0.3829 -0.4495 0.8071
vn -0.6754 -0.3612 0.6429
vn -0.9464 -0.2310 0.2257
vn -0.8667 -0.3937 0.3064
vn -0.7528 -0.5002 0.4278
vn 0.3388 -0.8056 0.4860
vn 0.7664 -0.6411 -0.0406
vn -0.4479 -0.8635 0.2318
vn -0.9979 0.0558 -0.0325
vn -0.9966 -0.0068 0.0820
vn -0.9711 0.0441 0.2344
vn 0.8244 -0.5540 -0.1158
vn 0.0448 -0.7186 0.6940
vn -0.8840 0.0678 0.4626
vn 0.8976 -0.3401 0.2802
vn -0.0563 -0.1196 0.9912
vn -0.7977 0.0848 0.5971
vn 0.5820 -0.7381 0.3413
vn 0.7843 -0.5167 0.3434
vn 0.3065 0.1888 0.9330
vn -0.1905 0.1531 0.9697
vn 0.8250 -0.2969 0.4809
vn 0.5962 -0.3158 0.7381
vn 0.6729 -0.2638 0.6911
vn 0.1354 0.4261 0.8945
vn 0.5926 -0.2784 0.7559
vn 0.3767 -0.3394 0.8619
vn 0.2993 -0.2846 0.9107
vn 0.1408 -0.4317 0.8910
vn 0.0559 -0.3144 0.9477
vn 0.0972 0.0466 0.9942
vn 0.3320 -0.2468 0.9104
vn 0.0251 0.5195 0.8541
vn 0.1572 0.3182 0.9349
vn 0.0321 0.9023 0.4299
vn -0.1708 0.9826 -0.0734
vn -0.5629 0.8029 0.1960
vn -0.4766 0.8791 -0.0013
vn -0.5693 0.7574 0.3196
vn 0.0076 -0.0031 1.0000
vn 0.1656 0.8208 0.5467
vn -0.1034 -0.2157 0.9710
vn 0.1355 0.3030 0.9433
vn -0.4978 -0.3453 0.7956
vn -0.0546 0.0149 0.9984
vn -0.4606 0.0988 0.8821
vn -0.1163 0.8077 0.5780
vn -0.0155 0.3768 0.9262
vn -0.5045 0.0317 0.8628
vn 0.3138 0.8178 0.4823
vn 0.1875 0.9817 0.0334
vn 0.5412 0.8132 0.2139
vn 0.0385 0.9862 -0.1613
vn -0.0539 0.9930 -0.1054
vn -0.1500 0.9769 -0.1522
vn 0.0245 0.9183 -0.3951
vn -0.0685 0.9177 -0.3912
vn -0.1522 0.8124 -0.5628
vn 0.1531 0.8031 -0.5758
vn -0.4162 0.5000 -0.7595
vn -0.3416 0.7660 -0.5445
vn -0.1867 0.5301 -0.8271
vn 0.1114 0.5141 -0.8505
vn -0.4217 0.8416 -0.3374
vn 0.1421 0.9673 -0.2101
vn 0.4375 0.8487 -0.2972
vn 0.4606 0.7296 -0.5054
vn 0.4524 0.4472 -0.7716
vn 0.3894 0.0309 -0.9206
vn 0.0240 0.0962 -0.9951
vn -0.3075 0.1540 -0.9390
vn -0.3762 -0.1916 -0.9065
vn -0.0971 -0.2886 -0.9525
vn 0.2725 -0.3308 -0.9035
vn -0.5907 0.1768 -0.7873
vn -0.6724 -0.0415 -0.7390
vn -0.9292 -0.0003 -0.3696
vn -0.8427 0.1654 -0.5123
vn -0.6979 0.4902 -0.5221
vn -0.7141 -0.1786 -0.6769
vn -0.9069 -0.2926 -0.3032
vn -0.4782 -0.4212 -0.7707
vn -0.9134 -0.3885 0.1216
vn -0.9903 -0.1298 -0.0493
vn -0.9628 0.1093 -0.2470
vn -0.6905 -0.6180 -0.3760
vn -0.7300 -0.6698 0.1360
vn -0.6387 -0.6867 0.3472
vn -0.2219 -0.8909 0.3964
vn -0.2994 -0.9516 0.0694
vn -0.3087 -0.8454 -0.4359
vn -0.2021 -0.5416 -0.8160
vn 0.1256 -0.9277 -0.3516
vn 0.1130 -0.9913 0.0672
vn 0.1591 -0.6606 -0.7337
vn 0.4762 -0.6704 -0.5690
vn 0.5406 -0.8276 -0.1507
vn 0.6624 -0.3867 -0.6416
vn 0.7261 -0.0355 -0.6867
vn 0.9507 -0.1349 -0.2791
vn 0.8725 -0.4758 -0.1112
vn 0.4486 -0.8701 0.2044
vn 0.8282 -0.4882 0.2751
vn 0.9766 -0.2058 0.0624
vn 0.9980 0.0131 -0.0616
vn 0.9136 0.1973 -0.3555
vn 0.7302 0.3422 -0.5914
vn 0.8821 0.4199 -0.2134
vn 0.9674 0.2459 -0.0601
vn 0.7158 0.5875 -0.3775
vn 0.9038 0.4244 -0.0550
vn 0.7245 0.6489 -0.2326
vn 0.7481 0.6611 -0.0572
vn 0.9225 0.3775 0.0810
vn 0.4779 0.8632 -0.1625
vn 0.2223 0.9743 0.0357
vn 0.6590 0.7213 0.2133
vn 0.8714 0.4222 0.2498
vn 0.7936 0.5131 0.3271
vn 0.3370 0.5254 0.7813
vn 0.3291 -0.0597 0.9424
vn 0.8803 0.0214 0.4740
vn 0.1583 0.2076 0.9653
vn -0.3648 0.0866 0.9271
vn -0.3440 -0.0250 0.9386
vn -0.0150 0.0122 0.9998
vn 0.2712 -0.2283 0.9351
vn -0.7787 -0.2503 0.5754
vn -0.8309 -0.3114 0.4612
vn -0.7916 -0.4600 0.4022
vn -0.8217 -0.5693 0.0267
vn -0.8124 -0.5597 -0.1635
vn -0.8654 -0.4419 0.2365
vn -0.6576 -0.4388 0.6123
vn -0.2728 -0.2560 0.9274
vn -0.5008 -0.3046 0.8102
vn -0.0444 -0.3276 0.9438
vn -0.1722 -0.3862 0.9062
vn -0.3531 -0.3662 0.8610
vn -0.3643 -0.3833 0.8487
vn -0.4266 -0.2393 0.8722
vn -0.8402 -0.4751 0.2616
vn 0.2284 0.0918 0.9692
vn 0.0152 -0.3905 0.9205
vn -0.0937 0.0312 0.9951
vn -0.6541 -0.7106 0.2593
vn -0.4753 -0.0445 0.8787
vn -0.5391 -0.7263 0.4265
vn -0.4152 -0.8662 0.2779
vn -0.1432 -0.6677 0.7305
vn 0.5543 -0.6755 0.4862
vn 0.2651 -0.3106 0.9128
vn 0.8453 -0.3267 0.4228
vn 0.3873 0.0822 0.9183
vn 0.7911 -0.2480 0.5591
vn 0.6731 -0.2577 0.6932
vn 0.0381 0.2382 0.9705
vn 0.6690 -0.6044 0.4327
vn 0.4549 -0.7149 0.5310
vn 0.5013 -0.3715 0.7815
vn 0.1021 0.3066 0.9463
vn -0.4030 -0.4541 0.7946
vn -0.4135 -0.5465 0.7283
vn -0.7350 0.2318 0.6373
vn -0.8924 0.0931 0.4416
vn -0.7098 0.3305 0.6221
vn -0.8474 0.2017 0.4912
vn -0.5162 0.0328 0.8558
vn -0.5077 -0.0380 0.8607
vn -0.1556 -0.1144 0.9812
vn -0.1151 -0.0646 0.9913
vn -0.0956 -0.0780 0.9924
vn -0.1828 -0.2885 0.9399
vn -0.1156 -0.4463 0.8874
vn -0.3230 -0.3999 0.8578
vn -0.0597 -0.2831 0.9572
vn 0.1511 -0.2903 0.9449
vn -0.0564 -0.6893 0.7222
vn 0.0298 -0.7057 0.7079
vn 0.0859 -0.9244 0.3716
vn 0.3812 -0.8410 0.3840
vn 0.1350 -0.7782 0.6133
vn 0.9835 -0.1046 0.1477
vn 0.9214 -0.1036 0.3747
vn 0.9750 0.2024 0.0913
vn 0.9596 0.1232 0.2529
vn 0.7177 -0.1386 0.6824
vn -0.8335 0.4756 -0.2811
vn -0.8945 0.4337 -0.1085
vn -0.9390 0.3433 0.0220
vn -0.8270 0.5593 -0.0563
vn -0.7524 0.6142 -0.2381
vn -0.6450 0.7036 -0.2981
vn -0.5627 0.7860 -0.2561
vn -0.6790 0.7285 -0.0910
vn -0.8947 0.4449 0.0405
vn -0.9462 0.2952 0.1322
vn -0.7626 0.6385 0.1037
vn -0.8135 0.5407 0.2142
vn -0.5951 0.6164 0.5156
vn -0.9092 0.2736 0.3138
vn -0.7536 0.3076 0.5809
vn -0.1614 0.9553 -0.2477
vn 0.0841 0.9951 0.0522
vn -0.5240 0.7069 -0.4751
vn 0.1966 0.0877 0.9766
vn 0.9515 0.0874 0.2949
vn 0.0235 0.0366 0.9991
vn 0.5959 -0.5679 0.5678
vn -0.2843 0.3105 0.9071
vt 0.386805 0.830151
vt 0.392864 0.835905
vt 0.387621 0.834554
vt 0.382206 0.835721
vt 0.391871 0.839585
vt 0.390595 0.837399
vt 0.394903 0.835508
vt 0.394192 0.841889
vt 0.392159 0.830502
vt 0.401471 0.831624
vt 0.401649 0.837349
vt 0.397813 0.845363
vt 0.387134 0.841089
vt 0.384719 0.846069
vt 0.387370 0.850861
vt 0.384021 0.838173
vt 0.374505 0.843841
vt 0.369409 0.853892
vt 0.392581 0.859229
vt 0.404611 0.852536
vt 0.374753 0.866679
vt 0.354116 0.876267
vt 0.352655 0.863488
vt 0.351034 0.853576
vt 0.362411 0.845268
vt 0.370539 0.838738
vt 0.360467 0.840102
vt 0.369967 0.833589
vt 0.353176 0.843255
vt 0.358303 0.835812
vt 0.358756 0.830474
vt 0.353727 0.836255
vt 0.354796 0.831695
vt 0.360034 0.818792
vt 0.382382 0.820127
vt 0.350632 0.826072
vt 0.351061 0.834938
vt 0.346559 0.835186
vt 0.344015 0.831979
vt 0.343212 0.811563
vt 0.340721 0.820498
vt 0.335014 0.828439
vt 0.342150 0.841188
vt 0.336987 0.839578
vt 0.329123 0.836615
vt 0.333290 0.847472
vt 0.330496 0.845607
vt 0.326303 0.842849
vt 0.346786 0.844563
vt 0.340233 0.851316
vt 0.319318 0.856834
vt 0.321813 0.851209
vt 0.325437 0.859860
vt 0.332357 0.864714
vt 0.315647 0.867676
vt 0.310057 0.863667
vt 0.322033 0.869837
vt 0.335819 0.871091
vt 0.321501 0.874939
vt 0.336270 0.881432
vt 0.321123 0.884029
vt 0.310133 0.884269
vt 0.313817 0.873580
vt 0.307271 0.868945
vt 0.303203 0.877796
vt 0.299549 0.874169
vt 0.295818 0.862769
vt 0.296710 0.853492
vt 0.293416 0.852521
vt 0.301872 0.852018
vt 0.302673 0.884045
vt 0.298017 0.878512
vt 0.306674 0.892177
vt 0.300159 0.888396
vt 0.316515 0.906261
vt 0.317389 0.897397
vt 0.309722 0.908157
vt 0.304611 0.899022
vt 0.298265 0.898402
vt 0.471839 0.757092
vt 0.478606 0.757515
vt 0.478980 0.763701
vt 0.460378 0.761704
vt 0.458229 0.770922
vt 0.480158 0.768764
vt 0.439157 0.796900
vt 0.433836 0.795695
vt 0.425126 0.795362
vt 0.457025 0.758350
vt 0.438193 0.810633
vt 0.433767 0.812654
vt 0.429361 0.822196
vt 0.442426 0.815306
vt 0.296955 0.797784
vt 0.288509 0.817244
vt 0.280676 0.823099
vt 0.287426 0.796257
vt 0.434341 0.843532
vt 0.446976 0.835569
vt 0.288617 0.830765
vt 0.277204 0.848869
vt 0.446365 0.796824
vt 0.457736 0.796318
vt 0.457125 0.810975
vt 0.462006 0.827934
vt 0.478637 0.851692
vt 0.459639 0.863511
vt 0.444190 0.874229
vt 0.458849 0.897137
vt 0.477411 0.889103
vt 0.501304 0.874133
vt 0.320326 0.765372
vt 0.329124 0.776444
vt 0.362473 0.778849
vt 0.372761 0.768531
vt 0.361996 0.790207
vt 0.334695 0.788720
vt 0.309282 0.797955
vt 0.376197 0.784741
vt 0.377820 0.794186
vt 0.394047 0.789081
vt 0.382656 0.807665
vt 0.362250 0.803906
vt 0.339601 0.801841
vt 0.394912 0.799901
vt 0.398432 0.815026
vt 0.398796 0.826349
vt 0.418162 0.834127
vt 0.420342 0.824745
vt 0.419286 0.810150
vt 0.411246 0.789200
vt 0.544473 0.901515
vt 0.537079 0.879392
vt 0.545830 0.874153
vt 0.554848 0.892340
vt 0.521413 0.883278
vt 0.533811 0.903953
vt 0.413848 0.756473
vt 0.424332 0.767727
vt 0.389955 0.765789
vt 0.525515 0.866827
vt 0.536257 0.859848
vt 0.515212 0.856830
vt 0.495960 0.839755
vt 0.508828 0.829699
vt 0.527210 0.844009
vt 0.545276 0.855253
vt 0.536829 0.832900
vt 0.516479 0.820440
vt 0.503948 0.812032
vt 0.493751 0.816116
vt 0.479700 0.821067
vt 0.489094 0.804844
vt 0.498150 0.805183
vt 0.474600 0.806292
vt 0.490496 0.794617
vt 0.475945 0.793978
vt 0.479351 0.784613
vt 0.493621 0.786834
vt 0.463524 0.787153
vt 0.459560 0.780451
vt 0.481887 0.776359
vt 0.495019 0.778726
vt 0.495513 0.771563
vt 0.494665 0.766111
vt 0.505356 0.771665
vt 0.507042 0.779582
vt 0.501085 0.768379
vt 0.497952 0.761370
vt 0.502437 0.766671
vt 0.509610 0.766366
vt 0.507393 0.771542
vt 0.510997 0.764283
vt 0.500622 0.758766
vt 0.488411 0.756472
vt 0.320727 0.913074
vt 0.325682 0.913800
vt 0.332148 0.917906
vt 0.328006 0.920234
vt 0.337822 0.925175
vt 0.339845 0.918182
vt 0.325595 0.911272
vt 0.325090 0.904762
vt 0.343335 0.909610
vt 0.321751 0.894846
vt 0.327125 0.900960
vt 0.342254 0.903402
vt 0.367249 0.911124
vt 0.365260 0.902997
vt 0.359589 0.919462
vt 0.385033 0.912277
vt 0.376166 0.915349
vt 0.385409 0.908043
vt 0.369901 0.920334
vt 0.388247 0.898332
vt 0.358958 0.927188
vt 0.372384 0.923652
vt 0.378981 0.919694
vt 0.524979 0.793008
vt 0.523634 0.795458
vt 0.518735 0.778780
vt 0.521545 0.779762
vt 0.380288 0.924140
vt 0.373468 0.926657
vt 0.536469 0.811002
vt 0.536904 0.819815
vt 0.523154 0.808168
vt 0.526895 0.804702
vt 0.391500 0.912206
vt 0.540726 0.820628
vt 0.543662 0.811685
vt 0.396766 0.906966
vt 0.544794 0.833137
vt 0.551588 0.834464
vt 0.550182 0.824508
vt 0.549273 0.819054
vt 0.553983 0.826679
vt 0.556576 0.833555
vt 0.554275 0.821692
vt 0.559778 0.827667
vt 0.553398 0.814310
vt 0.562032 0.822950
vt 0.399675 0.901407
vt 0.405131 0.888430
vt 0.406151 0.895742
vt 0.565480 0.832871
vt 0.566748 0.824472
vt 0.382799 0.882776
vt 0.400801 0.874604
vt 0.414895 0.882106
vt 0.411861 0.867746
vt 0.357866 0.891532
vt 0.338101 0.894338
vt 0.420596 0.879157
vt 0.419315 0.863638
vt 0.410979 0.846555
vt 0.415198 0.840447
vt 0.424332 0.860618
vt 0.559797 0.864804
vt 0.566748 0.880566
vt 0.561910 0.884941
vt 0.553785 0.869102
vt 0.551073 0.851513
vt 0.556803 0.848621
vt 0.563619 0.843395
vt 0.565876 0.858358
vt 0.512779 0.804882
vt 0.516382 0.792922
vt 0.502489 0.799515
vt 0.507133 0.789871
vt 0.511731 0.779543
vt 0.313069 0.912081
vt 0.314801 0.804909
vt 0.315407 0.814334
vt 0.318105 0.820719
vt 0.302221 0.831662
vt 0.298662 0.826613
vt 0.298453 0.817406
vt 0.289883 0.841678
vt 0.294907 0.842722
vt 0.307674 0.832929
vt 0.316978 0.828308
vt 0.301115 0.843926
vt 0.305798 0.841812
vt 0.310101 0.851494
vt 0.316732 0.837504
vt 0.318511 0.846138
vt 0.289126 0.853795
vt 0.293627 0.871392
vt 0.297526 0.808150
vt 0.387721 0.837057
vt 0.387977 0.838574
vt 0.497632 0.420651
vt 0.495957 0.415671
vt 0.498110 0.418489
vt 0.495957 0.419256
s 1
f 3409/3898/3406 3406/3899/3407 3407/3900/3408 3639/3901/3409
f 3406/3899/3407 3408/3902/3410 3643/3903/3411 3407/3900/3408
f 3406/3899/3407 3410/3904/3412 3413/3905/3413 3408/3902/3410
f 3410/3904/3412 3406/3899/3407 3409/3898/3406 3411/3906/3414
f 3411/3906/3414 3596/3907/3415 3412/3908/3416 3410/3904/3412
f 3413/3905/3413 3410/3904/3412 3412/3908/3416 3414/3909/3417
f 3417/3910/3418 3408/3902/3410 3413/3905/3413 3415/3911/3419
f 3418/3912/3420 3415/3911/3419 3413/3905/3413 3414/3909/3417
f 3640/3913/3421 3417/3910/3418 3415/3911/3419 3416/3914/3422
f 3420/3915/3423 3416/3914/3422 3415/3911/3419 3418/3912/3420
f 3419/3916/3424 3418/3912/3420 3414/3909/3417 3592/3917/3425
f 3419/3916/3424 3421/3918/3426 3420/3915/3423 3418/3912/3420
f 3588/3919/3427 3422/3920/3428 3420/3915/3423 3421/3918/3426
f 3425/3921/3429 3423/3922/3430 3420/3915/3423 3422/3920/3428
f 3424/3923/3431 3416/3914/3422 3420/3915/3423 3423/3922/3430
f 3423/3922/3430 3426/3924/3432 3427/3925/3433 3424/3923/3431
f 3426/3924/3432 3423/3922/3430 3425/3921/3429 3428/3926/3434
f 3427/3925/3433 3426/3924/3432 3429/3927/3435 3431/3928/3436
f 3426/3924/3432 3428/3926/3434 3430/3929/3437 3429/3927/3435
f 3429/3927/3435 3430/3929/3437 3433/3930/3438 3431/3928/3436
f 3431/3928/3436 3432/3931/3439 3502/3932/3440 3427/3925/3433
f 3434/3933/3441 3432/3931/3439 3431/3928/3436 3433/3930/3438
f 3435/3934/3442 3434/3933/3441 3433/3930/3438 3430/3929/3437
f 3434/3933/3441 3435/3934/3442 3438/3935/3443 3437/3936/3444
f 3615/3937/3445 3432/3931/3439 3434/3933/3441 3436/3938/3446
f 3437/3936/3444 3439/3939/3447 3436/3938/3446 3434/3933/3441
f 3438/3935/3443 3443/3940/3448 3440/3941/3449 3437/3936/3444
f 3439/3939/3447 3437/3936/3444 3440/3941/3449 3442/3942/3450
f 3445/3943/3451 3441/3944/3452 3440/3941/3449 3443/3940/3448
f 3440/3941/3449 3441/3944/3452 3631/3945/3453 3442/3942/3450
f 3444/3946/3454 3443/3940/3448 3438/3935/3443 3435/3934/3442
f 3445/3943/3451 3443/3940/3448 3444/3946/3454 3447/3947/3455
f 3445/3943/3451 3446/3948/3456 3632/3949/3457 3441/3944/3452
f 3446/3948/3456 3445/3943/3451 3447/3947/3455 3448/3950/3458
f 3450/3951/3459 3448/3950/3458 3447/3947/3455 3425/3921/3429
f 3444/3946/3454 3428/3926/3434 3425/3921/3429 3447/3947/3455
f 3449/3952/3460 3460/3953/3461 3446/3948/3456 3448/3950/3458
f 3448/3950/3458 3450/3951/3459 3451/3954/3462 3449/3952/3460
f 3452/3955/3463 3454/3956/3464 3451/3954/3462 3450/3951/3459
f 3452/3955/3463 3450/3951/3459 3425/3921/3429 3422/3920/3428
f 3422/3920/3428 3588/3919/3427 3453/3957/3465 3452/3955/3463
f 3454/3956/3464 3452/3955/3463 3453/3957/3465 3455/3958/3466
f 3454/3956/3464 3455/3958/3466 3457/3959/3467 3456/3960/3468
f 3456/3960/3468 3449/3952/3460 3451/3954/3462 3454/3956/3464
f 3458/3961/3469 3456/3960/3468 3457/3959/3467 3462/3962/3470
f 3449/3952/3460 3456/3960/3468 3458/3961/3469 3460/3953/3461
f 3462/3962/3470 3463/3963/3471 3459/3964/3472 3458/3961/3469
f 3461/3965/3473 3458/3961/3469 3459/3964/3472 3633/3966/3474
f 3625/3967/3475 3460/3953/3461 3458/3961/3469 3461/3965/3473
f 3462/3962/3470 3464/3968/3476 3465/3969/3477 3463/3963/3471
f 3464/3968/3476 3462/3962/3470 3457/3959/3467 3466/3970/3478
f 3468/3971/3479 3465/3969/3477 3464/3968/3476 3466/3970/3478
f 3467/3972/3480 3466/3970/3478 3457/3959/3467 3551/3973/3481
f 3467/3972/3480 3472/3974/3482 3469/3975/3483 3466/3970/3478
f 3473/3976/3484 3468/3971/3479 3466/3970/3478 3469/3975/3483
f 3472/3977/3482 3542/3978/3485 3470/3979/3486 3469/3980/3483
f 3471/3981/3487 3469/3980/3483 3470/3979/3486 3534/3982/3488
f 3471/3981/3487 3475/3983/3489 3474/3984/3490 3469/3980/3483
f 3469/3980/3483 3474/3984/3490 3476/3985/3491 3473/3986/3484
f 3478/3987/3492 3477/3988/3493 3474/3984/3490 3475/3983/3489
f 3474/3984/3490 3477/3988/3493 3479/3989/3494 3476/3985/3491
f 3477/3988/3493 3478/3987/3492 3482/3990/3495 3479/3989/3494
f 3494/3991/3496 3481/3992/3497 3479/3993/3494 3480/3994/3498
f 3480/3995/3498 3479/3989/3494 3482/3990/3495 3485/3996/3499
f 3637/3997/3500 3476/3998/3491 3479/3993/3494 3481/3992/3497
f 3475/3983/3489 3483/3999/3501 3482/3990/3495 3478/3987/3492
f 3529/4000/3502 3484/4001/3503 3482/3990/3495 3483/3999/3501
f 3486/4002/3504 3485/3996/3499 3482/3990/3495 3484/4001/3503
f 3485/3996/3499 3486/4002/3504 3489/4003/3505 3487/4004/3506
f 3480/3995/3498 3485/3996/3499 3487/4004/3506 3490/4005/3507
f 3491/4006/3508 3490/4005/3507 3487/4004/3506 3488/4007/3509
f 3487/4004/3506 3489/4003/3505 3513/4008/3510 3488/4007/3509
f 3494/3991/3496 3480/3994/3498 3490/4009/3507 3492/4010/3511
f 3495/4011/3512 3492/4010/3511 3490/4009/3507 3491/4012/3508
f 3497/4013/3513 3493/4014/3514 3492/4010/3511 3495/4011/3512
f 3638/4015/3515 3494/3991/3496 3492/4010/3511 3493/4014/3514
f 3497/4013/3513 3495/4011/3512 3496/4016/3516 3498/4017/3517
f 3491/4012/3508 3507/4018/3518 3496/4016/3516 3495/4011/3512
f 3498/4017/3517 3501/4019/3519 3499/4020/3520 3497/4013/3513
f 3493/4014/3514 3497/4013/3513 3499/4020/3520 3500/4021/3521
f 3499/4020/3520 3432/3931/3439 3615/3937/3445 3500/4021/3521
f 3502/3932/3440 3432/3931/3439 3499/4020/3520 3501/4019/3519
f 3506/4022/3522 3503/4023/3523 3501/4019/3519 3498/4017/3517
f 3505/4024/3524 3502/3932/3440 3501/4019/3519 3503/4023/3523
f 3597/4025/3525 3505/4024/3524 3503/4023/3523 3504/4026/3526
f 3508/4027/3527 3504/4026/3526 3503/4023/3523 3506/4022/3522
f 3507/4018/3518 3510/4028/3528 3508/4027/3527 3506/4022/3522
f 3506/4022/3522 3498/4017/3517 3496/4016/3516 3507/4018/3518
f 3508/4029/3527 3509/4030/3529 3600/4031/3530 3504/4032/3526
f 3511/4033/3531 3509/4030/3529 3508/4029/3527 3510/4034/3528
f 3513/4035/3510 3511/4036/3531 3510/4028/3528 3488/4037/3509
f 3491/4012/3508 3488/4037/3509 3510/4028/3528 3507/4018/3518
f 3509/4030/3529 3511/4033/3531 3512/4038/3532 3518/4039/3533
f 3512/4038/3532 3511/4033/3531 3513/4008/3510 3514/4040/3534
f 3515/4041/3535 3514/4040/3534 3513/4008/3510 3489/4003/3505
f 3519/4042/3536 3516/4043/3537 3514/4040/3534 3515/4041/3535
f 3518/4039/3533 3512/4038/3532 3514/4040/3534 3516/4043/3537
f 3601/4044/3538 3518/4039/3533 3516/4043/3537 3517/4045/3539
f 3520/4046/3540 3517/4045/3539 3516/4043/3537 3519/4042/3536
f 3522/4047/3541 3520/4046/3540 3519/4042/3536 3521/4048/3542
f 3524/4049/3543 3521/4048/3542 3519/4042/3536 3515/4041/3535
f 3521/4048/3542 3523/4050/3544 3613/4051/3545 3522/4047/3541
f 3523/4050/3544 3521/4048/3542 3524/4049/3543 3525/4052/3546
f 3489/4003/3505 3486/4002/3504 3524/4049/3543 3515/4041/3535
f 3484/4001/3503 3525/4052/3546 3524/4049/3543 3486/4002/3504
f 3527/4053/3547 3523/4050/3544 3525/4052/3546 3526/4054/3548
f 3529/4000/3502 3526/4054/3548 3525/4052/3546 3484/4001/3503
f 3527/4053/3547 3526/4054/3548 3528/4055/3549 3609/4056/3550
f 3529/4000/3502 3530/4057/3551 3528/4055/3549 3526/4054/3548
f 3483/3999/3501 3531/4058/3552 3530/4057/3551 3529/4000/3502
f 3531/4058/3552 3532/4059/3553 3528/4055/3549 3530/4057/3551
f 3471/3981/3487 3534/3982/3488 3532/4059/3553 3531/4058/3552
f 3531/4058/3552 3483/3999/3501 3475/3983/3489 3471/3981/3487
f 3533/4060/3554 3609/4056/3550 3528/4055/3549 3532/4059/3553
f 3535/4061/3555 3533/4060/3554 3532/4059/3553 3534/3982/3488
f 3535/4061/3555 3534/3982/3488 3470/3979/3486 3537/4062/3556
f 3535/4061/3555 3536/4063/3557 3610/4064/3558 3533/4060/3554
f 3535/4061/3555 3537/4062/3556 3538/4065/3559 3536/4063/3557
f 3539/4066/3560 3540/4067/3561 3538/4065/3559 3537/4062/3556
f 3470/3979/3486 3542/3978/3485 3539/4066/3560 3537/4062/3556
f 3541/4068/3562 3611/4069/3563 3540/4067/3561 3539/4066/3560
f 3545/4070/3564 3541/4068/3562 3539/4066/3560 3543/4071/3565
f 3544/4072/3566 3543/4071/3565 3539/4066/3560 3542/3978/3485
f 3544/4073/3566 3548/4074/3567 3546/4075/3568 3543/4076/3565
f 3545/4077/3564 3543/4076/3565 3546/4075/3568 3547/4078/3569
f 3549/4079/3570 3547/4078/3569 3546/4075/3568 3548/4074/3567
f 3467/3972/3480 3549/4079/3570 3548/4074/3567 3544/4073/3566
f 3547/4078/3569 3549/4079/3570 3550/4080/3571 3553/4081/3572
f 3550/4080/3571 3549/4079/3570 3467/3972/3480 3551/3973/3481
f 3551/3973/3481 3590/4082/3573 3552/4083/3574 3550/4080/3571
f 3553/4081/3572 3550/4080/3571 3552/4083/3574 3554/4084/3575
f 3555/4085/3576 3553/4081/3572 3554/4084/3575 3558/4086/3577
f 3555/4085/3576 3559/4087/3578 3547/4078/3569 3553/4081/3572
f 3569/4088/3579 3556/4089/3580 3555/4085/3576 3557/4090/3581
f 3555/4085/3576 3556/4089/3580 3561/4091/3582 3559/4087/3578
f 3555/4085/3576 3558/4086/3577 3580/4092/3583 3557/4090/3581
f 3560/4093/3584 3545/4077/3564 3547/4078/3569 3559/4087/3578
f 3560/4093/3584 3559/4087/3578 3561/4091/3582 3562/4094/3585
f 3564/4095/3586 3562/4094/3585 3561/4091/3582 3556/4089/3580
f 3562/4096/3585 3563/4097/3587 3612/4098/3588 3560/4099/3584
f 3562/4094/3585 3564/4095/3586 3565/4100/3589 3563/4101/3587
f 3566/4102/3590 3568/4103/3591 3565/4104/3589 3564/4105/3586
f 3564/4095/3586 3556/4089/3580 3569/4088/3579 3566/4106/3590
f 3570/4107/3592 3568/4103/3591 3566/4102/3590 3567/4108/3593
f 3567/4109/3593 3566/4106/3590 3569/4088/3579 3557/4090/3581
f 3520/4046/3540 3565/4104/3589 3568/4103/3591 3517/4045/3539
f 3571/4110/3594 3517/4045/3539 3568/4103/3591 3570/4107/3592
f 3573/4111/3595 3571/4110/3594 3570/4107/3592 3572/4112/3596
f 3574/4113/3597 3572/4112/3596 3570/4107/3592 3567/4108/3593
f 3573/4111/3595 3572/4112/3596 3575/4114/3598 3576/4115/3599
f 3577/4116/3600 3575/4114/3598 3572/4112/3596 3574/4113/3597
f 3578/4117/3601 3576/4115/3599 3575/4114/3598 3577/4116/3600
f 3577/4116/3600 3579/4118/3602 3581/4119/3603 3578/4117/3601
f 3574/4113/3597 3567/4108/3593 3579/4118/3602 3577/4116/3600
f 3567/4109/3593 3557/4090/3581 3580/4092/3583 3579/4120/3602
f 3580/4092/3583 3582/4121/3604 3581/4122/3603 3579/4120/3602
f 3583/4123/3605 3578/4117/3601 3581/4119/3603 3582/4124/3604
f 3580/4092/3583 3586/4125/3606 3584/4126/3607 3582/4121/3604
f 3583/4127/3605 3582/4121/3604 3584/4126/3607 3585/4128/3608
f 3584/4126/3607 3419/3916/3424 3592/3917/3425 3585/4128/3608
f 3421/3918/3426 3419/3916/3424 3584/4126/3607 3586/4125/3606
f 3558/4086/3577 3587/4129/3609 3586/4125/3606 3580/4092/3583
f 3588/3919/3427 3421/3918/3426 3586/4125/3606 3587/4129/3609
f 3453/3957/3465 3588/3919/3427 3587/4129/3609 3589/4130/3610
f 3554/4084/3575 3589/4130/3610 3587/4129/3609 3558/4086/3577
f 3590/4082/3573 3455/3958/3466 3453/3957/3465 3589/4130/3610
f 3589/4130/3610 3554/4084/3575 3552/4083/3574 3590/4082/3573
f 3590/4082/3573 3551/3973/3481 3457/3959/3467 3455/3958/3466
f 3603/4131/3611 3583/4127/3605 3585/4128/3608 3591/4132/3612
f 3591/4132/3612 3585/4128/3608 3592/3917/3425 3593/4133/3613
f 3592/3917/3425 3414/3909/3417 3412/3908/3416 3593/4133/3613
f 3412/3908/3416 3596/3907/3415 3594/4134/3614 3593/4133/3613
f 3591/4132/3612 3593/4133/3613 3594/4134/3614 3595/4135/3615
f 3595/4136/3615 3594/4137/3614 3597/4138/3525 3598/4139/3616
f 3596/3907/3415 3505/4024/3524 3597/4025/3525 3594/4134/3614
f 3600/4031/3530 3598/4139/3616 3597/4138/3525 3504/4032/3526
f 3601/4044/3538 3599/4140/3617 3598/4139/3616 3600/4031/3530
f 3598/4139/3616 3599/4140/3617 3602/4141/3618 3595/4136/3615
f 3518/4039/3533 3601/4044/3538 3600/4031/3530 3509/4030/3529
f 3599/4140/3617 3601/4044/3538 3517/4045/3539 3571/4110/3594
f 3571/4110/3594 3573/4111/3595 3602/4141/3618 3599/4140/3617
f 3595/4136/3615 3602/4141/3618 3603/4142/3611 3591/4143/3612
f 3573/4111/3595 3576/4115/3599 3603/4142/3611 3602/4141/3618
f 3578/4117/3601 3583/4123/3605 3603/4142/3611 3576/4115/3599
f 3596/3907/3415 3411/3906/3414 3502/3932/3440 3505/4024/3524
f 3604/4144/3619 3565/4104/3589 3520/4046/3540 3522/4047/3541
f 3606/4145/3620 3563/4097/3587 3565/4104/3589 3604/4144/3619
f 3604/4144/3619 3605/4146/3621 3608/4147/3622 3606/4145/3620
f 3604/4144/3619 3522/4047/3541 3613/4051/3545 3605/4146/3621
f 3608/4147/3622 3610/4064/3558 3607/4148/3623 3606/4145/3620
f 3606/4145/3620 3607/4148/3623 3612/4098/3588 3563/4097/3587
f 3527/4053/3547 3609/4056/3550 3608/4147/3622 3605/4146/3621
f 3609/4056/3550 3533/4060/3554 3610/4064/3558 3608/4147/3622
f 3536/4063/3557 3611/4069/3563 3607/4148/3623 3610/4064/3558
f 3611/4069/3563 3541/4068/3562 3612/4098/3588 3607/4148/3623
f 3612/4098/3588 3541/4068/3562 3545/4070/3564 3560/4099/3584
f 3611/4069/3563 3536/4063/3557 3538/4065/3559 3540/4067/3561
f 3527/4053/3547 3605/4146/3621 3613/4051/3545 3523/4050/3544
f 3467/3972/3480 3544/4073/3566 3542/4149/3485 3472/3974/3482
f 3409/3898/3406 3427/3925/3433 3502/3932/3440 3411/3906/3414
f 3614/4150/3624 3638/4015/3515 3493/4014/3514 3500/4021/3521
f 3614/4150/3624 3500/4021/3521 3615/3937/3445 3616/4151/3625
f 3617/4152/3626 3616/4151/3625 3615/3937/3445 3436/3938/3446
f 3621/4153/3627 3618/4154/3628 3616/4151/3625 3617/4152/3626
f 3620/4155/3629 3614/4150/3624 3616/4151/3625 3618/4154/3628
f 3637/3997/3500 3620/4155/3629 3618/4154/3628 3619/4156/3630
f 3622/4157/3631 3619/4156/3630 3618/4154/3628 3621/4153/3627
f 3623/4158/3632 3621/4153/3627 3617/4152/3626 3630/4159/3633
f 3624/4160/3634 3625/3967/3475 3622/4157/3631 3621/4153/3627
f 3626/4161/3635 3624/4160/3634 3621/4153/3627 3623/4158/3632
f 3626/4161/3635 3627/4162/3636 3625/3967/3475 3624/4160/3634
f 3628/4163/3637 3629/4164/3638 3627/4162/3636 3626/4161/3635
f 3626/4161/3635 3623/4158/3632 3630/4159/3633 3628/4163/3637
f 3628/4163/3637 3442/3942/3450 3631/3945/3453 3629/4164/3638
f 3442/3942/3450 3628/4163/3637 3630/4159/3633 3439/3939/3447
f 3439/3939/3447 3630/4159/3633 3617/4152/3626 3436/3938/3446
f 3632/3949/3457 3446/3948/3456 3627/4162/3636 3629/4164/3638
f 3631/3945/3453 3441/3944/3452 3632/3949/3457 3629/4164/3638
f 3460/3953/3461 3625/3967/3475 3627/4162/3636 3446/3948/3456
f 3622/4157/3631 3625/3967/3475 3461/3965/3473 3633/3966/3474
f 3634/4165/3639 3619/4156/3630 3622/4157/3631 3633/3966/3474
f 3634/4165/3639 3633/3966/3474 3459/3964/3472 3635/4166/3640
f 3635/4166/3640 3473/3976/3484 3476/3998/3491 3634/4165/3639
f 3619/4156/3630 3634/4165/3639 3476/3998/3491 3637/3997/3500
f 3459/3964/3472 3463/3963/3471 3465/3969/3477 3635/4166/3640
f 3465/3969/3477 3468/3971/3479 3473/3976/3484 3635/4166/3640
f 3614/4150/3624 3620/4155/3629 3636/4167/3641 3638/4015/3515
f 3637/3997/3500 3481/3992/3497 3636/4167/3641 3620/4155/3629
f 3494/3991/3496 3638/4015/3515 3636/4167/3641 3481/3992/3497
f 3444/3946/3454 3435/3934/3442 3430/3929/3437 3428/3926/3434
f 3424/3923/3431 3427/3925/3433 3409/3898/3406 3639/3901/3409
f 3639/3901/3409 3640/3913/3421 3416/3914/3422 3424/3923/3431
f 3640/3913/3421 3639/3901/3409 3407/3900/3408 3641/4168/3642
f 3642/4169/3643 3417/3910/3418 3640/3913/3421 3641/4168/3642
f 3641/4168/3642 3407/3900/3408 3643/3903/3411 3642/4169/3643
f 3417/3910/3418 3642/4169/3643 3643/3903/3411 3408/3902/3410
f 3646/4170/3644 3644/4171/3645 3645/4172/3646
f 3644/4171/3645 3646/4170/3644 3645/4173/3646
o root.3
v 0.328021 0.560450 -0.692416
v 0.353788 0.560739 -0.705962
v 0.343752 0.568639 -0.682283
v 0.348544 0.565802 -0.679740
v 0.309830 0.558645 -0.688420
v 0.313639 0.558448 -0.688356
v 0.312057 0.557035 -0.697187
v 0.313639 0.558448 -0.688356
v 0.299009 0.547460 -0.702920
v 0.297497 0.536186 -0.730852
v 0.302300 0.522394 -0.698520
v 0.303464 0.534772 -0.684805
v 0.303984 0.552904 -0.682530
v 0.300468 0.554133 -0.714533
v 0.285621 0.562712 -0.718226
v 0.294678 0.540772 -0.734692
v 0.296293 0.515794 -0.729115
v 0.290534 0.531752 -0.715719
v 0.289859 0.553039 -0.739322
v 0.287011 0.552847 -0.716275
v 0.278736 0.569359 -0.715920
v 0.290206 0.551849 -0.688561
v 0.293043 0.552275 -0.654782
v 0.281955 0.576669 -0.685354
v 0.291613 0.521555 -0.687380
v 0.297012 0.522436 -0.651724
v 0.308046 0.514219 -0.684841
v 0.306096 0.513456 -0.681417
v 0.334803 0.538900 -0.669229
v 0.329095 0.511270 -0.685819
v 0.306372 0.502147 -0.673051
v 0.302398 0.502250 -0.660147
v 0.307808 0.535318 -0.663394
v 0.315924 0.570241 -0.640458
v 0.308307 0.535440 -0.663273
v 0.307313 0.541995 -0.664204
v 0.311046 0.554487 -0.676679
v 0.317984 0.566973 -0.653460
v 0.330565 0.565437 -0.662644
v 0.314918 0.560271 -0.674689
v 0.332852 0.566974 -0.638348
v 0.337271 0.538230 -0.642513
v 0.346302 0.565116 -0.644153
v 0.340616 0.563309 -0.619753
v 0.341403 0.546302 -0.622652
v 0.345169 0.566310 -0.604856
v 0.358805 0.563843 -0.625707
v 0.364262 0.567055 -0.614120
v 0.371776 0.561789 -0.632344
v 0.367410 0.557575 -0.645247
v 0.375677 0.569117 -0.622824
v 0.371604 0.567810 -0.635407
v 0.357204 0.570488 -0.629013
v 0.336226 0.570784 -0.620752
v 0.315924 0.570241 -0.640458
v 0.330415 0.585340 -0.617966
v 0.308887 0.591657 -0.625552
v 0.319862 0.586780 -0.635901
v 0.328202 0.571875 -0.604908
v 0.312011 0.564565 -0.610022
v 0.322306 0.551852 -0.587255
v 0.326318 0.538615 -0.577908
v 0.324617 0.533882 -0.597719
v 0.334200 0.555906 -0.592619
v 0.344307 0.548589 -0.587044
v 0.355562 0.531499 -0.600252
v 0.345777 0.551287 -0.605095
v 0.354137 0.533747 -0.566310
v 0.339692 0.525027 -0.558038
v 0.360387 0.524103 -0.558903
v 0.356577 0.520048 -0.588433
v 0.360859 0.526495 -0.573256
v 0.358327 0.518192 -0.560473
v 0.336747 0.529800 -0.577006
v 0.345334 0.523666 -0.563479
v 0.354790 0.516444 -0.551760
v 0.357649 0.538578 -0.614647
v 0.379652 0.521447 -0.618792
v 0.358537 0.531391 -0.628841
v 0.378010 0.521651 -0.635008
v 0.354145 0.519256 -0.643981
v 0.377672 0.517820 -0.652446
v 0.369810 0.508319 -0.625921
v 0.343233 0.514119 -0.654312
v 0.349462 0.510164 -0.651832
v 0.358009 0.495629 -0.644228
v 0.372932 0.488202 -0.633276
v 0.365206 0.479409 -0.648815
v 0.346598 0.502397 -0.657819
v 0.347188 0.480398 -0.645411
v 0.343208 0.513995 -0.645664
v 0.330297 0.497503 -0.642837
v 0.331222 0.507901 -0.646318
v 0.332149 0.480934 -0.647279
v 0.310836 0.499494 -0.621971
v 0.322073 0.473518 -0.630577
v 0.319885 0.500317 -0.612737
v 0.305735 0.526923 -0.601768
v 0.314056 0.511276 -0.636842
v 0.306598 0.488472 -0.637891
v 0.309004 0.455675 -0.648748
v 0.325578 0.486786 -0.648658
v 0.308348 0.499975 -0.643467
v 0.297426 0.471574 -0.638428
v 0.299859 0.477489 -0.638999
v 0.286219 0.445286 -0.647813
v 0.307378 0.486833 -0.651555
v 0.303144 0.494281 -0.662208
v 0.311074 0.468089 -0.656922
v 0.333079 0.464186 -0.658629
v 0.323047 0.482429 -0.667675
v 0.321892 0.500536 -0.676844
v 0.340478 0.504285 -0.658370
v 0.325044 0.514973 -0.665975
v 0.332616 0.527211 -0.652302
v 0.330547 0.522507 -0.679917
v 0.343511 0.518878 -0.682724
v 0.347850 0.524495 -0.683670
v 0.342755 0.516036 -0.687987
v 0.340414 0.526275 -0.684122
v 0.332498 0.463057 -0.658955
v 0.307008 0.451012 -0.653112
v 0.290095 0.442006 -0.650119
v 0.311597 0.530679 -0.603203
v 0.303936 0.556466 -0.623524
v 0.297441 0.582577 -0.634693
v 0.292995 0.599357 -0.644802
v 0.292185 0.577749 -0.655035
v 0.303764 0.594717 -0.655230
v 0.306533 0.583130 -0.660777
v 0.297317 0.592788 -0.688084
v 0.298254 0.602132 -0.645298
v 0.295131 0.607327 -0.636425
v 0.302540 0.591416 -0.634446
v 0.296050 0.588434 -0.687705
v 0.288370 0.587379 -0.714408
v 0.287318 0.586570 -0.714347
v 0.289430 0.566393 -0.682775
v 0.315702 0.467707 -0.614647
v 0.333635 0.502101 -0.609675
v 0.367365 0.503750 -0.613101
v 0.334627 0.472198 -0.615619
v 0.355651 0.477068 -0.614556
v 0.344122 0.440549 -0.616405
v 0.354373 0.436251 -0.612224
v 0.352401 0.429717 -0.612802
v 0.337685 0.435640 -0.599811
v 0.338804 0.440118 -0.631435
v 0.355158 0.451943 -0.619188
v 0.367638 0.462801 -0.624385
v 0.357683 0.441645 -0.627542
v 0.361760 0.432929 -0.623245
v 0.361196 0.452133 -0.637494
v 0.353065 0.449920 -0.648707
v 0.338802 0.455307 -0.643070
v 0.349073 0.462157 -0.648831
v 0.339645 0.462300 -0.654866
v 0.379093 0.457075 -0.641821
v 0.350674 0.467422 -0.660445
v 0.363326 0.476718 -0.651209
v 0.333079 0.464186 -0.658629
v 0.381357 0.480206 -0.656293
v 0.363486 0.478244 -0.660380
v 0.350674 0.467422 -0.660445
v 0.388382 0.472027 -0.637647
v 0.379508 0.471659 -0.641431
v 0.380780 0.474448 -0.631151
v 0.379785 0.463995 -0.646852
v 0.380715 0.474705 -0.653116
v 0.352241 0.429588 -0.626248
v 0.366153 0.431720 -0.611173
v 0.360554 0.438771 -0.592359
v 0.344888 0.472996 -0.583074
v 0.345613 0.435458 -0.595734
v 0.352401 0.442269 -0.596773
v 0.341127 0.471978 -0.588108
v 0.324399 0.463832 -0.594800
v 0.322263 0.500097 -0.590263
v 0.329027 0.499862 -0.586418
v 0.322979 0.512712 -0.591341
v 0.305735 0.526923 -0.601768
v 0.311988 0.491183 -0.591408
v 0.305456 0.488235 -0.591298
v 0.305827 0.517542 -0.597801
v 0.306800 0.514407 -0.595870
v 0.326425 0.463309 -0.590920
v 0.370408 0.481015 -0.621827
v 0.385098 0.494195 -0.617064
v 0.399117 0.485336 -0.618642
v 0.393579 0.494918 -0.635401
v 0.393109 0.485369 -0.630324
v 0.394501 0.483607 -0.640970
v 0.397732 0.505952 -0.648273
v 0.380971 0.510312 -0.638019
v 0.400443 0.492947 -0.632955
v 0.391044 0.513754 -0.636092
v 0.393564 0.510058 -0.616507
v 0.394871 0.507387 -0.615140
v 0.377922 0.519050 -0.606849
v 0.352410 0.501236 -0.656260
v 0.317984 0.566973 -0.653460
v 0.360927 0.565547 -0.671594
v 0.369011 0.563109 -0.695227
v 0.361182 0.564211 -0.702147
v 0.362458 0.562099 -0.699068
v 0.298015 0.511190 -0.713701
v 0.311008 0.517036 -0.717101
v 0.300387 0.515676 -0.719030
v 0.308404 0.519037 -0.727271
v 0.359259 0.612253 -0.611278
v 0.355662 0.619607 -0.610038
v 0.345030 0.602145 -0.608607
v 0.363759 0.606133 -0.609315
v 0.359183 0.612774 -0.607926
v 0.351081 0.597273 -0.606719
v 0.344579 0.601781 -0.604734
v 0.345851 0.610707 -0.611484
v 0.330415 0.585340 -0.617966
v 0.341266 0.509523 -0.586364
v 0.343798 0.516018 -0.588917
v 0.356577 0.520048 -0.588433
v 0.393579 0.494918 -0.635401
v 0.391387 0.474938 -0.638761
v 0.394501 0.483607 -0.640970
v 0.335667 0.468051 -0.659287
v 0.347716 0.469292 -0.661181
v 0.357107 0.488529 -0.652601
v 0.317484 0.558331 -0.695203
v 0.313639 0.558448 -0.688356
v 0.314931 0.558462 -0.693182
v 0.343798 0.516018 -0.588917
v 0.329027 0.499862 -0.586418
v 0.322979 0.512712 -0.591341
v 0.343798 0.516018 -0.588917
v 0.341266 0.509523 -0.586364
v 0.329027 0.499862 -0.586418
v 0.305735 0.526923 -0.601768
v 0.305827 0.517542 -0.597801
v 0.311597 0.530679 -0.603203
vn -0.5395 -0.3045 -0.7850
vn -0.1695 -0.3231 -0.9311
vn 0.3070 -0.9199 -0.2438
vn 0.0482 -0.9928 0.1092
vn -0.0506 0.9883 -0.1437
vn 0.4680 0.4500 -0.7606
vn 0.1696 0.9431 -0.2862
vn 0.1155 0.9761 -0.1843
vn 0.0537 -0.9931 0.1039
vn 0.4114 -0.9052 0.1068
vn 0.8170 -0.4874 -0.3083
vn 0.5494 -0.8355 0.0040
vn 0.9649 -0.1215 -0.2330
vn 0.8046 -0.5443 -0.2373
vn 0.8437 0.4474 -0.2968
vn 0.8626 0.0274 -0.5052
vn -0.1772 -0.0561 -0.9826
vn 0.9916 0.0255 -0.1266
vn 0.6592 0.7396 0.1357
vn 0.9706 0.1072 -0.2154
vn 0.6070 -0.7882 -0.1015
vn 0.9700 -0.2108 -0.1211
vn 0.2108 0.4908 -0.8454
vn 0.8326 0.4153 -0.3664
vn -0.2830 0.4563 -0.8436
vn 0.9436 -0.2323 -0.2357
vn -0.3648 -0.6284 -0.6870
vn -0.9597 -0.2744 -0.0607
vn -0.2062 -0.9715 -0.1171
vn -0.9666 -0.2416 -0.0854
vn -0.8916 0.0840 -0.4449
vn -0.9739 -0.1870 0.1287
vn -0.9654 0.2115 0.1525
vn -0.9150 -0.4016 0.0376
vn -0.9769 0.1503 0.1518
vn -0.9734 -0.0832 0.2135
vn -0.9560 -0.2553 0.1444
vn -0.4024 -0.7204 -0.5648
vn -0.9503 -0.3101 0.0266
vn 0.7644 0.3464 -0.5438
vn 0.7612 -0.4873 -0.4280
vn 0.6333 0.3839 -0.6720
vn -0.0587 0.5760 -0.8154
vn 0.5314 -0.3181 -0.7851
vn -0.6670 -0.4124 -0.6205
vn 0.3011 -0.5034 -0.8099
vn -0.8886 -0.3294 -0.3193
vn 0.8415 -0.3412 0.4189
vn 0.5153 -0.8515 0.0972
vn 0.7503 -0.6305 -0.1985
vn 0.6078 -0.7885 0.0944
vn -0.0635 -0.1634 -0.9845
vn 0.5986 -0.7481 -0.2863
vn 0.7664 0.4177 -0.4881
vn 0.7561 -0.6241 -0.1972
vn 0.8081 0.4466 -0.3840
vn 0.0128 -0.9828 0.1844
vn 0.7375 0.5133 0.4389
vn 0.8879 0.4542 0.0729
vn 0.4981 0.0516 0.8656
vn 0.6203 -0.7843 0.0132
vn 0.8460 0.2400 0.4762
vn 0.2899 -0.4987 -0.8168
vn 0.6582 0.6351 -0.4044
vn 0.0816 0.9862 -0.1441
vn 0.4544 0.8860 -0.0922
vn 0.6188 0.6212 -0.4808
vn 0.7042 0.6035 -0.3740
vn 0.4997 0.8435 0.1969
vn -0.0432 0.6779 0.7339
vn 0.6911 0.7163 -0.0963
vn -0.2568 0.8410 0.4762
vn -0.6755 0.2930 0.6767
vn -0.5446 0.3519 0.7613
vn 0.3095 0.6169 0.7237
vn -0.5595 -0.4228 0.7128
vn -0.7407 0.0873 0.6662
vn -0.4143 -0.8996 -0.1383
vn 0.5637 0.6517 0.5075
vn -0.6858 -0.1655 0.7087
vn 0.4090 0.8257 0.3885
vn 0.7175 0.0016 0.6966
vn 0.6468 0.7617 -0.0379
vn -0.0055 0.9587 0.2844
vn 0.0878 -0.6008 0.7946
vn 0.8055 0.3449 0.4819
vn 0.6063 -0.4282 -0.6702
vn 0.4565 -0.8708 -0.1826
vn -0.3315 -0.8928 -0.3050
vn 0.4459 0.8073 -0.3866
vn 0.5797 0.8082 0.1034
vn 0.4697 0.2251 0.8536
vn 0.4094 0.8815 -0.2352
vn 0.0310 0.1507 -0.9881
vn 0.5003 0.4184 -0.7580
vn -0.4236 -0.7882 -0.4463
vn 0.2746 -0.5389 -0.7963
vn 0.8665 0.2685 -0.4209
vn 0.6247 0.1543 -0.7655
vn 0.8574 0.0763 -0.5089
vn 0.6724 0.0195 -0.7400
vn 0.6741 0.3534 -0.6486
vn 0.3975 0.0386 -0.9168
vn 0.1171 0.1657 -0.9792
vn 0.6982 0.6758 -0.2363
vn 0.3978 0.7289 -0.5572
vn 0.0109 0.0745 -0.9972
vn -0.5489 -0.0965 -0.8303
vn -0.6138 -0.1518 -0.7747
vn -0.5915 -0.4739 -0.6523
vn 0.0183 -0.9998 0.0015
vn -0.9627 -0.2547 -0.0916
vn -0.2384 -0.8754 0.4206
vn -0.8855 -0.2306 -0.4033
vn -0.7881 -0.3796 0.4846
vn -0.4040 -0.3277 0.8541
vn -0.7271 -0.2745 0.6293
vn 0.0639 -0.9105 0.4086
vn -0.8006 -0.4081 0.4387
vn -0.2349 -0.0865 0.9682
vn 0.5401 -0.2038 0.8165
vn 0.5157 -0.4991 0.6964
vn 0.4579 -0.5740 0.6788
vn 0.0062 -0.2813 0.9596
vn 0.2698 -0.8880 0.3724
vn -0.9538 0.0198 -0.2998
vn -0.9029 0.3847 0.1918
vn -0.4822 -0.1251 -0.8671
vn -0.5314 -0.7550 0.3842
vn 0.0331 -0.3518 -0.9355
vn 0.8050 -0.5779 0.1340
vn 0.1673 -0.6619 -0.7307
vn 0.9304 -0.1264 -0.3440
vn 0.9827 -0.1043 -0.1531
vn 0.6613 -0.5204 0.5402
vn 0.4424 -0.6087 0.6586
vn 0.9726 0.0283 -0.2309
vn 0.4800 -0.6396 -0.6004
vn -0.8794 0.0887 0.4677
vn -0.9235 0.0430 0.3811
vn -0.9093 0.3901 -0.1448
vn -0.1469 0.9517 0.2695
vn 0.1596 0.9271 -0.3391
vn 0.2629 0.9313 -0.2520
vn 0.1958 0.8688 -0.4548
vn 0.9058 -0.0324 -0.4224
vn 0.9444 -0.1671 -0.2830
vn 0.6619 -0.1274 -0.7387
vn 0.0175 0.4892 -0.8720
vn -0.0233 -0.2583 0.9658
vn -0.0766 -0.2077 0.9752
vn 0.2224 -0.1697 0.9601
vn 0.1189 -0.3149 0.9416
vn -0.5543 -0.7987 -0.2342
vn -0.4788 -0.3488 0.8056
vn 0.5339 -0.1360 0.8345
vn 0.8740 -0.3472 -0.3401
vn 0.4292 0.8932 0.1342
vn -0.9203 -0.2721 -0.2812
vn 0.3659 0.7261 -0.5821
vn -0.1327 -0.8382 -0.5290
vn -0.1889 -0.9782 0.0866
vn -0.3182 -0.7580 0.5694
vn 0.6413 -0.3519 0.6818
vn 0.6803 -0.1561 0.7161
vn 0.7289 -0.6502 -0.2144
vn 0.8644 -0.2571 -0.4321
vn 0.9483 -0.2568 0.1863
vn 0.1629 -0.6676 -0.7265
vn -0.5476 -0.5476 -0.6327
vn 0.6881 -0.7198 -0.0915
vn -0.0055 -0.4284 -0.9036
vn -0.2996 -0.1540 -0.9416
vn 0.6341 0.3789 -0.6741
vn 0.7645 -0.2283 -0.6028
vn -0.3343 0.8834 -0.3283
vn -0.7152 0.5637 0.4132
vn 0.0729 0.4334 -0.8983
vn -0.3165 0.6691 -0.6724
vn 0.5352 0.7386 -0.4099
vn -0.1041 0.9123 0.3961
vn -0.2164 0.5443 -0.8105
vn 0.9382 0.0381 0.3439
vn 0.7921 -0.0895 0.6037
vn 0.7517 0.3164 0.5786
vn -0.5203 -0.3997 0.7547
vn 0.4326 0.3123 -0.8458
vn -0.3123 -0.1229 -0.9420
vn 0.4137 0.0590 -0.9085
vn -0.0753 -0.1412 -0.9871
vn 0.7197 0.5138 0.4669
vn 0.4151 0.7190 0.5574
vn 0.5313 0.2804 -0.7994
vn 0.2503 0.5330 -0.8082
vn -0.7788 0.1363 -0.6123
vn -0.9314 -0.3361 0.1394
vn -0.0236 -0.7319 0.6810
vn 0.7273 0.1328 0.6733
vn 0.4814 -0.7230 0.4955
vn -0.3253 -0.9305 -0.1687
vn -0.5382 -0.6007 -0.5912
vn -0.1611 -0.7462 -0.6459
vn 0.9437 -0.1773 -0.2795
vn 0.5764 0.0290 -0.8166
vn 0.7029 0.7093 -0.0530
vn 0.7598 0.6248 0.1796
vn 0.8321 -0.0233 0.5542
vn 0.9915 -0.0719 -0.1087
vn 0.9945 0.0898 -0.0534
vn 0.9135 -0.4045 -0.0435
vn 0.5757 0.1777 -0.7981
vn -0.0070 0.9772 -0.2120
vn 0.5212 0.5001 0.6915
vn -0.3646 -0.3068 -0.8792
vn -0.6451 0.6743 -0.3593
vn 0.5817 -0.8038 0.1246
vn -0.3798 -0.0207 0.9248
vn -0.7062 -0.6925 -0.1473
vn -0.1266 -0.7503 0.6488
vn -0.1267 -0.8305 0.5424
vn -0.1607 -0.8390 0.5198
vn 0.8264 0.1167 -0.5509
vn 0.2595 -0.7283 -0.6342
vn 0.0142 0.9980 -0.0614
vn 0.1842 -0.4740 0.8611
vn -0.1842 0.4740 -0.8611
vn 0.3723 -0.3708 -0.8508
vn -0.7182 -0.5070 -0.4766
vn 0.4157 0.0685 -0.9069
vn 0.4033 0.6051 -0.6864
vn 0.4561 -0.8792 0.1379
vn 0.6714 0.6968 -0.2524
vn 0.3673 -0.4608 -0.8080
vn -0.3673 0.4608 0.8080
vn -0.0239 0.3892 0.9209
vn 0.0239 -0.3892 -0.9209
vt 0.582772 0.790031
vt 0.575923 0.796755
vt 0.572606 0.797397
vt 0.576703 0.791022
vt 0.582067 0.799753
vt 0.576350 0.798128
vt 0.588796 0.787226
vt 0.592356 0.800039
vt 0.453877 0.360485
vt 0.460065 0.362242
vt 0.453968 0.370234
vt 0.451535 0.368000
vt 0.452500 0.372046
vt 0.450485 0.372189
vt 0.453993 0.372018
vt 0.587501 0.782078
vt 0.586900 0.785929
vt 0.584380 0.783605
vt 0.583499 0.780920
vt 0.592403 0.778906
vt 0.591762 0.771474
vt 0.593530 0.771091
vt 0.583421 0.771825
vt 0.587404 0.772576
vt 0.579898 0.772894
vt 0.583294 0.767409
vt 0.457301 0.375303
vt 0.463262 0.375158
vt 0.460599 0.381923
vt 0.454635 0.379373
vt 0.598744 0.777211
vt 0.596951 0.788515
vt 0.596507 0.771556
vt 0.588793 0.770470
vt 0.589925 0.768393
vt 0.591654 0.762745
vt 0.587319 0.768049
vt 0.599457 0.766175
vt 0.602806 0.770769
vt 0.604089 0.756472
vt 0.610304 0.771938
vt 0.584031 0.758880
vt 0.591606 0.857906
vt 0.591665 0.866757
vt 0.583861 0.867571
vt 0.583671 0.857687
vt 0.574171 0.857697
vt 0.574891 0.868128
vt 0.571202 0.866997
vt 0.569854 0.862383
vt 0.570012 0.867758
vt 0.465122 0.376838
vt 0.467149 0.363971
vt 0.478124 0.373170
vt 0.465531 0.385338
vt 0.475031 0.381121
vt 0.476799 0.386406
vt 0.469860 0.391398
vt 0.475338 0.391505
vt 0.469189 0.396333
vt 0.471573 0.397149
vt 0.464947 0.376737
vt 0.464676 0.386437
vt 0.463501 0.364573
vt 0.458250 0.372216
vt 0.457517 0.369985
vt 0.466299 0.351762
vt 0.470239 0.357257
vt 0.481864 0.368168
vt 0.051222 0.882967
vt 0.048855 0.880413
vt 0.054019 0.872705
vt 0.056684 0.880864
vt 0.470222 0.348567
vt 0.468179 0.345152
vt 0.593610 0.825947
vt 0.593717 0.830834
vt 0.589376 0.832376
vt 0.589122 0.827942
vt 0.468692 0.338690
vt 0.471550 0.346655
vt 0.466453 0.342931
vt 0.465789 0.341024
vt 0.464697 0.344577
vt 0.462767 0.340780
vt 0.470515 0.333424
vt 0.585612 0.814067
vt 0.583634 0.816999
vt 0.579861 0.814814
vt 0.584436 0.809127
vt 0.474558 0.341130
vt 0.592736 0.812424
vt 0.595680 0.803419
vt 0.601304 0.806838
vt 0.598729 0.813444
vt 0.594210 0.839269
vt 0.588624 0.838578
vt 0.595010 0.835399
vt 0.608281 0.806180
vt 0.606785 0.809378
vt 0.599879 0.846656
vt 0.587257 0.843545
vt 0.582242 0.833845
vt 0.584931 0.832088
vt 0.576942 0.837662
vt 0.577605 0.831893
vt 0.572903 0.830159
vt 0.584293 0.827724
vt 0.574078 0.825686
vt 0.578478 0.822887
vt 0.588434 0.822206
vt 0.591279 0.822970
vt 0.583406 0.817937
vt 0.573354 0.821790
vt 0.575396 0.820370
vt 0.577865 0.817793
vt 0.031997 0.889393
vt 0.027962 0.883579
vt 0.033639 0.884409
vt 0.572421 0.819773
vt 0.030403 0.893275
vt 0.027529 0.892359
vt 0.025701 0.889539
vt 0.019701 0.888372
vt 0.569854 0.824851
vt 0.040915 0.881437
vt 0.045888 0.877501
vt 0.045240 0.883644
vt 0.035327 0.878016
vt 0.030001 0.877848
vt 0.043030 0.874740
vt 0.044084 0.869853
vt 0.051140 0.867495
vt 0.041213 0.866418
vt 0.038259 0.862350
vt 0.034804 0.856881
vt 0.042668 0.858316
vt 0.483008 0.373858
vt 0.487271 0.367342
vt 0.486284 0.371951
vt 0.049383 0.859324
vt 0.049663 0.854144
vt 0.053323 0.860579
vt 0.047783 0.852909
vt 0.032582 0.852470
vt 0.040533 0.854616
vt 0.041924 0.846005
vt 0.044897 0.841251
vt 0.050177 0.843906
vt 0.053053 0.850984
vt 0.052673 0.847574
vt 0.054923 0.834173
vt 0.056684 0.840932
vt 0.043466 0.832969
vt 0.039064 0.828138
vt 0.053632 0.829219
vt 0.010179 0.885862
vt 0.006570 0.875904
vt 0.011654 0.875543
vt 0.013144 0.885840
vt 0.000397 0.878017
vt 0.456361 0.416126
vt 0.467639 0.402658
vt 0.468984 0.405190
vt 0.466877 0.413200
vt 0.128831 0.840888
vt 0.133055 0.845300
vt 0.128436 0.849679
vt 0.124812 0.845919
vt 0.140024 0.842638
vt 0.137532 0.835124
vt 0.475054 0.408501
vt 0.481893 0.415035
vt 0.475955 0.416126
vt 0.472190 0.402171
vt 0.473570 0.407138
vt 0.477423 0.403017
vt 0.482867 0.413109
vt 0.478746 0.395093
vt 0.483085 0.401072
vt 0.481691 0.407237
vt 0.139461 0.855557
vt 0.134935 0.857768
vt 0.132506 0.852297
vt 0.141209 0.849711
vt 0.140278 0.842970
vt 0.129744 0.854064
vt 0.130328 0.858921
vt 0.483098 0.385215
vt 0.479926 0.381834
vt 0.478033 0.381187
vt 0.476908 0.380157
vt 0.476955 0.382117
vt 0.139342 0.834001
vt 0.139782 0.828578
vt 0.141209 0.828138
vt 0.463239 0.399904
vt 0.583983 0.847782
vt 0.573906 0.842887
vt 0.591561 0.851528
vt 0.596741 0.851737
vt 0.598684 0.851463
vt 0.600012 0.855195
vt 0.597701 0.866312
vt 0.600061 0.852941
vt 0.608798 0.785459
vt 0.606388 0.799420
vt 0.602522 0.797056
vt 0.606409 0.786599
vt 0.610304 0.802500
vt 0.601532 0.848316
vt 0.603390 0.779715
vt 0.603234 0.778669
vt 0.015515 0.874795
vt 0.012009 0.859719
vt 0.005622 0.861791
vt 0.018913 0.859788
vt 0.023409 0.871493
vt 0.122713 0.871497
vt 0.114218 0.867713
vt 0.117299 0.862922
vt 0.124018 0.868500
vt 0.013059 0.845205
vt 0.017696 0.849646
vt 0.018807 0.842834
vt 0.013183 0.841236
vt 0.105775 0.858908
vt 0.103517 0.857480
vt 0.104017 0.852251
vt 0.108282 0.853342
vt 0.112509 0.863200
vt 0.113884 0.860037
vt 0.115509 0.854959
vt 0.118273 0.855223
vt 0.022876 0.851980
vt 0.024747 0.858972
vt 0.023339 0.844545
vt 0.107213 0.863409
vt 0.109922 0.862390
vt 0.109625 0.859307
vt 0.028157 0.839676
vt 0.023205 0.832809
vt 0.031883 0.836136
vt 0.028565 0.846713
vt 0.036491 0.840120
vt 0.038160 0.838355
vt 0.033406 0.846225
vt 0.029747 0.847043
vt 0.038531 0.849324
vt 0.035458 0.845006
vt 0.036578 0.849109
vt 0.034459 0.846719
vt 0.036894 0.851622
vt 0.036173 0.852226
vt 0.033609 0.851388
vt 0.028876 0.854518
vt 0.110932 0.854287
vt 0.112748 0.844169
vt 0.119117 0.845727
vt 0.111064 0.843656
vt 0.105610 0.842519
vt 0.112804 0.833577
vt 0.107912 0.833336
vt 0.114395 0.835240
vt 0.115703 0.830924
vt 0.270390 0.520717
vt 0.268543 0.518048
vt 0.276409 0.518950
vt 0.276409 0.525046
vt 0.269098 0.527912
vt 0.268403 0.519392
vt 0.120423 0.845708
vt 0.121684 0.836818
vt 0.124018 0.837162
vt 0.121503 0.828138
vt 0.120735 0.828885
vt 0.029144 0.863051
vt 0.029425 0.872046
vt 0.031884 0.868440
vt 0.033749 0.867537
vt 0.037432 0.868169
vt 0.035414 0.868861
vt 0.035127 0.871107
vt 0.039363 0.870339
vt 0.039382 0.873896
vt 0.031796 0.874603
vt 0.125790 0.855869
vt 0.125472 0.851899
vt 0.574366 0.803335
vt 0.457231 0.354011
vt 0.569854 0.798114
vt 0.451074 0.355317
vt 0.451561 0.353568
vt 0.587182 0.770724
vt 0.262997 0.520928
vt 0.265286 0.521325
vt 0.266952 0.522710
vt 0.264609 0.522296
vt 0.271296 0.504460
vt 0.273766 0.509697
vt 0.270659 0.508365
vt 0.268708 0.504677
vt 0.273617 0.503370
vt 0.274334 0.507327
vt 0.276409 0.502983
vt 0.275449 0.509285
vt 0.276409 0.517254
vt 0.266879 0.511955
vt 0.266867 0.519284
vt 0.263822 0.520134
vt 0.262997 0.517661
vt 0.265766 0.526126
vt 0.262997 0.527562
vt 0.489419 0.418643
vt 0.491725 0.415593
vt 0.490025 0.420690
vt 0.491725 0.419459
vt 0.540264 0.415496
vt 0.538026 0.418323
vt 0.539940 0.412786
vt 0.538026 0.414678
vt 0.264281 0.502983
vt 0.267387 0.504515
vt 0.267387 0.511161
vt 0.262997 0.506251
vt 0.453335 0.419614
vt 0.452661 0.418351
vt 0.452789 0.417420
vt 0.453335 0.418173
vt 0.271691 0.539745
vt 0.275456 0.537835
vt 0.276409 0.543879
vt 0.270463 0.543879
vt 0.265728 0.534584
vt 0.265254 0.532500
vt 0.266952 0.528357
vt 0.266952 0.532852
vt 0.500931 0.416813
vt 0.500931 0.419749
vt 0.499279 0.415670
vt 0.498904 0.417684
s 1
f 3647/4174/3647 3648/4175/3648 3851/4176/3649 3650/4177/3650
f 3647/4174/3647 3649/4178/3651 3850/4179/3652 3648/4175/3648
f 3647/4174/3647 3651/4180/3653 3847/4181/3654 3649/4178/3651
f 3650/4182/3650 3685/4183/3655 3652/4184/3656 3647/4185/3647
f 3653/4186/3657 3651/4187/3653 3647/4185/3647
f 3647/4185/3647 3652/4184/3656 3654/4188/3658 3653/4186/3657
f 3655/4189/3659 3653/4190/3657 3654/4191/3658 3659/4192/3660
f 3651/4180/3653 3653/4190/3657 3655/4189/3659 3660/4193/3661
f 3655/4189/3659 3656/4194/3662 3662/4195/3663 3660/4193/3661
f 3655/4189/3659 3657/4196/3664 3854/4197/3665 3656/4194/3662
f 3657/4196/3664 3655/4189/3659 3658/4198/3666 3673/4199/3667
f 3659/4200/3660 3682/4201/3668 3658/4202/3666 3655/4203/3659
f 3651/4180/3653 3660/4193/3661 3661/4204/3669 3784/4205/3670
f 3661/4204/3669 3660/4193/3661 3662/4195/3663 3665/4206/3671
f 3656/4194/3662 3855/4207/3672 3663/4208/3673 3662/4195/3663
f 3664/4209/3674 3662/4195/3663 3663/4208/3673 3852/4210/3675
f 3666/4211/3676 3665/4206/3671 3662/4195/3663 3664/4209/3674
f 3666/4211/3676 3667/4212/3677 3661/4204/3669 3665/4206/3671
f 3668/4213/3678 3670/4214/3679 3667/4212/3677 3666/4211/3676
f 3664/4209/3674 3671/4215/3680 3668/4213/3678 3666/4211/3676
f 3774/4216/3681 3670/4217/3679 3668/4218/3678 3669/4219/3682
f 3672/4220/3683 3669/4219/3682 3668/4218/3678 3671/4221/3680
f 3672/4220/3683 3671/4221/3680 3674/4222/3684 3678/4223/3685
f 3664/4209/3674 3852/4210/3675 3673/4199/3667 3671/4215/3680
f 3671/4221/3680 3673/4224/3667 3674/4222/3684
f 3679/4225/3686 3680/4226/3687 3675/4227/3688 3674/4228/3684
f 3674/4228/3684 3675/4227/3688 3766/4229/3689 3676/4230/3690
f 3677/4231/3691 3674/4228/3684 3676/4230/3690 3758/4232/3692
f 3678/4233/3685 3674/4228/3684 3677/4231/3691 3754/4234/3693
f 3681/4235/3694 3679/4225/3686 3674/4228/3684 3673/4236/3667
f 3679/4225/3686 3681/4235/3694 3680/4226/3687
f 3684/4237/3695 3680/4226/3687 3681/4235/3694 3682/4201/3668
f 3681/4235/3694 3673/4236/3667 3658/4202/3666 3682/4201/3668
f 3683/4238/3696 3682/4201/3668 3659/4200/3660 3654/4188/3658
f 3684/4237/3695 3682/4201/3668 3683/4238/3696 3686/4239/3697
f 3686/4239/3697 3652/4184/3656 3685/4183/3655 3684/4237/3695
f 3684/4237/3695 3685/4183/3655 3689/4240/3698 3687/4241/3699
f 3684/4237/3695 3687/4241/3699 3680/4226/3687
f 3675/4227/3688 3680/4226/3687 3687/4241/3699 3688/4242/3700
f 3690/4243/3701 3691/4244/3702 3688/4245/3700 3687/4246/3699
f 3690/4247/3701 3687/4241/3699 3689/4240/3698 3693/4248/3703
f 3691/4249/3702 3690/4250/3701 3692/4251/3704 3713/4252/3705
f 3693/4248/3703 3694/4253/3706 3692/4254/3704 3690/4247/3701
f 3694/4253/3706 3693/4248/3703 3695/4255/3707 3697/4256/3708
f 3693/4248/3703 3689/4240/3698 3696/4257/3709 3695/4255/3707
f 3697/4256/3708 3695/4255/3707 3696/4257/3709 3698/4258/3710
f 3694/4253/3706 3697/4256/3708 3698/4258/3710 3699/4259/3711
f 3699/4260/3711 3698/4261/3710 3696/4262/3709 3689/4263/3698
f 3699/4259/3711 3700/4264/3712 3692/4254/3704 3694/4253/3706
f 3700/4265/3712 3699/4260/3711 3689/4263/3698 3701/4266/3713
f 3701/4266/3713 3704/4267/3714 3702/4268/3715 3700/4265/3712
f 3702/4269/3715 3705/4270/3716 3692/4251/3704 3700/4271/3712
f 3704/4267/3714 3780/4272/3717 3703/4273/3718 3702/4268/3715
f 3703/4274/3718 3706/4275/3719 3705/4270/3716 3702/4269/3715
f 3707/4276/3720 3710/4277/3721 3692/4251/3704 3705/4270/3716
f 3709/4278/3722 3707/4276/3720 3705/4270/3716 3706/4275/3719
f 3708/4279/3723 3707/4276/3720 3709/4278/3722 3720/4280/3724
f 3707/4276/3720 3708/4279/3723 3711/4281/3725 3710/4277/3721
f 3692/4251/3704 3710/4277/3721 3711/4281/3725 3713/4252/3705
f 3715/4282/3726 3714/4283/3727 3711/4281/3725 3708/4279/3723
f 3713/4252/3705 3711/4281/3725 3712/4284/3728 3723/4285/3729
f 3711/4281/3725 3714/4283/3727 3717/4286/3730 3712/4284/3728
f 3714/4283/3727 3715/4282/3726 3722/4287/3731 3716/4288/3732
f 3717/4286/3730 3714/4283/3727 3716/4288/3732 3718/4289/3733
f 3718/4290/3733 3712/4291/3728 3717/4292/3730
f 3716/4288/3732 3722/4287/3731 3719/4293/3734 3718/4289/3733
f 3718/4290/3733 3719/4294/3734 3721/4295/3735 3720/4296/3724
f 3720/4296/3724 3709/4297/3722 3712/4291/3728 3718/4290/3733
f 3708/4279/3723 3720/4280/3724 3721/4298/3735 3715/4282/3726
f 3721/4298/3735 3719/4293/3734 3722/4287/3731 3715/4282/3726
f 3723/4299/3729 3725/4300/3736 3691/4244/3702 3713/4301/3705
f 3724/4302/3737 3723/4299/3729 3712/4291/3728 3845/4303/3738
f 3724/4302/3737 3726/4304/3739 3725/4300/3736 3723/4299/3729
f 3726/4304/3739 3728/4305/3740 3727/4306/3741 3725/4300/3736
f 3691/4244/3702 3725/4300/3736 3727/4306/3741 3688/4245/3700
f 3727/4306/3741 3728/4305/3740 3840/4307/3742 3729/4308/3743
f 3733/4309/3744 3732/4310/3745 3727/4306/3741 3729/4308/3743
f 3761/4311/3746 3688/4242/3700 3727/4312/3741 3730/4313/3747
f 3727/4306/3741 3731/4314/3748 3846/4315/3749 3730/4316/3747
f 3735/4317/3750 3731/4314/3748 3727/4306/3741 3732/4310/3745
f 3732/4310/3745 3733/4309/3744 3812/4318/3751 3734/4319/3752
f 3734/4319/3752 3736/4320/3753 3735/4317/3750 3732/4310/3745
f 3740/4321/3754 3738/4322/3755 3735/4317/3750 3736/4320/3753
f 3735/4317/3750 3737/4323/3756 3846/4315/3749 3731/4314/3748
f 3739/4324/3757 3737/4323/3756 3735/4317/3750 3738/4322/3755
f 3741/4325/3758 3745/4326/3759 3739/4324/3757 3738/4322/3755
f 3740/4321/3754 3742/4327/3760 3741/4325/3758 3738/4322/3755
f 3742/4327/3760 3785/4328/3761 3743/4329/3762 3741/4325/3758
f 3744/4330/3763 3741/4331/3758 3743/4332/3762 3770/4333/3764
f 3741/4331/3758 3744/4330/3763 3745/4334/3759
f 3744/4335/3763 3749/4336/3765 3746/4337/3766 3745/4338/3759
f 3746/4339/3766 3748/4340/3767 3739/4341/3757 3745/4342/3759
f 3767/4343/3768 3748/4340/3767 3746/4339/3766 3747/4344/3769
f 3746/4337/3766 3750/4345/3770 3769/4346/3771 3747/4347/3769
f 3753/4348/3772 3751/4349/3773 3746/4337/3766 3749/4336/3765
f 3746/4337/3766 3751/4349/3773 3750/4345/3770
f 3753/4348/3772 3755/4350/3774 3752/4351/3775 3751/4349/3773
f 3750/4345/3770 3751/4349/3773 3752/4351/3775 3769/4346/3771
f 3753/4348/3772 3749/4336/3765 3678/4233/3685 3754/4234/3693
f 3754/4234/3693 3757/4352/3776 3755/4350/3774 3753/4348/3772
f 3755/4350/3774 3756/4353/3777 3768/4354/3778 3752/4351/3775
f 3755/4350/3774 3757/4352/3776 3756/4353/3777
f 3758/4232/3692 3757/4352/3776 3754/4234/3693 3677/4231/3691
f 3758/4355/3692 3760/4356/3779 3759/4357/3780 3757/4358/3776
f 3756/4359/3777 3757/4358/3776 3759/4357/3780
f 3739/4341/3757 3748/4340/3767 3759/4357/3780
f 3748/4340/3767 3767/4343/3768 3756/4359/3777 3759/4357/3780
f 3739/4341/3757 3759/4357/3780 3730/4360/3747
f 3761/4361/3746 3730/4360/3747 3759/4357/3780 3760/4356/3779
f 3760/4362/3779 3762/4363/3781 3675/4227/3688 3761/4311/3746
f 3760/4362/3779 3758/4232/3692 3676/4230/3690 3762/4363/3781
f 3675/4227/3688 3762/4363/3781 3763/4364/3782 3764/4365/3783
f 3676/4230/3690 3765/4366/3784 3763/4364/3782 3762/4363/3781
f 3763/4364/3782 3765/4366/3784 3764/4365/3783
f 3765/4366/3784 3676/4230/3690 3766/4229/3689 3764/4365/3783
f 3764/4365/3783 3766/4229/3689 3675/4227/3688
f 3688/4242/3700 3761/4311/3746 3675/4227/3688
f 3767/4343/3768 3747/4344/3769 3768/4367/3778 3756/4359/3777
f 3768/4367/3778 3747/4344/3769 3769/4368/3771 3752/4369/3775
f 3678/4233/3685 3749/4336/3765 3744/4335/3763 3672/4370/3683
f 3744/4330/3763 3770/4333/3764 3709/4297/3722
f 3771/4371/3785 3744/4372/3763 3709/4278/3722 3706/4275/3719
f 3669/4219/3682 3672/4220/3683 3744/4372/3763 3771/4371/3785
f 3706/4275/3719 3703/4274/3718 3772/4373/3786 3771/4371/3785
f 3771/4371/3785 3772/4373/3786 3774/4216/3681 3669/4219/3682
f 3773/4374/3787 3772/4373/3786 3703/4274/3718 3779/4375/3788
f 3772/4373/3786 3773/4374/3787 3775/4376/3789 3774/4216/3681
f 3670/4217/3679 3774/4216/3681 3775/4376/3789 3777/4377/3790
f 3779/4375/3788 3778/4378/3791 3775/4376/3789 3773/4374/3787
f 3777/4379/3790 3775/4380/3789 3776/4381/3792 3781/4382/3793
f 3775/4380/3789 3704/4267/3714 3701/4266/3713 3776/4381/3792
f 3775/4380/3789 3778/4383/3791 3780/4272/3717 3704/4267/3714
f 3778/4378/3791 3779/4375/3788 3703/4274/3718 3780/4384/3717
f 3777/4379/3790 3781/4382/3793 3783/4385/3794 3782/4386/3795
f 3777/4379/3790 3782/4386/3795 3667/4212/3677 3670/4214/3679
f 3661/4204/3669 3667/4212/3677 3782/4386/3795 3783/4385/3794
f 3784/4205/3670 3661/4204/3669 3783/4385/3794 3781/4382/3793
f 3784/4205/3670 3781/4382/3793 3776/4381/3792 3701/4266/3713
f 3784/4205/3670 3701/4266/3713 3847/4181/3654 3651/4180/3653
f 3709/4297/3722 3770/4333/3764 3743/4332/3762 3786/4387/3796
f 3788/4388/3797 3786/4387/3796 3743/4332/3762 3785/4389/3761
f 3789/4390/3798 3787/4391/3799 3786/4387/3796 3788/4388/3797
f 3786/4387/3796 3787/4391/3799 3712/4291/3728 3709/4297/3722
f 3785/4392/3761 3794/4393/3800 3790/4394/3801 3788/4395/3797
f 3789/4390/3798 3788/4388/3797 3790/4396/3801 3795/4397/3802
f 3797/4398/3803 3795/4397/3802 3790/4396/3801 3791/4399/3804
f 3791/4400/3804 3790/4401/3801 3793/4402/3805 3821/4403/3806
f 3790/4394/3801 3794/4393/3800 3816/4404/3807 3792/4405/3808
f 3792/4405/3808 3820/4406/3809 3793/4407/3805 3790/4394/3801
f 3795/4397/3802 3796/4408/3810 3833/4409/3811 3789/4390/3798
f 3796/4408/3810 3795/4397/3802 3797/4398/3803 3799/4410/3812
f 3794/4393/3800 3797/4411/3803 3798/4412/3813 3816/4404/3807
f 3797/4411/3803 3791/4400/3804 3817/4413/3814 3798/4412/3813
f 3800/4414/3815 3797/4398/3803 3794/4415/3800 3801/4416/3816
f 3800/4414/3815 3799/4410/3812 3797/4398/3803
f 3804/4417/3817 3799/4410/3812 3800/4414/3815 3802/4418/3818
f 3803/4419/3819 3802/4418/3818 3800/4414/3815 3801/4416/3816
f 3736/4320/3753 3802/4418/3818 3803/4419/3819 3740/4321/3754
f 3802/4418/3818 3805/4420/3820 3814/4421/3821 3804/4417/3817
f 3734/4319/3752 3806/4422/3822 3802/4418/3818 3736/4320/3753
f 3807/4423/3823 3805/4420/3820 3802/4418/3818 3806/4422/3822
f 3807/4423/3823 3806/4422/3822 3809/4424/3824 3810/4425/3825
f 3808/4426/3826 3809/4424/3824 3806/4422/3822
f 3808/4426/3826 3806/4422/3822 3734/4319/3752 3815/4427/3827
f 3809/4424/3824 3808/4426/3826 3811/4428/3828 3810/4425/3825
f 3810/4425/3825 3811/4428/3828 3805/4420/3820 3807/4423/3823
f 3808/4426/3826 3815/4427/3827 3812/4318/3751 3811/4428/3828
f 3805/4420/3820 3811/4428/3828 3812/4318/3751 3814/4421/3821
f 3812/4318/3751 3813/4429/3829 3804/4417/3817
f 3812/4318/3751 3733/4309/3744 3813/4429/3829
f 3812/4318/3751 3804/4417/3817 3814/4421/3821
f 3734/4319/3752 3812/4318/3751 3815/4427/3827
f 3833/4409/3811 3796/4408/3810 3813/4429/3829 3733/4309/3744
f 3799/4410/3812 3804/4417/3817 3813/4429/3829 3796/4408/3810
f 3742/4327/3760 3740/4321/3754 3803/4419/3819 3801/4416/3816
f 3742/4327/3760 3801/4416/3816 3794/4415/3800 3785/4328/3761
f 3816/4404/3807 3798/4412/3813 3817/4413/3814 3792/4405/3808
f 3820/4406/3809 3792/4405/3808 3817/4413/3814 3818/4430/3830
f 3821/4403/3806 3818/4430/3830 3817/4413/3814 3791/4400/3804
f 3819/4431/3831 3832/4432/3832 3820/4406/3809 3818/4430/3830
f 3819/4431/3831 3818/4430/3830 3821/4403/3806 3822/4433/3833
f 3822/4433/3833 3821/4403/3806 3793/4402/3805 3823/4434/3834
f 3824/4435/3835 3822/4433/3833 3823/4434/3834 3828/4436/3836
f 3822/4433/3833 3824/4435/3835 3825/4437/3837 3819/4431/3831
f 3825/4437/3837 3824/4435/3835 3826/4438/3838
f 3827/4439/3839 3831/4440/3840 3826/4441/3838 3824/4442/3835
f 3828/4443/3836 3830/4444/3841 3827/4439/3839 3824/4442/3835
f 3823/4445/3834 3832/4432/3832 3829/4446/3842 3828/4447/3836
f 3830/4448/3841 3828/4447/3836 3829/4446/3842 3831/4449/3840
f 3827/4439/3839 3830/4444/3841 3831/4440/3840
f 3829/4446/3842 3825/4437/3837 3826/4438/3838 3831/4449/3840
f 3819/4431/3831 3825/4437/3837 3829/4446/3842 3832/4432/3832
f 3832/4432/3832 3823/4445/3834 3793/4407/3805 3820/4406/3809
f 3733/4309/3744 3729/4308/3743 3834/4450/3843 3833/4409/3811
f 3833/4409/3811 3834/4450/3843 3787/4391/3799 3789/4390/3798
f 3844/4451/3844 3787/4391/3799 3834/4450/3843 3835/4452/3845
f 3837/4453/3846 3835/4452/3845 3834/4450/3843 3836/4454/3847
f 3840/4307/3742 3836/4454/3847 3834/4450/3843 3729/4308/3743
f 3838/4455/3848 3837/4453/3846 3836/4454/3847
f 3841/4456/3849 3838/4455/3848 3836/4454/3847 3839/4457/3850
f 3839/4457/3850 3836/4454/3847 3840/4307/3742 3728/4305/3740
f 3841/4456/3849 3839/4457/3850 3842/4458/3851 3843/4459/3852
f 3728/4305/3740 3726/4304/3739 3842/4458/3851 3839/4457/3850
f 3724/4302/3737 3843/4459/3852 3842/4458/3851 3726/4304/3739
f 3841/4456/3849 3843/4459/3852 3844/4451/3844 3835/4452/3845
f 3845/4303/3738 3844/4451/3844 3843/4459/3852 3724/4302/3737
f 3787/4391/3799 3844/4451/3844 3845/4303/3738 3712/4291/3728
f 3841/4456/3849 3835/4452/3845 3837/4453/3846 3838/4455/3848
f 3739/4341/3757 3730/4360/3747 3846/4460/3749 3737/4461/3756
f 3847/4181/3654 3701/4266/3713 3689/4263/3698
f 3649/4178/3651 3847/4181/3654 3689/4263/3698 3848/4462/3853
f 3650/4182/3650 3848/4463/3853 3689/4240/3698 3685/4183/3655
f 3848/4462/3853 3849/4464/3854 3850/4179/3652 3649/4178/3651
f 3848/4463/3853 3650/4182/3650 3851/4465/3649 3849/4466/3854
f 3851/4176/3649 3648/4175/3648 3850/4179/3652 3849/4464/3854
f 3686/4239/3697 3683/4238/3696 3654/4188/3658 3652/4184/3656
f 3852/4210/3675 3853/4467/3855 3657/4196/3664 3673/4199/3667
f 3852/4210/3675 3663/4208/3673 3855/4207/3672 3853/4467/3855
f 3853/4467/3855 3854/4197/3665 3657/4196/3664
f 3855/4207/3672 3656/4194/3662 3854/4197/3665 3853/4467/3855
f 3859/4468/3856 3856/4469/3857 3857/4470/3858 3860/4471/3859
f 3856/4472/3857 3858/4473/3860 3863/4474/3861 3857/4475/3858
f 3856/4472/3857 3859/4476/3856 3861/4477/3862 3858/4473/3860
f 3860/4478/3859 3862/4479/3863 3861/4477/3862 3859/4476/3856
f 3858/4473/3860 3861/4477/3862 3862/4479/3863 3864/4480/3864
f 3864/4481/3864 3862/4482/3863 3863/4483/3861 3858/4484/3860
f 3860/4471/3859 3857/4470/3858 3863/4485/3861 3862/4486/3863
f 3866/4487/3865 3867/4488/3866 3865/4489/3867
f 3865/4489/3867 3867/4488/3866 3866/4490/3865
f 3870/4491/3868 3868/4492/3869 3869/4493/3870
f 3868/4492/3869 3870/4494/3868 3869/4493/3870
f 3871/4495/3871 3872/4496/3871 3873/4497/3871
f 3871/4495/3872 3873/4497/3872 3872/4498/3872
f 3875/4499/3873 3876/4500/3874 3874/4501/3875
f 3874/4501/3875 3876/4502/3874 3875/4499/3873
f 3878/4503/3876 3879/4504/3877 3877/4505/3878
f 3877/4505/3878 3879/4506/3877 3878/4503/3876
f 3880/4507/3879 3881/4508/3879 3882/4509/3879
f 3880/4507/3880 3882/4509/3880 3881/4510/3880
f 3883/4511/3881 3884/4512/3881 3885/4513/3881
f 3883/4514/3882 3885/4513/3882 3884/4512/3882
o root.4
v -0.221037 0.341317 0.042481
v -0.224633 0.344941 0.044130
v -0.194854 0.344831 0.044176
v -0.214706 0.330826 0.032758
v -0.235880 0.326608 0.041594
v -0.229080 0.325866 0.030448
v -0.241321 0.310815 0.037302
v -0.240038 0.326585 0.039217
v -0.227129 0.321686 0.018093
v -0.245478 0.309175 0.032707
v -0.253340 0.307000 0.042364
v -0.263908 0.302721 0.020838
v -0.232180 0.304753 0.006676
v -0.222529 0.292236 -0.020790
v -0.195909 0.308980 0.001325
v -0.251263 0.312056 0.001819
v -0.250404 0.301993 0.003657
v -0.222349 0.292269 0.002884
v -0.255779 0.308867 -0.005453
v -0.269720 0.307636 -0.003070
v -0.264643 0.296294 0.021987
v -0.245658 0.300085 0.030915
v -0.269022 0.303974 0.043324
v -0.282490 0.304882 0.004317
v -0.288004 0.307691 0.012198
v -0.285801 0.311082 -0.007452
v -0.271069 0.315486 -0.014191
v -0.289841 0.308977 -0.003155
v -0.274330 0.315169 -0.006838
v -0.277306 0.308916 0.007624
v -0.230201 0.280474 -0.019768
v -0.227871 0.313288 0.020685
v -0.194362 0.305725 0.006507
v -0.206823 0.294556 -0.013311
v -0.182538 0.307445 -0.009020
v -0.212777 0.289706 -0.031054
v -0.182001 0.304210 -0.032956
v -0.216947 0.284875 -0.052423
v -0.234448 0.273998 -0.035921
v -0.191382 0.297509 -0.081969
v -0.225342 0.277778 -0.064894
v -0.233582 0.274527 -0.076430
v -0.208951 0.288568 -0.077355
v -0.235611 0.271120 -0.051960
v -0.242839 0.265508 -0.059128
v -0.245645 0.268118 -0.029453
v -0.235510 0.277480 -0.049206
v -0.239199 0.278453 -0.032144
v -0.223364 0.283991 -0.065208
v -0.213476 0.293626 -0.043799
v -0.189526 0.302106 -0.045005
v -0.206950 0.294906 -0.062087
v -0.191366 0.301797 -0.054427
v -0.186321 0.299736 -0.078082
v -0.184906 0.301197 -0.061045
v -0.165241 0.306775 -0.050697
v -0.179022 0.298423 -0.084812
v -0.146997 0.343350 -0.004817
v -0.154484 0.319846 -0.019318
v -0.190451 0.302288 -0.052233
v -0.148178 0.272623 -0.093731
v -0.112239 0.335654 -0.019880
v -0.093057 0.358721 0.009714
v -0.058898 0.328373 -0.020922
v -0.115027 0.291698 -0.093692
v -0.072614 0.300187 -0.072938
v -0.120339 0.264869 -0.128786
v -0.119678 0.288294 -0.077977
v -0.061012 0.273728 -0.104553
v -0.072341 0.296784 -0.061739
v -0.030479 0.313463 -0.016874
v -0.057585 0.312835 -0.024514
v -0.046948 0.348914 0.015440
v -0.061078 0.359071 0.016150
v -0.067361 0.337381 0.010283
v -0.053412 0.357274 0.024493
v -0.055076 0.364527 0.030658
v -0.071164 0.352008 0.023644
v -0.069214 0.367226 0.035132
v -0.103300 0.343431 0.013175
v -0.137783 0.345740 0.011607
v -0.092318 0.331185 -0.003532
v -0.131175 0.313356 -0.024200
v -0.087333 0.373746 0.033331
v -0.072398 0.365544 0.014922
v -0.120480 0.356433 0.029106
v -0.145652 0.367423 0.022932
v -0.072398 0.365544 0.014922
v -0.117682 0.368647 0.025957
v -0.117448 0.366029 0.021675
v -0.073266 0.372953 0.015698
v -0.139757 0.370886 0.034586
v -0.156313 0.377582 0.031705
v -0.171566 0.359449 0.025480
v -0.148901 0.369674 0.013850
v -0.159196 0.373755 0.039716
v -0.162955 0.363248 0.023583
v -0.178080 0.353993 0.038554
v -0.183182 0.348787 0.037588
v -0.176656 0.343304 0.030101
v -0.194316 0.334233 0.034784
v -0.179010 0.327075 0.017935
v -0.194393 0.323952 0.025644
v -0.168021 0.340439 0.007373
v -0.155472 0.351569 0.001802
v -0.208731 0.316860 0.021875
v -0.178790 0.335704 0.016651
v -0.192986 0.355112 0.050402
v -0.195223 0.338259 0.030622
v -0.217168 0.336858 0.030114
v -0.202473 0.319577 0.014940
v -0.172098 0.323117 -0.015006
v -0.165387 0.353428 0.007077
v -0.192493 0.303718 -0.027109
v -0.073363 0.379452 0.016938
v -0.066620 0.370028 0.020209
v -0.118015 0.317375 -0.028364
v -0.216179 0.286821 -0.078156
v -0.223037 0.280372 -0.092653
v -0.235118 0.277771 -0.019787
v -0.173821 0.298458 -0.081471
v -0.182236 0.298557 -0.083695
v -0.186321 0.299736 -0.078082
v -0.191382 0.297509 -0.081969
v -0.191382 0.297509 -0.081969
v -0.173821 0.298458 -0.081471
v -0.191768 0.297290 -0.084569
v -0.182236 0.298557 -0.083695
v -0.191768 0.297290 -0.084569
v -0.191382 0.297509 -0.081969
v -0.182236 0.298557 -0.083695
v -0.191768 0.297290 -0.084569
v -0.208951 0.288568 -0.077355
v -0.191382 0.297509 -0.081969
vn -0.5290 0.7212 0.4473
vn -0.8686 0.4223 0.2593
vn 0.1207 -0.3223 0.9389
vn 0.0637 -0.4892 0.8699
vn 0.2563 -0.5489 0.7957
vn 0.2092 0.7307 0.6498
vn 0.1378 -0.6534 0.7443
vn 0.2716 -0.6185 0.7373
vn 0.4550 -0.5768 0.6784
vn 0.2256 -0.3248 0.9185
vn 0.4450 -0.5489 0.7076
vn -0.4211 0.8655 0.2714
vn -0.4052 0.6322 -0.6604
vn -0.4362 0.6158 -0.6562
vn -0.2270 0.7194 -0.6564
vn -0.0007 0.9910 0.1338
vn -0.5729 0.0414 0.8186
vn -0.1032 0.2296 0.9678
vn 0.3133 -0.8059 0.5023
vn 0.2899 0.8970 -0.3337
vn -0.6041 0.7795 -0.1658
vn 0.0007 -0.9777 0.2099
vn 0.0281 -0.8032 -0.5950
vn -0.4072 0.7778 -0.4788
vn -0.5069 0.8385 -0.2000
vn -0.2106 0.6632 -0.7182
vn 0.3554 -0.0525 -0.9332
vn -0.2028 -0.9784 0.0414
vn -0.0545 -0.8652 -0.4985
vn 0.1062 0.2453 -0.9636
vn -0.2623 -0.9364 -0.2333
vn -0.8941 0.1568 0.4195
vn -0.7421 0.0947 -0.6635
vn -0.9983 0.0406 -0.0407
vn -0.0804 0.9934 0.0815
vn -0.0234 0.9650 0.2613
vn 0.1785 -0.9112 0.3713
vn -0.5285 -0.2275 0.8179
vn 0.4886 -0.8643 0.1192
vn 0.4373 -0.8802 0.1844
vn 0.1551 -0.6485 0.7453
vn 0.4445 -0.7590 0.4758
vn 0.6596 -0.7154 0.2306
vn 0.4239 -0.8834 0.2000
vn 0.5261 -0.8475 0.0706
vn 0.1647 -0.9684 -0.1872
vn 0.5479 -0.8254 0.1361
vn 0.5584 -0.8276 0.0567
vn 0.5413 -0.8408 -0.0016
vn 0.3861 0.0038 -0.9224
vn -0.5536 -0.3777 -0.7422
vn -0.6260 -0.6440 -0.4398
vn -0.1154 -0.1161 -0.9865
vn -0.7026 -0.5687 0.4278
vn -0.7320 0.6813 0.0084
vn -0.6899 0.7090 -0.1463
vn -0.5787 0.8047 -0.1323
vn -0.4595 0.8813 -0.1101
vn -0.4340 0.8902 -0.1389
vn -0.5298 0.8389 -0.1245
vn -0.2527 0.9637 -0.0858
vn -0.4059 0.8882 -0.2152
vn -0.1206 0.9859 -0.1164
vn -0.7926 -0.1317 -0.5954
vn 0.6353 0.7681 0.0799
vn 0.3919 -0.9089 0.1428
vn -0.1666 -0.7383 0.6536
vn -0.6311 -0.1099 -0.7678
vn -0.5092 0.7500 -0.4222
vn -0.1108 0.7237 -0.6811
vn 0.0021 0.6345 -0.7729
vn -0.0265 0.8133 -0.5812
vn 0.0131 -0.8369 0.5473
vn -0.7924 -0.2231 -0.5678
vn -0.1648 0.6942 -0.7006
vn 0.2932 0.7775 -0.5563
vn 0.4168 0.7169 -0.5589
vn 0.2465 0.8085 -0.5344
vn 0.6916 -0.4347 -0.5768
vn -0.0742 -0.8593 -0.5061
vn -0.0069 -0.9271 0.3747
vn -0.0739 -0.8828 0.4640
vn 0.9596 -0.2270 0.1662
vn -0.1012 -0.8467 0.5224
vn 0.9555 0.0448 0.2917
vn -0.0182 -0.7619 0.6475
vn 0.8219 -0.0847 0.5633
vn 0.7789 0.2752 0.5635
vn -0.0068 -0.6330 0.7741
vn 0.2731 0.3485 0.8966
vn -0.5240 0.6564 0.5426
vn -0.0013 -0.7409 0.6716
vn -0.0265 -0.8436 0.5363
vn -0.2466 -0.6453 0.7231
vn -0.0381 -0.4712 0.8812
vn 0.1113 -0.8643 0.4906
vn 0.3522 0.8821 -0.3128
vn 0.0566 0.8144 -0.5775
vn 0.1143 0.5575 -0.8223
vn 0.1191 -0.6978 0.7063
vn -0.0404 -0.7405 0.6708
vn 0.2204 0.1535 0.9633
vn 0.1741 0.5604 0.8097
vn 0.0901 0.9315 -0.3525
vn -0.1305 0.7986 -0.5875
vn -0.2278 0.9733 -0.0284
vn -0.2856 0.0763 0.9553
vn -0.1468 0.9851 -0.0895
vn -0.2381 0.2855 0.9283
vn -0.7356 0.6049 -0.3051
vn 0.1017 -0.3270 0.9395
vn -0.5444 0.5840 -0.6021
vn 0.6635 -0.5220 0.5361
vn 0.5574 -0.6866 0.4668
vn -0.6527 0.5925 -0.4722
vn -0.5267 0.7693 -0.3615
vn 0.2787 -0.6467 0.7100
vn 0.6388 -0.5868 0.4977
vn 0.7607 -0.5528 0.3403
vn -0.2262 0.7335 -0.6410
vn -0.0596 0.9615 0.2682
vn 0.0292 -0.8312 0.5552
vn -0.0274 -0.0176 0.9995
vn 0.0457 -0.9704 0.2371
vn -0.7859 -0.3946 -0.4761
vn -0.8805 -0.4728 0.0325
vn -0.5702 -0.0208 -0.8212
vn -0.1256 0.9900 -0.0647
vn 0.1256 -0.9900 0.0647
vn -0.4551 0.8904 -0.0074
vn 0.4551 -0.8904 0.0074
vt 0.575823 0.365986
vt 0.581308 0.359076
vt 0.582139 0.360799
vt 0.576934 0.367517
vt 0.570936 0.375776
vt 0.566659 0.374628
vt 0.580951 0.371350
vt 0.575154 0.378341
vt 0.584515 0.365606
vt 0.587366 0.356799
vt 0.590218 0.367046
vt 0.584938 0.352495
vt 0.573685 0.353175
vt 0.572538 0.344893
vt 0.571327 0.361634
vt 0.587424 0.344510
vt 0.593136 0.348097
vt 0.589896 0.352225
vt 0.593349 0.357001
vt 0.580092 0.340185
vt 0.688820 0.355758
vt 0.700875 0.363974
vt 0.688724 0.363957
vt 0.683504 0.349664
vt 0.560505 0.351075
vt 0.554755 0.342224
vt 0.565078 0.339704
vt 0.564438 0.355803
vt 0.683695 0.345980
vt 0.685785 0.347179
vt 0.600368 0.351393
vt 0.604567 0.359395
vt 0.599970 0.371174
vt 0.680557 0.342339
vt 0.681277 0.341097
vt 0.678168 0.343680
vt 0.676028 0.337955
vt 0.598867 0.339027
vt 0.602698 0.338337
vt 0.676672 0.335893
vt 0.597940 0.334179
vt 0.600769 0.333424
vt 0.680750 0.338368
vt 0.675594 0.333424
vt 0.592269 0.338006
vt 0.588328 0.333762
vt 0.693756 0.370527
vt 0.698942 0.368152
vt 0.690731 0.380133
vt 0.685557 0.373280
vt 0.586837 0.374870
vt 0.592065 0.382153
vt 0.602860 0.380541
vt 0.592812 0.388302
vt 0.683567 0.387607
vt 0.678768 0.383027
vt 0.697877 0.382013
vt 0.707790 0.394549
vt 0.698289 0.374142
vt 0.701785 0.376925
vt 0.702931 0.382497
vt 0.707251 0.387408
vt 0.705857 0.379919
vt 0.705190 0.375605
vt 0.707621 0.383018
vt 0.700269 0.371243
vt 0.703697 0.369718
vt 0.710237 0.373723
vt 0.709867 0.379594
vt 0.715540 0.369552
vt 0.712370 0.384566
vt 0.546393 0.337784
vt 0.556454 0.333424
vt 0.718058 0.382387
vt 0.715564 0.384069
vt 0.709587 0.383900
vt 0.711573 0.396934
vt 0.684056 0.397852
vt 0.692849 0.396048
vt 0.692137 0.398623
vt 0.690953 0.403101
vt 0.704461 0.401532
vt 0.698790 0.400443
vt 0.675594 0.399506
vt 0.538371 0.341187
vt 0.545497 0.339459
vt 0.551525 0.348731
vt 0.539482 0.354447
vt 0.665620 0.357970
vt 0.646260 0.366579
vt 0.651718 0.356098
vt 0.671283 0.348460
vt 0.060111 0.868353
vt 0.057942 0.859423
vt 0.066828 0.853376
vt 0.079584 0.860650
vt 0.076368 0.833020
vt 0.090081 0.849563
vt 0.633936 0.351106
vt 0.637724 0.368761
vt 0.102723 0.828138
vt 0.100119 0.848293
vt 0.102723 0.870759
vt 0.088448 0.861516
vt 0.078468 0.870540
vt 0.083449 0.882351
vt 0.605362 0.333424
vt 0.623811 0.354390
vt 0.616688 0.356829
vt 0.607363 0.349683
vt 0.619167 0.333688
vt 0.631609 0.365363
vt 0.621544 0.369098
vt 0.632170 0.368545
vt 0.633009 0.370630
vt 0.627457 0.372299
vt 0.632949 0.374118
vt 0.632755 0.378219
vt 0.621478 0.379954
vt 0.613889 0.373289
vt 0.622565 0.389625
vt 0.606773 0.392644
vt 0.605362 0.386470
vt 0.629280 0.388756
vt 0.605642 0.382596
vt 0.636860 0.372253
vt 0.638528 0.373279
vt 0.640053 0.373037
vt 0.618328 0.395438
vt 0.624903 0.396015
vt 0.629565 0.395101
vt 0.632192 0.388774
vt 0.541316 0.399056
vt 0.546237 0.391746
vt 0.552185 0.385952
vt 0.542030 0.398479
vt 0.530606 0.411858
vt 0.530235 0.411991
vt 0.641493 0.374081
vt 0.554655 0.386231
vt 0.548899 0.392366
vt 0.555061 0.379687
vt 0.562458 0.379693
vt 0.671889 0.366732
vt 0.665053 0.363638
vt 0.670772 0.360582
vt 0.674799 0.363009
vt 0.568928 0.382876
vt 0.560853 0.387276
vt 0.625046 0.402280
vt 0.621518 0.401665
vt 0.556461 0.365836
vt 0.561758 0.375132
vt 0.581460 0.379510
vt 0.578070 0.384368
vt 0.572865 0.389818
vt 0.592766 0.393334
vt 0.575066 0.395015
vt 0.616092 0.402960
vt 0.577985 0.401303
vt 0.586862 0.399610
vt 0.564132 0.366005
vt 0.550140 0.371535
vt 0.673654 0.354810
vt 0.656048 0.367767
vt 0.642676 0.374542
vt 0.058568 0.874668
vt 0.057478 0.881659
vt 0.492519 0.420651
vt 0.492519 0.415593
vt 0.493099 0.418014
vt 0.495163 0.418130
vt 0.494794 0.420043
vt 0.488065 0.417966
vt 0.488094 0.415457
vt 0.488624 0.420690
vt 0.488624 0.417906
vt 0.451867 0.416920
vt 0.451867 0.419614
vt 0.451126 0.416956
vt 0.450485 0.417346
vt 0.263020 0.528400
vt 0.263757 0.528357
vt 0.263020 0.534237
vt 0.264460 0.528597
s 1
f 3887/4515/3883 3893/4516/3884 3890/4517/3885 3886/4518/3886
f 3886/4518/3886 3888/4519/3887 3993/4520/3888 3887/4515/3883
f 3888/4519/3887 3886/4518/3886 3889/4521/3889 3986/4522/3890
f 3886/4518/3886 3890/4517/3885 3891/4523/3891 3889/4521/3889
f 3892/4524/3892 3917/4525/3893 3891/4523/3891 3890/4517/3885
f 3890/4517/3885 3893/4516/3884 3895/4526/3894 3892/4524/3892
f 3894/4527/3895 3898/4528/3896 3895/4526/3894 3893/4516/3884
f 3893/4516/3884 3887/4515/3883 3995/4529/3897 3894/4527/3895
f 3897/4530/3898 3908/4531/3899 3896/4532/3900 3895/4526/3894
f 3892/4524/3892 3895/4526/3894 3896/4532/3900 3907/4533/3901
f 3898/4528/3896 3901/4534/3902 3897/4530/3898 3895/4526/3894
f 3898/4535/3896 3899/4536/3903 3903/4537/3904 3902/4538/3905
f 3900/4539/3906 3999/4540/3907 3899/4541/3903 3898/4528/3896
f 3898/4528/3896 3894/4527/3895 3996/4542/3908 3900/4539/3906
f 3904/4543/3909 3901/4544/3902 3898/4535/3896 3902/4538/3905
f 3906/4545/3910 3902/4546/3905 3903/4547/3904 3907/4533/3901
f 3904/4543/3909 3902/4538/3905 3905/4548/3911 3912/4549/3912
f 3906/4550/3910 3909/4551/3913 3905/4548/3911 3902/4538/3905
f 3906/4545/3910 3907/4533/3901 3896/4532/3900 3908/4531/3899
f 3906/4545/3910 3908/4531/3899 3910/4552/3914 3909/4553/3913
f 3911/4554/3915 3912/4549/3912 3905/4548/3911 3909/4551/3913
f 3909/4553/3913 3910/4552/3914 3913/4555/3916 3911/4556/3915
f 3914/4557/3917 3912/4549/3912 3911/4554/3915 3913/4558/3916
f 3913/4555/3916 3910/4552/3914 3915/4559/3918 3914/4560/3917
f 3901/4544/3902 3904/4543/3909 3912/4549/3912 3914/4557/3917
f 3901/4534/3902 3914/4560/3917 3915/4559/3918 3897/4530/3898
f 3908/4531/3899 3897/4530/3898 3915/4559/3918 3910/4552/3914
f 3892/4524/3892 3907/4533/3901 3903/4547/3904 3917/4525/3893
f 3916/4561/3919 3903/4537/3904 3899/4536/3903 4005/4562/3920
f 3916/4561/3919 3921/4563/3921 3919/4564/3922 3903/4537/3904
f 3991/4565/3923 3917/4525/3893 3903/4547/3904 3918/4566/3924
f 3918/4566/3924 3903/4547/3904 3919/4567/3922 3920/4568/3925
f 3919/4564/3922 3921/4563/3921 3922/4569/3926 3920/4570/3925
f 3921/4563/3921 3923/4571/3927 3925/4572/3928 3922/4569/3926
f 3923/4571/3927 3921/4563/3921 3916/4561/3919 3924/4573/3929
f 3923/4571/3927 3924/4573/3929 3929/4574/3930 3926/4575/3931
f 3926/4575/3931 3928/4576/3932 3925/4572/3928 3923/4571/3927
f 3927/4577/3933 3926/4575/3931 3929/4574/3930 3930/4578/3934
f 3926/4575/3931 3927/4577/3933 4004/4579/3935 3928/4576/3932
f 3931/4580/3936 3930/4578/3934 3929/4574/3930 3924/4573/3929
f 3930/4578/3934 3931/4580/3936 3933/4581/3937 3932/4582/3938
f 3927/4577/3933 3930/4578/3934 3932/4582/3938 3934/4583/3939
f 3935/4584/3940 3932/4582/3938 3933/4581/3937 3899/4536/3903
f 3937/4585/3941 3934/4583/3939 3932/4582/3938 3935/4584/3940
f 3899/4541/3903 3999/4540/3907 3936/4586/3942 3935/4587/3940
f 3935/4584/3940 3936/4588/3942 3938/4589/3943 3937/4585/3941
f 3925/4572/3928 3928/4576/3932 3937/4585/3941
f 3937/4585/3941 3928/4576/3932 4003/4590/3944 3934/4583/3939
f 3937/4585/3941 3938/4589/3943 3939/4591/3945 3925/4572/3928
f 3941/4592/3946 3940/4593/3947 3938/4594/3943 3936/4595/3942
f 3940/4593/3947 3942/4596/3948 3939/4597/3945 3938/4594/3943
f 3922/4569/3926 3940/4593/3947 3941/4592/3946 3944/4598/3949
f 3942/4596/3948 3940/4593/3947 3922/4569/3926 3925/4572/3928
f 3941/4599/3946 3945/4600/3950 3997/4601/3951 3943/4602/3952
f 3943/4603/3952 3948/4604/3953 3947/4605/3954 3941/4606/3946
f 3968/4607/3955 3944/4608/3949 3941/4609/3946 3946/4610/3956
f 3936/4586/3942 3945/4600/3950 3941/4599/3946
f 3947/4611/3954 3950/4612/3957 3946/4610/3956 3941/4609/3946
f 3949/4613/3958 3947/4605/3954 3948/4604/3953 3959/4614/3959
f 3949/4615/3958 3951/4616/3960 3950/4612/3957 3947/4611/3954
f 3954/4617/3961 3952/4618/3962 3950/4612/3957 3951/4616/3960
f 3946/4610/3956 3950/4612/3957 3952/4618/3962 3953/4619/3963
f 3954/4617/3961 3955/4620/3964 3953/4619/3963 3952/4618/3962
f 3954/4621/3961 3956/4622/3965 3957/4623/3966 3955/4624/3964
f 3956/4622/3965 3954/4621/3961 3951/4625/3960 3949/4613/3958
f 3956/4622/3965 3958/4626/3967 3960/4627/3968 3957/4623/3966
f 3958/4626/3967 3956/4622/3965 3949/4613/3958 3959/4614/3959
f 3961/4628/3969 3958/4626/3967 3959/4614/3959 3962/4629/3970
f 3961/4628/3969 3963/4630/3971 3960/4627/3968 3958/4626/3967
f 3963/4630/3971 3961/4628/3969 3962/4629/3970 3964/4631/3972
f 3964/4631/3972 3969/4632/3973 3965/4633/3974 3963/4630/3971
f 3960/4627/3968 3963/4630/3971 3965/4633/3974 3967/4634/3975
f 3965/4633/3974 3966/4635/3976 3944/4636/3949 3968/4637/3955
f 3971/4638/3977 3966/4635/3976 3965/4633/3974 3969/4632/3973
f 3965/4633/3974 3968/4637/3955 4002/4639/3978 3967/4634/3975
f 3969/4632/3973 3964/4631/3972 4001/4640/3979 3970/4641/3980
f 3969/4632/3973 3970/4641/3980 3973/4642/3981 3971/4638/3977
f 3990/4643/3982 3966/4635/3976 3971/4638/3977 3972/4644/3983
f 3977/4645/3984 3972/4644/3983 3971/4638/3977 3974/4646/3985
f 3973/4642/3981 3974/4646/3985 3971/4638/3977
f 3975/4647/3986 3980/4648/3987 3978/4649/3988 3974/4650/3985
f 3974/4650/3985 3976/4651/3989 4000/4652/3990 3975/4647/3986
f 3973/4642/3981 3976/4653/3989 3974/4646/3985
f 3974/4650/3985 3978/4649/3988 3981/4654/3991 3977/4655/3984
f 3979/4656/3992 3983/4657/3993 3981/4654/3991 3978/4649/3988
f 3978/4658/3988 3980/4659/3987 3998/4660/3994 3979/4661/3992
f 3983/4657/3993 3985/4662/3995 3982/4663/3996 3981/4654/3991
f 3977/4645/3984 3981/4664/3991 3982/4665/3996 3972/4644/3983
f 3979/4656/3992 3992/4666/3997 3984/4667/3998 3983/4657/3993
f 3983/4657/3993 3984/4667/3998 3993/4520/3888 3888/4519/3887
f 3986/4522/3890 3985/4662/3995 3983/4657/3993 3888/4519/3887
f 3985/4662/3995 3986/4522/3890 3988/4668/3999 3987/4669/4000
f 3985/4662/3995 3987/4669/4000 3989/4670/4001 3982/4663/3996
f 3918/4566/3924 3987/4669/4000 3988/4668/3999 3991/4565/3923
f 3989/4670/4001 3987/4669/4000 3918/4566/3924 3920/4568/3925
f 3922/4671/3926 3990/4672/3982 3989/4670/4001 3920/4568/3925
f 3972/4644/3983 3982/4665/3996 3989/4673/4001 3990/4643/3982
f 3966/4674/3976 3990/4672/3982 3922/4671/3926 3944/4675/3949
f 3889/4521/3889 3991/4565/3923 3988/4668/3999 3986/4522/3890
f 3991/4565/3923 3889/4521/3889 3891/4523/3891 3917/4525/3893
f 3992/4666/3997 3994/4676/4002 3993/4520/3888 3984/4667/3998
f 3995/4529/3897 3887/4515/3883 3993/4520/3888 3994/4676/4002
f 3996/4542/3908 3894/4527/3895 3995/4529/3897 3994/4676/4002
f 3992/4666/3997 3900/4539/3906 3996/4542/3908 3994/4676/4002
f 3992/4666/3997 3979/4656/3992 3998/4677/3994 3997/4601/3951
f 3900/4539/3906 3992/4666/3997 3997/4601/3951 3999/4540/3907
f 3943/4603/3952 3997/4678/3951 3998/4660/3994 3980/4659/3987
f 3936/4586/3942 3999/4540/3907 3997/4601/3951 3945/4600/3950
f 3948/4604/3953 3943/4603/3952 3980/4659/3987 3975/4679/3986
f 3973/4642/3981 4000/4680/3990 3976/4653/3989
f 3975/4679/3986 4000/4680/3990 3973/4642/3981 3948/4604/3953
f 3948/4604/3953 3973/4642/3981 3959/4614/3959
f 4001/4640/3979 3959/4614/3959 3973/4642/3981 3970/4641/3980
f 3964/4631/3972 3962/4629/3970 3959/4614/3959 4001/4640/3979
f 3946/4610/3956 3953/4619/3963 4002/4681/3978 3968/4607/3955
f 3955/4620/3964 3967/4682/3975 4002/4681/3978 3953/4619/3963
f 3955/4624/3964 3957/4623/3966 3960/4627/3968 3967/4634/3975
f 3934/4583/3939 4003/4590/3944 4004/4579/3935 3927/4577/3933
f 4004/4579/3935 4003/4590/3944 3928/4576/3932
f 4005/4562/3920 3899/4536/3903 3933/4581/3937 3931/4580/3936
f 3931/4580/3936 3924/4573/3929 3916/4561/3919 4005/4562/3920
f 4009/4683/4003 4006/4684/4004 4007/4685/4005
f 4006/4684/4004 4008/4686/4006 4010/4687/4006 4007/4685/4005
f 4013/4688/4007 4011/4689/4008 4012/4690/4009
f 4011/4689/4008 4013/4691/4007 4012/4690/4009
f 4015/4692/4010 4016/4693/4010 4014/4694/4010
f 4014/4694/4011 4016/4693/4011 4015/4695/4011
f 4019/4696/4012 4017/4697/4012 4018/4698/4012
f 4017/4697/4013 4019/4699/4013 4018/4698/4013
o root.5
v 0.209980 0.290099 -0.014908
v 0.193520 0.296444 -0.037585
v 0.205571 0.318640 0.023383
v 0.232746 0.296625 0.004765
v 0.219115 0.282458 -0.040292
v 0.228623 0.274626 -0.057523
v 0.234682 0.273367 -0.020540
v 0.203653 0.290196 -0.067815
v 0.211267 0.282577 -0.082640
v 0.187015 0.296298 -0.081023
v 0.173954 0.291293 -0.093120
v 0.179329 0.305502 -0.063184
v 0.181240 0.301967 -0.049449
v 0.196870 0.295940 -0.078876
v 0.189584 0.302243 -0.040323
v 0.217049 0.290756 -0.041150
v 0.182883 0.308260 -0.005671
v 0.176239 0.319119 -0.000031
v 0.178848 0.333736 0.018106
v 0.158670 0.333440 -0.015062
v 0.170656 0.350163 0.019673
v 0.169241 0.367007 0.036145
v 0.152071 0.368698 0.016805
v 0.151518 0.377898 0.039907
v 0.130369 0.362850 0.018022
v 0.121857 0.374047 0.041026
v 0.108399 0.363690 0.007886
v 0.142171 0.329674 -0.009380
v 0.156905 0.298335 -0.076230
v 0.093429 0.340266 -0.014359
v 0.104844 0.304936 -0.067505
v 0.050017 0.333826 -0.006245
v 0.081306 0.356233 0.007138
v 0.048829 0.348709 0.014143
v 0.072333 0.348554 0.011499
v 0.100578 0.355619 0.016008
v 0.111167 0.342708 0.004175
v 0.128212 0.358581 0.026325
v 0.154159 0.371132 0.032494
v 0.139126 0.349625 0.008414
v 0.156432 0.306591 -0.050827
v 0.158599 0.353574 0.006872
v 0.174424 0.335587 0.017581
v 0.158848 0.315854 -0.031839
v 0.176036 0.316470 -0.004205
v 0.169290 0.293655 -0.087331
v 0.161451 0.278559 -0.123271
v 0.109507 0.263667 -0.124899
v 0.112683 0.306939 -0.041877
v 0.048591 0.268152 -0.098135
v 0.072491 0.309525 -0.036844
v 0.042973 0.295599 -0.060141
v 0.019963 0.266626 -0.073984
v 0.039347 0.299202 -0.027802
v 0.004207 0.270120 -0.049261
v 0.021596 0.285060 -0.052660
v 0.003765 0.271083 -0.047354
v 0.032717 0.317821 -0.016619
v 0.017607 0.304138 -0.020446
v 0.024368 0.338015 -0.002773
v 0.009834 0.330187 -0.004503
v 0.027085 0.353470 0.018624
v 0.003687 0.339911 0.010523
v 0.022052 0.351092 0.026678
v 0.032951 0.361161 0.030776
v 0.016706 0.350187 0.034286
v 0.025674 0.356188 0.030699
v 0.039902 0.340352 0.021818
v 0.005970 0.343932 0.027196
v 0.002738 0.350410 0.028088
v 0.009024 0.333250 0.018333
v 0.014613 0.318961 0.006266
v 0.008621 0.289681 -0.020146
v 0.044281 0.322586 0.007853
v 0.075340 0.334441 -0.002666
v 0.182883 0.308260 -0.005671
v 0.191481 0.335643 0.034649
v 0.177072 0.353437 0.036180
v 0.197834 0.345788 0.036962
v 0.194573 0.349393 0.046350
v 0.201319 0.354404 0.046032
v 0.218916 0.340263 0.042160
v 0.231277 0.318076 0.041334
v 0.222276 0.343590 0.041907
v 0.233625 0.318347 0.035674
v 0.215242 0.339053 0.030634
v 0.222011 0.320340 0.019815
v 0.199683 0.326814 0.021537
v 0.230696 0.301970 0.003289
v 0.244226 0.309050 0.002668
v 0.236336 0.279681 -0.020410
v 0.206297 0.301922 0.001326
v 0.249004 0.300311 0.019372
v 0.251111 0.296301 0.028501
v 0.256778 0.306673 0.010606
v 0.263372 0.298515 0.015879
v 0.252175 0.301650 0.004898
v 0.250753 0.260185 -0.038424
v 0.242367 0.263022 -0.042448
v 0.232975 0.271434 -0.052169
v 0.222455 0.315216 0.024750
v 0.016706 0.350187 0.034286
v -0.011926 0.371176 0.037001
v 0.002738 0.350410 0.028088
v 0.081306 0.356233 0.007138
v 0.100578 0.355619 0.016008
v 0.092911 0.358989 0.019308
vn -0.4194 -0.8325 0.3622
vn -0.4708 -0.8710 0.1406
vn -0.4924 -0.8700 0.0252
vn -0.5377 -0.8324 0.1341
vn -0.3643 -0.6989 0.6155
vn -0.5670 -0.7451 0.3511
vn 0.1574 -0.9842 0.0809
vn -0.4355 -0.7007 0.5651
vn -0.1632 -0.8721 0.4614
vn -0.0526 -0.9696 -0.2390
vn 0.0217 -0.8476 -0.5301
vn 0.0933 -0.1963 -0.9761
vn -0.3807 -0.9055 0.1874
vn 0.0264 -0.2636 -0.9643
vn 0.2691 0.7760 -0.5704
vn 0.0852 -0.9512 0.2966
vn 0.2032 0.2577 -0.9446
vn 0.1943 0.9258 -0.3242
vn -0.0356 0.8832 -0.4677
vn 0.5105 0.8485 -0.1394
vn 0.5169 0.8285 -0.2155
vn 0.5820 0.7476 -0.3199
vn 0.3004 0.8156 -0.4945
vn 0.5815 0.5714 -0.5791
vn 0.7545 0.6050 -0.2543
vn 0.2593 0.8018 -0.5383
vn 0.7291 0.5179 -0.4474
vn 0.1822 0.7800 -0.5987
vn 0.6864 0.4476 0.5732
vn -0.4653 0.2538 0.8480
vn 0.3108 0.6161 0.7237
vn -0.0030 0.8037 -0.5951
vn -0.5386 0.4110 0.7355
vn -0.0275 0.7667 -0.6415
vn -0.0944 0.9678 -0.2335
vn -0.0509 0.7880 -0.6136
vn -0.0764 0.8434 -0.5318
vn -0.3574 0.7543 -0.5508
vn -0.1655 0.7651 -0.6223
vn 0.1350 0.9780 0.1588
vn -0.2968 0.9548 -0.0148
vn -0.1984 0.0771 0.9771
vn 0.3120 -0.4102 0.8570
vn 0.1608 -0.0429 0.9861
vn -0.1081 -0.7339 0.6706
vn 0.2232 -0.7273 0.6490
vn 0.0462 -0.7764 0.6285
vn 0.0925 -0.7956 0.5988
vn -0.1702 -0.6635 0.7286
vn -0.3585 -0.7353 0.5751
vn 0.1382 -0.8828 0.4490
vn 0.1053 -0.8391 0.5337
vn -0.2580 -0.8338 0.4881
vn -0.6370 -0.5830 0.5043
vn -0.7030 -0.6285 0.3327
vn 0.6538 -0.2550 -0.7124
vn -0.0838 -0.5438 -0.8350
vn -0.4384 -0.5138 -0.7375
vn 0.2265 -0.8292 0.5110
vn 0.3558 -0.7967 0.4885
vn -0.6167 -0.6486 -0.4461
vn -0.5483 0.6723 -0.4974
vn -0.7044 -0.5515 0.4468
vn -0.9446 -0.0565 -0.3232
vn -0.7448 0.5759 -0.3370
vn -0.3287 0.6732 -0.6624
vn -0.7578 0.4750 -0.4474
vn -0.7504 0.3300 -0.5727
vn -0.1376 0.6909 -0.7098
vn -0.1992 0.8426 -0.5004
vn -0.9197 0.2752 -0.2802
vn 0.2398 0.8404 0.4861
vn -0.7894 0.4881 0.3722
vn -0.4154 0.8699 -0.2659
vn -0.5944 0.7874 -0.1633
vn -0.0689 0.2971 0.9524
vn -0.5150 -0.5781 0.6329
vn -0.5161 -0.6773 0.5242
vn -0.5228 -0.6795 0.5147
vn 0.2881 -0.6872 0.6669
vn -0.3778 -0.6151 0.6920
vn -0.2294 0.1906 0.9545
vn 0.1985 0.6379 -0.7441
vn 0.1769 0.7679 -0.6156
vn 0.3076 0.8563 0.4148
vn 0.1311 -0.2490 0.9596
vn 0.7353 0.6438 0.2119
vn 0.1195 -0.2896 0.9497
vn 0.7953 0.6062 -0.0043
vn 0.3651 0.6674 -0.6491
vn 0.3204 0.6384 -0.6998
vn 0.4461 0.6832 -0.5781
vn 0.3583 0.8870 0.2914
vn 0.4536 0.8830 -0.1209
vn -0.0640 0.8055 -0.5891
vn 0.4625 -0.4317 -0.7744
vn 0.9004 0.4341 -0.0295
vn 0.5207 -0.4949 0.6957
vn 0.9867 -0.1269 0.1014
vn 0.9536 -0.2103 0.2156
vn 0.7025 0.1656 -0.6922
vn -0.3424 -0.5642 0.7513
vn 0.3424 0.5642 -0.7513
vn -0.2154 -0.8879 0.4064
vn 0.2154 0.8879 -0.4064
vt 0.821384 0.766106
vt 0.817133 0.774235
vt 0.808459 0.774428
vt 0.813613 0.766278
vt 0.834921 0.765838
vt 0.826630 0.773594
vt 0.825761 0.757639
vt 0.834473 0.760856
vt 0.814948 0.758551
vt 0.808920 0.759860
vt 0.807758 0.765793
vt 0.803446 0.772767
vt 0.815652 0.779925
vt 0.805980 0.780150
vt 0.804096 0.778142
vt 0.806136 0.785798
vt 0.803075 0.784398
vt 0.867441 0.327642
vt 0.873917 0.327510
vt 0.875594 0.331454
vt 0.870413 0.335355
vt 0.863124 0.321446
vt 0.874370 0.324746
vt 0.867843 0.314142
vt 0.877725 0.320378
vt 0.854076 0.316466
vt 0.855742 0.309807
vt 0.844138 0.317432
vt 0.850138 0.320876
vt 0.849834 0.328557
vt 0.839825 0.320409
vt 0.835852 0.326595
vt 0.832733 0.319494
vt 0.836191 0.316297
vt 0.828987 0.324351
vt 0.834940 0.333131
vt 0.827435 0.332283
vt 0.847940 0.333291
vt 0.834950 0.340328
vt 0.843384 0.347036
vt 0.862144 0.348922
vt 0.857861 0.366737
vt 0.839822 0.358839
vt 0.832767 0.358232
vt 0.834924 0.348649
vt 0.843754 0.808276
vt 0.843086 0.802054
vt 0.847232 0.801164
vt 0.845431 0.817847
vt 0.842824 0.820668
vt 0.841612 0.810916
vt 0.845094 0.793215
vt 0.835741 0.810676
vt 0.837873 0.799547
vt 0.839066 0.790724
vt 0.847529 0.784476
vt 0.838758 0.784620
vt 0.850560 0.784812
vt 0.851259 0.792253
vt 0.818359 0.789101
vt 0.821316 0.801547
vt 0.823612 0.787182
vt 0.845011 0.776467
vt 0.835866 0.776550
vt 0.828444 0.779726
vt 0.797785 0.792372
vt 0.797610 0.782943
vt 0.881862 0.353966
vt 0.881742 0.341293
vt 0.794297 0.804566
vt 0.871476 0.368757
vt 0.803273 0.821798
vt 0.823789 0.813084
vt 0.825020 0.823569
vt 0.809782 0.830728
vt 0.857239 0.374280
vt 0.865372 0.379686
vt 0.826380 0.833402
vt 0.816657 0.835545
vt 0.855820 0.380700
vt 0.855264 0.379657
vt 0.844191 0.366165
vt 0.842713 0.369909
vt 0.835923 0.369097
vt 0.836559 0.364911
vt 0.829818 0.363977
vt 0.831574 0.371671
vt 0.827435 0.362674
vt 0.845916 0.830149
vt 0.848803 0.828100
vt 0.851259 0.829481
vt 0.846204 0.834984
vt 0.849258 0.824580
vt 0.848372 0.826156
vt 0.846461 0.827353
vt 0.844394 0.829915
vt 0.841469 0.830074
vt 0.836562 0.830213
vt 0.836593 0.821015
vt 0.838026 0.834911
vt 0.830012 0.836833
vt 0.844356 0.375350
vt 0.840310 0.770681
vt 0.845518 0.770217
vt 0.845843 0.310603
vt 0.838530 0.310411
vt 0.847724 0.768661
vt 0.849298 0.770940
vt 0.848434 0.779409
vt 0.843786 0.762504
vt 0.844910 0.761639
vt 0.838920 0.756999
vt 0.839355 0.755154
vt 0.846389 0.298978
vt 0.849071 0.304700
vt 0.842491 0.305750
vt 0.839102 0.302967
vt 0.836548 0.307316
vt 0.857849 0.302883
vt 0.852389 0.297315
vt 0.856404 0.295359
vt 0.856606 0.298706
vt 0.858037 0.297457
vt 0.860182 0.301378
vt 0.867889 0.305131
vt 0.868502 0.303532
vt 0.833737 0.748832
vt 0.832439 0.751621
vt 0.828846 0.748295
vt 0.831547 0.745544
vt 0.858359 0.292170
vt 0.826544 0.751811
vt 0.875108 0.303616
vt 0.874767 0.310492
vt 0.808100 0.757452
vt 0.814280 0.757014
vt 0.807985 0.763664
vt 0.875594 0.312351
vt 0.530235 0.417192
vt 0.530235 0.412786
vt 0.537232 0.420108
vt 0.534515 0.412859
vt 0.266946 0.535378
vt 0.264517 0.540964
vt 0.263382 0.538646
vt 0.266952 0.540292
s 1
f 4020/4700/4014 4021/4701/4015 4027/4702/4016 4024/4703/4017
f 4020/4700/4014 4022/4704/4018 4095/4705/4019 4021/4701/4015
f 4022/4704/4018 4020/4700/4014 4023/4706/4020 4120/4707/4021
f 4023/4706/4020 4020/4700/4014 4024/4703/4017 4026/4708/4022
f 4118/4709/4023 4026/4708/4022 4024/4703/4017 4025/4710/4024
f 4025/4710/4024 4024/4703/4017 4027/4702/4016 4028/4711/4025
f 4032/4712/4026 4029/4713/4027 4027/4702/4016 4021/4701/4015
f 4028/4711/4025 4027/4702/4016 4029/4713/4027 4033/4714/4028
f 4032/4712/4026 4065/4715/4029 4030/4716/4030 4029/4713/4027
f 4031/4717/4031 4029/4718/4027 4030/4719/4030 4048/4720/4032
f 4031/4717/4031 4034/4721/4033 4033/4722/4028 4029/4718/4027
f 4033/4722/4028 4034/4721/4033 4035/4723/4034 4028/4724/4025
f 4035/4723/4034 4034/4721/4033 4036/4725/4035 4111/4726/4036
f 4038/4727/4037 4036/4725/4035 4034/4721/4033 4037/4728/4038
f 4031/4717/4031 4039/4729/4039 4037/4728/4038 4034/4721/4033
f 4040/4730/4040 4038/4727/4037 4037/4728/4038
f 4042/4731/4041 4040/4730/4040 4037/4728/4038 4039/4729/4039
f 4040/4730/4040 4041/4732/4042 4097/4733/4043 4038/4727/4037
f 4042/4731/4041 4043/4734/4044 4041/4732/4042 4040/4730/4040
f 4042/4731/4041 4044/4735/4045 4045/4736/4046 4043/4734/4044
f 4042/4731/4041 4039/4729/4039 4047/4737/4047 4044/4735/4045
f 4046/4738/4048 4045/4736/4046 4044/4735/4045
f 4044/4735/4045 4047/4737/4047 4049/4739/4049 4046/4738/4048
f 4031/4717/4031 4048/4720/4032 4047/4737/4047 4039/4729/4039
f 4048/4720/4032 4050/4740/4050 4049/4739/4049 4047/4737/4047
f 4071/4741/4051 4051/4742/4052 4049/4739/4049 4050/4740/4050
f 4053/4743/4053 4052/4744/4054 4049/4739/4049 4051/4742/4052
f 4052/4744/4054 4046/4738/4048 4049/4739/4049
f 4052/4745/4054 4055/4746/4055 4046/4747/4048
f 4052/4745/4054 4053/4748/4053 4087/4749/4056 4054/4750/4057
f 4052/4745/4054 4054/4750/4057 4055/4746/4055
f 4046/4747/4048 4055/4746/4055 4057/4751/4058
f 4055/4746/4055 4054/4750/4057 4094/4752/4059 4056/4753/4060
f 4057/4751/4058 4055/4746/4055 4056/4753/4060 4059/4754/4061
f 4058/4755/4062 4057/4751/4058 4059/4754/4061 4061/4756/4063
f 4058/4755/4062 4043/4757/4044 4045/4758/4046 4057/4751/4058
f 4046/4747/4048 4057/4751/4058 4045/4758/4046
f 4060/4759/4064 4059/4754/4061 4056/4753/4060 4068/4760/4065
f 4063/4761/4066 4061/4756/4063 4059/4754/4061 4060/4759/4064
f 4097/4762/4043 4058/4755/4062 4061/4756/4063 4062/4763/4067
f 4061/4756/4063 4063/4761/4066 4064/4764/4068 4062/4763/4067
f 4065/4715/4029 4032/4712/4026 4064/4764/4068 4063/4761/4066
f 4065/4715/4029 4063/4761/4066 4060/4759/4064 4066/4765/4069
f 4066/4765/4069 4048/4766/4032 4030/4716/4030 4065/4715/4029
f 4067/4767/4070 4050/4740/4050 4048/4720/4032 4066/4768/4069
f 4067/4769/4070 4066/4765/4069 4060/4759/4064 4068/4760/4065
f 4050/4740/4050 4067/4767/4070 4069/4770/4071 4071/4741/4051
f 4069/4771/4071 4067/4769/4070 4068/4760/4065 4070/4772/4072
f 4073/4773/4073 4072/4774/4074 4069/4771/4071 4070/4772/4072
f 4075/4775/4075 4071/4741/4051 4069/4770/4071 4072/4776/4074
f 4073/4773/4073 4092/4777/4076 4074/4778/4077 4072/4774/4074
f 4075/4775/4075 4072/4776/4074 4074/4779/4077 4076/4780/4078
f 4077/4781/4079 4075/4775/4075 4076/4780/4078 4078/4782/4080
f 4071/4741/4051 4075/4775/4075 4077/4781/4079 4051/4742/4052
f 4078/4782/4080 4080/4783/4081 4079/4784/4082 4077/4781/4079
f 4079/4784/4082 4081/4785/4083 4051/4742/4052 4077/4781/4079
f 4080/4783/4081 4082/4786/4084 4081/4785/4083 4079/4784/4082
f 4051/4742/4052 4081/4785/4083 4084/4787/4085 4053/4743/4053
f 4089/4788/4086 4083/4789/4087 4081/4790/4083 4082/4791/4084
f 4084/4792/4085 4081/4790/4083 4083/4789/4087 4086/4793/4088
f 4085/4794/4089 4084/4792/4085 4086/4793/4088
f 4087/4749/4056 4053/4748/4053 4084/4792/4085 4085/4794/4089
f 4085/4794/4089 4086/4793/4088 4083/4789/4087
f 4088/4795/4090 4090/4796/4091 4087/4749/4056 4085/4794/4089
f 4089/4788/4086 4088/4795/4090 4085/4794/4089
f 4085/4794/4089 4083/4789/4087 4089/4788/4086
f 4082/4791/4084 4090/4796/4091 4088/4795/4090 4089/4788/4086
f 4091/4797/4092 4093/4798/4093 4087/4749/4056 4090/4796/4091
f 4091/4797/4092 4090/4796/4091 4082/4791/4084 4080/4799/4081
f 4080/4799/4081 4078/4800/4080 4092/4777/4076 4091/4797/4092
f 4092/4777/4076 4073/4773/4073 4093/4798/4093 4091/4797/4092
f 4094/4752/4059 4054/4750/4057 4087/4749/4056 4093/4798/4093
f 4073/4773/4073 4070/4772/4072 4094/4752/4059 4093/4798/4093
f 4068/4760/4065 4056/4753/4060 4094/4752/4059 4070/4772/4072
f 4078/4782/4080 4076/4780/4078 4074/4779/4077 4092/4801/4076
f 4032/4712/4026 4095/4705/4019 4062/4763/4067 4064/4764/4068
f 4096/4802/4094 4062/4763/4067 4095/4705/4019 4022/4704/4018
f 4097/4762/4043 4062/4763/4067 4096/4802/4094 4099/4803/4095
f 4107/4804/4096 4038/4727/4037 4097/4733/4043 4098/4805/4097
f 4097/4762/4043 4099/4803/4095 4100/4806/4098 4098/4807/4097
f 4043/4757/4044 4058/4755/4062 4097/4762/4043 4041/4808/4042
f 4101/4809/4099 4103/4810/4100 4100/4806/4098 4099/4803/4095
f 4099/4803/4095 4096/4802/4094 4022/4704/4018 4101/4809/4099
f 4102/4811/4101 4104/4812/4102 4103/4810/4100 4101/4809/4099
f 4101/4809/4099 4022/4704/4018 4120/4707/4021 4102/4811/4101
f 4104/4813/4102 4106/4814/4103 4105/4815/4104 4103/4816/4100
f 4100/4817/4098 4103/4816/4100 4105/4815/4104 4098/4805/4097
f 4107/4804/4096 4098/4805/4097 4105/4815/4104 4106/4814/4103
f 4107/4804/4096 4106/4814/4103 4108/4818/4105 4111/4726/4036
f 4106/4814/4103 4104/4813/4102 4112/4819/4106 4108/4818/4105
f 4112/4819/4106 4114/4820/4107 4109/4821/4108 4108/4818/4105
f 4108/4818/4105 4109/4821/4108 4116/4822/4109 4023/4823/4020
f 4108/4818/4105 4110/4824/4110 4035/4723/4034 4111/4726/4036
f 4110/4824/4110 4108/4818/4105 4023/4823/4020 4026/4825/4022
f 4112/4826/4106 4104/4812/4102 4102/4811/4101 4113/4827/4111
f 4115/4828/4112 4114/4829/4107 4112/4826/4106 4113/4827/4111
f 4114/4820/4107 4115/4830/4112 4116/4822/4109 4109/4821/4108
f 4113/4827/4111 4023/4706/4020 4116/4831/4109 4115/4828/4112
f 4113/4827/4111 4102/4811/4101 4120/4707/4021 4023/4706/4020
f 4107/4804/4096 4111/4726/4036 4036/4725/4035 4038/4727/4037
f 4117/4832/4113 4119/4833/4114 4035/4723/4034 4110/4824/4110
f 4026/4708/4022 4118/4709/4023 4117/4834/4113 4110/4835/4110
f 4119/4836/4114 4117/4834/4113 4118/4709/4023 4025/4710/4024
f 4028/4724/4025 4035/4723/4034 4119/4833/4114 4025/4837/4024
f 4095/4705/4019 4032/4712/4026 4021/4701/4015
f 4123/4838/4115 4121/4839/4115 4122/4840/4115
f 4121/4839/4116 4123/4841/4116 4122/4840/4116
f 4124/4842/4117 4125/4843/4117 4126/4844/4117
f 4124/4842/4118 4126/4845/4118 4125/4843/4118
