# Blender 4.3.2
# www.blender.org
o root.0
v 0.200482 0.405836 0.008584
v 0.221530 0.424613 0.035469
v 0.229497 0.434950 0.008178
v 0.220616 0.431791 -0.023903
v 0.257656 0.460484 -0.040283
v 0.261176 0.456934 0.005202
v 0.259392 0.452336 0.044263
v 0.003193 0.248431 0.000571
v 0.027264 0.272145 -0.031913
v 0.007602 0.278681 -0.046412
v -0.015905 0.268138 -0.031671
v -0.010901 0.371578 0.296201
v -0.034996 0.392690 0.315656
v -0.009846 0.400297 0.325080
v 0.012560 0.391781 0.315504
v 0.026971 0.419695 0.349625
v -0.008442 0.423384 0.351967
v -0.048661 0.424133 0.349432
v -0.455942 0.359327 -0.658535
v -0.421872 0.363057 -0.678138
v -0.403687 0.346782 -0.673121
v -0.413054 0.332571 -0.659945
v -0.212301 0.491806 -0.282146
v -0.232753 0.467168 -0.238874
v -0.188154 0.433362 -0.232051
v -0.174350 0.477135 -0.294279
v -0.118834 0.467433 -0.293446
v -0.128072 0.425561 -0.242679
v -0.260834 0.447956 -0.169235
v -0.225607 0.415186 -0.156525
v -0.438464 0.634490 -0.458248
v -0.469880 0.611094 -0.437953
v -0.435650 0.608451 -0.409459
v -0.410346 0.622417 -0.414958
v -0.490731 0.584474 -0.417969
v -0.440881 0.589878 -0.390628
v -0.401234 0.603315 -0.385155
v -0.197756 0.382430 0.037162
v -0.217337 0.401342 0.006630
v -0.226967 0.409304 0.032269
v -0.219543 0.402552 0.060003
v -0.249957 0.427018 -0.010010
v -0.252904 0.428972 0.029319
v -0.251633 0.428427 0.068106
v 0.184348 0.002417 0.142297
v 0.248300 0.005360 0.126600
v 0.247795 0.004544 0.167306
v 0.217907 0.002656 0.195724
v -0.181742 0.444255 0.363534
v -0.218654 0.445056 0.334674
v -0.267216 0.472353 0.381575
v -0.205450 0.472255 0.412986
v -0.214619 0.489030 0.457151
v -0.270617 0.492041 0.442324
v -0.246770 0.443676 0.288100
v -0.297473 0.462744 0.310730
v -0.350587 0.478203 0.317856
v -0.335325 0.486273 0.380289
v -0.327700 0.493981 0.430423
v -0.548129 0.506485 0.579432
v -0.528333 0.506821 0.618448
v -0.496614 0.515893 0.594024
v -0.500018 0.516738 0.563136
v -0.487542 0.504222 0.661040
v -0.460691 0.511814 0.620197
v -0.447505 0.513820 0.579016
v -0.034695 0.019415 -0.183733
v -0.042625 0.025503 -0.231089
v -0.007179 0.023751 -0.227556
v 0.014684 0.018542 -0.195282
v 0.075179 0.020428 -0.230524
v 0.040943 0.027302 -0.266592
v 0.004335 0.032175 -0.290798
v 0.056030 0.001180 0.124142
v 0.006311 0.001308 0.163157
v -0.014814 0.001065 0.119199
v 0.029116 0.000917 0.071130
v -0.033294 0.001960 0.186155
v -0.060217 0.002146 0.128082
v -0.047136 0.001059 0.068117
v -0.612221 0.287285 0.638595
v -0.569310 0.249216 0.636208
v -0.568264 0.263720 0.670006
v -0.585323 0.290461 0.689688
v -0.528096 0.269584 0.733803
v -0.517448 0.241344 0.696641
v -0.508502 0.218105 0.656050
v 0.098255 0.001497 0.092210
v 0.091608 0.001507 0.044842
v -0.035911 0.001167 0.012382
v 0.031322 0.001015 0.002716
v 0.084268 0.001618 -0.013261
v 0.140765 0.002356 0.019304
v 0.138324 0.002717 -0.035680
v 0.021750 0.001787 -0.050612
v 0.075508 0.002278 -0.067705
v 0.132522 0.003692 -0.090808
v 0.200073 0.004723 -0.060837
v 0.193554 0.005858 -0.117515
v 0.061771 0.006528 -0.116309
v 0.120990 0.006993 -0.142446
v 0.180264 0.008860 -0.173271
v 0.254921 0.011882 -0.145285
v 0.238880 0.015483 -0.205639
v 0.101511 0.013272 -0.189506
v 0.158277 0.016182 -0.225453
v 0.214010 0.023508 -0.263165
v 0.295019 0.028330 -0.236956
v 0.267835 0.035948 -0.299950
v 0.130220 0.024917 -0.273001
v 0.182423 0.033242 -0.316533
v 0.232890 0.047608 -0.358253
v 0.319598 0.053995 -0.334906
v 0.281780 0.069121 -0.397609
v 0.144469 0.043077 -0.363261
v 0.192072 0.060331 -0.410526
v 0.239707 0.083026 -0.455232
v 0.329220 0.094117 -0.434229
v 0.285122 0.107773 -0.498573
v 0.147705 0.070084 -0.453704
v 0.192561 0.092549 -0.504958
v 0.234990 0.120038 -0.554878
v 0.327474 0.139043 -0.536609
v 0.274496 0.156513 -0.599088
v 0.139258 0.100086 -0.545251
v 0.176664 0.131416 -0.598870
v 0.209951 0.168708 -0.646327
v 0.308709 0.190411 -0.634751
v 0.238537 0.202947 -0.686991
v 0.110683 0.140199 -0.630249
v 0.137508 0.176569 -0.679421
v 0.159550 0.208183 -0.722150
v 0.260507 0.233740 -0.716666
v 0.175345 0.235691 -0.755233
v 0.057844 0.181854 -0.700394
v 0.073111 0.209904 -0.742078
v 0.083788 0.236178 -0.773156
v 0.184375 0.269693 -0.775393
v 0.090201 0.270611 -0.788516
v -0.013160 0.211697 -0.756318
v -0.006142 0.237830 -0.787145
v -0.001021 0.274201 -0.798804
v 0.093614 0.305200 -0.785312
v 0.002378 0.307467 -0.793655
v -0.095509 0.242584 -0.784002
v -0.089297 0.278881 -0.793143
v -0.083431 0.309925 -0.787371
v 0.005256 0.328685 -0.784057
v -0.079420 0.330879 -0.779600
v -0.169848 0.288205 -0.774354
v -0.162902 0.315850 -0.770684
v -0.158408 0.335131 -0.764513
v -0.077355 0.350929 -0.779780
v -0.157985 0.352529 -0.774965
v -0.236698 0.319642 -0.746979
v -0.232390 0.339449 -0.744817
v -0.233462 0.354018 -0.760431
v -0.158460 0.365809 -0.792600
v -0.235754 0.370477 -0.779026
v -0.299654 0.343625 -0.723220
v -0.302239 0.356581 -0.739722
v -0.307140 0.378660 -0.759168
v -0.240135 0.408568 -0.803829
v -0.314713 0.422100 -0.779364
v -0.365802 0.365551 -0.716197
v -0.372292 0.392691 -0.732050
v -0.380812 0.436814 -0.745832
v -0.316644 0.468370 -0.790303
v -0.381018 0.478645 -0.752507
v -0.433178 0.407511 -0.698918
v -0.438840 0.446455 -0.707604
v -0.437354 0.485984 -0.711942
v -0.372416 0.519762 -0.748449
v -0.427773 0.526323 -0.709182
v -0.479941 0.441739 -0.674571
v -0.481425 0.484066 -0.675467
v -0.474941 0.528648 -0.672588
v -0.409928 0.566222 -0.697281
v -0.461742 0.568256 -0.662545
v -0.515951 0.469996 -0.643377
v -0.516029 0.516411 -0.635870
v -0.514081 0.555557 -0.625489
v -0.450532 0.600362 -0.642663
v -0.508866 0.586439 -0.608601
v -0.549991 0.489937 -0.601096
v -0.551885 0.526314 -0.586814
v -0.555301 0.556182 -0.569781
v -0.498932 0.607190 -0.581024
v -0.549695 0.580539 -0.544998
v -0.582017 0.489575 -0.553227
v -0.581789 0.514593 -0.533805
v -0.578147 0.534639 -0.508912
v -0.567934 0.518163 -0.455084
v -0.563043 0.555202 -0.479591
v -0.592555 0.496233 -0.479155
v -0.532384 0.595903 -0.512248
v -0.606048 0.473226 -0.501332
v -0.602212 0.469369 -0.446055
v -0.616655 0.443986 -0.462131
v -0.607794 0.448173 -0.517426
v -0.619322 0.416073 -0.474999
v -0.628120 0.422815 -0.420254
v -0.632310 0.391891 -0.431354
v -0.601958 0.416228 -0.530061
v -0.613854 0.383441 -0.485682
v -0.627883 0.356981 -0.440769
v -0.647840 0.373088 -0.386109
v -0.642069 0.335684 -0.392859
v -0.601282 0.343733 -0.494652
v -0.613520 0.315883 -0.446648
v -0.625357 0.294121 -0.395822
v -0.656048 0.318359 -0.342871
v -0.635897 0.277028 -0.343927
v -0.587940 0.274291 -0.448083
v -0.596712 0.252979 -0.396072
v -0.605261 0.235492 -0.344119
v -0.645530 0.263225 -0.291684
v -0.613639 0.221498 -0.291825
v -0.559265 0.215618 -0.397305
v -0.566691 0.197675 -0.345097
v -0.574973 0.182736 -0.292478
v -0.621358 0.210860 -0.238351
v -0.582310 0.172333 -0.238168
v -0.524204 0.162119 -0.347219
v -0.532645 0.146713 -0.293426
v -0.540838 0.135570 -0.238418
v -0.589149 0.165103 -0.182562
v -0.547971 0.128675 -0.181648
v -0.486904 0.114895 -0.294695
v -0.495232 0.103730 -0.238433
v -0.502221 0.098153 -0.180366
v -0.552198 0.126980 -0.123681
v -0.505699 0.098874 -0.121843
v -0.445380 0.080926 -0.238299
v -0.452094 0.077160 -0.179392
v -0.455721 0.078734 -0.120817
v -0.507209 0.101089 -0.063900
v -0.457337 0.080719 -0.063018
v -0.401201 0.061069 -0.179671
v -0.405248 0.062589 -0.120864
v -0.407043 0.064606 -0.063180
v -0.457491 0.081945 -0.005842
v -0.406931 0.065383 -0.006297
v -0.355326 0.050885 -0.121805
v -0.357383 0.051803 -0.064317
v -0.357164 0.052119 -0.007838
v -0.405120 0.065583 0.050229
v -0.355099 0.051880 0.048713
v -0.309403 0.040362 -0.065902
v -0.309041 0.040306 -0.009952
v -0.306822 0.039940 0.046391
v -0.351231 0.051251 0.106069
v -0.302684 0.039140 0.104114
v -0.262741 0.029147 -0.012813
v -0.260600 0.029378 0.043099
v -0.256222 0.029295 0.100940
v -0.295974 0.038727 0.163542
v -0.249044 0.028520 0.161230
v -0.216228 0.020638 0.038486
v -0.212125 0.020840 0.096163
v -0.204755 0.020408 0.157462
v -0.238932 0.027621 0.223930
v -0.193188 0.019163 0.221545
v -0.170494 0.014510 0.089664
v -0.163140 0.013967 0.152154
v -0.149725 0.012758 0.217033
v -0.178769 0.018501 0.286481
v -0.132585 0.011657 0.281724
v -0.124250 0.008598 0.145241
v -0.108892 0.007461 0.210135
v -0.088459 0.006759 0.273054
v -0.113456 0.011844 0.346774
v -0.065100 0.007194 0.336149
v -0.070390 0.003699 0.200501
v -0.045968 0.003742 0.259138
v -0.018512 0.004638 0.319184
v -0.040398 0.009041 0.399340
v 0.010338 0.006066 0.380658
v -0.004844 0.002424 0.238545
v 0.025246 0.003110 0.296038
v 0.057976 0.004273 0.356601
v 0.039185 0.009951 0.443200
v 0.091373 0.006925 0.417289
v 0.065882 0.002068 0.267960
v 0.101592 0.002905 0.327532
v 0.139697 0.004723 0.385847
v 0.124566 0.014191 0.476031
v 0.178704 0.009200 0.440965
v 0.140167 0.001852 0.294175
v 0.183953 0.002466 0.349739
v 0.228172 0.004431 0.400599
v 0.217057 0.022800 0.490702
v 0.271423 0.015779 0.445493
v 0.221694 0.000405 0.311127
v 0.272682 0.000000 0.355487
v 0.320927 0.012427 0.393293
v 0.313044 0.037584 0.485050
v 0.364655 0.035429 0.425965
v 0.309794 0.003496 0.305625
v 0.362120 0.016494 0.334650
v 0.410333 0.037361 0.362529
v 0.408675 0.056855 0.458560
v 0.457090 0.060304 0.390393
v 0.393654 0.025858 0.273208
v 0.445928 0.045102 0.295627
v 0.496642 0.066704 0.318314
v 0.501578 0.085547 0.417706
v 0.545200 0.092823 0.340142
v 0.472455 0.053968 0.224923
v 0.524761 0.074862 0.240784
v 0.572901 0.103855 0.256214
v 0.577490 0.138304 0.357447
v 0.606893 0.149490 0.270725
v 0.543373 0.083725 0.159701
v 0.591137 0.114307 0.170817
v 0.627738 0.159708 0.182394
v 0.624668 0.187995 0.279312
v 0.643765 0.195134 0.189098
v 0.603093 0.122512 0.083392
v 0.640243 0.166361 0.091697
v 0.656923 0.200585 0.097064
v 0.649596 0.218205 0.192200
v 0.662879 0.222453 0.099164
v 0.646051 0.172164 -0.001268
v 0.664600 0.206676 0.002198
v 0.670310 0.227575 0.003043
v 0.665316 0.241890 0.100646
v 0.672829 0.244162 0.004202
v 0.665363 0.213318 -0.095650
v 0.670811 0.235271 -0.094754
v 0.673618 0.250236 -0.094846
v 0.682197 0.256695 0.004943
v 0.682002 0.261432 -0.095614
v 0.657920 0.244434 -0.194880
v 0.660701 0.260733 -0.195581
v 0.669261 0.271910 -0.197297
v 0.693438 0.273543 -0.097524
v 0.678148 0.283893 -0.199960
v 0.638747 0.274362 -0.296165
v 0.645553 0.288177 -0.299256
v 0.650289 0.304129 -0.301099
v 0.681612 0.301536 -0.201204
v 0.650028 0.323664 -0.301728
v 0.602986 0.309393 -0.390992
v 0.599668 0.329122 -0.389781
v 0.608643 0.343548 -0.395529
v 0.659234 0.351444 -0.301093
v 0.623135 0.374630 -0.395293
v 0.551635 0.338591 -0.474222
v 0.564838 0.358169 -0.481928
v 0.581178 0.398682 -0.481700
v 0.634234 0.428111 -0.381318
v 0.591824 0.451623 -0.470160
v 0.514094 0.374555 -0.562023
v 0.531060 0.421956 -0.562398
v 0.539920 0.473352 -0.553618
v 0.587226 0.504710 -0.451681
v 0.535479 0.524798 -0.537601
v 0.470755 0.449016 -0.636390
v 0.477430 0.492778 -0.632705
v 0.471998 0.535059 -0.618921
v 0.520410 0.571175 -0.517189
v 0.456147 0.577709 -0.597447
v 0.407611 0.508817 -0.709299
v 0.398064 0.544728 -0.689235
v 0.383415 0.585588 -0.662895
v 0.433560 0.622828 -0.566356
v 0.362230 0.632161 -0.626832
v 0.309965 0.561880 -0.736691
v 0.299634 0.605388 -0.707649
v 0.282071 0.646891 -0.667723
v 0.333872 0.668018 -0.579673
v 0.259291 0.677910 -0.617691
v 0.207877 0.622544 -0.739186
v 0.196568 0.659948 -0.696567
v 0.181294 0.687230 -0.643972
v 0.234177 0.687184 -0.560168
v 0.162381 0.693358 -0.584810
v 0.108623 0.669751 -0.713092
v 0.100891 0.693677 -0.659860
v 0.089372 0.697946 -0.599949
v 0.144067 0.689932 -0.524873
v 0.076745 0.690434 -0.539023
v 0.020651 0.696861 -0.665052
v 0.017528 0.700018 -0.605157
v 0.010783 0.689788 -0.543200
v 0.064301 0.666726 -0.484104
v 0.003095 0.665969 -0.487522
v -0.051416 0.700167 -0.599374
v -0.051531 0.689030 -0.539503
v -0.056034 0.666318 -0.484277
v -0.007001 0.627959 -0.442545
v -0.063482 0.628329 -0.440623
v -0.113219 0.691448 -0.526998
v -0.114745 0.667264 -0.475870
v -0.118122 0.627757 -0.434048
v -0.074284 0.581118 -0.406245
v -0.126979 0.580868 -0.400746
v -0.172695 0.662040 -0.462742
v -0.171189 0.623686 -0.422782
v -0.177314 0.582606 -0.387661
v -0.140803 0.538534 -0.365687
v -0.186244 0.548731 -0.348608
v -0.221886 0.618261 -0.408028
v -0.223479 0.585433 -0.370478
v -0.231432 0.553827 -0.334626
v -0.199180 0.517973 -0.313818
v -0.243930 0.525075 -0.304222
v -0.271888 0.584409 -0.354403
v -0.280016 0.553570 -0.324558
v -0.291755 0.525505 -0.299031
v -0.257869 0.500845 -0.275236
v -0.306847 0.503784 -0.269376
v -0.328896 0.549345 -0.318866
v -0.340777 0.524180 -0.295903
v -0.355490 0.511461 -0.263002
v -0.322952 0.496086 -0.225829
v -0.369969 0.506096 -0.221538
v -0.389198 0.524970 -0.295466
v -0.403144 0.516957 -0.261290
v -0.416963 0.510666 -0.221801
v -0.384178 0.500370 -0.174328
v -0.430799 0.504475 -0.176946
v -0.450905 0.517891 -0.265926
v -0.464963 0.511597 -0.226324
v -0.478099 0.505570 -0.182097
v -0.442681 0.498817 -0.129830
v -0.489395 0.499726 -0.135582
v -0.512931 0.509741 -0.233839
v -0.525732 0.503529 -0.189021
v -0.536381 0.496989 -0.142335
v -0.498788 0.494588 -0.087685
v -0.545403 0.491709 -0.094023
v -0.572086 0.495816 -0.197609
v -0.582884 0.489003 -0.149968
v -0.591658 0.483667 -0.100576
v -0.552950 0.488795 -0.044141
v -0.599103 0.481343 -0.050027
v -0.625338 0.471438 -0.158306
v -0.633852 0.465357 -0.107527
v -0.640898 0.462009 -0.055608
v -0.604992 0.480233 0.002014
v -0.645989 0.460016 -0.002482
v -0.667335 0.437071 -0.114092
v -0.673586 0.433034 -0.060776
v -0.678106 0.430848 -0.007055
v -0.649263 0.457770 0.050933
v -0.680973 0.429110 0.046407
v -0.696635 0.398653 -0.065434
v -0.700937 0.396659 -0.010913
v -0.703612 0.395546 0.042947
v -0.682668 0.427183 0.099439
v -0.704818 0.395156 0.096481
v -0.713531 0.358941 -0.013720
v -0.715585 0.358344 0.041204
v -0.716172 0.359012 0.095641
v -0.705204 0.395487 0.149654
v -0.715786 0.360950 0.149684
v -0.715475 0.318661 0.040639
v -0.715650 0.320233 0.096056
v -0.714750 0.323114 0.150733
v -0.715092 0.364354 0.203067
v -0.713478 0.327379 0.204660
v -0.702073 0.280174 0.096688
v -0.701944 0.283437 0.151832
v -0.701620 0.288055 0.206168
v -0.712956 0.333909 0.257569
v -0.700816 0.294879 0.259434
v -0.676864 0.243487 0.152751
v -0.677007 0.247894 0.207291
v -0.677406 0.254057 0.260863
v -0.699988 0.303687 0.311469
v -0.677441 0.262247 0.313008
v -0.642341 0.208013 0.208929
v -0.642335 0.213545 0.262536
v -0.642346 0.221025 0.314593
v -0.677589 0.272273 0.363670
v -0.643350 0.230154 0.364949
v -0.599759 0.174833 0.264720
v -0.599006 0.181153 0.316876
v -0.598582 0.189617 0.367211
v -0.644754 0.241637 0.413679
v -0.599503 0.200001 0.415517
v -0.550165 0.144598 0.319475
v -0.549121 0.150819 0.370583
v -0.548856 0.160027 0.419839
v -0.601279 0.213384 0.462011
v -0.549112 0.173458 0.467310
v -0.495322 0.116385 0.375388
v -0.494960 0.123584 0.426591
v -0.494541 0.137255 0.476068
v -0.550803 0.189829 0.512469
v -0.494569 0.155462 0.523416
v -0.434414 0.099471 0.435378
v -0.434318 0.111615 0.486940
v -0.435190 0.128001 0.537108
v -0.496403 0.175324 0.568968
v -0.437112 0.147826 0.586302
v -0.372353 0.091820 0.503083
v -0.375826 0.100645 0.557429
v -0.379965 0.116453 0.609934
v -0.440348 0.171455 0.633503
v -0.381160 0.143098 0.658603
v -0.312533 0.077601 0.578417
v -0.316165 0.090741 0.634376
v -0.319063 0.115815 0.686649
v -0.382019 0.175434 0.703486
v -0.317094 0.154119 0.730185
v -0.244132 0.081802 0.651893
v -0.246608 0.102128 0.706082
v -0.244447 0.138339 0.750795
v -0.315679 0.189423 0.772796
v -0.239126 0.176853 0.791568
v -0.169727 0.089628 0.718099
v -0.166590 0.123952 0.764448
v -0.159196 0.165402 0.802979
v -0.234867 0.202663 0.837295
v -0.148449 0.194855 0.844974
v -0.084450 0.112499 0.771484
v -0.074624 0.152184 0.807465
v -0.059676 0.184947 0.839004
v -0.137902 0.217704 0.876362
v -0.045857 0.204632 0.869091
v 0.018695 0.139908 0.799742
v 0.032021 0.172913 0.820446
v 0.044935 0.194139 0.844930
v -0.035912 0.232976 0.886836
v 0.056211 0.222304 0.865289
v 0.120743 0.165119 0.790961
v 0.130440 0.184547 0.810345
v 0.143575 0.213747 0.835464
v 0.065168 0.257713 0.875180
v 0.152358 0.253901 0.846307
v 0.210576 0.184441 0.767518
v 0.224314 0.208254 0.791104
v 0.233872 0.246287 0.804360
v 0.157870 0.288050 0.848662
v 0.239787 0.278067 0.807235
v 0.308030 0.204236 0.742307
v 0.317553 0.237815 0.749863
v 0.322701 0.266132 0.752227
v 0.248463 0.302272 0.813988
v 0.330931 0.287172 0.760222
v 0.395603 0.242448 0.685964
v 0.399074 0.266691 0.687163
v 0.406436 0.285188 0.693936
v 0.339987 0.313867 0.768307
v 0.414846 0.311776 0.703677
v 0.468638 0.271500 0.616546
v 0.479545 0.289682 0.626349
v 0.485100 0.318868 0.634898
v 0.414223 0.347031 0.702918
v 0.482706 0.348919 0.635073
v 0.547691 0.300250 0.554318
v 0.553900 0.329985 0.561222
v 0.553192 0.357339 0.563823
v 0.471174 0.380401 0.625843
v 0.542175 0.385794 0.560317
v 0.612972 0.329004 0.479070
v 0.613900 0.361930 0.479796
v 0.605696 0.392853 0.479973
v 0.523509 0.409603 0.547763
v 0.587593 0.417440 0.475430
v 0.654460 0.362425 0.388696
v 0.644168 0.398548 0.390309
v 0.628299 0.428265 0.390683
v 0.562541 0.435655 0.464298
v 0.606904 0.451997 0.387213
v 0.677328 0.405698 0.301281
v 0.669392 0.439716 0.303900
v 0.649799 0.467321 0.301706
v 0.579172 0.465361 0.376503
v 0.621533 0.479711 0.295170
v 0.690574 0.439391 0.203928
v 0.671615 0.466139 0.204174
v 0.643890 0.483992 0.204719
v 0.587877 0.486949 0.286401
v 0.607925 0.494484 0.204628
v 0.674785 0.470037 0.108372
v 0.646641 0.493305 0.115065
v 0.609131 0.506577 0.121405
v 0.559930 0.501844 0.200093
v 0.563288 0.514010 0.124526
v 0.641710 0.507383 0.030702
v 0.603020 0.522703 0.040943
v 0.557881 0.528861 0.048371
v 0.507794 0.515710 0.121304
v 0.506743 0.528585 0.051196
v 0.593442 0.540274 -0.037044
v 0.548138 0.545786 -0.026661
v 0.499958 0.543313 -0.019498
v 0.454205 0.522561 0.051135
v 0.449496 0.534198 -0.013956
v 0.534879 0.564358 -0.100999
v 0.487624 0.559855 -0.089833
v 0.438565 0.547622 -0.079249
v 0.399466 0.519511 -0.009193
v 0.390223 0.529759 -0.069437
v 0.469529 0.577581 -0.159369
v 0.421518 0.561970 -0.143295
v 0.374286 0.540571 -0.127964
v 0.343513 0.507988 -0.059662
v 0.329720 0.515619 -0.113783
v 0.397215 0.576216 -0.204621
v 0.351728 0.551107 -0.183347
v 0.309460 0.522803 -0.163832
v 0.287323 0.489569 -0.099391
v 0.269897 0.492546 -0.144716
v 0.322513 0.560760 -0.233412
v 0.283888 0.527978 -0.209272
v 0.248493 0.492932 -0.185278
v 0.234768 0.459655 -0.122959
v 0.218046 0.457131 -0.160173
v 0.254601 0.530697 -0.250852
v 0.223646 0.492060 -0.223952
v 0.196540 0.453116 -0.195354
v 0.197205 0.415230 -0.130443
v 0.179244 0.408534 -0.158583
v 0.192106 0.492003 -0.256119
v 0.170855 0.450546 -0.220634
v 0.155355 0.406876 -0.176798
v 0.160924 0.366913 -0.109342
v 0.139047 0.366979 -0.129773
v 0.133846 0.452774 -0.238547
v 0.121878 0.411364 -0.194258
v 0.110719 0.372984 -0.148414
v 0.117645 0.335450 -0.082625
v 0.094744 0.338820 -0.103360
v 0.080141 0.416478 -0.209846
v 0.071779 0.379104 -0.165606
v 0.063026 0.344003 -0.121636
v 0.073387 0.306943 -0.061304
v 0.048367 0.309480 -0.077243
v 0.026181 0.382090 -0.178186
v 0.021363 0.345697 -0.132755
v 0.014995 0.309747 -0.086169
v -0.021853 0.344519 -0.136286
v -0.019465 0.306566 -0.084808
v -0.064041 0.339880 -0.128418
v -0.049536 0.302896 -0.075417
v -0.036693 0.267025 -0.022811
v -0.018274 0.243036 0.014230
v -0.077736 0.301261 -0.057782
v -0.060334 0.271071 -0.009228
v -0.042060 0.247307 0.029741
v -0.083676 0.280531 0.010080
v -0.065067 0.258814 0.050503
v -0.045629 0.243858 0.081103
v -0.021351 0.233345 0.056716
v 0.003578 0.233780 0.034863
v 0.003252 0.229810 0.078708
v 0.028583 0.236766 0.053907
v 0.050545 0.255825 0.027448
v 0.026641 0.247413 0.013045
v 0.073390 0.280517 -0.005753
v 0.050888 0.274337 -0.021062
v 0.095761 0.307382 -0.042360
v 0.092614 0.290921 0.013590
v 0.114503 0.313726 -0.021124
v 0.136629 0.338272 -0.061607
v 0.129627 0.325222 0.000972
v 0.150089 0.347225 -0.039795
v 0.172977 0.374777 -0.085969
v 0.161675 0.359948 -0.014527
v 0.181169 0.385859 -0.056658
v 0.206927 0.421587 -0.095821
v 0.188452 0.395564 -0.025819
v 0.214053 0.428215 -0.062016
v 0.248114 0.461452 -0.084392
v 0.299239 0.485378 -0.050176
v 0.304572 0.480593 -0.000244
v 0.350747 0.501427 -0.005011
v 0.303880 0.475844 0.046647
v 0.351505 0.495507 0.048443
v 0.401979 0.511316 0.049752
v 0.347502 0.489291 0.099449
v 0.398978 0.503395 0.107484
v 0.452724 0.512304 0.115414
v 0.389550 0.496812 0.162400
v 0.444125 0.503666 0.176869
v 0.500872 0.505203 0.189557
v 0.427858 0.497863 0.235542
v 0.483947 0.497537 0.255179
v 0.541152 0.493325 0.273030
v 0.456805 0.492999 0.317769
v 0.508336 0.486160 0.341802
v 0.548814 0.476244 0.361579
v 0.466620 0.480154 0.405094
v 0.503864 0.466624 0.428265
v 0.534214 0.451508 0.447917
v 0.453606 0.463741 0.488102
v 0.479873 0.448289 0.510113
v 0.502312 0.430351 0.530041
v 0.415993 0.460527 0.567613
v 0.433437 0.437903 0.587143
v 0.451715 0.410808 0.606794
v 0.364938 0.443232 0.644431
v 0.388425 0.416283 0.671597
v 0.407616 0.382771 0.693733
v 0.320823 0.416729 0.729601
v 0.334679 0.383080 0.751492
v 0.341026 0.347204 0.764361
v 0.259701 0.396226 0.804708
v 0.262697 0.362660 0.819661
v 0.259172 0.330069 0.824306
v 0.177126 0.385218 0.866201
v 0.174271 0.350029 0.869314
v 0.166167 0.316249 0.858644
v 0.082117 0.361510 0.894882
v 0.079355 0.329046 0.890444
v 0.072060 0.294548 0.878739
v -0.014095 0.340974 0.914292
v -0.020204 0.304359 0.901794
v -0.027539 0.267081 0.895226
v -0.116147 0.318434 0.914887
v -0.122630 0.279898 0.905377
v -0.130169 0.245641 0.895571
v -0.216188 0.292419 0.900979
v -0.223425 0.257275 0.891077
v -0.229733 0.226210 0.871170
v -0.310558 0.272426 0.873656
v -0.315228 0.239870 0.852615
v -0.316719 0.213354 0.818842
v -0.393741 0.257835 0.828002
v -0.392557 0.227991 0.795134
v -0.386904 0.203175 0.750230
v -0.462333 0.247468 0.767188
v -0.453480 0.220349 0.724822
v -0.445651 0.195800 0.679343
v -0.500902 0.196105 0.612902
v -0.560681 0.227911 0.597739
v -0.554508 0.208006 0.555813
v -0.612757 0.268413 0.594747
v -0.608123 0.247640 0.551163
v -0.604282 0.229323 0.507053
v -0.647925 0.290340 0.554981
v -0.647857 0.271949 0.507779
v -0.646365 0.255609 0.461007
v -0.674815 0.313625 0.510507
v -0.677417 0.298262 0.461808
v -0.677931 0.284238 0.413125
v -0.694291 0.337741 0.462132
v -0.697324 0.325520 0.412325
v -0.699006 0.314018 0.362323
v -0.707125 0.362483 0.411227
v -0.709506 0.352184 0.360441
v -0.711427 0.342484 0.309347
v -0.710831 0.385844 0.358292
v -0.712671 0.377304 0.307066
v -0.714225 0.369924 0.255433
v -0.703387 0.408551 0.305064
v -0.704356 0.402128 0.253958
v -0.704938 0.397619 0.202338
v -0.683954 0.429855 0.253514
v -0.683923 0.426478 0.202881
v -0.683698 0.425921 0.151560
v -0.651336 0.450461 0.205227
v -0.650761 0.451123 0.154952
v -0.650649 0.454352 0.103602
v -0.610635 0.472278 0.158453
v -0.610106 0.475602 0.107359
v -0.608467 0.478672 0.054982
v -0.563838 0.485899 0.109708
v -0.562192 0.487295 0.058016
v -0.558721 0.488145 0.006731
v -0.514478 0.489430 0.061194
v -0.511380 0.490357 0.010927
v -0.506195 0.491491 -0.038734
v -0.464251 0.489890 0.014963
v -0.459313 0.491013 -0.033801
v -0.452246 0.493993 -0.082010
v -0.413335 0.487206 -0.029388
v -0.406281 0.489821 -0.077211
v -0.396677 0.494558 -0.125481
v -0.361299 0.482149 -0.073031
v -0.351578 0.486888 -0.122034
v -0.338662 0.492363 -0.173542
v -0.310105 0.470268 -0.118827
v -0.296732 0.474156 -0.172403
v -0.277318 0.481190 -0.233778
v -0.273495 0.445142 -0.111103
v -0.244040 0.423531 -0.050008
v -0.237170 0.417770 -0.096869
v -0.282008 0.445615 -0.062365
v -0.319686 0.467130 -0.068869
v -0.287685 0.446936 -0.016686
v -0.326439 0.465321 -0.021677
v -0.368301 0.479719 -0.025567
v -0.330450 0.464772 0.023896
v -0.373002 0.477848 0.021258
v -0.418017 0.486021 0.018578
v -0.374630 0.478263 0.068121
v -0.420331 0.485499 0.066811
v -0.467245 0.488939 0.064386
v -0.420599 0.485309 0.115569
v -0.468207 0.488378 0.114185
v -0.516012 0.488600 0.111975
v -0.467783 0.488460 0.164617
v -0.516434 0.488137 0.163091
v -0.564592 0.484363 0.161008
v -0.516475 0.488750 0.214373
v -0.565646 0.483969 0.211990
v -0.611609 0.471326 0.208772
v -0.567072 0.485520 0.262636
v -0.612800 0.473382 0.258643
v -0.652449 0.452953 0.255103
v -0.614108 0.476360 0.308124
v -0.653073 0.457384 0.304580
v -0.682997 0.434949 0.303949
v -0.653361 0.463231 0.354352
v -0.682038 0.442024 0.354309
v -0.701757 0.416282 0.355986
v -0.680160 0.449642 0.405282
v -0.698993 0.424496 0.407286
v -0.707964 0.395027 0.409565
v -0.694286 0.431847 0.459352
v -0.703190 0.403205 0.461034
v -0.702706 0.372312 0.461931
v -0.694967 0.409243 0.512619
v -0.695303 0.381208 0.512566
v -0.689474 0.350054 0.512091
v -0.683978 0.389707 0.564201
v -0.679559 0.362789 0.561896
v -0.669611 0.330225 0.559497
v -0.665250 0.373998 0.616934
v -0.659156 0.347234 0.610613
v -0.644750 0.310157 0.603208
v -0.637825 0.356158 0.669280
v -0.631374 0.324307 0.655468
v -0.589744 0.368570 0.736143
v -0.640056 0.376903 0.679202
v -0.591534 0.347970 0.727065
v -0.591816 0.322968 0.714079
v -0.533101 0.303026 0.762389
v -0.530943 0.331090 0.776886
v -0.527781 0.354405 0.785196
v -0.466032 0.279796 0.798914
v -0.462661 0.312411 0.816751
v -0.459103 0.340291 0.826756
v -0.527734 0.373859 0.794270
v -0.457005 0.366699 0.834262
v -0.389655 0.291567 0.848750
v -0.384030 0.325498 0.859815
v -0.380073 0.359667 0.868090
v -0.452601 0.388181 0.834123
v -0.377953 0.384681 0.874026
v -0.303817 0.308357 0.884638
v -0.298084 0.346745 0.893293
v -0.295290 0.377070 0.901082
v -0.371669 0.409260 0.866811
v -0.289723 0.402378 0.892962
v -0.210689 0.331462 0.912292
v -0.207202 0.366099 0.918754
v -0.203157 0.392884 0.911571
v -0.282832 0.425122 0.878510
v -0.198320 0.416796 0.896678
v -0.112164 0.354554 0.925600
v -0.109888 0.382811 0.922695
v -0.107714 0.407817 0.909722
v -0.193113 0.437800 0.874891
v -0.106061 0.428877 0.888219
v -0.012058 0.370731 0.915456
v -0.012258 0.396055 0.904549
v -0.014353 0.419238 0.885035
v -0.106062 0.447957 0.856804
v -0.020467 0.441632 0.855360
v 0.081794 0.391283 0.887904
v 0.078108 0.419393 0.871573
v 0.069926 0.446463 0.844828
v -0.027919 0.464428 0.816976
v 0.059543 0.472552 0.812626
v 0.174110 0.417088 0.850520
v 0.165878 0.445707 0.824766
v 0.152522 0.472359 0.791134
v 0.047451 0.492176 0.766618
v 0.131422 0.489875 0.747407
v 0.248856 0.426785 0.780119
v 0.230293 0.454776 0.746226
v 0.206209 0.479597 0.708519
v 0.107910 0.496514 0.697773
v 0.179059 0.492230 0.668332
v 0.298350 0.446138 0.697549
v 0.274001 0.467064 0.663797
v 0.250975 0.482703 0.631192
v 0.155985 0.495303 0.623724
v 0.226858 0.489838 0.594842
v 0.345362 0.466744 0.620652
v 0.324728 0.473628 0.594375
v 0.298075 0.477373 0.561292
v 0.200786 0.491311 0.552042
v 0.265902 0.482794 0.520370
v 0.393595 0.470300 0.544960
v 0.366423 0.474061 0.519563
v 0.326160 0.480156 0.480121
v 0.235316 0.482481 0.478523
v 0.288312 0.483471 0.441197
v 0.420683 0.475668 0.463552
v 0.378167 0.484832 0.431416
v 0.333851 0.487854 0.396351
v 0.251529 0.476229 0.402146
v 0.290706 0.481043 0.361073
v 0.420653 0.489684 0.376771
v 0.371987 0.491986 0.346364
v 0.324953 0.485080 0.315636
v 0.250705 0.466233 0.326601
v 0.280135 0.470550 0.285807
v 0.403786 0.494733 0.292245
v 0.352771 0.488782 0.266786
v 0.304438 0.475369 0.241847
v 0.238406 0.448832 0.257339
v 0.259023 0.455005 0.218212
v 0.374123 0.492392 0.215253
v 0.323695 0.479627 0.195880
v 0.275831 0.460893 0.176961
v 0.218095 0.428176 0.194316
v 0.232797 0.436262 0.157296
v 0.337969 0.484258 0.148371
v 0.288928 0.466396 0.134611
v 0.244978 0.442992 0.119738
v 0.196858 0.404937 0.134216
v 0.207625 0.413394 0.099435
v 0.298245 0.471384 0.091022
v 0.254109 0.447979 0.081639
v 0.216342 0.419699 0.065895
v 0.180850 0.383520 0.073889
v 0.191230 0.392737 0.040204
v 0.146544 0.346678 0.083469
v 0.168966 0.373377 0.108439
v 0.160535 0.359363 0.048009
v 0.173648 0.373974 0.011958
v 0.144440 0.340754 0.023847
v 0.109949 0.306298 0.035858
v 0.127394 0.324531 0.058852
v 0.090563 0.288761 0.067909
v 0.110374 0.309528 0.091619
v 0.131686 0.333882 0.116871
v 0.093268 0.295686 0.122645
v 0.116114 0.321271 0.149088
v 0.141191 0.350921 0.175254
v 0.155568 0.362301 0.142665
v 0.169508 0.384968 0.202020
v 0.183988 0.395322 0.168263
v 0.200859 0.419638 0.229174
v 0.152507 0.376514 0.233636
v 0.180683 0.412237 0.262614
v 0.213750 0.442389 0.293748
v 0.156376 0.406163 0.292935
v 0.185343 0.436089 0.327114
v 0.216666 0.459966 0.363311
v 0.152934 0.431777 0.355413
v 0.179522 0.453455 0.395605
v 0.206304 0.471230 0.435871
v 0.135187 0.456420 0.416742
v 0.154716 0.475875 0.460715
v 0.176213 0.486407 0.507225
v 0.101582 0.480618 0.476553
v 0.116558 0.488495 0.526186
v 0.135032 0.495012 0.575647
v 0.059310 0.488198 0.537807
v 0.072624 0.494864 0.591669
v 0.088681 0.496598 0.644845
v 0.013007 0.493132 0.597880
v 0.022815 0.496730 0.655514
v 0.034937 0.497999 0.711813
v -0.042428 0.494980 0.653740
v -0.037777 0.492853 0.711408
v -0.033742 0.483596 0.766703
v -0.106333 0.492347 0.702879
v -0.106989 0.482717 0.760075
v -0.106858 0.466868 0.814944
v -0.175236 0.486741 0.748479
v -0.181258 0.473804 0.803042
v -0.187502 0.457070 0.844361
v -0.251199 0.478458 0.783250
v -0.263472 0.463285 0.824488
v -0.274329 0.445505 0.856075
v -0.333519 0.469977 0.799561
v -0.349762 0.452082 0.830550
v -0.362329 0.431466 0.852200
v -0.417236 0.458119 0.795946
v -0.433121 0.435313 0.815872
v -0.446282 0.410861 0.831076
v -0.497436 0.443055 0.777660
v -0.512828 0.413967 0.789867
v -0.522366 0.390118 0.793323
v -0.575565 0.419610 0.746147
v -0.585306 0.400793 0.747758
v -0.589840 0.386050 0.745598
v -0.640122 0.412446 0.692589
v -0.643698 0.393805 0.688502
v -0.671207 0.418562 0.627561
v -0.669932 0.396674 0.623238
v -0.683793 0.414293 0.565674
v -0.663499 0.437906 0.628049
v -0.677049 0.437497 0.565739
v -0.686427 0.435851 0.511785
v -0.660756 0.459023 0.564154
v -0.669433 0.459512 0.510474
v -0.676344 0.456346 0.457518
v -0.643987 0.478829 0.508515
v -0.650534 0.476185 0.456311
v -0.653138 0.470317 0.404716
v -0.615336 0.490072 0.455212
v -0.616759 0.485523 0.406441
v -0.615699 0.480442 0.357416
v -0.569904 0.493526 0.408652
v -0.569925 0.490445 0.361554
v -0.568605 0.487669 0.312737
v -0.513968 0.495330 0.364315
v -0.515298 0.492827 0.315992
v -0.516162 0.490337 0.265521
v -0.460149 0.492810 0.318339
v -0.463910 0.491143 0.267164
v -0.466250 0.489589 0.215681
v -0.411677 0.487028 0.267206
v -0.416432 0.486105 0.215688
v -0.419287 0.485465 0.165031
v -0.367441 0.478836 0.213563
v -0.371771 0.479059 0.163810
v -0.374117 0.478827 0.115630
v -0.326123 0.466192 0.160638
v -0.329529 0.466472 0.114262
v -0.331244 0.465784 0.068777
v -0.287248 0.448590 0.111508
v -0.289757 0.449036 0.068931
v -0.290215 0.448133 0.026373
v -0.247609 0.425860 0.107032
v -0.206105 0.388404 0.130602
v -0.213444 0.396630 0.094156
v -0.241408 0.421582 0.145989
v -0.282281 0.447311 0.155313
v -0.233325 0.415271 0.185325
v -0.274639 0.445492 0.198899
v -0.320146 0.465329 0.207981
v -0.264067 0.443389 0.243089
v -0.311575 0.463858 0.256915
v -0.360651 0.478833 0.264365
v -0.404714 0.487849 0.319638
v -0.395628 0.491522 0.373602
v -0.455329 0.495390 0.368010
v -0.389112 0.496029 0.420676
v -0.450868 0.498652 0.413644
v -0.512012 0.498368 0.409811
v -0.447422 0.503314 0.456233
v -0.509628 0.502227 0.452668
v -0.568347 0.496351 0.453744
v -0.506812 0.507096 0.492848
v -0.564542 0.498953 0.497561
v -0.609315 0.491869 0.503794
v -0.557875 0.501893 0.539794
v -0.599924 0.492239 0.551954
v -0.634884 0.478210 0.560671
v -0.586168 0.492327 0.599208
v -0.620663 0.477284 0.614926
v -0.646625 0.457673 0.624400
v -0.591082 0.477588 0.671404
v -0.614092 0.455033 0.687455
v -0.630519 0.428282 0.692563
v -0.558102 0.450304 0.736450
v -0.539182 0.477519 0.719378
v -0.478634 0.469051 0.758508
v -0.515258 0.494606 0.693933
v -0.457307 0.487745 0.732803
v -0.397087 0.477873 0.767631
v -0.434202 0.499060 0.698027
v -0.375775 0.491985 0.730060
v -0.315626 0.484489 0.759259
v -0.357269 0.501387 0.684323
v -0.300226 0.496060 0.708897
v -0.239992 0.490886 0.730734
v -0.288088 0.502275 0.653648
v -0.230730 0.498828 0.673662
v -0.170517 0.495542 0.690370
v -0.224331 0.501063 0.616266
v -0.166267 0.499168 0.632318
v -0.105954 0.496639 0.645229
v -0.163189 0.498122 0.576038
v -0.105354 0.495755 0.588368
v -0.046276 0.493345 0.596253
v -0.104337 0.490634 0.533878
v -0.049597 0.486850 0.540537
v 0.004951 0.486850 0.541988
v -0.051985 0.478908 0.487074
v -0.002113 0.479144 0.488159
v 0.048434 0.480533 0.485011
v -0.006354 0.468868 0.436497
v 0.041131 0.468630 0.435433
v 0.089043 0.465268 0.428726
v 0.035352 0.447574 0.390211
v 0.075522 0.441504 0.384009
v 0.115677 0.434311 0.374187
v 0.060331 0.414275 0.343225
v 0.094357 0.408862 0.331991
v 0.126936 0.404877 0.316248
v 0.070957 0.377842 0.296280
v 0.102005 0.372241 0.281852
v 0.130300 0.371606 0.261377
v 0.077815 0.338655 0.254571
v 0.103872 0.337195 0.233092
v 0.124577 0.341670 0.206233
v 0.076480 0.306743 0.205118
v 0.097693 0.311403 0.179280
v 0.025535 0.280442 0.199639
v 0.052097 0.308176 0.227628
v 0.051165 0.278214 0.174975
v 0.073919 0.283985 0.150673
v 0.027601 0.255658 0.148317
v 0.051704 0.260066 0.123146
v 0.071600 0.272588 0.096856
v 0.028614 0.240589 0.099796
v 0.050651 0.252374 0.074057
v 0.070982 0.270386 0.045958
v -0.023329 0.236913 0.104502
v 0.002515 0.240503 0.125735
v -0.047792 0.253585 0.134470
v -0.023036 0.252168 0.154797
v 0.001098 0.261103 0.175338
v -0.049795 0.273305 0.185264
v -0.028395 0.278676 0.204534
v -0.004106 0.292557 0.224869
v -0.060566 0.304695 0.230210
v -0.036332 0.315144 0.248085
v -0.009410 0.333489 0.265346
v 0.022780 0.316596 0.247664
v 0.016432 0.356580 0.283302
v 0.046865 0.345607 0.270469
v 0.040782 0.384971 0.307469
v -0.038478 0.356101 0.282239
v -0.097561 0.376314 0.296310
v -0.065811 0.385567 0.307185
v -0.067729 0.343001 0.268873
v -0.120430 0.414223 0.333451
v -0.086138 0.420301 0.343056
v -0.140051 0.448947 0.377945
v -0.096584 0.453494 0.383727
v -0.051518 0.453905 0.387038
v -0.100734 0.472431 0.431302
v -0.052641 0.469455 0.434720
v -0.006950 0.451205 0.389945
v -0.103048 0.482539 0.481617
v -0.151393 0.472355 0.425707
v -0.156978 0.486278 0.471946
v -0.160495 0.494156 0.522001
v -0.217501 0.496098 0.507244
v -0.220195 0.499652 0.560504
v -0.272647 0.496982 0.492021
v -0.275403 0.500371 0.543672
v -0.279952 0.502814 0.597672
v -0.330283 0.501345 0.526856
v -0.334346 0.504596 0.577460
v -0.342748 0.505724 0.630782
v -0.388174 0.507588 0.556615
v -0.395178 0.509795 0.605551
v -0.411936 0.506637 0.654836
v -0.444311 0.511825 0.538970
v -0.503150 0.512925 0.530436
v -0.445088 0.507703 0.497692
v -0.386327 0.503837 0.510346
v -0.386642 0.499900 0.465608
v -0.327813 0.497860 0.477968
v -0.154351 0.408997 0.318777
v -0.183161 0.406469 0.295858
v -0.127632 0.367738 0.283750
v -0.155220 0.360671 0.265758
v -0.208468 0.405761 0.263106
v -0.177301 0.360307 0.239287
v -0.095209 0.333331 0.253667
v -0.117498 0.327705 0.234900
v -0.135800 0.328203 0.210807
v -0.190226 0.366846 0.206070
v -0.151257 0.334390 0.182598
v -0.080819 0.300440 0.210933
v -0.099826 0.300775 0.186747
v -0.117961 0.308148 0.158045
v -0.164365 0.346652 0.147866
v -0.134080 0.321299 0.124516
v -0.071512 0.275778 0.162857
v -0.091840 0.284698 0.134717
v -0.109329 0.298732 0.100292
v -0.148858 0.335785 0.087146
v -0.126709 0.315368 0.061842
v -0.068738 0.262701 0.108817
v -0.087076 0.277331 0.075243
v -0.105494 0.296136 0.035386
v -0.145384 0.333280 0.021078
v -0.126217 0.317165 -0.006318
v -0.103745 0.305466 -0.034289
v -0.098752 0.334151 -0.110903
v -0.129462 0.333371 -0.084978
v -0.152094 0.341133 -0.053934
v -0.159272 0.369600 -0.153970
v -0.187946 0.370787 -0.107887
v -0.200350 0.383260 -0.065835
v -0.169357 0.354294 -0.022766
v -0.210053 0.394269 -0.026114
v -0.184430 0.369452 0.010343
v -0.164746 0.351217 0.047946
v -0.186089 0.371227 0.072123
v -0.175054 0.359726 0.110699
v -0.198404 0.377469 0.168743
v -0.224039 0.408915 0.224885
v -0.120468 0.373712 -0.173975
v -0.073782 0.379776 -0.184378
v -0.072576 0.423475 -0.239982
v -0.022839 0.382478 -0.185171
v -0.019070 0.422437 -0.233958
v -0.009697 0.461723 -0.277837
v -0.063349 0.463253 -0.286375
v 0.003771 0.501007 -0.318339
v -0.049718 0.499752 -0.326382
v -0.103733 0.499931 -0.330984
v -0.034478 0.539115 -0.366172
v -0.088116 0.536379 -0.370251
v -0.157443 0.504554 -0.329259
v -0.019563 0.581930 -0.405746
v 0.019620 0.541849 -0.358232
v 0.035820 0.584377 -0.398871
v 0.050782 0.628537 -0.438079
v 0.090520 0.585869 -0.386224
v 0.108947 0.629018 -0.426193
v 0.127004 0.665650 -0.472644
v 0.167347 0.625945 -0.408104
v 0.190661 0.660564 -0.452797
v 0.211778 0.684068 -0.502714
v 0.252490 0.653024 -0.425010
v 0.278975 0.674324 -0.473637
v 0.304803 0.678224 -0.526992
v 0.344021 0.665545 -0.434247
v 0.374829 0.670998 -0.481469
v 0.405315 0.659079 -0.526028
v 0.439992 0.655156 -0.420975
v 0.471799 0.643915 -0.457804
v 0.498511 0.612546 -0.490744
v 0.528101 0.622041 -0.379085
v 0.554210 0.593036 -0.406500
v 0.573669 0.552286 -0.430316
v 0.597177 0.565582 -0.318464
v 0.616067 0.525591 -0.341068
v 0.629637 0.479064 -0.362482
v 0.649200 0.496852 -0.252214
v 0.663273 0.450817 -0.271583
v 0.668724 0.401683 -0.289825
v 0.687893 0.424169 -0.181832
v 0.697361 0.377658 -0.195933
v 0.691876 0.332847 -0.202795
v 0.713707 0.360084 -0.097203
v 0.705909 0.317359 -0.099731
v 0.700599 0.289092 -0.099179
v 0.709074 0.312757 0.004350
v 0.704637 0.285838 0.004869
v 0.695977 0.268197 0.005197
v 0.700221 0.290653 0.106350
v 0.691982 0.268270 0.105082
v 0.677067 0.254632 0.102270
v 0.681856 0.274385 0.199066
v 0.668413 0.253485 0.196031
v 0.653707 0.239173 0.193572
v 0.652565 0.251755 0.286888
v 0.635393 0.236972 0.283716
v 0.631048 0.215118 0.282184
v 0.607259 0.230379 0.370849
v 0.603103 0.206029 0.369769
v 0.594606 0.176645 0.366502
v 0.559797 0.199989 0.452366
v 0.549812 0.168525 0.447998
v 0.531993 0.127120 0.437756
v 0.494249 0.163071 0.523265
v 0.476243 0.121719 0.511362
v 0.449157 0.080926 0.489505
v 0.416393 0.122913 0.581830
v 0.392058 0.080739 0.558672
v 0.354428 0.057032 0.523401
v 0.329058 0.085746 0.622399
v 0.294203 0.059258 0.581937
v 0.255705 0.040985 0.537434
v 0.227930 0.062689 0.632454
v 0.193415 0.045037 0.582222
v 0.158771 0.028251 0.530626
v 0.126500 0.049905 0.620114
v 0.097062 0.033521 0.563148
v 0.067892 0.019021 0.504158
v 0.032999 0.039372 0.587053
v 0.008787 0.024849 0.525676
v -0.015749 0.014335 0.463184
v -0.052893 0.029854 0.540538
v -0.073055 0.019147 0.476441
v -0.093199 0.013631 0.411712
v -0.131528 0.023775 0.482887
v -0.147325 0.019204 0.417859
v -0.163018 0.018446 0.352192
v -0.201932 0.028039 0.418361
v -0.213583 0.027593 0.353209
v -0.226469 0.027105 0.288017
v -0.266111 0.039570 0.349687
v -0.276796 0.038284 0.286603
v -0.287080 0.038385 0.224501
v -0.329720 0.051681 0.283197
v -0.337787 0.050934 0.223697
v -0.345382 0.050896 0.164461
v -0.391009 0.066748 0.221635
v -0.396710 0.066172 0.164276
v -0.401622 0.065824 0.107054
v -0.449567 0.085025 0.163190
v -0.453423 0.083805 0.107056
v -0.456267 0.082787 0.050733
v -0.505578 0.105262 0.105994
v -0.507408 0.103462 0.049896
v -0.507781 0.102493 -0.006780
v -0.556296 0.130034 0.047860
v -0.555956 0.128790 -0.008737
v -0.554408 0.127922 -0.065926
v -0.599812 0.161534 -0.011331
v -0.597591 0.161114 -0.068352
v -0.594455 0.161537 -0.125618
v -0.636882 0.198380 -0.070573
v -0.633069 0.199881 -0.127332
v -0.627554 0.204063 -0.183418
v -0.666395 0.240691 -0.128663
v -0.660768 0.245271 -0.184221
v -0.654011 0.252481 -0.238656
v -0.685177 0.287932 -0.184589
v -0.677467 0.295316 -0.238618
v -0.667810 0.305355 -0.291420
v -0.688583 0.338051 -0.236847
v -0.677419 0.347372 -0.288713
v -0.663601 0.358771 -0.338584
v -0.673330 0.387354 -0.282906
v -0.658908 0.396550 -0.331414
v -0.643564 0.407713 -0.377115
v -0.644492 0.431676 -0.322404
v -0.629907 0.440348 -0.366602
v -0.614763 0.451480 -0.408057
v -0.606034 0.471247 -0.354630
v -0.591140 0.480626 -0.393467
v -0.577616 0.494264 -0.426590
v -0.557404 0.506385 -0.376561
v -0.544975 0.517531 -0.404906
v -0.539139 0.541890 -0.427726
v -0.506761 0.535435 -0.384213
v -0.499899 0.558547 -0.401204
v -0.532459 0.573958 -0.448222
v -0.506327 0.606535 -0.475548
v -0.465829 0.632361 -0.501741
v -0.485220 0.622622 -0.544244
v -0.419189 0.654689 -0.523090
v -0.432015 0.644785 -0.569491
v -0.441340 0.626308 -0.611496
v -0.378703 0.662644 -0.591922
v -0.384323 0.638626 -0.637749
v -0.393247 0.604024 -0.674080
v -0.329514 0.642631 -0.662866
v -0.340550 0.603036 -0.703144
v -0.356463 0.561007 -0.732316
v -0.284348 0.602077 -0.732952
v -0.297652 0.557863 -0.766466
v -0.310683 0.513933 -0.786748
v -0.230262 0.555373 -0.797575
v -0.237838 0.507888 -0.818734
v -0.241278 0.458129 -0.819730
v -0.154806 0.501824 -0.839875
v -0.157692 0.447666 -0.837809
v -0.158987 0.396516 -0.817055
v -0.069415 0.436879 -0.842262
v -0.073647 0.388273 -0.819746
v -0.076074 0.363922 -0.797608
v 0.015736 0.383031 -0.813877
v 0.011363 0.361929 -0.794403
v 0.007621 0.346275 -0.777559
v 0.101845 0.359379 -0.782337
v 0.096419 0.345981 -0.767741
v 0.094971 0.328273 -0.774469
v 0.187200 0.342600 -0.747864
v 0.187083 0.327691 -0.756755
v 0.187983 0.304955 -0.772119
v 0.274211 0.322830 -0.721155
v 0.279082 0.300664 -0.734858
v 0.275021 0.265910 -0.734818
v 0.359986 0.290599 -0.681705
v 0.356506 0.252236 -0.681795
v 0.336193 0.219649 -0.661494
v 0.422625 0.237089 -0.607295
v 0.399785 0.204106 -0.591976
v 0.366397 0.172736 -0.568117
v 0.453098 0.186080 -0.513687
v 0.416280 0.154514 -0.492753
v 0.373993 0.123011 -0.465908
v 0.459277 0.139175 -0.416847
v 0.415126 0.107518 -0.393198
v 0.368641 0.078984 -0.365969
v 0.451472 0.093675 -0.318477
v 0.402696 0.066181 -0.294829
v 0.350258 0.044201 -0.267349
v 0.427648 0.060258 -0.221367
v 0.372225 0.039871 -0.198108
v 0.314325 0.024849 -0.172248
v 0.386026 0.037992 -0.128780
v 0.325526 0.023721 -0.107109
v 0.263354 0.011099 -0.085100
v 0.330145 0.021713 -0.044393
v 0.266097 0.010430 -0.026857
v 0.201256 0.004405 -0.005918
v 0.263946 0.008820 0.027659
v 0.198135 0.003711 0.044308
v 0.141473 0.002126 0.067678
v 0.190664 0.002968 0.093187
v 0.143715 0.001951 0.116045
v 0.109290 0.001500 0.143408
v 0.101810 0.001511 0.235012
v 0.074363 0.001310 0.176914
v 0.131442 0.001479 0.200118
v 0.155727 0.001823 0.168091
v 0.172400 0.001255 0.259733
v 0.197112 0.001743 0.226453
v 0.253000 0.001241 0.271014
v 0.278254 0.004613 0.228625
v 0.338109 0.011884 0.251855
v 0.298719 0.008732 0.181421
v 0.360140 0.019509 0.195106
v 0.417600 0.035078 0.209319
v 0.376278 0.024539 0.135530
v 0.435163 0.041525 0.142280
v 0.490184 0.061781 0.150226
v 0.445903 0.046694 0.071903
v 0.501646 0.068662 0.073310
v 0.555670 0.091007 0.077160
v 0.506614 0.074210 -0.004872
v 0.560941 0.097311 -0.007750
v 0.609789 0.128161 -0.006413
v 0.559254 0.104778 -0.092872
v 0.607949 0.136190 -0.097042
v 0.644973 0.177725 -0.096606
v 0.596532 0.143826 -0.187458
v 0.633272 0.183179 -0.192377
v 0.653359 0.220606 -0.194775
v 0.609928 0.187524 -0.284845
v 0.630287 0.225317 -0.291141
v 0.634786 0.255978 -0.292987
v 0.588681 0.239802 -0.376659
v 0.589761 0.272549 -0.379044
v 0.600404 0.292029 -0.387303
v 0.549931 0.282238 -0.465018
v 0.554653 0.304071 -0.471882
v 0.547707 0.321367 -0.469803
v 0.488010 0.313140 -0.539392
v 0.488311 0.333624 -0.542046
v 0.499054 0.347582 -0.552380
v 0.428899 0.341225 -0.612061
v 0.440607 0.359703 -0.624297
v 0.456568 0.398485 -0.634916
v 0.372891 0.370617 -0.687614
v 0.387821 0.415274 -0.699363
v 0.400352 0.466634 -0.705389
v 0.303924 0.414545 -0.750814
v 0.313801 0.468950 -0.758930
v 0.315266 0.515568 -0.755280
v 0.221981 0.472629 -0.802650
v 0.222298 0.528259 -0.795596
v 0.216268 0.578963 -0.772202
v 0.125011 0.538098 -0.821620
v 0.120067 0.589500 -0.794459
v 0.114314 0.633314 -0.757631
v 0.024809 0.596411 -0.801827
v 0.022340 0.639852 -0.763209
v 0.021441 0.675528 -0.717924
v -0.065211 0.643350 -0.757585
v -0.061755 0.678683 -0.711555
v -0.056143 0.698327 -0.658274
v -0.136802 0.679493 -0.693577
v -0.126355 0.699100 -0.640047
v -0.116964 0.702320 -0.582798
v -0.190240 0.697441 -0.615374
v -0.180917 0.701156 -0.561277
v -0.176495 0.688635 -0.509374
v -0.243052 0.694758 -0.541023
v -0.235381 0.680080 -0.491991
v -0.226453 0.652231 -0.446516
v -0.287102 0.668386 -0.472925
v -0.275130 0.641727 -0.429817
v -0.270184 0.613541 -0.390336
v -0.321676 0.631598 -0.410622
v -0.317373 0.606489 -0.373888
v -0.319796 0.577795 -0.343455
v -0.362852 0.594512 -0.363138
v -0.369110 0.569186 -0.339816
v -0.377580 0.543384 -0.320097
v -0.414782 0.559180 -0.345970
v -0.424321 0.537719 -0.328254
v -0.436892 0.524479 -0.301409
v -0.471511 0.531505 -0.343152
v -0.484621 0.522472 -0.312460
v -0.498680 0.515849 -0.274997
v -0.530594 0.515791 -0.325992
v -0.545009 0.508626 -0.286724
v -0.559289 0.502084 -0.243755
v -0.586344 0.490969 -0.299840
v -0.600978 0.485019 -0.255165
v -0.614631 0.478865 -0.207824
v -0.635124 0.457818 -0.266178
v -0.648315 0.451092 -0.217579
v -0.658920 0.443290 -0.166345
v -0.671818 0.417197 -0.225730
v -0.682650 0.409448 -0.173794
v -0.690835 0.402774 -0.119967
v -0.696346 0.371640 -0.179748
v -0.704279 0.365294 -0.124908
v -0.709981 0.361042 -0.069287
v -0.704715 0.324536 -0.128233
v -0.709991 0.320457 -0.071948
v -0.713657 0.318601 -0.015465
v -0.696556 0.279292 -0.073010
v -0.700190 0.277819 -0.016138
v -0.702237 0.278160 0.040607
v -0.674091 0.237606 -0.015423
v -0.676483 0.237967 0.041199
v -0.676734 0.240191 0.097318
v -0.641361 0.199186 0.042797
v -0.641814 0.201253 0.098862
v -0.642013 0.204158 0.154301
v -0.601123 0.164687 0.101249
v -0.600774 0.167265 0.156614
v -0.600395 0.170359 0.211191
v -0.553619 0.135308 0.159134
v -0.552355 0.137675 0.213552
v -0.551398 0.140346 0.267112
v -0.500133 0.109671 0.216020
v -0.497873 0.111495 0.269969
v -0.496133 0.113563 0.323024
v -0.441520 0.088038 0.273834
v -0.438201 0.089863 0.328252
v -0.435758 0.092840 0.382243
v -0.379873 0.070036 0.335270
v -0.375170 0.074302 0.391704
v -0.372253 0.081837 0.447933
v -0.315433 0.057353 0.402786
v -0.311822 0.063623 0.462491
v -0.310665 0.070586 0.520812
v -0.251741 0.044912 0.475450
v -0.245809 0.056594 0.536002
v -0.243510 0.068036 0.595178
v -0.181470 0.039546 0.546797
v -0.174411 0.053538 0.606223
v -0.170238 0.070731 0.663623
v -0.103130 0.045315 0.609640
v -0.093047 0.060887 0.669283
v -0.088451 0.081881 0.724294
v -0.017507 0.059782 0.663328
v -0.005374 0.078134 0.721412
v 0.005425 0.103708 0.769339
v 0.076648 0.072884 0.704799
v 0.096322 0.100288 0.751575
v 0.111861 0.137590 0.777492
v 0.182381 0.097629 0.721364
v 0.197904 0.136130 0.744738
v 0.204130 0.162060 0.754891
v 0.276987 0.133733 0.701177
v 0.284324 0.161281 0.711084
v 0.292678 0.182579 0.722889
v 0.361215 0.162955 0.657482
v 0.375034 0.184147 0.671407
v 0.388217 0.212939 0.682151
v 0.447625 0.192020 0.605897
v 0.458784 0.224378 0.612398
v 0.463754 0.250033 0.614205
v 0.518022 0.226464 0.534744
v 0.524186 0.251061 0.536964
v 0.532385 0.276592 0.541792
v 0.578885 0.245141 0.460448
v 0.593636 0.268160 0.469183
v 0.604228 0.297587 0.475963
v 0.637916 0.264871 0.382213
v 0.647246 0.291137 0.386075
v 0.656767 0.322248 0.388795
v 0.678523 0.299522 0.291968
v 0.688969 0.329475 0.296580
v 0.684662 0.367751 0.299025
v 0.705684 0.331493 0.203181
v 0.706665 0.366791 0.203223
v 0.700677 0.404279 0.203038
v 0.713129 0.359102 0.103633
v 0.706471 0.401101 0.101549
v 0.692841 0.438063 0.103402
v 0.707080 0.399208 0.003991
v 0.691190 0.441297 0.009140
v 0.670384 0.479242 0.019307
v 0.685186 0.451218 -0.079814
v 0.663092 0.492733 -0.065052
v 0.633014 0.523715 -0.050150
v 0.649845 0.512181 -0.147554
v 0.619643 0.543806 -0.129647
v 0.579994 0.560399 -0.113803
v 0.599672 0.568094 -0.210606
v 0.560515 0.583001 -0.191385
v 0.516704 0.584963 -0.174978
v 0.532359 0.607613 -0.270671
v 0.490318 0.606798 -0.248973
v 0.444202 0.596446 -0.226803
v 0.452922 0.629372 -0.319770
v 0.409415 0.614736 -0.289590
v 0.364663 0.590171 -0.260126
v 0.364903 0.630976 -0.344047
v 0.324739 0.602483 -0.309401
v 0.286548 0.569175 -0.277144
v 0.277660 0.613078 -0.349782
v 0.244071 0.577244 -0.313657
v 0.216998 0.535218 -0.285014
v 0.195783 0.583132 -0.343695
v 0.172052 0.540331 -0.310693
v 0.151023 0.495766 -0.277475
v 0.123080 0.542927 -0.331166
v 0.104773 0.499103 -0.294006
v 0.090493 0.456641 -0.253187
v 0.055533 0.500865 -0.307559
v 0.042112 0.459840 -0.266394
v 0.032578 0.420291 -0.223308
v 0.072282 0.543463 -0.347072
v 0.144184 0.585537 -0.368161
v 0.224274 0.620193 -0.383103
v 0.311778 0.643924 -0.389568
v 0.404175 0.649994 -0.382344
v 0.493124 0.632938 -0.349223
v 0.569909 0.594803 -0.294470
v 0.628776 0.537311 -0.231492
v 0.671975 0.470697 -0.165697
v 0.702413 0.405295 -0.090581
v 0.716224 0.353918 0.003745
v 0.708781 0.319178 0.105959
v 0.688849 0.304697 0.200595
v 0.669699 0.271775 0.289914
v 0.621238 0.246694 0.375433
v 0.566984 0.226611 0.454570
v 0.508152 0.196423 0.530751
v 0.431003 0.163264 0.593506
v 0.350748 0.129098 0.646777
v 0.259328 0.093086 0.677623
v 0.155531 0.067640 0.674538
v 0.055782 0.055451 0.647359
v -0.033821 0.043803 0.602687
v -0.116245 0.032897 0.547431
v -0.190922 0.029335 0.483497
v -0.257837 0.041512 0.412764
v -0.322038 0.053582 0.342876
v -0.385098 0.067758 0.278546
v -0.445435 0.086396 0.218839
v -0.502749 0.107675 0.161430
v -0.555228 0.132511 0.103880
v -0.600861 0.162813 0.045232
v -0.639572 0.198366 -0.013706
v -0.670684 0.238471 -0.072244
v -0.691500 0.282561 -0.129394
v -0.697840 0.330496 -0.183369
v -0.685884 0.379203 -0.232340
v -0.658709 0.424295 -0.275246
v -0.620619 0.464197 -0.311903
v -0.571778 0.497827 -0.340850
v -0.516965 0.523374 -0.359739
v -0.461591 0.547862 -0.362732
v -0.405621 0.581221 -0.362509
v -0.452061 0.570090 -0.377346
v -0.364544 0.618782 -0.393717
v -0.334311 0.655477 -0.452240
v -0.376541 0.640993 -0.432367
v -0.352994 0.672127 -0.497074
v -0.398710 0.654927 -0.477109
v -0.368780 0.673529 -0.544516
v -0.301233 0.685976 -0.519473
v -0.312390 0.688288 -0.568040
v -0.320929 0.673117 -0.616725
v -0.251508 0.693393 -0.591213
v -0.262583 0.676700 -0.642462
v -0.273586 0.643443 -0.690341
v -0.202523 0.677822 -0.668518
v -0.212462 0.643825 -0.717400
v -0.221053 0.601240 -0.761152
v -0.144093 0.644073 -0.741194
v -0.148903 0.601133 -0.783877
v -0.152100 0.553930 -0.820447
v -0.066060 0.600435 -0.798117
v -0.065285 0.551765 -0.831849
v -0.065855 0.495568 -0.847859
v 0.027842 0.546434 -0.833080
v 0.027531 0.488628 -0.846105
v 0.022246 0.427650 -0.836781
v 0.124830 0.480313 -0.831887
v 0.116802 0.419882 -0.820659
v 0.107340 0.377743 -0.798391
v 0.211966 0.414538 -0.791636
v 0.199611 0.373350 -0.772769
v 0.192981 0.356328 -0.759533
v 0.290074 0.371155 -0.736338
v 0.280219 0.351117 -0.723094
v 0.272819 0.338623 -0.712535
v 0.360543 0.346569 -0.674510
v 0.351999 0.334987 -0.663695
v 0.354408 0.315608 -0.670631
v 0.422739 0.324016 -0.604933
v 0.425718 0.303359 -0.609669
v 0.428925 0.274659 -0.612378
v 0.490795 0.290728 -0.540364
v 0.490592 0.263544 -0.537356
v 0.479761 0.224251 -0.528433
v 0.545549 0.254492 -0.458120
v 0.530948 0.210421 -0.450430
v 0.499524 0.171514 -0.436930
v 0.572402 0.195646 -0.370072
v 0.539923 0.158950 -0.356923
v 0.497615 0.125675 -0.339157
v 0.574288 0.150632 -0.274204
v 0.528249 0.117620 -0.259308
v 0.479214 0.086725 -0.241485
v 0.548782 0.111536 -0.177107
v 0.496708 0.083289 -0.162996
v 0.442986 0.056911 -0.147352
v 0.505087 0.079144 -0.084057
v 0.450187 0.053484 -0.072951
v 0.392250 0.035140 -0.060126
v 0.450673 0.050241 0.000300
v 0.391968 0.031312 0.007625
v 0.329491 0.019120 0.017066
v 0.387077 0.028520 0.073027
v 0.323813 0.016271 0.075154
v 0.257101 0.006862 0.079848
v 0.313839 0.012755 0.129135
v 0.034864 0.001588 0.211169
v -0.560520 0.493292 0.646764
v -0.089791 0.004462 0.136935
v -0.130737 0.009198 0.081921
v -0.092182 0.004626 0.073918
v -0.130944 0.009264 0.025982
v -0.087455 0.004494 0.019412
v -0.130632 0.009990 -0.025921
v -0.085542 0.005475 -0.031645
v -0.035363 0.001660 -0.039201
v -0.088414 0.010252 -0.080294
v -0.043213 0.007770 -0.086930
v 0.007604 0.006478 -0.098336
v -0.056224 0.014490 -0.132855
v -0.011672 0.013056 -0.141168
v 0.042395 0.012415 -0.158827
v -0.068143 0.020435 -0.180770
v -0.095530 0.016049 -0.129486
v -0.101325 0.021760 -0.181939
v -0.095315 0.029173 -0.249019
v -0.068238 0.027477 -0.241371
v -0.030576 0.035767 -0.308188
v -0.066480 0.038519 -0.319193
v 0.013914 0.044950 -0.369981
v -0.029834 0.049159 -0.386268
v -0.127615 0.030573 -0.253404
v -0.105011 0.040606 -0.325594
v -0.075285 0.052647 -0.396096
v 0.007412 0.063362 -0.451523
v -0.044315 0.068162 -0.464587
v -0.146133 0.042573 -0.327816
v -0.123301 0.055577 -0.399978
v -0.098481 0.072214 -0.470401
v -0.013873 0.088277 -0.531612
v -0.074250 0.092789 -0.539304
v -0.173123 0.058495 -0.397658
v -0.154499 0.075883 -0.468781
v -0.135876 0.097411 -0.538116
v -0.052278 0.119967 -0.605539
v -0.119412 0.125210 -0.604867
v -0.210614 0.079838 -0.460801
v -0.196897 0.101823 -0.530157
v -0.185699 0.129882 -0.595725
v -0.107635 0.160006 -0.663627
v -0.178939 0.162902 -0.652681
v -0.257136 0.107556 -0.516349
v -0.250222 0.135800 -0.579985
v -0.247089 0.168172 -0.636054
v -0.177359 0.194892 -0.702232
v -0.248075 0.199297 -0.682763
v -0.311231 0.145705 -0.560430
v -0.310942 0.176939 -0.615089
v -0.313352 0.206432 -0.659218
v -0.250483 0.228432 -0.718695
v -0.315859 0.235329 -0.692118
v -0.369201 0.189538 -0.594130
v -0.372888 0.218417 -0.635840
v -0.375197 0.247765 -0.665935
v -0.314640 0.269186 -0.713478
v -0.370878 0.284036 -0.683180
v -0.425456 0.237316 -0.616919
v -0.424706 0.270701 -0.647464
v -0.417410 0.308571 -0.658995
v -0.363475 0.314180 -0.686019
v -0.465065 0.302498 -0.636034
v -0.460689 0.341276 -0.647071
v -0.495676 0.333465 -0.631717
v -0.482792 0.363434 -0.649387
v -0.467145 0.378850 -0.663321
v -0.498629 0.389196 -0.649354
v -0.473740 0.404994 -0.669363
v -0.426859 0.378591 -0.686983
v -0.362644 0.350654 -0.701682
v -0.300499 0.324347 -0.715101
v -0.359031 0.334959 -0.687148
v -0.306996 0.302350 -0.717712
v -0.243429 0.296038 -0.750115
v -0.249893 0.262092 -0.743692
v -0.176618 0.252762 -0.766674
v -0.178588 0.222554 -0.740670
v -0.098402 0.214992 -0.755005
v -0.101051 0.191048 -0.713841
v -0.022226 0.186579 -0.712741
v -0.034673 0.154494 -0.662734
v 0.038900 0.148076 -0.651723
v 0.014921 0.113854 -0.596266
v 0.079424 0.107158 -0.575400
v 0.044187 0.082738 -0.514799
v 0.098637 0.076798 -0.488540
v 0.056400 0.057983 -0.430361
v 0.102134 0.051593 -0.401072
v 0.056031 0.039725 -0.345909
v 0.095335 0.032996 -0.313724
v -0.510407 0.425840 -0.647854
v -0.519020 0.363803 -0.628561
v -0.537371 0.401650 -0.623957
v -0.546862 0.445445 -0.614485
v -0.580734 0.454873 -0.569421
v -0.574678 0.412480 -0.582913
v -0.557870 0.369258 -0.590893
v -0.589463 0.376723 -0.540373
v -0.569803 0.334441 -0.547634
v -0.534166 0.330531 -0.596243
v -0.542321 0.295463 -0.552304
v -0.579379 0.301139 -0.499361
v -0.547824 0.263030 -0.502072
v -0.505123 0.296121 -0.600760
v -0.508814 0.261007 -0.557536
v -0.510121 0.229472 -0.507008
v -0.553093 0.236513 -0.449526
v -0.512195 0.202618 -0.453335
v -0.468418 0.231732 -0.565055
v -0.466742 0.200992 -0.514636
v -0.467752 0.173483 -0.460426
v -0.517319 0.180694 -0.400564
v -0.472158 0.150185 -0.405808
v -0.418995 0.176718 -0.526150
v -0.419972 0.148872 -0.470211
v -0.424510 0.125056 -0.412440
v -0.478976 0.130500 -0.350369
v -0.431033 0.105001 -0.354782
v -0.369677 0.129821 -0.483060
v -0.374467 0.106457 -0.422213
v -0.380037 0.087453 -0.360919
v -0.437773 0.090402 -0.296613
v -0.387117 0.072043 -0.300465
v -0.321213 0.094247 -0.435122
v -0.327876 0.076417 -0.370154
v -0.335795 0.061190 -0.306081
v -0.394919 0.062408 -0.239730
v -0.344033 0.051823 -0.242528
v -0.275930 0.068578 -0.380701
v -0.285650 0.053774 -0.313174
v -0.295071 0.043720 -0.246502
v -0.350786 0.049818 -0.180915
v -0.302425 0.040569 -0.182326
v -0.237313 0.048216 -0.320146
v -0.248823 0.036972 -0.250821
v -0.257091 0.031658 -0.184104
v -0.307268 0.040233 -0.122834
v -0.261872 0.028910 -0.124150
v -0.204951 0.033461 -0.254029
v -0.213874 0.026087 -0.185832
v -0.217855 0.020681 -0.125719
v -0.263434 0.028532 -0.067999
v -0.219018 0.017901 -0.070779
v -0.173466 0.024333 -0.186070
v -0.175566 0.018878 -0.126705
v -0.175248 0.014975 -0.073443
v -0.218300 0.019202 -0.016616
v -0.174594 0.013975 -0.021108
v -0.135134 0.017559 -0.127670
v -0.131984 0.012947 -0.076261
v -0.136341 0.023083 -0.184539
v -0.164177 0.031923 -0.255134
v -0.190556 0.044581 -0.325772
v -0.224371 0.062686 -0.390525
v -0.266582 0.085689 -0.448785
v -0.315204 0.116690 -0.499393
v -0.367602 0.158696 -0.541624
v -0.421659 0.207633 -0.577075
v -0.469695 0.265197 -0.606271
v -0.173457 0.014238 0.032555
vn -0.7370 0.6729 0.0643
vn -0.6604 0.7489 0.0547
vn -0.6298 0.7708 0.0960
vn -0.6699 0.7374 0.0861
vn -0.5450 0.8298 0.1199
vn -0.5242 0.8459 0.0979
vn -0.5310 0.8456 0.0557
vn -0.0646 0.8849 0.4613
vn -0.1922 0.8302 0.5232
vn -0.0830 0.8124 0.5772
vn 0.0449 0.8405 0.5400
vn 0.0078 0.6689 -0.7433
vn 0.0272 0.7131 -0.7005
vn 0.0272 0.7397 -0.6724
vn 0.0056 0.7279 -0.6857
vn 0.0314 0.7946 -0.6064
vn 0.0515 0.7807 -0.6227
vn 0.0441 0.7651 -0.6424
vn -0.3605 -0.4181 -0.8338
vn -0.3933 -0.5709 -0.7207
vn -0.4007 -0.4908 -0.7737
vn -0.3792 -0.2461 -0.8920
vn 0.3556 0.6910 0.6293
vn 0.4121 0.7694 0.4881
vn 0.3654 0.7628 0.5334
vn 0.3019 0.7008 0.6463
vn 0.0582 0.7608 0.6464
vn 0.1008 0.7837 0.6129
vn 0.5282 0.8036 0.2742
vn 0.5777 0.7680 0.2765
vn -0.3516 0.8787 0.3229
vn -0.4243 0.7985 0.4270
vn -0.3475 0.7640 0.5436
vn -0.2680 0.8188 0.5078
vn -0.4966 0.6659 0.5567
vn -0.3748 0.6905 0.6186
vn -0.2528 0.7487 0.6128
vn 0.6855 0.7281 0.0029
vn 0.6586 0.7525 0.0021
vn 0.6384 0.7697 0.0053
vn 0.6559 0.7549 0.0055
vn 0.5493 0.8356 0.0037
vn 0.5390 0.8423 -0.0037
vn 0.5535 0.8329 -0.0038
vn 0.0281 -0.9995 -0.0121
vn 0.0784 -0.9967 -0.0230
vn 0.0690 -0.9972 -0.0289
vn 0.0383 -0.9990 -0.0241
vn 0.1920 0.8683 -0.4574
vn 0.3298 0.8775 -0.3483
vn 0.2017 0.9423 -0.2672
vn 0.1396 0.9265 -0.3496
vn 0.0966 0.9711 -0.2184
vn 0.1019 0.9760 -0.1925
vn 0.4292 0.8740 -0.2276
vn 0.2770 0.9491 -0.1500
vn 0.2001 0.9744 -0.1026
vn 0.1459 0.9732 -0.1778
vn 0.0843 0.9859 -0.1446
vn -0.2476 0.9681 0.0390
vn -0.1907 0.9708 0.1459
vn -0.0694 0.9930 0.0959
vn -0.0793 0.9966 -0.0214
vn -0.0871 0.9764 0.1978
vn 0.0010 0.9929 0.1190
vn 0.0644 0.9979 -0.0007
vn -0.0441 -0.9917 -0.1205
vn -0.0354 -0.9911 -0.1281
vn -0.0413 -0.9902 -0.1335
vn -0.0474 -0.9903 -0.1303
vn -0.0436 -0.9883 -0.1460
vn -0.0378 -0.9880 -0.1497
vn -0.0308 -0.9882 -0.1500
vn 0.0039 -1.0000 0.0020
vn -0.0071 -0.9999 0.0078
vn -0.0085 -0.9999 0.0064
vn 0.0021 -1.0000 0.0008
vn -0.0283 -0.9995 0.0138
vn -0.0467 -0.9989 0.0069
vn -0.0405 -0.9992 -0.0017
vn -0.6931 -0.6310 0.3484
vn -0.5697 -0.7545 0.3257
vn -0.5740 -0.7301 0.3707
vn -0.6495 -0.6133 0.4495
vn -0.5492 -0.6664 0.5043
vn -0.4927 -0.7771 0.3916
vn -0.4749 -0.8073 0.3503
vn 0.0101 -0.9999 -0.0019
vn 0.0120 -0.9999 -0.0028
vn -0.0352 -0.9993 -0.0097
vn 0.0032 -1.0000 -0.0072
vn 0.0118 -0.9999 -0.0096
vn 0.0220 -0.9997 -0.0065
vn 0.0221 -0.9997 -0.0127
vn -0.0124 -0.9985 -0.0527
vn -0.0033 -0.9989 -0.0467
vn 0.0078 -0.9991 -0.0428
vn 0.0596 -0.9981 -0.0171
vn 0.0476 -0.9978 -0.0455
vn -0.0314 -0.9947 -0.0983
vn -0.0201 -0.9956 -0.0915
vn 0.0197 -0.9946 -0.1017
vn 0.1299 -0.9896 -0.0622
vn 0.0974 -0.9871 -0.1267
vn -0.0412 -0.9905 -0.1312
vn -0.0081 -0.9883 -0.1525
vn 0.0581 -0.9809 -0.1856
vn 0.1670 -0.9742 -0.1520
vn 0.1310 -0.9646 -0.2288
vn -0.0181 -0.9847 -0.1735
vn 0.0370 -0.9744 -0.2216
vn 0.1088 -0.9525 -0.2844
vn 0.2082 -0.9360 -0.2839
vn 0.1798 -0.9261 -0.3316
vn 0.0318 -0.9697 -0.2421
vn 0.1001 -0.9478 -0.3028
vn 0.1604 -0.9278 -0.3368
vn 0.2584 -0.8955 -0.3625
vn 0.2341 -0.8937 -0.3828
vn 0.0886 -0.9495 -0.3012
vn 0.1397 -0.9270 -0.3481
vn 0.2034 -0.8805 -0.4281
vn 0.3069 -0.8447 -0.4386
vn 0.2583 -0.8308 -0.4929
vn 0.1075 -0.9180 -0.3818
vn 0.1581 -0.8640 -0.4780
vn 0.1958 -0.8255 -0.5293
vn 0.2986 -0.7963 -0.5261
vn 0.2331 -0.7953 -0.5596
vn 0.1027 -0.8522 -0.5130
vn 0.1275 -0.8285 -0.5453
vn 0.1567 -0.8043 -0.5732
vn 0.3081 -0.6790 -0.6664
vn 0.2096 -0.6552 -0.7258
vn 0.0644 -0.8382 -0.5416
vn 0.0893 -0.8113 -0.5778
vn 0.1183 -0.6167 -0.7783
vn 0.2611 -0.2439 -0.9340
vn 0.1290 -0.1753 -0.9760
vn 0.0103 -0.8085 -0.5884
vn 0.0224 -0.5529 -0.8330
vn 0.0254 -0.0910 -0.9955
vn 0.1229 0.2736 -0.9540
vn 0.0231 0.2709 -0.9623
vn -0.1473 -0.4813 -0.8641
vn -0.1399 -0.0243 -0.9899
vn -0.1162 0.2770 -0.9538
vn 0.0369 0.3269 -0.9443
vn -0.0892 0.1668 -0.9820
vn -0.2631 0.0216 -0.9645
vn -0.2259 0.2516 -0.9411
vn -0.2047 -0.0795 -0.9756
vn -0.0537 -0.4689 -0.8816
vn -0.1354 -0.6373 -0.7586
vn -0.3411 0.1469 -0.9285
vn -0.2953 -0.3332 -0.8954
vn -0.2061 -0.7123 -0.6709
vn -0.1180 -0.7038 -0.7005
vn -0.2281 -0.6440 -0.7303
vn -0.3442 -0.5437 -0.7655
vn -0.2920 -0.7004 -0.6513
vn -0.3532 -0.5540 -0.7539
vn -0.2773 -0.4202 -0.8640
vn -0.4137 -0.3343 -0.8468
vn -0.4001 -0.6136 -0.6808
vn -0.4678 -0.4448 -0.7638
vn -0.5212 -0.2429 -0.8182
vn -0.4409 -0.0520 -0.8960
vn -0.5386 0.0190 -0.8424
vn -0.5301 -0.3412 -0.7762
vn -0.5852 -0.1652 -0.7939
vn -0.5991 0.0572 -0.7986
vn -0.4926 0.3223 -0.8083
vn -0.5447 0.3106 -0.7790
vn -0.6189 -0.1153 -0.7770
vn -0.6559 0.0619 -0.7523
vn -0.6205 0.2612 -0.7394
vn -0.4496 0.5221 -0.7247
vn -0.5312 0.4712 -0.7041
vn -0.7000 0.0625 -0.7114
vn -0.7168 0.1924 -0.6702
vn -0.6837 0.3519 -0.6394
vn -0.4563 0.6634 -0.5930
vn -0.6166 0.5912 -0.5200
vn -0.7810 0.1599 -0.6037
vn -0.8072 0.2444 -0.5373
vn -0.8149 0.4245 -0.3945
vn -0.5354 0.7881 -0.3038
vn -0.7452 0.6477 -0.1587
vn -0.8707 0.2098 -0.4448
vn -0.9067 0.3356 -0.2555
vn -0.8839 0.4665 0.0331
vn -0.7895 0.5149 0.3340
vn -0.7904 0.5496 0.2706
vn -0.8708 0.4726 0.1358
vn -0.6358 0.7695 0.0596
vn -0.9385 0.3220 -0.1244
vn -0.8368 0.5422 0.0768
vn -0.9470 0.3128 -0.0730
vn -0.9414 0.1188 -0.3157
vn -0.9691 0.0563 -0.2403
vn -0.9305 0.3263 -0.1662
vn -0.9593 0.0671 -0.2744
vn -0.9162 -0.0578 -0.3966
vn -0.9280 -0.1326 -0.3482
vn -0.9226 -0.1592 -0.3514
vn -0.9536 0.0474 -0.2975
vn -0.9158 -0.2135 -0.3401
vn -0.8637 -0.3001 -0.4050
vn -0.8471 -0.3682 -0.3831
vn -0.8298 -0.4352 -0.3494
vn -0.9097 -0.2771 -0.3093
vn -0.8179 -0.4856 -0.3088
vn -0.7443 -0.5470 -0.3831
vn -0.7263 -0.5944 -0.3450
vn -0.7216 -0.6197 -0.3086
vn -0.8141 -0.5181 -0.2621
vn -0.7258 -0.6362 -0.2618
vn -0.6451 -0.6830 -0.3426
vn -0.6459 -0.6957 -0.3143
vn -0.6562 -0.7062 -0.2659
vn -0.7314 -0.6513 -0.2020
vn -0.6689 -0.7152 -0.2025
vn -0.5869 -0.7443 -0.3187
vn -0.5936 -0.7578 -0.2709
vn -0.6019 -0.7726 -0.2022
vn -0.6740 -0.7259 -0.1371
vn -0.5984 -0.7928 -0.1155
vn -0.4979 -0.8269 -0.2613
vn -0.4850 -0.8549 -0.1841
vn -0.4697 -0.8791 -0.0810
vn -0.5780 -0.8152 -0.0372
vn -0.4514 -0.8923 -0.0042
vn -0.3731 -0.9155 -0.1505
vn -0.3518 -0.9348 -0.0488
vn -0.3417 -0.9397 0.0119
vn -0.4382 -0.8987 0.0145
vn -0.3424 -0.9393 0.0207
vn -0.2667 -0.9633 -0.0290
vn -0.2681 -0.9633 0.0128
vn -0.2768 -0.9608 0.0169
vn -0.3450 -0.9384 0.0182
vn -0.2846 -0.9585 0.0132
vn -0.2222 -0.9750 0.0033
vn -0.2379 -0.9713 0.0079
vn -0.2471 -0.9690 0.0065
vn -0.2927 -0.9560 0.0173
vn -0.2530 -0.9674 0.0079
vn -0.2364 -0.9716 0.0005
vn -0.2358 -0.9718 0.0055
vn -0.2307 -0.9730 0.0061
vn -0.2586 -0.9659 0.0161
vn -0.2263 -0.9740 0.0118
vn -0.2243 -0.9744 0.0143
vn -0.2090 -0.9778 0.0132
vn -0.1991 -0.9799 0.0125
vn -0.2259 -0.9739 0.0220
vn -0.1970 -0.9803 0.0162
vn -0.1686 -0.9855 0.0175
vn -0.1678 -0.9857 0.0126
vn -0.1657 -0.9861 0.0116
vn -0.1980 -0.9799 0.0251
vn -0.1629 -0.9865 0.0186
vn -0.1389 -0.9903 0.0087
vn -0.1409 -0.9900 0.0092
vn -0.1349 -0.9907 0.0158
vn -0.1588 -0.9868 0.0323
vn -0.1226 -0.9920 0.0290
vn -0.1219 -0.9925 0.0083
vn -0.1071 -0.9941 0.0169
vn -0.0846 -0.9960 0.0282
vn -0.1045 -0.9935 0.0449
vn -0.0661 -0.9969 0.0424
vn -0.0671 -0.9976 0.0175
vn -0.0447 -0.9987 0.0247
vn -0.0332 -0.9989 0.0330
vn -0.0537 -0.9958 0.0739
vn -0.0287 -0.9980 0.0569
vn -0.0185 -0.9997 0.0183
vn -0.0165 -0.9996 0.0240
vn -0.0150 -0.9991 0.0405
vn -0.0211 -0.9931 0.1152
vn -0.0081 -0.9961 0.0879
vn -0.0093 -0.9998 0.0160
vn -0.0113 -0.9995 0.0288
vn -0.0103 -0.9979 0.0638
vn 0.0215 -0.9845 0.1739
vn 0.0256 -0.9879 0.1533
vn -0.0125 -0.9998 0.0170
vn -0.0204 -0.9989 0.0425
vn 0.0296 -0.9914 0.1277
vn 0.0974 -0.9647 0.2446
vn 0.1454 -0.9603 0.2380
vn -0.0042 -1.0000 0.0068
vn 0.0773 -0.9944 0.0715
vn 0.2215 -0.9584 0.1801
vn 0.2152 -0.9410 0.2613
vn 0.2886 -0.9314 0.2219
vn 0.1519 -0.9884 -0.0041
vn 0.2826 -0.9562 0.0760
vn 0.3406 -0.9305 0.1348
vn 0.3205 -0.9190 0.2295
vn 0.3718 -0.9132 0.1668
vn 0.3010 -0.9536 0.0018
vn 0.3559 -0.9333 0.0485
vn 0.4102 -0.9078 0.0874
vn 0.5448 -0.7882 0.2862
vn 0.6093 -0.7714 0.1836
vn 0.3566 -0.9342 0.0025
vn 0.4409 -0.8972 0.0249
vn 0.6504 -0.7541 0.0911
vn 0.7914 -0.5401 0.2864
vn 0.8283 -0.5343 0.1688
vn 0.4619 -0.8869 -0.0039
vn 0.6631 -0.7472 0.0436
vn 0.8371 -0.5374 0.1021
vn 0.9109 -0.3520 0.2152
vn 0.9266 -0.3486 0.1408
vn 0.6651 -0.7467 0.0116
vn 0.8351 -0.5479 0.0491
vn 0.9303 -0.3582 0.0794
vn 0.9624 -0.2222 0.1563
vn 0.9730 -0.2103 0.0950
vn 0.8281 -0.5605 -0.0109
vn 0.9300 -0.3672 0.0134
vn 0.9780 -0.2069 0.0282
vn 0.8976 -0.4341 0.0769
vn 0.9162 -0.4003 0.0189
vn 0.9298 -0.3591 -0.0805
vn 0.9768 -0.2012 -0.0736
vn 0.9120 -0.4008 -0.0874
vn 0.7287 -0.6848 -0.0040
vn 0.7508 -0.6527 -0.1009
vn 0.9630 -0.1906 -0.1906
vn 0.8946 -0.3961 -0.2067
vn 0.7901 -0.5719 -0.2207
vn 0.8313 -0.5439 -0.1144
vn 0.8866 -0.3924 -0.2448
vn 0.8426 -0.4044 -0.3557
vn 0.8550 -0.3589 -0.3743
vn 0.8960 -0.2072 -0.3927
vn 0.9371 -0.2349 -0.2581
vn 0.8771 -0.2674 -0.3990
vn 0.8643 -0.0723 -0.4978
vn 0.8252 -0.2612 -0.5009
vn 0.7868 -0.4101 -0.4612
vn 0.9053 -0.2061 -0.3713
vn 0.8739 -0.2129 -0.4370
vn 0.7052 -0.4791 -0.5227
vn 0.7302 -0.4596 -0.5056
vn 0.8372 -0.1921 -0.5121
vn 0.9246 0.0638 -0.3754
vn 0.8836 0.0797 -0.4614
vn 0.6952 -0.4028 -0.5953
vn 0.7823 -0.1590 -0.6023
vn 0.8241 0.1006 -0.5575
vn 0.8664 0.3163 -0.3865
vn 0.7968 0.3552 -0.4888
vn 0.7135 -0.1526 -0.6838
vn 0.7553 0.1292 -0.6425
vn 0.7030 0.4247 -0.5704
vn 0.7277 0.5348 -0.4295
vn 0.6252 0.5793 -0.5231
vn 0.6087 0.1783 -0.7731
vn 0.5640 0.4919 -0.6632
vn 0.5209 0.6149 -0.5921
vn 0.5349 0.7231 -0.4370
vn 0.4450 0.7518 -0.4867
vn 0.4294 0.5044 -0.7491
vn 0.4080 0.6498 -0.6414
vn 0.3459 0.7935 -0.5007
vn 0.2908 0.9200 -0.2629
vn 0.2311 0.9386 -0.2562
vn 0.2841 0.6851 -0.6708
vn 0.2405 0.8264 -0.5091
vn 0.1629 0.9550 -0.2480
vn 0.1140 0.9935 -0.0012
vn 0.0743 0.9972 0.0029
vn 0.1341 0.8482 -0.5124
vn 0.0923 0.9671 -0.2372
vn 0.0360 0.9990 0.0247
vn -0.0093 0.9707 0.2400
vn -0.0202 0.9675 0.2519
vn 0.0295 0.9746 -0.2220
vn 0.0137 0.9987 0.0489
vn -0.0022 0.9624 0.2718
vn -0.0664 0.8612 0.5039
vn -0.0091 0.8549 0.5186
vn 0.0232 0.9978 0.0620
vn 0.0492 0.9571 0.2856
vn 0.0611 0.8426 0.5351
vn -0.0262 0.7043 0.7094
vn 0.0545 0.6721 0.7385
vn 0.0668 0.9476 0.3124
vn 0.0835 0.8243 0.5599
vn 0.1069 0.6568 0.7464
vn 0.0291 0.6149 0.7881
vn 0.1543 0.5987 0.7860
vn 0.0607 0.8086 0.5853
vn 0.1400 0.6788 0.7209
vn 0.2481 0.6420 0.7255
vn 0.2156 0.6448 0.7333
vn 0.3298 0.6353 0.6983
vn 0.1468 0.7356 0.6613
vn 0.2206 0.7046 0.6744
vn 0.2203 0.6769 0.7023
vn 0.3508 0.6295 0.6933
vn 0.1866 0.6917 0.6977
vn 0.1278 0.7174 0.6848
vn 0.0945 0.6738 0.7328
vn 0.0831 0.7340 0.6740
vn 0.2084 0.7873 0.5803
vn 0.1626 0.8789 0.4485
vn -0.0119 0.6770 0.7359
vn 0.0396 0.8158 0.5770
vn 0.1260 0.9460 0.2987
vn 0.2557 0.9390 0.2299
vn 0.1473 0.9739 0.1727
vn -0.0287 0.9098 0.4140
vn 0.0414 0.9773 0.2076
vn 0.0496 0.9864 0.1568
vn 0.1289 0.9804 0.1489
vn 0.0440 0.9894 0.1382
vn -0.0372 0.9867 0.1582
vn -0.0281 0.9903 0.1359
vn -0.0282 0.9919 0.1239
vn 0.0416 0.9919 0.1199
vn -0.0329 0.9935 0.1093
vn -0.1207 0.9872 0.1047
vn -0.1230 0.9870 0.1038
vn -0.1267 0.9874 0.0951
vn -0.0333 0.9964 0.0778
vn -0.1229 0.9905 0.0610
vn -0.2842 0.9568 0.0616
vn -0.2894 0.9551 0.0642
vn -0.2920 0.9559 0.0322
vn -0.1138 0.9933 0.0216
vn -0.2966 0.9550 -0.0004
vn -0.5227 0.8524 0.0131
vn -0.5320 0.8467 -0.0039
vn -0.5458 0.8377 -0.0216
vn -0.3097 0.9508 -0.0014
vn -0.5598 0.8285 -0.0142
vn -0.7408 0.6706 -0.0381
vn -0.7491 0.6613 -0.0391
vn -0.7543 0.6559 -0.0291
vn -0.5659 0.8244 0.0133
vn -0.7523 0.6588 -0.0078
vn -0.8906 0.4512 -0.0560
vn -0.8954 0.4432 -0.0417
vn -0.8984 0.4385 -0.0231
vn -0.7409 0.6716 0.0073
vn -0.8987 0.4385 -0.0099
vn -0.9855 0.1630 -0.0482
vn -0.9879 0.1532 -0.0240
vn -0.9896 0.1436 -0.0043
vn -0.8979 0.4401 -0.0084
vn -0.9910 0.1339 0.0054
vn -0.9867 -0.1617 -0.0159
vn -0.9859 -0.1672 0.0107
vn -0.9853 -0.1688 0.0249
vn -0.9918 0.1274 0.0045
vn -0.9852 -0.1683 0.0319
vn -0.9032 -0.4287 0.0221
vn -0.9062 -0.4213 0.0357
vn -0.9110 -0.4093 0.0497
vn -0.9853 -0.1650 0.0433
vn -0.9160 -0.3954 0.0677
vn -0.8008 -0.5976 0.0396
vn -0.8063 -0.5888 0.0564
vn -0.8136 -0.5759 0.0794
vn -0.9219 -0.3782 0.0845
vn -0.8224 -0.5603 0.0989
vn -0.7125 -0.6992 0.0589
vn -0.7153 -0.6937 0.0851
vn -0.7182 -0.6873 0.1087
vn -0.8330 -0.5410 0.1157
vn -0.7224 -0.6793 0.1294
vn -0.6280 -0.7739 0.0826
vn -0.6370 -0.7630 0.1101
vn -0.6426 -0.7540 0.1362
vn -0.7281 -0.6670 0.1581
vn -0.6432 -0.7460 0.1723
vn -0.5530 -0.8282 0.0910
vn -0.5761 -0.8080 0.1233
vn -0.5878 -0.7889 0.1790
vn -0.6393 -0.7392 0.2119
vn -0.5816 -0.7777 0.2387
vn -0.4598 -0.8821 0.1024
vn -0.4763 -0.8608 0.1791
vn -0.4893 -0.8330 0.2583
vn -0.5665 -0.7768 0.2749
vn -0.4959 -0.8137 0.3034
vn -0.3518 -0.9204 0.1706
vn -0.3913 -0.8912 0.2293
vn -0.4545 -0.8493 0.2686
vn -0.4932 -0.8066 0.3259
vn -0.4972 -0.8040 0.3262
vn -0.3594 -0.9190 0.1621
vn -0.4253 -0.8842 0.1930
vn -0.4899 -0.8172 0.3037
vn -0.4836 -0.7870 0.3831
vn -0.5018 -0.7476 0.4351
vn -0.2931 -0.9396 0.1765
vn -0.3327 -0.8938 0.3008
vn -0.3876 -0.7830 0.4865
vn -0.4403 -0.7569 0.4830
vn -0.3749 -0.7190 0.5853
vn -0.2075 -0.9311 0.2999
vn -0.2502 -0.8344 0.4910
vn -0.2697 -0.7146 0.6454
vn -0.3075 -0.7957 0.5218
vn -0.2316 -0.7694 0.5953
vn -0.1772 -0.8647 0.4701
vn -0.1873 -0.7267 0.6609
vn -0.1567 -0.7302 0.6650
vn -0.1901 -0.8098 0.5551
vn -0.1065 -0.7926 0.6004
vn -0.0953 -0.7493 0.6553
vn -0.0643 -0.6760 0.7341
vn -0.0221 -0.7530 0.6576
vn -0.0712 -0.6784 0.7312
vn 0.0285 -0.6953 0.7181
vn 0.0841 -0.6193 0.7806
vn 0.1078 -0.6949 0.7110
vn 0.1340 -0.7080 0.6934
vn 0.0942 -0.4296 0.8981
vn 0.2024 -0.4714 0.8584
vn 0.2539 -0.6106 0.7501
vn 0.2469 -0.7028 0.6672
vn 0.3106 -0.5232 0.7936
vn 0.2465 -0.2304 0.9414
vn 0.3648 -0.2370 0.9004
vn 0.3332 -0.6722 0.6612
vn 0.3855 -0.5623 0.7316
vn 0.4650 -0.2583 0.8468
vn 0.3548 -0.2666 0.8961
vn 0.4520 -0.2870 0.8446
vn 0.4721 -0.5259 0.7075
vn 0.5627 -0.2486 0.7884
vn 0.5553 -0.3068 0.7730
vn 0.4121 -0.4110 0.8132
vn 0.5159 -0.4395 0.7353
vn 0.6696 -0.2138 0.7113
vn 0.6433 -0.3484 0.6818
vn 0.6049 -0.4621 0.6486
vn 0.5833 -0.2001 0.7873
vn 0.6645 -0.1891 0.7230
vn 0.6800 -0.4310 0.5932
vn 0.6511 -0.4778 0.5898
vn 0.7103 -0.1649 0.6843
vn 0.6620 0.1953 0.7236
vn 0.6902 0.1954 0.6967
vn 0.7018 -0.4335 0.5653
vn 0.7660 -0.1507 0.6250
vn 0.7434 0.1596 0.6495
vn 0.5937 0.5240 0.6107
vn 0.6202 0.4934 0.6098
vn 0.8499 -0.1464 0.5062
vn 0.8559 0.1248 0.5018
vn 0.7667 0.4137 0.4910
vn 0.4778 0.7126 0.5137
vn 0.5829 0.6729 0.4555
vn 0.9193 0.1279 0.3721
vn 0.8687 0.3101 0.3862
vn 0.7274 0.5471 0.4143
vn 0.3969 0.8286 0.3948
vn 0.4661 0.7966 0.3849
vn 0.9286 0.2278 0.2928
vn 0.8441 0.4392 0.3077
vn 0.5915 0.7594 0.2709
vn 0.2532 0.9172 0.3077
vn 0.3032 0.9302 0.2067
vn 0.9026 0.4155 0.1126
vn 0.7032 0.7035 0.1029
vn 0.4141 0.9033 0.1126
vn 0.1634 0.9714 0.1722
vn 0.2082 0.9690 0.1327
vn 0.7663 0.6410 0.0428
vn 0.5044 0.8574 0.1020
vn 0.2553 0.9552 0.1500
vn 0.0856 0.9862 0.1418
vn 0.0915 0.9814 0.1690
vn 0.5591 0.8227 0.1022
vn 0.2820 0.9448 0.1671
vn 0.0859 0.9772 0.1941
vn -0.0292 0.9862 0.1628
vn -0.0536 0.9799 0.1921
vn 0.2948 0.9384 0.1804
vn 0.0741 0.9732 0.2179
vn -0.0809 0.9713 0.2237
vn -0.1641 0.9719 0.1688
vn -0.2021 0.9571 0.2077
vn 0.0594 0.9684 0.2423
vn -0.1062 0.9605 0.2571
vn -0.2344 0.9387 0.2526
vn -0.2960 0.9388 0.1759
vn -0.3308 0.9147 0.2319
vn -0.1279 0.9479 0.2919
vn -0.2582 0.9192 0.2973
vn -0.3546 0.8898 0.2873
vn -0.3968 0.8963 0.1980
vn -0.4239 0.8672 0.2612
vn -0.2719 0.8962 0.3505
vn -0.3687 0.8624 0.3468
vn -0.4503 0.8327 0.3221
vn -0.4900 0.8444 0.2166
vn -0.5309 0.8017 0.2747
vn -0.3808 0.8264 0.4148
vn -0.4813 0.7878 0.3844
vn -0.5642 0.7560 0.3319
vn -0.6603 0.7217 0.2077
vn -0.6751 0.6745 0.2988
vn -0.4700 0.7315 0.4939
vn -0.5374 0.7185 0.4416
vn -0.5908 0.6802 0.4340
vn -0.7538 0.6172 0.2255
vn -0.6044 0.6798 0.4153
vn -0.3947 0.6928 0.6035
vn -0.3890 0.7129 0.5835
vn -0.3590 0.7426 0.5653
vn -0.5731 0.7626 0.2998
vn -0.3288 0.8097 0.4861
vn -0.2134 0.7224 0.6577
vn -0.1906 0.7567 0.6253
vn -0.1886 0.7954 0.5761
vn -0.3710 0.8436 0.3881
vn -0.2325 0.8249 0.5153
vn -0.1363 0.7563 0.6399
vn -0.1366 0.7805 0.6100
vn -0.1572 0.7998 0.5793
vn -0.3109 0.8243 0.4731
vn -0.1959 0.8063 0.5581
vn -0.1025 0.7765 0.6217
vn -0.0995 0.7913 0.6033
vn -0.0963 0.7991 0.5934
vn -0.0269 0.8006 0.5986
vn 0.0178 0.8106 0.5853
vn 0.0666 0.8283 0.5564
vn 0.1601 0.8350 0.5264
vn 0.2397 0.8531 0.4635
vn 0.1825 0.9138 0.3628
vn 0.3333 0.8523 0.4030
vn 0.4331 0.8385 0.3306
vn 0.4266 0.8764 0.2234
vn 0.5820 0.7942 0.1747
vn 0.5877 0.8041 0.0892
vn 0.4775 0.8781 -0.0314
vn 0.2513 0.9640 0.0872
vn -0.0638 0.9682 0.2418
vn -0.0773 0.9946 -0.0693
vn -0.3854 0.9190 0.0828
vn -0.5270 0.8289 0.1879
vn -0.3047 0.8838 0.3550
vn -0.5198 0.8138 0.2597
vn -0.3591 0.8321 0.4228
vn -0.4587 0.8267 0.3257
vn -0.6348 0.7670 0.0938
vn -0.6063 0.7815 0.1471
vn -0.5703 0.7972 0.1982
vn -0.6961 0.7174 0.0264
vn -0.7142 0.6982 0.0489
vn -0.7443 0.6597 0.1037
vn -0.7655 0.6434 0.0065
vn -0.7892 0.6137 0.0243
vn -0.7668 0.6337 0.1026
vn -0.7752 0.6305 0.0392
vn -0.7191 0.6911 0.0727
vn -0.6006 0.7851 0.1513
vn -0.4559 0.8755 0.1605
vn -0.4357 0.8931 0.1122
vn -0.3678 0.9193 0.1400
vn -0.4236 0.9031 0.0703
vn -0.3405 0.9349 0.0998
vn -0.2592 0.9564 0.1349
vn -0.3155 0.9466 0.0662
vn -0.2266 0.9686 0.1022
vn -0.1290 0.9821 0.1374
vn -0.1990 0.9782 0.0587
vn -0.0979 0.9903 0.0987
vn -0.0095 0.9915 0.1298
vn -0.0704 0.9959 0.0575
vn 0.0133 0.9949 0.1005
vn 0.0830 0.9868 0.1390
vn 0.0397 0.9948 0.0938
vn 0.1090 0.9802 0.1653
vn 0.1719 0.9555 0.2399
vn 0.1402 0.9725 0.1857
vn 0.2190 0.9402 0.2610
vn 0.2841 0.9012 0.3274
vn 0.2424 0.9481 0.2059
vn 0.3489 0.8847 0.3091
vn 0.4091 0.8104 0.4195
vn 0.3536 0.8839 0.3059
vn 0.4518 0.7747 0.4424
vn 0.4929 0.7113 0.5011
vn 0.4046 0.7980 0.4466
vn 0.4851 0.7160 0.5020
vn 0.5917 0.5026 0.6303
vn 0.4605 0.7152 0.5258
vn 0.5559 0.4897 0.6717
vn 0.6099 0.1981 0.7673
vn 0.5272 0.5135 0.6770
vn 0.5477 0.2214 0.8068
vn 0.4847 -0.1834 0.8552
vn 0.3765 0.2811 0.8828
vn 0.3551 -0.1102 0.9283
vn 0.3242 -0.3569 0.8761
vn 0.2412 0.0225 0.9702
vn 0.2389 -0.2733 0.9318
vn 0.2491 -0.2580 0.9335
vn 0.1481 -0.1889 0.9708
vn 0.1415 -0.2643 0.9540
vn 0.1343 -0.2402 0.9614
vn 0.0048 -0.2544 0.9671
vn 0.0005 -0.2500 0.9682
vn -0.0314 -0.4045 0.9140
vn -0.1498 -0.2386 0.9595
vn -0.1668 -0.3838 0.9082
vn -0.1826 -0.6574 0.7310
vn -0.2979 -0.3589 0.8846
vn -0.3057 -0.6203 0.7223
vn -0.2825 -0.7992 0.5306
vn -0.4047 -0.5715 0.7138
vn -0.3695 -0.7683 0.5226
vn -0.3679 -0.8138 0.4500
vn -0.4555 -0.7238 0.5182
vn -0.4183 -0.8107 0.4097
vn -0.4374 -0.8061 0.3985
vn -0.4820 -0.8077 0.3395
vn -0.5545 -0.7743 0.3049
vn -0.5549 -0.7785 0.2932
vn -0.6683 -0.6848 0.2904
vn -0.6444 -0.7165 0.2673
vn -0.6370 -0.7318 0.2424
vn -0.7747 -0.5774 0.2578
vn -0.7513 -0.6214 0.2223
vn -0.7366 -0.6490 0.1904
vn -0.8676 -0.4508 0.2099
vn -0.8562 -0.4881 0.1696
vn -0.8447 -0.5168 0.1391
vn -0.9383 -0.3110 0.1509
vn -0.9343 -0.3360 0.1189
vn -0.9286 -0.3580 0.0979
vn -0.9863 -0.1367 0.0925
vn -0.9865 -0.1487 0.0691
vn -0.9858 -0.1576 0.0575
vn -0.9915 0.1283 0.0231
vn -0.9919 0.1267 0.0129
vn -0.9919 0.1270 0.0061
vn -0.8920 0.4504 -0.0374
vn -0.8938 0.4473 -0.0312
vn -0.8961 0.4433 -0.0193
vn -0.7054 0.7066 -0.0559
vn -0.7119 0.7017 -0.0283
vn -0.7245 0.6893 0.0007
vn -0.5305 0.8473 -0.0253
vn -0.5435 0.8392 0.0210
vn -0.5589 0.8285 0.0352
vn -0.3608 0.9322 0.0278
vn -0.3464 0.9371 0.0438
vn -0.3271 0.9447 0.0232
vn -0.1409 0.9896 0.0296
vn -0.1205 0.9925 0.0204
vn -0.1112 0.9938 0.0089
vn -0.0211 0.9996 0.0170
vn -0.0213 0.9996 0.0173
vn -0.0273 0.9989 0.0372
vn 0.0430 0.9988 0.0235
vn 0.0424 0.9980 0.0470
vn 0.0410 0.9953 0.0877
vn 0.1211 0.9910 0.0563
vn 0.1181 0.9883 0.0964
vn 0.1183 0.9841 0.1323
vn 0.2449 0.9634 0.1085
vn 0.2574 0.9548 0.1486
vn 0.2733 0.9471 0.1681
vn 0.4458 0.8818 0.1540
vn 0.4313 0.8756 0.2177
vn 0.3260 0.8717 0.3658
vn 0.5572 0.8222 0.1160
vn 0.5878 0.8089 0.0087
vn 0.6345 0.7710 0.0537
vn 0.5003 0.8639 0.0586
vn 0.4090 0.9066 0.1042
vn 0.4504 0.8924 0.0258
vn 0.3719 0.9264 0.0584
vn 0.2385 0.9688 0.0669
vn 0.3429 0.9393 0.0128
vn 0.2309 0.9726 0.0258
vn 0.1225 0.9921 0.0268
vn 0.2173 0.9761 -0.0057
vn 0.1145 0.9934 0.0079
vn 0.0398 0.9991 0.0153
vn 0.1033 0.9946 -0.0021
vn 0.0339 0.9994 0.0057
vn -0.0289 0.9995 0.0142
vn 0.0288 0.9995 -0.0093
vn -0.0422 0.9991 0.0006
vn -0.1639 0.9863 0.0165
vn -0.0521 0.9984 -0.0206
vn -0.1753 0.9844 -0.0174
vn -0.3631 0.9316 -0.0198
vn -0.1723 0.9841 -0.0443
vn -0.3521 0.9343 -0.0567
vn -0.5227 0.8501 -0.0638
vn -0.3327 0.9399 -0.0768
vn -0.5146 0.8530 -0.0872
vn -0.7020 0.7083 -0.0741
vn -0.5048 0.8569 -0.1042
vn -0.7031 0.7063 -0.0822
vn -0.8916 0.4516 -0.0339
vn -0.7097 0.7020 -0.0588
vn -0.8919 0.4521 -0.0064
vn -0.9893 0.1373 0.0495
vn -0.8893 0.4541 0.0547
vn -0.9835 0.1494 0.1017
vn -0.9842 -0.1169 0.1326
vn -0.9749 0.1525 0.1620
vn -0.9769 -0.0959 0.1911
vn -0.9389 -0.2776 0.2037
vn -0.9657 -0.1099 0.2351
vn -0.9321 -0.2527 0.2597
vn -0.8805 -0.3956 0.2613
vn -0.9075 -0.2731 0.3193
vn -0.8842 -0.3392 0.3211
vn -0.8052 -0.5096 0.3032
vn -0.8282 -0.3143 0.4639
vn -0.7939 -0.4466 0.4126
vn -0.6845 -0.3151 0.6574
vn -0.8146 -0.3245 0.4807
vn -0.7102 -0.2905 0.6412
vn -0.7052 -0.4297 0.5640
vn -0.5961 -0.4619 0.6567
vn -0.5974 -0.2799 0.7515
vn -0.5825 -0.2673 0.7676
vn -0.4952 -0.5161 0.6989
vn -0.4939 -0.3053 0.8142
vn -0.4771 -0.2288 0.8485
vn -0.5678 -0.0841 0.8189
vn -0.4707 -0.0866 0.8781
vn -0.4002 -0.3358 0.8527
vn -0.3775 -0.2060 0.9028
vn -0.3753 -0.1525 0.9143
vn -0.4643 0.1675 0.8697
vn -0.3714 0.0990 0.9232
vn -0.2772 -0.2125 0.9370
vn -0.2737 -0.1943 0.9420
vn -0.2505 0.0689 0.9657
vn -0.3107 0.4672 0.8278
vn -0.1894 0.4486 0.8734
vn -0.1505 -0.2198 0.9639
vn -0.1381 0.0194 0.9902
vn -0.1048 0.3894 0.9151
vn -0.1400 0.6618 0.7365
vn -0.0733 0.6320 0.7715
vn 0.0064 -0.0832 0.9965
vn 0.0187 0.2884 0.9573
vn 0.0322 0.5846 0.8107
vn -0.0365 0.7968 0.6032
vn 0.0448 0.7714 0.6348
vn 0.1617 0.1619 0.9735
vn 0.1449 0.4967 0.8558
vn 0.1032 0.7118 0.6947
vn 0.0438 0.8716 0.4883
vn 0.0478 0.8257 0.5621
vn 0.2080 0.3802 0.9012
vn 0.1478 0.6346 0.7586
vn 0.0883 0.7725 0.6288
vn -0.0125 0.8994 0.4369
vn 0.0350 0.8753 0.4824
vn 0.3483 0.5732 0.7417
vn 0.3049 0.7479 0.5896
vn 0.2512 0.8668 0.4308
vn -0.0076 0.9665 0.2567
vn 0.1577 0.9608 0.2280
vn 0.4610 0.7185 0.5208
vn 0.3838 0.8434 0.3759
vn 0.2785 0.9315 0.2341
vn 0.0640 0.9962 0.0597
vn 0.1468 0.9847 0.0941
vn 0.3720 0.8331 0.4095
vn 0.2812 0.9146 0.2905
vn 0.1880 0.9743 0.1242
vn 0.0584 0.9983 0.0060
vn 0.1248 0.9921 0.0132
vn 0.2836 0.9025 0.3241
vn 0.1556 0.9798 0.1259
vn 0.1202 0.9921 0.0354
vn 0.0656 0.9960 -0.0613
vn 0.0801 0.9968 -0.0069
vn 0.1883 0.9730 0.1334
vn 0.0992 0.9910 0.0902
vn 0.0460 0.9960 0.0765
vn -0.0206 0.9947 -0.1006
vn -0.0616 0.9981 -0.0063
vn 0.1329 0.9787 0.1565
vn 0.0423 0.9922 0.1171
vn -0.0688 0.9971 0.0333
vn -0.2067 0.9720 -0.1119
vn -0.2014 0.9772 -0.0672
vn 0.0513 0.9926 0.1103
vn -0.0615 0.9976 0.0302
vn -0.1921 0.9804 -0.0443
vn -0.3350 0.9310 -0.1449
vn -0.3252 0.9404 -0.0990
vn -0.0570 0.9979 0.0321
vn -0.1833 0.9829 -0.0182
vn -0.3139 0.9480 -0.0530
vn -0.4647 0.8754 -0.1333
vn -0.4478 0.8912 -0.0720
vn -0.1823 0.9831 0.0153
vn -0.3021 0.9532 -0.0137
vn -0.4254 0.9046 -0.0281
vn -0.5897 0.8035 -0.0817
vn -0.5655 0.8237 -0.0414
vn -0.3011 0.9532 0.0262
vn -0.4115 0.9114 0.0036
vn -0.5447 0.8384 -0.0187
vn -0.6812 0.7300 -0.0554
vn -0.6685 0.7427 -0.0389
vn -0.4132 0.9100 0.0332
vn -0.5355 0.8445 0.0061
vn -0.6610 0.7503 -0.0084
vn -0.7293 0.6828 -0.0432
vn -0.7344 0.6787 0.0052
vn -0.7305 0.6807 -0.0553
vn -0.7293 0.6815 -0.0607
vn -0.7388 0.6733 -0.0307
vn -0.7611 0.6485 0.0145
vn -0.7317 0.6814 -0.0160
vn -0.6905 0.7233 -0.0027
vn -0.7158 0.6972 -0.0388
vn -0.6869 0.7262 -0.0283
vn -0.7061 0.7059 -0.0559
vn -0.7219 0.6885 -0.0700
vn -0.6770 0.7285 -0.1041
vn -0.6913 0.7130 -0.1176
vn -0.7035 0.6993 -0.1269
vn -0.7261 0.6832 -0.0777
vn -0.6876 0.7116 -0.1442
vn -0.6921 0.7170 -0.0831
vn -0.6021 0.7842 -0.1501
vn -0.6351 0.7267 -0.2618
vn -0.5760 0.7796 -0.2460
vn -0.4655 0.8615 -0.2026
vn -0.4702 0.8029 -0.3664
vn -0.4183 0.8659 -0.2742
vn -0.3321 0.9233 -0.1929
vn -0.2612 0.8888 -0.3766
vn -0.2201 0.9274 -0.3024
vn -0.1365 0.9664 -0.2178
vn -0.0415 0.9156 -0.3999
vn -0.0250 0.9598 -0.2794
vn 0.0070 0.9879 -0.1551
vn -0.0035 0.9714 -0.2376
vn -0.0140 0.9898 -0.1421
vn 0.0091 0.9976 -0.0683
vn -0.0332 0.9915 -0.1261
vn -0.0206 0.9972 -0.0716
vn 0.0099 0.9998 -0.0159
vn -0.0160 0.9969 -0.0766
vn -0.0193 0.9996 -0.0196
vn -0.0225 0.9975 0.0675
vn -0.0063 1.0000 0.0025
vn -0.0417 0.9943 0.0983
vn -0.0508 0.9650 0.2573
vn 0.0080 0.9935 0.1134
vn 0.0054 0.9742 0.2256
vn 0.0253 0.9324 0.3604
vn 0.0182 0.9798 0.1993
vn 0.0089 0.9500 0.3122
vn -0.0079 0.8937 0.4487
vn -0.0144 0.9575 0.2882
vn -0.0474 0.9075 0.4173
vn -0.0899 0.8142 0.5735
vn -0.0765 0.9126 0.4017
vn -0.1605 0.8192 0.5507
vn -0.2391 0.6800 0.6931
vn -0.2109 0.8019 0.5589
vn -0.3169 0.6656 0.6757
vn -0.4144 0.4463 0.7931
vn -0.3672 0.6247 0.6891
vn -0.4664 0.4244 0.7761
vn -0.5183 0.2270 0.8245
vn -0.5376 0.4275 0.7268
vn -0.6134 0.2303 0.7554
vn -0.6781 -0.1389 0.7217
vn -0.7900 0.2028 0.5786
vn -0.8299 -0.1810 0.5277
vn -0.9324 0.1669 0.3206
vn -0.9376 -0.1555 0.3111
vn -0.9703 0.1414 0.1963
vn -0.8137 0.4893 0.3139
vn -0.8701 0.4645 0.1646
vn -0.8838 0.4520 0.1211
vn -0.6848 0.7145 0.1432
vn -0.7057 0.7033 0.0857
vn -0.7136 0.7005 0.0080
vn -0.4815 0.8748 0.0541
vn -0.4937 0.8692 -0.0255
vn -0.4990 0.8619 -0.0900
vn -0.2619 0.9640 -0.0450
vn -0.2787 0.9562 -0.0888
vn -0.3061 0.9474 -0.0940
vn -0.1271 0.9892 -0.0732
vn -0.1443 0.9871 -0.0697
vn -0.1614 0.9852 -0.0583
vn -0.0420 0.9973 -0.0597
vn -0.0463 0.9978 -0.0483
vn -0.0521 0.9979 -0.0374
vn 0.0403 0.9980 -0.0486
vn 0.0341 0.9989 -0.0333
vn 0.0281 0.9993 -0.0242
vn 0.1187 0.9925 -0.0291
vn 0.1075 0.9939 -0.0224
vn 0.1008 0.9948 -0.0118
vn 0.2103 0.9774 -0.0219
vn 0.2035 0.9790 -0.0143
vn 0.2053 0.9786 -0.0121
vn 0.3306 0.9435 -0.0215
vn 0.3279 0.9445 -0.0191
vn 0.3288 0.9443 -0.0166
vn 0.4432 0.8963 -0.0151
vn 0.4280 0.9036 -0.0152
vn 0.4273 0.9041 -0.0032
vn 0.5792 0.8152 -0.0038
vn 0.6914 0.7221 0.0245
vn 0.6699 0.7424 0.0086
vn 0.6162 0.7876 -0.0059
vn 0.4647 0.8852 -0.0224
vn 0.6610 0.7499 -0.0263
vn 0.4882 0.8717 -0.0417
vn 0.3328 0.9425 -0.0309
vn 0.4853 0.8678 -0.1071
vn 0.3206 0.9456 -0.0555
vn 0.2187 0.9753 -0.0326
vn 0.1164 0.9911 -0.0641
vn 0.0903 0.9902 -0.1067
vn 0.0373 0.9968 -0.0705
vn 0.0641 0.9923 -0.1055
vn 0.0304 0.9954 -0.0904
vn -0.0446 0.9962 -0.0754
vn 0.0322 0.9942 -0.1030
vn -0.0569 0.9943 -0.0901
vn -0.1277 0.9898 -0.0630
vn -0.0739 0.9922 -0.1002
vn -0.1592 0.9861 -0.0485
vn -0.2645 0.9643 0.0099
vn -0.2157 0.9759 -0.0335
vn -0.2953 0.9541 0.0494
vn -0.4712 0.8750 0.1110
vn -0.3145 0.9428 0.1103
vn -0.4576 0.8696 0.1855
vn -0.6529 0.7081 0.2689
vn -0.4143 0.8468 0.3337
vn -0.5715 0.6537 0.4961
vn -0.6779 0.4651 0.5694
vn -0.4509 0.6108 0.6509
vn -0.3212 0.8114 0.4884
vn -0.2402 0.7900 0.5641
vn -0.1837 0.9361 0.3000
vn -0.1102 0.9180 0.3810
vn -0.0951 0.9102 0.4030
vn -0.0300 0.9724 0.2315
vn -0.0179 0.9649 0.2620
vn -0.0166 0.9605 0.2776
vn 0.0213 0.9883 0.1508
vn 0.0175 0.9851 0.1714
vn 0.0116 0.9826 0.1854
vn 0.0355 0.9971 0.0678
vn 0.0274 0.9955 0.0911
vn 0.0258 0.9938 0.1083
vn 0.0335 0.9994 0.0079
vn 0.0353 0.9991 0.0223
vn 0.0289 0.9993 0.0228
vn 0.0493 0.9977 -0.0459
vn 0.0542 0.9970 -0.0559
vn 0.0238 0.9972 -0.0704
vn 0.0787 0.9896 -0.1204
vn 0.0397 0.9910 -0.1281
vn -0.0163 0.9919 -0.1259
vn 0.0452 0.9850 -0.1665
vn -0.0112 0.9854 -0.1697
vn -0.0239 0.9817 -0.1887
vn 0.0190 0.9599 -0.2798
vn 0.0080 0.9446 -0.3280
vn 0.0216 0.9216 -0.3875
vn 0.0391 0.8677 -0.4956
vn 0.0240 0.8619 -0.5064
vn -0.0633 0.8794 -0.4718
vn -0.0094 0.8083 -0.5887
vn -0.0982 0.8249 -0.5567
vn -0.2751 0.8296 -0.4859
vn -0.1304 0.7385 -0.6615
vn -0.2888 0.7577 -0.5852
vn -0.4950 0.7552 -0.4298
vn -0.2988 0.7416 -0.6006
vn -0.4860 0.7637 -0.4250
vn -0.6298 0.7368 -0.2459
vn -0.4626 0.7941 -0.3942
vn -0.6061 0.7602 -0.2340
vn -0.2342 0.8294 -0.5073
vn -0.2899 0.7798 -0.5549
vn -0.4244 0.8259 -0.3713
vn -0.5846 0.7802 -0.2226
vn -0.3201 0.8812 -0.3479
vn -0.5322 0.8214 -0.2050
vn -0.6548 0.7515 -0.0806
vn -0.3823 0.9073 -0.1750
vn -0.5871 0.8087 -0.0363
vn -0.6461 0.7621 0.0417
vn 0.2262 0.9575 -0.1790
vn -0.0929 0.9503 -0.2973
vn 0.4087 0.8825 -0.2328
vn 0.1425 0.9191 -0.3672
vn -0.0937 0.8859 -0.4543
vn 0.3014 0.8594 -0.4129
vn 0.1053 0.8367 -0.5374
vn -0.0467 0.7811 -0.6226
vn 0.2062 0.7814 -0.5890
vn 0.0753 0.7119 -0.6983
vn -0.0072 0.6601 -0.7512
vn -0.1252 0.7211 -0.6814
vn -0.0431 0.6597 -0.7503
vn -0.1429 0.6915 -0.7081
vn -0.0427 0.7291 -0.6831
vn 0.0371 0.6529 -0.7566
vn 0.0904 0.7031 -0.7053
vn 0.0390 0.6995 -0.7136
vn 0.0980 0.6849 -0.7221
vn 0.0800 0.7610 -0.6438
vn 0.0313 0.7566 -0.6531
vn 0.0555 0.8590 -0.5090
vn 0.0255 0.8666 -0.4984
vn 0.0519 0.8766 -0.4785
vn 0.0516 0.9553 -0.2912
vn 0.0489 0.9642 -0.2607
vn 0.0551 0.8761 -0.4790
vn 0.0832 0.9803 -0.1789
vn 0.0647 0.9356 -0.3471
vn 0.0839 0.9749 -0.2062
vn 0.0717 0.9914 -0.1093
vn 0.0560 0.9936 -0.0981
vn 0.0377 0.9982 -0.0463
vn 0.0459 0.9953 -0.0851
vn 0.0361 0.9979 -0.0540
vn 0.0396 0.9991 -0.0129
vn 0.0524 0.9965 -0.0657
vn 0.0590 0.9977 -0.0344
vn 0.0487 0.9978 0.0441
vn 0.0825 0.9952 -0.0534
vn 0.0633 0.9977 0.0259
vn 0.0176 0.9912 0.1310
vn 0.0655 0.9944 -0.0834
vn -0.0830 0.9921 -0.0936
vn 0.0463 0.9932 -0.1068
vn 0.0755 0.9937 -0.0828
vn 0.0623 0.9940 -0.0904
vn 0.0478 0.9956 -0.0800
vn 0.2396 0.7693 -0.5923
vn 0.4470 0.7502 -0.4872
vn 0.2140 0.7252 -0.6544
vn 0.4112 0.7514 -0.5160
vn 0.6086 0.7270 -0.3178
vn 0.5968 0.7484 -0.2893
vn 0.2007 0.7554 -0.6237
vn 0.3496 0.8248 -0.4444
vn 0.5019 0.8355 -0.2237
vn 0.6902 0.7196 -0.0770
vn 0.6105 0.7907 -0.0461
vn 0.3586 0.8299 -0.4274
vn 0.5013 0.8314 -0.2400
vn 0.6064 0.7915 -0.0760
vn 0.6685 0.7428 0.0382
vn 0.6631 0.7485 0.0103
vn 0.4899 0.8343 -0.2531
vn 0.6182 0.7797 -0.0993
vn 0.6746 0.7381 -0.0106
vn 0.6823 0.7309 0.0184
vn 0.6837 0.7296 0.0135
vn 0.5888 0.8031 -0.0909
vn 0.6630 0.7485 0.0071
vn 0.6639 0.7457 0.0562
vn 0.6734 0.7392 0.0102
vn 0.6264 0.7756 0.0777
vn 0.5071 0.8308 0.2295
vn 0.2026 0.8659 0.4573
vn 0.4044 0.8693 0.2841
vn 0.5863 0.8046 0.0947
vn 0.3615 0.8343 0.4163
vn 0.5887 0.7909 0.1671
vn 0.6794 0.7337 0.0069
vn 0.6719 0.7407 -0.0002
vn 0.6764 0.7365 -0.0080
vn 0.6910 0.7228 -0.0084
vn 0.6850 0.7286 0.0022
vn 0.6859 0.7276 0.0103
vn 0.6858 0.7269 0.0349
vn 0.7076 0.7063 0.0204
vn 0.6771 0.7247 -0.1282
vn 0.1318 0.8292 0.5432
vn 0.0071 0.8038 0.5948
vn -0.0269 0.7751 0.6312
vn -0.0548 0.7847 0.6174
vn -0.0785 0.7644 0.6400
vn -0.1028 0.7440 0.6602
vn -0.0550 0.7555 0.6529
vn -0.1283 0.7262 0.6754
vn -0.0852 0.7384 0.6690
vn 0.0197 0.7372 0.6753
vn -0.0947 0.7047 0.7031
vn 0.0100 0.6821 0.7312
vn 0.2629 0.6699 0.6944
vn -0.0659 0.6587 0.7496
vn -0.1450 0.7120 0.6871
vn -0.1383 0.6917 0.7088
vn -0.1052 0.7343 0.6706
vn -0.1854 0.7092 0.6802
vn -0.1477 0.7594 0.6336
vn -0.0889 0.8656 0.4928
vn -0.1708 0.7838 0.5971
vn -0.0944 0.8719 0.4805
vn 0.0134 0.9699 0.2431
vn -0.1196 0.8825 0.4548
vn 0.0009 0.9700 0.2429
vn 0.1265 0.9920 0.0007
vn -0.0091 0.9661 0.2581
vn 0.1544 0.9876 0.0275
vn 0.3638 0.9012 -0.2356
vn 0.2093 0.9735 0.0924
vn 0.4517 0.8783 -0.1565
vn 0.6309 0.6951 -0.3447
vn 0.5207 0.8520 -0.0551
vn 0.7209 0.6533 -0.2312
vn 0.8150 0.4828 -0.3204
vn 0.7768 0.6153 -0.1342
vn 0.8655 0.4460 -0.2280
vn 0.9086 0.2939 -0.2968
vn 0.8916 0.4276 -0.1491
vn 0.9331 0.2864 -0.2177
vn 0.9505 0.0600 -0.3048
vn 0.9467 0.2921 -0.1357
vn 0.9761 0.0586 -0.2095
vn 0.9453 -0.1948 -0.2617
vn 0.9956 0.0339 -0.0876
vn 0.9762 -0.1864 -0.1106
vn 0.9485 -0.2940 -0.1183
vn 0.9837 -0.1798 -0.0043
vn 0.9507 -0.3100 -0.0011
vn 0.8079 -0.5893 -0.0049
vn 0.9409 -0.3271 0.0882
vn 0.8445 -0.5298 0.0779
vn 0.7235 -0.6883 0.0530
vn 0.8846 -0.4522 0.1143
vn 0.7324 -0.6745 0.0932
vn 0.8677 -0.4804 0.1276
vn 0.7101 -0.6879 0.1504
vn 0.8455 -0.4952 0.1998
vn 0.9449 -0.2286 0.2343
vn 0.8314 -0.4567 0.3167
vn 0.9006 -0.2499 0.3555
vn 0.8647 -0.3720 0.3375
vn 0.8282 -0.3040 0.4709
vn 0.7903 -0.3996 0.4645
vn 0.7213 -0.5528 0.4173
vn 0.7100 -0.4470 0.5442
vn 0.6598 -0.5509 0.5111
vn 0.4917 -0.7923 0.3612
vn 0.6082 -0.5289 0.5919
vn 0.4445 -0.7835 0.4343
vn 0.2632 -0.9253 0.2730
vn 0.3908 -0.7648 0.5122
vn 0.2134 -0.9255 0.3130
vn 0.1493 -0.9530 0.2636
vn 0.1693 -0.9219 0.3485
vn 0.0993 -0.9600 0.2618
vn 0.0658 -0.9681 0.2416
vn 0.0527 -0.9619 0.2682
vn 0.0277 -0.9690 0.2454
vn -0.0003 -0.9811 0.1935
vn -0.0015 -0.9692 0.2464
vn -0.0215 -0.9787 0.2043
vn -0.0405 -0.9898 0.1363
vn -0.0271 -0.9801 0.1968
vn -0.0548 -0.9890 0.1377
vn -0.0814 -0.9936 0.0782
vn -0.0855 -0.9882 0.1273
vn -0.1196 -0.9906 0.0658
vn -0.1478 -0.9881 0.0431
vn -0.1951 -0.9790 0.0593
vn -0.2002 -0.9785 0.0485
vn -0.1988 -0.9792 0.0400
vn -0.2420 -0.9683 0.0624
vn -0.2333 -0.9712 0.0484
vn -0.2292 -0.9728 0.0326
vn -0.2647 -0.9628 0.0546
vn -0.2634 -0.9639 0.0397
vn -0.2619 -0.9647 0.0284
vn -0.3128 -0.9487 0.0460
vn -0.3097 -0.9501 0.0370
vn -0.3021 -0.9529 0.0270
vn -0.3629 -0.9306 0.0473
vn -0.3554 -0.9339 0.0400
vn -0.3486 -0.9369 0.0263
vn -0.4322 -0.9004 0.0497
vn -0.4295 -0.9026 0.0307
vn -0.4312 -0.9021 0.0162
vn -0.5361 -0.8437 0.0274
vn -0.5428 -0.8398 0.0064
vn -0.5558 -0.8313 -0.0052
vn -0.6399 -0.7684 -0.0076
vn -0.6511 -0.7584 -0.0294
vn -0.6660 -0.7426 -0.0709
vn -0.7258 -0.6860 -0.0507
vn -0.7338 -0.6730 -0.0930
vn -0.7351 -0.6621 -0.1456
vn -0.8109 -0.5749 -0.1089
vn -0.8150 -0.5587 -0.1534
vn -0.8156 -0.5407 -0.2062
vn -0.9083 -0.3855 -0.1623
vn -0.9095 -0.3590 -0.2095
vn -0.9088 -0.3256 -0.2609
vn -0.9763 -0.0784 -0.2017
vn -0.9692 -0.0365 -0.2437
vn -0.9591 0.0070 -0.2830
vn -0.9424 0.2618 -0.2080
vn -0.9292 0.2892 -0.2300
vn -0.9223 0.3120 -0.2282
vn -0.8375 0.5178 -0.1749
vn -0.8267 0.5390 -0.1612
vn -0.8254 0.5589 -0.0797
vn -0.6846 0.7226 -0.0957
vn -0.6864 0.7269 -0.0216
vn -0.7273 0.6663 0.1646
vn -0.5282 0.8471 0.0590
vn -0.6200 0.7323 0.2819
vn -0.6831 0.5450 0.4862
vn -0.4878 0.7504 0.4461
vn -0.5304 0.5953 0.6036
vn -0.6523 0.6222 0.4328
vn -0.5313 0.8108 0.2457
vn -0.4313 0.8957 0.1086
vn -0.4778 0.8734 -0.0941
vn -0.3707 0.9280 0.0361
vn -0.4100 0.8922 -0.1893
vn -0.4230 0.8104 -0.4053
vn -0.3428 0.8976 -0.2772
vn -0.3519 0.7940 -0.4958
vn -0.3789 0.6683 -0.6402
vn -0.3041 0.7789 -0.5484
vn -0.3478 0.6701 -0.6558
vn -0.4118 0.5430 -0.7318
vn -0.3168 0.6741 -0.6672
vn -0.3617 0.5468 -0.7551
vn -0.4176 0.2939 -0.8598
vn -0.2768 0.5242 -0.8054
vn -0.2989 0.2329 -0.9254
vn -0.3015 -0.1293 -0.9446
vn -0.1570 0.1612 -0.9743
vn -0.1534 -0.1985 -0.9680
vn -0.1440 -0.4927 -0.8582
vn -0.0269 -0.2594 -0.9654
vn -0.0311 -0.5435 -0.8388
vn -0.0322 -0.7243 -0.6887
vn 0.0576 -0.5709 -0.8190
vn 0.0383 -0.7172 -0.6958
vn 0.0476 -0.2905 -0.9557
vn 0.1136 -0.7001 -0.7049
vn 0.1519 -0.2237 -0.9628
vn 0.1332 0.4152 -0.8999
vn 0.2885 -0.1655 -0.9431
vn 0.2596 0.4840 -0.8357
vn 0.2664 0.2833 -0.9213
vn 0.4283 0.4782 -0.7667
vn 0.4674 0.2548 -0.8466
vn 0.4308 -0.3089 -0.8480
vn 0.6330 0.1517 -0.7591
vn 0.5598 -0.3717 -0.7406
vn 0.3833 -0.7049 -0.5968
vn 0.6503 -0.4350 -0.6228
vn 0.4668 -0.7114 -0.5254
vn 0.3593 -0.8043 -0.4733
vn 0.5108 -0.7146 -0.4779
vn 0.3985 -0.8129 -0.4247
vn 0.3374 -0.8545 -0.3949
vn 0.4280 -0.8191 -0.3820
vn 0.3649 -0.8582 -0.3610
vn 0.2893 -0.8983 -0.3308
vn 0.4038 -0.8682 -0.2882
vn 0.3258 -0.9127 -0.2465
vn 0.2381 -0.9519 -0.1927
vn 0.3501 -0.9245 -0.1511
vn 0.2544 -0.9607 -0.1110
vn 0.1947 -0.9774 -0.0827
vn 0.2540 -0.9647 -0.0699
vn 0.1969 -0.9792 -0.0484
vn 0.1369 -0.9901 -0.0296
vn 0.1833 -0.9822 -0.0413
vn 0.1275 -0.9916 -0.0235
vn 0.0577 -0.9983 -0.0117
vn 0.1129 -0.9933 -0.0235
vn 0.0484 -0.9987 -0.0133
vn 0.0184 -0.9998 -0.0059
vn 0.0373 -0.9992 -0.0116
vn 0.0144 -0.9999 -0.0056
vn 0.0074 -1.0000 -0.0019
vn -0.0040 -1.0000 0.0071
vn 0.0009 -1.0000 0.0031
vn 0.0035 -1.0000 -0.0019
vn 0.0124 -0.9999 -0.0072
vn -0.0046 -1.0000 -0.0009
vn 0.0157 -0.9997 -0.0177
vn 0.0457 -0.9984 -0.0334
vn 0.0949 -0.9945 -0.0442
vn 0.1993 -0.9792 -0.0389
vn 0.1311 -0.9907 -0.0359
vn 0.2220 -0.9746 -0.0306
vn 0.3035 -0.9527 -0.0145
vn 0.2343 -0.9719 -0.0228
vn 0.3149 -0.9490 -0.0168
vn 0.3653 -0.9307 -0.0172
vn 0.3321 -0.9429 -0.0241
vn 0.3776 -0.9255 -0.0304
vn 0.4695 -0.8827 -0.0213
vn 0.3926 -0.9183 -0.0515
vn 0.4704 -0.8806 -0.0564
vn 0.6609 -0.7494 -0.0388
vn 0.4781 -0.8723 -0.1024
vn 0.6480 -0.7543 -0.1056
vn 0.8141 -0.5734 -0.0919
vn 0.6250 -0.7611 -0.1736
vn 0.7901 -0.5852 -0.1823
vn 0.9223 -0.3370 -0.1893
vn 0.7539 -0.5805 -0.3077
vn 0.8881 -0.3031 -0.3456
vn 0.9083 -0.2251 -0.3525
vn 0.8473 -0.2600 -0.4632
vn 0.8380 -0.2932 -0.4602
vn 0.8266 -0.3090 -0.4704
vn 0.8020 -0.2418 -0.5462
vn 0.8036 -0.0821 -0.5894
vn 0.8004 -0.0898 -0.5927
vn 0.7375 -0.0059 -0.6753
vn 0.6736 -0.3901 -0.6278
vn 0.5969 -0.5865 -0.5475
vn 0.5382 -0.5826 -0.6090
vn 0.5529 -0.5573 -0.6195
vn 0.6467 -0.3348 -0.6853
vn 0.4901 -0.5074 -0.7087
vn 0.5581 -0.3048 -0.7718
vn 0.5926 -0.1493 -0.7916
vn 0.4381 -0.3171 -0.8411
vn 0.4592 -0.1015 -0.8825
vn 0.4506 0.2230 -0.8644
vn 0.3504 -0.0547 -0.9350
vn 0.3458 0.2749 -0.8971
vn 0.3166 0.5228 -0.7914
vn 0.2067 0.3263 -0.9224
vn 0.1792 0.5631 -0.8067
vn 0.1560 0.7113 -0.6853
vn 0.0545 0.5989 -0.7990
vn 0.0411 0.7279 -0.6844
vn 0.0368 0.8627 -0.5044
vn -0.0696 0.7420 -0.6667
vn -0.0549 0.8728 -0.4850
vn -0.0167 0.9786 -0.2053
vn -0.1409 0.8797 -0.4541
vn -0.0647 0.9790 -0.1933
vn 0.0195 0.9974 0.0699
vn -0.1105 0.9783 -0.1753
vn -0.0340 0.9948 0.0963
vn 0.0156 0.9321 0.3618
vn -0.0736 0.9863 0.1473
vn -0.0212 0.9126 0.4083
vn 0.0480 0.8103 0.5840
vn -0.0356 0.8985 0.4375
vn 0.0421 0.8298 0.5564
vn 0.1097 0.7790 0.6174
vn -0.0021 0.8387 0.5445
vn 0.0191 0.7754 0.6312
vn 0.0061 0.6936 0.7203
vn -0.1194 0.7344 0.6681
vn -0.1420 0.6690 0.7296
vn -0.1206 0.7346 0.6677
vn -0.2932 0.6734 0.6787
vn -0.2170 0.8237 0.5239
vn -0.0941 0.9574 0.2731
vn -0.2692 0.8946 0.3567
vn -0.1551 0.9721 0.1760
vn -0.1233 0.9852 0.1193
vn -0.3023 0.9496 0.0831
vn -0.2892 0.9558 0.0537
vn -0.2840 0.9576 0.0472
vn -0.5004 0.8650 -0.0357
vn -0.5006 0.8650 -0.0337
vn -0.5112 0.8594 -0.0055
vn -0.7057 0.7000 -0.1098
vn -0.7222 0.6876 -0.0750
vn -0.7334 0.6784 -0.0434
vn -0.8664 0.4817 -0.1313
vn -0.8779 0.4696 -0.0936
vn -0.8851 0.4601 -0.0696
vn -0.9695 0.2039 -0.1356
vn -0.9776 0.1851 -0.1002
vn -0.9823 0.1726 -0.0730
vn -0.9830 -0.1383 -0.1206
vn -0.9847 -0.1519 -0.0856
vn -0.9863 -0.1572 -0.0508
vn -0.9024 -0.4225 -0.0846
vn -0.9015 -0.4300 -0.0491
vn -0.9026 -0.4305 -0.0079
vn -0.7974 -0.6021 -0.0399
vn -0.7956 -0.6058 -0.0025
vn -0.7972 -0.6031 0.0268
vn -0.7089 -0.7053 0.0047
vn -0.7077 -0.7059 0.0289
vn -0.7097 -0.7033 0.0417
vn -0.6237 -0.7808 0.0363
vn -0.6182 -0.7846 0.0464
vn -0.6197 -0.7827 0.0585
vn -0.5227 -0.8509 0.0532
vn -0.5224 -0.8510 0.0541
vn -0.5325 -0.8437 0.0682
vn -0.4340 -0.8994 0.0517
vn -0.4351 -0.8987 0.0551
vn -0.4442 -0.8935 0.0658
vn -0.3628 -0.9303 0.0537
vn -0.3537 -0.9332 0.0638
vn -0.3444 -0.9333 0.1016
vn -0.3041 -0.9496 0.0754
vn -0.3010 -0.9472 0.1102
vn -0.3167 -0.9365 0.1504
vn -0.2874 -0.9526 0.1000
vn -0.3077 -0.9422 0.1322
vn -0.3010 -0.9428 0.1435
vn -0.2754 -0.9522 0.1322
vn -0.2541 -0.9494 0.1848
vn -0.2144 -0.9523 0.2172
vn -0.1842 -0.9613 0.2048
vn -0.1760 -0.9522 0.2496
vn -0.1663 -0.9374 0.3061
vn -0.0631 -0.9675 0.2450
vn -0.0650 -0.9505 0.3039
vn -0.0824 -0.8909 0.4466
vn -0.0016 -0.9584 0.2855
vn -0.0018 -0.9119 0.4105
vn 0.0264 -0.7672 0.6408
vn 0.0573 -0.9200 0.3878
vn 0.1506 -0.7595 0.6328
vn 0.2355 -0.5598 0.7944
vn 0.2517 -0.7437 0.6193
vn 0.3525 -0.5141 0.7820
vn 0.3704 -0.5203 0.7695
vn 0.4526 -0.4988 0.7391
vn 0.4516 -0.4996 0.7392
vn 0.4009 -0.6447 0.6509
vn 0.5365 -0.5239 0.6616
vn 0.5260 -0.5874 0.6150
vn 0.6194 -0.3993 0.6759
vn 0.6575 -0.4781 0.5824
vn 0.7253 -0.3034 0.6180
vn 0.7380 -0.2304 0.6342
vn 0.7741 -0.3173 0.5479
vn 0.7397 -0.3556 0.5712
vn 0.6739 -0.4917 0.5515
vn 0.7100 -0.5477 0.4427
vn 0.7167 -0.5076 0.4783
vn 0.7837 -0.3691 0.4996
vn 0.7923 -0.5198 0.3196
vn 0.8728 -0.3336 0.3563
vn 0.9176 -0.1435 0.3707
vn 0.9182 -0.3456 0.1937
vn 0.9572 -0.1657 0.2375
vn 0.9543 0.1193 0.2739
vn 0.9679 -0.2177 0.1257
vn 0.9883 0.0755 0.1329
vn 0.9671 0.2196 0.1285
vn 0.9989 0.0314 0.0362
vn 0.9679 0.2505 0.0226
vn 0.9080 0.4187 0.0154
vn 0.9613 0.2753 -0.0093
vn 0.9095 0.4157 -0.0065
vn 0.8001 0.5991 0.0290
vn 0.9094 0.4146 -0.0317
vn 0.8121 0.5832 0.0169
vn 0.5873 0.8030 0.1013
vn 0.8117 0.5840 -0.0103
vn 0.5948 0.7981 0.0957
vn 0.2951 0.9356 0.1940
vn 0.5859 0.8072 0.0715
vn 0.2815 0.9391 0.1972
vn 0.0428 0.9637 0.2636
vn 0.2619 0.9467 0.1877
vn 0.0282 0.9591 0.2816
vn -0.1419 0.9330 0.3308
vn 0.0177 0.9560 0.2928
vn -0.1483 0.9165 0.3715
vn -0.2740 0.8705 0.4088
vn -0.1479 0.9011 0.4077
vn -0.2568 0.8456 0.4679
vn -0.3652 0.7827 0.5039
vn -0.2298 0.8253 0.5159
vn -0.3125 0.7487 0.5846
vn -0.3783 0.6829 0.6250
vn -0.2622 0.7342 0.6263
vn -0.2825 0.6722 0.6843
vn -0.2501 0.6825 0.6867
vn -0.2257 0.6897 0.6880
vn -0.1885 0.6964 0.6924
vn -0.1532 0.7274 0.6689
vn -0.1557 0.7130 0.6836
vn -0.1297 0.7344 0.6662
vn -0.1123 0.7573 0.6433
vn -0.1823 0.7053 0.6851
vn -0.2222 0.7228 0.6543
vn -0.2011 0.8068 0.5556
vn -0.1415 0.8913 0.4307
vn 0.0076 0.9583 0.2856
vn 0.2413 0.9581 0.1540
vn 0.5633 0.8259 0.0250
vn 0.8015 0.5947 -0.0618
vn 0.9048 0.4181 -0.0804
vn 0.9549 0.2914 -0.0574
vn 0.9999 0.0153 -0.0057
vn 0.9735 -0.2203 0.0621
vn 0.9259 -0.3578 0.1211
vn 0.8623 -0.4739 0.1783
vn 0.6932 -0.6705 0.2643
vn 0.8008 -0.3940 0.4511
vn 0.7512 -0.3816 0.5385
vn 0.6277 -0.5011 0.5957
vn 0.5395 -0.5061 0.6729
vn 0.3316 -0.7461 0.5773
vn 0.1177 -0.9198 0.3744
vn 0.0146 -0.9614 0.2747
vn -0.0061 -0.9711 0.2386
vn -0.0668 -0.9787 0.1940
vn -0.1876 -0.9736 0.1304
vn -0.2616 -0.9623 0.0749
vn -0.2699 -0.9600 0.0751
vn -0.3105 -0.9489 0.0565
vn -0.3659 -0.9293 0.0502
vn -0.4345 -0.8990 0.0544
vn -0.5293 -0.8471 0.0481
vn -0.6317 -0.7751 0.0162
vn -0.7156 -0.6981 -0.0241
vn -0.8041 -0.5904 -0.0702
vn -0.9053 -0.4070 -0.1215
vn -0.9806 -0.1134 -0.1600
vn -0.9573 0.2306 -0.1745
vn -0.8512 0.4983 -0.1648
vn -0.6919 0.7127 -0.1149
vn -0.5061 0.8624 -0.0144
vn -0.3660 0.9103 0.1936
vn -0.3917 0.7157 0.5782
vn -0.2824 0.6826 0.6740
vn -0.4131 0.6355 0.6523
vn -0.1143 0.8106 0.5743
vn -0.0724 0.8921 0.4460
vn -0.1629 0.8719 0.4618
vn -0.1917 0.9494 0.2488
vn -0.2746 0.9216 0.2742
vn -0.2985 0.9542 -0.0201
vn -0.1194 0.9706 0.2090
vn -0.2000 0.9760 -0.0857
vn -0.2602 0.8972 -0.3568
vn -0.1363 0.9804 -0.1425
vn -0.2127 0.8920 -0.3988
vn -0.2758 0.7726 -0.5718
vn -0.1910 0.8857 -0.4231
vn -0.2392 0.7669 -0.5955
vn -0.2586 0.6703 -0.6956
vn -0.1722 0.7554 -0.6322
vn -0.1715 0.6549 -0.7360
vn -0.1635 0.4810 -0.8614
vn -0.0613 0.6298 -0.7743
vn -0.0438 0.4301 -0.9017
vn -0.0291 0.0933 -0.9952
vn 0.0750 0.3782 -0.9227
vn 0.0853 0.0346 -0.9958
vn 0.0771 -0.3091 -0.9479
vn 0.2142 -0.0157 -0.9767
vn 0.1891 -0.3411 -0.9208
vn 0.1476 -0.5763 -0.8038
vn 0.3141 -0.3412 -0.8859
vn 0.2533 -0.5565 -0.7913
vn 0.2047 -0.6783 -0.7057
vn 0.3750 -0.5211 -0.7667
vn 0.3087 -0.6721 -0.6731
vn 0.4431 -0.1799 -0.8782
vn 0.4187 -0.6536 -0.6305
vn 0.5712 -0.2183 -0.7913
vn 0.5888 0.3677 -0.7198
vn 0.6837 -0.1121 -0.7211
vn 0.7043 0.2052 -0.6795
vn 0.7375 -0.0290 -0.6747
vn 0.7564 -0.0202 -0.6538
vn 0.7661 -0.1958 -0.6121
vn 0.6800 -0.4764 -0.5574
vn 0.8134 -0.2533 -0.5236
vn 0.7051 -0.5048 -0.4979
vn 0.5344 -0.7287 -0.4283
vn 0.7212 -0.5471 -0.4249
vn 0.5587 -0.7489 -0.3562
vn 0.4641 -0.8276 -0.3157
vn 0.5934 -0.7613 -0.2614
vn 0.4894 -0.8426 -0.2247
vn 0.4311 -0.8822 -0.1897
vn 0.4895 -0.8587 -0.1514
vn 0.4286 -0.8952 -0.1218
vn 0.3555 -0.9298 -0.0952
vn 0.4117 -0.9076 -0.0823
vn 0.3521 -0.9337 -0.0647
vn 0.2483 -0.9672 -0.0542
vn 0.3451 -0.9377 -0.0396
vn 0.2457 -0.9686 -0.0368
vn 0.1714 -0.9846 -0.0334
vn 0.2425 -0.9698 -0.0250
vn 0.1631 -0.9862 -0.0278
vn 0.0967 -0.9951 -0.0213
vn 0.1522 -0.9879 -0.0292
vn -0.0068 -0.9999 0.0106
vn -0.2752 0.9411 0.1962
vn -0.0907 -0.9958 0.0077
vn -0.1222 -0.9925 0.0025
vn -0.0965 -0.9953 -0.0027
vn -0.1115 -0.9937 -0.0051
vn -0.0909 -0.9958 -0.0126
vn -0.0927 -0.9951 -0.0330
vn -0.0864 -0.9949 -0.0523
vn -0.0450 -0.9973 -0.0582
vn -0.0722 -0.9926 -0.0980
vn -0.0572 -0.9919 -0.1134
vn -0.0387 -0.9932 -0.1102
vn -0.0522 -0.9917 -0.1176
vn -0.0500 -0.9910 -0.1239
vn -0.0478 -0.9910 -0.1247
vn -0.0399 -0.9927 -0.1136
vn -0.0496 -0.9932 -0.1053
vn -0.0352 -0.9935 -0.1081
vn -0.0289 -0.9913 -0.1286
vn -0.0312 -0.9913 -0.1276
vn -0.0277 -0.9878 -0.1531
vn -0.0287 -0.9869 -0.1589
vn -0.0164 -0.9813 -0.1919
vn -0.0253 -0.9794 -0.2005
vn -0.0302 -0.9910 -0.1306
vn -0.0337 -0.9856 -0.1658
vn -0.0362 -0.9769 -0.2105
vn -0.0061 -0.9658 -0.2591
vn -0.0295 -0.9630 -0.2680
vn -0.0463 -0.9835 -0.1752
vn -0.0541 -0.9736 -0.2217
vn -0.0562 -0.9589 -0.2780
vn -0.0133 -0.9413 -0.3374
vn -0.0532 -0.9349 -0.3508
vn -0.0861 -0.9688 -0.2324
vn -0.0909 -0.9534 -0.2877
vn -0.0953 -0.9274 -0.3616
vn -0.0415 -0.8866 -0.4606
vn -0.0955 -0.8804 -0.4645
vn -0.1361 -0.9464 -0.2931
vn -0.1446 -0.9182 -0.3689
vn -0.1542 -0.8734 -0.4619
vn -0.0883 -0.8433 -0.5301
vn -0.1576 -0.8363 -0.5252
vn -0.2129 -0.9022 -0.3751
vn -0.2306 -0.8595 -0.4563
vn -0.2371 -0.8241 -0.5144
vn -0.1732 -0.8158 -0.5518
vn -0.2531 -0.7859 -0.5642
vn -0.3059 -0.8395 -0.4491
vn -0.3149 -0.8086 -0.4970
vn -0.3352 -0.7561 -0.5621
vn -0.3089 -0.6607 -0.6842
vn -0.3976 -0.5946 -0.6988
vn -0.3870 -0.7860 -0.4821
vn -0.4170 -0.7156 -0.5604
vn -0.4696 -0.5090 -0.7214
vn -0.4581 -0.2518 -0.8525
vn -0.4843 -0.1616 -0.8599
vn -0.4964 -0.6547 -0.5700
vn -0.4981 -0.4178 -0.7598
vn -0.4217 -0.1464 -0.8949
vn -0.4535 0.0043 -0.8913
vn -0.4734 -0.3731 -0.7979
vn -0.3368 -0.2767 -0.9000
vn -0.4930 -0.3669 -0.7889
vn -0.4166 -0.3266 -0.8484
vn -0.4463 -0.3823 -0.8091
vn -0.5303 -0.2289 -0.8164
vn -0.5389 -0.2646 -0.7997
vn -0.4618 -0.4875 -0.7410
vn -0.3774 -0.6383 -0.6709
vn -0.4266 -0.0607 -0.9024
vn -0.4351 -0.3113 -0.8449
vn -0.4469 0.0805 -0.8909
vn -0.3726 0.0634 -0.9258
vn -0.3743 -0.3271 -0.8677
vn -0.2752 -0.4035 -0.8726
vn -0.2247 -0.7191 -0.6575
vn -0.1164 -0.7783 -0.6171
vn -0.0902 -0.8425 -0.5310
vn -0.0039 -0.8493 -0.5280
vn -0.0218 -0.8452 -0.5341
vn 0.0428 -0.8460 -0.5315
vn 0.0142 -0.8950 -0.4458
vn 0.0646 -0.9061 -0.4180
vn 0.0248 -0.9461 -0.3229
vn 0.0625 -0.9495 -0.3073
vn 0.0180 -0.9680 -0.2503
vn 0.0302 -0.9684 -0.2475
vn -0.0149 -0.9822 -0.1870
vn -0.0184 -0.9830 -0.1825
vn -0.6291 -0.0865 -0.7725
vn -0.5955 -0.2910 -0.7488
vn -0.6795 -0.1357 -0.7210
vn -0.7416 0.0418 -0.6696
vn -0.8476 0.0896 -0.5230
vn -0.8258 -0.0823 -0.5579
vn -0.7647 -0.2753 -0.5826
vn -0.8702 -0.2243 -0.4388
vn -0.7892 -0.3914 -0.4733
vn -0.6820 -0.4183 -0.5999
vn -0.7001 -0.5262 -0.4826
vn -0.7700 -0.4752 -0.4257
vn -0.6774 -0.6052 -0.4181
vn -0.6054 -0.5120 -0.6094
vn -0.6184 -0.6238 -0.4780
vn -0.5977 -0.6888 -0.4102
vn -0.6551 -0.6571 -0.3729
vn -0.5847 -0.7205 -0.3728
vn -0.5403 -0.6963 -0.4725
vn -0.5230 -0.7451 -0.4138
vn -0.5159 -0.7671 -0.3812
vn -0.5842 -0.7338 -0.3468
vn -0.5131 -0.7819 -0.3541
vn -0.4513 -0.7843 -0.4257
vn -0.4430 -0.8085 -0.3873
vn -0.4270 -0.8336 -0.3505
vn -0.5085 -0.8010 -0.3160
vn -0.4080 -0.8609 -0.3039
vn -0.3604 -0.8484 -0.3877
vn -0.3319 -0.8826 -0.3330
vn -0.3012 -0.9096 -0.2864
vn -0.3922 -0.8882 -0.2395
vn -0.2846 -0.9324 -0.2229
vn -0.2525 -0.9158 -0.3124
vn -0.2225 -0.9377 -0.2667
vn -0.2017 -0.9565 -0.2109
vn -0.2752 -0.9535 -0.1225
vn -0.1950 -0.9742 -0.1132
vn -0.1747 -0.9521 -0.2510
vn -0.1634 -0.9652 -0.2043
vn -0.1684 -0.9781 -0.1223
vn -0.2045 -0.9785 -0.0287
vn -0.1938 -0.9798 -0.0493
vn -0.1237 -0.9722 -0.1989
vn -0.1311 -0.9820 -0.1358
vn -0.1657 -0.9831 -0.0782
vn -0.2229 -0.9747 -0.0151
vn -0.2092 -0.9770 -0.0407
vn -0.0730 -0.9876 -0.1393
vn -0.0886 -0.9912 -0.0982
vn -0.1183 -0.9907 -0.0667
vn -0.2308 -0.9730 -0.0035
vn -0.1472 -0.9890 -0.0176
vn -0.0373 -0.9939 -0.1035
vn -0.0444 -0.9956 -0.0822
vn -0.0663 -0.9968 -0.0438
vn -0.1642 -0.9863 0.0167
vn -0.0997 -0.9950 -0.0040
vn -0.0423 -0.9948 -0.0925
vn -0.0656 -0.9952 -0.0720
vn -0.0318 -0.9940 -0.1047
vn -0.0387 -0.9901 -0.1349
vn -0.0771 -0.9792 -0.1877
vn -0.1306 -0.9616 -0.2415
vn -0.1919 -0.9348 -0.2989
vn -0.2842 -0.8792 -0.3824
vn -0.3753 -0.8159 -0.4397
vn -0.4655 -0.7481 -0.4728
vn -0.5531 -0.5828 -0.5953
vn -0.1265 -0.9919 0.0089
vt 0.563675 0.251318
vt 0.554256 0.249488
vt 0.559125 0.243286
vt 0.568083 0.241422
vt 0.566840 0.230413
vt 0.555418 0.235290
vt 0.546773 0.241517
vt 0.598597 0.303696
vt 0.602211 0.293875
vt 0.608704 0.295667
vt 0.609697 0.302457
vt 0.533328 0.346877
vt 0.531551 0.355853
vt 0.525758 0.350953
vt 0.525452 0.343969
vt 0.515715 0.344925
vt 0.519265 0.354367
vt 0.525242 0.363891
vt 0.269011 0.486852
vt 0.260496 0.492104
vt 0.255440 0.489134
vt 0.257261 0.484253
vt 0.368631 0.577425
vt 0.374770 0.572215
vt 0.379458 0.581795
vt 0.371098 0.586179
vt 0.682956 0.277854
vt 0.692748 0.287128
vt 0.683131 0.304109
vt 0.673999 0.290660
vt 0.677278 0.330568
vt 0.669378 0.324271
vt 0.689132 0.315757
vt 0.334789 0.539598
vt 0.338890 0.527983
vt 0.343719 0.532927
vt 0.342147 0.541504
vt 0.342352 0.517512
vt 0.346795 0.527589
vt 0.348161 0.537365
vt 0.628034 0.353085
vt 0.637854 0.352154
vt 0.634544 0.358768
vt 0.627280 0.361785
vt 0.646848 0.356144
vt 0.639485 0.363634
vt 0.631155 0.369851
vt 0.149911 0.243502
vt 0.133707 0.243868
vt 0.136160 0.234550
vt 0.144939 0.229561
vt 0.544557 0.395083
vt 0.558123 0.399550
vt 0.555344 0.414972
vt 0.537238 0.406345
vt 0.528904 0.413551
vt 0.541656 0.422941
vt 0.574800 0.399769
vt 0.577976 0.412185
vt 0.584849 0.423118
vt 0.567134 0.427868
vt 0.554030 0.432495
vt 0.555331 0.492999
vt 0.543828 0.494297
vt 0.544131 0.484854
vt 0.551355 0.481611
vt 0.528324 0.491762
vt 0.532903 0.481215
vt 0.539705 0.473541
vt 0.183752 0.329162
vt 0.182908 0.340438
vt 0.174629 0.337848
vt 0.171271 0.329336
vt 0.154807 0.334415
vt 0.160914 0.344446
vt 0.168240 0.351824
vt 0.179448 0.254013
vt 0.193370 0.247566
vt 0.195975 0.258684
vt 0.182883 0.267501
vt 0.203994 0.244328
vt 0.207198 0.258980
vt 0.200807 0.271960
vt 0.361828 0.160597
vt 0.350482 0.160913
vt 0.352339 0.152231
vt 0.358257 0.147058
vt 0.347444 0.134662
vt 0.342079 0.144343
vt 0.337457 0.154281
vt 0.167635 0.259258
vt 0.166547 0.270440
vt 0.195062 0.284154
vt 0.178524 0.283059
vt 0.165028 0.284118
vt 0.153380 0.273866
vt 0.150850 0.286551
vt 0.177817 0.295726
vt 0.164038 0.296989
vt 0.149133 0.299437
vt 0.134718 0.289207
vt 0.133084 0.302472
vt 0.164543 0.308801
vt 0.148954 0.311822
vt 0.133122 0.315916
vt 0.117039 0.305943
vt 0.117612 0.320669
vt 0.150896 0.323624
vt 0.135498 0.329104
vt 0.120300 0.335314
vt 0.102681 0.325589
vt 0.105865 0.341712
vt 0.139438 0.341536
vt 0.124950 0.349399
vt 0.110909 0.357341
vt 0.091906 0.348219
vt 0.097446 0.365369
vt 0.131293 0.362273
vt 0.117853 0.371881
vt 0.104429 0.381441
vt 0.084380 0.373210
vt 0.092078 0.391088
vt 0.126059 0.384278
vt 0.113424 0.395586
vt 0.101450 0.407360
vt 0.080285 0.400309
vt 0.090246 0.418849
vt 0.124085 0.407609
vt 0.113304 0.420886
vt 0.103471 0.433905
vt 0.080591 0.428598
vt 0.095339 0.445307
vt 0.127176 0.431555
vt 0.119236 0.445301
vt 0.112777 0.457358
vt 0.088917 0.454432
vt 0.108167 0.467132
vt 0.136773 0.453717
vt 0.132164 0.465499
vt 0.128847 0.475179
vt 0.104701 0.476138
vt 0.126280 0.484005
vt 0.151635 0.471720
vt 0.149289 0.481378
vt 0.147282 0.490637
vt 0.123971 0.492245
vt 0.145834 0.498422
vt 0.169871 0.484462
vt 0.168517 0.493674
vt 0.167611 0.501654
vt 0.144550 0.503954
vt 0.167175 0.507104
vt 0.188812 0.493792
vt 0.188515 0.500726
vt 0.188619 0.505741
vt 0.167154 0.511992
vt 0.188907 0.510543
vt 0.208378 0.497797
vt 0.208832 0.502588
vt 0.209205 0.507616
vt 0.189735 0.515748
vt 0.210042 0.513488
vt 0.227172 0.498792
vt 0.227755 0.503727
vt 0.229387 0.510589
vt 0.213056 0.523984
vt 0.233346 0.521476
vt 0.245128 0.500335
vt 0.247621 0.507432
vt 0.252142 0.517632
vt 0.237077 0.532172
vt 0.255426 0.527129
vt 0.265020 0.503088
vt 0.268709 0.511754
vt 0.271761 0.520686
vt 0.258491 0.536677
vt 0.274358 0.530149
vt 0.279615 0.504387
vt 0.283830 0.513085
vt 0.287530 0.522832
vt 0.277337 0.539981
vt 0.290846 0.532182
vt 0.292313 0.504046
vt 0.297704 0.512714
vt 0.302400 0.520127
vt 0.295745 0.538887
vt 0.307266 0.525409
vt 0.304785 0.500914
vt 0.310382 0.506283
vt 0.315335 0.511246
vt 0.312778 0.529447
vt 0.320312 0.515036
vt 0.315289 0.493814
vt 0.319962 0.497594
vt 0.325250 0.500269
vt 0.333714 0.494770
vt 0.330442 0.504668
vt 0.327909 0.488681
vt 0.326277 0.518667
vt 0.322867 0.483837
vt 0.330699 0.479677
vt 0.326162 0.472050
vt 0.318352 0.479482
vt 0.322519 0.466397
vt 0.333173 0.462833
vt 0.328243 0.456080
vt 0.313207 0.474367
vt 0.316749 0.461309
vt 0.320889 0.449512
vt 0.756067 0.421003
vt 0.762389 0.415504
vt 0.764289 0.421333
vt 0.760865 0.428912
vt 0.309834 0.454803
vt 0.316146 0.441587
vt 0.767495 0.436612
vt 0.774247 0.426824
vt 0.756744 0.436726
vt 0.763106 0.445390
vt 0.305300 0.435276
vt 0.311585 0.421988
vt 0.317230 0.431476
vt 0.770516 0.454510
vt 0.774171 0.446916
vt 0.757963 0.453556
vt 0.765160 0.463439
vt 0.299237 0.416523
vt 0.305983 0.403132
vt 0.312395 0.412582
vt 0.773033 0.473703
vt 0.777669 0.465735
vt 0.758685 0.471402
vt 0.765732 0.481975
vt 0.292513 0.398467
vt 0.300086 0.384600
vt 0.306674 0.394063
vt 0.772744 0.492915
vt 0.779834 0.485408
vt 0.757616 0.489339
vt 0.764199 0.500110
vt 0.286630 0.380921
vt 0.290740 0.367800
vt 0.303507 0.371281
vt 0.294681 0.354538
vt 0.306777 0.357657
vt 0.310068 0.344073
vt 0.298255 0.340947
vt 0.278316 0.364273
vt 0.282625 0.351033
vt 0.286587 0.337793
vt 0.301450 0.327455
vt 0.289881 0.324341
vt 0.270609 0.347977
vt 0.274828 0.334772
vt 0.278267 0.321589
vt 0.292527 0.311135
vt 0.280876 0.308451
vt 0.263552 0.331956
vt 0.266657 0.319006
vt 0.269482 0.306109
vt 0.283235 0.295279
vt 0.271751 0.292911
vt 0.255369 0.316666
vt 0.258190 0.303823
vt 0.260686 0.290733
vt 0.273748 0.279480
vt 0.262632 0.277148
vt 0.247166 0.301889
vt 0.249688 0.289002
vt 0.251930 0.275443
vt 0.263953 0.263182
vt 0.253080 0.261177
vt 0.239045 0.287573
vt 0.241292 0.274184
vt 0.242737 0.259682
vt 0.253914 0.246303
vt 0.243322 0.244311
vt 0.231164 0.273450
vt 0.232755 0.258837
vt 0.233037 0.243215
vt 0.243063 0.228750
vt 0.232126 0.227467
vt 0.223320 0.258311
vt 0.223046 0.242714
vt 0.221527 0.227248
vt 0.231020 0.211583
vt 0.219373 0.211566
vt 0.213529 0.242967
vt 0.210851 0.228249
vt 0.207708 0.213054
vt 0.216815 0.195748
vt 0.204106 0.197430
vt 0.200136 0.230867
vt 0.196152 0.216140
vt 0.191713 0.200541
vt 0.200682 0.181529
vt 0.187163 0.184858
vt 0.185053 0.220539
vt 0.179851 0.205015
vt 0.174082 0.189625
vt 0.182453 0.169458
vt 0.167859 0.174827
vt 0.168898 0.210756
vt 0.161621 0.195753
vt 0.154031 0.181723
vt 0.161491 0.160959
vt 0.146195 0.168828
vt 0.150550 0.202775
vt 0.141018 0.189951
vt 0.131600 0.178459
vt 0.138167 0.156590
vt 0.122438 0.167741
vt 0.129382 0.199444
vt 0.118407 0.189819
vt 0.107883 0.180248
vt 0.113256 0.157086
vt 0.097609 0.170569
vt 0.107006 0.202267
vt 0.095239 0.193955
vt 0.083664 0.185465
vt 0.087650 0.160913
vt 0.072336 0.176958
vt 0.084340 0.208903
vt 0.071934 0.202056
vt 0.059604 0.195095
vt 0.061176 0.168592
vt 0.047594 0.187827
vt 0.062316 0.220085
vt 0.049526 0.214390
vt 0.036478 0.208272
vt 0.038636 0.182693
vt 0.027960 0.204314
vt 0.041489 0.234897
vt 0.028528 0.230254
vt 0.019981 0.227127
vt 0.022712 0.202112
vt 0.014911 0.225495
vt 0.022415 0.253195
vt 0.013535 0.251059
vt 0.008645 0.249993
vt 0.010530 0.224160
vt 0.004712 0.249182
vt 0.008494 0.276370
vt 0.003647 0.273963
vt 0.000381 0.272417
vt 0.467461 0.104359
vt 0.465458 0.101226
vt 0.486009 0.085493
vt 0.487654 0.088340
vt 0.505594 0.066868
vt 0.507751 0.070140
vt 0.485121 0.081905
vt 0.509407 0.073093
vt 0.489898 0.091518
vt 0.511279 0.076243
vt 0.532330 0.057851
vt 0.534427 0.061057
vt 0.536479 0.064593
vt 0.513892 0.079710
vt 0.538986 0.068695
vt 0.560150 0.051581
vt 0.563053 0.055518
vt 0.565349 0.059210
vt 0.542108 0.075136
vt 0.567816 0.067228
vt 0.588244 0.045890
vt 0.591091 0.051295
vt 0.593660 0.061474
vt 0.570310 0.080622
vt 0.595553 0.074923
vt 0.617902 0.047117
vt 0.620095 0.059143
vt 0.621276 0.071795
vt 0.597760 0.088466
vt 0.622583 0.085157
vt 0.646178 0.061151
vt 0.646697 0.071968
vt 0.647685 0.083101
vt 0.624267 0.098056
vt 0.648109 0.095892
vt 0.671459 0.075290
vt 0.671142 0.085678
vt 0.670678 0.098206
vt 0.648499 0.110572
vt 0.669276 0.113913
vt 0.692620 0.093837
vt 0.690365 0.107031
vt 0.688113 0.121984
vt 0.667555 0.130004
vt 0.684497 0.137062
vt 0.709025 0.118477
vt 0.705044 0.132220
vt 0.700449 0.146144
vt 0.680140 0.151890
vt 0.694797 0.160185
vt 0.720438 0.143534
vt 0.714511 0.156528
vt 0.708330 0.170173
vt 0.689127 0.174108
vt 0.701850 0.183295
vt 0.727398 0.167859
vt 0.720229 0.180441
vt 0.713053 0.193850
vt 0.695589 0.196027
vt 0.706167 0.206130
vt 0.730362 0.192450
vt 0.722612 0.204749
vt 0.715710 0.217194
vt 0.699318 0.217915
vt 0.708012 0.228011
vt 0.272232 0.622850
vt 0.295484 0.621578
vt 0.279323 0.636173
vt 0.254750 0.634904
vt 0.715375 0.238638
vt 0.721325 0.227482
vt 0.700450 0.239583
vt 0.706713 0.248894
vt 0.310961 0.606978
vt 0.330222 0.603337
vt 0.317881 0.616743
vt 0.713170 0.256399
vt 0.718932 0.246665
vt 0.699430 0.263206
vt 0.709847 0.266831
vt 0.336552 0.588656
vt 0.348543 0.581426
vt 0.345311 0.592969
vt 0.357242 0.576033
vt 0.355273 0.585915
vt 0.363341 0.581517
vt 0.362661 0.571207
vt 0.351860 0.568813
vt 0.358419 0.562391
vt 0.363721 0.555969
vt 0.367507 0.567816
vt 0.368562 0.554908
vt 0.360252 0.549184
vt 0.364738 0.545469
vt 0.370179 0.549936
vt 0.695887 0.337943
vt 0.705122 0.339241
vt 0.703274 0.346449
vt 0.697521 0.351816
vt 0.712927 0.353399
vt 0.706854 0.356804
vt 0.710589 0.344184
vt 0.701848 0.362325
vt 0.691536 0.359369
vt 0.696556 0.369653
vt 0.711123 0.367307
vt 0.707379 0.373562
vt 0.702240 0.379664
vt 0.690641 0.377538
vt 0.696365 0.386733
vt 0.713478 0.383065
vt 0.708129 0.389251
vt 0.702332 0.396029
vt 0.689812 0.394378
vt 0.695534 0.403285
vt 0.713827 0.398462
vt 0.707891 0.405433
vt 0.701270 0.412212
vt 0.687971 0.410808
vt 0.693723 0.419548
vt 0.713591 0.414252
vt 0.706693 0.421369
vt 0.699264 0.428361
vt 0.685684 0.426906
vt 0.690671 0.435697
vt 0.711918 0.430004
vt 0.704169 0.437134
vt 0.695862 0.443853
vt 0.681983 0.442986
vt 0.686907 0.451135
vt 0.709132 0.445293
vt 0.700559 0.452063
vt 0.691859 0.458874
vt 0.677705 0.458273
vt 0.682428 0.465715
vt 0.705138 0.459983
vt 0.696103 0.466774
vt 0.686837 0.473177
vt 0.672767 0.472314
vt 0.676834 0.479552
vt 0.700431 0.474755
vt 0.690798 0.481178
vt 0.681015 0.487183
vt 0.666654 0.486001
vt 0.670756 0.493453
vt 0.695199 0.489910
vt 0.685191 0.496011
vt 0.675121 0.501938
vt 0.660181 0.499412
vt 0.664585 0.507764
vt 0.690264 0.505758
vt 0.680041 0.511730
vt 0.669652 0.517431
vt 0.653606 0.513455
vt 0.658766 0.523094
vt 0.685727 0.522621
vt 0.675763 0.528429
vt 0.665084 0.534058
vt 0.647572 0.528255
vt 0.654171 0.539030
vt 0.337510 0.252520
vt 0.338504 0.239269
vt 0.349470 0.238670
vt 0.350678 0.251104
vt 0.341051 0.226818
vt 0.352692 0.227806
vt 0.356086 0.216398
vt 0.344221 0.215390
vt 0.327008 0.237775
vt 0.329032 0.225550
vt 0.331937 0.213693
vt 0.347489 0.204282
vt 0.335039 0.202322
vt 0.316825 0.222789
vt 0.319301 0.210727
vt 0.322348 0.198827
vt 0.338196 0.191232
vt 0.325826 0.187108
vt 0.306977 0.206167
vt 0.309541 0.193914
vt 0.312976 0.181821
vt 0.329027 0.175839
vt 0.316585 0.169598
vt 0.296975 0.187545
vt 0.300074 0.174696
vt 0.304024 0.162220
vt 0.320661 0.157651
vt 0.307802 0.149734
vt 0.286684 0.167073
vt 0.290080 0.153992
vt 0.294268 0.141040
vt 0.312117 0.137499
vt 0.298269 0.128143
vt 0.275480 0.146144
vt 0.279158 0.132941
vt 0.282960 0.119769
vt 0.301906 0.115545
vt 0.285755 0.106736
vt 0.262789 0.126364
vt 0.265642 0.112917
vt 0.268151 0.099423
vt 0.287917 0.094374
vt 0.268798 0.086846
vt 0.247236 0.107569
vt 0.248357 0.094555
vt 0.247942 0.083034
vt 0.268837 0.077175
vt 0.246656 0.073844
vt 0.225828 0.092223
vt 0.224531 0.082481
vt 0.223364 0.074187
vt 0.246003 0.065478
vt 0.222090 0.065483
vt 0.201322 0.084567
vt 0.200173 0.077692
vt 0.198563 0.068071
vt 0.220844 0.056518
vt 0.196654 0.058103
vt 0.177184 0.081953
vt 0.175158 0.073548
vt 0.172685 0.063871
vt 0.194738 0.050038
vt 0.170136 0.056519
vt 0.150554 0.080804
vt 0.146950 0.073100
vt 0.144058 0.066840
vt 0.167336 0.050819
vt 0.141664 0.061656
vt 0.121094 0.083257
vt 0.118132 0.078449
vt 0.116352 0.073796
vt 0.138525 0.055436
vt 0.114136 0.067001
vt 0.094566 0.091139
vt 0.092772 0.085939
vt 0.092005 0.077648
vt 0.110866 0.059243
vt 0.090307 0.070033
vt 0.073093 0.092716
vt 0.072500 0.083160
vt 0.070980 0.077373
vt 0.087171 0.061958
vt 0.068795 0.071527
vt 0.054548 0.087714
vt 0.051010 0.081952
vt 0.048458 0.076722
vt 0.065569 0.065908
vt 0.049182 0.069634
vt 0.423329 0.196603
vt 0.426051 0.207985
vt 0.407006 0.204656
vt 0.407234 0.200304
vt 0.036898 0.061047
vt 0.033969 0.064851
vt 0.048841 0.062881
vt 0.039049 0.056350
vt 0.438804 0.188335
vt 0.443529 0.194103
vt 0.430850 0.214897
vt 0.447796 0.200404
vt 0.435654 0.221032
vt 0.441793 0.225337
vt 0.452499 0.205663
vt 0.457567 0.175509
vt 0.462356 0.181068
vt 0.466485 0.187414
vt 0.458167 0.210867
vt 0.471170 0.194878
vt 0.479723 0.166075
vt 0.483495 0.173882
vt 0.487499 0.182484
vt 0.477997 0.203602
vt 0.492762 0.191879
vt 0.500873 0.162495
vt 0.504729 0.171851
vt 0.509163 0.181762
vt 0.500205 0.202239
vt 0.514944 0.191931
vt 0.522220 0.162117
vt 0.526240 0.172301
vt 0.530938 0.182695
vt 0.521295 0.202178
vt 0.536005 0.193436
vt 0.544076 0.164006
vt 0.548035 0.174805
vt 0.552061 0.186190
vt 0.541164 0.204292
vt 0.556075 0.197596
vt 0.565947 0.168562
vt 0.568930 0.180592
vt 0.571843 0.192774
vt 0.560010 0.208882
vt 0.574575 0.204519
vt 0.586261 0.176868
vt 0.587845 0.189785
vt 0.589338 0.202199
vt 0.577078 0.216021
vt 0.590402 0.214244
vt 0.603611 0.188877
vt 0.603616 0.201703
vt 0.603180 0.214220
vt 0.590288 0.226099
vt 0.601731 0.226111
vt 0.617422 0.202921
vt 0.615742 0.215517
vt 0.613282 0.227635
vt 0.598233 0.237932
vt 0.607482 0.239749
vt 0.627606 0.218558
vt 0.622730 0.230543
vt 0.615309 0.242566
vt 0.599266 0.252338
vt 0.607241 0.254344
vt 0.632873 0.235502
vt 0.624630 0.246581
vt 0.616120 0.257129
vt 0.599972 0.265796
vt 0.608090 0.267807
vt 0.635140 0.252383
vt 0.626121 0.262145
vt 0.617357 0.271569
vt 0.601731 0.278962
vt 0.609278 0.281996
vt 0.636125 0.269465
vt 0.626400 0.278480
vt 0.616674 0.287587
vt 0.633572 0.286827
vt 0.621756 0.294969
vt 0.638162 0.296777
vt 0.624033 0.302606
vt 0.610331 0.308158
vt 0.598505 0.309800
vt 0.624302 0.310961
vt 0.610804 0.314946
vt 0.598990 0.316555
vt 0.610697 0.322605
vt 0.598563 0.324293
vt 0.588930 0.324197
vt 0.590072 0.315934
vt 0.590981 0.308304
vt 0.582494 0.313911
vt 0.583619 0.305690
vt 0.585887 0.297073
vt 0.592381 0.300658
vt 0.589432 0.286936
vt 0.596136 0.290218
vt 0.594075 0.276405
vt 0.582159 0.284353
vt 0.586398 0.274448
vt 0.592216 0.263871
vt 0.578795 0.272636
vt 0.584861 0.262540
vt 0.591923 0.250916
vt 0.576510 0.261343
vt 0.582998 0.250713
vt 0.587978 0.237988
vt 0.573970 0.251054
vt 0.578247 0.239111
vt 0.578850 0.227209
vt 0.563629 0.219778
vt 0.551068 0.225237
vt 0.546300 0.214939
vt 0.540389 0.232188
vt 0.534202 0.222665
vt 0.527740 0.212491
vt 0.523554 0.231095
vt 0.515806 0.221757
vt 0.507820 0.212319
vt 0.505651 0.232040
vt 0.496367 0.223165
vt 0.487177 0.213808
vt 0.486956 0.235494
vt 0.476566 0.227099
vt 0.466305 0.218187
vt 0.468278 0.242031
vt 0.457599 0.234963
vt 0.448748 0.229514
vt 0.451653 0.253154
vt 0.442589 0.248717
vt 0.434855 0.244959
vt 0.438089 0.267910
vt 0.430260 0.265358
vt 0.423842 0.261713
vt 0.427444 0.241429
vt 0.068778 0.042124
vt 0.075962 0.046770
vt 0.061704 0.060130
vt 0.055783 0.054873
vt 0.081991 0.053585
vt 0.094737 0.033309
vt 0.101738 0.041555
vt 0.106988 0.050986
vt 0.125380 0.031031
vt 0.130576 0.039955
vt 0.134807 0.048225
vt 0.155630 0.029231
vt 0.160255 0.036984
vt 0.164269 0.043922
vt 0.187635 0.026592
vt 0.191322 0.034396
vt 0.193023 0.042783
vt 0.218944 0.030973
vt 0.219026 0.038735
vt 0.219726 0.047508
vt 0.245956 0.038345
vt 0.245560 0.047596
vt 0.245757 0.056756
vt 0.271179 0.050576
vt 0.270021 0.060030
vt 0.269473 0.068674
vt 0.292653 0.067183
vt 0.290978 0.075834
vt 0.289544 0.084576
vt 0.310352 0.085222
vt 0.308059 0.094048
vt 0.305445 0.103759
vt 0.324358 0.104239
vt 0.320675 0.114072
vt 0.316497 0.125449
vt 0.334554 0.123986
vt 0.329630 0.134860
vt 0.325066 0.146111
vt 0.333125 0.164900
vt 0.345842 0.170266
vt 0.341880 0.180513
vt 0.358690 0.171757
vt 0.354661 0.182553
vt 0.351019 0.193363
vt 0.365977 0.181791
vt 0.362800 0.193629
vt 0.359390 0.205089
vt 0.609237 0.539925
vt 0.622896 0.536624
vt 0.629412 0.547118
vt 0.615403 0.549763
vt 0.635670 0.532893
vt 0.642232 0.543834
vt 0.617970 0.528208
vt 0.630583 0.523602
vt 0.642388 0.518678
vt 0.626306 0.515943
vt 0.638152 0.510519
vt 0.649525 0.505051
vt 0.634397 0.503775
vt 0.645570 0.498103
vt 0.656380 0.491941
vt 0.641842 0.491723
vt 0.652355 0.485294
vt 0.662862 0.478808
vt 0.648028 0.478726
vt 0.658293 0.472122
vt 0.668265 0.465101
vt 0.652918 0.464783
vt 0.662647 0.457645
vt 0.672391 0.450427
vt 0.656683 0.449461
vt 0.666572 0.442119
vt 0.676322 0.434406
vt 0.660883 0.433440
vt 0.670604 0.425673
vt 0.679853 0.418056
vt 0.664840 0.417108
vt 0.674119 0.409500
vt 0.682723 0.401767
vt 0.668288 0.401123
vt 0.676806 0.393189
vt 0.684393 0.385284
vt 0.671007 0.384950
vt 0.678516 0.376625
vt 0.685364 0.368003
vt 0.672885 0.368103
vt 0.680268 0.358693
vt 0.687530 0.348479
vt 0.675020 0.350156
vt 0.682806 0.338939
vt 0.692348 0.326565
vt 0.373282 0.565194
vt 0.379512 0.557874
vt 0.668559 0.342683
vt 0.653303 0.347659
vt 0.660264 0.337305
vt 0.661125 0.353138
vt 0.667662 0.359964
vt 0.653746 0.362234
vt 0.659614 0.369131
vt 0.665500 0.376624
vt 0.651230 0.377423
vt 0.657044 0.384885
vt 0.662824 0.392783
vt 0.647666 0.392629
vt 0.653249 0.400651
vt 0.659182 0.408693
vt 0.643111 0.408117
vt 0.649056 0.416420
vt 0.655098 0.424670
vt 0.638150 0.423766
vt 0.644446 0.432184
vt 0.650746 0.440693
vt 0.633459 0.439474
vt 0.640109 0.448185
vt 0.646735 0.456599
vt 0.629591 0.455545
vt 0.636321 0.463734
vt 0.642773 0.471525
vt 0.625832 0.470431
vt 0.632321 0.478130
vt 0.637560 0.485115
vt 0.621582 0.484455
vt 0.626458 0.491138
vt 0.630614 0.497453
vt 0.615103 0.497043
vt 0.618954 0.503253
vt 0.622696 0.509411
vt 0.606905 0.508778
vt 0.610303 0.514832
vt 0.613955 0.521101
vt 0.597454 0.520080
vt 0.600689 0.525744
vt 0.604252 0.532230
vt 0.586657 0.530098
vt 0.589974 0.535699
vt 0.594020 0.542793
vt 0.573520 0.539306
vt 0.577796 0.544680
vt 0.600152 0.551752
vt 0.583592 0.552868
vt 0.557041 0.547660
vt 0.564745 0.554003
vt 0.368871 0.169385
vt 0.369694 0.155737
vt 0.370018 0.129839
vt 0.377235 0.144145
vt 0.374342 0.148845
vt 0.367028 0.133998
vt 0.552173 0.543358
vt 0.363496 0.139411
vt 0.352547 0.125873
vt 0.356389 0.119699
vt 0.359376 0.114953
vt 0.339389 0.114513
vt 0.343036 0.106849
vt 0.346339 0.100822
vt 0.362182 0.111123
vt 0.349554 0.095675
vt 0.327764 0.095440
vt 0.330743 0.087845
vt 0.334240 0.080645
vt 0.351081 0.090658
vt 0.337054 0.075601
vt 0.313039 0.076724
vt 0.316058 0.068262
vt 0.318989 0.061774
vt 0.463546 0.498355
vt 0.460695 0.503967
vt 0.442130 0.489659
vt 0.445838 0.484428
vt 0.295135 0.057835
vt 0.297768 0.050208
vt 0.429767 0.468114
vt 0.425288 0.472804
vt 0.449487 0.479039
vt 0.434384 0.463335
vt 0.410156 0.454642
vt 0.414187 0.449275
vt 0.419419 0.445545
vt 0.439400 0.458313
vt 0.425221 0.441642
vt 0.400866 0.428246
vt 0.406956 0.425608
vt 0.413506 0.422627
vt 0.432382 0.437088
vt 0.421687 0.419225
vt 0.399827 0.404283
vt 0.406621 0.401686
vt 0.414716 0.398391
vt 0.431346 0.415155
vt 0.423291 0.395048
vt 0.398813 0.381572
vt 0.406722 0.376655
vt 0.416130 0.371287
vt 0.433560 0.391113
vt 0.427584 0.370468
vt 0.150526 0.020542
vt 0.145428 0.010073
vt 0.170723 0.001782
vt 0.177732 0.010802
vt 0.426358 0.349305
vt 0.415550 0.353859
vt 0.439750 0.369430
vt 0.437404 0.350252
vt 0.119124 0.020703
vt 0.112939 0.011398
vt 0.136931 0.000381
vt 0.436403 0.330013
vt 0.426920 0.329100
vt 0.448484 0.349618
vt 0.446109 0.330566
vt 0.427278 0.308646
vt 0.434778 0.309579
vt 0.444180 0.310806
vt 0.457111 0.330471
vt 0.455620 0.312195
vt 0.435639 0.288541
vt 0.443580 0.290729
vt 0.455716 0.293843
vt 0.466944 0.313116
vt 0.467299 0.296424
vt 0.446880 0.271429
vt 0.457964 0.275710
vt 0.469581 0.280007
vt 0.478812 0.298705
vt 0.481080 0.283963
vt 0.462409 0.258628
vt 0.473672 0.264189
vt 0.484784 0.269527
vt 0.492315 0.287537
vt 0.495749 0.274594
vt 0.479389 0.249161
vt 0.490141 0.255832
vt 0.500570 0.262246
vt 0.506571 0.279565
vt 0.510931 0.268515
vt 0.497138 0.243277
vt 0.506941 0.250842
vt 0.516542 0.258134
vt 0.521407 0.274323
vt 0.526395 0.264819
vt 0.514521 0.240509
vt 0.523413 0.248645
vt 0.532085 0.256046
vt 0.536627 0.270351
vt 0.542191 0.262249
vt 0.531342 0.240000
vt 0.539238 0.248241
vt 0.548073 0.255079
vt 0.552538 0.265884
vt 0.558407 0.258714
vt 0.556843 0.277105
vt 0.547372 0.274207
vt 0.562272 0.268644
vt 0.567730 0.260097
vt 0.570654 0.270447
vt 0.574026 0.281789
vt 0.565790 0.279708
vt 0.570579 0.291241
vt 0.561892 0.288772
vt 0.552484 0.285896
vt 0.558694 0.297739
vt 0.549136 0.295188
vt 0.539355 0.292056
vt 0.542641 0.282794
vt 0.528537 0.288344
vt 0.532153 0.278994
vt 0.517511 0.284115
vt 0.525810 0.297806
vt 0.514659 0.294531
vt 0.503524 0.291065
vt 0.512728 0.305043
vt 0.501569 0.302870
vt 0.490425 0.300815
vt 0.500689 0.314632
vt 0.489510 0.314042
vt 0.478522 0.313583
vt 0.490404 0.327247
vt 0.479475 0.328758
vt 0.468356 0.329920
vt 0.482041 0.343217
vt 0.471178 0.346010
vt 0.459890 0.348024
vt 0.475288 0.360631
vt 0.463685 0.364179
vt 0.451916 0.366999
vt 0.469270 0.378487
vt 0.457335 0.383170
vt 0.445348 0.387288
vt 0.465263 0.397553
vt 0.453676 0.403449
vt 0.442401 0.409503
vt 0.463831 0.417559
vt 0.452576 0.424593
vt 0.441393 0.431414
vt 0.463875 0.437893
vt 0.453637 0.445872
vt 0.445680 0.452627
vt 0.466906 0.458525
vt 0.459954 0.466502
vt 0.454240 0.473297
vt 0.475169 0.478038
vt 0.470595 0.485993
vt 0.466769 0.492595
vt 0.487983 0.495846
vt 0.485216 0.503381
vt 0.482608 0.510331
vt 0.503457 0.512144
vt 0.501954 0.520428
vt 0.501120 0.526592
vt 0.480951 0.515576
vt 0.522349 0.528316
vt 0.522918 0.533537
vt 0.523139 0.537367
vt 0.500433 0.530647
vt 0.480620 0.521003
vt 0.546277 0.534811
vt 0.548578 0.539313
vt 0.372914 0.126126
vt 0.379512 0.140104
vt 0.566931 0.530205
vt 0.570389 0.534560
vt 0.583490 0.525100
vt 0.564456 0.525827
vt 0.580522 0.520084
vt 0.593979 0.514529
vt 0.577238 0.514509
vt 0.590221 0.508706
vt 0.602911 0.502929
vt 0.586130 0.502360
vt 0.598386 0.496664
vt 0.610265 0.490598
vt 0.593111 0.489434
vt 0.604183 0.483473
vt 0.615038 0.477004
vt 0.596909 0.474895
vt 0.607469 0.468829
vt 0.618439 0.462348
vt 0.598738 0.458830
vt 0.610130 0.452898
vt 0.621941 0.446509
vt 0.601778 0.443142
vt 0.614335 0.437265
vt 0.626573 0.430732
vt 0.606765 0.427918
vt 0.619711 0.421905
vt 0.631905 0.415207
vt 0.613426 0.413082
vt 0.625858 0.406764
vt 0.637563 0.400004
vt 0.620437 0.398146
vt 0.631853 0.391838
vt 0.642317 0.384905
vt 0.626629 0.383643
vt 0.636511 0.377352
vt 0.645774 0.370105
vt 0.621408 0.375376
vt 0.608039 0.369328
vt 0.618352 0.365749
vt 0.610612 0.379847
vt 0.615006 0.389394
vt 0.599173 0.383448
vt 0.602634 0.394138
vt 0.607781 0.403855
vt 0.589376 0.397713
vt 0.593935 0.408447
vt 0.599801 0.418514
vt 0.593022 0.433359
vt 0.578508 0.438199
vt 0.589103 0.448568
vt 0.566371 0.442869
vt 0.577710 0.453454
vt 0.587955 0.464295
vt 0.567359 0.458189
vt 0.577751 0.469307
vt 0.586438 0.480418
vt 0.568195 0.473945
vt 0.576076 0.485450
vt 0.581585 0.494753
vt 0.565701 0.489759
vt 0.569611 0.499517
vt 0.573350 0.507839
vt 0.557181 0.503279
vt 0.559308 0.512567
vt 0.561786 0.520188
vt 0.542339 0.514557
vt 0.542805 0.522979
vt 0.544305 0.530518
vt 0.522413 0.519511
vt 0.523935 0.510690
vt 0.505676 0.503611
vt 0.525674 0.501686
vt 0.508395 0.495038
vt 0.491513 0.487136
vt 0.512127 0.485673
vt 0.496416 0.477720
vt 0.481150 0.468949
vt 0.503244 0.468212
vt 0.489531 0.459546
vt 0.476235 0.449564
vt 0.499120 0.450461
vt 0.486577 0.440879
vt 0.474746 0.429932
vt 0.497302 0.433014
vt 0.485656 0.422473
vt 0.474872 0.410714
vt 0.496335 0.415608
vt 0.485812 0.404249
vt 0.476678 0.391657
vt 0.496184 0.397917
vt 0.487693 0.386148
vt 0.480738 0.373637
vt 0.498141 0.380824
vt 0.491643 0.369174
vt 0.486323 0.356696
vt 0.501755 0.364399
vt 0.496416 0.352690
vt 0.492553 0.340028
vt 0.505959 0.348329
vt 0.503151 0.337435
vt 0.501272 0.326008
vt 0.513581 0.335555
vt 0.512416 0.325584
vt 0.512079 0.315425
vt 0.523392 0.326541
vt 0.523247 0.316976
vt 0.523864 0.307294
vt 0.533562 0.319209
vt 0.534677 0.310169
vt 0.536518 0.301229
vt 0.544838 0.313138
vt 0.546752 0.304491
vt 0.554225 0.324182
vt 0.543822 0.321759
vt 0.555639 0.315223
vt 0.556610 0.306587
vt 0.564903 0.317352
vt 0.566200 0.308719
vt 0.567754 0.300071
vt 0.574589 0.311419
vt 0.576112 0.302955
vt 0.578592 0.293834
vt 0.580910 0.322613
vt 0.573087 0.320067
vt 0.578291 0.331692
vt 0.570661 0.328939
vt 0.562891 0.326538
vt 0.567635 0.338877
vt 0.560434 0.336626
vt 0.552171 0.334248
vt 0.558527 0.347673
vt 0.550619 0.345064
vt 0.542341 0.341500
vt 0.542814 0.331191
vt 0.533564 0.338153
vt 0.533263 0.328727
vt 0.524003 0.335759
vt 0.540762 0.351369
vt 0.546264 0.366717
vt 0.538351 0.361724
vt 0.549365 0.355483
vt 0.540986 0.377817
vt 0.532536 0.371813
vt 0.533643 0.388318
vt 0.524498 0.379784
vt 0.517040 0.369789
vt 0.515540 0.386163
vt 0.508013 0.375297
vt 0.510780 0.358966
vt 0.506132 0.392122
vt 0.525084 0.396622
vt 0.516448 0.403010
vt 0.506699 0.409118
vt 0.518760 0.419485
vt 0.508095 0.425930
vt 0.531002 0.428964
vt 0.520385 0.435323
vt 0.509648 0.442432
vt 0.532826 0.444313
vt 0.522455 0.451022
vt 0.512346 0.458926
vt 0.535367 0.459211
vt 0.525884 0.466459
vt 0.517934 0.475757
vt 0.548097 0.468058
vt 0.559117 0.478090
vt 0.557541 0.462980
vt 0.545428 0.453402
vt 0.555619 0.447901
vt 0.543276 0.438248
vt 0.550692 0.382973
vt 0.561509 0.385999
vt 0.555229 0.370798
vt 0.564440 0.373528
vt 0.574059 0.387196
vt 0.574377 0.374693
vt 0.557489 0.359149
vt 0.565849 0.360893
vt 0.574436 0.361965
vt 0.584852 0.374162
vt 0.584222 0.362391
vt 0.565742 0.349764
vt 0.574501 0.350803
vt 0.584459 0.351849
vt 0.595121 0.361676
vt 0.595719 0.351645
vt 0.575500 0.341251
vt 0.585262 0.342414
vt 0.596720 0.342455
vt 0.607285 0.349756
vt 0.608719 0.340627
vt 0.586957 0.333458
vt 0.597610 0.333177
vt 0.609959 0.331565
vt 0.620985 0.338167
vt 0.622282 0.329060
vt 0.623928 0.319809
vt 0.639177 0.306595
vt 0.638474 0.316516
vt 0.636505 0.326370
vt 0.657982 0.310781
vt 0.653091 0.323377
vt 0.648054 0.334525
vt 0.634079 0.335826
vt 0.642882 0.344625
vt 0.630715 0.345294
vt 0.619495 0.347374
vt 0.617993 0.356080
vt 0.606934 0.359421
vt 0.596448 0.372527
vt 0.586810 0.386244
vt 0.656529 0.300248
vt 0.652087 0.289119
vt 0.665108 0.279338
vt 0.645100 0.278449
vt 0.655770 0.268921
vt 0.664037 0.258124
vt 0.673464 0.267843
vt 0.670911 0.246423
vt 0.679686 0.255971
vt 0.688007 0.266128
vt 0.686111 0.243380
vt 0.693774 0.252498
vt 0.697782 0.275906
vt 0.366594 0.589741
vt 0.357779 0.598085
vt 0.692903 0.230151
vt 0.677438 0.233947
vt 0.683320 0.221055
vt 0.689362 0.208591
vt 0.672475 0.212677
vt 0.677772 0.199670
vt 0.683747 0.187122
vt 0.665119 0.191663
vt 0.669870 0.178389
vt 0.675084 0.165851
vt 0.655001 0.171201
vt 0.659464 0.157911
vt 0.664173 0.144636
vt 0.642353 0.151961
vt 0.645562 0.138910
vt 0.647879 0.125782
vt 0.624667 0.135973
vt 0.625545 0.124002
vt 0.625641 0.111152
vt 0.602314 0.125304
vt 0.601414 0.113782
vt 0.599705 0.101374
vt 0.577216 0.118337
vt 0.575120 0.106410
vt 0.572701 0.093629
vt 0.551706 0.112533
vt 0.548535 0.100200
vt 0.545570 0.087529
vt 0.526442 0.108312
vt 0.522522 0.096794
vt 0.518116 0.086477
vt 0.501058 0.109460
vt 0.495847 0.100673
vt 0.492198 0.094817
vt 0.475886 0.117201
vt 0.472123 0.112051
vt 0.469562 0.108098
vt 0.453477 0.129508
vt 0.450189 0.124821
vt 0.447605 0.120566
vt 0.433316 0.142354
vt 0.429256 0.138283
vt 0.426428 0.133904
vt 0.445412 0.117022
vt 0.416706 0.155936
vt 0.412831 0.153000
vt 0.032649 0.179598
vt 0.017965 0.200217
vt 0.027862 0.177371
vt 0.041833 0.155795
vt 0.046832 0.158709
vt 0.052903 0.162553
vt 0.063835 0.139375
vt 0.069958 0.144366
vt 0.078102 0.151615
vt 0.089133 0.128386
vt 0.096617 0.136665
vt 0.104607 0.146622
vt 0.115896 0.122642
vt 0.122778 0.133454
vt 0.130173 0.144787
vt 0.141785 0.121679
vt 0.148153 0.134357
vt 0.154846 0.147411
vt 0.166857 0.126155
vt 0.172152 0.140275
vt 0.177478 0.154627
vt 0.189980 0.134960
vt 0.193718 0.150252
vt 0.197275 0.165788
vt 0.209807 0.147894
vt 0.212083 0.163760
vt 0.214472 0.179685
vt 0.226924 0.163435
vt 0.228216 0.179464
vt 0.229629 0.195595
vt 0.241725 0.180995
vt 0.242149 0.196871
vt 0.242757 0.212869
vt 0.254482 0.199426
vt 0.254182 0.215080
vt 0.254117 0.230841
vt 0.265943 0.218582
vt 0.265410 0.233819
vt 0.264968 0.248669
vt 0.277046 0.237147
vt 0.276215 0.251426
vt 0.275224 0.265602
vt 0.287871 0.254646
vt 0.286606 0.268370
vt 0.285218 0.281973
vt 0.298486 0.271362
vt 0.296890 0.284623
vt 0.294993 0.297937
vt 0.308821 0.287526
vt 0.306665 0.300737
vt 0.304242 0.314096
vt 0.318359 0.303691
vt 0.315844 0.317066
vt 0.313082 0.330535
vt 0.730405 0.509354
vt 0.739692 0.502777
vt 0.745660 0.513860
vt 0.736387 0.520566
vt 0.748918 0.496267
vt 0.754962 0.507236
vt 0.733933 0.491553
vt 0.742837 0.485113
vt 0.751304 0.478531
vt 0.737101 0.474267
vt 0.744941 0.467771
vt 0.752080 0.460977
vt 0.739255 0.457977
vt 0.745786 0.450955
vt 0.751823 0.443996
vt 0.740708 0.441577
vt 0.746057 0.434723
vt 0.751282 0.427829
vt 0.741281 0.426079
vt 0.746918 0.419892
vt 0.752317 0.413738
vt 0.742176 0.412257
vt 0.747191 0.406716
vt 0.751406 0.400588
vt 0.757404 0.408285
vt 0.742043 0.398844
vt 0.747539 0.394352
vt 0.337198 0.486891
vt 0.333865 0.472039
vt 0.341529 0.481468
vt 0.345902 0.490425
vt 0.342526 0.495546
vt 0.339748 0.501925
vt 0.347819 0.503234
vt 0.344991 0.510180
vt 0.336296 0.511066
vt 0.332584 0.523008
vt 0.327170 0.535931
vt 0.319732 0.533084
vt 0.319990 0.549704
vt 0.311116 0.547556
vt 0.302648 0.544230
vt 0.300558 0.561349
vt 0.290001 0.556819
vt 0.281803 0.549877
vt 0.275893 0.567271
vt 0.266953 0.558133
vt 0.261747 0.547321
vt 0.250672 0.565150
vt 0.244337 0.553734
vt 0.240470 0.542738
vt 0.225142 0.559183
vt 0.220396 0.547512
vt 0.216564 0.536083
vt 0.198789 0.551238
vt 0.194860 0.538343
vt 0.191563 0.525082
vt 0.172150 0.538925
vt 0.169449 0.525596
vt 0.168006 0.517466
vt 0.761442 0.073679
vt 0.763160 0.066444
vt 0.779028 0.076047
vt 0.777837 0.085056
vt 0.764968 0.060964
vt 0.779834 0.070068
vt 0.744790 0.055701
vt 0.746303 0.050998
vt 0.123289 0.498190
vt 0.143106 0.508298
vt 0.122627 0.502487
vt 0.723548 0.041386
vt 0.723965 0.037115
vt 0.746894 0.046184
vt 0.724935 0.030494
vt 0.747775 0.039788
vt 0.697428 0.029034
vt 0.695432 0.022273
vt 0.693634 0.013495
vt 0.723578 0.021481
vt 0.102921 0.484381
vt 0.664898 0.016568
vt 0.661435 0.007197
vt 0.072705 0.436326
vt 0.083699 0.462087
vt 0.066090 0.443558
vt 0.051712 0.420969
vt 0.059984 0.415405
vt 0.069206 0.408507
vt 0.049146 0.392354
vt 0.059950 0.386886
vt 0.071810 0.380363
vt 0.052876 0.365537
vt 0.065422 0.360171
vt 0.078300 0.354424
vt 0.060464 0.339853
vt 0.073963 0.335382
vt 0.087977 0.330565
vt 0.071516 0.316626
vt 0.086203 0.313177
vt 0.101300 0.309494
vt 0.086344 0.296182
vt 0.102050 0.293824
vt 0.118176 0.291616
vt 0.104296 0.279031
vt 0.120753 0.278123
vt 0.137487 0.276596
vt 0.124334 0.265752
vt 0.141062 0.265262
vt 0.155949 0.262767
vt 0.145631 0.254459
vt 0.158135 0.251560
vt 0.167887 0.246952
vt 0.174749 0.226290
vt 0.178044 0.240993
vt 0.165755 0.232844
vt 0.158199 0.239016
vt 0.159359 0.217110
vt 0.151612 0.223517
vt 0.140856 0.210431
vt 0.132385 0.218865
vt 0.119339 0.210362
vt 0.124742 0.228661
vt 0.110585 0.222234
vt 0.097176 0.215740
vt 0.103214 0.235110
vt 0.088965 0.230321
vt 0.075424 0.225371
vt 0.082287 0.246154
vt 0.068134 0.242847
vt 0.054491 0.239024
vt 0.062666 0.261168
vt 0.048748 0.259260
vt 0.035355 0.256509
vt 0.044612 0.280001
vt 0.031087 0.278759
vt 0.018095 0.277036
vt 0.029620 0.301582
vt 0.017288 0.300651
vt 0.007079 0.301353
vt 0.483906 0.076515
vt 0.502816 0.061676
vt 0.017838 0.322592
vt 0.007874 0.320269
vt 0.529702 0.054057
vt 0.525820 0.047679
vt 0.550780 0.036967
vt 0.554856 0.043439
vt 0.557866 0.048059
vt 0.579647 0.033773
vt 0.583258 0.038316
vt 0.585981 0.042028
vt 0.609827 0.030574
vt 0.612913 0.034972
vt 0.615398 0.039478
vt 0.640614 0.031913
vt 0.643101 0.037822
vt 0.645310 0.048077
vt 0.670226 0.039851
vt 0.671082 0.051539
vt 0.671644 0.064429
vt 0.696021 0.055451
vt 0.695476 0.069291
vt 0.694624 0.081235
vt 0.717250 0.077785
vt 0.715103 0.091783
vt 0.712854 0.105578
vt 0.733949 0.103227
vt 0.730465 0.117481
vt 0.726060 0.130758
vt 0.746480 0.130131
vt 0.740862 0.143461
vt 0.734538 0.156058
vt 0.753804 0.157059
vt 0.746287 0.169299
vt 0.738458 0.180778
vt 0.227945 0.601934
vt 0.238068 0.612251
vt 0.214912 0.620652
vt 0.204443 0.608807
vt 0.248973 0.621954
vt 0.232259 0.637787
vt 0.260678 0.602980
vt 0.274447 0.607985
vt 0.292925 0.609376
vt 0.293410 0.594672
vt 0.308957 0.594425
vt 0.324189 0.593822
vt 0.320339 0.581271
vt 0.332456 0.579348
vt 0.343976 0.574473
vt 0.340487 0.564038
vt 0.348567 0.559496
vt 0.355263 0.554778
vt 0.351738 0.546192
vt 0.356695 0.540269
vt 0.360925 0.535857
vt 0.364453 0.530517
vt 0.354565 0.529850
vt 0.356521 0.525042
vt 0.359275 0.522825
vt 0.714279 0.361674
vt 0.354771 0.510315
vt 0.361729 0.513630
vt 0.718125 0.376797
vt 0.722070 0.371117
vt 0.728084 0.381373
vt 0.724425 0.386912
vt 0.719603 0.392379
vt 0.731068 0.395367
vt 0.725677 0.401069
vt 0.720154 0.407546
vt 0.731427 0.409686
vt 0.725469 0.416305
vt 0.719056 0.422803
vt 0.730611 0.424388
vt 0.724072 0.431471
vt 0.717084 0.438133
vt 0.729065 0.439605
vt 0.721897 0.446369
vt 0.714005 0.453178
vt 0.726472 0.454857
vt 0.718454 0.461712
vt 0.709700 0.468079
vt 0.723207 0.470640
vt 0.714191 0.477154
vt 0.704992 0.483546
vt 0.719308 0.487102
vt 0.709847 0.493489
vt 0.700263 0.499690
vt 0.715333 0.504319
vt 0.705635 0.510655
vt 0.695857 0.516779
vt 0.711285 0.522121
vt 0.701856 0.528501
vt 0.691673 0.534373
vt 0.682824 0.539816
vt 0.322905 0.277288
vt 0.323345 0.263490
vt 0.334478 0.263951
vt 0.335723 0.276561
vt 0.325484 0.250510
vt 0.311817 0.260967
vt 0.313337 0.248014
vt 0.315061 0.235364
vt 0.301187 0.244752
vt 0.302735 0.231913
vt 0.304594 0.218875
vt 0.290535 0.227410
vt 0.291794 0.214074
vt 0.294241 0.200669
vt 0.279392 0.208351
vt 0.281433 0.194414
vt 0.283982 0.180638
vt 0.268532 0.188699
vt 0.270211 0.173859
vt 0.272612 0.159727
vt 0.256188 0.168427
vt 0.257581 0.153956
vt 0.259898 0.139737
vt 0.242013 0.149625
vt 0.242759 0.134818
vt 0.244994 0.120877
vt 0.225549 0.132165
vt 0.226018 0.117268
vt 0.226555 0.103972
vt 0.206453 0.117067
vt 0.204540 0.103409
vt 0.202563 0.092017
vt 0.182642 0.105835
vt 0.179812 0.094822
vt 0.178452 0.088144
vt 0.157821 0.100826
vt 0.155462 0.093975
vt 0.153487 0.088121
vt 0.132345 0.102156
vt 0.128980 0.096177
vt 0.124906 0.089307
vt 0.104974 0.107246
vt 0.099923 0.100917
vt 0.096713 0.095777
vt 0.077455 0.116879
vt 0.073035 0.112770
vt 0.070767 0.104732
vt 0.394950 0.179068
vt 0.398174 0.186049
vt 0.380275 0.179050
vt 0.380606 0.175700
vt 0.057863 0.091080
vt 0.054154 0.092951
vt 0.409765 0.175475
vt 0.413960 0.179954
vt 0.401293 0.191140
vt 0.419041 0.186203
vt 0.405426 0.196122
vt 0.425442 0.165215
vt 0.429990 0.170814
vt 0.435074 0.178890
vt 0.442702 0.154124
vt 0.448016 0.160216
vt 0.453156 0.167662
vt 0.463862 0.142718
vt 0.470379 0.150317
vt 0.475493 0.158250
vt 0.487871 0.134029
vt 0.493243 0.143301
vt 0.497451 0.153158
vt 0.511022 0.130512
vt 0.515202 0.141512
vt 0.518702 0.152016
vt 0.533848 0.132119
vt 0.537176 0.143018
vt 0.540422 0.153525
vt 0.557033 0.135544
vt 0.559774 0.146307
vt 0.562764 0.157136
vt 0.580595 0.140606
vt 0.582517 0.151745
vt 0.584575 0.164009
vt 0.602988 0.148642
vt 0.603322 0.161663
vt 0.603549 0.175537
vt 0.621560 0.162250
vt 0.620292 0.176246
vt 0.619007 0.190161
vt 0.636062 0.179333
vt 0.633675 0.193178
vt 0.630986 0.206055
vt 0.647501 0.198249
vt 0.643683 0.211083
vt 0.639233 0.223576
vt 0.655952 0.217906
vt 0.650259 0.230161
vt 0.643556 0.241838
vt 0.661147 0.237864
vt 0.653809 0.249355
vt 0.645825 0.259907
vt 0.667261 0.225403
vt 0.660672 0.205051
vt 0.651243 0.184775
vt 0.639172 0.165578
vt 0.623241 0.148712
vt 0.602713 0.136719
vt 0.578930 0.129578
vt 0.554399 0.124437
vt 0.530340 0.120383
vt 0.506190 0.119434
vt 0.481532 0.125238
vt 0.457742 0.135206
vt 0.437977 0.147976
vt 0.420837 0.160020
vt 0.405835 0.171455
vt 0.392213 0.174569
vt 0.401902 0.168261
vt 0.058650 0.135345
vt 0.055950 0.130856
vt 0.082959 0.122084
vt 0.109889 0.113897
vt 0.136103 0.109989
vt 0.161763 0.112001
vt 0.186305 0.120140
vt 0.208024 0.132188
vt 0.225977 0.147629
vt 0.241626 0.165117
vt 0.255119 0.183816
vt 0.266978 0.203425
vt 0.278149 0.222890
vt 0.289166 0.240933
vt 0.299890 0.258039
vt 0.310685 0.274415
vt 0.320720 0.290407
vt 0.716971 0.533966
vt 0.709033 0.539614
vt 0.721049 0.515918
vt 0.727085 0.527428
vt 0.724869 0.498011
vt 0.728508 0.480640
vt 0.731654 0.464138
vt 0.734051 0.448320
vt 0.735533 0.432827
vt 0.736575 0.417932
vt 0.736864 0.403923
vt 0.736231 0.390052
vt 0.730860 0.376331
vt 0.739678 0.384790
vt 0.729041 0.370135
vt 0.351777 0.515782
vt 0.350954 0.496289
vt 0.352283 0.534392
vt 0.349399 0.522074
vt 0.345858 0.550428
vt 0.330984 0.567299
vt 0.337142 0.553496
vt 0.320919 0.566077
vt 0.328633 0.552461
vt 0.311070 0.564767
vt 0.308563 0.581365
vt 0.297659 0.577931
vt 0.286171 0.574747
vt 0.280390 0.592131
vt 0.269282 0.584991
vt 0.259137 0.576448
vt 0.249151 0.594784
vt 0.240043 0.583597
vt 0.231582 0.572161
vt 0.218175 0.590711
vt 0.210859 0.577284
vt 0.203638 0.564488
vt 0.187312 0.582269
vt 0.181018 0.567960
vt 0.176038 0.553594
vt 0.751528 0.116206
vt 0.754902 0.101513
vt 0.771483 0.115008
vt 0.766661 0.129803
vt 0.758798 0.086112
vt 0.775071 0.099463
vt 0.737342 0.088684
vt 0.740293 0.073392
vt 0.743421 0.061679
vt 0.719990 0.062373
vt 0.721824 0.051289
vt 0.722912 0.045942
vt 0.697244 0.043779
vt 0.697190 0.037538
vt 0.697419 0.033258
vt 0.669272 0.032536
vt 0.667980 0.028245
vt 0.666891 0.023299
vt 0.638558 0.027273
vt 0.636252 0.022260
vt 0.632596 0.015449
vt 0.606631 0.025626
vt 0.602370 0.019820
vt 0.596626 0.010501
vt 0.627392 0.006522
vt 0.575310 0.028038
vt 0.569544 0.017988
vt 0.563256 0.006503
vt 0.589768 0.000381
vt 0.041923 0.400286
vt 0.546327 0.026875
vt 0.538814 0.015502
vt 0.047108 0.343972
vt 0.041098 0.370426
vt 0.034719 0.347893
vt 0.029772 0.325231
vt 0.043420 0.322688
vt 0.057291 0.319747
vt 0.042900 0.301116
vt 0.057058 0.299794
vt 0.071397 0.298130
vt 0.058813 0.280152
vt 0.073491 0.280133
vt 0.088349 0.279684
vt 0.077173 0.262657
vt 0.092221 0.263928
vt 0.107826 0.264850
vt 0.096993 0.248963
vt 0.112539 0.251788
vt 0.128938 0.254155
vt 0.118065 0.239904
vt 0.524780 0.037023
vt 0.523728 0.024064
vt 0.760960 0.144001
vt 0.195020 0.595879
vt 0.189296 0.235088
vt 0.542793 0.504658
vt 0.428470 0.286824
vt 0.088738 0.025943
vt 0.183261 0.019009
vt 0.391919 0.386349
vt 0.392694 0.406131
vt 0.385416 0.391460
vt 0.272891 0.041732
vt 0.246714 0.031297
vt 0.272512 0.034923
vt 0.214694 0.258494
vt 0.221405 0.273130
vt 0.211800 0.273005
vt 0.218359 0.285900
vt 0.207661 0.285188
vt 0.215418 0.297751
vt 0.204384 0.296758
vt 0.192045 0.295903
vt 0.202345 0.308074
vt 0.191239 0.307285
vt 0.178485 0.307394
vt 0.191759 0.318540
vt 0.180680 0.318227
vt 0.166734 0.319567
vt 0.191904 0.330156
vt 0.201302 0.319746
vt 0.199725 0.332093
vt 0.194472 0.347177
vt 0.188441 0.344073
vt 0.175495 0.357562
vt 0.183452 0.361842
vt 0.161562 0.369779
vt 0.171011 0.375642
vt 0.201918 0.349800
vt 0.192327 0.365233
vt 0.181230 0.380042
vt 0.158841 0.389433
vt 0.170304 0.394874
vt 0.202014 0.367828
vt 0.192472 0.383362
vt 0.182724 0.398710
vt 0.159998 0.409941
vt 0.173629 0.414472
vt 0.204477 0.385390
vt 0.196115 0.401197
vt 0.188142 0.417024
vt 0.165609 0.430431
vt 0.181268 0.433427
vt 0.209945 0.402247
vt 0.203058 0.418309
vt 0.197171 0.434338
vt 0.176219 0.449268
vt 0.193422 0.449689
vt 0.218193 0.418355
vt 0.213392 0.434083
vt 0.210238 0.449089
vt 0.191364 0.463711
vt 0.208854 0.462380
vt 0.229291 0.433318
vt 0.226857 0.447903
vt 0.225786 0.460350
vt 0.208549 0.473458
vt 0.225612 0.470747
vt 0.242272 0.446884
vt 0.241665 0.458787
vt 0.241778 0.468667
vt 0.225842 0.480272
vt 0.242081 0.478159
vt 0.255882 0.458600
vt 0.255785 0.469172
vt 0.256496 0.478569
vt 0.242703 0.485453
vt 0.267806 0.472269
vt 0.269570 0.481697
vt 0.277046 0.476320
vt 0.275685 0.485130
vt 0.272681 0.490785
vt 0.280967 0.489575
vt 0.275727 0.496580
vt 0.262219 0.496129
vt 0.244307 0.495442
vt 0.226687 0.493888
vt 0.243365 0.490438
vt 0.226195 0.488461
vt 0.208245 0.491916
vt 0.208379 0.483560
vt 0.189526 0.484872
vt 0.190480 0.475133
vt 0.171238 0.474734
vt 0.172983 0.463231
vt 0.154689 0.459803
vt 0.159219 0.445811
vt 0.142673 0.439912
vt 0.150440 0.425233
vt 0.136647 0.417448
vt 0.147256 0.403347
vt 0.135867 0.394745
vt 0.148368 0.382184
vt 0.139203 0.373173
vt 0.152928 0.362123
vt 0.145437 0.352754
vt 0.286772 0.496039
vt 0.284421 0.480867
vt 0.291490 0.486640
vt 0.298593 0.493607
vt 0.309883 0.488090
vt 0.302873 0.481845
vt 0.295415 0.474954
vt 0.306610 0.468158
vt 0.298465 0.461834
vt 0.287040 0.469484
vt 0.289767 0.456169
vt 0.302067 0.448056
vt 0.292431 0.442493
vt 0.278457 0.464728
vt 0.279821 0.451822
vt 0.282076 0.438044
vt 0.295764 0.429081
vt 0.284705 0.424250
vt 0.268926 0.448635
vt 0.270459 0.434970
vt 0.273164 0.420889
vt 0.288485 0.411199
vt 0.276781 0.407312
vt 0.257990 0.433186
vt 0.260626 0.418879
vt 0.264495 0.404568
vt 0.281322 0.393841
vt 0.268928 0.390829
vt 0.247517 0.417922
vt 0.251602 0.403117
vt 0.256336 0.388690
vt 0.273882 0.377494
vt 0.261101 0.374881
vt 0.237993 0.402658
vt 0.243186 0.387669
vt 0.248560 0.373091
vt 0.266038 0.361362
vt 0.253892 0.358906
vt 0.230140 0.387047
vt 0.236194 0.371833
vt 0.242152 0.357024
vt 0.258928 0.345225
vt 0.247408 0.342806
vt 0.224260 0.370769
vt 0.230900 0.355431
vt 0.236583 0.340635
vt 0.252001 0.329564
vt 0.240990 0.327236
vt 0.220326 0.353797
vt 0.226204 0.338670
vt 0.230450 0.325149
vt 0.244403 0.314541
vt 0.233643 0.312663
vt 0.216669 0.336621
vt 0.220419 0.323161
vt 0.223274 0.310962
vt 0.236532 0.300263
vt 0.226003 0.298961
vt 0.210803 0.321340
vt 0.212914 0.309372
vt 0.207915 0.334443
vt 0.210551 0.352024
vt 0.212762 0.369610
vt 0.217194 0.386438
vt 0.224050 0.402514
vt 0.233197 0.417936
vt 0.244252 0.432760
vt 0.256353 0.446975
vt 0.268265 0.461021
vt 0.228737 0.286641
s 1
f 1/1/1 2/2/2 3/3/3 4/4/4
f 5/5/5 4/4/4 3/3/3 6/6/6
f 7/7/7 6/6/6 3/3/3 2/2/2
f 8/8/8 9/9/9 10/10/10 11/11/11
f 12/12/12 13/13/13 14/14/14 15/15/15
f 16/16/16 15/15/15 14/14/14 17/17/17
f 18/18/18 17/17/17 14/14/14 13/13/13
f 19/19/19 20/20/20 21/21/21 22/22/22
f 23/23/23 24/24/24 25/25/25 26/26/26
f 27/27/27 26/28/26 25/29/25 28/30/28
f 29/31/29 30/32/30 25/29/25 24/33/24
f 31/34/31 32/35/32 33/36/33 34/37/34
f 35/38/35 36/39/36 33/36/33 32/35/32
f 37/40/37 34/37/34 33/36/33 36/39/36
f 38/41/38 39/42/39 40/43/40 41/44/41
f 42/45/42 43/46/43 40/43/40 39/42/39
f 44/47/44 41/44/41 40/43/40 43/46/43
f 45/48/45 46/49/46 47/50/47 48/51/48
f 49/52/49 50/53/50 51/54/51 52/55/52
f 53/56/53 52/55/52 51/54/51 54/57/54
f 55/58/55 56/59/56 51/54/51 50/53/50
f 57/60/57 58/61/58 51/54/51 56/59/56
f 59/62/59 54/57/54 51/54/51 58/61/58
f 60/63/60 61/64/61 62/65/62 63/66/63
f 64/67/64 65/68/65 62/65/62 61/64/61
f 66/69/66 63/66/63 62/65/62 65/68/65
f 67/70/67 68/71/68 69/72/69 70/73/70
f 71/74/71 70/73/70 69/72/69 72/75/72
f 73/76/73 72/75/72 69/72/69 68/71/68
f 74/77/74 75/78/75 76/79/76 77/80/77
f 78/81/78 79/82/79 76/79/76 75/78/75
f 80/83/80 77/80/77 76/79/76 79/82/79
f 81/84/81 82/85/82 83/86/83 84/87/84
f 85/88/85 84/87/84 83/86/83 86/89/86
f 87/90/87 86/89/86 83/86/83 82/85/82
f 88/91/88 74/77/74 77/80/77 89/92/89
f 90/93/90 91/94/91 77/80/77 80/83/80
f 92/95/92 89/92/89 77/80/77 91/94/91
f 93/96/93 89/92/89 92/95/92 94/97/94
f 95/98/95 96/99/96 92/95/92 91/94/91
f 97/100/97 94/97/94 92/95/92 96/99/96
f 98/101/98 94/97/94 97/100/97 99/102/99
f 100/103/100 101/104/101 97/100/97 96/99/96
f 102/105/102 99/102/99 97/100/97 101/104/101
f 103/106/103 99/102/99 102/105/102 104/107/104
f 105/108/105 106/109/106 102/105/102 101/104/101
f 107/110/107 104/107/104 102/105/102 106/109/106
f 108/111/108 104/107/104 107/110/107 109/112/109
f 110/113/110 111/114/111 107/110/107 106/109/106
f 112/115/112 109/112/109 107/110/107 111/114/111
f 113/116/113 109/112/109 112/115/112 114/117/114
f 115/118/115 116/119/116 112/115/112 111/114/111
f 117/120/117 114/117/114 112/115/112 116/119/116
f 118/121/118 114/117/114 117/120/117 119/122/119
f 120/123/120 121/124/121 117/120/117 116/119/116
f 122/125/122 119/122/119 117/120/117 121/124/121
f 123/126/123 119/122/119 122/125/122 124/127/124
f 125/128/125 126/129/126 122/125/122 121/124/121
f 127/130/127 124/127/124 122/125/122 126/129/126
f 128/131/128 124/127/124 127/130/127 129/132/129
f 130/133/130 131/134/131 127/130/127 126/129/126
f 132/135/132 129/132/129 127/130/127 131/134/131
f 133/136/133 129/132/129 132/135/132 134/137/134
f 135/138/135 136/139/136 132/135/132 131/134/131
f 137/140/137 134/137/134 132/135/132 136/139/136
f 138/141/138 134/137/134 137/140/137 139/142/139
f 140/143/140 141/144/141 137/140/137 136/139/136
f 142/145/142 139/142/139 137/140/137 141/144/141
f 143/146/143 139/142/139 142/145/142 144/147/144
f 145/148/145 146/149/146 142/145/142 141/144/141
f 147/150/147 144/147/144 142/145/142 146/149/146
f 148/151/148 144/147/144 147/150/147 149/152/149
f 150/153/150 151/154/151 147/150/147 146/149/146
f 152/155/152 149/152/149 147/150/147 151/154/151
f 153/156/153 149/152/149 152/155/152 154/157/154
f 155/158/155 156/159/156 152/155/152 151/154/151
f 157/160/157 154/157/154 152/155/152 156/159/156
f 158/161/158 154/157/154 157/160/157 159/162/159
f 160/163/160 161/164/161 157/160/157 156/159/156
f 162/165/162 159/162/159 157/160/157 161/164/161
f 163/166/163 159/162/159 162/165/162 164/167/164
f 165/168/165 166/169/166 162/165/162 161/164/161
f 167/170/167 164/167/164 162/165/162 166/169/166
f 168/171/168 164/167/164 167/170/167 169/172/169
f 170/173/170 171/174/171 167/170/167 166/169/166
f 172/175/172 169/172/169 167/170/167 171/174/171
f 173/176/173 169/172/169 172/175/172 174/177/174
f 175/178/175 176/179/176 172/175/172 171/174/171
f 177/180/177 174/177/174 172/175/172 176/179/176
f 178/181/178 174/177/174 177/180/177 179/182/179
f 180/183/180 181/184/181 177/180/177 176/179/176
f 182/185/182 179/182/179 177/180/177 181/184/181
f 183/186/183 179/182/179 182/185/182 184/187/184
f 185/188/185 186/189/186 182/185/182 181/184/181
f 187/190/187 184/187/184 182/185/182 186/189/186
f 188/191/188 184/187/184 187/190/187 189/192/189
f 190/193/190 191/194/191 187/190/187 186/189/186
f 192/195/192 189/192/189 187/190/187 191/194/191
f 193/196/193 194/197/194 192/195/192 195/198/195
f 196/199/196 189/192/189 192/195/192 194/197/194
f 197/200/197 195/198/195 192/195/192 191/194/191
f 198/201/198 195/198/195 197/200/197 199/202/199
f 190/193/190 200/203/200 197/200/197 191/194/191
f 201/204/201 199/202/199 197/200/197 200/203/200
f 202/205/202 199/202/199 201/204/201 203/206/203
f 204/207/204 205/208/205 201/204/201 200/203/200
f 206/209/206 203/206/203 201/204/201 205/208/205
f 207/210/207 203/211/203 206/212/206 208/213/208
f 209/214/209 210/215/210 206/209/206 205/208/205
f 211/216/211 208/213/208 206/212/206 210/217/210
f 212/218/212 208/213/208 211/216/211 213/219/213
f 214/220/214 215/221/215 211/222/211 210/215/210
f 216/223/216 213/219/213 211/216/211 215/224/215
f 217/225/217 213/219/213 216/223/216 218/226/218
f 219/227/219 220/228/220 216/229/216 215/221/215
f 221/230/221 218/226/218 216/223/216 220/231/220
f 222/232/222 218/226/218 221/230/221 223/233/223
f 224/234/224 225/235/225 221/236/221 220/228/220
f 226/237/226 223/233/223 221/230/221 225/238/225
f 227/239/227 223/233/223 226/237/226 228/240/228
f 229/241/229 230/242/230 226/243/226 225/235/225
f 231/244/231 228/245/228 226/243/226 230/242/230
f 232/246/232 228/245/228 231/244/231 233/247/233
f 234/248/234 235/249/235 231/244/231 230/242/230
f 236/250/236 233/247/233 231/244/231 235/249/235
f 237/251/237 233/247/233 236/250/236 238/252/238
f 239/253/239 240/254/240 236/250/236 235/249/235
f 241/255/241 238/252/238 236/250/236 240/254/240
f 242/256/242 238/252/238 241/255/241 243/257/243
f 244/258/244 245/259/245 241/255/241 240/254/240
f 246/260/246 243/257/243 241/255/241 245/259/245
f 247/261/247 243/257/243 246/260/246 248/262/248
f 249/263/249 250/264/250 246/260/246 245/259/245
f 251/265/251 248/262/248 246/260/246 250/264/250
f 252/266/252 248/262/248 251/265/251 253/267/253
f 254/268/254 255/269/255 251/265/251 250/264/250
f 256/270/256 253/267/253 251/265/251 255/269/255
f 257/271/257 253/267/253 256/270/256 258/272/258
f 259/273/259 260/274/260 256/270/256 255/269/255
f 261/275/261 258/272/258 256/270/256 260/274/260
f 262/276/262 258/272/258 261/275/261 263/277/263
f 264/278/264 265/279/265 261/275/261 260/274/260
f 266/280/266 263/277/263 261/275/261 265/279/265
f 267/281/267 263/277/263 266/280/266 268/282/268
f 269/283/269 270/284/270 266/280/266 265/279/265
f 271/285/271 268/282/268 266/280/266 270/284/270
f 272/286/272 268/282/268 271/285/271 273/287/273
f 274/288/274 275/289/275 271/285/271 270/284/270
f 276/290/276 273/287/273 271/285/271 275/289/275
f 277/291/277 273/287/273 276/290/276 278/292/278
f 279/293/279 280/294/280 276/290/276 275/289/275
f 281/295/281 278/292/278 276/290/276 280/294/280
f 282/296/282 278/292/278 281/295/281 283/297/283
f 284/298/284 285/299/285 281/295/281 280/294/280
f 286/300/286 283/297/283 281/295/281 285/299/285
f 287/301/287 283/297/283 286/300/286 288/302/288
f 289/303/289 290/304/290 286/300/286 285/299/285
f 291/305/291 288/302/288 286/300/286 290/304/290
f 292/306/292 288/302/288 291/305/291 293/307/293
f 294/308/294 295/309/295 291/305/291 290/304/290
f 296/310/296 293/307/293 291/305/291 295/309/295
f 297/311/297 293/307/293 296/310/296 298/312/298
f 299/313/299 300/314/300 296/310/296 295/309/295
f 301/315/301 298/312/298 296/310/296 300/314/300
f 302/316/302 298/312/298 301/315/301 303/317/303
f 304/318/304 305/319/305 301/315/301 300/314/300
f 306/320/306 303/317/303 301/315/301 305/319/305
f 307/321/307 303/317/303 306/320/306 308/322/308
f 309/323/309 310/324/310 306/320/306 305/319/305
f 311/325/311 308/322/308 306/320/306 310/324/310
f 312/326/312 308/322/308 311/325/311 313/327/313
f 314/328/314 315/329/315 311/325/311 310/324/310
f 316/330/316 313/327/313 311/325/311 315/329/315
f 317/331/317 313/327/313 316/330/316 318/332/318
f 319/333/319 320/334/320 316/330/316 315/329/315
f 321/335/321 318/332/318 316/330/316 320/334/320
f 322/336/322 318/332/318 321/335/321 323/337/323
f 324/338/324 325/339/325 321/335/321 320/334/320
f 326/340/326 323/337/323 321/335/321 325/339/325
f 327/341/327 323/337/323 326/340/326 328/342/328
f 329/343/329 330/344/330 326/340/326 325/339/325
f 331/345/331 328/342/328 326/340/326 330/344/330
f 332/346/332 328/347/328 331/348/331 333/349/333
f 334/350/334 335/351/335 331/348/331 330/352/330
f 336/353/336 333/349/333 331/348/331 335/351/335
f 337/354/337 333/349/333 336/353/336 338/355/338
f 339/356/339 340/357/340 336/353/336 335/351/335
f 341/358/341 338/355/338 336/353/336 340/357/340
f 342/359/342 338/355/338 341/358/341 343/360/343
f 344/361/344 345/362/345 341/358/341 340/357/340
f 346/363/346 343/360/343 341/358/341 345/362/345
f 347/364/347 343/360/343 346/363/346 348/365/348
f 349/366/349 350/367/350 346/363/346 345/362/345
f 351/368/351 348/365/348 346/363/346 350/367/350
f 352/369/352 348/365/348 351/368/351 353/370/353
f 354/371/354 355/372/355 351/368/351 350/367/350
f 356/373/356 353/370/353 351/368/351 355/372/355
f 357/374/357 353/370/353 356/373/356 358/375/358
f 359/376/359 360/377/360 356/373/356 355/372/355
f 361/378/361 358/375/358 356/373/356 360/377/360
f 362/379/362 358/375/358 361/378/361 363/380/363
f 364/381/364 365/382/365 361/378/361 360/377/360
f 366/383/366 363/380/363 361/378/361 365/382/365
f 367/384/367 363/380/363 366/383/366 368/385/368
f 369/386/369 370/387/370 366/383/366 365/382/365
f 371/388/371 368/385/368 366/383/366 370/387/370
f 372/389/372 368/385/368 371/388/371 373/390/373
f 374/391/374 375/392/375 371/388/371 370/387/370
f 376/393/376 373/390/373 371/388/371 375/392/375
f 377/394/377 373/390/373 376/393/376 378/395/378
f 379/396/379 380/397/380 376/393/376 375/392/375
f 381/398/381 378/395/378 376/393/376 380/397/380
f 382/399/382 378/395/378 381/398/381 383/400/383
f 384/401/384 385/402/385 381/398/381 380/397/380
f 386/403/386 383/400/383 381/398/381 385/402/385
f 387/404/387 383/400/383 386/403/386 388/405/388
f 389/406/389 390/407/390 386/403/386 385/402/385
f 391/408/391 388/405/388 386/403/386 390/407/390
f 392/409/392 388/405/388 391/408/391 393/410/393
f 394/411/394 395/412/395 391/413/391 390/414/390
f 396/415/396 393/410/393 391/408/391 395/416/395
f 397/417/397 393/410/393 396/415/396 398/418/398
f 399/419/399 400/420/400 396/421/396 395/412/395
f 401/422/401 398/418/398 396/415/396 400/423/400
f 402/424/402 398/418/398 401/422/401 403/425/403
f 404/426/404 405/427/405 401/428/401 400/420/400
f 406/429/406 403/430/403 401/428/401 405/427/405
f 407/431/407 403/430/403 406/429/406 408/432/408
f 409/433/409 410/434/410 406/429/406 405/427/405
f 411/435/411 408/432/408 406/429/406 410/434/410
f 412/436/412 408/432/408 411/435/411 413/437/413
f 414/438/414 415/439/415 411/435/411 410/434/410
f 416/440/416 413/437/413 411/435/411 415/439/415
f 417/441/417 413/442/413 416/443/416 418/444/418
f 419/445/419 420/446/420 416/443/416 415/447/415
f 421/448/421 418/444/418 416/443/416 420/446/420
f 422/449/422 418/444/418 421/448/421 423/450/423
f 424/451/424 425/452/425 421/448/421 420/446/420
f 426/453/426 423/450/423 421/448/421 425/452/425
f 427/454/427 423/450/423 426/453/426 428/455/428
f 429/456/429 430/457/430 426/453/426 425/452/425
f 431/458/431 428/455/428 426/453/426 430/457/430
f 432/459/432 428/455/428 431/458/431 433/460/433
f 434/461/434 435/462/435 431/458/431 430/457/430
f 436/463/436 433/460/433 431/458/431 435/462/435
f 437/464/437 433/460/433 436/463/436 438/465/438
f 439/466/439 440/467/440 436/463/436 435/462/435
f 441/468/441 438/465/438 436/463/436 440/467/440
f 442/469/442 438/465/438 441/468/441 443/470/443
f 444/471/444 445/472/445 441/468/441 440/467/440
f 446/473/446 443/470/443 441/468/441 445/472/445
f 447/474/447 443/470/443 446/473/446 448/475/448
f 449/476/449 450/477/450 446/473/446 445/472/445
f 451/478/451 448/475/448 446/473/446 450/477/450
f 452/479/452 448/475/448 451/478/451 453/480/453
f 454/481/454 455/482/455 451/478/451 450/477/450
f 456/483/456 453/480/453 451/478/451 455/482/455
f 457/484/457 453/480/453 456/483/456 458/485/458
f 459/486/459 460/487/460 456/483/456 455/482/455
f 461/488/461 458/485/458 456/483/456 460/487/460
f 462/489/462 458/485/458 461/488/461 463/490/463
f 464/491/464 465/492/465 461/488/461 460/487/460
f 466/493/466 463/490/463 461/488/461 465/492/465
f 467/494/467 463/490/463 466/493/466 468/495/468
f 469/496/469 470/497/470 466/493/466 465/492/465
f 471/498/471 468/495/468 466/493/466 470/497/470
f 472/499/472 468/495/468 471/498/471 473/500/473
f 474/501/474 475/502/475 471/498/471 470/497/470
f 476/503/476 473/500/473 471/498/471 475/502/475
f 477/504/477 473/500/473 476/503/476 478/505/478
f 479/506/479 480/507/480 476/508/476 475/509/475
f 481/510/481 478/511/478 476/508/476 480/507/480
f 482/512/482 478/511/478 481/510/481 483/513/483
f 484/514/484 485/515/485 481/510/481 480/507/480
f 486/516/486 483/513/483 481/510/481 485/515/485
f 487/517/487 483/513/483 486/516/486 488/518/488
f 489/519/489 490/520/490 486/516/486 485/515/485
f 491/521/491 488/518/488 486/516/486 490/520/490
f 492/522/492 488/518/488 491/521/491 493/523/493
f 494/524/494 495/525/495 491/521/491 490/520/490
f 496/526/496 493/523/493 491/521/491 495/525/495
f 497/527/497 493/523/493 496/526/496 498/528/498
f 499/529/499 500/530/500 496/526/496 495/525/495
f 501/531/501 498/528/498 496/526/496 500/530/500
f 502/532/502 498/528/498 501/531/501 503/533/503
f 504/534/504 505/535/505 501/531/501 500/530/500
f 506/536/506 503/533/503 501/531/501 505/535/505
f 507/537/507 503/533/503 506/536/506 508/538/508
f 509/539/509 510/540/510 506/536/506 505/535/505
f 511/541/511 508/538/508 506/536/506 510/540/510
f 512/542/512 508/538/508 511/541/511 513/543/513
f 514/544/514 515/545/515 511/541/511 510/540/510
f 516/546/516 513/543/513 511/541/511 515/545/515
f 517/547/517 513/543/513 516/546/516 518/548/518
f 519/549/519 520/550/520 516/546/516 515/545/515
f 521/551/521 518/548/518 516/546/516 520/550/520
f 522/552/522 518/548/518 521/551/521 523/553/523
f 524/554/524 525/555/525 521/551/521 520/550/520
f 526/556/526 523/553/523 521/551/521 525/555/525
f 527/557/527 523/553/523 526/556/526 528/558/528
f 529/559/529 530/560/530 526/556/526 525/555/525
f 531/561/531 528/558/528 526/556/526 530/560/530
f 532/562/532 528/558/528 531/561/531 533/563/533
f 534/564/534 535/565/535 531/561/531 530/560/530
f 536/566/536 533/563/533 531/561/531 535/565/535
f 537/567/537 533/563/533 536/566/536 538/568/538
f 539/569/539 540/570/540 536/566/536 535/565/535
f 541/571/541 538/568/538 536/566/536 540/570/540
f 542/572/542 538/568/538 541/571/541 543/573/543
f 544/574/544 545/575/545 541/571/541 540/570/540
f 546/576/546 543/573/543 541/571/541 545/575/545
f 547/577/547 543/573/543 546/576/546 548/578/548
f 549/579/549 550/580/550 546/576/546 545/575/545
f 551/581/551 548/578/548 546/576/546 550/580/550
f 552/582/552 548/578/548 551/581/551 553/583/553
f 554/584/554 555/585/555 551/581/551 550/580/550
f 556/586/556 553/583/553 551/581/551 555/585/555
f 557/587/557 553/583/553 556/586/556 558/588/558
f 559/589/559 560/590/560 556/586/556 555/585/555
f 561/591/561 558/588/558 556/586/556 560/590/560
f 562/592/562 558/588/558 561/591/561 563/593/563
f 564/594/564 565/595/565 561/596/561 560/597/560
f 566/598/566 563/593/563 561/591/561 565/599/565
f 567/600/567 563/593/563 566/598/566 568/601/568
f 569/602/569 570/603/570 566/604/566 565/595/565
f 571/605/571 568/606/568 566/604/566 570/603/570
f 572/607/572 568/606/568 571/605/571 573/608/573
f 574/609/574 575/610/575 571/605/571 570/603/570
f 576/611/576 573/608/573 571/605/571 575/610/575
f 577/612/577 573/608/573 576/611/576 578/613/578
f 579/614/579 580/615/580 576/611/576 575/610/575
f 581/616/581 578/613/578 576/611/576 580/615/580
f 582/617/582 578/613/578 581/616/581 583/618/583
f 584/619/584 585/620/585 581/616/581 580/615/580
f 586/621/586 583/618/583 581/616/581 585/620/585
f 587/622/587 583/618/583 586/621/586 588/623/588
f 589/624/589 590/625/590 586/621/586 585/620/585
f 591/626/591 588/623/588 586/621/586 590/625/590
f 592/627/592 588/623/588 591/626/591 593/628/593
f 594/629/594 595/630/595 591/626/591 590/625/590
f 596/631/596 593/628/593 591/626/591 595/630/595
f 597/632/597 593/628/593 596/631/596 598/633/598
f 599/634/599 600/635/600 596/631/596 595/630/595
f 601/636/601 598/633/598 596/631/596 600/635/600
f 602/637/602 598/633/598 601/636/601 603/638/603
f 604/639/604 605/640/605 601/636/601 600/635/600
f 606/641/606 603/638/603 601/636/601 605/640/605
f 607/642/607 603/638/603 606/641/606 608/643/608
f 609/644/609 610/645/610 606/641/606 605/640/605
f 611/646/611 608/643/608 606/641/606 610/645/610
f 612/647/612 608/643/608 611/646/611 613/648/613
f 614/649/614 615/650/615 611/646/611 610/645/610
f 616/651/616 613/648/613 611/646/611 615/650/615
f 617/652/617 613/648/613 616/651/616 618/653/618
f 619/654/619 620/655/620 616/651/616 615/650/615
f 621/656/621 618/653/618 616/651/616 620/655/620
f 622/657/622 618/653/618 621/656/621 623/658/623
f 624/659/624 625/660/625 621/656/621 620/655/620
f 626/661/626 623/658/623 621/656/621 625/660/625
f 627/662/627 623/658/623 626/661/626 628/663/628
f 629/664/629 630/665/630 626/661/626 625/660/625
f 631/666/631 628/663/628 626/661/626 630/665/630
f 632/667/632 628/663/628 631/666/631 633/668/633
f 634/669/634 635/670/635 631/666/631 630/665/630
f 636/671/636 633/668/633 631/666/631 635/670/635
f 9/9/9 633/668/633 636/671/636 10/10/10
f 637/672/637 638/673/638 636/671/636 635/670/635
f 11/11/11 10/10/10 636/671/636 638/673/638
f 639/674/639 640/675/640 638/673/638 637/672/637
f 641/676/641 11/11/11 638/673/638 640/675/640
f 8/8/8 11/11/11 641/676/641 642/677/642
f 643/678/643 644/679/644 641/676/641 640/675/640
f 645/680/645 642/677/642 641/676/641 644/679/644
f 646/681/646 647/682/647 645/680/645 644/679/644
f 648/683/648 649/684/649 645/680/645 647/682/647
f 650/685/650 642/677/642 645/680/645 649/684/649
f 651/686/651 652/687/652 650/685/650 649/684/649
f 653/688/653 654/689/654 650/685/650 652/687/652
f 8/8/8 642/677/642 650/685/650 654/689/654
f 655/690/655 656/691/656 654/689/654 653/688/653
f 9/9/9 8/8/8 654/689/654 656/691/656
f 657/692/657 632/667/632 656/691/656 655/690/655
f 633/668/633 9/9/9 656/691/656 632/667/632
f 658/693/658 659/694/659 657/692/657 655/690/655
f 660/695/660 627/662/627 657/692/657 659/694/659
f 628/663/628 632/667/632 657/692/657 627/662/627
f 661/696/661 662/697/662 660/695/660 659/694/659
f 663/698/663 622/657/622 660/695/660 662/697/662
f 623/658/623 627/662/627 660/695/660 622/657/622
f 664/699/664 665/700/665 663/698/663 662/697/662
f 666/701/666 617/652/617 663/698/663 665/700/665
f 618/653/618 622/657/622 663/698/663 617/652/617
f 667/702/667 668/703/668 666/701/666 665/700/665
f 669/704/669 612/647/612 666/701/666 668/703/668
f 613/648/613 617/652/617 666/701/666 612/647/612
f 4/4/4 5/5/5 669/704/669 668/703/668
f 670/705/670 607/642/607 669/704/669 5/5/5
f 608/643/608 612/647/612 669/704/669 607/642/607
f 6/6/6 671/706/671 670/705/670 5/5/5
f 672/707/672 602/637/602 670/705/670 671/706/671
f 603/638/603 607/642/607 670/705/670 602/637/602
f 673/708/673 674/709/674 672/707/672 671/706/671
f 675/710/675 597/632/597 672/707/672 674/709/674
f 598/633/598 602/637/602 672/707/672 597/632/597
f 676/711/676 677/712/677 675/710/675 674/709/674
f 678/713/678 592/627/592 675/710/675 677/712/677
f 593/628/593 597/632/597 675/710/675 592/627/592
f 679/714/679 680/715/680 678/713/678 677/712/677
f 681/716/681 587/622/587 678/713/678 680/715/680
f 588/623/588 592/627/592 678/713/678 587/622/587
f 682/717/682 683/718/683 681/716/681 680/715/680
f 684/719/684 582/617/582 681/716/681 683/718/683
f 583/618/583 587/622/587 681/716/681 582/617/582
f 685/720/685 686/721/686 684/719/684 683/718/683
f 687/722/687 577/612/577 684/719/684 686/721/686
f 578/613/578 582/617/582 684/719/684 577/612/577
f 688/723/688 689/724/689 687/722/687 686/721/686
f 690/725/690 572/607/572 687/722/687 689/724/689
f 573/608/573 577/612/577 687/722/687 572/607/572
f 691/726/691 692/727/692 690/725/690 689/724/689
f 693/728/693 567/729/567 690/725/690 692/727/692
f 568/606/568 572/607/572 690/725/690 567/729/567
f 694/730/694 695/731/695 693/732/693 692/733/692
f 696/734/696 562/592/562 693/732/693 695/731/695
f 563/593/563 567/600/567 693/732/693 562/592/562
f 697/735/697 698/736/698 696/734/696 695/731/695
f 699/737/699 557/587/557 696/734/696 698/736/698
f 558/588/558 562/592/562 696/734/696 557/587/557
f 700/738/700 701/739/701 699/737/699 698/736/698
f 702/740/702 552/582/552 699/737/699 701/739/701
f 553/583/553 557/587/557 699/737/699 552/582/552
f 703/741/703 704/742/704 702/740/702 701/739/701
f 705/743/705 547/577/547 702/740/702 704/742/704
f 548/578/548 552/582/552 702/740/702 547/577/547
f 706/744/706 707/745/707 705/743/705 704/742/704
f 708/746/708 542/572/542 705/743/705 707/745/707
f 543/573/543 547/577/547 705/743/705 542/572/542
f 709/747/709 710/748/710 708/746/708 707/745/707
f 711/749/711 537/567/537 708/746/708 710/748/710
f 538/568/538 542/572/542 708/746/708 537/567/537
f 712/750/712 713/751/713 711/749/711 710/748/710
f 714/752/714 532/562/532 711/749/711 713/751/713
f 533/563/533 537/567/537 711/749/711 532/562/532
f 715/753/715 716/754/716 714/752/714 713/751/713
f 717/755/717 527/557/527 714/752/714 716/754/716
f 528/558/528 532/562/532 714/752/714 527/557/527
f 718/756/718 719/757/719 717/755/717 716/754/716
f 720/758/720 522/552/522 717/755/717 719/757/719
f 523/553/523 527/557/527 717/755/717 522/552/522
f 721/759/721 722/760/722 720/758/720 719/757/719
f 723/761/723 517/547/517 720/758/720 722/760/722
f 518/548/518 522/552/522 720/758/720 517/547/517
f 724/762/724 725/763/725 723/761/723 722/760/722
f 726/764/726 512/542/512 723/761/723 725/763/725
f 513/543/513 517/547/517 723/761/723 512/542/512
f 727/765/727 728/766/728 726/764/726 725/763/725
f 729/767/729 507/537/507 726/764/726 728/766/728
f 508/538/508 512/542/512 726/764/726 507/537/507
f 86/89/86 87/90/87 729/767/729 728/766/728
f 730/768/730 502/532/502 729/767/729 87/90/87
f 503/533/503 507/537/507 729/767/729 502/532/502
f 82/85/82 731/769/731 730/768/730 87/90/87
f 732/770/732 497/527/497 730/768/730 731/769/731
f 498/528/498 502/532/502 730/768/730 497/527/497
f 733/771/733 734/772/734 732/770/732 731/769/731
f 735/773/735 492/522/492 732/770/732 734/772/734
f 493/523/493 497/527/497 732/770/732 492/522/492
f 736/774/736 737/775/737 735/773/735 734/772/734
f 738/776/738 487/517/487 735/773/735 737/775/737
f 488/518/488 492/522/492 735/773/735 487/517/487
f 739/777/739 740/778/740 738/779/738 737/780/737
f 741/781/741 482/782/482 738/779/738 740/778/740
f 483/513/483 487/517/487 738/776/738 482/512/482
f 742/783/742 743/784/743 741/781/741 740/778/740
f 744/785/744 477/504/477 741/781/741 743/784/743
f 478/505/478 482/782/482 741/781/741 477/504/477
f 745/786/745 746/787/746 744/785/744 743/784/743
f 747/788/747 472/499/472 744/785/744 746/787/746
f 473/500/473 477/504/477 744/785/744 472/499/472
f 748/789/748 749/790/749 747/788/747 746/787/746
f 750/791/750 467/494/467 747/788/747 749/790/749
f 468/495/468 472/499/472 747/788/747 467/494/467
f 751/792/751 752/793/752 750/791/750 749/790/749
f 753/794/753 462/489/462 750/791/750 752/793/752
f 463/490/463 467/494/467 750/791/750 462/489/462
f 754/795/754 755/796/755 753/794/753 752/793/752
f 756/797/756 457/484/457 753/794/753 755/796/755
f 458/485/458 462/489/462 753/794/753 457/484/457
f 757/798/757 758/799/758 756/797/756 755/796/755
f 759/800/759 452/479/452 756/797/756 758/799/758
f 453/480/453 457/484/457 756/797/756 452/479/452
f 760/801/760 761/802/761 759/800/759 758/799/758
f 762/803/762 447/474/447 759/800/759 761/802/761
f 448/475/448 452/479/452 759/800/759 447/474/447
f 763/804/763 764/805/764 762/803/762 761/802/761
f 765/806/765 442/469/442 762/803/762 764/805/764
f 443/470/443 447/474/447 762/803/762 442/469/442
f 766/807/766 767/808/767 765/806/765 764/805/764
f 768/809/768 437/464/437 765/806/765 767/808/767
f 438/465/438 442/469/442 765/806/765 437/464/437
f 769/810/769 770/811/770 768/809/768 767/808/767
f 771/812/771 432/459/432 768/809/768 770/811/770
f 433/460/433 437/464/437 768/809/768 432/459/432
f 772/813/772 773/814/773 771/812/771 770/811/770
f 774/815/774 427/454/427 771/812/771 773/814/773
f 428/455/428 432/459/432 771/812/771 427/454/427
f 775/816/775 776/817/776 774/815/774 773/814/773
f 777/818/777 422/449/422 774/815/774 776/817/776
f 423/450/423 427/454/427 774/815/774 422/449/422
f 778/819/778 779/820/779 777/818/777 776/817/776
f 780/821/780 417/441/417 777/818/777 779/820/779
f 418/444/418 422/449/422 777/818/777 417/441/417
f 29/31/29 24/33/24 780/821/780 779/820/779
f 23/23/23 412/436/412 780/822/780 24/24/24
f 413/437/413 417/823/417 780/822/780 412/436/412
f 781/824/781 29/31/29 779/820/779 778/819/778
f 782/825/782 783/826/783 781/824/781 784/827/784
f 30/32/30 29/31/29 781/824/781 783/826/783
f 785/828/785 784/827/784 781/824/781 778/819/778
f 786/829/786 784/827/784 785/828/785 787/830/787
f 776/817/776 775/816/775 785/828/785 778/819/778
f 788/831/788 787/830/787 785/828/785 775/816/775
f 789/832/789 787/830/787 788/831/788 790/833/790
f 773/814/773 772/813/772 788/831/788 775/816/775
f 791/834/791 790/833/790 788/831/788 772/813/772
f 792/835/792 790/833/790 791/834/791 793/836/793
f 770/811/770 769/810/769 791/834/791 772/813/772
f 794/837/794 793/836/793 791/834/791 769/810/769
f 795/838/795 793/836/793 794/837/794 796/839/796
f 767/808/767 766/807/766 794/837/794 769/810/769
f 797/840/797 796/839/796 794/837/794 766/807/766
f 798/841/798 796/839/796 797/840/797 799/842/799
f 764/805/764 763/804/763 797/840/797 766/807/766
f 800/843/800 799/842/799 797/840/797 763/804/763
f 801/844/801 799/842/799 800/843/800 802/845/802
f 761/802/761 760/801/760 800/843/800 763/804/763
f 803/846/803 802/845/802 800/843/800 760/801/760
f 804/847/804 802/845/802 803/846/803 805/848/805
f 758/799/758 757/798/757 803/846/803 760/801/760
f 806/849/806 805/848/805 803/846/803 757/798/757
f 807/850/807 805/848/805 806/849/806 808/851/808
f 755/796/755 754/795/754 806/849/806 757/798/757
f 809/852/809 808/851/808 806/849/806 754/795/754
f 810/853/810 808/851/808 809/852/809 811/854/811
f 752/793/752 751/792/751 809/852/809 754/795/754
f 812/855/812 811/854/811 809/852/809 751/792/751
f 813/856/813 811/854/811 812/855/812 814/857/814
f 749/790/749 748/789/748 812/855/812 751/792/751
f 815/858/815 814/857/814 812/855/812 748/789/748
f 816/859/816 814/857/814 815/858/815 817/860/817
f 746/787/746 745/786/745 815/858/815 748/789/748
f 818/861/818 817/860/817 815/858/815 745/786/745
f 819/862/819 817/860/817 818/861/818 820/863/820
f 743/784/743 742/783/742 818/861/818 745/786/745
f 821/864/821 820/863/820 818/861/818 742/783/742
f 822/865/822 820/863/820 821/864/821 823/866/823
f 740/778/740 739/777/739 821/864/821 742/783/742
f 824/867/824 823/866/823 821/864/821 739/777/739
f 825/868/825 823/866/823 824/867/824 826/869/826
f 737/780/737 736/870/736 824/867/824 739/777/739
f 827/871/827 826/869/826 824/867/824 736/870/736
f 828/872/828 826/869/826 827/871/827 829/873/829
f 734/772/734 733/771/733 827/874/827 736/774/736
f 81/84/81 829/875/829 827/874/827 733/771/733
f 830/876/830 831/877/831 828/878/828 832/879/832
f 825/868/825 826/869/826 828/872/828 831/880/831
f 833/881/833 832/879/832 828/878/828 829/875/829
f 81/84/81 84/87/84 833/881/833 829/875/829
f 85/88/85 834/882/834 833/881/833 84/87/84
f 835/883/835 832/879/832 833/881/833 834/882/834
f 830/876/830 832/879/832 835/883/835 836/884/836
f 837/885/837 838/886/838 835/883/835 834/882/834
f 839/887/839 836/884/836 835/883/835 838/886/838
f 840/888/840 836/884/836 839/887/839 841/889/841
f 842/890/842 843/891/843 839/887/839 838/886/838
f 844/892/844 841/889/841 839/887/839 843/891/843
f 845/893/845 841/889/841 844/892/844 846/894/846
f 847/895/847 848/896/848 844/892/844 843/891/843
f 849/897/849 846/894/846 844/892/844 848/896/848
f 850/898/850 846/899/846 849/900/849 851/901/851
f 852/902/852 853/903/853 849/897/849 848/896/848
f 854/904/854 851/901/851 849/900/849 853/905/853
f 855/906/855 851/901/851 854/904/854 856/907/856
f 857/908/857 858/909/858 854/904/854 853/905/853
f 859/910/859 856/907/856 854/904/854 858/909/858
f 860/911/860 856/907/856 859/910/859 861/912/861
f 862/913/862 863/914/863 859/910/859 858/909/858
f 864/915/864 861/912/861 859/910/859 863/914/863
f 865/916/865 861/912/861 864/915/864 866/917/866
f 867/918/867 868/919/868 864/915/864 863/914/863
f 869/920/869 866/917/866 864/915/864 868/919/868
f 870/921/870 866/917/866 869/920/869 871/922/871
f 872/923/872 873/924/873 869/920/869 868/919/868
f 874/925/874 871/922/871 869/920/869 873/924/873
f 875/926/875 871/922/871 874/925/874 876/927/876
f 877/928/877 878/929/878 874/930/874 873/931/873
f 879/932/879 876/927/876 874/925/874 878/933/878
f 880/934/880 876/927/876 879/932/879 881/935/881
f 882/936/882 883/937/883 879/938/879 878/929/878
f 884/939/884 881/935/881 879/932/879 883/940/883
f 885/941/885 881/935/881 884/939/884 886/942/886
f 887/943/887 888/944/888 884/939/884 883/940/883
f 889/945/889 886/942/886 884/939/884 888/944/888
f 890/946/890 886/942/886 889/945/889 891/947/891
f 892/948/892 893/949/893 889/945/889 888/944/888
f 894/950/894 891/947/891 889/945/889 893/949/893
f 895/951/895 891/947/891 894/950/894 896/952/896
f 897/953/897 898/954/898 894/950/894 893/949/893
f 899/955/899 896/952/896 894/950/894 898/954/898
f 900/956/900 896/952/896 899/955/899 901/957/901
f 902/958/902 903/959/903 899/955/899 898/954/898
f 904/960/904 901/957/901 899/955/899 903/959/903
f 905/961/905 901/957/901 904/960/904 906/962/906
f 907/963/907 908/964/908 904/960/904 903/959/903
f 909/965/909 906/962/906 904/960/904 908/964/908
f 910/966/910 906/962/906 909/965/909 911/967/911
f 912/968/912 913/969/913 909/965/909 908/964/908
f 914/970/914 911/967/911 909/965/909 913/969/913
f 915/971/915 911/967/911 914/970/914 916/972/916
f 917/973/917 918/974/918 914/970/914 913/969/913
f 919/975/919 916/972/916 914/970/914 918/974/918
f 920/976/920 916/972/916 919/975/919 921/977/921
f 922/978/922 923/979/923 919/975/919 918/974/918
f 924/980/924 921/977/921 919/975/919 923/979/923
f 925/981/925 921/977/921 924/980/924 926/982/926
f 7/7/7 2/2/2 924/980/924 923/979/923
f 1/1/1 926/982/926 924/980/924 2/2/2
f 927/983/927 928/984/928 925/981/925 929/985/929
f 920/976/920 921/977/921 925/981/925 928/984/928
f 930/986/930 929/985/929 925/981/925 926/982/926
f 931/987/931 929/985/929 930/986/930 664/699/664
f 1/1/1 667/702/667 930/986/930 926/982/926
f 665/700/665 664/699/664 930/986/930 667/702/667
f 932/988/932 933/989/933 931/987/931 661/696/661
f 927/983/927 929/985/929 931/987/931 933/989/933
f 662/697/662 661/696/661 931/987/931 664/699/664
f 934/990/934 935/991/935 933/989/933 932/988/932
f 936/992/936 927/983/927 933/989/933 935/991/935
f 937/993/937 938/994/938 936/992/936 935/991/935
f 939/995/939 940/996/940 936/992/936 938/994/938
f 928/984/928 927/983/927 936/992/936 940/996/940
f 941/997/941 942/998/942 940/996/940 939/995/939
f 920/976/920 928/984/928 940/996/940 942/998/942
f 943/999/943 915/971/915 942/998/942 941/997/941
f 916/972/916 920/976/920 942/998/942 915/971/915
f 944/1000/944 945/1001/945 943/999/943 941/997/941
f 946/1002/946 910/966/910 943/999/943 945/1001/945
f 911/967/911 915/971/915 943/999/943 910/966/910
f 947/1003/947 948/1004/948 946/1002/946 945/1001/945
f 949/1005/949 905/961/905 946/1002/946 948/1004/948
f 906/962/906 910/966/910 946/1002/946 905/961/905
f 950/1006/950 951/1007/951 949/1005/949 948/1004/948
f 952/1008/952 900/956/900 949/1005/949 951/1007/951
f 901/957/901 905/961/905 949/1005/949 900/956/900
f 953/1009/953 954/1010/954 952/1008/952 951/1007/951
f 955/1011/955 895/951/895 952/1008/952 954/1010/954
f 896/952/896 900/956/900 952/1008/952 895/951/895
f 956/1012/956 957/1013/957 955/1011/955 954/1010/954
f 958/1014/958 890/946/890 955/1011/955 957/1013/957
f 891/947/891 895/951/895 955/1011/955 890/946/890
f 959/1015/959 960/1016/960 958/1014/958 957/1013/957
f 961/1017/961 885/941/885 958/1014/958 960/1016/960
f 886/942/886 890/946/890 958/1014/958 885/941/885
f 962/1018/962 963/1019/963 961/1017/961 960/1016/960
f 964/1020/964 880/934/880 961/1017/961 963/1019/963
f 881/935/881 885/941/885 961/1017/961 880/934/880
f 965/1021/965 966/1022/966 964/1020/964 963/1019/963
f 967/1023/967 875/926/875 964/1020/964 966/1022/966
f 876/927/876 880/934/880 964/1020/964 875/926/875
f 968/1024/968 969/1025/969 967/1023/967 966/1022/966
f 970/1026/970 870/921/870 967/1023/967 969/1025/969
f 871/922/871 875/926/875 967/1023/967 870/921/870
f 971/1027/971 972/1028/972 970/1026/970 969/1025/969
f 973/1029/973 865/916/865 970/1026/970 972/1028/972
f 866/917/866 870/921/870 970/1026/970 865/916/865
f 974/1030/974 975/1031/975 973/1029/973 972/1028/972
f 976/1032/976 860/911/860 973/1029/973 975/1031/975
f 861/912/861 865/916/865 973/1029/973 860/911/860
f 977/1033/977 978/1034/978 976/1032/976 975/1031/975
f 979/1035/979 855/906/855 976/1032/976 978/1034/978
f 856/907/856 860/911/860 976/1032/976 855/906/855
f 980/1036/980 981/1037/981 979/1035/979 978/1034/978
f 982/1038/982 850/898/850 979/1035/979 981/1037/981
f 851/901/851 855/906/855 979/1035/979 850/898/850
f 983/1039/983 984/1040/984 982/1038/982 981/1037/981
f 985/1041/985 845/1042/845 982/1038/982 984/1040/984
f 846/899/846 850/898/850 982/1038/982 845/1042/845
f 986/1043/986 987/1044/987 985/1041/985 984/1040/984
f 988/1045/988 840/1046/840 985/1041/985 987/1044/987
f 841/1047/841 845/1042/845 985/1041/985 840/1046/840
f 989/1048/989 990/1049/990 988/1045/988 987/1044/987
f 831/877/831 830/876/830 988/1050/988 990/1051/990
f 836/884/836 840/888/840 988/1050/988 830/876/830
f 991/1052/991 992/1053/992 990/1049/990 989/1048/989
f 825/868/825 831/880/831 990/1049/990 992/1053/992
f 993/1054/993 822/865/822 992/1053/992 991/1052/991
f 823/866/823 825/868/825 992/1053/992 822/865/822
f 994/1055/994 995/1056/995 993/1054/993 991/1052/991
f 996/1057/996 819/862/819 993/1054/993 995/1056/995
f 820/863/820 822/865/822 993/1054/993 819/862/819
f 997/1058/997 998/1059/998 996/1057/996 995/1056/995
f 999/1060/999 816/859/816 996/1057/996 998/1059/998
f 817/860/817 819/862/819 996/1057/996 816/859/816
f 1000/1061/1000 1001/1062/1001 999/1060/999 998/1059/998
f 1002/1063/1002 813/856/813 999/1060/999 1001/1062/1001
f 814/857/814 816/859/816 999/1060/999 813/856/813
f 1003/1064/1003 1004/1065/1004 1002/1063/1002 1001/1062/1001
f 1005/1066/1005 810/853/810 1002/1063/1002 1004/1065/1004
f 811/854/811 813/856/813 1002/1063/1002 810/853/810
f 1006/1067/1006 1007/1068/1007 1005/1066/1005 1004/1065/1004
f 1008/1069/1008 807/850/807 1005/1066/1005 1007/1068/1007
f 808/851/808 810/853/810 1005/1066/1005 807/850/807
f 1009/1070/1009 1010/1071/1010 1008/1069/1008 1007/1068/1007
f 1011/1072/1011 804/847/804 1008/1069/1008 1010/1071/1010
f 805/848/805 807/850/807 1008/1069/1008 804/847/804
f 1012/1073/1012 1013/1074/1013 1011/1072/1011 1010/1071/1010
f 1014/1075/1014 801/844/801 1011/1072/1011 1013/1074/1013
f 802/845/802 804/847/804 1011/1072/1011 801/844/801
f 1015/1076/1015 1016/1077/1016 1014/1075/1014 1013/1074/1013
f 1017/1078/1017 798/841/798 1014/1075/1014 1016/1077/1016
f 799/842/799 801/844/801 1014/1075/1014 798/841/798
f 1018/1079/1018 1019/1080/1019 1017/1078/1017 1016/1077/1016
f 1020/1081/1020 795/838/795 1017/1078/1017 1019/1080/1019
f 796/839/796 798/841/798 1017/1078/1017 795/838/795
f 1021/1082/1021 1022/1083/1022 1020/1081/1020 1019/1080/1019
f 1023/1084/1023 792/835/792 1020/1081/1020 1022/1083/1022
f 793/836/793 795/838/795 1020/1081/1020 792/835/792
f 1024/1085/1024 1025/1086/1025 1023/1084/1023 1022/1083/1022
f 1026/1087/1026 789/832/789 1023/1084/1023 1025/1086/1025
f 790/833/790 792/835/792 1023/1084/1023 789/832/789
f 44/47/44 43/46/43 1026/1087/1026 1025/1086/1025
f 42/45/42 786/829/786 1026/1087/1026 43/46/43
f 787/830/787 789/832/789 1026/1087/1026 786/829/786
f 1027/1088/1027 44/47/44 1025/1086/1025 1024/1085/1024
f 1028/1089/1028 1029/1090/1029 1027/1088/1027 1030/1091/1030
f 41/44/41 44/47/44 1027/1088/1027 1029/1090/1029
f 1031/1092/1031 1030/1091/1030 1027/1088/1027 1024/1085/1024
f 1032/1093/1032 1030/1091/1030 1031/1092/1031 1033/1094/1033
f 1022/1083/1022 1021/1082/1021 1031/1092/1031 1024/1085/1024
f 1034/1095/1034 1033/1094/1033 1031/1092/1031 1021/1082/1021
f 1035/1096/1035 1033/1094/1033 1034/1095/1034 1036/1097/1036
f 1019/1080/1019 1018/1079/1018 1034/1095/1034 1021/1082/1021
f 1037/1098/1037 1036/1097/1036 1034/1095/1034 1018/1079/1018
f 56/59/56 1036/1097/1036 1037/1098/1037 57/60/57
f 1016/1077/1016 1015/1076/1015 1037/1098/1037 1018/1079/1018
f 1038/1099/1038 57/60/57 1037/1098/1037 1015/1076/1015
f 58/61/58 57/60/57 1038/1099/1038 1039/1100/1039
f 1013/1074/1013 1012/1073/1012 1038/1099/1038 1015/1076/1015
f 1040/1101/1040 1039/1100/1039 1038/1099/1038 1012/1073/1012
f 1041/1102/1041 1039/1100/1039 1040/1101/1040 1042/1103/1042
f 1010/1071/1010 1009/1070/1009 1040/1101/1040 1012/1073/1012
f 1043/1104/1043 1042/1103/1042 1040/1101/1040 1009/1070/1009
f 1044/1105/1044 1042/1103/1042 1043/1104/1043 1045/1106/1045
f 1007/1068/1007 1006/1067/1006 1043/1104/1043 1009/1070/1009
f 1046/1107/1046 1045/1106/1045 1043/1104/1043 1006/1067/1006
f 1047/1108/1047 1045/1106/1045 1046/1107/1046 1048/1109/1048
f 1004/1065/1004 1003/1064/1003 1046/1107/1046 1006/1067/1006
f 1049/1110/1049 1048/1109/1048 1046/1107/1046 1003/1064/1003
f 1050/1111/1050 1048/1109/1048 1049/1110/1049 1051/1112/1051
f 1001/1062/1001 1000/1061/1000 1049/1110/1049 1003/1064/1003
f 1052/1113/1052 1051/1112/1051 1049/1110/1049 1000/1061/1000
f 1053/1114/1053 1051/1112/1051 1052/1113/1052 1054/1115/1054
f 998/1059/998 997/1058/997 1052/1113/1052 1000/1061/1000
f 1055/1116/1055 1054/1115/1054 1052/1113/1052 997/1058/997
f 1056/1117/1056 1054/1115/1054 1055/1116/1055 1057/1118/1057
f 995/1056/995 994/1055/994 1055/1116/1055 997/1058/997
f 1058/1119/1058 1057/1118/1057 1055/1116/1055 994/1055/994
f 991/1052/991 989/1048/989 1058/1119/1058 994/1055/994
f 987/1044/987 986/1043/986 1058/1119/1058 989/1048/989
f 1059/1120/1059 1057/1118/1057 1058/1119/1058 986/1043/986
f 1056/1117/1056 1057/1118/1057 1059/1120/1059 1060/1121/1060
f 984/1040/984 983/1039/983 1059/1120/1059 986/1043/986
f 1061/1122/1061 1060/1121/1060 1059/1120/1059 983/1039/983
f 1062/1123/1062 1060/1121/1060 1061/1122/1061 1063/1124/1063
f 981/1037/981 980/1036/980 1061/1122/1061 983/1039/983
f 1064/1125/1064 1063/1124/1063 1061/1122/1061 980/1036/980
f 1065/1126/1065 1063/1124/1063 1064/1125/1064 1066/1127/1066
f 978/1034/978 977/1033/977 1064/1125/1064 980/1036/980
f 1067/1128/1067 1066/1127/1066 1064/1125/1064 977/1033/977
f 1068/1129/1068 1066/1127/1066 1067/1128/1067 1069/1130/1069
f 975/1031/975 974/1030/974 1067/1128/1067 977/1033/977
f 1070/1131/1070 1069/1130/1069 1067/1128/1067 974/1030/974
f 1071/1132/1071 1069/1130/1069 1070/1131/1070 1072/1133/1072
f 972/1028/972 971/1027/971 1070/1131/1070 974/1030/974
f 1073/1134/1073 1072/1133/1072 1070/1131/1070 971/1027/971
f 1074/1135/1074 1072/1133/1072 1073/1134/1073 1075/1136/1075
f 969/1025/969 968/1024/968 1073/1134/1073 971/1027/971
f 1076/1137/1076 1075/1136/1075 1073/1134/1073 968/1024/968
f 1077/1138/1077 1075/1136/1075 1076/1137/1076 1078/1139/1078
f 966/1022/966 965/1021/965 1076/1137/1076 968/1024/968
f 1079/1140/1079 1078/1139/1078 1076/1137/1076 965/1021/965
f 1080/1141/1080 1078/1139/1078 1079/1140/1079 1081/1142/1081
f 963/1019/963 962/1018/962 1079/1140/1079 965/1021/965
f 1082/1143/1082 1081/1142/1081 1079/1140/1079 962/1018/962
f 1083/1144/1083 1081/1142/1081 1082/1143/1082 1084/1145/1084
f 960/1016/960 959/1015/959 1082/1143/1082 962/1018/962
f 1085/1146/1085 1084/1145/1084 1082/1143/1082 959/1015/959
f 1086/1147/1086 1084/1145/1084 1085/1146/1085 1087/1148/1087
f 957/1013/957 956/1012/956 1085/1146/1085 959/1015/959
f 1088/1149/1088 1087/1148/1087 1085/1146/1085 956/1012/956
f 1089/1150/1089 1087/1148/1087 1088/1149/1088 1090/1151/1090
f 954/1010/954 953/1009/953 1088/1149/1088 956/1012/956
f 1091/1152/1091 1090/1151/1090 1088/1149/1088 953/1009/953
f 1092/1153/1092 1090/1151/1090 1091/1152/1091 1093/1154/1093
f 951/1007/951 950/1006/950 1091/1152/1091 953/1009/953
f 1094/1155/1094 1093/1154/1093 1091/1152/1091 950/1006/950
f 1095/1156/1095 1093/1154/1093 1094/1155/1094 1096/1157/1096
f 948/1004/948 947/1003/947 1094/1155/1094 950/1006/950
f 1097/1158/1097 1096/1157/1096 1094/1155/1094 947/1003/947
f 1098/1159/1098 1096/1157/1096 1097/1158/1097 1099/1160/1099
f 945/1001/945 944/1000/944 1097/1158/1097 947/1003/947
f 1100/1161/1100 1099/1160/1099 1097/1158/1097 944/1000/944
f 1101/1162/1101 1099/1160/1099 1100/1161/1100 1102/1163/1102
f 941/997/941 939/995/939 1100/1161/1100 944/1000/944
f 938/994/938 1102/1163/1102 1100/1161/1100 939/995/939
f 1103/1164/1103 1104/1165/1104 1101/1162/1101 1105/1166/1105
f 1098/1159/1098 1099/1160/1099 1101/1162/1101 1104/1165/1104
f 1106/1167/1106 1105/1166/1105 1101/1162/1101 1102/1163/1102
f 1107/1168/1107 1105/1166/1105 1106/1167/1106 1108/1169/1108
f 938/994/938 937/993/937 1106/1167/1106 1102/1163/1102
f 1109/1170/1109 1108/1169/1108 1106/1167/1106 937/993/937
f 1110/1171/1110 1108/1169/1108 1109/1170/1109 1111/1172/1111
f 935/991/935 934/990/934 1109/1170/1109 937/993/937
f 1112/1173/1112 1111/1172/1111 1109/1170/1109 934/990/934
f 652/687/652 1111/1172/1111 1112/1173/1112 653/688/653
f 932/988/932 658/693/658 1112/1173/1112 934/990/934
f 655/690/655 653/688/653 1112/1173/1112 658/693/658
f 1113/1174/1113 1114/1175/1114 1110/1171/1110 651/686/651
f 1107/1168/1107 1108/1169/1108 1110/1171/1110 1114/1175/1114
f 652/687/652 651/686/651 1110/1171/1110 1111/1172/1111
f 1115/1176/1115 1116/1177/1116 1114/1175/1114 1113/1174/1113
f 1117/1178/1117 1107/1168/1107 1114/1175/1114 1116/1177/1116
f 1118/1179/1118 1119/1180/1119 1117/1178/1117 1116/1177/1116
f 1120/1181/1120 1103/1164/1103 1117/1178/1117 1119/1180/1119
f 1105/1166/1105 1107/1168/1107 1117/1178/1117 1103/1164/1103
f 1121/1182/1121 1122/1183/1122 1120/1181/1120 1119/1180/1119
f 1123/1184/1123 1124/1185/1124 1120/1181/1120 1122/1183/1122
f 1104/1165/1104 1103/1164/1103 1120/1181/1120 1124/1185/1124
f 1125/1186/1125 1126/1187/1126 1124/1185/1124 1123/1184/1123
f 1098/1159/1098 1104/1165/1104 1124/1185/1124 1126/1187/1126
f 1127/1188/1127 1095/1156/1095 1126/1187/1126 1125/1186/1125
f 1096/1157/1096 1098/1159/1098 1126/1187/1126 1095/1156/1095
f 12/12/12 15/15/15 1127/1188/1127 1125/1186/1125
f 16/16/16 1092/1153/1092 1127/1188/1127 15/15/15
f 1093/1154/1093 1095/1156/1095 1127/1188/1127 1092/1153/1092
f 1128/1189/1128 12/12/12 1125/1186/1125 1123/1184/1123
f 1129/1190/1129 1130/1191/1130 1128/1189/1128 1131/1192/1131
f 13/13/13 12/12/12 1128/1189/1128 1130/1191/1130
f 1122/1183/1122 1131/1192/1131 1128/1189/1128 1123/1184/1123
f 1132/1193/1132 1133/1194/1133 1130/1191/1130 1129/1190/1129
f 18/18/18 13/13/13 1130/1191/1130 1133/1194/1133
f 1134/1195/1134 1135/1196/1135 1133/1194/1133 1132/1193/1132
f 1136/1197/1136 18/18/18 1133/1194/1133 1135/1196/1135
f 1137/1198/1137 1138/1199/1138 1136/1197/1136 1135/1196/1135
f 1086/1147/1086 1139/1200/1139 1136/1197/1136 1138/1199/1138
f 17/17/17 18/18/18 1136/1197/1136 1139/1200/1139
f 1087/1148/1087 1089/1150/1089 1139/1200/1139 1086/1147/1086
f 16/16/16 17/17/17 1139/1200/1139 1089/1150/1089
f 1140/1201/1140 1083/1144/1083 1138/1199/1138 1137/1198/1137
f 1084/1145/1084 1086/1147/1086 1138/1199/1138 1083/1144/1083
f 1141/1202/1141 1142/1203/1142 1140/1201/1140 1137/1198/1137
f 1143/1204/1143 1080/1141/1080 1140/1201/1140 1142/1203/1142
f 1081/1142/1081 1083/1144/1083 1140/1201/1140 1080/1141/1080
f 53/56/53 1144/1205/1144 1143/1204/1143 1142/1203/1142
f 1145/1206/1145 1077/1138/1077 1143/1204/1143 1144/1205/1144
f 1078/1139/1078 1080/1141/1080 1143/1204/1143 1077/1138/1077
f 1146/1207/1146 1147/1208/1147 1145/1206/1145 1144/1205/1144
f 1148/1209/1148 1074/1135/1074 1145/1206/1145 1147/1208/1147
f 1075/1136/1075 1077/1138/1077 1145/1206/1145 1074/1135/1074
f 1149/1210/1149 1150/1211/1150 1148/1209/1148 1147/1208/1147
f 1151/1212/1151 1071/1132/1071 1148/1209/1148 1150/1211/1150
f 1072/1133/1072 1074/1135/1074 1148/1209/1148 1071/1132/1071
f 1152/1213/1152 1153/1214/1153 1151/1212/1151 1150/1211/1150
f 1154/1215/1154 1068/1129/1068 1151/1212/1151 1153/1214/1153
f 1069/1130/1069 1071/1132/1071 1151/1212/1151 1068/1129/1068
f 66/69/66 65/68/65 1154/1215/1154 1153/1214/1153
f 64/67/64 1065/1126/1065 1154/1215/1154 65/68/65
f 1066/1127/1066 1068/1129/1068 1154/1215/1154 1065/1126/1065
f 1155/1216/1155 66/69/66 1153/1214/1153 1152/1213/1152
f 1047/1108/1047 1156/1217/1156 1155/1216/1155 1157/1218/1157
f 63/66/63 66/69/66 1155/1216/1155 1156/1217/1156
f 1158/1219/1158 1157/1218/1157 1155/1216/1155 1152/1213/1152
f 1044/1105/1044 1157/1218/1157 1158/1219/1158 1159/1220/1159
f 1150/1211/1150 1149/1210/1149 1158/1219/1158 1152/1213/1152
f 1160/1221/1160 1159/1220/1159 1158/1219/1158 1149/1210/1149
f 1041/1102/1041 1159/1220/1159 1160/1221/1160 59/62/59
f 1147/1208/1147 1146/1207/1146 1160/1221/1160 1149/1210/1149
f 54/57/54 59/62/59 1160/1221/1160 1146/1207/1146
f 1042/1103/1042 1044/1105/1044 1159/1220/1159 1041/1102/1041
f 1048/1109/1048 1050/1111/1050 1156/1217/1156 1047/1108/1047
f 60/63/60 63/66/63 1156/1217/1156 1050/1111/1050
f 1045/1106/1045 1047/1108/1047 1157/1218/1157 1044/1105/1044
f 53/56/53 54/57/54 1146/1207/1146 1144/1205/1144
f 52/55/52 53/56/53 1142/1203/1142 1141/1202/1141
f 49/52/49 52/55/52 1141/1202/1141 1134/1195/1134
f 1135/1196/1135 1134/1195/1134 1141/1202/1141 1137/1198/1137
f 1161/1222/1161 49/52/49 1134/1195/1134 1132/1193/1132
f 50/53/50 49/52/49 1161/1222/1161 1162/1223/1162
f 1129/1190/1129 1163/1224/1163 1161/1222/1161 1132/1193/1132
f 1164/1225/1164 1162/1223/1162 1161/1222/1161 1163/1224/1163
f 1165/1226/1165 1162/1223/1162 1164/1225/1164 1166/1227/1166
f 1167/1228/1167 1168/1229/1168 1164/1225/1164 1163/1224/1163
f 1169/1230/1169 1166/1227/1166 1164/1225/1164 1168/1229/1168
f 1170/1231/1170 1166/1227/1166 1169/1230/1169 1171/1232/1171
f 1172/1233/1172 1173/1234/1173 1169/1230/1169 1168/1229/1168
f 1174/1235/1174 1171/1232/1171 1169/1230/1169 1173/1234/1173
f 1175/1236/1175 1171/1232/1171 1174/1235/1174 1176/1237/1176
f 1177/1238/1177 1178/1239/1178 1174/1235/1174 1173/1234/1173
f 1179/1240/1179 1176/1237/1176 1174/1235/1174 1178/1239/1178
f 1180/1241/1180 1176/1237/1176 1179/1240/1179 1181/1242/1181
f 1182/1243/1182 1183/1244/1183 1179/1240/1179 1178/1239/1178
f 1184/1245/1184 1181/1242/1181 1179/1240/1179 1183/1244/1183
f 1185/1246/1185 1181/1242/1181 1184/1245/1184 1186/1247/1186
f 647/682/647 646/681/646 1184/1245/1184 1183/1244/1183
f 1187/1248/1187 1186/1247/1186 1184/1245/1184 646/681/646
f 644/679/644 643/678/643 1187/1248/1187 646/681/646
f 1188/1249/1188 1189/1250/1189 1187/1248/1187 643/678/643
f 1190/1251/1190 1186/1247/1186 1187/1248/1187 1189/1250/1189
f 1191/1252/1191 1192/1253/1192 1190/1251/1190 1189/1250/1189
f 1193/1254/1193 1194/1255/1194 1190/1251/1190 1192/1253/1192
f 1185/1246/1185 1186/1247/1186 1190/1251/1190 1194/1255/1194
f 1195/1256/1195 1196/1257/1196 1194/1255/1194 1193/1254/1193
f 1197/1258/1197 1185/1246/1185 1194/1255/1194 1196/1257/1196
f 38/41/38 1198/1259/1198 1197/1258/1197 1196/1257/1196
f 1199/1260/1199 1180/1241/1180 1197/1258/1197 1198/1259/1198
f 1181/1242/1181 1185/1246/1185 1197/1258/1197 1180/1241/1180
f 1029/1090/1029 1028/1089/1028 1199/1260/1199 1198/1259/1198
f 1200/1261/1200 1175/1236/1175 1199/1260/1199 1028/1089/1028
f 1176/1237/1176 1180/1241/1180 1199/1260/1199 1175/1236/1175
f 1030/1091/1030 1032/1093/1032 1200/1261/1200 1028/1089/1028
f 1201/1262/1201 1170/1231/1170 1200/1261/1200 1032/1093/1032
f 1171/1232/1171 1175/1236/1175 1200/1261/1200 1170/1231/1170
f 1033/1094/1033 1035/1096/1035 1201/1262/1201 1032/1093/1032
f 55/58/55 1165/1226/1165 1201/1262/1201 1035/1096/1035
f 1166/1227/1166 1170/1231/1170 1201/1262/1201 1165/1226/1165
f 41/44/41 1029/1090/1029 1198/1259/1198 38/41/38
f 39/42/39 38/41/38 1196/1257/1196 1195/1256/1195
f 783/826/783 782/825/782 1195/1256/1195 1193/1254/1193
f 42/45/42 39/42/39 1195/1256/1195 782/825/782
f 30/32/30 783/826/783 1193/1254/1193 1192/1253/1192
f 25/29/25 30/32/30 1192/1253/1192 1191/1252/1191
f 1188/1249/1188 1202/1263/1202 1191/1252/1191 1189/1250/1189
f 28/30/28 25/29/25 1191/1252/1191 1202/1263/1202
f 639/674/639 1203/1264/1203 1202/1263/1202 1188/1249/1188
f 1204/1265/1204 28/30/28 1202/1263/1202 1203/1264/1203
f 1205/1266/1205 1206/1267/1206 1204/1265/1204 1203/1264/1203
f 1207/1268/1207 1208/1269/1208 1204/1265/1204 1206/1267/1206
f 27/27/27 28/30/28 1204/1265/1204 1208/1269/1208
f 1209/1270/1209 1210/1271/1210 1208/1269/1208 1207/1268/1207
f 1211/1272/1211 27/27/27 1208/1269/1208 1210/1271/1210
f 1212/1273/1212 1213/1274/1213 1211/1272/1211 1210/1271/1210
f 402/424/402 1214/1275/1214 1211/1272/1211 1213/1274/1213
f 26/28/26 27/27/27 1211/1272/1211 1214/1275/1214
f 403/430/403 407/431/407 1214/1276/1214 402/1277/402
f 23/23/23 26/26/26 1214/1276/1214 407/431/407
f 1215/1278/1215 397/417/397 1213/1274/1213 1212/1273/1212
f 398/418/398 402/424/402 1213/1274/1213 397/417/397
f 1216/1279/1216 1217/1280/1217 1215/1278/1215 1212/1273/1212
f 1218/1281/1218 392/409/392 1215/1278/1215 1217/1280/1217
f 393/410/393 397/417/397 1215/1278/1215 392/409/392
f 1219/1282/1219 1220/1283/1220 1218/1281/1218 1217/1280/1217
f 1221/1284/1221 387/404/387 1218/1281/1218 1220/1283/1220
f 388/405/388 392/409/392 1218/1281/1218 387/404/387
f 1222/1285/1222 1223/1286/1223 1221/1284/1221 1220/1283/1220
f 1224/1287/1224 382/399/382 1221/1284/1221 1223/1286/1223
f 383/400/383 387/404/387 1221/1284/1221 382/399/382
f 1225/1288/1225 1226/1289/1226 1224/1287/1224 1223/1286/1223
f 1227/1290/1227 377/394/377 1224/1287/1224 1226/1289/1226
f 378/395/378 382/399/382 1224/1287/1224 377/394/377
f 1228/1291/1228 1229/1292/1229 1227/1290/1227 1226/1289/1226
f 1230/1293/1230 372/389/372 1227/1290/1227 1229/1292/1229
f 373/390/373 377/394/377 1227/1290/1227 372/389/372
f 1231/1294/1231 1232/1295/1232 1230/1293/1230 1229/1292/1229
f 1233/1296/1233 367/384/367 1230/1293/1230 1232/1295/1232
f 368/385/368 372/389/372 1230/1293/1230 367/384/367
f 1234/1297/1234 1235/1298/1235 1233/1296/1233 1232/1295/1232
f 1236/1299/1236 362/379/362 1233/1296/1233 1235/1298/1235
f 363/380/363 367/384/367 1233/1296/1233 362/379/362
f 1237/1300/1237 1238/1301/1238 1236/1299/1236 1235/1298/1235
f 1239/1302/1239 357/374/357 1236/1299/1236 1238/1301/1238
f 358/375/358 362/379/362 1236/1299/1236 357/374/357
f 1240/1303/1240 1241/1304/1241 1239/1302/1239 1238/1301/1238
f 1242/1305/1242 352/369/352 1239/1302/1239 1241/1304/1241
f 353/370/353 357/374/357 1239/1302/1239 352/369/352
f 1243/1306/1243 1244/1307/1244 1242/1305/1242 1241/1304/1241
f 1245/1308/1245 347/364/347 1242/1305/1242 1244/1307/1244
f 348/365/348 352/369/352 1242/1305/1242 347/364/347
f 1246/1309/1246 1247/1310/1247 1245/1308/1245 1244/1307/1244
f 1248/1311/1248 342/359/342 1245/1308/1245 1247/1310/1247
f 343/360/343 347/364/347 1245/1308/1245 342/359/342
f 1249/1312/1249 1250/1313/1250 1248/1311/1248 1247/1310/1247
f 1251/1314/1251 337/354/337 1248/1311/1248 1250/1313/1250
f 338/355/338 342/359/342 1248/1311/1248 337/354/337
f 1252/1315/1252 1253/1316/1253 1251/1314/1251 1250/1313/1250
f 1254/1317/1254 332/346/332 1251/1314/1251 1253/1316/1253
f 333/349/333 337/354/337 1251/1314/1251 332/346/332
f 1255/1318/1255 1256/1319/1256 1254/1317/1254 1253/1316/1253
f 1257/1320/1257 327/1321/327 1254/1317/1254 1256/1319/1256
f 328/347/328 332/346/332 1254/1317/1254 327/1321/327
f 1258/1322/1258 1259/1323/1259 1257/1320/1257 1256/1319/1256
f 1260/1324/1260 322/336/322 1257/1325/1257 1259/1326/1259
f 323/337/323 327/341/327 1257/1325/1257 322/336/322
f 1261/1327/1261 1262/1328/1262 1260/1324/1260 1259/1326/1259
f 1263/1329/1263 317/331/317 1260/1324/1260 1262/1328/1262
f 318/332/318 322/336/322 1260/1324/1260 317/331/317
f 1264/1330/1264 1265/1331/1265 1263/1329/1263 1262/1328/1262
f 1266/1332/1266 312/326/312 1263/1329/1263 1265/1331/1265
f 313/327/313 317/331/317 1263/1329/1263 312/326/312
f 1267/1333/1267 1268/1334/1268 1266/1332/1266 1265/1331/1265
f 1269/1335/1269 307/321/307 1266/1332/1266 1268/1334/1268
f 308/322/308 312/326/312 1266/1332/1266 307/321/307
f 1270/1336/1270 1271/1337/1271 1269/1335/1269 1268/1334/1268
f 1272/1338/1272 302/316/302 1269/1335/1269 1271/1337/1271
f 303/317/303 307/321/307 1269/1335/1269 302/316/302
f 1273/1339/1273 1274/1340/1274 1272/1338/1272 1271/1337/1271
f 1275/1341/1275 297/311/297 1272/1338/1272 1274/1340/1274
f 298/312/298 302/316/302 1272/1338/1272 297/311/297
f 1276/1342/1276 1277/1343/1277 1275/1341/1275 1274/1340/1274
f 1278/1344/1278 292/306/292 1275/1341/1275 1277/1343/1277
f 293/307/293 297/311/297 1275/1341/1275 292/306/292
f 1279/1345/1279 1280/1346/1280 1278/1344/1278 1277/1343/1277
f 1281/1347/1281 287/301/287 1278/1344/1278 1280/1346/1280
f 288/302/288 292/306/292 1278/1344/1278 287/301/287
f 1282/1348/1282 1283/1349/1283 1281/1347/1281 1280/1346/1280
f 1284/1350/1284 282/296/282 1281/1347/1281 1283/1349/1283
f 283/297/283 287/301/287 1281/1347/1281 282/296/282
f 1285/1351/1285 1286/1352/1286 1284/1350/1284 1283/1349/1283
f 1287/1353/1287 277/291/277 1284/1350/1284 1286/1352/1286
f 278/292/278 282/296/282 1284/1350/1284 277/291/277
f 1288/1354/1288 1289/1355/1289 1287/1353/1287 1286/1352/1286
f 1290/1356/1290 272/286/272 1287/1353/1287 1289/1355/1289
f 273/287/273 277/291/277 1287/1353/1287 272/286/272
f 1291/1357/1291 1292/1358/1292 1290/1356/1290 1289/1355/1289
f 1293/1359/1293 267/281/267 1290/1356/1290 1292/1358/1292
f 268/282/268 272/286/272 1290/1356/1290 267/281/267
f 1294/1360/1294 1295/1361/1295 1293/1359/1293 1292/1358/1292
f 1296/1362/1296 262/276/262 1293/1359/1293 1295/1361/1295
f 263/277/263 267/281/267 1293/1359/1293 262/276/262
f 1297/1363/1297 1298/1364/1298 1296/1362/1296 1295/1361/1295
f 1299/1365/1299 257/271/257 1296/1362/1296 1298/1364/1298
f 258/272/258 262/276/262 1296/1362/1296 257/271/257
f 1300/1366/1300 1301/1367/1301 1299/1365/1299 1298/1364/1298
f 1302/1368/1302 252/266/252 1299/1365/1299 1301/1367/1301
f 253/267/253 257/271/257 1299/1365/1299 252/266/252
f 1303/1369/1303 1304/1370/1304 1302/1368/1302 1301/1367/1301
f 1305/1371/1305 247/261/247 1302/1368/1302 1304/1370/1304
f 248/262/248 252/266/252 1302/1368/1302 247/261/247
f 1306/1372/1306 1307/1373/1307 1305/1371/1305 1304/1370/1304
f 1308/1374/1308 242/256/242 1305/1371/1305 1307/1373/1307
f 243/257/243 247/261/247 1305/1371/1305 242/256/242
f 1309/1375/1309 1310/1376/1310 1308/1374/1308 1307/1373/1307
f 1311/1377/1311 237/251/237 1308/1374/1308 1310/1376/1310
f 238/252/238 242/256/242 1308/1374/1308 237/251/237
f 1312/1378/1312 1313/1379/1313 1311/1380/1311 1310/1381/1310
f 1314/1382/1314 232/1383/232 1311/1380/1311 1313/1379/1313
f 233/247/233 237/251/237 1311/1377/1311 232/246/232
f 1315/1384/1315 1316/1385/1316 1314/1382/1314 1313/1379/1313
f 1317/1386/1317 227/239/227 1314/1382/1314 1316/1385/1316
f 228/240/228 232/1383/232 1314/1382/1314 227/239/227
f 1318/1387/1318 1319/1388/1319 1317/1386/1317 1316/1385/1316
f 1320/1389/1320 222/232/222 1317/1386/1317 1319/1388/1319
f 223/233/223 227/239/227 1317/1386/1317 222/232/222
f 1321/1390/1321 1322/1391/1322 1320/1389/1320 1319/1388/1319
f 1323/1392/1323 217/225/217 1320/1389/1320 1322/1391/1322
f 218/226/218 222/232/222 1320/1389/1320 217/225/217
f 1324/1393/1324 1325/1394/1325 1323/1392/1323 1322/1391/1322
f 1326/1395/1326 212/218/212 1323/1392/1323 1325/1394/1325
f 213/219/213 217/225/217 1323/1392/1323 212/218/212
f 1327/1396/1327 1328/1397/1328 1326/1395/1326 1325/1394/1325
f 1329/1398/1329 207/210/207 1326/1395/1326 1328/1397/1328
f 208/213/208 212/218/212 1326/1395/1326 207/210/207
f 1330/1399/1330 1331/1400/1331 1329/1398/1329 1328/1397/1328
f 1332/1401/1332 202/1402/202 1329/1398/1329 1331/1400/1331
f 203/211/203 207/210/207 1329/1398/1329 202/1402/202
f 1333/1403/1333 1334/1404/1334 1332/1401/1332 1331/1400/1331
f 1335/1405/1335 198/201/198 1332/1406/1332 1334/1407/1334
f 199/202/199 202/205/202 1332/1406/1332 198/201/198
f 1336/1408/1336 1337/1409/1337 1335/1405/1335 1334/1407/1334
f 1338/1410/1338 193/196/193 1335/1405/1335 1337/1409/1337
f 195/198/195 198/201/198 1335/1405/1335 193/196/193
f 1339/1411/1339 1340/1412/1340 1338/1410/1338 1337/1409/1337
f 35/38/35 1341/1413/1341 1338/1410/1338 1340/1412/1340
f 194/197/194 193/196/193 1338/1410/1338 1341/1413/1341
f 32/35/32 1342/1414/1342 1341/1413/1341 35/38/35
f 196/199/196 194/197/194 1341/1413/1341 1342/1414/1342
f 31/34/31 1343/1415/1343 1342/1414/1342 32/35/32
f 1344/1416/1344 196/199/196 1342/1414/1342 1343/1415/1343
f 1345/1417/1345 1346/1418/1346 1344/1416/1344 1343/1415/1343
f 1347/1419/1347 188/191/188 1344/1416/1344 1346/1418/1346
f 189/192/189 196/199/196 1344/1416/1344 188/191/188
f 1348/1420/1348 1349/1421/1349 1347/1419/1347 1346/1418/1346
f 1350/1422/1350 183/186/183 1347/1419/1347 1349/1421/1349
f 184/187/184 188/191/188 1347/1419/1347 183/186/183
f 1351/1423/1351 1352/1424/1352 1350/1422/1350 1349/1421/1349
f 1353/1425/1353 178/181/178 1350/1422/1350 1352/1424/1352
f 179/182/179 183/186/183 1350/1422/1350 178/181/178
f 1354/1426/1354 1355/1427/1355 1353/1425/1353 1352/1424/1352
f 1356/1428/1356 173/176/173 1353/1425/1353 1355/1427/1355
f 174/177/174 178/181/178 1353/1425/1353 173/176/173
f 1357/1429/1357 1358/1430/1358 1356/1428/1356 1355/1427/1355
f 1359/1431/1359 168/171/168 1356/1428/1356 1358/1430/1358
f 169/172/169 173/176/173 1356/1428/1356 168/171/168
f 1360/1432/1360 1361/1433/1361 1359/1431/1359 1358/1430/1358
f 1362/1434/1362 163/166/163 1359/1431/1359 1361/1433/1361
f 164/167/164 168/171/168 1359/1431/1359 163/166/163
f 1363/1435/1363 1364/1436/1364 1362/1434/1362 1361/1433/1361
f 1365/1437/1365 158/161/158 1362/1434/1362 1364/1436/1364
f 159/162/159 163/166/163 1362/1434/1362 158/161/158
f 1366/1438/1366 1367/1439/1367 1365/1440/1365 1364/1441/1364
f 1368/1442/1368 153/1443/153 1365/1440/1365 1367/1439/1367
f 154/157/154 158/161/158 1365/1437/1365 153/156/153
f 1369/1444/1369 1370/1445/1370 1368/1442/1368 1367/1439/1367
f 1371/1446/1371 148/151/148 1368/1447/1368 1370/1448/1370
f 149/152/149 153/156/153 1368/1447/1368 148/151/148
f 1372/1449/1372 1373/1450/1373 1371/1451/1371 1370/1445/1370
f 1374/1452/1374 143/1453/143 1371/1451/1371 1373/1450/1373
f 144/147/144 148/151/148 1371/1446/1371 143/146/143
f 1375/1454/1375 1376/1455/1376 1374/1452/1374 1373/1450/1373
f 1377/1456/1377 138/1457/138 1374/1452/1374 1376/1455/1376
f 139/142/139 143/146/143 1374/1458/1374 138/141/138
f 1378/1459/1378 1379/1460/1379 1377/1456/1377 1376/1455/1376
f 1380/1461/1380 133/136/133 1377/1462/1377 1379/1463/1379
f 134/137/134 138/141/138 1377/1462/1377 133/136/133
f 1381/1464/1381 1382/1465/1382 1380/1461/1380 1379/1463/1379
f 1383/1466/1383 128/131/128 1380/1461/1380 1382/1465/1382
f 129/132/129 133/136/133 1380/1461/1380 128/131/128
f 1384/1467/1384 1385/1468/1385 1383/1466/1383 1382/1465/1382
f 1386/1469/1386 123/126/123 1383/1466/1383 1385/1468/1385
f 124/127/124 128/131/128 1383/1466/1383 123/126/123
f 1387/1470/1387 1388/1471/1388 1386/1469/1386 1385/1468/1385
f 1389/1472/1389 118/121/118 1386/1469/1386 1388/1471/1388
f 119/122/119 123/126/123 1386/1469/1386 118/121/118
f 1390/1473/1390 1391/1474/1391 1389/1472/1389 1388/1471/1388
f 1392/1475/1392 113/116/113 1389/1472/1389 1391/1474/1391
f 114/117/114 118/121/118 1389/1472/1389 113/116/113
f 1393/1476/1393 1394/1477/1394 1392/1475/1392 1391/1474/1391
f 1395/1478/1395 108/111/108 1392/1475/1392 1394/1477/1394
f 109/112/109 113/116/113 1392/1475/1392 108/111/108
f 1396/1479/1396 1397/1480/1397 1395/1478/1395 1394/1477/1394
f 1398/1481/1398 103/106/103 1395/1478/1395 1397/1480/1397
f 104/107/104 108/111/108 1395/1478/1395 103/106/103
f 1399/1482/1399 1400/1483/1400 1398/1481/1398 1397/1480/1397
f 1401/1484/1401 98/101/98 1398/1481/1398 1400/1483/1400
f 99/102/99 103/106/103 1398/1481/1398 98/101/98
f 1402/1485/1402 1403/1486/1403 1401/1484/1401 1400/1483/1400
f 1404/1487/1404 93/96/93 1401/1484/1401 1403/1486/1403
f 94/97/94 98/101/98 1401/1484/1401 93/96/93
f 1405/1488/1405 1406/1489/1406 1404/1487/1404 1403/1486/1403
f 1407/1490/1407 88/91/88 1404/1487/1404 1406/1489/1406
f 89/92/89 93/96/93 1404/1487/1404 88/91/88
f 1408/1491/1408 1409/1492/1409 1407/1490/1407 1410/1493/1410
f 74/77/74 88/91/88 1407/1490/1407 1409/1492/1409
f 1411/1494/1411 1410/1493/1410 1407/1490/1407 1406/1489/1406
f 1412/1495/1412 1410/1493/1410 1411/1494/1411 1413/1496/1413
f 1405/1488/1405 45/48/45 1411/1494/1411 1406/1489/1406
f 48/51/48 1413/1496/1413 1411/1494/1411 45/48/45
f 290/304/290 289/303/289 1412/1495/1412 294/308/294
f 1408/1491/1408 1410/1493/1410 1412/1495/1412 289/303/289
f 1414/1497/1414 294/308/294 1412/1495/1412 1413/1496/1413
f 295/309/295 294/308/294 1414/1497/1414 299/313/299
f 48/51/48 1415/1498/1415 1414/1497/1414 1413/1496/1413
f 1416/1499/1416 299/313/299 1414/1497/1414 1415/1498/1415
f 300/314/300 299/313/299 1416/1499/1416 304/318/304
f 1417/1500/1417 1418/1501/1418 1416/1499/1416 1415/1498/1415
f 1419/1502/1419 304/318/304 1416/1499/1416 1418/1501/1418
f 305/319/305 304/318/304 1419/1502/1419 309/323/309
f 1420/1503/1420 1421/1504/1421 1419/1502/1419 1418/1501/1418
f 1422/1505/1422 309/323/309 1419/1502/1419 1421/1504/1421
f 310/324/310 309/323/309 1422/1505/1422 314/328/314
f 1423/1506/1423 1424/1507/1424 1422/1505/1422 1421/1504/1421
f 1425/1508/1425 314/328/314 1422/1505/1422 1424/1507/1424
f 315/329/315 314/328/314 1425/1508/1425 319/333/319
f 1426/1509/1426 1427/1510/1427 1425/1508/1425 1424/1507/1424
f 1428/1511/1428 319/333/319 1425/1508/1425 1427/1510/1427
f 320/334/320 319/333/319 1428/1511/1428 324/338/324
f 1429/1512/1429 1430/1513/1430 1428/1511/1428 1427/1510/1427
f 1431/1514/1431 324/338/324 1428/1511/1428 1430/1513/1430
f 325/339/325 324/338/324 1431/1514/1431 329/343/329
f 1432/1515/1432 1433/1516/1433 1431/1514/1431 1430/1513/1430
f 1434/1517/1434 329/343/329 1431/1514/1431 1433/1516/1433
f 330/352/330 329/1518/329 1434/1519/1434 334/350/334
f 1435/1520/1435 1436/1521/1436 1434/1517/1434 1433/1516/1433
f 1437/1522/1437 334/350/334 1434/1519/1434 1436/1523/1436
f 335/351/335 334/350/334 1437/1522/1437 339/356/339
f 1438/1524/1438 1439/1525/1439 1437/1522/1437 1436/1523/1436
f 1440/1526/1440 339/356/339 1437/1522/1437 1439/1525/1439
f 340/357/340 339/356/339 1440/1526/1440 344/361/344
f 1441/1527/1441 1442/1528/1442 1440/1526/1440 1439/1525/1439
f 1443/1529/1443 344/361/344 1440/1526/1440 1442/1528/1442
f 345/362/345 344/361/344 1443/1529/1443 349/366/349
f 1444/1530/1444 1445/1531/1445 1443/1529/1443 1442/1528/1442
f 1446/1532/1446 349/366/349 1443/1529/1443 1445/1531/1445
f 350/367/350 349/366/349 1446/1532/1446 354/371/354
f 1447/1533/1447 1448/1534/1448 1446/1532/1446 1445/1531/1445
f 1449/1535/1449 354/371/354 1446/1532/1446 1448/1534/1448
f 355/372/355 354/371/354 1449/1535/1449 359/376/359
f 1450/1536/1450 1451/1537/1451 1449/1535/1449 1448/1534/1448
f 1452/1538/1452 359/376/359 1449/1535/1449 1451/1537/1451
f 360/377/360 359/376/359 1452/1538/1452 364/381/364
f 1453/1539/1453 1454/1540/1454 1452/1538/1452 1451/1537/1451
f 1455/1541/1455 364/381/364 1452/1538/1452 1454/1540/1454
f 365/382/365 364/381/364 1455/1541/1455 369/386/369
f 1456/1542/1456 1457/1543/1457 1455/1541/1455 1454/1540/1454
f 1458/1544/1458 369/386/369 1455/1541/1455 1457/1543/1457
f 370/387/370 369/386/369 1458/1544/1458 374/391/374
f 1459/1545/1459 1460/1546/1460 1458/1544/1458 1457/1543/1457
f 1461/1547/1461 374/391/374 1458/1544/1458 1460/1546/1460
f 375/392/375 374/391/374 1461/1547/1461 379/396/379
f 1462/1548/1462 1463/1549/1463 1461/1547/1461 1460/1546/1460
f 1464/1550/1464 379/396/379 1461/1547/1461 1463/1549/1463
f 380/397/380 379/396/379 1464/1550/1464 384/401/384
f 1465/1551/1465 1466/1552/1466 1464/1550/1464 1463/1549/1463
f 1467/1553/1467 384/401/384 1464/1550/1464 1466/1552/1466
f 385/402/385 384/401/384 1467/1553/1467 389/406/389
f 1468/1554/1468 1469/1555/1469 1467/1556/1467 1466/1557/1466
f 1470/1558/1470 389/1559/389 1467/1556/1467 1469/1555/1469
f 390/414/390 389/1559/389 1470/1558/1470 394/411/394
f 1471/1560/1471 1472/1561/1472 1470/1558/1470 1469/1555/1469
f 1473/1562/1473 394/411/394 1470/1558/1470 1472/1561/1472
f 395/412/395 394/411/394 1473/1562/1473 399/419/399
f 1474/1563/1474 1475/1564/1475 1473/1562/1473 1472/1561/1472
f 1476/1565/1476 399/419/399 1473/1562/1473 1475/1564/1475
f 400/420/400 399/419/399 1476/1565/1476 404/426/404
f 1477/1566/1477 1478/1567/1478 1476/1565/1476 1475/1564/1475
f 1479/1568/1479 404/426/404 1476/1565/1476 1478/1567/1478
f 405/427/405 404/426/404 1479/1568/1479 409/433/409
f 1480/1569/1480 1481/1570/1481 1479/1568/1479 1478/1567/1478
f 1482/1571/1482 409/433/409 1479/1568/1479 1481/1570/1481
f 410/434/410 409/433/409 1482/1571/1482 414/438/414
f 1483/1572/1483 1484/1573/1484 1482/1571/1482 1481/1570/1481
f 1485/1574/1485 414/438/414 1482/1571/1482 1484/1573/1484
f 415/439/415 414/438/414 1485/1574/1485 419/1575/419
f 1486/1576/1486 1487/1577/1487 1485/1574/1485 1484/1573/1484
f 1488/1578/1488 419/1575/419 1485/1574/1485 1487/1577/1487
f 420/446/420 419/445/419 1488/1579/1488 424/451/424
f 1489/1580/1489 1490/1581/1490 1488/1578/1488 1487/1577/1487
f 1491/1582/1491 424/451/424 1488/1579/1488 1490/1583/1490
f 425/452/425 424/451/424 1491/1582/1491 429/456/429
f 1492/1584/1492 1493/1585/1493 1491/1582/1491 1490/1583/1490
f 1494/1586/1494 429/456/429 1491/1582/1491 1493/1585/1493
f 430/457/430 429/456/429 1494/1586/1494 434/461/434
f 1495/1587/1495 1496/1588/1496 1494/1586/1494 1493/1585/1493
f 1497/1589/1497 434/461/434 1494/1586/1494 1496/1588/1496
f 435/462/435 434/461/434 1497/1589/1497 439/466/439
f 1498/1590/1498 1499/1591/1499 1497/1589/1497 1496/1588/1496
f 1500/1592/1500 439/466/439 1497/1589/1497 1499/1591/1499
f 440/467/440 439/466/439 1500/1592/1500 444/471/444
f 1501/1593/1501 1502/1594/1502 1500/1592/1500 1499/1591/1499
f 1503/1595/1503 444/471/444 1500/1592/1500 1502/1594/1502
f 445/472/445 444/471/444 1503/1595/1503 449/476/449
f 1504/1596/1504 1505/1597/1505 1503/1595/1503 1502/1594/1502
f 1506/1598/1506 449/476/449 1503/1595/1503 1505/1597/1505
f 450/477/450 449/476/449 1506/1598/1506 454/481/454
f 1507/1599/1507 1508/1600/1508 1506/1598/1506 1505/1597/1505
f 1509/1601/1509 454/481/454 1506/1598/1506 1508/1600/1508
f 455/482/455 454/481/454 1509/1601/1509 459/486/459
f 1510/1602/1510 1511/1603/1511 1509/1601/1509 1508/1600/1508
f 1512/1604/1512 459/486/459 1509/1601/1509 1511/1603/1511
f 460/487/460 459/486/459 1512/1604/1512 464/491/464
f 1513/1605/1513 1514/1606/1514 1512/1604/1512 1511/1603/1511
f 1515/1607/1515 464/491/464 1512/1604/1512 1514/1606/1514
f 465/492/465 464/491/464 1515/1607/1515 469/496/469
f 1516/1608/1516 1517/1609/1517 1515/1607/1515 1514/1606/1514
f 1518/1610/1518 469/496/469 1515/1607/1515 1517/1609/1517
f 470/497/470 469/496/469 1518/1610/1518 474/501/474
f 1519/1611/1519 1520/1612/1520 1518/1610/1518 1517/1609/1517
f 1521/1613/1521 474/501/474 1518/1610/1518 1520/1612/1520
f 475/502/475 474/501/474 1521/1613/1521 479/1614/479
f 1522/1615/1522 1523/1616/1523 1521/1617/1521 1520/1618/1520
f 1524/1619/1524 479/506/479 1521/1617/1521 1523/1616/1523
f 480/507/480 479/506/479 1524/1619/1524 484/514/484
f 1525/1620/1525 1526/1621/1526 1524/1619/1524 1523/1616/1523
f 1527/1622/1527 484/514/484 1524/1619/1524 1526/1621/1526
f 485/515/485 484/514/484 1527/1622/1527 489/519/489
f 1528/1623/1528 1529/1624/1529 1527/1622/1527 1526/1621/1526
f 1530/1625/1530 489/519/489 1527/1622/1527 1529/1624/1529
f 490/520/490 489/519/489 1530/1625/1530 494/524/494
f 1531/1626/1531 1532/1627/1532 1530/1625/1530 1529/1624/1529
f 1533/1628/1533 494/524/494 1530/1625/1530 1532/1627/1532
f 495/525/495 494/524/494 1533/1628/1533 499/529/499
f 1534/1629/1534 1535/1630/1535 1533/1628/1533 1532/1627/1532
f 1536/1631/1536 499/529/499 1533/1628/1533 1535/1630/1535
f 500/530/500 499/529/499 1536/1631/1536 504/534/504
f 1537/1632/1537 1538/1633/1538 1536/1631/1536 1535/1630/1535
f 1539/1634/1539 504/534/504 1536/1631/1536 1538/1633/1538
f 505/535/505 504/534/504 1539/1634/1539 509/539/509
f 1540/1635/1540 1541/1636/1541 1539/1634/1539 1538/1633/1538
f 1542/1637/1542 509/539/509 1539/1634/1539 1541/1636/1541
f 510/540/510 509/539/509 1542/1637/1542 514/544/514
f 1543/1638/1543 1544/1639/1544 1542/1637/1542 1541/1636/1541
f 1545/1640/1545 514/544/514 1542/1637/1542 1544/1639/1544
f 515/545/515 514/544/514 1545/1640/1545 519/549/519
f 1546/1641/1546 1547/1642/1547 1545/1640/1545 1544/1639/1544
f 1548/1643/1548 519/549/519 1545/1640/1545 1547/1642/1547
f 520/550/520 519/549/519 1548/1643/1548 524/554/524
f 1549/1644/1549 1550/1645/1550 1548/1643/1548 1547/1642/1547
f 1551/1646/1551 524/554/524 1548/1643/1548 1550/1645/1550
f 525/555/525 524/554/524 1551/1646/1551 529/559/529
f 1552/1647/1552 1553/1648/1553 1551/1646/1551 1550/1645/1550
f 1554/1649/1554 529/559/529 1551/1646/1551 1553/1648/1553
f 530/560/530 529/559/529 1554/1649/1554 534/564/534
f 1555/1650/1555 1556/1651/1556 1554/1649/1554 1553/1648/1553
f 1557/1652/1557 534/564/534 1554/1649/1554 1556/1651/1556
f 535/565/535 534/564/534 1557/1652/1557 539/569/539
f 1558/1653/1558 1559/1654/1559 1557/1652/1557 1556/1651/1556
f 1560/1655/1560 539/569/539 1557/1652/1557 1559/1654/1559
f 540/570/540 539/569/539 1560/1655/1560 544/574/544
f 1561/1656/1561 1562/1657/1562 1560/1655/1560 1559/1654/1559
f 1563/1658/1563 544/574/544 1560/1655/1560 1562/1657/1562
f 545/575/545 544/574/544 1563/1658/1563 549/579/549
f 1564/1659/1564 1565/1660/1565 1563/1658/1563 1562/1657/1562
f 1566/1661/1566 549/579/549 1563/1658/1563 1565/1660/1565
f 550/580/550 549/579/549 1566/1661/1566 554/584/554
f 1567/1662/1567 1568/1663/1568 1566/1664/1566 1565/1665/1565
f 1569/1666/1569 554/584/554 1566/1661/1566 1568/1667/1568
f 555/585/555 554/584/554 1569/1666/1569 559/589/559
f 1570/1668/1570 1571/1669/1571 1569/1670/1569 1568/1663/1568
f 1572/1671/1572 559/1672/559 1569/1670/1569 1571/1669/1571
f 560/597/560 559/1672/559 1572/1671/1572 564/594/564
f 1573/1673/1573 1574/1674/1574 1572/1671/1572 1571/1669/1571
f 1575/1675/1575 564/594/564 1572/1671/1572 1574/1674/1574
f 565/595/565 564/594/564 1575/1675/1575 569/602/569
f 1576/1676/1576 1577/1677/1577 1575/1675/1575 1574/1674/1574
f 1578/1678/1578 569/602/569 1575/1675/1575 1577/1677/1577
f 570/603/570 569/602/569 1578/1678/1578 574/609/574
f 1579/1679/1579 1580/1680/1580 1578/1678/1578 1577/1677/1577
f 1581/1681/1581 574/609/574 1578/1678/1578 1580/1680/1580
f 575/610/575 574/609/574 1581/1681/1581 579/614/579
f 1582/1682/1582 1583/1683/1583 1581/1681/1581 1580/1680/1580
f 1584/1684/1584 579/614/579 1581/1681/1581 1583/1683/1583
f 580/615/580 579/614/579 1584/1684/1584 584/619/584
f 1585/1685/1585 1586/1686/1586 1584/1684/1584 1583/1683/1583
f 1587/1687/1587 584/619/584 1584/1684/1584 1586/1686/1586
f 585/620/585 584/619/584 1587/1687/1587 589/624/589
f 1588/1688/1588 1589/1689/1589 1587/1687/1587 1586/1686/1586
f 1590/1690/1590 589/624/589 1587/1687/1587 1589/1689/1589
f 590/625/590 589/624/589 1590/1690/1590 594/629/594
f 1591/1691/1591 1592/1692/1592 1590/1690/1590 1589/1689/1589
f 1593/1693/1593 594/629/594 1590/1690/1590 1592/1692/1592
f 595/630/595 594/629/594 1593/1693/1593 599/634/599
f 1594/1694/1594 1595/1695/1595 1593/1693/1593 1592/1692/1592
f 1596/1696/1596 599/634/599 1593/1693/1593 1595/1695/1595
f 600/635/600 599/634/599 1596/1696/1596 604/639/604
f 1597/1697/1597 1598/1698/1598 1596/1696/1596 1595/1695/1595
f 1599/1699/1599 604/639/604 1596/1696/1596 1598/1698/1598
f 605/640/605 604/639/604 1599/1699/1599 609/644/609
f 1600/1700/1600 1601/1701/1601 1599/1699/1599 1598/1698/1598
f 1602/1702/1602 609/644/609 1599/1699/1599 1601/1701/1601
f 610/645/610 609/644/609 1602/1702/1602 614/649/614
f 1603/1703/1603 1604/1704/1604 1602/1702/1602 1601/1701/1601
f 1605/1705/1605 614/649/614 1602/1702/1602 1604/1704/1604
f 615/650/615 614/649/614 1605/1705/1605 619/654/619
f 1606/1706/1606 1607/1707/1607 1605/1705/1605 1604/1704/1604
f 1608/1708/1608 619/654/619 1605/1705/1605 1607/1707/1607
f 620/655/620 619/654/619 1608/1708/1608 624/659/624
f 1609/1709/1609 1610/1710/1610 1608/1708/1608 1607/1707/1607
f 1611/1711/1611 624/659/624 1608/1708/1608 1610/1710/1610
f 625/660/625 624/659/624 1611/1711/1611 629/664/629
f 1612/1712/1612 1613/1713/1613 1611/1711/1611 1610/1710/1610
f 1614/1714/1614 629/664/629 1611/1711/1611 1613/1713/1613
f 630/665/630 629/664/629 1614/1714/1614 634/669/634
f 1207/1268/1207 1206/1267/1206 1614/1714/1614 1613/1713/1613
f 1205/1266/1205 634/669/634 1614/1714/1614 1206/1267/1206
f 1209/1270/1209 1207/1268/1207 1613/1713/1613 1612/1712/1612
f 1609/1709/1609 1615/1715/1615 1612/1712/1612 1610/1710/1610
f 1216/1279/1216 1209/1270/1209 1612/1712/1612 1615/1715/1615
f 1616/1716/1616 1219/1282/1219 1615/1715/1615 1609/1709/1609
f 1217/1280/1217 1216/1279/1216 1615/1715/1615 1219/1282/1219
f 1607/1707/1607 1606/1706/1606 1616/1716/1616 1609/1709/1609
f 1617/1717/1617 1222/1285/1222 1616/1716/1616 1606/1706/1606
f 1220/1283/1220 1219/1282/1219 1616/1716/1616 1222/1285/1222
f 1604/1704/1604 1603/1703/1603 1617/1717/1617 1606/1706/1606
f 1618/1718/1618 1225/1288/1225 1617/1717/1617 1603/1703/1603
f 1223/1286/1223 1222/1285/1222 1617/1717/1617 1225/1288/1225
f 1601/1701/1601 1600/1700/1600 1618/1718/1618 1603/1703/1603
f 1619/1719/1619 1228/1291/1228 1618/1718/1618 1600/1700/1600
f 1226/1289/1226 1225/1288/1225 1618/1718/1618 1228/1291/1228
f 1598/1698/1598 1597/1697/1597 1619/1719/1619 1600/1700/1600
f 1620/1720/1620 1231/1294/1231 1619/1719/1619 1597/1697/1597
f 1229/1292/1229 1228/1291/1228 1619/1719/1619 1231/1294/1231
f 1595/1695/1595 1594/1694/1594 1620/1720/1620 1597/1697/1597
f 1621/1721/1621 1234/1297/1234 1620/1720/1620 1594/1694/1594
f 1232/1295/1232 1231/1294/1231 1620/1720/1620 1234/1297/1234
f 1592/1692/1592 1591/1691/1591 1621/1721/1621 1594/1694/1594
f 1622/1722/1622 1237/1300/1237 1621/1721/1621 1591/1691/1591
f 1235/1298/1235 1234/1297/1234 1621/1721/1621 1237/1300/1237
f 1589/1689/1589 1588/1688/1588 1622/1722/1622 1591/1691/1591
f 1623/1723/1623 1240/1303/1240 1622/1722/1622 1588/1688/1588
f 1238/1301/1238 1237/1300/1237 1622/1722/1622 1240/1303/1240
f 1586/1686/1586 1585/1685/1585 1623/1723/1623 1588/1688/1588
f 1624/1724/1624 1243/1306/1243 1623/1723/1623 1585/1685/1585
f 1241/1304/1241 1240/1303/1240 1623/1723/1623 1243/1306/1243
f 1583/1683/1583 1582/1682/1582 1624/1724/1624 1585/1685/1585
f 1625/1725/1625 1246/1309/1246 1624/1724/1624 1582/1682/1582
f 1244/1307/1244 1243/1306/1243 1624/1724/1624 1246/1309/1246
f 1580/1680/1580 1579/1679/1579 1625/1725/1625 1582/1682/1582
f 1626/1726/1626 1249/1312/1249 1625/1725/1625 1579/1679/1579
f 1247/1310/1247 1246/1309/1246 1625/1725/1625 1249/1312/1249
f 1577/1677/1577 1576/1676/1576 1626/1726/1626 1579/1679/1579
f 1627/1727/1627 1252/1315/1252 1626/1726/1626 1576/1676/1576
f 1250/1313/1250 1249/1312/1249 1626/1726/1626 1252/1315/1252
f 1574/1674/1574 1573/1673/1573 1627/1727/1627 1576/1676/1576
f 1628/1728/1628 1255/1318/1255 1627/1727/1627 1573/1673/1573
f 1253/1316/1253 1252/1315/1252 1627/1727/1627 1255/1318/1255
f 1571/1669/1571 1570/1668/1570 1628/1728/1628 1573/1673/1573
f 1629/1729/1629 1258/1322/1258 1628/1728/1628 1570/1668/1570
f 1256/1319/1256 1255/1318/1255 1628/1728/1628 1258/1322/1258
f 1568/1663/1568 1567/1662/1567 1629/1729/1629 1570/1668/1570
f 1630/1730/1630 1261/1731/1261 1629/1729/1629 1567/1662/1567
f 1259/1323/1259 1258/1322/1258 1629/1729/1629 1261/1731/1261
f 1565/1660/1565 1564/1659/1564 1630/1732/1630 1567/1733/1567
f 1631/1734/1631 1264/1330/1264 1630/1732/1630 1564/1659/1564
f 1262/1328/1262 1261/1327/1261 1630/1732/1630 1264/1330/1264
f 1562/1657/1562 1561/1656/1561 1631/1734/1631 1564/1659/1564
f 1632/1735/1632 1267/1333/1267 1631/1734/1631 1561/1656/1561
f 1265/1331/1265 1264/1330/1264 1631/1734/1631 1267/1333/1267
f 1559/1654/1559 1558/1653/1558 1632/1735/1632 1561/1656/1561
f 1633/1736/1633 1270/1336/1270 1632/1735/1632 1558/1653/1558
f 1268/1334/1268 1267/1333/1267 1632/1735/1632 1270/1336/1270
f 1556/1651/1556 1555/1650/1555 1633/1736/1633 1558/1653/1558
f 1634/1737/1634 1273/1339/1273 1633/1736/1633 1555/1650/1555
f 1271/1337/1271 1270/1336/1270 1633/1736/1633 1273/1339/1273
f 1553/1648/1553 1552/1647/1552 1634/1737/1634 1555/1650/1555
f 1635/1738/1635 1276/1342/1276 1634/1737/1634 1552/1647/1552
f 1274/1340/1274 1273/1339/1273 1634/1737/1634 1276/1342/1276
f 1550/1645/1550 1549/1644/1549 1635/1738/1635 1552/1647/1552
f 1636/1739/1636 1279/1345/1279 1635/1738/1635 1549/1644/1549
f 1277/1343/1277 1276/1342/1276 1635/1738/1635 1279/1345/1279
f 1547/1642/1547 1546/1641/1546 1636/1739/1636 1549/1644/1549
f 1637/1740/1637 1282/1348/1282 1636/1739/1636 1546/1641/1546
f 1280/1346/1280 1279/1345/1279 1636/1739/1636 1282/1348/1282
f 1544/1639/1544 1543/1638/1543 1637/1740/1637 1546/1641/1546
f 1638/1741/1638 1285/1351/1285 1637/1740/1637 1543/1638/1543
f 1283/1349/1283 1282/1348/1282 1637/1740/1637 1285/1351/1285
f 1541/1636/1541 1540/1635/1540 1638/1741/1638 1543/1638/1543
f 1639/1742/1639 1288/1354/1288 1638/1741/1638 1540/1635/1540
f 1286/1352/1286 1285/1351/1285 1638/1741/1638 1288/1354/1288
f 1538/1633/1538 1537/1632/1537 1639/1742/1639 1540/1635/1540
f 1640/1743/1640 1291/1357/1291 1639/1742/1639 1537/1632/1537
f 1289/1355/1289 1288/1354/1288 1639/1742/1639 1291/1357/1291
f 1535/1630/1535 1534/1629/1534 1640/1743/1640 1537/1632/1537
f 1641/1744/1641 1294/1360/1294 1640/1743/1640 1534/1629/1534
f 1292/1358/1292 1291/1357/1291 1640/1743/1640 1294/1360/1294
f 1532/1627/1532 1531/1626/1531 1641/1744/1641 1534/1629/1534
f 1642/1745/1642 1297/1363/1297 1641/1744/1641 1531/1626/1531
f 1295/1361/1295 1294/1360/1294 1641/1744/1641 1297/1363/1297
f 1529/1624/1529 1528/1623/1528 1642/1745/1642 1531/1626/1531
f 1643/1746/1643 1300/1366/1300 1642/1745/1642 1528/1623/1528
f 1298/1364/1298 1297/1363/1297 1642/1745/1642 1300/1366/1300
f 1526/1621/1526 1525/1620/1525 1643/1746/1643 1528/1623/1528
f 1644/1747/1644 1303/1369/1303 1643/1746/1643 1525/1620/1525
f 1301/1367/1301 1300/1366/1300 1643/1746/1643 1303/1369/1303
f 1523/1616/1523 1522/1615/1522 1644/1747/1644 1525/1620/1525
f 1645/1748/1645 1306/1372/1306 1644/1747/1644 1522/1615/1522
f 1304/1370/1304 1303/1369/1303 1644/1747/1644 1306/1372/1306
f 1520/1612/1520 1519/1611/1519 1645/1749/1645 1522/1750/1522
f 1646/1751/1646 1309/1752/1309 1645/1749/1645 1519/1611/1519
f 1307/1373/1307 1306/1372/1306 1645/1748/1645 1309/1375/1309
f 1517/1609/1517 1516/1608/1516 1646/1751/1646 1519/1611/1519
f 1647/1753/1647 1312/1378/1312 1646/1751/1646 1516/1608/1516
f 1310/1381/1310 1309/1752/1309 1646/1751/1646 1312/1378/1312
f 1514/1606/1514 1513/1605/1513 1647/1753/1647 1516/1608/1516
f 1648/1754/1648 1315/1384/1315 1647/1753/1647 1513/1605/1513
f 1313/1379/1313 1312/1378/1312 1647/1753/1647 1315/1384/1315
f 1511/1603/1511 1510/1602/1510 1648/1754/1648 1513/1605/1513
f 1649/1755/1649 1318/1387/1318 1648/1754/1648 1510/1602/1510
f 1316/1385/1316 1315/1384/1315 1648/1754/1648 1318/1387/1318
f 1508/1600/1508 1507/1599/1507 1649/1755/1649 1510/1602/1510
f 1650/1756/1650 1321/1390/1321 1649/1755/1649 1507/1599/1507
f 1319/1388/1319 1318/1387/1318 1649/1755/1649 1321/1390/1321
f 1505/1597/1505 1504/1596/1504 1650/1756/1650 1507/1599/1507
f 1651/1757/1651 1324/1393/1324 1650/1756/1650 1504/1596/1504
f 1322/1391/1322 1321/1390/1321 1650/1756/1650 1324/1393/1324
f 1502/1594/1502 1501/1593/1501 1651/1757/1651 1504/1596/1504
f 1652/1758/1652 1327/1396/1327 1651/1757/1651 1501/1593/1501
f 1325/1394/1325 1324/1393/1324 1651/1757/1651 1327/1396/1327
f 1499/1591/1499 1498/1590/1498 1652/1758/1652 1501/1593/1501
f 1653/1759/1653 1330/1399/1330 1652/1758/1652 1498/1590/1498
f 1328/1397/1328 1327/1396/1327 1652/1758/1652 1330/1399/1330
f 1496/1588/1496 1495/1587/1495 1653/1759/1653 1498/1590/1498
f 1654/1760/1654 1333/1403/1333 1653/1759/1653 1495/1587/1495
f 1331/1400/1331 1330/1399/1330 1653/1759/1653 1333/1403/1333
f 1493/1585/1493 1492/1584/1492 1654/1760/1654 1495/1587/1495
f 1655/1761/1655 1336/1762/1336 1654/1760/1654 1492/1584/1492
f 1334/1404/1334 1333/1403/1333 1654/1760/1654 1336/1762/1336
f 1490/1583/1490 1489/1763/1489 1655/1761/1655 1492/1584/1492
f 1656/1764/1656 1339/1411/1339 1655/1765/1655 1489/1580/1489
f 1337/1409/1337 1336/1408/1336 1655/1765/1655 1339/1411/1339
f 1487/1577/1487 1486/1576/1486 1656/1764/1656 1489/1580/1489
f 1657/1766/1657 1658/1767/1658 1656/1764/1656 1486/1576/1486
f 1340/1412/1340 1339/1411/1339 1656/1764/1656 1658/1767/1658
f 37/40/37 36/39/36 1658/1767/1658 1657/1766/1657
f 35/38/35 1340/1412/1340 1658/1767/1658 36/39/36
f 1484/1573/1484 1483/1572/1483 1657/1766/1657 1486/1576/1486
f 1659/1768/1659 37/40/37 1657/1766/1657 1483/1572/1483
f 1481/1570/1481 1480/1569/1480 1659/1768/1659 1483/1572/1483
f 1660/1769/1660 1661/1770/1661 1659/1768/1659 1480/1569/1480
f 34/37/34 37/40/37 1659/1768/1659 1661/1770/1661
f 1662/1771/1662 1663/1772/1663 1661/1770/1661 1660/1769/1660
f 31/34/31 34/37/34 1661/1770/1661 1663/1772/1663
f 1664/1773/1664 1345/1417/1345 1663/1772/1663 1662/1771/1662
f 1343/1415/1343 31/34/31 1663/1772/1663 1345/1417/1345
f 1665/1774/1665 1666/1775/1666 1664/1773/1664 1662/1771/1662
f 1667/1776/1667 1348/1420/1348 1664/1773/1664 1666/1775/1666
f 1346/1418/1346 1345/1417/1345 1664/1773/1664 1348/1420/1348
f 1668/1777/1668 1669/1778/1669 1667/1776/1667 1666/1775/1666
f 1670/1779/1670 1351/1423/1351 1667/1776/1667 1669/1778/1669
f 1349/1421/1349 1348/1420/1348 1667/1776/1667 1351/1423/1351
f 1671/1780/1671 1672/1781/1672 1670/1779/1670 1669/1778/1669
f 1673/1782/1673 1354/1426/1354 1670/1779/1670 1672/1781/1672
f 1352/1424/1352 1351/1423/1351 1670/1779/1670 1354/1426/1354
f 1674/1783/1674 1675/1784/1675 1673/1782/1673 1672/1781/1672
f 1676/1785/1676 1357/1429/1357 1673/1782/1673 1675/1784/1675
f 1355/1427/1355 1354/1426/1354 1673/1782/1673 1357/1429/1357
f 1677/1786/1677 1678/1787/1678 1676/1785/1676 1675/1784/1675
f 1679/1788/1679 1360/1432/1360 1676/1785/1676 1678/1787/1678
f 1358/1430/1358 1357/1429/1357 1676/1785/1676 1360/1432/1360
f 1680/1789/1680 1681/1790/1681 1679/1791/1679 1678/1792/1678
f 1682/1793/1682 1363/1794/1363 1679/1791/1679 1681/1790/1681
f 1361/1433/1361 1360/1432/1360 1679/1788/1679 1363/1435/1363
f 1683/1795/1683 1684/1796/1684 1682/1793/1682 1681/1790/1681
f 1685/1797/1685 1366/1438/1366 1682/1793/1682 1684/1796/1684
f 1364/1441/1364 1363/1794/1363 1682/1793/1682 1366/1438/1366
f 1686/1798/1686 1687/1799/1687 1685/1797/1685 1684/1796/1684
f 1688/1800/1688 1369/1444/1369 1685/1797/1685 1687/1799/1687
f 1367/1439/1367 1366/1438/1366 1685/1797/1685 1369/1444/1369
f 1689/1801/1689 1690/1802/1690 1688/1800/1688 1687/1799/1687
f 1691/1803/1691 1372/1449/1372 1688/1800/1688 1690/1802/1690
f 1370/1445/1370 1369/1444/1369 1688/1800/1688 1372/1449/1372
f 1692/1804/1692 1693/1805/1693 1691/1803/1691 1690/1802/1690
f 1694/1806/1694 1375/1454/1375 1691/1803/1691 1693/1805/1693
f 1373/1450/1373 1372/1449/1372 1691/1803/1691 1375/1454/1375
f 1695/1807/1695 1696/1808/1696 1694/1806/1694 1693/1805/1693
f 1697/1809/1697 1378/1459/1378 1694/1806/1694 1696/1808/1696
f 1376/1455/1376 1375/1454/1375 1694/1806/1694 1378/1459/1378
f 1698/1810/1698 1699/1811/1699 1697/1809/1697 1696/1808/1696
f 1700/1812/1700 1381/1813/1381 1697/1809/1697 1699/1811/1699
f 1379/1460/1379 1378/1459/1378 1697/1809/1697 1381/1813/1381
f 1701/1814/1701 1702/1815/1702 1700/1812/1700 1699/1811/1699
f 1703/1816/1703 1384/1817/1384 1700/1812/1700 1702/1815/1702
f 1382/1465/1382 1381/1464/1381 1700/1818/1700 1384/1467/1384
f 1704/1819/1704 1705/1820/1705 1703/1816/1703 1702/1815/1702
f 1706/1821/1706 1387/1470/1387 1703/1822/1703 1705/1823/1705
f 1385/1468/1385 1384/1467/1384 1703/1822/1703 1387/1470/1387
f 1707/1824/1707 1708/1825/1708 1706/1821/1706 1705/1823/1705
f 1709/1826/1709 1390/1473/1390 1706/1821/1706 1708/1825/1708
f 1388/1471/1388 1387/1470/1387 1706/1821/1706 1390/1473/1390
f 1710/1827/1710 1711/1828/1711 1709/1826/1709 1708/1825/1708
f 1712/1829/1712 1393/1476/1393 1709/1826/1709 1711/1828/1711
f 1391/1474/1391 1390/1473/1390 1709/1826/1709 1393/1476/1393
f 1713/1830/1713 1714/1831/1714 1712/1829/1712 1711/1828/1711
f 1715/1832/1715 1396/1479/1396 1712/1829/1712 1714/1831/1714
f 1394/1477/1394 1393/1476/1393 1712/1829/1712 1396/1479/1396
f 1716/1833/1716 1717/1834/1717 1715/1832/1715 1714/1831/1714
f 1718/1835/1718 1399/1482/1399 1715/1832/1715 1717/1834/1717
f 1397/1480/1397 1396/1479/1396 1715/1832/1715 1399/1482/1399
f 1719/1836/1719 1720/1837/1720 1718/1835/1718 1717/1834/1717
f 1721/1838/1721 1402/1485/1402 1718/1835/1718 1720/1837/1720
f 1400/1483/1400 1399/1482/1399 1718/1835/1718 1402/1485/1402
f 1722/1839/1722 46/49/46 1721/1838/1721 1720/1837/1720
f 45/48/45 1405/1488/1405 1721/1838/1721 46/49/46
f 1403/1486/1403 1402/1485/1402 1721/1838/1721 1405/1488/1405
f 1418/1501/1418 1417/1500/1417 1722/1839/1722 1420/1503/1420
f 47/50/47 46/49/46 1722/1839/1722 1417/1500/1417
f 1719/1836/1719 1420/1503/1420 1722/1839/1722 1720/1837/1720
f 1421/1504/1421 1420/1503/1420 1719/1836/1719 1423/1506/1423
f 1716/1833/1716 1423/1506/1423 1719/1836/1719 1717/1834/1717
f 1424/1507/1424 1423/1506/1423 1716/1833/1716 1426/1509/1426
f 1713/1830/1713 1426/1509/1426 1716/1833/1716 1714/1831/1714
f 1427/1510/1427 1426/1509/1426 1713/1830/1713 1429/1512/1429
f 1710/1827/1710 1429/1512/1429 1713/1830/1713 1711/1828/1711
f 1430/1513/1430 1429/1512/1429 1710/1827/1710 1432/1515/1432
f 1707/1824/1707 1432/1515/1432 1710/1827/1710 1708/1825/1708
f 1433/1516/1433 1432/1515/1432 1707/1824/1707 1435/1520/1435
f 1704/1819/1704 1435/1840/1435 1707/1841/1707 1705/1820/1705
f 1436/1523/1436 1435/1840/1435 1704/1819/1704 1438/1524/1438
f 1701/1814/1701 1438/1524/1438 1704/1819/1704 1702/1815/1702
f 1439/1525/1439 1438/1524/1438 1701/1814/1701 1441/1527/1441
f 1698/1810/1698 1441/1527/1441 1701/1814/1701 1699/1811/1699
f 1442/1528/1442 1441/1527/1441 1698/1810/1698 1444/1530/1444
f 1695/1807/1695 1444/1530/1444 1698/1810/1698 1696/1808/1696
f 1445/1531/1445 1444/1530/1444 1695/1807/1695 1447/1533/1447
f 1692/1804/1692 1447/1533/1447 1695/1807/1695 1693/1805/1693
f 1448/1534/1448 1447/1533/1447 1692/1804/1692 1450/1536/1450
f 1689/1801/1689 1450/1536/1450 1692/1804/1692 1690/1802/1690
f 1451/1537/1451 1450/1536/1450 1689/1801/1689 1453/1539/1453
f 1686/1798/1686 1453/1539/1453 1689/1801/1689 1687/1799/1687
f 1454/1540/1454 1453/1539/1453 1686/1798/1686 1456/1542/1456
f 1683/1795/1683 1456/1542/1456 1686/1798/1686 1684/1796/1684
f 1457/1543/1457 1456/1542/1456 1683/1795/1683 1459/1545/1459
f 1680/1789/1680 1459/1545/1459 1683/1795/1683 1681/1790/1681
f 1460/1546/1460 1459/1545/1459 1680/1789/1680 1462/1548/1462
f 1677/1842/1677 1462/1548/1462 1680/1789/1680 1678/1792/1678
f 1463/1549/1463 1462/1548/1462 1677/1842/1677 1465/1551/1465
f 1674/1783/1674 1465/1843/1465 1677/1786/1677 1675/1784/1675
f 1466/1557/1466 1465/1843/1465 1674/1783/1674 1468/1554/1468
f 1671/1780/1671 1468/1554/1468 1674/1783/1674 1672/1781/1672
f 1469/1555/1469 1468/1554/1468 1671/1780/1671 1471/1560/1471
f 1668/1777/1668 1471/1560/1471 1671/1780/1671 1669/1778/1669
f 1472/1561/1472 1471/1560/1471 1668/1777/1668 1474/1563/1474
f 1665/1774/1665 1474/1563/1474 1668/1777/1668 1666/1775/1666
f 1475/1564/1475 1474/1563/1474 1665/1774/1665 1477/1566/1477
f 1660/1769/1660 1477/1566/1477 1665/1774/1665 1662/1771/1662
f 1478/1567/1478 1477/1566/1477 1660/1769/1660 1480/1569/1480
f 48/51/48 47/50/47 1417/1500/1417 1415/1498/1415
f 284/298/284 1723/1844/1723 1409/1492/1409 1408/1491/1408
f 75/78/75 74/77/74 1409/1492/1409 1723/1844/1723
f 280/294/280 279/293/279 1723/1844/1723 284/298/284
f 78/81/78 75/78/75 1723/1844/1723 279/293/279
f 285/299/285 284/298/284 1408/1491/1408 289/303/289
f 1210/1271/1210 1209/1270/1209 1216/1279/1216 1212/1273/1212
f 635/670/635 634/669/634 1205/1266/1205 637/672/637
f 639/674/639 637/672/637 1205/1266/1205 1203/1264/1203
f 640/675/640 639/674/639 1188/1249/1188 643/678/643
f 648/683/648 647/682/647 1183/1244/1183 1182/1243/1182
f 1177/1238/1177 1115/1176/1115 1182/1243/1182 1178/1239/1178
f 1113/1174/1113 648/683/648 1182/1243/1182 1115/1176/1115
f 1172/1233/1172 1118/1179/1118 1177/1238/1177 1173/1234/1173
f 1116/1177/1116 1115/1176/1115 1177/1238/1177 1118/1179/1118
f 1167/1228/1167 1121/1182/1121 1172/1233/1172 1168/1229/1168
f 1119/1180/1119 1118/1179/1118 1172/1233/1172 1121/1182/1121
f 1129/1190/1129 1131/1192/1131 1167/1228/1167 1163/1224/1163
f 1122/1183/1122 1121/1182/1121 1167/1228/1167 1131/1192/1131
f 50/53/50 1162/1223/1162 1165/1226/1165 55/58/55
f 649/684/649 648/683/648 1113/1174/1113 651/686/651
f 1089/1150/1089 1090/1151/1090 1092/1153/1092 16/16/16
f 1062/1123/1062 1063/1124/1063 1065/1126/1065 64/67/64
f 61/64/61 1724/1845/1724 1062/1123/1062 64/67/64
f 1056/1117/1056 1060/1121/1060 1062/1123/1062 1724/1845/1724
f 60/63/60 1053/1114/1053 1724/1845/1724 61/64/61
f 1054/1115/1054 1056/1117/1056 1724/1845/1724 1053/1114/1053
f 1050/1111/1050 1051/1112/1051 1053/1114/1053 60/63/60
f 58/61/58 1039/1100/1039 1041/1102/1041 59/62/59
f 56/59/56 55/58/55 1035/1096/1035 1036/1097/1036
f 659/694/659 658/693/658 932/988/932 661/696/661
f 673/708/673 7/7/7 923/979/923 922/978/922
f 917/973/917 676/711/676 922/978/922 918/974/918
f 674/709/674 673/708/673 922/978/922 676/711/676
f 912/968/912 679/714/679 917/973/917 913/969/913
f 677/712/677 676/711/676 917/973/917 679/714/679
f 907/963/907 682/717/682 912/968/912 908/964/908
f 680/715/680 679/714/679 912/968/912 682/717/682
f 902/958/902 685/720/685 907/963/907 903/959/903
f 683/718/683 682/717/682 907/963/907 685/720/685
f 897/953/897 688/723/688 902/958/902 898/954/898
f 686/721/686 685/720/685 902/958/902 688/723/688
f 892/948/892 691/726/691 897/953/897 893/949/893
f 689/724/689 688/723/688 897/953/897 691/726/691
f 887/943/887 694/1846/694 892/948/892 888/944/888
f 692/727/692 691/726/691 892/948/892 694/1846/694
f 882/936/882 697/735/697 887/1847/887 883/937/883
f 695/731/695 694/730/694 887/1847/887 697/735/697
f 877/928/877 700/738/700 882/936/882 878/929/878
f 698/736/698 697/735/697 882/936/882 700/738/700
f 872/1848/872 703/741/703 877/928/877 873/931/873
f 701/739/701 700/738/700 877/928/877 703/741/703
f 867/918/867 706/1849/706 872/923/872 868/919/868
f 704/742/704 703/741/703 872/1848/872 706/744/706
f 862/913/862 709/1850/709 867/918/867 863/914/863
f 707/1851/707 706/1849/706 867/918/867 709/1850/709
f 857/1852/857 712/750/712 862/1853/862 858/1854/858
f 710/748/710 709/747/709 862/1853/862 712/750/712
f 852/902/852 715/753/715 857/1852/857 853/903/853
f 713/751/713 712/750/712 857/1852/857 715/753/715
f 847/895/847 718/756/718 852/902/852 848/896/848
f 716/754/716 715/753/715 852/902/852 718/756/718
f 842/890/842 721/759/721 847/895/847 843/891/843
f 719/757/719 718/756/718 847/895/847 721/759/721
f 837/885/837 724/762/724 842/890/842 838/886/838
f 722/760/722 721/759/721 842/890/842 724/762/724
f 85/88/85 727/765/727 837/885/837 834/882/834
f 725/763/725 724/762/724 837/885/837 727/765/727
f 782/825/782 784/827/784 786/829/786 42/45/42
f 82/85/82 81/84/81 733/771/733 731/769/731
f 85/88/85 86/89/86 728/766/728 727/765/727
f 6/6/6 7/7/7 673/708/673 671/706/671
f 1/1/1 4/4/4 668/703/668 667/702/667
f 407/431/407 408/432/408 412/436/412 23/23/23
f 274/288/274 78/81/78 279/293/279 275/289/275
f 269/283/269 1725/1855/1725 274/288/274 270/284/270
f 79/82/79 78/81/78 274/288/274 1725/1855/1725
f 1726/1856/1726 1727/1857/1727 1725/1855/1725 269/283/269
f 80/83/80 79/82/79 1725/1855/1725 1727/1857/1727
f 1728/1858/1728 1729/1859/1729 1727/1857/1727 1726/1856/1726
f 90/93/90 80/83/80 1727/1857/1727 1729/1859/1729
f 1730/1860/1730 1731/1861/1731 1729/1859/1729 1728/1858/1728
f 1732/1862/1732 90/93/90 1729/1859/1729 1731/1861/1731
f 1733/1863/1733 1734/1864/1734 1732/1862/1732 1731/1861/1731
f 1735/1865/1735 95/98/95 1732/1862/1732 1734/1864/1734
f 91/94/91 90/93/90 1732/1862/1732 95/98/95
f 96/99/96 95/98/95 1735/1865/1735 100/103/100
f 1736/1866/1736 1737/1867/1737 1735/1865/1735 1734/1864/1734
f 1738/1868/1738 100/103/100 1735/1865/1735 1737/1867/1737
f 101/104/101 100/103/100 1738/1868/1738 105/108/105
f 67/70/67 70/73/70 1738/1868/1738 1737/1867/1737
f 71/74/71 105/108/105 1738/1868/1738 70/73/70
f 1739/1869/1739 67/70/67 1737/1867/1737 1736/1866/1736
f 1740/1870/1740 1741/1871/1741 1739/1869/1739 1736/1866/1736
f 1742/1872/1742 1743/1873/1743 1739/1869/1739 1741/1871/1741
f 68/71/68 67/70/67 1739/1869/1739 1743/1873/1743
f 73/76/73 68/71/68 1743/1873/1743 1744/1874/1744
f 1745/1875/1745 1744/1874/1744 1743/1873/1743 1742/1872/1742
f 1746/1876/1746 1744/1874/1744 1745/1875/1745 1747/1877/1747
f 1748/1878/1748 1749/1879/1749 1745/1875/1745 1742/1872/1742
f 1750/1880/1750 1747/1877/1747 1745/1875/1745 1749/1879/1749
f 1751/1881/1751 1747/1877/1747 1750/1880/1750 1752/1882/1752
f 1753/1883/1753 1754/1884/1754 1750/1880/1750 1749/1879/1749
f 1755/1885/1755 1752/1882/1752 1750/1880/1750 1754/1884/1754
f 1756/1886/1756 1752/1882/1752 1755/1885/1755 1757/1887/1757
f 1758/1888/1758 1759/1889/1759 1755/1885/1755 1754/1884/1754
f 1760/1890/1760 1757/1887/1757 1755/1885/1755 1759/1889/1759
f 1761/1891/1761 1757/1887/1757 1760/1890/1760 1762/1892/1762
f 1763/1893/1763 1764/1894/1764 1760/1890/1760 1759/1889/1759
f 1765/1895/1765 1762/1892/1762 1760/1890/1760 1764/1894/1764
f 1766/1896/1766 1762/1892/1762 1765/1895/1765 1767/1897/1767
f 1768/1898/1768 1769/1899/1769 1765/1895/1765 1764/1894/1764
f 1770/1900/1770 1767/1897/1767 1765/1895/1765 1769/1899/1769
f 1771/1901/1771 1767/1897/1767 1770/1900/1770 1772/1902/1772
f 1773/1903/1773 1774/1904/1774 1770/1900/1770 1769/1899/1769
f 1775/1905/1775 1772/1902/1772 1770/1900/1770 1774/1904/1774
f 1776/1906/1776 1772/1902/1772 1775/1905/1775 1777/1907/1777
f 1778/1908/1778 1779/1909/1779 1775/1905/1775 1774/1904/1774
f 1780/1910/1780 1777/1907/1777 1775/1905/1775 1779/1909/1779
f 1781/1911/1781 1777/1907/1777 1780/1910/1780 1782/1912/1782
f 1783/1913/1783 1784/1914/1784 1780/1910/1780 1779/1909/1779
f 1785/1915/1785 1782/1912/1782 1780/1910/1780 1784/1914/1784
f 1786/1916/1786 1782/1912/1782 1785/1915/1785 22/22/22
f 1787/1917/1787 1788/1918/1788 1785/1915/1785 1784/1914/1784
f 19/19/19 22/22/22 1785/1915/1785 1788/1918/1788
f 1789/1919/1789 1790/1920/1790 1788/1918/1788 1787/1917/1787
f 1791/1921/1791 19/19/19 1788/1918/1788 1790/1920/1790
f 1792/1922/1792 1793/1923/1793 1791/1921/1791 1790/1920/1790
f 170/173/170 1794/1924/1794 1791/1921/1791 1793/1923/1793
f 20/20/20 19/19/19 1791/1921/1791 1794/1924/1794
f 166/169/166 165/168/165 1794/1924/1794 170/173/170
f 1795/1925/1795 20/20/20 1794/1924/1794 165/168/165
f 161/164/161 160/163/160 1795/1925/1795 165/168/165
f 1796/1926/1796 1797/1927/1797 1795/1925/1795 160/163/160
f 21/21/21 20/20/20 1795/1925/1795 1797/1927/1797
f 1798/1928/1798 1786/1916/1786 1797/1927/1797 1796/1926/1796
f 22/22/22 21/21/21 1797/1927/1797 1786/1916/1786
f 155/158/155 1799/1929/1799 1798/1928/1798 1796/1926/1796
f 1800/1930/1800 1781/1911/1781 1798/1928/1798 1799/1929/1799
f 1782/1912/1782 1786/1916/1786 1798/1928/1798 1781/1911/1781
f 150/153/150 1801/1931/1801 1800/1930/1800 1799/1929/1799
f 1802/1932/1802 1776/1906/1776 1800/1930/1800 1801/1931/1801
f 1777/1907/1777 1781/1911/1781 1800/1930/1800 1776/1906/1776
f 145/148/145 1803/1933/1803 1802/1932/1802 1801/1931/1801
f 1804/1934/1804 1771/1901/1771 1802/1932/1802 1803/1933/1803
f 1772/1902/1772 1776/1906/1776 1802/1932/1802 1771/1901/1771
f 140/143/140 1805/1935/1805 1804/1934/1804 1803/1933/1803
f 1806/1936/1806 1766/1896/1766 1804/1934/1804 1805/1935/1805
f 1767/1897/1767 1771/1901/1771 1804/1934/1804 1766/1896/1766
f 135/138/135 1807/1937/1807 1806/1936/1806 1805/1935/1805
f 1808/1938/1808 1761/1891/1761 1806/1936/1806 1807/1937/1807
f 1762/1892/1762 1766/1896/1766 1806/1936/1806 1761/1891/1761
f 130/133/130 1809/1939/1809 1808/1938/1808 1807/1937/1807
f 1810/1940/1810 1756/1886/1756 1808/1938/1808 1809/1939/1809
f 1757/1887/1757 1761/1891/1761 1808/1938/1808 1756/1886/1756
f 125/128/125 1811/1941/1811 1810/1940/1810 1809/1939/1809
f 1812/1942/1812 1751/1881/1751 1810/1940/1810 1811/1941/1811
f 1752/1882/1752 1756/1886/1756 1810/1940/1810 1751/1881/1751
f 120/123/120 1813/1943/1813 1812/1942/1812 1811/1941/1811
f 1814/1944/1814 1746/1876/1746 1812/1942/1812 1813/1943/1813
f 1747/1877/1747 1751/1881/1751 1812/1942/1812 1746/1876/1746
f 115/118/115 1815/1945/1815 1814/1944/1814 1813/1943/1813
f 72/75/72 73/76/73 1814/1944/1814 1815/1945/1815
f 1744/1874/1744 1746/1876/1746 1814/1944/1814 73/76/73
f 111/114/111 110/113/110 1815/1945/1815 115/118/115
f 71/74/71 72/75/72 1815/1945/1815 110/113/110
f 116/119/116 115/118/115 1813/1943/1813 120/123/120
f 121/124/121 120/123/120 1811/1941/1811 125/128/125
f 126/129/126 125/128/125 1809/1939/1809 130/133/130
f 131/134/131 130/133/130 1807/1937/1807 135/138/135
f 136/139/136 135/138/135 1805/1935/1805 140/143/140
f 141/144/141 140/143/140 1803/1933/1803 145/148/145
f 146/149/146 145/148/145 1801/1931/1801 150/153/150
f 151/154/151 150/153/150 1799/1929/1799 155/158/155
f 156/159/156 155/158/155 1796/1926/1796 160/163/160
f 171/174/171 170/173/170 1793/1923/1793 175/178/175
f 1816/1946/1816 175/178/175 1793/1923/1793 1792/1922/1792
f 176/179/176 175/178/175 1816/1946/1816 180/183/180
f 1817/1947/1817 1818/1948/1818 1816/1946/1816 1792/1922/1792
f 1819/1949/1819 180/183/180 1816/1946/1816 1818/1948/1818
f 1820/1950/1820 185/188/185 1819/1949/1819 1821/1951/1821
f 181/184/181 180/183/180 1819/1949/1819 185/188/185
f 1822/1952/1822 1821/1951/1821 1819/1949/1819 1818/1948/1818
f 1823/1953/1823 1821/1951/1821 1822/1952/1822 1824/1954/1824
f 1817/1947/1817 1825/1955/1825 1822/1952/1822 1818/1948/1818
f 1826/1956/1826 1824/1954/1824 1822/1952/1822 1825/1955/1825
f 1827/1957/1827 1824/1954/1824 1826/1956/1826 1828/1958/1828
f 1829/1959/1829 1830/1960/1830 1826/1956/1826 1825/1955/1825
f 1831/1961/1831 1828/1958/1828 1826/1956/1826 1830/1960/1830
f 1832/1962/1832 1828/1958/1828 1831/1961/1831 1833/1963/1833
f 1834/1964/1834 1835/1965/1835 1831/1961/1831 1830/1960/1830
f 1836/1966/1836 1833/1963/1833 1831/1961/1831 1835/1965/1835
f 1837/1967/1837 1833/1963/1833 1836/1966/1836 1838/1968/1838
f 1839/1969/1839 1840/1970/1840 1836/1966/1836 1835/1965/1835
f 1841/1971/1841 1838/1968/1838 1836/1966/1836 1840/1970/1840
f 1842/1972/1842 1838/1968/1838 1841/1971/1841 1843/1973/1843
f 1844/1974/1844 1845/1975/1845 1841/1971/1841 1840/1970/1840
f 1846/1976/1846 1843/1973/1843 1841/1971/1841 1845/1975/1845
f 1847/1977/1847 1843/1973/1843 1846/1976/1846 1848/1978/1848
f 1849/1979/1849 1850/1980/1850 1846/1976/1846 1845/1975/1845
f 1851/1981/1851 1848/1978/1848 1846/1976/1846 1850/1980/1850
f 1852/1982/1852 1848/1978/1848 1851/1981/1851 1853/1983/1853
f 1854/1984/1854 1855/1985/1855 1851/1981/1851 1850/1980/1850
f 1856/1986/1856 1853/1983/1853 1851/1981/1851 1855/1985/1855
f 1857/1987/1857 1853/1983/1853 1856/1986/1856 1858/1988/1858
f 1859/1989/1859 1860/1990/1860 1856/1986/1856 1855/1985/1855
f 1861/1991/1861 1858/1988/1858 1856/1986/1856 1860/1990/1860
f 1862/1992/1862 1858/1988/1858 1861/1991/1861 1863/1993/1863
f 1864/1994/1864 1865/1995/1865 1861/1991/1861 1860/1990/1860
f 1866/1996/1866 1863/1993/1863 1861/1991/1861 1865/1995/1865
f 1867/1997/1867 1863/1993/1863 1866/1996/1866 1868/1998/1868
f 1869/1999/1869 1870/2000/1870 1866/1996/1866 1865/1995/1865
f 1871/2001/1871 1868/1998/1868 1866/1996/1866 1870/2000/1870
f 1872/2002/1872 1868/1998/1868 1871/2001/1871 1873/2003/1873
f 1874/2004/1874 1875/2005/1875 1871/2001/1871 1870/2000/1870
f 1730/1860/1730 1873/2003/1873 1871/2001/1871 1875/2005/1875
f 1740/1870/1740 1733/1863/1733 1875/2005/1875 1874/2004/1874
f 1731/1861/1731 1730/1860/1730 1875/2005/1875 1733/1863/1733
f 1869/1999/1869 1876/2006/1876 1874/2004/1874 1870/2000/1870
f 1741/1871/1741 1740/1870/1740 1874/2004/1874 1876/2006/1876
f 1877/2007/1877 1748/1878/1748 1876/2006/1876 1869/1999/1869
f 1742/1872/1742 1741/1871/1741 1876/2006/1876 1748/1878/1748
f 1865/1995/1865 1864/1994/1864 1877/2007/1877 1869/1999/1869
f 1878/2008/1878 1753/1883/1753 1877/2007/1877 1864/1994/1864
f 1749/1879/1749 1748/1878/1748 1877/2007/1877 1753/1883/1753
f 1754/1884/1754 1753/1883/1753 1878/2008/1878 1758/1888/1758
f 1860/1990/1860 1859/1989/1859 1878/2008/1878 1864/1994/1864
f 1879/2009/1879 1758/1888/1758 1878/2008/1878 1859/1989/1859
f 1759/1889/1759 1758/1888/1758 1879/2009/1879 1763/1893/1763
f 1855/1985/1855 1854/1984/1854 1879/2009/1879 1859/1989/1859
f 1880/2010/1880 1763/1893/1763 1879/2009/1879 1854/1984/1854
f 1764/1894/1764 1763/1893/1763 1880/2010/1880 1768/1898/1768
f 1850/1980/1850 1849/1979/1849 1880/2010/1880 1854/1984/1854
f 1881/2011/1881 1768/1898/1768 1880/2010/1880 1849/1979/1849
f 1769/1899/1769 1768/1898/1768 1881/2011/1881 1773/1903/1773
f 1845/1975/1845 1844/1974/1844 1881/2011/1881 1849/1979/1849
f 1882/2012/1882 1773/1903/1773 1881/2011/1881 1844/1974/1844
f 1774/1904/1774 1773/1903/1773 1882/2012/1882 1778/1908/1778
f 1840/1970/1840 1839/1969/1839 1882/2012/1882 1844/1974/1844
f 1883/2013/1883 1778/1908/1778 1882/2012/1882 1839/1969/1839
f 1835/1965/1835 1834/1964/1834 1883/2013/1883 1839/1969/1839
f 1884/2014/1884 1783/1913/1783 1883/2013/1883 1834/1964/1834
f 1779/1909/1779 1778/1908/1778 1883/2013/1883 1783/1913/1783
f 1830/1960/1830 1829/1959/1829 1884/2014/1884 1834/1964/1834
f 1789/1919/1789 1787/1917/1787 1884/2014/1884 1829/1959/1829
f 1784/1914/1784 1783/1913/1783 1884/2014/1884 1787/1917/1787
f 255/269/255 254/268/254 1872/2002/1872 259/273/259
f 1867/1997/1867 1868/1998/1868 1872/2002/1872 254/268/254
f 1885/2015/1885 259/273/259 1872/2002/1872 1873/2003/1873
f 260/274/260 259/273/259 1885/2015/1885 264/278/264
f 1730/1860/1730 1728/1858/1728 1885/2015/1885 1873/2003/1873
f 1726/1856/1726 264/278/264 1885/2015/1885 1728/1858/1728
f 250/264/250 249/263/249 1867/1997/1867 254/268/254
f 1862/1992/1862 1863/1993/1863 1867/1997/1867 249/263/249
f 245/259/245 244/258/244 1862/1992/1862 249/263/249
f 1857/1987/1857 1858/1988/1858 1862/1992/1862 244/258/244
f 240/254/240 239/253/239 1857/1987/1857 244/258/244
f 1852/1982/1852 1853/1983/1853 1857/1987/1857 239/253/239
f 235/249/235 234/248/234 1852/1982/1852 239/253/239
f 1847/1977/1847 1848/1978/1848 1852/1982/1852 234/248/234
f 230/242/230 229/241/229 1847/1977/1847 234/248/234
f 1842/1972/1842 1843/1973/1843 1847/1977/1847 229/241/229
f 225/235/225 224/234/224 1842/1972/1842 229/241/229
f 1837/1967/1837 1838/1968/1838 1842/1972/1842 224/234/224
f 220/228/220 219/227/219 1837/1967/1837 224/234/224
f 1832/1962/1832 1833/1963/1833 1837/1967/1837 219/227/219
f 215/221/215 214/220/214 1832/1962/1832 219/227/219
f 1827/1957/1827 1828/1958/1828 1832/1962/1832 214/220/214
f 1817/1947/1817 1789/1919/1789 1829/1959/1829 1825/1955/1825
f 210/215/210 209/214/209 1827/1957/1827 214/220/214
f 1823/1953/1823 1824/1954/1824 1827/1957/1827 209/214/209
f 205/208/205 204/207/204 1823/1953/1823 209/214/209
f 1820/1950/1820 1821/1951/1821 1823/1953/1823 204/207/204
f 200/203/200 190/193/190 1820/1950/1820 204/207/204
f 186/189/186 185/188/185 1820/1950/1820 190/193/190
f 1790/1920/1790 1789/1919/1789 1817/1947/1817 1792/1922/1792
f 1734/1864/1734 1733/1863/1733 1740/1870/1740 1736/1866/1736
f 265/279/265 264/278/264 1726/1856/1726 269/283/269
f 105/108/105 71/74/71 110/113/110 106/109/106
o root.1
v -0.041618 0.621804 -0.116224
v -0.005391 0.628387 -0.114368
v -0.056024 0.602911 -0.043837
v -0.036406 0.624429 -0.178857
v -0.069862 0.610593 -0.116532
v -0.086289 0.629272 -0.116403
v -0.083776 0.618251 -0.052128
v -0.067843 0.616278 -0.181772
v -0.069779 0.601431 -0.235547
v -0.085088 0.620305 -0.178248
v -0.086982 0.612431 -0.225077
v -0.113918 0.646579 -0.161950
v -0.175559 0.665165 -0.139995
v -0.116609 0.652994 -0.114252
v -0.115823 0.643415 -0.201967
v -0.130388 0.631910 -0.223298
v -0.177864 0.665360 -0.169579
v -0.183417 0.650647 -0.191621
v -0.228742 0.660610 -0.161942
v -0.223102 0.649335 -0.180853
v -0.266896 0.647150 -0.165090
v -0.232628 0.657467 -0.139176
v -0.235883 0.652844 -0.114091
v -0.270648 0.641083 -0.145032
v -0.296015 0.623461 -0.150830
v -0.270696 0.634443 -0.121147
v -0.259199 0.632060 -0.079129
v -0.293219 0.615152 -0.124740
v -0.308650 0.592400 -0.131144
v -0.281151 0.612609 -0.074236
v -0.213633 0.595409 0.002141
v -0.292414 0.587922 -0.079610
v -0.235273 0.564094 -0.005466
v -0.301510 0.564534 -0.092421
v -0.318418 0.569490 -0.140128
v -0.261206 0.525990 -0.021542
v -0.306134 0.526660 -0.111577
v -0.277774 0.492126 -0.053368
v -0.295057 0.489495 -0.140688
v -0.321347 0.536971 -0.154791
v -0.309428 0.502873 -0.176712
v -0.328418 0.544846 -0.184078
v -0.318206 0.512333 -0.204471
v -0.334387 0.553893 -0.208012
v -0.324679 0.575805 -0.168772
v -0.328907 0.585482 -0.189520
v -0.313666 0.602038 -0.157806
v -0.315063 0.611751 -0.177018
v -0.298542 0.603617 -0.190141
v -0.294941 0.631845 -0.170889
v -0.280208 0.622731 -0.182759
v -0.255781 0.640215 -0.178377
v -0.258090 0.610705 -0.192620
v -0.244168 0.625429 -0.186700
v -0.233079 0.603064 -0.201612
v -0.274940 0.590399 -0.203006
v -0.288314 0.570473 -0.213850
v -0.250789 0.577575 -0.215201
v -0.221857 0.560856 -0.229764
v -0.267103 0.555126 -0.226254
v -0.285857 0.537431 -0.230619
v -0.244199 0.532766 -0.239246
v -0.194641 0.507236 -0.273417
v -0.264743 0.511833 -0.245023
v -0.284709 0.494332 -0.254833
v -0.215399 0.484029 -0.286275
v -0.233071 0.464260 -0.295384
v -0.165461 0.476866 -0.333435
v -0.179725 0.450799 -0.339684
v -0.148431 0.507286 -0.321562
v -0.109655 0.474174 -0.356126
v -0.104069 0.511837 -0.341077
v -0.112227 0.444423 -0.361262
v -0.021629 0.474980 -0.351446
v -0.013825 0.443942 -0.354904
v 0.060093 0.483766 -0.317367
v -0.027242 0.507824 -0.338190
v -0.028864 0.541024 -0.308793
v 0.045868 0.515162 -0.305841
v 0.027698 0.548193 -0.295158
v 0.103245 0.527631 -0.261474
v 0.151816 0.554470 -0.220766
v 0.125324 0.500459 -0.275213
v 0.072669 0.566448 -0.244367
v 0.114215 0.590479 -0.207321
v 0.045979 0.606675 -0.234973
v -0.004551 0.576265 -0.276897
v 0.086515 0.633702 -0.187360
v 0.039924 0.638835 -0.220236
v 0.007731 0.629226 -0.217452
v 0.075839 0.686832 -0.188795
v 0.133631 0.681541 -0.173332
v 0.055075 0.677140 -0.173935
v 0.129116 0.692677 -0.158517
v 0.044491 0.674178 -0.147002
v 0.038459 0.670496 -0.104563
v 0.125149 0.690654 -0.132722
v 0.001098 0.633693 -0.171237
v 0.191360 0.668032 -0.137641
v 0.124805 0.684179 -0.099915
v 0.130418 0.667887 -0.054517
v 0.189408 0.661182 -0.110540
v 0.226301 0.630694 -0.120833
v 0.186126 0.645682 -0.065930
v 0.180719 0.617712 -0.011115
v 0.220104 0.616684 -0.080079
v 0.211611 0.593126 -0.031130
v 0.242579 0.574897 -0.108786
v 0.247188 0.591753 -0.138245
v 0.245355 0.522650 -0.146858
v 0.229598 0.548416 -0.067039
v 0.233048 0.500403 -0.108502
v 0.214425 0.517266 -0.032486
v 0.215466 0.471576 -0.066932
v 0.208384 0.489262 0.008334
v 0.188747 0.567874 -0.008735
v 0.152359 0.595285 0.010550
v 0.183914 0.549260 0.020240
v 0.136055 0.575627 0.026381
v 0.162628 0.529504 0.034693
v 0.153782 0.520535 0.053439
v 0.180381 0.500535 0.033454
v 0.122102 0.557645 0.034380
v 0.108175 0.538176 0.053641
v 0.046508 0.559204 0.023114
v 0.061084 0.594050 0.016565
v -0.030912 0.573354 0.015303
v 0.035655 0.540770 0.054743
v 0.049065 0.549584 0.099794
v 0.003792 0.538251 0.067827
v -0.045625 0.548326 0.054554
v -0.050514 0.540218 0.064895
v -0.103286 0.554661 0.053301
v -0.149771 0.572230 0.042571
v -0.080028 0.584768 0.009672
v -0.108227 0.545447 0.057644
v -0.154459 0.549420 0.040889
v -0.116971 0.551241 0.089787
v -0.131636 0.563005 0.134672
v -0.057589 0.550578 0.102384
v -0.164518 0.541972 0.067840
v -0.201365 0.523352 0.041733
v -0.183473 0.537815 0.113724
v -0.216967 0.507255 0.099550
v -0.207251 0.548151 0.166264
v -0.158766 0.586469 0.192127
v -0.241002 0.566527 0.240166
v -0.236062 0.511892 0.158904
v -0.249287 0.480840 0.158250
v -0.259475 0.530979 0.228938
v -0.274524 0.504288 0.233706
v -0.328396 0.561896 0.277518
v -0.331659 0.529266 0.285615
v -0.410235 0.571721 0.345955
v -0.308681 0.598268 0.286724
v -0.292485 0.632961 0.305408
v -0.403748 0.606204 0.352289
v -0.505784 0.601349 0.432568
v -0.395015 0.635714 0.365906
v -0.496487 0.631045 0.446200
v -0.381761 0.659335 0.389667
v -0.281940 0.665599 0.333364
v -0.477242 0.651617 0.469151
v -0.362633 0.667884 0.420703
v -0.449078 0.658529 0.498903
v -0.270422 0.677168 0.367335
v -0.337904 0.659410 0.450651
v -0.256750 0.674420 0.398771
v -0.312418 0.639055 0.474606
v -0.418187 0.649566 0.530452
v -0.393014 0.632694 0.558717
v -0.467009 0.644262 0.608284
v -0.447687 0.624526 0.622410
v -0.469051 0.627911 0.671933
v -0.509198 0.653833 0.584605
v -0.543209 0.654436 0.655574
v -0.543933 0.645903 0.561955
v -0.581750 0.640329 0.625219
v -0.567014 0.625001 0.538532
v -0.581448 0.597925 0.524300
v -0.601997 0.621700 0.609056
v -0.626386 0.617413 0.649080
v -0.614386 0.597709 0.598666
v -0.638329 0.598996 0.640832
v -0.620826 0.572585 0.592435
v -0.624032 0.549438 0.589147
v -0.642786 0.577709 0.639030
v -0.587904 0.569349 0.516943
v -0.586165 0.543249 0.515370
v -0.508124 0.570941 0.427175
v -0.504978 0.543236 0.429187
v -0.497248 0.521104 0.436428
v -0.411515 0.539560 0.347276
v -0.407382 0.511129 0.359287
v -0.325720 0.503008 0.300064
v -0.394418 0.492810 0.381398
v -0.481000 0.501529 0.454059
v -0.370825 0.481403 0.411706
v -0.314463 0.483130 0.316580
v -0.295959 0.468867 0.338780
v -0.269170 0.459072 0.251805
v -0.251571 0.442089 0.268925
v -0.278742 0.480332 0.239306
v -0.248430 0.428786 0.171770
v -0.253628 0.453786 0.164219
v -0.230052 0.409529 0.180329
v -0.247070 0.412781 0.083943
v -0.229394 0.389806 0.083797
v -0.245702 0.442869 0.085302
v -0.249247 0.419789 -0.003149
v -0.274219 0.457515 -0.091380
v -0.248828 0.453120 0.012126
v -0.236198 0.390384 -0.016183
v -0.210244 0.363805 -0.024576
v -0.253216 0.423335 -0.124308
v -0.224057 0.381105 -0.146405
v -0.266634 0.453089 -0.178027
v -0.228961 0.406667 -0.212305
v -0.275985 0.468009 -0.208120
v -0.284623 0.476579 -0.232462
v -0.233467 0.422973 -0.247622
v -0.176803 0.391784 -0.278717
v -0.237690 0.434197 -0.269390
v -0.181254 0.406604 -0.309387
v -0.241334 0.446681 -0.289361
v -0.292332 0.482860 -0.253091
v -0.184861 0.424493 -0.330655
v -0.111868 0.415545 -0.353496
v -0.112072 0.393815 -0.331417
v -0.011427 0.414994 -0.346319
v 0.077758 0.428867 -0.315470
v -0.013164 0.394155 -0.325312
v -0.017784 0.378154 -0.290598
v 0.077020 0.409861 -0.293690
v 0.072793 0.395008 -0.266793
v 0.151804 0.441992 -0.252471
v 0.153001 0.455977 -0.275972
v 0.149087 0.430541 -0.228819
v 0.219336 0.487846 -0.213808
v 0.214060 0.474516 -0.187152
v 0.251432 0.539198 -0.173593
v 0.220953 0.498550 -0.236447
v 0.254606 0.555148 -0.194610
v 0.207514 0.513927 -0.240602
v 0.142972 0.477878 -0.283391
v 0.183572 0.529734 -0.230303
v 0.242399 0.570338 -0.207672
v 0.246034 0.615455 -0.180088
v 0.215335 0.574584 -0.196520
v 0.224490 0.621040 -0.183449
v 0.177942 0.591782 -0.191653
v 0.184749 0.633156 -0.175013
v 0.141445 0.608256 -0.188860
v 0.135128 0.645515 -0.173562
v 0.190560 0.664337 -0.173246
v 0.193790 0.672482 -0.158756
v 0.222144 0.658057 -0.180650
v 0.227231 0.648510 -0.165517
v 0.227927 0.640085 -0.146868
v 0.248386 0.604668 -0.161704
v 0.070830 0.455286 -0.323343
v 0.205486 0.457377 -0.154564
v 0.193398 0.432852 -0.113038
v 0.145999 0.415883 -0.198063
v 0.144940 0.394218 -0.149842
v 0.068564 0.378470 -0.224635
v 0.074543 0.358325 -0.162173
v -0.020298 0.363749 -0.234776
v -0.015107 0.343857 -0.159312
v -0.112896 0.362951 -0.235467
v -0.111232 0.344449 -0.157950
v -0.111754 0.377550 -0.292475
v -0.176040 0.375811 -0.229660
v -0.176517 0.355864 -0.155535
v -0.165762 0.342029 -0.030159
v -0.158441 0.350026 0.087093
v -0.099543 0.328145 -0.037162
v -0.084705 0.338115 0.086386
v 0.000198 0.325254 -0.047655
v 0.087507 0.338940 -0.055861
v 0.016715 0.334640 0.075713
v 0.091904 0.342438 0.063138
v 0.034003 0.366580 0.191705
v -0.066497 0.372541 0.205220
v 0.100471 0.364991 0.175852
v 0.057261 0.408239 0.296798
v 0.119458 0.402513 0.276676
v 0.082190 0.449212 0.387443
v -0.039177 0.414650 0.317910
v -0.155747 0.420171 0.329402
v -0.006638 0.458131 0.411608
v 0.024949 0.482523 0.454386
v -0.108937 0.461043 0.419066
v -0.008644 0.514431 0.457386
v 0.023156 0.513680 0.464351
v -0.094630 0.507860 0.455021
v 0.001236 0.556490 0.460450
v 0.011080 0.604602 0.447507
v 0.034955 0.556577 0.469802
v -0.098041 0.554378 0.476737
v -0.100156 0.598984 0.471810
v -0.179177 0.541345 0.468114
v -0.215018 0.532731 0.480157
v -0.175339 0.503061 0.456039
v -0.185272 0.584320 0.464811
v -0.173654 0.630452 0.434744
v -0.218290 0.582073 0.477466
v -0.285047 0.571902 0.504035
v -0.224881 0.626615 0.446768
v -0.240865 0.659726 0.426682
v -0.294642 0.613176 0.496511
v -0.374095 0.604972 0.577285
v -0.363235 0.568961 0.579483
v -0.427418 0.597790 0.622613
v -0.418992 0.569487 0.622768
v -0.428320 0.587446 0.656476
v -0.448112 0.610313 0.669970
v -0.421121 0.565743 0.647554
v -0.377168 0.579666 0.666049
v -0.378700 0.556441 0.650602
v -0.309074 0.558728 0.672763
v -0.383140 0.595491 0.688335
v -0.305642 0.569333 0.692424
v -0.382318 0.601996 0.705336
v -0.372688 0.602919 0.737730
v -0.300863 0.573555 0.713391
v -0.297774 0.573514 0.732756
v -0.237492 0.557080 0.700048
v -0.233474 0.548055 0.718539
v -0.200278 0.551534 0.684904
v -0.245201 0.557214 0.684288
v -0.249782 0.548370 0.670300
v -0.205458 0.555216 0.669123
v -0.213956 0.544308 0.655326
v -0.170084 0.552428 0.651934
v -0.162755 0.547059 0.670332
v -0.182895 0.542953 0.628316
v -0.120251 0.556044 0.638797
v -0.126884 0.555958 0.615901
v -0.114732 0.549387 0.659741
v -0.043817 0.565491 0.628017
v -0.054034 0.564905 0.606205
v -0.033903 0.557500 0.646441
v 0.027710 0.562885 0.605250
v 0.031706 0.549312 0.622573
v 0.021443 0.566645 0.590203
v 0.105429 0.556258 0.590347
v 0.105647 0.562475 0.573483
v 0.182445 0.560891 0.593916
v 0.105480 0.542358 0.604749
v 0.180459 0.545812 0.608961
v 0.104510 0.527088 0.613191
v 0.104182 0.509742 0.610427
v 0.178140 0.528261 0.619766
v 0.027912 0.534494 0.631309
v 0.020114 0.514547 0.628655
v -0.022071 0.546216 0.660614
v -0.000687 0.528175 0.646804
v -0.109936 0.546048 0.681305
v -0.052623 0.521718 0.684808
v -0.112772 0.521019 0.687753
v -0.045787 0.511850 0.665845
v -0.112893 0.498288 0.676292
v -0.047795 0.503628 0.644652
v -0.115165 0.488070 0.656420
v -0.051196 0.495203 0.622001
v -0.115266 0.485602 0.623994
v 0.020518 0.499872 0.609963
v -0.052832 0.490581 0.598519
v -0.053293 0.489494 0.574018
v 0.019288 0.493693 0.591047
v -0.114625 0.485544 0.598266
v -0.114260 0.486613 0.575533
v -0.167077 0.485099 0.594232
v -0.200363 0.487942 0.591912
v -0.165289 0.488936 0.572112
v -0.166499 0.484064 0.617993
v -0.202070 0.488881 0.615551
v -0.163174 0.486550 0.643799
v -0.162640 0.498976 0.660243
v -0.208181 0.488895 0.645479
v -0.198544 0.490614 0.669199
v -0.238610 0.492799 0.641162
v -0.248988 0.498105 0.672996
v -0.311866 0.504378 0.681127
v -0.242305 0.491100 0.687657
v -0.256298 0.512441 0.666005
v -0.263261 0.511651 0.650488
v -0.257477 0.528315 0.663367
v -0.311490 0.519855 0.665693
v -0.381846 0.528759 0.652045
v -0.311119 0.540060 0.661375
v -0.424292 0.541582 0.647609
v -0.385105 0.507917 0.670570
v -0.447634 0.516266 0.667604
v -0.385882 0.494540 0.701733
v -0.457306 0.495247 0.713603
v -0.382926 0.494225 0.733651
v -0.308131 0.495515 0.701335
v -0.308930 0.494144 0.718833
v -0.234687 0.489585 0.707841
v -0.306911 0.506034 0.737991
v -0.242355 0.492867 0.734963
v -0.380162 0.510874 0.759263
v -0.302577 0.527048 0.755370
v -0.378552 0.536014 0.775355
v -0.241984 0.510619 0.748616
v -0.298770 0.548120 0.760252
v -0.297122 0.565589 0.749979
v -0.377805 0.563418 0.772959
v -0.234376 0.530732 0.748454
v -0.183848 0.518110 0.732988
v -0.232729 0.541318 0.734720
v -0.194326 0.537356 0.720162
v -0.149814 0.545595 0.711290
v -0.191280 0.530057 0.706328
v -0.149541 0.522878 0.704225
v -0.160532 0.533655 0.685266
v -0.181560 0.514653 0.724266
v -0.195216 0.504743 0.687215
v -0.161527 0.517714 0.676171
v -0.127202 0.506773 0.728153
v -0.147637 0.519376 0.728063
v -0.186683 0.489498 0.742682
v -0.125011 0.490372 0.739953
v -0.188577 0.499337 0.753439
v -0.124197 0.502932 0.754368
v -0.126528 0.517532 0.739137
v -0.080649 0.503493 0.748252
v -0.084089 0.493358 0.734458
v -0.083149 0.524641 0.730335
v -0.087683 0.506715 0.719245
v -0.147625 0.538489 0.736050
v -0.103068 0.525068 0.726307
v -0.077257 0.531395 0.722178
v -0.103579 0.543350 0.722962
v -0.105576 0.521192 0.705608
v -0.080310 0.522618 0.706146
v -0.106121 0.539734 0.704184
v -0.079399 0.535496 0.700737
v -0.079067 0.542020 0.715107
v -0.375382 0.586567 0.758628
v -0.461340 0.586243 0.775501
v -0.463731 0.552962 0.785503
v -0.547076 0.604841 0.764532
v -0.457895 0.614942 0.756544
v -0.459148 0.638842 0.726035
v -0.540508 0.635372 0.747805
v -0.600655 0.619005 0.720979
v -0.538069 0.653811 0.714506
v -0.590287 0.627492 0.702044
v -0.586866 0.639566 0.677082
v -0.627792 0.617835 0.688151
v -0.637987 0.610752 0.710770
v -0.646871 0.612123 0.676695
v -0.606625 0.624666 0.662792
v -0.662076 0.605282 0.699896
v -0.656089 0.597956 0.669170
v -0.657689 0.580691 0.666616
v -0.669482 0.592104 0.690401
v -0.678103 0.581994 0.704572
v -0.667929 0.576894 0.684226
v -0.673346 0.566902 0.695637
v -0.665560 0.564344 0.677863
v -0.666000 0.554098 0.684337
v -0.659287 0.561774 0.664475
v -0.647723 0.556178 0.638377
v -0.658404 0.545259 0.669186
v -0.647912 0.532713 0.677945
v -0.645402 0.536783 0.642173
v -0.632847 0.523228 0.649846
v -0.617541 0.529625 0.591860
v -0.575621 0.521534 0.520162
v -0.602747 0.514332 0.600520
v -0.584109 0.504977 0.612562
v -0.556398 0.505595 0.532227
v -0.530030 0.494883 0.551744
v -0.454032 0.487887 0.482566
v -0.503687 0.489990 0.575161
v -0.474670 0.491805 0.602682
v -0.560722 0.499388 0.624196
v -0.423678 0.482940 0.516051
v -0.340762 0.478501 0.441569
v -0.397204 0.486683 0.544365
v -0.307559 0.481359 0.459617
v -0.369280 0.504754 0.557066
v -0.362047 0.533222 0.570480
v -0.272271 0.503229 0.468190
v -0.447982 0.514329 0.622403
v -0.421300 0.542223 0.620471
v -0.529580 0.511294 0.658644
v -0.525587 0.497257 0.629791
v -0.533097 0.509324 0.689409
v -0.585497 0.510836 0.667016
v -0.614411 0.515252 0.659090
v -0.596876 0.515855 0.693414
v -0.629152 0.524778 0.687082
v -0.605947 0.523722 0.715253
v -0.608223 0.538771 0.731741
v -0.545166 0.501334 0.722373
v -0.638239 0.536063 0.706038
v -0.644118 0.548216 0.721953
v -0.657717 0.543251 0.694913
v -0.667956 0.555285 0.708844
v -0.676093 0.570229 0.720140
v -0.672719 0.585215 0.725761
v -0.647696 0.563592 0.735154
v -0.608587 0.557279 0.745628
v -0.645884 0.583006 0.736865
v -0.641796 0.598057 0.724626
v -0.607395 0.579912 0.748673
v -0.603536 0.598818 0.733752
v -0.551905 0.572773 0.769856
v -0.556041 0.541102 0.766530
v -0.464843 0.521054 0.775345
v -0.553020 0.515237 0.748465
v -0.462522 0.497500 0.750122
v -0.672402 0.596081 0.715643
v -0.282905 0.532278 0.495273
v -0.209713 0.506300 0.472425
v -0.200698 0.476465 0.434097
v -0.235370 0.467528 0.396938
v -0.267350 0.465298 0.367363
v -0.219221 0.429853 0.292975
v -0.201362 0.391648 0.191171
v -0.156633 0.378823 0.202140
v -0.202340 0.368759 0.084835
v -0.225824 0.527327 0.648034
v -0.214623 0.524734 0.624563
v -0.245890 0.523552 0.643858
v -0.242374 0.518795 0.625526
v -0.235904 0.514883 0.595936
v -0.269973 0.515640 0.627768
v -0.289485 0.512553 0.628871
v -0.268589 0.511911 0.606421
v -0.292734 0.506849 0.614118
v -0.270873 0.501158 0.593602
v -0.287348 0.502331 0.596898
v -0.270554 0.487378 0.606992
v -0.249414 0.501968 0.588447
v -0.276220 0.501938 0.586893
v -0.252960 0.493190 0.566236
v -0.253988 0.518380 0.575696
v -0.247315 0.488000 0.610722
v -0.224888 0.488645 0.589795
v -0.225484 0.492346 0.566610
v -0.227128 0.488834 0.612673
v -0.200717 0.492150 0.568954
v -0.226238 0.512418 0.558020
v -0.229521 0.523621 0.574554
v -0.209861 0.521651 0.550895
v -0.213238 0.506407 0.549141
v -0.255660 0.510178 0.560432
v -0.280187 0.508954 0.566879
v -0.280911 0.496789 0.572033
v -0.276859 0.513718 0.578901
v -0.163669 0.498132 0.552652
v -0.202229 0.504583 0.526335
v -0.253204 0.508659 0.544710
v -0.242022 0.519934 0.534790
v -0.240952 0.499255 0.525873
v -0.165769 0.510554 0.540477
v -0.118781 0.509918 0.541034
v -0.177068 0.530903 0.545391
v -0.176598 0.536352 0.571380
v -0.120786 0.528388 0.550036
v -0.124109 0.541710 0.570622
v -0.057305 0.531161 0.545057
v -0.054621 0.510475 0.535436
v 0.016381 0.540407 0.542964
v -0.059398 0.548224 0.563730
v 0.016530 0.555986 0.553994
v -0.058342 0.558488 0.584831
v -0.126761 0.550251 0.591057
v 0.017676 0.564407 0.571148
v 0.107599 0.560329 0.557837
v 0.109092 0.552437 0.543518
v 0.188697 0.560031 0.552283
v 0.196674 0.551114 0.535476
v 0.269218 0.568663 0.558137
v 0.184978 0.566440 0.574255
v 0.262108 0.574756 0.577319
v 0.341693 0.581352 0.565449
v 0.261231 0.567585 0.601260
v 0.259609 0.551449 0.620190
v 0.341489 0.576759 0.598855
v 0.342707 0.558262 0.623772
v 0.423490 0.585059 0.586267
v 0.422945 0.564940 0.613311
v 0.484407 0.553995 0.563381
v 0.421548 0.581564 0.554971
v 0.419294 0.578551 0.526000
v 0.479538 0.559295 0.536632
v 0.497973 0.537149 0.526211
v 0.465111 0.555515 0.511998
v 0.483506 0.522551 0.504556
v 0.440693 0.555679 0.478424
v 0.408995 0.558634 0.449110
v 0.449899 0.529711 0.462316
v 0.417006 0.579046 0.493897
v 0.381632 0.589389 0.496241
v 0.408385 0.572423 0.467632
v 0.384556 0.581541 0.462680
v 0.369117 0.590814 0.456339
v 0.380365 0.567582 0.438084
v 0.371462 0.584547 0.426681
v 0.374805 0.552190 0.417766
v 0.403056 0.540441 0.429985
v 0.365462 0.530087 0.404672
v 0.366129 0.563966 0.410567
v 0.376045 0.570069 0.403988
v 0.353702 0.542300 0.392397
v 0.333918 0.512270 0.382728
v 0.364130 0.548302 0.386385
v 0.389855 0.545428 0.391047
v 0.352831 0.523333 0.372541
v 0.376302 0.527024 0.378764
v 0.346365 0.498725 0.355016
v 0.336095 0.546493 0.354514
v 0.381754 0.511103 0.372806
v 0.298677 0.499716 0.348209
v 0.269773 0.469743 0.363461
v 0.228654 0.466444 0.286982
v 0.288700 0.531078 0.324467
v 0.270109 0.562973 0.309619
v 0.226205 0.498534 0.267274
v 0.215913 0.533831 0.253995
v 0.207623 0.476248 0.212982
v 0.192916 0.516447 0.202322
v 0.204203 0.441454 0.227336
v 0.188903 0.459033 0.138456
v 0.200327 0.453485 0.054258
v 0.175200 0.503536 0.126409
v 0.186779 0.422616 0.145105
v 0.190472 0.415784 0.053859
v 0.171520 0.393035 0.153808
v 0.188896 0.415618 0.243016
v 0.173053 0.383514 0.053991
v 0.141901 0.374101 0.163697
v 0.140338 0.359116 0.056395
v 0.160432 0.403309 0.258866
v 0.191497 0.433031 0.335456
v 0.150416 0.438767 0.362058
v 0.228920 0.455365 0.384305
v 0.218642 0.441454 0.309798
v 0.173699 0.462699 0.410414
v 0.261348 0.469088 0.416003
v 0.302859 0.487536 0.395749
v 0.297290 0.474531 0.442151
v 0.191343 0.481988 0.439359
v 0.255696 0.484435 0.476777
v 0.165603 0.504198 0.466052
v 0.107930 0.481648 0.447771
v 0.092883 0.473884 0.430463
v 0.081851 0.499990 0.474933
v 0.095585 0.523716 0.476370
v 0.050624 0.517396 0.484657
v 0.052360 0.555329 0.480867
v 0.068261 0.522460 0.492789
v 0.076130 0.553510 0.485621
v 0.105330 0.557402 0.477551
v 0.084951 0.603012 0.475735
v 0.093426 0.642158 0.477769
v 0.061527 0.606348 0.468888
v 0.112345 0.602884 0.468238
v 0.108091 0.647416 0.456895
v 0.137589 0.611147 0.473739
v 0.128478 0.654440 0.456137
v 0.145615 0.566001 0.473888
v 0.181313 0.611370 0.467885
v 0.182056 0.638156 0.445795
v 0.186080 0.571440 0.480630
v 0.243612 0.606823 0.504266
v 0.280133 0.589166 0.525290
v 0.268681 0.638089 0.481730
v 0.213319 0.563324 0.506308
v 0.207854 0.533338 0.498055
v 0.179858 0.533682 0.516451
v 0.193622 0.536265 0.482364
v 0.216863 0.516827 0.497249
v 0.223346 0.502492 0.504704
v 0.174998 0.512329 0.508332
v 0.212155 0.509982 0.480669
v 0.181386 0.489528 0.517584
v 0.097777 0.519124 0.528881
v 0.103997 0.538617 0.531711
v 0.095131 0.500993 0.539473
v 0.016426 0.522867 0.544344
v 0.016192 0.508461 0.557431
v 0.017281 0.497762 0.573342
v -0.053276 0.493146 0.550725
v -0.116096 0.493332 0.553327
v 0.097501 0.490593 0.558454
v 0.177896 0.484036 0.546087
v 0.100398 0.490324 0.577708
v 0.178923 0.484309 0.574309
v 0.102177 0.496669 0.595805
v 0.178776 0.492168 0.597729
v 0.252597 0.488864 0.616838
v 0.177943 0.507878 0.615080
v 0.253427 0.508927 0.633446
v 0.256059 0.531948 0.634137
v 0.340807 0.506734 0.652736
v 0.424177 0.508964 0.640048
v 0.339061 0.481113 0.639679
v 0.342281 0.535174 0.644264
v 0.423270 0.537904 0.631321
v 0.484755 0.524682 0.605525
v 0.528473 0.502843 0.581640
v 0.482533 0.503365 0.614045
v 0.484918 0.543111 0.588265
v 0.517388 0.519687 0.571969
v 0.519953 0.522858 0.549896
v 0.545458 0.494492 0.562664
v 0.520939 0.503089 0.530430
v 0.539608 0.488008 0.544523
v 0.516924 0.475880 0.526986
v 0.543063 0.472991 0.549425
v 0.509282 0.455166 0.535149
v 0.486186 0.486714 0.495612
v 0.478211 0.457893 0.500613
v 0.448885 0.499805 0.450869
v 0.437439 0.472974 0.453676
v 0.396230 0.518565 0.421873
v 0.383932 0.493741 0.425007
v 0.365959 0.473533 0.441310
v 0.351765 0.503124 0.405857
v 0.327749 0.491360 0.423488
v 0.350918 0.463065 0.468338
v 0.420662 0.457120 0.473319
v 0.459304 0.444917 0.518323
v 0.408615 0.450814 0.496638
v 0.437229 0.446035 0.536372
v 0.389938 0.452841 0.515591
v 0.401906 0.450678 0.546906
v 0.337715 0.464778 0.500155
v 0.331338 0.461537 0.541793
v 0.251791 0.483581 0.519134
v 0.339487 0.457316 0.581455
v 0.406356 0.452263 0.580840
v 0.250687 0.473403 0.557232
v 0.339970 0.464919 0.615631
v 0.414343 0.463587 0.609465
v 0.252156 0.474969 0.591664
v 0.461098 0.463352 0.590633
v 0.420817 0.482526 0.630382
v 0.473160 0.481427 0.606151
v 0.514957 0.470284 0.584671
v 0.492107 0.459450 0.577247
v 0.532232 0.459773 0.572659
v 0.525573 0.487560 0.589607
v 0.547050 0.477497 0.570419
v 0.535796 0.459129 0.553018
v 0.487169 0.448612 0.557472
v 0.450538 0.450817 0.569332
v 0.153217 0.531957 0.473187
v 0.320696 0.622415 0.502666
v 0.292883 0.648716 0.451426
v 0.190352 0.650076 0.420526
v 0.306607 0.644380 0.418811
v 0.341468 0.630573 0.471748
v 0.349224 0.620074 0.439557
v 0.373196 0.611857 0.478891
v 0.368457 0.600434 0.443853
v 0.394672 0.601802 0.496292
v 0.352085 0.612501 0.511014
v 0.401720 0.601643 0.464367
v 0.382849 0.585710 0.428835
v 0.408541 0.598991 0.479330
v 0.423346 0.595661 0.448557
v 0.439258 0.581084 0.429871
v 0.409136 0.587387 0.433649
v 0.421167 0.585715 0.456544
v 0.402145 0.588787 0.451656
v 0.426817 0.575449 0.430681
v 0.402874 0.579964 0.427503
v 0.424007 0.561819 0.410780
v 0.440236 0.565819 0.408062
v 0.398811 0.567110 0.406624
v 0.408582 0.538187 0.391213
v 0.412874 0.546606 0.380608
v 0.398844 0.563541 0.393978
v 0.375419 0.535538 0.370451
v 0.369551 0.564779 0.387082
v 0.367566 0.583933 0.418396
v 0.346167 0.579501 0.377745
v 0.348824 0.603219 0.407475
v 0.322080 0.601283 0.356353
v 0.314605 0.573430 0.350112
v 0.247236 0.599410 0.306783
v 0.308539 0.628292 0.381017
v 0.199233 0.632351 0.328829
v 0.197367 0.652218 0.383149
v 0.147750 0.598818 0.254759
v 0.109180 0.658802 0.328256
v 0.101716 0.614602 0.265898
v 0.109254 0.680912 0.374162
v 0.008280 0.669621 0.308548
v 0.004114 0.690497 0.348492
v -0.086875 0.657295 0.277636
v 0.011725 0.617752 0.246451
v -0.078639 0.600234 0.220016
v 0.012256 0.571529 0.165313
v 0.006438 0.549545 0.104270
v -0.066495 0.560912 0.153918
v 0.069963 0.580265 0.169152
v 0.108026 0.572047 0.171999
v 0.103039 0.549092 0.098418
v 0.157075 0.555557 0.186714
v 0.186299 0.573000 0.252861
v 0.147199 0.530958 0.109928
v -0.088662 0.683956 0.315544
v -0.197991 0.623617 0.263314
v -0.187996 0.674820 0.307045
v -0.180075 0.689290 0.343414
v -0.174823 0.686926 0.376684
v -0.092658 0.701638 0.348567
v 0.002956 0.703776 0.381481
v -0.097275 0.698773 0.380985
v -0.007439 0.701912 0.411460
v -0.098312 0.673821 0.407034
v -0.011177 0.669660 0.424227
v -0.105598 0.641744 0.443181
v -0.170026 0.664703 0.404411
v -0.025543 0.641712 0.440981
v 0.048911 0.642786 0.452320
v 0.070169 0.671358 0.447177
v 0.108384 0.684172 0.420559
v 0.075716 0.643776 0.466161
v 0.390827 0.578891 0.415115
v 0.423493 0.582442 0.421723
v 0.443918 0.572325 0.402894
v 0.378049 0.584036 0.424009
v 0.383256 0.594077 0.451647
v 0.388100 0.598336 0.479268
v 0.373631 0.600764 0.493377
v 0.398046 0.594543 0.470674
v 0.378643 0.612168 0.518428
v 0.343642 0.587301 0.524877
v 0.352872 0.597912 0.541973
v 0.360620 0.580017 0.531866
v 0.329597 0.577426 0.549806
v 0.329968 0.594245 0.536722
v 0.040008 0.589370 0.459170
v 0.148288 0.363072 -0.055916
v 0.186970 0.397502 -0.042900
v 0.204019 0.439227 -0.020575
v 0.180308 0.493428 0.061938
v -0.179880 0.539346 0.593595
v -0.209551 0.524402 0.594162
v -0.206387 0.529109 0.572803
v -0.250578 0.492706 0.635205
v -0.270279 0.493629 0.630159
v -0.294778 0.494948 0.622606
v -0.292304 0.514697 0.643809
v -0.288850 0.489529 0.604697
v -0.325129 0.519985 -0.227275
v -0.310320 0.526965 -0.231689
v -0.318088 0.555466 -0.216911
v -0.296737 0.554171 -0.221676
v -0.312206 0.581896 -0.201725
v -0.234857 0.487445 0.028822
v -0.234543 0.473832 0.090292
v -0.186719 0.553602 0.027454
v -0.125769 0.612045 -0.012835
v -0.123457 0.646752 -0.061252
v -0.197192 0.625187 -0.026531
v -0.182568 0.653355 -0.062216
v -0.231965 0.648439 -0.085442
v -0.176836 0.664146 -0.106585
v -0.098168 0.635231 -0.071810
v -0.002678 0.610294 -0.034575
v 0.048449 0.650782 -0.044908
v 0.093194 0.619836 0.003538
v 0.137256 0.636074 -0.009972
v -0.031681 0.609462 -0.236690
v -0.030746 0.571627 -0.279363
v -0.080752 0.577672 -0.268112
v -0.091549 0.556344 -0.296562
v -0.099964 0.603059 -0.253955
v -0.116487 0.591910 -0.257176
v -0.094980 0.592344 -0.284703
v -0.116611 0.576190 -0.275093
v -0.128899 0.547591 -0.296535
v -0.154105 0.576988 -0.238307
v -0.140553 0.606378 -0.228451
v -0.201049 0.594035 -0.213078
v -0.173713 0.540264 -0.254694
v -0.187775 0.622880 -0.199631
v -0.222637 0.626088 -0.190155
v -0.253204 0.508659 0.544710
v -0.263983 0.513992 0.535748
v -0.242022 0.519934 0.534790
vn -0.1742 0.9791 0.1049
vn -0.4410 0.8882 0.1288
vn -0.4661 0.8798 -0.0930
vn -0.2597 0.9607 -0.0983
vn 0.0396 0.9444 0.3265
vn -0.2825 0.8269 0.4862
vn 0.2640 0.9626 0.0604
vn 0.3668 0.8715 0.3253
vn 0.0791 0.9881 -0.1321
vn 0.6311 0.7754 0.0217
vn 0.5556 0.8246 -0.1064
vn 0.5851 0.7773 0.2314
vn 0.0892 0.8746 -0.4765
vn -0.1519 0.8609 -0.4856
vn 0.3954 0.8394 -0.3729
vn 0.3734 0.8730 -0.3138
vn 0.4681 0.8800 -0.0807
vn 0.3994 0.9160 0.0365
vn 0.0069 0.9937 0.1121
vn 0.0645 0.9979 0.0056
vn 0.0306 0.9688 -0.2458
vn 0.0582 0.7687 -0.6369
vn -0.0869 0.6924 -0.7163
vn -0.1870 0.6589 -0.7286
vn -0.2316 0.9483 -0.2170
vn -0.2802 0.9533 0.1129
vn -0.2098 0.6310 -0.7469
vn -0.2140 0.6084 -0.7642
vn -0.4027 0.8814 -0.2470
vn -0.5062 0.8390 0.1996
vn -0.5596 0.8026 0.2067
vn -0.3397 0.9266 0.1612
vn -0.7560 0.5996 0.2625
vn -0.6950 0.6670 0.2685
vn -0.5624 0.7812 -0.2712
vn -0.4887 0.7880 0.3744
vn -0.3356 0.8861 0.3196
vn -0.7003 0.5479 0.4576
vn -0.8609 0.4227 0.2831
vn -0.8877 0.3526 0.2962
vn -0.8329 0.2775 0.4789
vn -0.1901 0.7840 0.5909
vn -0.4036 0.5538 0.7283
vn -0.6622 0.2816 0.6944
vn -0.8215 0.1289 0.5555
vn -0.9008 0.0872 0.4255
vn -0.9508 0.1069 0.2908
vn -0.9483 -0.2239 0.2249
vn -0.9292 -0.2122 0.3026
vn -0.9296 -0.1459 0.3384
vn -0.8628 -0.4970 0.0920
vn -0.9033 -0.4194 0.0904
vn -0.8345 -0.5445 0.0845
vn -0.9646 -0.1906 0.1824
vn -0.8400 -0.5373 0.0751
vn -0.9574 0.1428 0.2512
vn -0.9182 0.1487 -0.3671
vn -0.8577 -0.1866 -0.4791
vn -0.8621 0.4285 -0.2705
vn -0.7384 0.6273 -0.2475
vn -0.2478 0.5523 -0.7960
vn -0.2958 0.5415 -0.7870
vn -0.2196 0.5563 -0.8014
vn -0.1521 0.4353 -0.8873
vn -0.1392 0.4957 -0.8573
vn -0.1399 0.5292 -0.8369
vn -0.1512 0.5115 -0.8459
vn -0.1886 0.4179 -0.8887
vn -0.1322 0.5113 -0.8492
vn -0.1509 0.5087 -0.8476
vn -0.1377 0.4507 -0.8820
vn -0.2157 0.5021 -0.8375
vn -0.1843 0.5114 -0.8393
vn -0.1992 0.4951 -0.8457
vn -0.1336 0.4318 -0.8920
vn -0.1582 0.4496 -0.8791
vn -0.1884 0.5264 -0.8291
vn -0.3851 0.6044 -0.6975
vn -0.4144 0.6087 -0.6765
vn -0.4133 0.5889 -0.6945
vn -0.3646 0.3580 -0.8596
vn -0.3059 0.3617 -0.8807
vn -0.5176 0.2938 -0.8036
vn -0.4227 0.4804 -0.7685
vn -0.4639 0.1280 -0.8766
vn -0.4365 0.5917 -0.6777
vn -0.1342 -0.0305 -0.9905
vn -0.1429 0.3124 -0.9392
vn -0.1368 0.5529 -0.8219
vn 0.1590 0.5086 -0.8462
vn 0.1866 0.2939 -0.9375
vn 0.2135 -0.0289 -0.9765
vn 0.3541 0.4141 -0.8385
vn 0.4022 0.0829 -0.9118
vn 0.3547 0.5282 -0.7715
vn -0.0372 0.6668 -0.7443
vn 0.0903 0.6559 -0.7494
vn 0.3012 0.5956 -0.7447
vn 0.3904 0.5775 -0.7170
vn 0.3559 0.5851 -0.7287
vn 0.3140 0.5519 -0.7725
vn 0.1285 0.5952 -0.7933
vn 0.2316 0.5695 -0.7887
vn 0.2896 0.5342 -0.7942
vn 0.0997 0.6806 -0.7258
vn 0.3184 0.5611 -0.7641
vn 0.3900 0.3075 -0.8679
vn 0.0825 0.6221 -0.7786
vn -0.2533 0.8384 -0.4827
vn 0.0617 0.7651 -0.6409
vn -0.3970 0.8939 -0.2080
vn 0.1353 0.1963 -0.9712
vn 0.1638 0.6076 -0.7772
vn 0.0708 0.9949 -0.0718
vn -0.4602 0.8877 -0.0097
vn 0.0554 0.9888 0.1387
vn -0.4492 0.8754 0.1786
vn 0.0869 0.9629 0.2553
vn 0.4287 0.9029 -0.0322
vn 0.4838 0.8438 0.2324
vn 0.5168 0.8108 0.2750
vn -0.3500 0.8075 0.4748
vn 0.1273 0.8891 0.4397
vn 0.5431 0.7520 0.3735
vn 0.8209 0.4617 0.3361
vn 0.7972 0.5364 0.2769
vn 0.7795 0.5816 0.2328
vn 0.1542 0.7089 0.6882
vn 0.5142 0.5090 0.6903
vn 0.7965 0.2717 0.5401
vn 0.9341 -0.0132 0.3568
vn 0.9628 0.0910 0.2545
vn 0.9635 0.1766 0.2013
vn 0.9693 -0.2460 0.0039
vn 0.9507 -0.3024 0.0681
vn 0.9356 -0.3327 0.1186
vn 0.9447 0.0087 0.3279
vn 0.9515 -0.2985 0.0738
vn 0.7339 0.2359 0.6370
vn 0.9437 0.1065 0.3132
vn 0.9552 -0.2934 0.0379
vn 0.6395 0.3452 0.6869
vn 0.3298 0.4468 0.8316
vn 0.1898 0.4233 0.8859
vn 0.1160 0.5121 0.8511
vn 0.5021 0.4441 0.7421
vn 0.7277 0.4261 0.5375
vn 0.1936 0.9438 0.2677
vn 0.5886 0.7657 0.2594
vn 0.8199 0.5465 0.1703
vn -0.0502 0.6982 0.7142
vn 0.0092 0.9731 0.2301
vn -0.1632 0.5518 0.8178
vn 0.0035 0.8185 0.5745
vn 0.0632 0.8078 0.5861
vn 0.2205 0.9393 -0.2627
vn -0.0168 0.9569 -0.2900
vn 0.0064 0.9976 0.0694
vn -0.0442 0.9574 -0.2852
vn 0.0483 0.9753 0.2155
vn -0.0001 0.6238 0.7816
vn -0.0772 0.8814 0.4660
vn 0.1329 0.8316 0.5392
vn -0.1645 0.5035 0.8482
vn -0.3587 0.6341 0.6850
vn 0.1579 0.8047 0.5724
vn -0.0436 0.9874 -0.1524
vn 0.0373 0.9695 -0.2423
vn -0.3464 0.9362 0.0596
vn 0.0185 0.9322 -0.3614
vn -0.1121 0.9391 -0.3248
vn -0.4658 0.8505 -0.2442
vn -0.4694 0.4222 0.7755
vn -0.6699 0.6257 0.3996
vn -0.7451 0.6501 -0.1488
vn -0.2128 0.8320 -0.5123
vn -0.5439 0.7218 -0.4280
vn -0.7694 0.5284 -0.3590
vn -0.4631 0.5869 -0.6641
vn -0.2364 0.7038 -0.6699
vn -0.6794 0.3914 -0.6206
vn -0.9106 0.2911 -0.2935
vn -0.9099 0.4079 -0.0753
vn -0.8238 0.0526 -0.5644
vn -0.6570 -0.1839 -0.7311
vn -0.5508 0.2087 -0.8081
vn -0.4041 0.4795 -0.7790
vn -0.6271 -0.2435 -0.7399
vn -0.6187 0.1220 -0.7761
vn -0.5397 0.4078 -0.7365
vn -0.3339 0.6164 -0.7131
vn -0.4498 0.6353 -0.6278
vn -0.6581 0.3721 -0.6546
vn -0.5505 0.6661 -0.5033
vn -0.6941 0.0840 -0.7149
vn -0.3328 0.9098 -0.2480
vn -0.3042 0.8808 -0.3628
vn -0.2621 0.8354 -0.4831
vn -0.1374 0.9883 -0.0670
vn -0.0880 0.9961 0.0110
vn -0.0473 0.9982 0.0378
vn 0.2104 0.9414 0.2636
vn 0.1133 0.9442 0.3093
vn 0.0048 0.9464 0.3231
vn 0.2949 0.7985 0.5247
vn 0.1607 0.7684 0.6194
vn 0.4189 0.7799 0.4650
vn 0.3111 0.9229 0.2267
vn 0.5959 0.7313 0.3317
vn -0.0189 0.9991 0.0375
vn 0.4021 0.9151 -0.0307
vn 0.5688 0.7873 -0.2378
vn -0.0928 0.9955 0.0179
vn -0.3648 0.9142 -0.1765
vn -0.4188 0.9014 -0.1097
vn -0.6273 0.6922 -0.3568
vn -0.6329 0.7253 -0.2709
vn -0.7760 0.4128 -0.4769
vn -0.8054 0.4371 -0.4004
vn -0.5635 0.7940 -0.2281
vn -0.4225 0.9064 -0.0022
vn -0.7844 0.4326 -0.4445
vn -0.8291 0.1372 -0.5420
vn -0.8766 0.2165 -0.4298
vn -0.8603 0.2108 -0.4642
vn -0.8040 -0.2232 -0.5512
vn -0.8933 -0.1086 -0.4362
vn -0.9023 -0.0201 -0.4307
vn -0.6763 -0.2461 -0.6943
vn -0.5618 -0.6162 -0.5520
vn -0.6440 -0.6244 -0.4420
vn -0.5347 -0.6106 -0.5842
vn -0.6501 -0.5353 -0.5393
vn -0.5360 -0.7979 -0.2758
vn -0.3690 -0.8696 -0.3282
vn -0.3590 -0.8792 -0.3131
vn -0.1984 -0.9751 -0.0987
vn -0.1833 -0.9760 -0.1175
vn -0.3581 -0.9334 -0.0211
vn -0.5570 -0.8256 0.0907
vn -0.7655 -0.6328 -0.1166
vn -0.8820 -0.3001 -0.3633
vn -0.8820 -0.4711 0.0071
vn -0.6511 -0.7456 0.1421
vn -0.9836 -0.0376 -0.1763
vn -0.9921 0.1239 -0.0193
vn -0.9413 -0.3353 0.0379
vn -0.7237 -0.6838 0.0928
vn -0.9388 -0.3361 0.0750
vn -0.7978 -0.6027 0.0175
vn -0.9774 0.0316 0.2090
vn -0.8321 -0.5522 -0.0515
vn -0.5893 -0.8079 0.0101
vn -0.5063 -0.8521 0.1327
vn -0.6625 -0.7385 -0.1253
vn -0.8049 -0.5889 -0.0732
vn -0.6843 -0.7028 -0.1943
vn -0.7536 -0.6554 -0.0513
vn -0.6698 -0.7175 -0.1915
vn -0.6519 -0.7224 -0.2304
vn -0.7194 -0.6929 -0.0482
vn -0.4125 -0.8585 -0.3048
vn -0.3839 -0.8860 -0.2602
vn -0.4446 -0.7816 -0.4375
vn -0.6918 -0.4127 -0.5925
vn -0.4984 -0.4636 -0.7326
vn -0.7579 -0.3592 -0.5447
vn -0.1303 -0.5073 -0.8519
vn -0.1319 -0.8241 -0.5508
vn 0.2125 -0.4962 -0.8418
vn 0.1755 -0.8158 -0.5511
vn 0.4563 -0.4564 -0.7638
vn 0.4245 -0.7754 -0.4674
vn 0.1309 -0.9319 -0.3382
vn 0.3834 -0.8621 -0.3313
vn -0.1215 -0.9361 -0.3301
vn 0.5844 -0.7611 -0.2814
vn 0.5892 -0.7285 -0.3494
vn 0.5982 -0.4071 -0.6902
vn 0.7583 -0.2988 -0.5793
vn 0.7815 -0.5875 -0.2102
vn 0.7705 -0.6181 -0.1555
vn 0.9567 -0.0316 -0.2895
vn 0.4872 0.3770 -0.7877
vn 0.3775 0.3317 -0.8646
vn 0.4232 0.2438 -0.8726
vn -0.0179 0.4792 -0.8775
vn 0.9614 0.2681 0.0613
vn 0.7542 0.4450 -0.4829
vn 0.1431 0.3371 -0.9305
vn 0.0900 0.4419 -0.8925
vn -0.0428 0.2029 -0.9783
vn 0.1536 0.4546 -0.8774
vn 0.1489 0.5791 -0.8016
vn 0.3008 0.5983 -0.7427
vn 0.7401 0.6640 -0.1068
vn 0.7786 -0.6126 -0.1360
vn 0.5854 -0.7609 -0.2799
vn 0.5779 -0.7683 -0.2752
vn 0.8012 -0.5780 -0.1548
vn 0.3073 -0.9129 -0.2687
vn 0.3404 -0.8910 -0.3004
vn 0.0965 -0.9593 -0.2654
vn 0.0688 -0.9740 -0.2158
vn -0.1064 -0.9773 -0.1830
vn -0.1080 -0.9616 -0.2522
vn -0.3514 -0.9209 -0.1687
vn -0.3125 -0.9499 0.0002
vn -0.1059 -0.9942 -0.0193
vn -0.2630 -0.9504 0.1662
vn -0.0801 -0.9802 0.1812
vn 0.0469 -0.9865 0.1566
vn 0.0577 -0.9969 -0.0534
vn 0.2689 -0.9575 -0.1041
vn 0.2187 -0.9703 0.1030
vn 0.1586 -0.9546 0.2523
vn 0.0301 -0.9523 0.3035
vn -0.0384 -0.9500 0.3099
vn -0.0021 -0.9243 0.3816
vn 0.0240 -0.9249 0.3794
vn 0.0972 -0.9344 0.3426
vn 0.0595 -0.9155 0.3979
vn 0.0272 -0.8983 0.4386
vn -0.0214 -0.8220 0.5690
vn -0.1432 -0.9235 0.3560
vn -0.2057 -0.9373 0.2815
vn -0.0100 -0.7934 0.6086
vn -0.1309 -0.3852 0.9135
vn -0.1962 -0.6967 0.6901
vn -0.3683 -0.2776 0.8873
vn 0.0311 -0.8725 0.4876
vn 0.0377 -0.4836 0.8745
vn -0.4230 0.1790 0.8883
vn -0.0544 0.0543 0.9970
vn 0.0379 -0.0884 0.9954
vn -0.1121 0.2777 0.9541
vn 0.0041 0.3261 0.9453
vn -0.3972 0.2682 0.8777
vn 0.0865 0.3354 0.9381
vn 0.1554 -0.1081 0.9819
vn 0.1057 -0.5341 0.8388
vn 0.2716 -0.1996 0.9415
vn 0.3162 0.2676 0.9102
vn 0.1863 -0.5603 0.8071
vn -0.0756 0.6073 0.7909
vn 0.0008 0.6146 0.7889
vn 0.2589 0.5762 0.7753
vn 0.4770 -0.3005 0.8259
vn 0.5383 0.1279 0.8330
vn 0.4720 0.5391 0.6975
vn -0.0284 0.7461 0.6652
vn 0.5870 0.4563 0.6687
vn 0.6577 0.0466 0.7518
vn 0.7519 0.4727 0.4596
vn 0.8675 0.0755 0.4917
vn 0.6659 0.6668 -0.3345
vn 0.7885 0.2476 -0.5630
vn 0.3323 0.8051 -0.4914
vn 0.2680 0.6642 -0.6979
vn 0.1770 0.2192 -0.9595
vn 0.1962 0.6735 -0.7127
vn 0.1263 0.1601 -0.9790
vn 0.2419 0.8950 -0.3749
vn 0.3660 0.8863 -0.2838
vn 0.3087 0.9463 -0.0961
vn 0.2721 0.9382 0.2138
vn 0.3362 0.9086 0.2479
vn 0.3601 0.8983 0.2520
vn 0.2774 0.9484 0.1537
vn 0.0823 0.9521 -0.2944
vn 0.3591 0.8976 0.2557
vn 0.9283 0.3580 0.1004
vn 0.2658 0.9011 0.3425
vn -0.0053 0.9869 -0.1610
vn -0.0797 0.6923 -0.7172
vn -0.2968 0.7845 -0.5445
vn -0.0576 0.9982 -0.0168
vn -0.3155 0.9180 -0.2402
vn 0.1055 0.9173 0.3839
vn -0.0205 0.9315 0.3630
vn -0.0874 0.9865 0.1382
vn -0.1737 0.9765 -0.1273
vn 0.0176 0.9708 0.2392
vn -0.0866 0.9930 -0.0803
vn 0.1420 0.8830 0.4475
vn 0.1445 0.9212 0.3613
vn 0.0174 0.9998 0.0009
vn 0.2680 0.6983 0.6638
vn 0.0744 0.6260 0.7763
vn 0.0476 0.8740 0.4835
vn 0.0117 0.9988 0.0478
vn -0.0978 0.8638 0.4943
vn -0.0737 0.9972 0.0078
vn -0.1148 0.6385 0.7610
vn 0.0845 0.1512 0.9849
vn -0.1405 0.2066 0.9683
vn 0.3738 0.2068 0.9042
vn 0.0379 -0.5157 0.8559
vn -0.1402 -0.4636 0.8749
vn 0.2770 -0.5971 0.7528
vn 0.4449 0.3963 0.8031
vn 0.4814 -0.4256 0.7662
vn 0.3878 -0.6509 0.6526
vn 0.2823 -0.1179 0.9520
vn 0.0185 0.6633 0.7482
vn 0.0038 -0.2274 0.9738
vn 0.0158 -0.7580 0.6521
vn 0.2572 -0.8752 0.4098
vn 0.0689 -0.9427 0.3264
vn 0.1530 -0.9568 0.2473
vn 0.0889 -0.9924 0.0855
vn 0.0956 -0.8987 0.4280
vn 0.0486 -0.9988 -0.0081
vn 0.0864 -0.9939 0.0681
vn 0.0239 -0.9945 0.1015
vn 0.0057 -0.9858 -0.1676
vn 0.0810 -0.9835 -0.1615
vn -0.0026 -0.9665 -0.2566
vn -0.0420 -0.9989 0.0226
vn -0.0452 -0.9959 -0.0778
vn -0.0539 -0.9566 -0.2862
vn -0.0731 -0.9970 0.0260
vn -0.0516 -0.9953 -0.0822
vn -0.0841 -0.9210 -0.3804
vn -0.0211 -0.9737 0.2270
vn -0.1023 -0.9925 0.0668
vn 0.0408 -0.8072 0.5889
vn 0.1553 -0.9466 0.2826
vn -0.0200 -0.9981 -0.0588
vn -0.2382 -0.9316 -0.2747
vn -0.0892 -0.9958 -0.0198
vn -0.2594 -0.9494 0.1772
vn -0.5468 -0.7199 -0.4275
vn -0.0541 -0.9757 -0.2123
vn -0.0459 -0.8155 -0.5769
vn 0.0199 -0.4319 -0.9017
vn -0.8312 0.1069 0.5456
vn -0.3080 0.4098 -0.8586
vn -0.0226 -0.8007 -0.5986
vn 0.0544 -0.3979 -0.9158
vn 0.6012 -0.5538 -0.5761
vn 0.1015 -0.9449 -0.3112
vn -0.0270 -0.9752 -0.2197
vn -0.0688 -0.9884 -0.1352
vn 0.0369 -0.9540 0.2975
vn -0.0642 -0.8961 0.4393
vn -0.0159 -0.9826 0.1848
vn 0.1860 -0.9825 0.0019
vn 0.0243 -0.7824 0.6223
vn 0.1026 -0.6776 0.7282
vn -0.0340 -0.9086 0.4163
vn 0.0059 -0.3074 0.9516
vn 0.1043 -0.3658 0.9248
vn 0.1430 -0.2373 0.9608
vn 0.1790 0.2919 0.9395
vn 0.2365 0.2390 0.9418
vn 0.2619 0.4135 0.8720
vn 0.3614 0.7975 0.4832
vn 0.3298 0.6978 0.6358
vn 0.2369 0.6497 0.7223
vn -0.0099 -0.1375 0.9904
vn 0.0929 0.6584 0.7469
vn 0.1407 0.9718 0.1894
vn -0.1262 0.9108 -0.3930
vn -0.0529 -0.4981 -0.8655
vn 0.0267 0.4483 0.8935
vn 0.1132 -0.8674 0.4845
vn 0.3019 -0.8406 -0.4497
vn 0.2370 0.3312 0.9133
vn 0.1603 -0.5106 0.8447
vn 0.4904 -0.7822 0.3843
vn 0.0089 -0.9974 -0.0709
vn 0.0393 -0.9915 0.1239
vn -0.0831 0.0317 -0.9960
vn -0.0356 0.9954 0.0888
vn 0.0604 -0.0316 0.9977
vn 0.7092 -0.0690 0.7016
vn 0.5174 0.8436 -0.1439
vn 0.5763 -0.8002 -0.1661
vn 0.3693 -0.0484 -0.9280
vn 0.1986 -0.6139 0.7640
vn 0.1504 0.7893 0.5953
vn 0.0315 -0.7777 -0.6278
vn 0.7061 -0.2738 0.6530
vn 0.6561 0.7192 0.2288
vn 0.5611 -0.7064 -0.4315
vn -0.0172 0.6563 -0.7543
vn 0.5472 0.3490 -0.7608
vn 0.0488 0.3735 0.9263
vn 0.1380 0.6681 0.7312
vn -0.0222 -0.0438 0.9988
vn -0.2638 0.1014 0.9592
vn -0.2330 0.4312 0.8716
vn -0.1825 0.7277 0.6611
vn -0.0853 0.9706 0.2250
vn -0.3775 0.7729 0.5100
vn -0.3266 0.5539 0.7658
vn -0.3937 0.8948 0.2107
vn -0.4147 0.9067 0.0772
vn -0.3285 0.9388 0.1035
vn -0.2967 0.8636 0.4076
vn -0.5317 0.8329 -0.1537
vn -0.5824 0.8109 0.0567
vn -0.8000 0.4208 -0.4278
vn -0.8582 0.3688 -0.3571
vn -0.8640 0.1511 -0.4802
vn -0.8892 0.0533 -0.4545
vn -0.9376 -0.2554 -0.2360
vn -0.9855 0.1093 -0.1300
vn -0.6950 0.6346 0.3381
vn -0.9088 -0.0425 -0.4150
vn -0.8944 -0.3988 -0.2024
vn -0.9056 -0.0128 -0.4240
vn -0.8601 -0.4562 -0.2284
vn -0.8122 -0.4997 -0.3010
vn -0.6022 -0.7964 0.0560
vn -0.6543 -0.7386 0.1625
vn -0.5466 -0.8325 -0.0907
vn -0.4856 -0.8563 -0.1759
vn -0.7447 -0.5720 -0.3438
vn -0.4098 -0.8756 -0.2558
vn -0.2896 -0.9568 -0.0267
vn -0.3249 -0.9437 0.0617
vn -0.2290 -0.9683 -0.0993
vn -0.0455 -0.9984 0.0324
vn -0.0965 -0.9948 0.0337
vn -0.1255 -0.9826 0.1367
vn 0.1299 -0.9372 0.3238
vn 0.1880 -0.9352 0.3002
vn 0.0559 -0.9477 0.3143
vn -0.0554 -0.9965 0.0620
vn 0.1324 -0.9447 0.3001
vn 0.2120 -0.7335 0.6458
vn 0.4762 -0.6540 0.5877
vn 0.4251 -0.8276 0.3666
vn 0.6194 -0.3043 0.7237
vn 0.7792 -0.3894 0.4911
vn 0.0495 -0.9787 0.1991
vn -0.0650 -0.9893 -0.1309
vn -0.1376 -0.9827 0.1241
vn -0.2291 -0.9705 0.0749
vn -0.3821 -0.9044 0.1899
vn -0.3642 -0.8749 0.3192
vn -0.4296 -0.8217 0.3745
vn -0.2077 -0.9752 0.0759
vn -0.3028 -0.7673 0.5652
vn -0.3987 -0.6810 0.6142
vn -0.4214 -0.7083 0.5663
vn -0.7278 -0.6380 0.2517
vn -0.8371 -0.2909 0.4633
vn -0.4036 -0.3867 0.8292
vn -0.6597 0.2790 0.6978
vn -0.3142 0.2927 0.9031
vn -0.3284 0.2325 0.9155
vn -0.3742 -0.3370 0.8640
vn -0.2464 0.6994 0.6709
vn -0.3114 -0.3793 0.8713
vn -0.0606 -0.5313 0.8450
vn 0.0018 -0.8249 0.5652
vn -0.0939 -0.9332 0.3468
vn -0.2050 -0.9648 0.1644
vn -0.3615 -0.9006 0.2413
vn -0.4413 -0.8694 0.2224
vn -0.3511 0.7747 -0.5259
vn -0.3093 0.9197 -0.2419
vn -0.3748 0.8947 -0.2429
vn -0.2180 0.9661 -0.1386
vn -0.1647 0.9825 -0.0868
vn -0.3152 0.9489 0.0172
vn -0.3479 0.9375 0.0090
vn -0.2009 0.9022 -0.3816
vn -0.5652 0.8191 -0.0978
vn -0.6120 0.3431 0.7125
vn -0.7676 0.5593 -0.3129
vn -0.1984 0.0355 -0.9795
vn -0.5440 0.2023 -0.8144
vn -0.7689 -0.6368 -0.0581
vn -0.0755 -0.9631 -0.2584
vn -0.5626 -0.7449 -0.3586
vn -0.0851 -0.9888 -0.1227
vn -0.2520 0.9613 0.1117
vn -0.5642 0.7650 0.3104
vn -0.4930 -0.2317 0.8386
vn -0.7340 -0.6548 -0.1802
vn -0.1735 -0.8599 -0.4800
vn -0.1583 -0.8614 -0.4827
vn -0.1265 -0.9886 -0.0814
vn -0.3324 0.9409 -0.0651
vn -0.1468 -0.8936 0.4242
vn -0.4865 0.2959 -0.8221
vn -0.2558 -0.9589 -0.1226
vn -0.1992 0.3223 -0.9255
vn -0.3309 0.9369 -0.1127
vn -0.3061 0.8327 -0.4615
vn -0.4088 0.8890 -0.2065
vn -0.7275 0.3195 -0.6072
vn -0.0356 -0.8625 -0.5048
vn 0.0198 -0.2386 -0.9709
vn 0.0703 -0.3465 -0.9354
vn -0.8887 -0.1316 0.4393
vn -0.3146 -0.5621 -0.7648
vn -0.0780 0.7845 -0.6151
vn -0.0331 -0.1527 -0.9877
vn -0.0310 -0.8370 -0.5463
vn -0.0407 0.6562 -0.7535
vn -0.1942 0.9524 -0.2350
vn -0.1047 0.9009 -0.4212
vn -0.1350 0.8217 -0.5538
vn -0.0825 0.5316 -0.8430
vn 0.0289 -0.2097 -0.9773
vn -0.0936 0.4187 -0.9033
vn -0.0424 -0.2465 -0.9682
vn -0.0961 0.7860 -0.6107
vn -0.1688 0.9478 -0.2706
vn -0.1305 0.9393 -0.3172
vn -0.0607 0.9503 -0.3054
vn -0.0166 0.9421 -0.3349
vn -0.0508 0.7905 -0.6103
vn -0.0956 0.9589 -0.2670
vn -0.3599 0.9045 -0.2288
vn -0.1729 0.9849 -0.0044
vn -0.1978 0.7799 0.5938
vn -0.1029 0.9946 -0.0141
vn -0.1036 0.8835 0.4568
vn -0.0555 0.9982 0.0240
vn -0.0503 0.9221 0.3836
vn -0.0259 0.9650 0.2609
vn -0.0201 0.7092 0.7047
vn -0.1202 0.6832 0.7203
vn 0.1806 0.9813 -0.0668
vn 0.2245 0.9330 0.2812
vn 0.2579 0.7078 0.6576
vn 0.5652 0.6642 0.4893
vn 0.5801 0.8016 0.1447
vn 0.5281 0.8171 -0.2314
vn 0.5463 0.7389 -0.3945
vn 0.2435 0.9668 -0.0779
vn 0.1214 0.9752 0.1849
vn 0.7558 0.6386 -0.1449
vn 0.6853 0.5873 -0.4307
vn 0.7064 0.3661 -0.6058
vn 0.6752 0.3694 -0.6384
vn 0.5941 0.6733 -0.4401
vn 0.3802 0.9105 -0.1628
vn 0.5098 0.6446 -0.5698
vn 0.5369 0.3899 -0.7481
vn 0.4347 0.8060 -0.4017
vn 0.3917 0.9150 0.0968
vn 0.5659 0.7623 -0.3141
vn 0.6709 0.5540 -0.4929
vn 0.7492 -0.4434 0.4920
vn 0.9474 -0.3201 -0.0053
vn 0.8685 -0.4869 0.0932
vn 0.6776 0.2723 -0.6831
vn 0.9375 -0.3387 -0.0793
vn 0.6030 -0.0858 -0.7931
vn 0.4769 -0.0314 -0.8784
vn 0.8671 -0.4923 -0.0757
vn 0.1653 -0.7302 0.6630
vn 0.2498 -0.6273 0.7376
vn 0.1115 -0.8750 0.4711
vn 0.5182 -0.8518 -0.0764
vn 0.3784 -0.6077 -0.6982
vn 0.1524 -0.6449 0.7489
vn -0.2167 -0.6774 0.7030
vn -0.2005 -0.4823 0.8528
vn -0.1973 -0.4409 0.8756
vn 0.4590 -0.8166 -0.3498
vn 0.4186 -0.9081 -0.0087
vn 0.6089 -0.6017 -0.5168
vn 0.6197 -0.0839 -0.7803
vn 0.5065 0.1263 -0.8530
vn 0.4218 0.1809 -0.8885
vn 0.5250 -0.8438 -0.1115
vn 0.5921 -0.8049 -0.0383
vn 0.8179 -0.4467 -0.3625
vn 0.4386 -0.8722 -0.2165
vn 0.8452 -0.0770 -0.5289
vn 0.6143 0.1589 -0.7729
vn 0.5968 0.1672 -0.7848
vn 0.7457 0.2658 -0.6110
vn 0.9550 0.0198 -0.2960
vn 0.8467 0.3782 -0.3743
vn 0.9212 -0.3499 -0.1700
vn 0.9936 0.0744 -0.0846
vn 0.8572 0.4936 -0.1467
vn 0.9444 -0.3283 -0.0206
vn 0.9867 0.0708 0.1462
vn 0.9422 -0.3274 0.0716
vn 0.6810 -0.7316 0.0311
vn 0.7228 -0.6880 0.0648
vn 0.7595 -0.6485 0.0512
vn 0.3210 -0.9179 0.2334
vn 0.3998 -0.9011 0.1680
vn 0.4677 -0.8818 0.0607
vn 0.2519 -0.9324 0.2592
vn 0.2225 -0.9360 0.2728
vn 0.0405 -0.8918 0.4506
vn 0.1669 -0.9745 0.1502
vn -0.0505 -0.8554 0.5155
vn 0.1782 -0.8704 -0.4589
vn 0.0149 -0.9925 -0.1212
vn -0.2443 -0.9666 0.0779
vn -0.0621 -0.5467 0.8350
vn -0.4762 -0.6815 0.5557
vn 0.0544 -0.6259 0.7780
vn 0.0513 -0.8277 0.5589
vn 0.2091 -0.1671 0.9635
vn -0.0513 -0.1231 0.9911
vn 0.0786 -0.1632 0.9835
vn -0.3033 -0.2189 0.9274
vn -0.4182 0.2056 0.8848
vn 0.0547 0.1360 0.9892
vn 0.1669 0.0513 0.9846
vn 0.0397 0.1600 0.9863
vn 0.1367 0.1509 0.9790
vn -0.3775 0.2222 0.8990
vn 0.1105 0.5202 0.8469
vn 0.1461 0.3571 0.9226
vn -0.2656 0.4500 0.8526
vn -0.0056 0.2772 0.9608
vn 0.1396 0.6334 0.7611
vn -0.0456 0.0504 0.9977
vn 0.0675 0.7856 0.6150
vn -0.1491 0.4501 0.8804
vn -0.3694 0.1140 0.9223
vn -0.0974 0.8293 0.5502
vn -0.3381 0.6140 0.7133
vn -0.6827 0.4836 0.5478
vn 0.0526 0.8338 0.5496
vn -0.9960 0.0245 -0.0863
vn -0.3320 0.4964 -0.8021
vn -0.4734 -0.2188 0.8532
vn -0.6922 -0.6256 -0.3599
vn -0.2682 -0.1286 -0.9547
vn -0.4137 -0.7877 -0.4566
vn -0.1930 -0.7760 -0.6004
vn -0.1294 0.4585 -0.8792
vn -0.2212 -0.1715 -0.9600
vn -0.2144 -0.7336 -0.6449
vn 0.0031 -0.7853 -0.6192
vn 0.0902 -0.8341 -0.5443
vn -0.1302 -0.9635 -0.2340
vn -0.0539 -0.9896 0.1334
vn -0.1227 -0.9818 -0.1449
vn -0.1165 -0.9765 0.1813
vn -0.0054 -0.8723 0.4889
vn -0.1258 -0.8389 0.5296
vn -0.1843 -0.9436 0.2750
vn -0.2095 -0.7497 0.6278
vn -0.2113 -0.3005 0.9301
vn -0.1672 0.3340 0.9276
vn -0.0317 -0.1330 0.9906
vn -0.0092 0.4284 0.9035
vn -0.0704 -0.6577 0.7500
vn 0.2115 -0.5913 0.7782
vn 0.2803 -0.0502 0.9586
vn 0.2729 0.4500 0.8503
vn 0.4461 -0.0486 0.8937
vn 0.5205 0.4405 0.7315
vn 0.6880 0.4654 0.5568
vn 0.5565 -0.0695 0.8280
vn 0.6666 0.6614 0.3437
vn 0.9189 0.3911 0.0524
vn 0.8029 0.1760 -0.5696
vn 0.7150 0.2738 -0.6433
vn 0.6390 -0.2053 -0.7413
vn 0.7144 -0.0954 -0.6932
vn 0.8553 -0.2961 -0.4252
vn 0.5901 -0.7688 -0.2463
vn 0.4421 -0.7990 -0.4076
vn 0.4756 -0.6968 -0.5369
vn 0.6268 -0.0536 -0.7773
vn 0.3772 -0.5806 -0.7215
vn 0.2512 -0.5382 -0.8045
vn 0.0710 -0.9002 -0.4296
vn 0.0209 -0.8335 -0.5522
vn -0.1262 -0.9629 -0.2387
vn -0.0986 -0.9832 -0.1538
vn 0.1157 -0.9775 -0.1762
vn -0.0491 -0.9986 0.0198
vn -0.1115 -0.9937 0.0089
vn -0.1678 -0.9848 -0.0442
vn -0.2061 -0.9773 -0.0487
vn -0.1745 -0.9806 -0.0887
vn -0.2084 -0.9481 -0.2403
vn -0.0173 -0.9783 0.2064
vn -0.1244 -0.9889 0.0810
vn -0.1496 -0.9867 -0.0643
vn 0.1075 -0.8595 0.4997
vn -0.0922 -0.9053 0.4146
vn 0.0443 -0.9600 0.2764
vn 0.1643 -0.8228 0.5440
vn 0.2848 -0.5782 0.7646
vn 0.1134 -0.8070 0.5795
vn 0.2636 -0.6049 0.7514
vn 0.4684 -0.7683 0.4362
vn 0.1369 -0.9729 0.1866
vn 0.9082 -0.1818 0.3770
vn 0.3977 0.9088 0.1260
vn 0.1501 0.9757 0.1595
vn 0.1621 0.9665 0.1987
vn 0.3545 0.9143 -0.1958
vn 0.2265 0.9542 -0.1956
vn 0.6085 0.7578 -0.2356
vn 0.3697 0.9271 -0.0619
vn 0.4871 0.7918 -0.3686
vn 0.0692 0.9264 0.3703
vn 0.1410 0.8844 -0.4450
vn 0.3533 0.9270 -0.1258
vn 0.7011 -0.0424 0.7118
vn 0.6556 -0.0534 0.7532
vn 0.7508 0.3508 0.5596
vn 0.6226 0.7825 0.0104
vn 0.0274 0.9044 -0.4258
vn 0.4915 -0.5737 0.6552
vn 0.2048 -0.8012 0.5622
vn 0.9345 0.2297 0.2720
vn 0.1654 0.8867 -0.4316
vn -0.2022 -0.9260 0.3189
vn -0.2230 -0.8647 0.4501
vn -0.1311 -0.9504 0.2819
vn 0.1809 -0.8267 0.5327
vn 0.9560 0.0255 -0.2923
vn 0.5760 -0.0690 -0.8146
vn 0.3342 -0.8679 0.3676
vn 0.1219 0.6923 -0.7112
vn 0.3405 0.7458 -0.5726
vn 0.3908 0.6317 -0.6695
vn 0.6511 0.4696 -0.5963
vn 0.6858 0.6249 -0.3732
vn 0.4737 0.7500 -0.4617
vn 0.0713 0.8660 -0.4949
vn 0.5940 0.4910 -0.6373
vn 0.4413 0.7904 -0.4249
vn 0.4480 0.5595 -0.6973
vn 0.2712 0.8270 -0.4925
vn 0.2570 0.9356 -0.2421
vn 0.2195 0.8471 -0.4839
vn 0.5179 0.6195 -0.5899
vn 0.3005 0.8110 -0.5019
vn 0.1732 0.8438 -0.5080
vn 0.0711 0.8274 -0.5570
vn 0.1361 0.8225 -0.5523
vn 0.1428 0.9077 -0.3946
vn 0.0078 0.7762 -0.6304
vn 0.0126 0.8573 -0.5147
vn 0.0064 0.8306 -0.5568
vn 0.0659 0.9196 -0.3873
vn -0.0332 0.9170 -0.3976
vn 0.2810 0.8840 -0.3737
vn 0.5883 0.7106 -0.3859
vn 0.5751 0.7933 -0.1999
vn -0.1512 0.8209 -0.5507
vn -0.1316 0.9784 -0.1593
vn -0.0371 0.9796 -0.1973
vn -0.0934 0.9360 0.3393
vn -0.1427 0.9051 0.4005
vn 0.0981 0.9942 -0.0440
vn -0.0974 0.8266 0.5543
vn -0.1408 0.6718 0.7272
vn -0.1819 0.4685 0.8645
vn -0.0205 0.4805 0.8767
vn -0.3290 0.3095 0.8922
vn -0.0587 0.7117 0.7000
vn 0.2343 0.9333 0.2723
vn -0.0223 -0.9650 0.2612
vn 0.0246 -0.9683 0.2485
vn 0.4532 0.2118 0.8659
vn 0.6597 0.2662 0.7028
vn 0.0457 0.6318 0.7738
vn 0.5404 -0.8301 -0.1379
vn 0.8044 -0.5883 -0.0825
vn -0.3068 0.9417 -0.1385
vn -0.1641 -0.8614 0.4807
vn -0.8147 -0.5358 0.2219
vn -0.3258 0.4430 -0.8352
vn -0.8831 0.3322 0.3313
vn -0.0766 0.9087 0.4104
vn 0.2894 0.8764 0.3850
vn -0.0791 0.6432 0.7616
vn -0.0199 0.7291 -0.6841
vn 0.3591 0.7287 -0.5831
vn 0.2058 0.7198 -0.6630
vn -0.4191 0.4619 -0.7816
vn -0.5274 0.5909 -0.6105
vn -0.4986 0.5840 -0.6406
vn -0.4376 0.6205 -0.6508
vn -0.4198 0.5487 -0.7230
vn -0.2925 0.3983 -0.8694
vn -0.7965 -0.4990 0.3415
vn 0.3824 0.6449 -0.6618
vn 0.8406 0.4557 -0.2930
vt 0.647153 0.771451
vt 0.652861 0.769737
vt 0.660471 0.781580
vt 0.657371 0.785731
vt 0.630758 0.756268
vt 0.638438 0.751732
vt 0.642560 0.772798
vt 0.627699 0.760735
vt 0.654136 0.788707
vt 0.640961 0.776962
vt 0.650932 0.789234
vt 0.629489 0.767555
vt 0.667083 0.801630
vt 0.670866 0.796370
vt 0.660654 0.799322
vt 0.652115 0.798558
vt 0.643747 0.790363
vt 0.635720 0.780028
vt 0.626671 0.785381
vt 0.632053 0.793262
vt 0.638517 0.800495
vt 0.670318 0.811893
vt 0.656751 0.806015
vt 0.641777 0.807393
vt 0.628787 0.804061
vt 0.623717 0.798934
vt 0.633136 0.809277
vt 0.627182 0.812025
vt 0.622906 0.808416
vt 0.618229 0.803936
vt 0.613877 0.797698
vt 0.618863 0.792979
vt 0.609722 0.799882
vt 0.614369 0.806966
vt 0.618932 0.812422
vt 0.608875 0.786525
vt 0.614087 0.785915
vt 0.603676 0.786449
vt 0.611454 0.810271
vt 0.606468 0.801766
vt 0.600325 0.788322
vt 0.606976 0.767780
vt 0.596695 0.761508
vt 0.590890 0.765442
vt 0.585803 0.774377
vt 0.598079 0.791904
vt 0.603688 0.803663
vt 0.601266 0.808532
vt 0.594678 0.796537
vt 0.583934 0.783395
vt 0.593011 0.805646
vt 0.582622 0.793646
vt 0.599158 0.814771
vt 0.606360 0.817241
vt 0.605041 0.822739
vt 0.608521 0.813025
vt 0.610894 0.823157
vt 0.609245 0.829244
vt 0.612759 0.818325
vt 0.615728 0.814942
vt 0.620308 0.821339
vt 0.617618 0.824682
vt 0.623269 0.816750
vt 0.631308 0.816575
vt 0.629437 0.821202
vt 0.626246 0.826474
vt 0.636732 0.822814
vt 0.636316 0.815571
vt 0.633708 0.830990
vt 0.623060 0.831336
vt 0.627809 0.835944
vt 0.646799 0.823712
vt 0.641908 0.833178
vt 0.635045 0.841348
vt 0.619557 0.838258
vt 0.619528 0.833132
vt 0.624981 0.843697
vt 0.630763 0.853587
vt 0.646091 0.849768
vt 0.656436 0.836769
vt 0.613350 0.843162
vt 0.613089 0.833138
vt 0.619169 0.853816
vt 0.647063 0.862027
vt 0.625507 0.862201
vt 0.659211 0.852112
vt 0.654479 0.871894
vt 0.666116 0.860050
vt 0.671716 0.851008
vt 0.689298 0.843777
vt 0.683923 0.856404
vt 0.679529 0.866478
vt 0.706936 0.841978
vt 0.706666 0.851647
vt 0.694111 0.829992
vt 0.679708 0.829147
vt 0.685487 0.825473
vt 0.688385 0.821836
vt 0.702034 0.833367
vt 0.705045 0.837806
vt 0.128978 0.752205
vt 0.139760 0.753563
vt 0.134882 0.772502
vt 0.125960 0.769629
vt 0.145446 0.734367
vt 0.136948 0.733819
vt 0.126982 0.730131
vt 0.119771 0.735252
vt 0.092123 0.721965
vt 0.112925 0.722234
vt 0.101110 0.740170
vt 0.121233 0.717735
vt 0.112391 0.714165
vt 0.110754 0.705398
vt 0.119562 0.705280
vt 0.121294 0.693153
vt 0.127648 0.709861
vt 0.129154 0.697232
vt 0.129217 0.691868
vt 0.123755 0.680404
vt 0.138608 0.681492
vt 0.114087 0.681266
vt 0.130166 0.654916
vt 0.138050 0.663853
vt 0.145710 0.673806
vt 0.674399 0.787967
vt 0.139507 0.692327
vt 0.145902 0.686819
vt 0.155462 0.680626
vt 0.159009 0.657908
vt 0.161103 0.668555
vt 0.167363 0.677916
vt 0.170746 0.687353
vt 0.159614 0.690166
vt 0.152399 0.691101
vt 0.175092 0.667389
vt 0.181524 0.676080
vt 0.183390 0.685674
vt 0.185154 0.699165
vt 0.172192 0.699960
vt 0.162973 0.700912
vt 0.165112 0.715910
vt 0.173390 0.715474
vt 0.184571 0.715163
vt 0.196769 0.701029
vt 0.198008 0.715937
vt 0.192086 0.685177
vt 0.208598 0.701274
vt 0.211106 0.716311
vt 0.200360 0.685610
vt 0.188188 0.672714
vt 0.195163 0.671908
vt 0.200193 0.671092
vt 0.206827 0.684879
vt 0.211421 0.692677
vt 0.205288 0.672292
vt 0.211348 0.682831
vt 0.217956 0.691493
vt 0.644015 0.725358
vt 0.638505 0.719101
vt 0.657140 0.710611
vt 0.661531 0.714914
vt 0.182365 0.656619
vt 0.189658 0.654047
vt 0.158967 0.646891
vt 0.173644 0.638550
vt 0.626397 0.737413
vt 0.618119 0.728052
vt 0.652923 0.700888
vt 0.638888 0.706575
vt 0.629358 0.719336
vt 0.627487 0.710248
vt 0.615291 0.725560
vt 0.603863 0.734287
vt 0.601214 0.732546
vt 0.617498 0.743302
vt 0.597164 0.743759
vt 0.591456 0.740936
vt 0.612959 0.754640
vt 0.594838 0.725574
vt 0.610358 0.716895
vt 0.585000 0.736298
vt 0.604275 0.705009
vt 0.587102 0.715557
vt 0.574189 0.727883
vt 0.588724 0.749570
vt 0.579422 0.748097
vt 0.565147 0.737909
vt 0.575669 0.701902
vt 0.562384 0.716748
vt 0.552221 0.725885
vt 0.546853 0.699718
vt 0.561699 0.682537
vt 0.538787 0.709525
vt 0.545513 0.732653
vt 0.559285 0.746485
vt 0.531019 0.714488
vt 0.514934 0.698169
vt 0.521434 0.691486
vt 0.529876 0.682801
vt 0.493477 0.679314
vt 0.498657 0.672145
vt 0.504166 0.664083
vt 0.536121 0.671444
vt 0.508456 0.655433
vt 0.474829 0.643176
vt 0.479509 0.634795
vt 0.470663 0.650642
vt 0.484612 0.625899
vt 0.512577 0.645590
vt 0.539890 0.658724
vt 0.542530 0.647273
vt 0.516723 0.635317
vt 0.490750 0.615884
vt 0.497038 0.605417
vt 0.521966 0.624922
vt 0.544911 0.636811
vt 0.527672 0.614562
vt 0.547900 0.626151
vt 0.502285 0.595424
vt 0.478848 0.585569
vt 0.483497 0.579643
vt 0.469937 0.594522
vt 0.471539 0.568731
vt 0.477344 0.566900
vt 0.453896 0.576479
vt 0.461432 0.602717
vt 0.445645 0.588284
vt 0.455571 0.612584
vt 0.440426 0.595498
vt 0.450004 0.620826
vt 0.434618 0.602881
vt 0.429559 0.586772
vt 0.434499 0.581485
vt 0.424758 0.592810
vt 0.445125 0.628308
vt 0.429525 0.610399
vt 0.420063 0.598045
vt 0.441417 0.635042
vt 0.425041 0.617104
vt 0.415435 0.604327
vt 0.466423 0.656717
vt 0.462878 0.662214
vt 0.437887 0.640677
vt 0.487524 0.684474
vt 0.508403 0.703701
vt 0.502400 0.708832
vt 0.481160 0.689354
vt 0.458498 0.668176
vt 0.473289 0.695389
vt 0.450747 0.674543
vt 0.495018 0.713297
vt 0.512422 0.728201
vt 0.519227 0.723578
vt 0.525125 0.718901
vt 0.533976 0.741573
vt 0.528301 0.746332
vt 0.539795 0.737401
vt 0.554395 0.753708
vt 0.549585 0.759813
vt 0.545295 0.765265
vt 0.567026 0.774735
vt 0.567294 0.785298
vt 0.570297 0.768198
vt 0.580262 0.808726
vt 0.265919 0.831630
vt 0.259590 0.824630
vt 0.280003 0.813531
vt 0.282852 0.822088
vt 0.575541 0.822749
vt 0.562223 0.792911
vt 0.591520 0.819387
vt 0.596027 0.836418
vt 0.598803 0.825853
vt 0.601277 0.839666
vt 0.604349 0.841471
vt 0.603498 0.830509
vt 0.604659 0.855688
vt 0.592925 0.851642
vt 0.609535 0.860080
vt 0.612096 0.853515
vt 0.624101 0.866352
vt 0.609392 0.839301
vt 0.642316 0.883441
vt 0.633095 0.882435
vt 0.162138 0.820612
vt 0.153725 0.822411
vt 0.148624 0.798252
vt 0.157112 0.797783
vt 0.670575 0.876123
vt 0.142958 0.774935
vt 0.150885 0.775044
vt 0.141178 0.798088
vt 0.158879 0.774942
vt 0.167973 0.797038
vt 0.167871 0.775044
vt 0.174090 0.818051
vt 0.170954 0.753819
vt 0.163344 0.754057
vt 0.155414 0.754366
vt 0.158028 0.733956
vt 0.164796 0.733074
vt 0.173028 0.732543
vt 0.158251 0.715933
vt 0.152369 0.715839
vt 0.152955 0.734128
vt 0.148156 0.754450
vt 0.145547 0.717185
vt 0.155849 0.701534
vt 0.150270 0.703746
vt 0.144917 0.705085
vt 0.136846 0.719335
vt 0.136007 0.707686
vt 0.130014 0.719800
vt 0.137904 0.697509
vt 0.142950 0.697066
vt 0.147956 0.695193
vt 0.183053 0.732485
vt 0.180621 0.753148
vt 0.193643 0.750579
vt 0.195107 0.732344
vt 0.199146 0.769641
vt 0.180922 0.774049
vt 0.184546 0.794716
vt 0.206351 0.789189
vt 0.213752 0.810012
vt 0.191161 0.815095
vt 0.219754 0.824309
vt 0.196872 0.828997
vt 0.182053 0.832145
vt 0.225178 0.835543
vt 0.205546 0.841913
vt 0.252204 0.813879
vt 0.245860 0.798839
vt 0.276167 0.801358
vt 0.269700 0.782647
vt 0.259487 0.758136
vt 0.233792 0.776860
vt 0.223525 0.757539
vt 0.247461 0.741928
vt 0.264737 0.723462
vt 0.274906 0.736224
vt 0.483921 0.797671
vt 0.497159 0.777000
vt 0.519082 0.789295
vt 0.503655 0.806598
vt 0.472155 0.769669
vt 0.461424 0.789925
vt 0.455109 0.803576
vt 0.474243 0.809221
vt 0.434771 0.800332
vt 0.439883 0.785965
vt 0.446812 0.767219
vt 0.486639 0.745038
vt 0.512070 0.760263
vt 0.457581 0.747432
vt 0.431208 0.762861
vt 0.432239 0.771400
vt 0.425386 0.769951
vt 0.429019 0.785169
vt 0.442406 0.747138
vt 0.417106 0.768918
vt 0.420994 0.762931
vt 0.430903 0.744520
vt 0.612297 0.587094
vt 0.582909 0.593675
vt 0.582643 0.581053
vt 0.609208 0.573738
vt 0.618384 0.569907
vt 0.620002 0.579398
vt 0.561590 0.598205
vt 0.563521 0.585641
vt 0.450636 0.732352
vt 0.440251 0.730720
vt 0.555223 0.583425
vt 0.552456 0.597637
vt 0.442616 0.723805
vt 0.449977 0.725243
vt 0.582635 0.608543
vt 0.564965 0.613704
vt 0.551478 0.613895
vt 0.539378 0.581355
vt 0.535676 0.592216
vt 0.531403 0.603802
vt 0.566964 0.627118
vt 0.506913 0.586775
vt 0.510885 0.578551
vt 0.490217 0.575297
vt 0.494337 0.569599
vt 0.484733 0.566849
vt 0.489237 0.564737
vt 0.456780 0.969539
vt 0.451381 0.975338
vt 0.449080 0.958513
vt 0.455133 0.956671
vt 0.461337 0.955988
vt 0.461687 0.966755
vt 0.455385 0.939279
vt 0.460363 0.939529
vt 0.450335 0.938362
vt 0.448937 0.981242
vt 0.444971 0.958203
vt 0.445387 0.936841
vt 0.436557 0.978791
vt 0.437648 0.955154
vt 0.440926 0.935359
vt 0.449991 0.920916
vt 0.453305 0.923372
vt 0.445237 0.919144
vt 0.450040 0.909063
vt 0.454244 0.912780
vt 0.916047 0.307318
vt 0.921033 0.309659
vt 0.915664 0.320374
vt 0.910802 0.317432
vt 0.456774 0.924905
vt 0.925497 0.312360
vt 0.920795 0.322920
vt 0.926001 0.298938
vt 0.935343 0.302299
vt 0.919241 0.296833
vt 0.867975 0.048811
vt 0.872346 0.049505
vt 0.861538 0.065162
vt 0.853990 0.065201
vt 0.846158 0.063117
vt 0.863243 0.046592
vt 0.845489 0.090872
vt 0.838581 0.089642
vt 0.851576 0.092922
vt 0.837007 0.115284
vt 0.832689 0.118720
vt 0.844172 0.111442
vt 0.876520 0.400153
vt 0.880475 0.396067
vt 0.880993 0.417770
vt 0.877313 0.419200
vt 0.874203 0.420280
vt 0.873157 0.399954
vt 0.873885 0.438457
vt 0.868949 0.439928
vt 0.876592 0.437908
vt 0.884500 0.416821
vt 0.880707 0.435814
vt 0.883973 0.393267
vt 0.887951 0.417130
vt 0.883496 0.437317
vt 0.888522 0.390332
vt 0.877973 0.374597
vt 0.884248 0.381817
vt 0.857095 0.093762
vt 0.849051 0.111293
vt 0.888333 0.367666
vt 0.884788 0.363963
vt 0.868904 0.064489
vt 0.880925 0.346790
vt 0.887261 0.346802
vt 0.891942 0.347935
vt 0.893675 0.369608
vt 0.896039 0.348598
vt 0.968245 0.392217
vt 0.965213 0.395558
vt 0.955805 0.375155
vt 0.960010 0.372062
vt 0.897678 0.373996
vt 0.893557 0.391857
vt 0.963448 0.369918
vt 0.971112 0.389829
vt 0.901466 0.378359
vt 0.897296 0.394637
vt 0.795777 0.062385
vt 0.792978 0.085975
vt 0.785682 0.085103
vt 0.791290 0.063531
vt 0.793165 0.111227
vt 0.787788 0.107800
vt 0.955296 0.357737
vt 0.959177 0.354390
vt 0.963598 0.352483
vt 0.966410 0.368271
vt 0.951418 0.346233
vt 0.956481 0.344260
vt 0.961435 0.341301
vt 0.951644 0.359400
vt 0.944583 0.346925
vt 0.897104 0.333334
vt 0.902328 0.335118
vt 0.901735 0.323467
vt 0.908666 0.323245
vt 0.415514 0.908817
vt 0.411267 0.908685
vt 0.408186 0.899148
vt 0.411684 0.898269
vt 0.949032 0.338960
vt 0.938833 0.338623
vt 0.407351 0.908732
vt 0.403902 0.903183
vt 0.411406 0.923240
vt 0.406156 0.921353
vt 0.401465 0.918639
vt 0.928800 0.328119
vt 0.924231 0.331887
vt 0.923596 0.328590
vt 0.461251 0.926900
vt 0.464424 0.927007
vt 0.464962 0.938662
vt 0.394316 0.934361
vt 0.389110 0.930573
vt 0.467425 0.955299
vt 0.466937 0.966072
vt 0.385013 0.946927
vt 0.381212 0.938435
vt 0.400789 0.938681
vt 0.393732 0.955415
vt 0.407596 0.941770
vt 0.400337 0.960835
vt 0.415114 0.925442
vt 0.420692 0.909531
vt 0.420355 0.927476
vt 0.413981 0.944964
vt 0.426494 0.913294
vt 0.431600 0.915597
vt 0.426786 0.930160
vt 0.419880 0.948526
vt 0.425637 0.951350
vt 0.431784 0.932301
vt 0.436755 0.917126
vt 0.440987 0.918122
vt 0.436456 0.934016
vt 0.431649 0.953462
vt 0.438821 0.905409
vt 0.443287 0.906211
vt 0.446621 0.909412
vt 0.452567 0.900709
vt 0.456809 0.903024
vt 0.449334 0.896578
vt 0.880327 0.308581
vt 0.881750 0.303543
vt 0.886910 0.312807
vt 0.884705 0.320041
vt 0.458644 0.905650
vt 0.455990 0.904603
vt 0.890214 0.331949
vt 0.885074 0.331165
vt 0.895108 0.320849
vt 0.905464 0.309992
vt 0.910039 0.311331
vt 0.294246 0.830031
vt 0.294883 0.814981
vt 0.302383 0.816526
vt 0.299436 0.829886
vt 0.304165 0.817082
vt 0.302962 0.830490
vt 0.882299 0.298584
vt 0.888396 0.310083
vt 0.297846 0.801423
vt 0.304248 0.801639
vt 0.289050 0.829349
vt 0.291363 0.814218
vt 0.293337 0.800797
vt 0.283614 0.827996
vt 0.284058 0.815798
vt 0.365858 0.688255
vt 0.370885 0.684706
vt 0.372792 0.696458
vt 0.367559 0.698140
vt 0.362322 0.698106
vt 0.362322 0.687259
vt 0.364863 0.682194
vt 0.304248 0.840837
vt 0.300650 0.839620
vt 0.297152 0.839751
vt 0.874019 0.293530
vt 0.874620 0.290077
vt 0.872369 0.298013
vt 0.868949 0.286861
vt 0.870933 0.284484
vt 0.462510 0.893680
vt 0.462113 0.887976
vt 0.464911 0.884203
vt 0.467425 0.890964
vt 0.458595 0.892781
vt 0.460099 0.887756
vt 0.455233 0.889487
vt 0.459988 0.884510
vt 0.878493 0.048528
vt 0.420672 0.972492
vt 0.428231 0.975144
vt 0.413386 0.969186
vt 0.406181 0.991329
vt 0.414149 0.993979
vt 0.422228 0.995771
vt 0.429846 0.997739
vt 0.426901 0.558132
vt 0.421598 0.567172
vt 0.409739 0.565478
vt 0.407054 0.556063
vt 0.440230 0.562573
vt 0.431521 0.569251
vt 0.438114 0.575041
vt 0.461738 0.556910
vt 0.424466 0.576831
vt 0.416499 0.573590
vt 0.420746 0.582361
vt 0.413161 0.579456
vt 0.417414 0.586783
vt 0.410547 0.584455
vt 0.413827 0.591271
vt 0.409237 0.589312
vt 0.405349 0.589353
vt 0.405763 0.583613
vt 0.408161 0.578657
vt 0.408066 0.593853
vt 0.404958 0.595931
vt 0.410462 0.597210
vt 0.407103 0.601801
vt 0.411276 0.610009
vt 0.403621 0.607280
vt 0.401647 0.600162
vt 0.408005 0.616894
vt 0.417364 0.630426
vt 0.421458 0.623826
vt 0.433973 0.647255
vt 0.412708 0.637065
vt 0.404133 0.622920
vt 0.429731 0.655228
vt 0.442765 0.681329
vt 0.423500 0.660421
vt 0.409678 0.643383
vt 0.417141 0.666797
vt 0.435014 0.685842
vt 0.407503 0.652623
vt 0.465304 0.701090
vt 0.458917 0.706976
vt 0.453607 0.713850
vt 0.430235 0.691213
vt 0.409543 0.671867
vt 0.442214 0.712055
vt 0.422939 0.693724
vt 0.407199 0.679037
vt 0.400481 0.674871
vt 0.397409 0.667079
vt 0.397813 0.648043
vt 0.389920 0.644228
vt 0.400185 0.633066
vt 0.394740 0.624745
vt 0.399990 0.613483
vt 0.392276 0.613067
vt 0.397919 0.605036
vt 0.385404 0.627439
vt 0.380275 0.612036
vt 0.390503 0.603284
vt 0.396409 0.597260
vt 0.400704 0.592270
vt 0.401619 0.586353
vt 0.395818 0.589440
vt 0.404655 0.579634
vt 0.402379 0.578051
vt 0.399888 0.575704
vt 0.390625 0.590178
vt 0.409307 0.572399
vt 0.384349 0.589885
vt 0.397209 0.572548
vt 0.406540 0.965667
vt 0.398311 0.988116
vt 0.391569 0.982924
vt 0.386028 0.977054
vt 0.380275 0.969822
vt 0.496779 0.563449
vt 0.515767 0.571390
vt 0.491031 0.560357
vt 0.462218 0.728888
vt 0.475074 0.723838
vt 0.485818 0.718674
vt 0.502777 0.734340
vt 0.521159 0.752182
vt 0.539416 0.770213
vt 0.531277 0.777335
vt 0.928189 0.317916
vt 0.930800 0.320374
vt 0.936611 0.310986
vt 0.937436 0.316381
vt 0.936118 0.321866
vt 0.949251 0.314943
vt 0.947407 0.308369
vt 0.944017 0.321087
vt 0.937525 0.325061
vt 0.935170 0.326997
vt 0.940574 0.325634
vt 0.946346 0.325866
vt 0.943717 0.325916
vt 0.950374 0.325968
vt 0.944704 0.330331
vt 0.942542 0.328300
vt 0.946714 0.333887
vt 0.954678 0.318940
vt 0.957619 0.321811
vt 0.955976 0.323537
vt 0.956802 0.325438
vt 0.955554 0.328110
vt 0.958174 0.335552
vt 0.953511 0.336920
vt 0.956670 0.310904
vt 0.939055 0.336312
vt 0.791318 0.024357
vt 0.794432 0.024331
vt 0.797238 0.030353
vt 0.794104 0.033353
vt 0.787273 0.014595
vt 0.785969 0.015837
vt 0.788127 0.012732
vt 0.791932 0.016812
vt 0.954006 0.305512
vt 0.960198 0.302296
vt 0.960272 0.308853
vt 0.965719 0.305198
vt 0.967671 0.298920
vt 0.783771 0.006803
vt 0.785448 0.004218
vt 0.781333 0.005995
vt 0.780596 0.000381
vt 0.795877 0.039144
vt 0.802369 0.046900
vt 0.804067 0.047399
vt 0.800129 0.033567
vt 0.792248 0.017033
vt 0.795344 0.020290
vt 0.971112 0.296610
vt 0.965351 0.295214
vt 0.970710 0.292737
vt 0.957050 0.291494
vt 0.964902 0.290045
vt 0.807919 0.064159
vt 0.799600 0.063843
vt 0.813415 0.044425
vt 0.816482 0.064584
vt 0.952964 0.298198
vt 0.826470 0.063529
vt 0.819970 0.045802
vt 0.823564 0.087862
vt 0.815211 0.087924
vt 0.807680 0.087778
vt 0.813477 0.116192
vt 0.807192 0.114968
vt 0.819929 0.117017
vt 0.835812 0.063133
vt 0.831454 0.088137
vt 0.826411 0.117445
vt 0.821749 0.151206
vt 0.817699 0.150734
vt 0.812660 0.150890
vt 0.811847 0.178913
vt 0.806177 0.182777
vt 0.816622 0.179986
vt 0.809155 0.211626
vt 0.801766 0.214693
vt 0.812159 0.213995
vt 0.815734 0.213790
vt 0.820349 0.187637
vt 0.810188 0.237887
vt 0.813595 0.239625
vt 0.804616 0.230116
vt 0.816374 0.240575
vt 0.818663 0.217827
vt 0.821148 0.193640
vt 0.594486 0.909934
vt 0.604508 0.892294
vt 0.611275 0.896469
vt 0.601396 0.913346
vt 0.608503 0.918067
vt 0.617007 0.900144
vt 0.596513 0.929450
vt 0.591013 0.926020
vt 0.585417 0.922312
vt 0.580011 0.918558
vt 0.588016 0.907526
vt 0.594944 0.894111
vt 0.584760 0.934244
vt 0.580799 0.927744
vt 0.573353 0.926645
vt 0.566562 0.915658
vt 0.573947 0.911495
vt 0.580895 0.904784
vt 0.568949 0.903284
vt 0.562377 0.903022
vt 0.574720 0.902492
vt 0.584247 0.895930
vt 0.575217 0.896468
vt 0.568017 0.895999
vt 0.583967 0.892376
vt 0.574887 0.891967
vt 0.568056 0.891298
vt 0.561809 0.895726
vt 0.774427 0.929619
vt 0.774929 0.926637
vt 0.784122 0.925696
vt 0.781711 0.929980
vt 0.765415 0.930352
vt 0.774856 0.936497
vt 0.769292 0.938467
vt 0.765140 0.925649
vt 0.775976 0.924053
vt 0.767956 0.923311
vt 0.784495 0.924453
vt 0.753622 0.924873
vt 0.757284 0.932706
vt 0.758430 0.921535
vt 0.779976 0.920117
vt 0.772136 0.918947
vt 0.764999 0.918409
vt 0.753465 0.914183
vt 0.763448 0.915091
vt 0.741093 0.914549
vt 0.740746 0.902496
vt 0.757063 0.902306
vt 0.765542 0.908485
vt 0.731211 0.918880
vt 0.712482 0.904551
vt 0.715862 0.898428
vt 0.742759 0.928248
vt 0.717866 0.890795
vt 0.739871 0.891633
vt 0.755874 0.893922
vt 0.718884 0.882339
vt 0.262925 0.671169
vt 0.252469 0.681913
vt 0.246175 0.675142
vt 0.257908 0.666138
vt 0.269192 0.674934
vt 0.258696 0.687592
vt 0.238137 0.692683
vt 0.230641 0.683399
vt 0.243883 0.700686
vt 0.222487 0.703020
vt 0.228029 0.712496
vt 0.264336 0.692496
vt 0.250118 0.707811
vt 0.233772 0.721255
vt 0.270816 0.697282
vt 0.256709 0.714972
vt 0.239841 0.730813
vt 0.278158 0.702765
vt 0.448713 0.810760
vt 0.432915 0.810792
vt 0.275671 0.678043
vt 0.282852 0.680650
vt 0.418455 0.813539
vt 0.422280 0.801723
vt 0.721640 0.923432
vt 0.707699 0.909678
vt 0.408172 0.817113
vt 0.413763 0.804106
vt 0.731178 0.933327
vt 0.749524 0.936137
vt 0.740366 0.941328
vt 0.731694 0.952648
vt 0.720248 0.942952
vt 0.410779 0.796849
vt 0.400410 0.813904
vt 0.402220 0.804167
vt 0.419902 0.781071
vt 0.423213 0.787240
vt 0.413154 0.782445
vt 0.405683 0.792662
vt 0.415819 0.777220
vt 0.419498 0.774953
vt 0.414451 0.771800
vt 0.409388 0.775252
vt 0.405063 0.781643
vt 0.634623 0.577343
vt 0.630453 0.564245
vt 0.639416 0.563919
vt 0.643770 0.576687
vt 0.627294 0.581172
vt 0.623794 0.567013
vt 0.642809 0.590994
vt 0.637298 0.586742
vt 0.632663 0.590574
vt 0.651094 0.579284
vt 0.648015 0.593459
vt 0.652297 0.565432
vt 0.663100 0.593310
vt 0.663569 0.580122
vt 0.665498 0.567050
vt 0.685435 0.580662
vt 0.681468 0.571281
vt 0.674609 0.562386
vt 0.681971 0.554766
vt 0.692715 0.564797
vt 0.699594 0.569701
vt 0.791911 0.182048
vt 0.798844 0.173980
vt 0.796172 0.186974
vt 0.396345 0.803338
vt 0.390490 0.804482
vt 0.393272 0.797609
vt 0.399922 0.799656
vt 0.785658 0.181533
vt 0.792260 0.170307
vt 0.397670 0.805580
vt 0.780596 0.180479
vt 0.784028 0.169042
vt 0.722015 0.956930
vt 0.723670 0.960942
vt 0.721476 0.960304
vt 0.807338 0.148742
vt 0.801289 0.144736
vt 0.794873 0.141245
vt 0.800276 0.113016
vt 0.799874 0.087811
vt 0.789270 0.137414
vt 0.968583 0.355203
vt 0.969654 0.366451
vt 0.895929 0.418789
vt 0.899718 0.398389
vt 0.901361 0.419702
vt 0.894045 0.445151
vt 0.904033 0.420820
vt 0.900284 0.446765
vt 0.891522 0.439118
vt 0.891859 0.417095
vt 0.887961 0.439009
vt 0.712706 0.985934
vt 0.713681 0.981083
vt 0.725267 0.982332
vt 0.721043 0.990473
vt 0.718090 0.996381
vt 0.709356 0.989043
vt 0.822449 0.222343
vt 0.822922 0.203172
vt 0.824569 0.205493
vt 0.825750 0.221535
vt 0.824348 0.256196
vt 0.820689 0.253102
vt 0.826044 0.254363
vt 0.832706 0.222834
vt 0.825947 0.281940
vt 0.822838 0.279382
vt 0.819102 0.273100
vt 0.817217 0.272902
vt 0.602991 0.939285
vt 0.600238 0.934223
vt 0.612344 0.925913
vt 0.615253 0.933664
vt 0.590770 0.940658
vt 0.592298 0.944057
vt 0.590021 0.935995
vt 0.585734 0.941853
vt 0.581578 0.941299
vt 0.578470 0.936355
vt 0.575423 0.941682
vt 0.565940 0.935398
vt 0.582008 0.944495
vt 0.581985 0.947974
vt 0.575705 0.947483
vt 0.566794 0.946190
vt 0.561663 0.920426
vt 0.777219 0.967489
vt 0.772268 0.972123
vt 0.768811 0.955294
vt 0.774232 0.952173
vt 0.762847 0.940923
vt 0.778980 0.948396
vt 0.764043 0.960433
vt 0.756648 0.945871
vt 0.750914 0.951294
vt 0.759561 0.964895
vt 0.766527 0.975733
vt 0.760905 0.977882
vt 0.753843 0.977606
vt 0.754614 0.968184
vt 0.746055 0.960462
vt 0.741798 0.971591
vt 0.727768 0.965672
vt 0.751435 0.986799
vt 0.740405 0.982319
vt 0.726543 0.975226
vt 0.749796 0.995297
vt 0.736832 0.992143
vt 0.733826 0.999619
vt 0.832860 0.261713
vt 0.833178 0.283721
vt 0.713712 0.974257
vt 0.596863 0.957611
vt 0.604291 0.951469
vt 0.617007 0.953627
vt 0.611592 0.961459
vt 0.604028 0.945171
vt 0.616898 0.943229
vt 0.595392 0.951983
vt 0.593363 0.947820
vt 0.586892 0.949406
vt 0.582097 0.957475
vt 0.586055 0.945135
vt 0.567422 0.954569
vt 0.766895 0.988408
vt 0.760025 0.987790
vt 0.715543 0.968504
vt 0.398466 0.790293
vt 0.703312 0.575664
vt 0.691413 0.587314
vt 0.664691 0.601713
vt 0.694551 0.594976
vt 0.666610 0.613298
vt 0.800806 0.884819
vt 0.790469 0.885661
vt 0.782767 0.874092
vt 0.793828 0.870896
vt 0.802175 0.897069
vt 0.791192 0.892202
vt 0.810414 0.887823
vt 0.810109 0.899322
vt 0.788325 0.895709
vt 0.798073 0.903326
vt 0.800328 0.910595
vt 0.803626 0.911387
vt 0.808102 0.911749
vt 0.795725 0.910206
vt 0.791794 0.903452
vt 0.795959 0.913361
vt 0.791218 0.914303
vt 0.791566 0.911239
vt 0.788887 0.905196
vt 0.794594 0.918479
vt 0.787425 0.919372
vt 0.799416 0.916020
vt 0.784222 0.915195
vt 0.785376 0.911670
vt 0.775152 0.911362
vt 0.774346 0.914559
vt 0.777397 0.904270
vt 0.785826 0.909828
vt 0.771582 0.900090
vt 0.767473 0.894665
vt 0.778834 0.887641
vt 0.781354 0.892687
vt 0.783487 0.898201
vt 0.761905 0.887638
vt 0.771108 0.879793
vt 0.740168 0.880877
vt 0.700750 0.612898
vt 0.682801 0.633685
vt 0.668248 0.629812
vt 0.695821 0.605770
vt 0.642226 0.622127
vt 0.643356 0.636083
vt 0.670014 0.655156
vt 0.657824 0.656295
vt 0.644586 0.657131
vt 0.620594 0.669495
vt 0.616645 0.648076
vt 0.614540 0.635643
vt 0.591921 0.664760
vt 0.590348 0.651918
vt 0.596685 0.686616
vt 0.640715 0.686038
vt 0.625102 0.693875
vt 0.651307 0.682140
vt 0.664683 0.674551
vt 0.665460 0.694455
vt 0.254282 0.658741
vt 0.239409 0.666803
vt 0.223280 0.676445
vt 0.668918 0.705455
vt 0.719434 0.870896
vt 0.564801 0.661035
vt 0.566390 0.648669
vt 0.588784 0.641016
vt 0.566863 0.638299
vt 0.587349 0.631614
vt 0.613564 0.625537
vt 0.610712 0.617458
vt 0.585768 0.621497
vt 0.608295 0.608252
vt 0.603116 0.601073
vt 0.624621 0.593675
vt 0.631288 0.600289
vt 0.641924 0.607789
vt 0.794717 0.921495
vt 0.795829 0.923203
vt 0.801357 0.916998
vt 0.804453 0.918435
vt 0.594371 0.884203
vt 0.594872 0.889382
vt 0.586351 0.886288
vt 0.598384 0.885545
vt 0.602215 0.888160
vt 0.800875 0.232094
vt 0.706936 0.562887
vt 0.703079 0.557146
vt 0.819346 0.896702
vt 0.817499 0.902754
vt 0.217494 0.742658
vt 0.213205 0.729349
vt 0.946181 0.300136
vt 0.944270 0.285903
vt 0.949140 0.284484
vt 0.938242 0.286640
vt 0.938279 0.332633
vt 0.939517 0.327965
vt 0.172741 0.835373
vt 0.614150 0.827813
vt 0.572662 0.757794
vt 0.616959 0.775713
vt 0.624414 0.769034
vt 0.176606 0.660040
vt 0.680081 0.809974
vt 0.677803 0.811892
vt 0.674217 0.813338
vt 0.674452 0.824219
vt 0.658527 0.812151
vt 0.667564 0.817287
vt 0.669387 0.825668
vt 0.668623 0.838747
vt 0.659359 0.822734
vt 0.645186 0.814692
vt 0.367057 0.720217
vt 0.362765 0.719587
vt 0.363602 0.716121
vt 0.367057 0.715758
s 1
f 1886/2016/1886 1887/2017/1887 1983/2018/1888 1889/2019/1889
f 1886/2016/1886 1888/2020/1890 2757/2021/1891 1887/2017/1887
f 1888/2020/1890 1886/2016/1886 1890/2022/1892 1892/2023/1893
f 1890/2022/1892 1886/2016/1886 1889/2019/1889 1893/2024/1894
f 1891/2025/1895 1890/2022/1892 1893/2024/1894 1895/2026/1896
f 1890/2022/1892 1891/2025/1895 2756/2027/1897 1892/2023/1893
f 1894/2028/1898 1893/2024/1894 1889/2019/1889 2761/2029/1899
f 1896/2030/1900 1895/2026/1896 1893/2024/1894 1894/2028/1898
f 1900/2031/1901 1897/2032/1902 1895/2026/1896 1896/2030/1900
f 1899/2033/1903 1891/2025/1895 1895/2026/1896 1897/2032/1902
f 2755/2034/1904 1899/2033/1903 1897/2032/1902 1898/2035/1905
f 1902/2036/1906 1898/2035/1905 1897/2032/1902 1900/2031/1901
f 1900/2031/1901 1896/2030/1900 2765/2037/1907 1901/2038/1908
f 1900/2031/1901 1901/2038/1908 1903/2039/1909 1902/2036/1906
f 1898/2035/1905 1902/2036/1906 1904/2040/1910 1907/2041/1911
f 1903/2039/1909 1905/2042/1912 1904/2040/1910 1902/2036/1906
f 1905/2042/1912 1937/2043/1913 1906/2044/1914 1904/2040/1910
f 1907/2041/1911 1904/2040/1910 1906/2044/1914 1909/2045/1915
f 1911/2046/1916 1908/2047/1917 1907/2041/1911 1909/2045/1915
f 1908/2047/1917 2755/2034/1904 1898/2035/1905 1907/2041/1911
f 1913/2048/1918 1911/2046/1916 1909/2045/1915 1910/2049/1919
f 1909/2045/1915 1906/2044/1914 1935/2050/1920 1910/2049/1919
f 1911/2046/1916 1912/2051/1921 2754/2052/1922 1908/2047/1917
f 1912/2051/1921 1911/2046/1916 1913/2048/1918 1915/2053/1923
f 1932/2054/1924 1914/2055/1925 1913/2048/1918 1910/2049/1919
f 1917/2056/1926 1915/2053/1923 1913/2048/1918 1914/2055/1925
f 2752/2057/1927 1912/2051/1921 1915/2053/1923 1916/2058/1928
f 1918/2059/1929 1916/2058/1928 1915/2053/1923 1917/2056/1926
f 1921/2060/1930 1918/2059/1929 1917/2056/1926 1919/2061/1931
f 1920/2062/1932 1919/2061/1931 1917/2056/1926 1914/2055/1925
f 1919/2061/1931 1920/2062/1932 1925/2063/1933 1922/2064/1934
f 1922/2064/1934 1923/2065/1935 1921/2060/1930 1919/2061/1931
f 1922/2064/1934 1924/2066/1936 2096/2067/1937 1923/2065/1935
f 1922/2064/1934 1925/2063/1933 1926/2068/1938 1924/2066/1936
f 1927/2069/1939 1928/2070/1940 1926/2068/1938 1925/2063/1933
f 1930/2071/1941 1927/2069/1939 1925/2063/1933 1920/2062/1932
f 1927/2069/1939 1929/2072/1942 2742/2073/1943 1928/2070/1940
f 1930/2071/1941 1931/2074/1944 1929/2072/1942 1927/2069/1939
f 1932/2054/1924 1933/2075/1945 1931/2074/1944 1930/2071/1941
f 1932/2054/1924 1930/2071/1941 1920/2062/1932 1914/2055/1925
f 1932/2054/1924 1910/2049/1919 1935/2050/1920 1933/2075/1945
f 1934/2076/1946 2746/2077/1947 1931/2074/1944 1933/2075/1945
f 1935/2050/1920 1936/2078/1948 1934/2076/1946 1933/2075/1945
f 1937/2043/1913 1936/2078/1948 1935/2050/1920 1906/2044/1914
f 1936/2078/1948 1937/2043/1913 1939/2079/1949 1938/2080/1950
f 1938/2080/1950 1941/2081/1951 1934/2076/1946 1936/2078/1948
f 1940/2082/1952 1938/2080/1950 1939/2079/1949 2775/2083/1953
f 1938/2080/1950 1940/2082/1952 1943/2084/1954 1941/2081/1951
f 1942/2085/1955 2746/2077/1947 1934/2076/1946 1941/2081/1951
f 1942/2085/1955 1941/2081/1951 1943/2084/1954 1945/2086/1956
f 1943/2084/1954 1940/2082/1952 2772/2087/1957 1944/2088/1958
f 1947/2089/1959 1945/2086/1956 1943/2084/1954 1944/2088/1958
f 1945/2086/1956 1946/2090/1960 2745/2091/1961 1942/2085/1955
f 1946/2090/1960 1945/2086/1956 1947/2089/1959 1949/2092/1962
f 1951/2093/1963 1949/2092/1962 1947/2089/1959 1948/2094/1964
f 2773/2095/1965 1948/2094/1964 1947/2089/1959 1944/2088/1958
f 1946/2090/1960 1949/2092/1962 1950/2096/1966 2743/2097/1967
f 1951/2093/1963 1952/2098/1968 1950/2096/1966 1949/2092/1962
f 1952/2098/1968 1951/2093/1963 1953/2099/1969 1954/2100/1970
f 1953/2099/1969 1951/2093/1963 1948/2094/1964 1955/2101/1971
f 1958/2102/1972 1954/2100/1970 1953/2099/1969 1956/2103/1973
f 1957/2104/1974 1956/2103/1973 1953/2099/1969 1955/2101/1971
f 1956/2103/1973 1957/2104/1974 1962/2105/1975 1959/2106/1976
f 1959/2106/1976 1960/2107/1977 1958/2102/1972 1956/2103/1973
f 1960/2107/1977 1959/2106/1976 1961/2108/1978 2146/2109/1979
f 1962/2105/1975 1964/2110/1980 1961/2108/1978 1959/2106/1976
f 2764/2111/1981 1963/2112/1982 1962/2105/1975 1957/2104/1974
f 1965/2113/1983 1964/2110/1980 1962/2105/1975 1963/2112/1982
f 1965/2113/1983 1969/2114/1984 1966/2115/1985 1964/2110/1980
f 1966/2116/1985 1968/2117/1986 1961/2118/1978 1964/2119/1980
f 2131/2120/1987 1968/2117/1986 1966/2116/1985 1967/2121/1988
f 1970/2122/1989 1967/2121/1988 1966/2116/1985 1969/2123/1984
f 1972/2124/1990 1971/2125/1991 1969/2123/1984 1965/2126/1983
f 1973/2127/1992 1970/2122/1989 1969/2123/1984 1971/2125/1991
f 1974/2128/1993 1971/2125/1991 1972/2124/1990 1975/2129/1994
f 1971/2125/1991 1974/2128/1993 1976/2130/1995 1973/2127/1992
f 1975/2129/1994 1978/2131/1996 1976/2130/1995 1974/2128/1993
f 2139/2132/1997 1973/2127/1992 1976/2130/1995 1977/2133/1998
f 1979/2134/1999 1977/2133/1998 1976/2130/1995 1978/2131/1996
f 1979/2134/1999 1978/2131/1996 1980/2135/2000 1982/2136/2001
f 1975/2129/1994 1983/2137/1888 1980/2135/2000 1978/2131/1996
f 1887/2138/1887 1981/2139/2002 1980/2135/2000 1983/2137/1888
f 1980/2135/2000 1981/2139/2002 1985/2140/2003 1982/2136/2001
f 2761/2029/1899 1889/2019/1889 1983/2018/1888 1975/2141/1994
f 2141/2142/2004 1979/2134/1999 1982/2136/2001 1984/2143/2005
f 1982/2136/2001 1985/2140/2003 1987/2144/2006 1984/2143/2005
f 2758/2145/2007 1986/2146/2008 1985/2140/2003 1981/2139/2002
f 1986/2146/2008 1989/2147/2009 1987/2144/2006 1985/2140/2003
f 1991/2148/2010 1988/2149/2011 1987/2144/2006 1989/2147/2009
f 1987/2144/2006 1988/2149/2011 2144/2150/2012 1984/2143/2005
f 1989/2147/2009 1986/2146/2008 2760/2151/2013 1990/2152/2014
f 1991/2148/2010 1989/2147/2009 1990/2152/2014 1992/2153/2015
f 1991/2148/2010 1992/2153/2015 1996/2154/2016 1993/2155/2017
f 1988/2149/2011 1991/2148/2010 1993/2155/2017 1994/2156/2018
f 2126/2157/2019 1994/2156/2018 1993/2155/2017 1995/2158/2020
f 1995/2158/2020 1993/2155/2017 1996/2154/2016 1997/2159/2021
f 1996/2154/2016 1998/2160/2022 1999/2161/2023 1997/2159/2021
f 1992/2153/2015 2001/2162/2024 1998/2160/2022 1996/2154/2016
f 2000/2163/2025 2732/2164/2026 1999/2161/2023 1998/2160/2022
f 2003/2165/2027 2000/2163/2025 1998/2160/2022 2001/2162/2024
f 2001/2162/2024 2002/2166/2028 2004/2167/2029 2003/2165/2027
f 2001/2162/2024 1992/2153/2015 1990/2152/2014 2002/2166/2028
f 2003/2165/2027 2004/2167/2029 2008/2168/2030 2005/2169/2031
f 2005/2169/2031 2007/2170/2032 2000/2163/2025 2003/2165/2027
f 2005/2169/2031 2008/2168/2030 2009/2171/2033 2006/2172/2034
f 2006/2172/2034 2733/2173/2035 2007/2170/2032 2005/2169/2031
f 2010/2174/2036 2013/2175/2037 2009/2176/2033 2008/2177/2030
f 2011/2178/2038 2010/2179/2036 2008/2168/2030 2004/2167/2029
f 2010/2179/2036 2011/2178/2038 2757/2180/1891 2012/2181/2039
f 2012/2182/2039 2016/2183/2040 2013/2175/2037 2010/2174/2036
f 2693/2184/2041 2009/2176/2033 2013/2175/2037 2014/2185/2042
f 2014/2185/2042 2013/2175/2037 2015/2186/2043 2689/2187/2044
f 2016/2183/2040 2017/2188/2045 2015/2186/2043 2013/2175/2037
f 2016/2183/2040 2018/2189/2046 2021/2190/2047 2017/2188/2045
f 2020/2191/2048 2018/2189/2046 2016/2183/2040 2012/2182/2039
f 2019/2192/2049 2022/2193/2050 2021/2190/2047 2018/2189/2046
f 2018/2189/2046 2020/2191/2048 2750/2194/2051 2019/2192/2049
f 2017/2188/2045 2021/2190/2047 2023/2195/2052 2025/2196/2053
f 2022/2193/2050 2026/2197/2054 2023/2195/2052 2021/2190/2047
f 2690/2198/2055 2025/2196/2053 2023/2195/2052 2024/2199/2056
f 2023/2195/2052 2026/2197/2054 2028/2200/2057 2024/2199/2056
f 2022/2193/2050 2749/2201/2058 2027/2202/2059 2026/2197/2054
f 2026/2197/2054 2027/2202/2059 2029/2203/2060 2028/2200/2057
f 2031/2204/2061 2024/2199/2056 2028/2200/2057 2030/2205/2062
f 2030/2205/2062 2028/2200/2057 2029/2203/2060 2033/2206/2063
f 2030/2205/2062 2032/2207/2064 2698/2208/2065 2031/2204/2061
f 2032/2207/2064 2030/2205/2062 2033/2206/2063 2035/2209/2066
f 2034/2210/2067 2033/2206/2063 2029/2203/2060 2748/2211/2068
f 2036/2212/2069 2035/2209/2066 2033/2206/2063 2034/2210/2067
f 2038/2213/2070 2037/2214/2071 2035/2209/2066 2036/2212/2069
f 2040/2215/2072 2032/2207/2064 2035/2209/2066 2037/2214/2071
f 2078/2216/2073 2039/2217/2074 2037/2214/2071 2038/2213/2070
f 2042/2218/2075 2040/2215/2072 2037/2214/2071 2039/2217/2074
f 2040/2215/2072 2041/2219/2076 2698/2208/2065 2032/2207/2064
f 2040/2215/2072 2042/2218/2075 2044/2220/2077 2041/2219/2076
f 2044/2220/2077 2042/2218/2075 2043/2221/2078 2045/2222/2079
f 2039/2217/2074 2075/2223/2080 2043/2221/2078 2042/2218/2075
f 2048/2224/2081 2046/2225/2082 2044/2220/2077 2045/2222/2079
f 2047/2226/2083 2041/2219/2076 2044/2220/2077 2046/2225/2082
f 2051/2227/2084 2047/2226/2083 2046/2225/2082 2049/2228/2085
f 2050/2229/2086 2049/2228/2085 2046/2225/2082 2048/2224/2081
f 2049/2228/2085 2050/2229/2086 2055/2230/2087 2052/2231/2088
f 2052/2231/2088 2053/2232/2089 2051/2227/2084 2049/2228/2085
f 2053/2232/2089 2052/2231/2088 2054/2233/2090 2195/2234/2091
f 2052/2231/2088 2055/2230/2087 2056/2235/2092 2054/2233/2090
f 2057/2236/2093 2058/2237/2094 2056/2235/2092 2055/2230/2087
f 2060/2238/2095 2057/2236/2093 2055/2230/2087 2050/2229/2086
f 2058/2237/2094 2057/2236/2093 2059/2239/2096 2202/2240/2097
f 2060/2238/2095 2061/2241/2098 2059/2239/2096 2057/2236/2093
f 2062/2242/2099 2063/2243/2100 2061/2241/2098 2060/2238/2095
f 2062/2242/2099 2060/2238/2095 2050/2229/2086 2048/2224/2081
f 2062/2242/2099 2064/2244/2101 2066/2245/2102 2063/2243/2100
f 2064/2244/2101 2062/2242/2099 2048/2224/2081 2045/2222/2079
f 2065/2246/2103 2068/2247/2104 2066/2245/2102 2064/2244/2101
f 2064/2244/2101 2045/2222/2079 2043/2221/2078 2065/2246/2103
f 2063/2243/2100 2066/2245/2102 2067/2248/2105 2341/2249/2106
f 2068/2247/2104 2069/2250/2107 2067/2248/2105 2066/2245/2102
f 2068/2247/2104 2065/2246/2103 2073/2251/2108 2070/2252/2109
f 2070/2252/2109 2072/2253/2110 2069/2250/2107 2068/2247/2104
f 2073/2251/2108 2074/2254/2111 2071/2255/2112 2070/2252/2109
f 2072/2253/2110 2070/2252/2109 2071/2255/2112 2352/2256/2113
f 2076/2257/2114 2074/2254/2111 2073/2251/2108 2075/2223/2080
f 2043/2221/2078 2075/2223/2080 2073/2251/2108 2065/2246/2103
f 2075/2223/2080 2039/2217/2074 2078/2216/2073 2076/2257/2114
f 2074/2254/2111 2076/2257/2114 2077/2258/2115 2358/2259/2116
f 2077/2258/2115 2076/2257/2114 2078/2216/2073 2079/2260/2117
f 2080/2261/2118 2079/2260/2117 2078/2216/2073 2038/2213/2070
f 2079/2260/2117 2080/2261/2118 2084/2262/2119 2081/2263/2120
f 2081/2263/2120 2082/2264/2121 2077/2258/2115 2079/2260/2117
f 2082/2264/2121 2081/2263/2120 2083/2265/2122 2363/2266/2123
f 2084/2262/2119 2085/2267/2124 2083/2265/2122 2081/2263/2120
f 2087/2268/2125 2085/2267/2124 2084/2262/2119 2086/2269/2126
f 2088/2270/2127 2086/2269/2126 2084/2262/2119 2080/2261/2118
f 2087/2268/2125 2086/2269/2126 2089/2271/2128 2091/2272/2129
f 2089/2271/2128 2086/2269/2126 2088/2270/2127 2090/2273/2130
f 2094/2274/2131 2092/2275/2132 2089/2271/2128 2090/2273/2130
f 2093/2276/2133 2091/2272/2129 2089/2271/2128 2092/2275/2132
f 2092/2275/2132 2095/2277/2134 2098/2278/2135 2093/2276/2133
f 2094/2274/2131 2097/2279/2136 2095/2277/2134 2092/2275/2132
f 2097/2279/2136 1923/2065/1935 2096/2067/1937 2095/2277/2134
f 2096/2067/1937 2100/2280/2137 2098/2278/2135 2095/2277/2134
f 2098/2281/2135 2099/2282/2138 2412/2283/2139 2093/2284/2133
f 2101/2285/2140 2099/2286/2138 2098/2278/2135 2100/2280/2137
f 2101/2285/2140 2100/2280/2137 2102/2287/2141 2103/2288/2142
f 2102/2287/2141 2100/2280/2137 2096/2067/1937 1924/2066/1936
f 1926/2068/1938 2104/2289/2143 2102/2287/2141 1924/2066/1936
f 2106/2290/2144 2103/2288/2142 2102/2287/2141 2104/2289/2143
f 2108/2291/2145 2106/2290/2144 2104/2289/2143 2105/2292/2146
f 2105/2292/2146 2104/2289/2143 1926/2068/1938 1928/2070/1940
f 2107/2293/2147 2158/2294/2148 2103/2288/2142 2106/2290/2144
f 2106/2290/2144 2108/2291/2145 2109/2295/2149 2107/2293/2147
f 2110/2296/2150 2112/2297/2151 2109/2295/2149 2108/2291/2145
f 2105/2292/2146 2111/2298/2152 2110/2296/2150 2108/2291/2145
f 1950/2096/1966 1952/2098/1968 2110/2296/2150 2111/2298/2152
f 1954/2100/1970 2112/2297/2151 2110/2296/2150 1952/2098/1968
f 2113/2299/2153 2114/2300/2154 2109/2295/2149 2112/2297/2151
f 2112/2297/2151 1954/2100/1970 1958/2102/1972 2113/2299/2153
f 2114/2301/2154 2113/2302/2153 2115/2303/2155 2117/2304/2156
f 2115/2305/2155 2113/2299/2153 1958/2102/1972 1960/2107/1977
f 2146/2306/1979 2116/2307/2157 2115/2303/2155 1960/2308/1977
f 2119/2309/2158 2117/2304/2156 2115/2303/2155 2116/2307/2157
f 2118/2310/2159 2117/2304/2156 2119/2309/2158 2120/2311/2160
f 2117/2304/2156 2118/2310/2159 2157/2312/2161 2114/2301/2154
f 2123/2313/2162 2120/2311/2160 2119/2309/2158 2121/2314/2163
f 2122/2315/2164 2121/2314/2163 2119/2309/2158 2116/2307/2157
f 2121/2314/2163 2122/2315/2164 2127/2316/2165 2124/2317/2166
f 2124/2317/2166 2125/2318/2167 2123/2313/2162 2121/2314/2163
f 2125/2318/2167 2124/2317/2166 2126/2157/2019 1995/2158/2020
f 2127/2316/2165 2128/2319/2168 2126/2157/2019 2124/2317/2166
f 2132/2320/2169 2128/2319/2168 2127/2316/2165 2129/2321/2170
f 2130/2322/2171 2129/2321/2170 2127/2316/2165 2122/2315/2164
f 2131/2120/1987 2129/2321/2170 2130/2322/2171 1968/2117/1986
f 2132/2320/2169 2129/2321/2170 2131/2120/1987 2134/2323/2172
f 2145/2324/2173 2128/2319/2168 2132/2320/2169 2133/2325/2174
f 2133/2325/2174 2132/2320/2169 2134/2323/2172 2135/2326/2175
f 2136/2327/2176 2134/2323/2172 2131/2120/1987 1967/2121/1988
f 2137/2328/2177 2135/2326/2175 2134/2323/2172 2136/2327/2176
f 2137/2328/2177 2136/2327/2176 2138/2329/2178 2139/2132/1997
f 1967/2121/1988 1970/2122/1989 2138/2329/2178 2136/2327/2176
f 1973/2127/1992 2139/2132/1997 2138/2329/2178 1970/2122/1989
f 1977/2133/1998 2140/2330/2179 2137/2328/2177 2139/2132/1997
f 2137/2328/2177 2140/2330/2179 2142/2331/2180 2135/2326/2175
f 1977/2133/1998 1979/2134/1999 2141/2142/2004 2140/2330/2179
f 2141/2142/2004 2143/2332/2181 2142/2331/2180 2140/2330/2179
f 2133/2325/2174 2135/2326/2175 2142/2331/2180 2143/2332/2181
f 2141/2142/2004 1984/2143/2005 2144/2150/2012 2143/2332/2181
f 2143/2332/2181 2144/2150/2012 2145/2324/2173 2133/2325/2174
f 1988/2149/2011 1994/2156/2018 2145/2324/2173 2144/2150/2012
f 2145/2324/2173 1994/2156/2018 2126/2157/2019 2128/2319/2168
f 1961/2118/1978 1968/2117/1986 2130/2322/2171 2146/2306/1979
f 2116/2307/2157 2146/2306/1979 2130/2322/2171 2122/2315/2164
f 1995/2158/2020 1997/2159/2021 2147/2333/2182 2125/2318/2167
f 2147/2333/2182 2149/2334/2183 2123/2313/2162 2125/2318/2167
f 2150/2335/2184 2149/2334/2183 2147/2333/2182 2148/2336/2185
f 1999/2161/2023 2148/2336/2185 2147/2333/2182 1997/2159/2021
f 2149/2334/2183 2150/2335/2184 2152/2337/2186 2151/2338/2187
f 2151/2338/2187 2120/2311/2160 2123/2313/2162 2149/2334/2183
f 2153/2339/2188 2151/2338/2187 2152/2337/2186 2154/2340/2189
f 2120/2311/2160 2151/2338/2187 2153/2339/2188 2118/2310/2159
f 2156/2341/2190 2155/2342/2191 2153/2339/2188 2154/2340/2189
f 2157/2312/2161 2118/2310/2159 2153/2339/2188 2155/2342/2191
f 2155/2342/2191 2156/2341/2190 2159/2343/2192 2158/2344/2148
f 2158/2344/2148 2107/2345/2147 2157/2312/2161 2155/2342/2191
f 2159/2343/2192 2101/2346/2140 2103/2347/2142 2158/2344/2148
f 2099/2282/2138 2101/2346/2140 2159/2343/2192 2160/2348/2193
f 2162/2349/2194 2160/2348/2193 2159/2343/2192 2156/2341/2190
f 2160/2348/2193 2161/2350/2195 2412/2283/2139 2099/2282/2138
f 2161/2350/2195 2160/2348/2193 2162/2349/2194 2163/2351/2196
f 2166/2352/2197 2163/2351/2196 2162/2349/2194 2164/2353/2198
f 2154/2340/2189 2164/2353/2198 2162/2349/2194 2156/2341/2190
f 2165/2354/2199 2167/2355/2200 2166/2352/2197 2164/2353/2198
f 2164/2353/2198 2154/2340/2189 2152/2337/2186 2165/2354/2199
f 2167/2355/2200 2170/2356/2201 2168/2357/2202 2166/2352/2197
f 2168/2358/2202 2169/2359/2203 2163/2360/2196 2166/2361/2197
f 2174/2362/2204 2169/2359/2203 2168/2358/2202 2171/2363/2205
f 2172/2364/2206 2171/2363/2205 2168/2358/2202 2170/2365/2201
f 2528/2366/2207 2173/2367/2208 2171/2363/2205 2172/2364/2206
f 2176/2368/2209 2174/2362/2204 2171/2363/2205 2173/2367/2208
f 2169/2359/2203 2174/2362/2204 2175/2369/2210 2411/2370/2211
f 2176/2368/2209 2178/2371/2212 2175/2369/2210 2174/2362/2204
f 2179/2372/2213 2176/2368/2209 2177/2373/2214 2180/2374/2215
f 2173/2367/2208 2539/2375/2216 2177/2373/2214 2176/2368/2209
f 2178/2371/2212 2176/2368/2209 2179/2372/2213 2181/2376/2217
f 2184/2377/2218 2182/2378/2219 2179/2372/2213 2180/2374/2215
f 2179/2372/2213 2182/2378/2219 2185/2379/2220 2181/2376/2217
f 2183/2380/2221 2186/2381/2222 2185/2382/2220 2182/2383/2219
f 2182/2383/2219 2184/2384/2218 2729/2385/2223 2183/2380/2221
f 2185/2382/2220 2186/2381/2222 2190/2386/2224 2187/2387/2225
f 2189/2388/2226 2181/2376/2217 2185/2379/2220 2187/2389/2225
f 2188/2390/2227 2187/2387/2225 2190/2386/2224 2192/2391/2228
f 2187/2389/2225 2188/2392/2227 2405/2393/2229 2189/2388/2226
f 2186/2381/2222 2708/2394/2230 2191/2395/2231 2190/2386/2224
f 2192/2391/2228 2190/2386/2224 2191/2395/2231 2194/2396/2232
f 2404/2397/2233 2188/2390/2227 2192/2391/2228 2193/2398/2234
f 2196/2399/2235 2193/2398/2234 2192/2391/2228 2194/2396/2232
f 2194/2396/2232 2195/2234/2091 2054/2233/2090 2196/2399/2235
f 2194/2396/2232 2191/2395/2231 2709/2400/2236 2195/2234/2091
f 2197/2401/2237 2198/2402/2238 2193/2398/2234 2196/2399/2235
f 2196/2399/2235 2054/2233/2090 2056/2235/2092 2197/2401/2237
f 2199/2403/2239 2200/2404/2240 2198/2402/2238 2197/2401/2237
f 2056/2235/2092 2058/2237/2094 2199/2403/2239 2197/2401/2237
f 2201/2405/2241 2203/2406/2242 2200/2404/2240 2199/2403/2239
f 2058/2237/2094 2202/2240/2097 2201/2405/2241 2199/2403/2239
f 2201/2407/2241 2202/2408/2097 2207/2409/2243 2204/2410/2244
f 2204/2410/2244 2205/2411/2245 2203/2412/2242 2201/2407/2241
f 2206/2413/2246 2277/2414/2247 2205/2411/2245 2204/2410/2244
f 2204/2410/2244 2207/2409/2243 2208/2415/2248 2206/2413/2246
f 2202/2408/2097 2059/2416/2096 2209/2417/2249 2207/2409/2243
f 2209/2417/2249 2211/2418/2250 2208/2415/2248 2207/2409/2243
f 2332/2419/2251 2210/2420/2252 2209/2417/2249 2059/2416/2096
f 2212/2421/2253 2211/2418/2250 2209/2417/2249 2210/2420/2252
f 2213/2422/2254 2216/2423/2255 2208/2415/2248 2211/2418/2250
f 2213/2422/2254 2211/2418/2250 2212/2421/2253 2214/2424/2256
f 2213/2422/2254 2214/2424/2256 2301/2425/2257 2215/2426/2258
f 2215/2427/2258 2218/2428/2259 2216/2429/2255 2213/2430/2254
f 2208/2415/2248 2216/2423/2255 2217/2431/2260 2206/2413/2246
f 2218/2428/2259 2219/2432/2261 2217/2433/2260 2216/2429/2255
f 2218/2428/2259 2220/2434/2262 2222/2435/2263 2219/2432/2261
f 2215/2427/2258 2221/2436/2264 2220/2434/2262 2218/2428/2259
f 2220/2437/2262 2221/2438/2264 2225/2439/2265 2223/2440/2266
f 2223/2440/2266 2224/2441/2267 2222/2442/2263 2220/2437/2262
f 2224/2441/2267 2223/2440/2266 2226/2443/2268 2227/2444/2269
f 2225/2439/2265 2228/2445/2270 2226/2443/2268 2223/2440/2266
f 2227/2444/2269 2226/2443/2268 2229/2446/2271 2231/2447/2272
f 2228/2445/2270 2230/2448/2273 2229/2446/2271 2226/2443/2268
f 2229/2449/2271 2230/2450/2273 2235/2451/2274 2232/2452/2275
f 2229/2449/2271 2232/2452/2275 2233/2453/2276 2231/2454/2272
f 2234/2455/2277 2466/2456/2278 2233/2453/2276 2232/2452/2275
f 2234/2455/2277 2232/2452/2275 2235/2451/2274 2236/2457/2279
f 2235/2451/2274 2237/2458/2280 2239/2459/2281 2236/2457/2279
f 2240/2460/2282 2237/2458/2280 2235/2451/2274 2230/2450/2273
f 2237/2458/2280 2238/2461/2283 2585/2462/2284 2239/2459/2281
f 2237/2458/2280 2240/2460/2282 2241/2463/2285 2238/2461/2283
f 2241/2463/2285 2240/2460/2282 2242/2464/2286 2243/2465/2287
f 2230/2448/2273 2228/2445/2270 2242/2466/2286 2240/2467/2282
f 2247/2468/2288 2243/2465/2287 2242/2464/2286 2245/2469/2289
f 2242/2466/2286 2228/2445/2270 2225/2439/2265 2244/2470/2290
f 2245/2469/2289 2242/2464/2286 2244/2471/2290 2246/2472/2291
f 2247/2468/2288 2245/2469/2289 2246/2472/2291 2248/2473/2292
f 2249/2474/2293 2241/2463/2285 2243/2465/2287 2247/2468/2288
f 2247/2468/2288 2248/2473/2292 2250/2475/2294 2249/2474/2293
f 2251/2476/2295 2249/2477/2293 2250/2478/2294 2252/2479/2296
f 2251/2480/2295 2253/2481/2297 2241/2463/2285 2249/2474/2293
f 2252/2479/2296 2257/2482/2298 2254/2483/2299 2251/2476/2295
f 2253/2481/2297 2251/2480/2295 2254/2484/2299 2256/2485/2300
f 2258/2486/2301 2255/2487/2302 2254/2488/2299 2257/2489/2298
f 2254/2488/2299 2255/2487/2302 2575/2490/2303 2256/2491/2300
f 2252/2479/2296 2262/2492/2304 2259/2493/2305 2257/2482/2298
f 2259/2493/2305 2261/2494/2306 2258/2495/2301 2257/2482/2298
f 2263/2496/2307 2260/2497/2308 2259/2493/2305 2262/2492/2304
f 2433/2498/2309 2261/2494/2306 2259/2493/2305 2260/2497/2308
f 2262/2492/2304 2264/2499/2310 2266/2500/2311 2263/2496/2307
f 2262/2492/2304 2252/2479/2296 2250/2478/2294 2264/2499/2310
f 2265/2501/2312 2264/2502/2310 2250/2475/2294 2248/2473/2292
f 2265/2501/2312 2267/2503/2313 2266/2504/2311 2264/2502/2310
f 2271/2505/2314 2269/2506/2315 2266/2507/2311 2267/2508/2313
f 2432/2509/2316 2263/2496/2307 2266/2500/2311 2268/2510/2317
f 2272/2511/2318 2268/2512/2317 2266/2507/2311 2269/2506/2315
f 2271/2505/2314 2284/2513/2319 2270/2514/2320 2269/2506/2315
f 2269/2506/2315 2270/2514/2320 2275/2515/2321 2272/2511/2318
f 2273/2516/2322 2272/2517/2318 2274/2518/2323
f 2273/2516/2322 2268/2510/2317 2272/2517/2318
f 2274/2519/2323 2272/2520/2318 2275/2521/2321 2277/2414/2247
f 2279/2522/2324 2276/2523/2325 2275/2515/2321 2270/2514/2320
f 2275/2521/2321 2276/2524/2325 2205/2411/2245 2277/2414/2247
f 2217/2431/2260 2274/2519/2323 2277/2414/2247 2206/2413/2246
f 2276/2524/2325 2278/2525/2326 2203/2412/2242 2205/2411/2245
f 2276/2523/2325 2279/2522/2324 2280/2526/2327 2278/2527/2326
f 2281/2528/2328 2282/2529/2329 2280/2526/2327 2279/2522/2324
f 2281/2528/2328 2279/2522/2324 2270/2514/2320 2284/2513/2319
f 2282/2529/2329 2281/2528/2328 2283/2530/2330 2402/2531/2331
f 2284/2513/2319 2285/2532/2332 2283/2530/2330 2281/2528/2328
f 2284/2513/2319 2271/2505/2314 2286/2533/2333 2285/2532/2332
f 2285/2532/2332 2287/2534/2334 2289/2535/2335 2283/2530/2330
f 2287/2534/2334 2285/2532/2332 2286/2533/2333 2288/2536/2336
f 2288/2536/2336 2292/2537/2337 2290/2538/2338 2287/2534/2334
f 2290/2538/2338 2291/2539/2339 2289/2535/2335 2287/2534/2334
f 2295/2540/2340 2291/2539/2339 2290/2538/2338 2293/2541/2341
f 2296/2542/2342 2293/2541/2341 2290/2538/2338 2292/2537/2337
f 2298/2543/2343 2294/2544/2344 2293/2541/2341 2296/2542/2342
f 2293/2541/2341 2294/2544/2344 2327/2545/2345 2295/2540/2340
f 2292/2537/2337 2311/2546/2346 2297/2547/2347 2296/2542/2342
f 2298/2543/2343 2296/2542/2342 2297/2547/2347 2299/2548/2348
f 2298/2543/2343 2299/2548/2348 2301/2425/2257 2214/2424/2256
f 2298/2543/2343 2214/2424/2256 2212/2421/2253 2294/2544/2344
f 2300/2549/2349 2302/2550/2350 2301/2425/2257 2299/2548/2348
f 2300/2549/2349 2299/2548/2348 2297/2547/2347 2318/2551/2351
f 2302/2552/2350 2308/2553/2352 2304/2554/2353 2301/2555/2257
f 2221/2556/2264 2215/2426/2258 2301/2425/2257 2303/2557/2354
f 2306/2558/2355 2303/2559/2354 2301/2555/2257 2305/2560/2356
f 2305/2560/2356 2301/2555/2257 2304/2554/2353 2286/2561/2333
f 2267/2503/2313 2305/2560/2356 2286/2561/2333 2271/2562/2314
f 2305/2560/2356 2267/2503/2313 2265/2501/2312 2306/2558/2355
f 2306/2558/2355 2246/2472/2291 2244/2471/2290 2303/2559/2354
f 2265/2501/2312 2248/2473/2292 2246/2472/2291 2306/2558/2355
f 2310/2563/2357 2309/2564/2358 2304/2565/2353 2307/2566/2359
f 2307/2566/2359 2304/2565/2353 2297/2567/2347 2313/2568/2360
f 2308/2553/2352 2318/2569/2351 2297/2570/2347 2304/2554/2353
f 2288/2571/2336 2286/2572/2333 2304/2565/2353 2309/2564/2358
f 2312/2573/2361 2311/2574/2346 2309/2564/2358 2310/2563/2357
f 2311/2574/2346 2292/2575/2337 2288/2571/2336 2309/2564/2358
f 2312/2573/2361 2313/2576/2360 2297/2577/2347 2311/2574/2346
f 2314/2578/2362 2316/2579/2363 2313/2580/2360 2312/2581/2361
f 2314/2578/2362 2312/2581/2361 2310/2582/2357 2315/2583/2364
f 2317/2584/2365 2316/2579/2363 2314/2578/2362 2315/2583/2364
f 2316/2585/2363 2317/2586/2365 2307/2566/2359 2313/2568/2360
f 2317/2586/2365 2315/2587/2364 2310/2563/2357 2307/2566/2359
f 2308/2553/2352 2319/2588/2366 2321/2589/2367 2318/2569/2351
f 2319/2588/2366 2308/2553/2352 2302/2552/2350 2322/2590/2368
f 2321/2589/2367 2319/2588/2366 2320/2591/2369 2326/2592/2370
f 2322/2593/2368 2323/2594/2371 2320/2595/2369 2319/2596/2366
f 2324/2597/2372 2325/2598/2373 2323/2594/2371 2322/2593/2368
f 2324/2597/2372 2322/2593/2368 2302/2550/2350 2300/2549/2349
f 2318/2551/2351 2321/2599/2367 2324/2597/2372 2300/2549/2349
f 2321/2599/2367 2326/2600/2370 2325/2598/2373 2324/2597/2372
f 2323/2594/2371 2325/2598/2373 2326/2600/2370 2320/2595/2369
f 2303/2601/2354 2244/2470/2290 2225/2439/2265 2221/2438/2264
f 2328/2602/2374 2295/2540/2340 2327/2545/2345 2331/2603/2375
f 2291/2539/2339 2295/2540/2340 2328/2602/2374 2329/2604/2376
f 2398/2605/2377 2329/2604/2376 2328/2602/2374 2330/2606/2378
f 2333/2607/2379 2330/2606/2378 2328/2602/2374 2331/2603/2375
f 2332/2419/2251 2331/2603/2375 2327/2545/2345 2210/2420/2252
f 2332/2419/2251 2335/2608/2380 2333/2607/2379 2331/2603/2375
f 2333/2609/2379 2334/2610/2381 2397/2611/2382 2330/2612/2378
f 2335/2613/2380 2336/2614/2383 2334/2610/2381 2333/2609/2379
f 2336/2614/2383 2335/2613/2380 2061/2241/2098 2337/2615/2384
f 2335/2613/2380 2332/2616/2251 2059/2239/2096 2061/2241/2098
f 2338/2617/2385 2336/2614/2383 2337/2615/2384 2341/2249/2106
f 2336/2614/2383 2338/2617/2385 2339/2618/2386 2334/2610/2381
f 2340/2619/2387 2342/2620/2388 2339/2618/2386 2338/2617/2385
f 2338/2617/2385 2341/2249/2106 2067/2248/2105 2340/2619/2387
f 2341/2249/2106 2337/2615/2384 2061/2241/2098 2063/2243/2100
f 2343/2621/2389 2345/2622/2390 2342/2620/2388 2340/2619/2387
f 2067/2248/2105 2069/2250/2107 2343/2621/2389 2340/2619/2387
f 2072/2253/2110 2344/2623/2391 2343/2621/2389 2069/2250/2107
f 2344/2623/2391 2347/2624/2392 2345/2622/2390 2343/2621/2389
f 2348/2625/2393 2346/2626/2394 2345/2622/2390 2347/2624/2392
f 2346/2626/2394 2403/2627/2395 2342/2620/2388 2345/2622/2390
f 2348/2625/2393 2347/2624/2392 2349/2628/2396 2350/2629/2397
f 2344/2623/2391 2351/2630/2398 2349/2628/2396 2347/2624/2392
f 2353/2631/2399 2350/2629/2397 2349/2628/2396 2351/2630/2398
f 2351/2630/2398 2344/2623/2391 2072/2253/2110 2352/2256/2113
f 2351/2630/2398 2352/2256/2113 2355/2632/2400 2353/2631/2399
f 2350/2629/2397 2353/2631/2399 2354/2633/2401 2388/2634/2402
f 2355/2632/2400 2356/2635/2403 2354/2633/2401 2353/2631/2399
f 2359/2636/2404 2356/2635/2403 2355/2632/2400 2357/2637/2405
f 2071/2255/2112 2357/2637/2405 2355/2632/2400 2352/2256/2113
f 2358/2259/2116 2357/2637/2405 2071/2255/2112 2074/2254/2111
f 2357/2637/2405 2358/2259/2116 2361/2638/2406 2359/2636/2404
f 2356/2635/2403 2359/2636/2404 2360/2639/2407 2380/2640/2408
f 2360/2639/2407 2359/2636/2404 2361/2638/2406 2362/2641/2409
f 2363/2266/2123 2362/2641/2409 2361/2638/2406 2082/2264/2121
f 2361/2638/2406 2358/2259/2116 2077/2258/2115 2082/2264/2121
f 2367/2642/2410 2364/2643/2411 2362/2641/2409 2363/2266/2123
f 2364/2643/2411 2366/2644/2412 2360/2639/2407 2362/2641/2409
f 2365/2645/2413 2364/2643/2411 2367/2642/2410 2369/2646/2414
f 2364/2643/2411 2365/2645/2413 2377/2647/2415 2366/2644/2412
f 2083/2265/2122 2368/2648/2416 2367/2642/2410 2363/2266/2123
f 2370/2649/2417 2369/2646/2414 2367/2642/2410 2368/2648/2416
f 2373/2650/2418 2371/2651/2419 2369/2646/2414 2370/2649/2417
f 2369/2646/2414 2371/2651/2419 2374/2652/2420 2365/2645/2413
f 2373/2650/2418 2404/2653/2233 2372/2654/2421 2371/2651/2419
f 2372/2654/2421 2375/2655/2422 2374/2652/2420 2371/2651/2419
f 2278/2656/2326 2280/2657/2327 2374/2652/2420 2375/2655/2422
f 2377/2647/2415 2365/2645/2413 2374/2652/2420 2376/2658/2423
f 2378/2659/2424 2376/2658/2423 2374/2652/2420 2280/2657/2327
f 2379/2660/2425 2366/2644/2412 2377/2647/2415 2376/2658/2423
f 2376/2658/2423 2378/2659/2424 2381/2661/2426 2379/2660/2425
f 2379/2660/2425 2380/2640/2408 2360/2639/2407 2366/2644/2412
f 2381/2661/2426 2382/2662/2427 2380/2640/2408 2379/2660/2425
f 2381/2661/2426 2383/2663/2428 2386/2664/2429 2382/2662/2427
f 2381/2661/2426 2378/2659/2424 2385/2665/2430 2383/2663/2428
f 2383/2663/2428 2385/2665/2430 2401/2666/2431 2384/2667/2432
f 2384/2667/2432 2387/2668/2433 2386/2664/2429 2383/2663/2428
f 2386/2664/2429 2387/2668/2433 2389/2669/2434 2388/2634/2402
f 2354/2633/2401 2382/2662/2427 2386/2664/2429 2388/2634/2402
f 2350/2629/2397 2388/2634/2402 2389/2669/2434 2348/2625/2393
f 2346/2626/2394 2348/2625/2393 2389/2669/2434 2390/2670/2435
f 2389/2669/2434 2387/2668/2433 2392/2671/2436 2390/2670/2435
f 2346/2626/2394 2390/2670/2435 2391/2672/2437 2403/2627/2395
f 2392/2671/2436 2394/2673/2438 2391/2672/2437 2390/2670/2435
f 2396/2674/2439 2394/2673/2438 2392/2671/2436 2393/2675/2440
f 2384/2667/2432 2393/2675/2440 2392/2671/2436 2387/2668/2433
f 2395/2676/2441 2403/2627/2395 2391/2672/2437 2394/2673/2438
f 2394/2673/2438 2396/2674/2439 2397/2611/2382 2395/2676/2441
f 2393/2675/2440 2399/2677/2442 2398/2678/2377 2396/2674/2439
f 2397/2611/2382 2396/2674/2439 2398/2678/2377 2330/2612/2378
f 2400/2679/2443 2329/2604/2376 2398/2605/2377 2399/2680/2442
f 2393/2675/2440 2384/2667/2432 2401/2666/2431 2399/2677/2442
f 2401/2681/2431 2402/2531/2331 2400/2679/2443 2399/2680/2442
f 2282/2529/2329 2402/2531/2331 2401/2681/2431 2385/2682/2430
f 2283/2530/2330 2289/2535/2335 2400/2679/2443 2402/2531/2331
f 2291/2539/2339 2329/2604/2376 2400/2679/2443 2289/2535/2335
f 2339/2618/2386 2395/2676/2441 2397/2611/2382 2334/2610/2381
f 2403/2627/2395 2395/2676/2441 2339/2618/2386 2342/2620/2388
f 2280/2526/2327 2282/2529/2329 2385/2682/2430 2378/2683/2424
f 2380/2640/2408 2382/2662/2427 2354/2633/2401 2356/2635/2403
f 2375/2684/2422 2372/2685/2421 2198/2402/2238 2200/2404/2240
f 2278/2686/2326 2375/2684/2422 2200/2404/2240 2203/2406/2242
f 2404/2653/2233 2373/2650/2418 2405/2393/2229 2188/2392/2227
f 2406/2687/2444 2189/2388/2226 2405/2393/2229 2373/2650/2418
f 2407/2688/2445 2406/2687/2444 2373/2650/2418 2370/2649/2417
f 2181/2376/2217 2189/2388/2226 2406/2687/2444 2178/2371/2212
f 2406/2687/2444 2407/2688/2445 2175/2369/2210 2178/2371/2212
f 2408/2689/2446 2409/2690/2447 2175/2369/2210 2407/2688/2445
f 2407/2688/2445 2370/2649/2417 2368/2648/2416 2408/2689/2446
f 2408/2689/2446 2085/2267/2124 2087/2268/2125 2409/2690/2447
f 2408/2689/2446 2368/2648/2416 2083/2265/2122 2085/2267/2124
f 2409/2690/2447 2087/2268/2125 2091/2272/2129 2410/2691/2448
f 2410/2691/2448 2411/2370/2211 2175/2369/2210 2409/2690/2447
f 2411/2370/2211 2410/2691/2448 2412/2692/2139 2161/2693/2195
f 2412/2692/2139 2410/2691/2448 2091/2272/2129 2093/2276/2133
f 2411/2370/2211 2161/2693/2195 2163/2360/2196 2169/2359/2203
f 2372/2685/2421 2404/2397/2233 2193/2398/2234 2198/2402/2238
f 2327/2545/2345 2294/2544/2344 2212/2421/2253 2210/2420/2252
f 2413/2694/2449 2274/2518/2323 2217/2433/2260 2219/2432/2261
f 2413/2694/2449 2415/2695/2450 2273/2516/2322 2274/2518/2323
f 2219/2432/2261 2222/2435/2263 2414/2696/2451 2413/2694/2449
f 2415/2695/2450 2413/2694/2449 2414/2696/2451 2416/2697/2452
f 2415/2695/2450 2416/2697/2452 2418/2698/2453 2273/2516/2322
f 2417/2699/2454 2416/2697/2452 2414/2696/2451 2735/2700/2455
f 2416/2697/2452 2417/2699/2454 2420/2701/2456 2418/2698/2453
f 2418/2698/2453 2419/2702/2457 2740/2703/2458 2273/2516/2322
f 2419/2702/2457 2418/2698/2453 2420/2701/2456 2421/2704/2459
f 2420/2701/2456 2422/2705/2460 2423/2706/2461 2421/2704/2459
f 2420/2701/2456 2417/2699/2454 2425/2707/2462 2422/2705/2460
f 2424/2708/2463 2741/2709/2464 2423/2706/2461 2422/2705/2460
f 2424/2708/2463 2422/2705/2460 2425/2707/2462 2429/2710/2465
f 2428/2711/2466 2441/2712/2467 2426/2713/2468 2425/2707/2462
f 2425/2707/2462 2426/2713/2468 2440/2714/2469 2427/2715/2470
f 2431/2716/2471 2430/2717/2472 2425/2707/2462 2427/2715/2470
f 2428/2711/2466 2425/2707/2462 2417/2699/2454 2435/2718/2473
f 2432/2509/2316 2429/2710/2465 2425/2707/2462 2430/2717/2472
f 2431/2716/2471 2433/2498/2309 2260/2497/2308 2430/2717/2472
f 2432/2509/2316 2430/2717/2472 2260/2497/2308 2263/2496/2307
f 2737/2719/2474 2429/2710/2465 2432/2509/2316 2268/2510/2317
f 2431/2720/2471 2434/2721/2475 2437/2722/2476 2433/2723/2309
f 2438/2724/2477 2434/2721/2475 2431/2720/2471 2427/2725/2470
f 2428/2726/2466 2435/2727/2473 2434/2721/2475 2438/2724/2477
f 2435/2718/2473 2736/2728/2478 2436/2729/2479 2434/2730/2475
f 2437/2731/2476 2434/2730/2475 2436/2729/2479 2445/2732/2480
f 2428/2726/2466 2438/2724/2477 2439/2733/2481 2441/2734/2467
f 2438/2724/2477 2427/2725/2470 2440/2735/2469 2439/2733/2481
f 2440/2735/2469 2426/2736/2468 2441/2734/2467 2439/2733/2481
f 2261/2737/2306 2433/2723/2309 2437/2722/2476 2442/2738/2482
f 2447/2739/2483 2442/2738/2482 2437/2722/2476 2443/2740/2484
f 2444/2741/2485 2446/2742/2486 2443/2740/2484 2437/2722/2476
f 2444/2743/2485 2437/2731/2476 2445/2732/2480
f 2445/2732/2480 2436/2729/2479 2443/2744/2484 2446/2745/2486
f 2445/2732/2480 2446/2745/2486 2444/2743/2485
f 2443/2744/2484 2436/2729/2479 2449/2746/2487 2447/2747/2483
f 2447/2739/2483 2448/2748/2488 2577/2749/2489 2442/2738/2482
f 2448/2748/2488 2447/2739/2483 2449/2750/2487 2451/2751/2490
f 2450/2752/2491 2449/2746/2487 2436/2729/2479 2736/2728/2478
f 2452/2753/2492 2451/2751/2490 2449/2750/2487 2450/2754/2491
f 2451/2751/2490 2452/2753/2492 2456/2755/2493 2453/2756/2494
f 2451/2751/2490 2453/2756/2494 2454/2757/2495 2448/2748/2488
f 2455/2758/2496 2573/2759/2497 2454/2757/2495 2453/2756/2494
f 2456/2755/2493 2457/2760/2498 2455/2758/2496 2453/2756/2494
f 2452/2753/2492 2459/2761/2499 2458/2762/2500 2456/2755/2493
f 2458/2762/2500 2460/2763/2501 2457/2760/2498 2456/2755/2493
f 2459/2761/2499 2224/2441/2267 2227/2444/2269 2458/2762/2500
f 2227/2444/2269 2231/2447/2272 2460/2763/2501 2458/2762/2500
f 2233/2764/2276 2461/2765/2502 2460/2763/2501 2231/2447/2272
f 2461/2765/2502 2462/2766/2503 2457/2760/2498 2460/2763/2501
f 2461/2765/2502 2463/2767/2504 2464/2768/2505 2462/2766/2503
f 2463/2767/2504 2461/2765/2502 2233/2764/2276 2466/2769/2278
f 2465/2770/2506 2559/2771/2507 2464/2768/2505 2463/2767/2504
f 2465/2770/2506 2463/2767/2504 2466/2769/2278 2467/2772/2508
f 2469/2773/2509 2467/2772/2508 2466/2769/2278 2234/2774/2277
f 2468/2775/2510 2467/2772/2508 2469/2773/2509 2471/2776/2511
f 2467/2772/2508 2468/2775/2510 2727/2777/2512 2465/2770/2506
f 2472/2778/2513 2471/2776/2511 2469/2773/2509 2470/2779/2514
f 2236/2780/2279 2470/2779/2514 2469/2773/2509 2234/2774/2277
f 2476/2781/2515 2468/2782/2510 2471/2783/2511 2473/2784/2516
f 2474/2785/2517 2473/2784/2516 2471/2783/2511 2472/2786/2513
f 2596/2787/2518 2475/2788/2519 2473/2784/2516 2474/2785/2517
f 2478/2789/2520 2476/2781/2515 2473/2784/2516 2475/2788/2519
f 2480/2790/2521 2477/2791/2522 2476/2781/2515 2478/2789/2520
f 2476/2781/2515 2477/2791/2522 2726/2792/2523 2468/2782/2510
f 2475/2788/2519 2598/2793/2524 2479/2794/2525 2478/2789/2520
f 2478/2789/2520 2479/2794/2525 2481/2795/2526 2480/2790/2521
f 2480/2790/2521 2481/2795/2526 2484/2796/2527 2482/2797/2528
f 2477/2791/2522 2480/2790/2521 2482/2797/2528 2485/2798/2529
f 2483/2799/2530 2482/2797/2528 2484/2796/2527 2493/2800/2531
f 2482/2797/2528 2483/2799/2530 2487/2801/2532 2485/2798/2529
f 2486/2802/2533 2485/2798/2529 2487/2801/2532 2488/2803/2534
f 2485/2798/2529 2486/2802/2533 2726/2792/2523 2477/2791/2522
f 2490/2804/2535 2488/2803/2534 2487/2801/2532 2483/2799/2530
f 2721/2805/2536 2486/2802/2533 2488/2803/2534 2489/2806/2537
f 2488/2803/2534 2490/2804/2535 2491/2807/2538 2489/2806/2537
f 2490/2804/2535 2483/2799/2530 2493/2800/2531 2492/2808/2539
f 2492/2809/2539 2495/2810/2540 2491/2811/2538 2490/2812/2535
f 2494/2813/2541 2492/2809/2539 2493/2814/2531 2609/2815/2542
f 2495/2810/2540 2492/2809/2539 2494/2813/2541 2497/2816/2543
f 2496/2817/2544 2495/2810/2540 2497/2816/2543 2499/2818/2545
f 2495/2810/2540 2496/2817/2544 2718/2819/2546 2491/2811/2538
f 2498/2820/2547 2497/2816/2543 2494/2813/2541 2612/2821/2548
f 2497/2816/2543 2498/2820/2547 2501/2822/2549 2499/2818/2545
f 2664/2823/2550 2496/2817/2544 2499/2818/2545 2500/2824/2551
f 2499/2818/2545 2501/2822/2549 2502/2825/2552 2500/2824/2551
f 2501/2822/2549 2503/2826/2553 2505/2827/2554 2502/2825/2552
f 2506/2828/2555 2503/2826/2553 2501/2822/2549 2498/2820/2547
f 2509/2829/2556 2504/2830/2557 2503/2826/2553 2506/2828/2555
f 2504/2830/2557 2668/2831/2558 2505/2827/2554 2503/2826/2553
f 2506/2828/2555 2507/2832/2559 2530/2833/2560 2508/2834/2561
f 2533/2835/2562 2507/2832/2559 2506/2828/2555 2498/2820/2547
f 2509/2829/2556 2506/2828/2555 2508/2834/2561 2511/2836/2563
f 2509/2829/2556 2510/2837/2564 2674/2838/2565 2504/2830/2557
f 2510/2837/2564 2509/2829/2556 2511/2836/2563 2512/2839/2566
f 2511/2840/2563 2513/2841/2567 2514/2842/2568 2512/2843/2566
f 2508/2844/2561 2515/2845/2569 2513/2841/2567 2511/2840/2563
f 2516/2846/2570 2518/2847/2571 2514/2842/2568 2513/2841/2567
f 2519/2848/2572 2516/2846/2570 2513/2841/2567 2515/2845/2569
f 2517/2849/2573 2516/2846/2570 2519/2848/2572 2520/2850/2574
f 2516/2846/2570 2517/2849/2573 2733/2173/2035 2518/2847/2571
f 2522/2851/2575 2521/2852/2576 2519/2848/2572 2515/2845/2569
f 2523/2853/2577 2520/2850/2574 2519/2848/2572 2521/2852/2576
f 2521/2852/2576 2522/2851/2575 2526/2854/2578 2524/2855/2579
f 2524/2855/2579 2525/2856/2580 2523/2853/2577 2521/2852/2576
f 2525/2856/2580 2524/2855/2579 2170/2356/2201 2167/2355/2200
f 2170/2356/2201 2524/2855/2579 2526/2854/2578 2172/2857/2206
f 2526/2858/2578 2527/2859/2581 2528/2366/2207 2172/2364/2206
f 2522/2851/2575 2530/2860/2560 2527/2861/2581 2526/2854/2578
f 2529/2862/2582 2531/2863/2583 2528/2366/2207 2527/2859/2581
f 2507/2832/2559 2529/2864/2582 2527/2865/2581 2530/2833/2560
f 2515/2845/2569 2508/2844/2561 2530/2860/2560 2522/2851/2575
f 2529/2862/2582 2532/2866/2584 2535/2867/2585 2531/2863/2583
f 2533/2835/2562 2532/2868/2584 2529/2864/2582 2507/2832/2559
f 2613/2869/2586 2534/2870/2587 2532/2868/2584 2533/2835/2562
f 2532/2868/2584 2534/2870/2587 2536/2871/2588 2535/2872/2585
f 2537/2873/2589 2535/2867/2585 2536/2874/2588 2568/2875/2590
f 2537/2873/2589 2540/2876/2591 2538/2877/2592 2535/2867/2585
f 2531/2863/2583 2535/2867/2585 2538/2877/2592 2539/2375/2216
f 2539/2375/2216 2538/2877/2592 2540/2876/2591 2177/2373/2214
f 2541/2878/2593 2540/2876/2591 2537/2873/2589 2641/2879/2594
f 2540/2876/2591 2541/2878/2593 2544/2880/2595 2542/2881/2596
f 2180/2374/2215 2177/2373/2214 2540/2876/2591 2542/2881/2596
f 2543/2882/2597 2184/2377/2218 2180/2374/2215 2542/2881/2596
f 2543/2882/2597 2542/2881/2596 2544/2880/2595 2545/2883/2598
f 2546/2884/2599 2545/2883/2598 2544/2880/2595 2541/2878/2593
f 2547/2885/2600 2545/2886/2598 2546/2887/2599 2550/2888/2601
f 2549/2889/2602 2543/2890/2597 2545/2886/2598 2547/2885/2600
f 2550/2888/2601 2551/2891/2603 2548/2892/2604 2547/2885/2600
f 2548/2892/2604 2714/2893/2605 2549/2889/2602 2547/2885/2600
f 2551/2891/2603 2550/2888/2601 2552/2894/2606 2553/2895/2607
f 2550/2888/2601 2546/2887/2599 2554/2896/2608 2552/2894/2606
f 2556/2897/2609 2553/2895/2607 2552/2894/2606 2555/2898/2610
f 2555/2898/2610 2552/2894/2606 2554/2896/2608 2557/2899/2611
f 2560/2900/2612 2556/2897/2609 2555/2898/2610 2558/2901/2613
f 2561/2902/2614 2558/2901/2613 2555/2898/2610 2557/2899/2611
f 2561/2902/2614 2464/2903/2505 2559/2904/2507 2558/2901/2613
f 2560/2900/2612 2558/2901/2613 2559/2904/2507 2642/2905/2615
f 2562/2906/2616 2563/2907/2617 2464/2768/2505 2561/2908/2614
f 2562/2909/2616 2561/2910/2614 2557/2911/2611 2564/2912/2618
f 2562/2906/2616 2565/2913/2619 2567/2914/2620 2563/2907/2617
f 2565/2915/2619 2562/2909/2616 2564/2912/2618 2568/2875/2590
f 2565/2913/2619 2566/2916/2621 2569/2917/2622 2567/2914/2620
f 2568/2918/2590 2536/2871/2588 2566/2919/2621 2565/2920/2619
f 2564/2912/2618 2641/2879/2594 2537/2873/2589 2568/2875/2590
f 2571/2921/2623 2563/2907/2617 2567/2914/2620 2570/2922/2624
f 2572/2923/2625 2570/2922/2624 2567/2914/2620 2569/2917/2622
f 2570/2922/2624 2573/2759/2497 2455/2758/2496 2571/2921/2623
f 2573/2759/2497 2570/2922/2624 2572/2923/2625 2574/2924/2626
f 2574/2924/2626 2576/2925/2627 2454/2757/2495 2573/2759/2497
f 2575/2490/2303 2574/2924/2626 2572/2923/2625 2578/2926/2628
f 2576/2925/2627 2574/2924/2626 2575/2490/2303 2255/2487/2302
f 2576/2925/2627 2255/2487/2302 2258/2486/2301 2577/2749/2489
f 2454/2757/2495 2576/2925/2627 2577/2749/2489 2448/2748/2488
f 2442/2927/2482 2577/2928/2489 2258/2495/2301 2261/2494/2306
f 2580/2929/2629 2256/2485/2300 2575/2930/2303 2578/2931/2628
f 2579/2932/2630 2578/2931/2628 2572/2933/2625 2569/2934/2622
f 2578/2931/2628 2579/2932/2630 2581/2935/2631 2580/2929/2629
f 2582/2936/2632 2253/2481/2297 2256/2485/2300 2580/2929/2629
f 2580/2929/2629 2581/2935/2631 2583/2937/2633 2582/2936/2632
f 2582/2936/2632 2238/2461/2283 2241/2463/2285 2253/2481/2297
f 2238/2461/2283 2582/2936/2632 2583/2937/2633 2585/2462/2284
f 2583/2938/2633 2581/2939/2631 2629/2940/2634 2584/2941/2635
f 2586/2942/2636 2585/2943/2284 2583/2938/2633 2584/2941/2635
f 2587/2944/2637 2239/2945/2281 2585/2946/2284 2586/2947/2636
f 2588/2948/2638 2591/2949/2639 2587/2944/2637 2586/2947/2636
f 2590/2950/2640 2588/2948/2638 2586/2947/2636 2584/2951/2635
f 2588/2948/2638 2590/2950/2640 2631/2952/2641 2589/2953/2642
f 2588/2948/2638 2589/2953/2642 2592/2954/2643 2591/2949/2639
f 2472/2778/2513 2470/2779/2514 2587/2944/2637 2591/2949/2639
f 2591/2949/2639 2592/2954/2643 2474/2955/2517 2472/2778/2513
f 2595/2956/2644 2593/2957/2645 2592/2958/2643 2589/2959/2642
f 2593/2957/2645 2596/2787/2518 2474/2785/2517 2592/2958/2643
f 2594/2960/2646 2593/2957/2645 2595/2956/2644 2636/2961/2647
f 2593/2957/2645 2594/2960/2646 2597/2962/2648 2596/2787/2518
f 2475/2788/2519 2596/2787/2518 2597/2962/2648 2598/2793/2524
f 2599/2963/2649 2598/2793/2524 2597/2962/2648 2594/2960/2646
f 2598/2793/2524 2599/2963/2649 2601/2964/2650 2600/2965/2651
f 2600/2965/2651 2481/2795/2526 2479/2794/2525 2598/2793/2524
f 2600/2965/2651 2602/2966/2652 2605/2967/2653 2481/2795/2526
f 2602/2966/2652 2600/2965/2651 2601/2964/2650 2603/2968/2654
f 2602/2966/2652 2603/2968/2654 2638/2969/2655 2604/2970/2656
f 2604/2970/2656 2606/2971/2657 2605/2967/2653 2602/2966/2652
f 2484/2796/2527 2481/2795/2526 2605/2967/2653 2607/2972/2658
f 2605/2973/2653 2606/2974/2657 2608/2975/2659 2607/2976/2658
f 2609/2815/2542 2607/2976/2658 2608/2975/2659 2610/2977/2660
f 2609/2815/2542 2493/2814/2531 2484/2978/2527 2607/2976/2658
f 2610/2977/2660 2612/2821/2548 2494/2813/2541 2609/2815/2542
f 2608/2975/2659 2615/2979/2661 2611/2980/2662 2610/2977/2660
f 2610/2977/2660 2611/2980/2662 2613/2869/2586 2612/2821/2548
f 2498/2820/2547 2612/2821/2548 2613/2869/2586 2533/2835/2562
f 2614/2981/2663 2534/2870/2587 2613/2869/2586 2611/2980/2662
f 2617/2982/2664 2614/2981/2663 2611/2980/2662 2615/2979/2661
f 2606/2974/2657 2616/2983/2665 2615/2979/2661 2608/2975/2659
f 2618/2984/2666 2617/2982/2664 2615/2979/2661 2616/2983/2665
f 2618/2984/2666 2620/2985/2667 2619/2986/2668 2617/2982/2664
f 2614/2981/2663 2617/2982/2664 2619/2986/2668 2621/2987/2669
f 2622/2988/2670 2621/2987/2669 2619/2986/2668 2620/2985/2667
f 2614/2981/2663 2621/2987/2669 2536/2871/2588 2534/2870/2587
f 2622/2988/2670 2623/2989/2671 2536/2871/2588 2621/2987/2669
f 2622/2988/2670 2620/2985/2667 2625/2990/2672 2624/2991/2673
f 2623/2989/2671 2622/2988/2670 2624/2991/2673 2626/2992/2674
f 2624/2991/2673 2625/2990/2672 2628/2993/2675 2627/2994/2676
f 2629/2940/2634 2626/2992/2674 2624/2991/2673 2627/2994/2676
f 2590/2995/2640 2584/2941/2635 2629/2940/2634 2627/2994/2676
f 2627/2996/2676 2628/2997/2675 2631/2952/2641 2590/2950/2640
f 2579/2998/2630 2626/2992/2674 2629/2940/2634 2581/2939/2631
f 2640/2999/2677 2630/3000/2678 2628/3001/2675 2625/3002/2672
f 2630/3000/2678 2632/3003/2679 2631/3004/2641 2628/3001/2675
f 2631/3004/2641 2632/3003/2679 2595/2956/2644 2589/2959/2642
f 2632/3003/2679 2630/3000/2678 2634/3005/2680 2633/3006/2681
f 2633/3006/2681 2636/2961/2647 2595/2956/2644 2632/3003/2679
f 2635/3007/2682 2633/3006/2681 2634/3005/2680 2639/3008/2683
f 2635/3007/2682 2637/3009/2684 2636/2961/2647 2633/3006/2681
f 2599/2963/2649 2594/2960/2646 2636/2961/2647 2637/3009/2684
f 2637/3009/2684 2635/3007/2682 2638/2969/2655 2603/2968/2654
f 2637/3009/2684 2603/2968/2654 2601/2964/2650 2599/2963/2649
f 2639/3008/2683 2604/2970/2656 2638/2969/2655 2635/3007/2682
f 2606/2971/2657 2604/2970/2656 2639/3008/2683 2616/3010/2665
f 2618/2984/2666 2616/2983/2665 2639/3011/2683 2640/3012/2677
f 2640/2999/2677 2639/3008/2683 2634/3005/2680 2630/3000/2678
f 2618/2984/2666 2640/3012/2677 2625/2990/2672 2620/2985/2667
f 2569/3013/2622 2623/2989/2671 2626/2992/2674 2579/2998/2630
f 2623/2989/2671 2569/3013/2622 2566/2919/2621 2536/2871/2588
f 2470/2779/2514 2236/2780/2279 2239/2945/2281 2587/2944/2637
f 2462/2766/2503 2571/2921/2623 2455/2758/2496 2457/2760/2498
f 2571/2921/2623 2462/2766/2503 2464/2768/2505 2563/2907/2617
f 2557/2911/2611 2554/3014/2608 2641/2879/2594 2564/2912/2618
f 2546/2884/2599 2541/2878/2593 2641/2879/2594 2554/3014/2608
f 2642/2905/2615 2646/3015/2685 2643/3016/2686 2560/2900/2612
f 2556/2897/2609 2560/2900/2612 2643/3016/2686 2644/3017/2687
f 2644/3017/2687 2643/3016/2686 2645/3018/2688 2678/3019/2689
f 2646/3020/2685 2647/3021/2690 2645/3022/2688 2643/3023/2686
f 2647/3021/2690 2646/3020/2685 2648/3024/2691 2649/3025/2692
f 2642/3026/2615 2651/3027/2693 2648/3024/2691 2646/3020/2685
f 2653/3028/2694 2649/3025/2692 2648/3024/2691 2652/3029/2695
f 2654/3030/2696 2652/3029/2695 2648/3024/2691 2650/3031/2697
f 2723/3032/2698 2650/3031/2697 2648/3024/2691 2651/3027/2693
f 2652/3029/2695 2655/3033/2699 2657/3034/2700 2653/3028/2694
f 2654/3030/2696 2658/3035/2701 2655/3033/2699 2652/3029/2695
f 2655/3033/2699 2658/3035/2701 2660/3036/2702 2656/3037/2703
f 2656/3037/2703 2716/3038/2704 2657/3034/2700 2655/3033/2699
f 2659/3039/2705 2661/3040/2706 2660/3036/2702 2658/3035/2701
f 2658/3035/2701 2654/3030/2696 2722/3041/2707 2659/3039/2705
f 2661/3040/2706 2664/2823/2550 2662/3042/2708 2660/3036/2702
f 2656/3037/2703 2660/3036/2702 2662/3042/2708 2663/3043/2709
f 2666/3044/2710 2663/3043/2709 2662/3042/2708 2665/3045/2711
f 2662/3042/2708 2664/2823/2550 2500/2824/2551 2665/3045/2711
f 2500/2824/2551 2502/2825/2552 2505/2827/2554 2665/3045/2711
f 2666/3044/2710 2665/3045/2711 2505/2827/2554 2668/2831/2558
f 2666/3044/2710 2667/3046/2712 2717/3047/2713 2663/3043/2709
f 2667/3046/2712 2666/3044/2710 2668/2831/2558 2669/3048/2714
f 2669/3048/2714 2668/2831/2558 2504/2830/2557 2671/3049/2715
f 2671/3049/2715 2672/3050/2716 2670/3051/2717 2669/3048/2714
f 2667/3046/2712 2669/3048/2714 2670/3051/2717 2715/3052/2718
f 2671/3049/2715 2673/3053/2719 2676/3054/2720 2672/3050/2716
f 2671/3049/2715 2504/2830/2557 2674/2838/2565 2673/3053/2719
f 2675/3055/2721 2673/3053/2719 2674/2838/2565 2510/2837/2564
f 2673/3056/2719 2675/3057/2721 2677/3058/2722 2676/3059/2720
f 2672/3050/2716 2676/3054/2720 2645/3022/2688 2647/3021/2690
f 2645/3018/2688 2676/3059/2720 2677/3058/2722 2678/3019/2689
f 2682/3060/2723 2678/3019/2689 2677/3058/2722 2680/3061/2724
f 2695/3062/2725 2679/3063/2726 2677/3058/2722 2675/3057/2721
f 2681/3064/2727 2680/3061/2724 2677/3058/2722 2679/3063/2726
f 2681/3064/2727 2686/3065/2728 2683/3066/2729 2680/3061/2724
f 2682/3060/2723 2680/3061/2724 2683/3066/2729 2684/3067/2730
f 2683/3066/2729 2685/3068/2731 2697/3069/2732 2684/3067/2730
f 2687/3070/2733 2685/3068/2731 2683/3066/2729 2686/3065/2728
f 2681/3064/2727 2691/3071/2734 2688/3072/2735 2686/3065/2728
f 2688/3072/2735 2690/2198/2055 2687/3070/2733 2686/3065/2728
f 2014/2185/2042 2689/2187/2044 2688/3072/2735 2691/3071/2734
f 2025/2196/2053 2690/2198/2055 2688/3072/2735 2689/2187/2044
f 2679/3063/2726 2692/3073/2736 2691/3071/2734 2681/3064/2727
f 2693/2184/2041 2014/2185/2042 2691/3071/2734 2692/3073/2736
f 2695/3062/2725 2694/3074/2737 2692/3073/2736 2679/3063/2726
f 2696/3075/2738 2693/2184/2041 2692/3073/2736 2694/3074/2737
f 2695/3076/2725 2512/2843/2566 2514/2842/2568 2694/3077/2737
f 2514/2842/2568 2518/2847/2571 2696/3078/2738 2694/3077/2737
f 2009/2176/2033 2693/2184/2041 2696/3075/2738 2006/3079/2034
f 2733/2173/2035 2006/2172/2034 2696/3078/2738 2518/2847/2571
f 2675/3055/2721 2510/2837/2564 2512/2839/2566 2695/3080/2725
f 2024/2199/2056 2031/2204/2061 2687/3070/2733 2690/2198/2055
f 2015/2186/2043 2017/2188/2045 2025/2196/2053 2689/2187/2044
f 2698/2208/2065 2685/3068/2731 2687/3070/2733 2031/2204/2061
f 2698/2208/2065 2699/3081/2739 2697/3069/2732 2685/3068/2731
f 2047/2226/2083 2699/3081/2739 2698/2208/2065 2041/2219/2076
f 2699/3081/2739 2047/2226/2083 2051/2227/2084 2700/3082/2740
f 2699/3081/2739 2700/3082/2740 2702/3083/2741 2697/3069/2732
f 2701/3084/2742 2700/3082/2740 2051/2227/2084 2053/2232/2089
f 2702/3083/2741 2700/3082/2740 2701/3084/2742 2704/3085/2743
f 2684/3067/2730 2697/3069/2732 2702/3083/2741 2703/3086/2744
f 2705/3087/2745 2703/3086/2744 2702/3083/2741 2704/3085/2743
f 2706/3088/2746 2704/3085/2743 2701/3084/2742 2709/2400/2236
f 2707/3089/2747 2705/3087/2745 2704/3085/2743 2706/3088/2746
f 2706/3088/2746 2708/2394/2230 2710/3090/2748 2707/3089/2747
f 2708/2394/2230 2706/3088/2746 2709/2400/2236 2191/2395/2231
f 2195/2234/2091 2709/2400/2236 2701/3084/2742 2053/2232/2089
f 2186/2381/2222 2183/2380/2221 2710/3090/2748 2708/2394/2230
f 2707/3089/2747 2710/3090/2748 2183/2380/2221 2711/3091/2749
f 2712/3092/2750 2705/3087/2745 2707/3089/2747 2711/3091/2749
f 2711/3091/2749 2183/2380/2221 2729/2385/2223 2549/2889/2602
f 2711/3091/2749 2549/2889/2602 2714/2893/2605 2712/3092/2750
f 2705/3087/2745 2712/3092/2750 2713/3093/2751 2703/3086/2744
f 2551/2891/2603 2553/2895/2607 2713/3093/2751 2712/3092/2750
f 2551/2891/2603 2712/3092/2750 2714/2893/2605 2548/2892/2604
f 2678/3019/2689 2682/3060/2723 2713/3093/2751 2644/3017/2687
f 2556/2897/2609 2644/3017/2687 2713/3093/2751 2553/2895/2607
f 2684/3067/2730 2703/3086/2744 2713/3093/2751 2682/3060/2723
f 2647/3021/2690 2649/3025/2692 2670/3051/2717 2672/3050/2716
f 2670/3051/2717 2649/3025/2692 2653/3028/2694 2715/3052/2718
f 2717/3047/2713 2667/3046/2712 2715/3052/2718 2716/3038/2704
f 2716/3038/2704 2715/3052/2718 2653/3028/2694 2657/3034/2700
f 2656/3037/2703 2663/3043/2709 2717/3047/2713 2716/3038/2704
f 2664/2823/2550 2661/3040/2706 2718/2819/2546 2496/2817/2544
f 2659/3039/2705 2719/3094/2752 2718/2819/2546 2661/3040/2706
f 2719/3094/2752 2489/3095/2537 2491/2811/2538 2718/2819/2546
f 2719/3094/2752 2720/3096/2753 2721/3097/2536 2489/3095/2537
f 2719/3094/2752 2659/3039/2705 2722/3041/2707 2720/3096/2753
f 2650/3031/2697 2720/3096/2753 2722/3041/2707 2654/3030/2696
f 2650/3031/2697 2723/3032/2698 2721/3097/2536 2720/3096/2753
f 2725/3098/2754 2724/3099/2755 2721/2805/2536 2723/3100/2698
f 2486/2802/2533 2721/2805/2536 2724/3099/2755 2726/2792/2523
f 2728/3101/2756 2727/3102/2512 2724/3099/2755 2725/3098/2754
f 2726/2792/2523 2724/3099/2755 2727/3102/2512 2468/2782/2510
f 2559/2771/2507 2465/2770/2506 2727/2777/2512 2728/3103/2756
f 2651/3104/2693 2642/2905/2615 2559/2904/2507 2728/3105/2756
f 2728/3106/2756 2725/3107/2754 2723/3032/2698 2651/3027/2693
f 2543/2890/2597 2549/2889/2602 2729/2385/2223 2184/2384/2218
f 2539/2375/2216 2173/2367/2208 2528/2366/2207 2531/2863/2583
f 2730/3108/2757 2731/3109/2758 2523/2853/2577 2525/2856/2580
f 2167/2355/2200 2165/2354/2199 2730/3108/2757 2525/2856/2580
f 2148/2336/2185 2731/3109/2758 2730/3108/2757 2150/2335/2184
f 2152/2337/2186 2150/2335/2184 2730/3108/2757 2165/2354/2199
f 2732/2164/2026 2520/2850/2574 2523/2853/2577 2731/3109/2758
f 2731/3109/2758 2148/2336/2185 1999/2161/2023 2732/2164/2026
f 2517/2849/2573 2520/2850/2574 2732/2164/2026 2000/2163/2025
f 2517/2849/2573 2000/2163/2025 2007/2170/2032 2733/2173/2035
f 2734/3110/2759 2459/3111/2499 2452/3112/2492 2450/2752/2491
f 2459/3111/2499 2734/3110/2759 2222/2435/2263 2224/3113/2267
f 2735/2700/2455 2734/3110/2759 2450/2752/2491 2736/2728/2478
f 2735/2700/2455 2414/2696/2451 2222/2435/2263 2734/3110/2759
f 2736/2728/2478 2435/2718/2473 2417/2699/2454 2735/2700/2455
f 2738/3114/2760 2424/2708/2463 2429/2710/2465 2737/2719/2474
f 2273/2516/2322 2737/2719/2474 2268/2510/2317
f 2273/2516/2322 2738/3114/2760 2737/2719/2474
f 2738/3114/2760 2273/2516/2322 2740/2703/2458 2739/3115/2761
f 2738/3114/2760 2739/3115/2761 2741/2709/2464 2424/2708/2463
f 2739/3115/2761 2740/2703/2458 2419/2702/2457 2421/2704/2459
f 2739/3115/2761 2421/2704/2459 2423/2706/2461 2741/2709/2464
f 2109/3116/2149 2114/2301/2154 2157/2312/2161 2107/2345/2147
f 2105/2292/2146 1928/2070/1940 2742/2073/1943 2111/2298/2152
f 2742/2073/1943 2743/2097/1967 1950/2096/1966 2111/2298/2152
f 2744/3117/2762 2743/2097/1967 2742/2073/1943 1929/2072/1942
f 2743/2097/1967 2744/3117/2762 2745/2091/1961 1946/2090/1960
f 2746/2077/1947 1942/2085/1955 2745/2091/1961 2744/3117/2762
f 2746/2077/1947 2744/3117/2762 1929/2072/1942 1931/2074/1944
f 2097/2279/2136 2747/3118/2763 1921/2060/1930 1923/2065/1935
f 2094/2274/2131 2748/2211/2068 2747/3118/2763 2097/2279/2136
f 2027/2202/2059 1918/2059/1929 1921/2060/1930 2747/3118/2763
f 2029/2203/2060 2027/2202/2059 2747/3118/2763 2748/2211/2068
f 2748/2211/2068 2094/2274/2131 2090/2273/2130 2034/2210/2067
f 2034/2210/2067 2090/2273/2130 2088/2270/2127 2036/2212/2069
f 2038/2213/2070 2036/2212/2069 2088/2270/2127 2080/2261/2118
f 1918/2059/1929 2027/2202/2059 2749/2201/2058 1916/2058/1928
f 2019/2192/2049 1916/2058/1928 2749/2201/2058 2022/2193/2050
f 2020/2191/2048 2012/2182/2039 2757/2021/1891 1888/2020/1890
f 1888/2020/1890 1892/2023/1893 2750/2194/2051 2020/2191/2048
f 2753/3119/2764 2752/2057/1927 2750/2194/2051 2751/3120/2765
f 2750/2194/2051 1892/2023/1893 2756/2027/1897 2751/3120/2765
f 1916/2058/1928 2019/2192/2049 2750/2194/2051 2752/2057/1927
f 2752/2057/1927 2753/3119/2764 2754/2052/1922 1912/2051/1921
f 2755/2034/1904 1908/2047/1917 2754/2052/1922 2753/3119/2764
f 2751/3120/2765 1899/2033/1903 2755/2034/1904 2753/3119/2764
f 1899/2033/1903 2751/3120/2765 2756/2027/1897 1891/2025/1895
f 1981/2139/2002 1887/2138/1887 2757/2180/1891 2758/2145/2007
f 2759/3121/2766 2758/2145/2007 2757/2180/1891 2011/2178/2038
f 2758/2145/2007 2759/3121/2766 2760/2151/2013 1986/2146/2008
f 2759/3121/2766 2011/2178/2038 2004/2167/2029 2002/2166/2028
f 2002/2166/2028 1990/2152/2014 2760/2151/2013 2759/3121/2766
f 2761/2029/1899 1975/2141/1994 1972/3122/1990 2762/3123/2767
f 2762/3123/2767 2763/3124/2768 1894/2028/1898 2761/2029/1899
f 1963/2112/1982 2762/3123/2767 1972/3122/1990 1965/2113/1983
f 2762/3123/2767 1963/2112/1982 2764/2111/1981 2763/3124/2768
f 2764/2111/1981 2767/3125/2769 2765/2037/1907 2763/3124/2768
f 1894/2028/1898 2763/3124/2768 2765/2037/1907 1896/2030/1900
f 2771/3126/2770 1901/2038/1908 2765/2037/1907 2766/3127/2771
f 2768/3128/2772 2766/3127/2771 2765/2037/1907 2767/3125/2769
f 2769/3129/2773 2768/3128/2772 2767/3125/2769 2764/2111/1981
f 2770/3130/2774 2771/3126/2770 2766/3127/2771 2768/3128/2772
f 2768/3128/2772 2769/3129/2773 2773/2095/1965 2770/3130/2774
f 2770/3130/2774 2772/2087/1957 2774/3131/2775 2771/3126/2770
f 2773/2095/1965 1944/2088/1958 2772/2087/1957 2770/3130/2774
f 2769/3129/2773 1955/2101/1971 1948/2094/1964 2773/2095/1965
f 1940/2082/1952 2775/2083/1953 2774/3131/2775 2772/2087/1957
f 2775/2083/1953 1905/2042/1912 1903/2039/1909 2774/3131/2775
f 2771/3126/2770 2774/3131/2775 1903/2039/1909 1901/2038/1908
f 1905/2042/1912 2775/2083/1953 1939/2079/1949 1937/2043/1913
f 2769/3129/2773 2764/2111/1981 1957/2104/1974 1955/2101/1971
f 2778/3132/2776 2776/3133/2777 2777/3134/2778
f 2776/3135/2777 2778/3132/2776 2777/3134/2778
o root.2
v -0.374538 0.886394 0.646444
v -0.390349 0.903534 0.645934
v -0.354936 0.874024 0.664243
v -0.379967 0.871399 0.628656
v -0.418012 0.839283 0.574766
v -0.388455 0.851867 0.611603
v -0.366407 0.865160 0.636321
v -0.386042 0.842628 0.653325
v -0.377473 0.842398 0.615502
v -0.380182 0.817962 0.635697
v -0.395059 0.811239 0.597281
v -0.401756 0.832060 0.594896
v -0.401964 0.757566 0.574790
v -0.407619 0.807990 0.571903
v -0.391367 0.809358 0.623866
v -0.368469 0.774687 0.625560
v -0.406391 0.747891 0.591663
v -0.396640 0.739394 0.615722
v -0.366869 0.710922 0.565515
v -0.374617 0.688766 0.598733
v -0.339051 0.677959 0.569252
v -0.364678 0.741172 0.530075
v -0.351584 0.694740 0.523380
v -0.383626 0.704361 0.542077
v -0.355115 0.753170 0.593882
v -0.364114 0.725905 0.600297
v -0.371381 0.724003 0.613255
v -0.330376 0.685999 0.592367
v -0.314739 0.666079 0.637619
v -0.321438 0.661403 0.573969
v -0.310110 0.678453 0.637536
v -0.338765 0.676310 0.590015
v -0.358022 0.695105 0.603929
v -0.346346 0.690794 0.589406
v -0.333869 0.696823 0.580019
v -0.321581 0.667970 0.582288
v -0.329305 0.653265 0.572322
v -0.318605 0.646608 0.541373
v -0.300912 0.654493 0.543097
v -0.317524 0.642068 0.518194
v -0.327790 0.626091 0.522947
v -0.345584 0.664377 0.545128
v -0.343222 0.676322 0.533089
v -0.337498 0.678659 0.565845
v -0.332474 0.690209 0.548354
v -0.291332 0.665189 0.520884
v -0.326960 0.706600 0.546914
v -0.327399 0.730537 0.524992
v -0.342101 0.735681 0.558582
v -0.297703 0.694442 0.495600
v -0.298684 0.720031 0.485347
v -0.260947 0.692014 0.466933
v -0.196166 0.682050 0.444126
v -0.251691 0.666101 0.490697
v -0.255466 0.713042 0.453292
v -0.202768 0.713599 0.434894
v -0.254039 0.717534 0.435935
v -0.207466 0.714049 0.420780
v -0.304079 0.733115 0.474701
v -0.269976 0.688012 0.425728
v -0.311086 0.694206 0.417202
v -0.317357 0.714925 0.473553
v -0.234496 0.693728 0.406663
v -0.256811 0.696043 0.381703
v -0.259369 0.727967 0.348953
v -0.297237 0.710113 0.390415
v -0.238024 0.709254 0.393598
v -0.245285 0.733742 0.355511
v -0.243106 0.765582 0.355479
v -0.218353 0.729341 0.387249
v -0.239091 0.743322 0.312006
v -0.254068 0.734895 0.340745
v -0.231600 0.712589 0.322845
v -0.251029 0.735241 0.307544
v -0.240930 0.745789 0.274188
v -0.256679 0.757529 0.312301
v -0.244776 0.756961 0.309820
v -0.262040 0.787831 0.350588
v -0.245847 0.754578 0.275677
v -0.239526 0.758300 0.279872
v -0.232901 0.752220 0.279303
v -0.228154 0.801053 0.361245
v -0.316104 0.820302 0.391458
v -0.297314 0.744861 0.377306
v -0.338513 0.793427 0.419933
v -0.320540 0.740095 0.388457
v -0.354533 0.765166 0.438851
v -0.345646 0.720787 0.449242
v -0.364312 0.791119 0.487140
v -0.360614 0.754368 0.494517
v -0.360088 0.823735 0.475452
v -0.382510 0.798993 0.494123
v -0.407616 0.784423 0.518720
v -0.382430 0.763700 0.483524
v -0.391930 0.830391 0.501724
v -0.371691 0.876664 0.497612
v -0.425546 0.859349 0.490499
v -0.434804 0.809861 0.503783
v -0.433580 0.841375 0.508332
v -0.442862 0.807205 0.530420
v -0.434289 0.833839 0.527114
v -0.419286 0.861699 0.548253
v -0.381719 0.914622 0.599564
v -0.413276 0.881719 0.526259
v -0.384908 0.934720 0.581392
v -0.399000 0.892109 0.503065
v -0.362492 0.944360 0.550683
v -0.334399 0.941912 0.529216
v -0.326730 0.982189 0.586669
v -0.285330 0.993479 0.575088
v -0.334718 0.957445 0.630107
v -0.247346 0.999390 0.618575
v -0.366735 0.925272 0.633319
v -0.387039 0.922216 0.674695
v -0.320245 0.948912 0.676352
v -0.244715 1.014843 0.644595
v -0.316189 0.944948 0.687009
v -0.324270 0.925190 0.711162
v -0.376603 0.929056 0.697269
v -0.395835 0.893548 0.724586
v -0.357688 0.916099 0.743505
v -0.396927 0.894296 0.728872
v -0.405420 0.868423 0.712343
v -0.445669 0.838359 0.735569
v -0.429687 0.885343 0.712601
v -0.457000 0.841638 0.717378
v -0.420197 0.871798 0.697957
v -0.389611 0.896186 0.671565
v -0.450142 0.837064 0.715506
v -0.460057 0.807286 0.712765
v -0.443577 0.834382 0.725653
v -0.455058 0.806014 0.718519
v -0.455425 0.804709 0.718171
v -0.460618 0.805363 0.712224
v -0.376332 0.879789 0.702635
v -0.367581 0.889716 0.670801
v -0.335100 0.883681 0.701778
v -0.362469 0.861176 0.694841
v -0.382993 0.870244 0.692293
v -0.367572 0.858816 0.686292
v -0.378640 0.846407 0.693856
v -0.369799 0.852823 0.698681
v -0.355320 0.867531 0.670891
v -0.350198 0.858459 0.685020
v -0.336783 0.841707 0.708843
v -0.368193 0.835188 0.673316
v -0.355721 0.818733 0.693027
v -0.386196 0.791939 0.669505
v -0.402828 0.800459 0.655046
v -0.368046 0.768885 0.657403
v -0.345089 0.724647 0.621585
v -0.358020 0.763512 0.687424
v -0.371256 0.796372 0.650762
v -0.383070 0.787575 0.644681
v -0.358262 0.791069 0.631788
v -0.371725 0.818540 0.639263
v -0.345878 0.801500 0.706125
v -0.343264 0.753685 0.708825
v -0.357706 0.713944 0.648624
v -0.348997 0.701856 0.670468
v -0.332971 0.678075 0.645588
v -0.322174 0.670802 0.657708
v -0.330000 0.695619 0.593117
v -0.308635 0.672850 0.672195
v -0.330723 0.692784 0.683069
v -0.307930 0.695226 0.695641
v -0.337918 0.742484 0.731699
v -0.333474 0.785269 0.759871
v -0.304402 0.734572 0.738784
v -0.293000 0.776084 0.774364
v -0.274803 0.727168 0.732291
v -0.246007 0.782637 0.758043
v -0.280087 0.703349 0.698140
v -0.303600 0.669152 0.659698
v -0.266353 0.698991 0.680267
v -0.257717 0.772680 0.741120
v -0.235090 0.763353 0.729264
v -0.225583 0.852941 0.750083
v -0.207185 0.851146 0.738285
v -0.195067 0.906932 0.722567
v -0.210417 0.846257 0.762137
v -0.190452 0.890750 0.737830
v -0.192581 0.855508 0.774541
v -0.221821 0.846875 0.795937
v -0.175632 0.897645 0.740606
v -0.178487 0.920518 0.711586
v -0.214965 0.911118 0.767543
v -0.180204 0.944891 0.717258
v -0.230135 0.937272 0.736917
v -0.212820 0.961468 0.689312
v -0.167798 0.926540 0.707829
v -0.129382 0.940814 0.701212
v -0.152626 0.905305 0.695014
v -0.099611 0.932852 0.685154
v -0.195474 0.968424 0.672311
v -0.198135 0.990508 0.659337
v -0.132198 0.968127 0.645976
v -0.171294 0.990373 0.618485
v -0.066385 0.931245 0.586993
v -0.057725 0.860044 0.532176
v -0.098689 0.965046 0.526146
v -0.066979 0.915425 0.645712
v -0.080138 0.889607 0.637994
v -0.082311 0.876076 0.645369
v -0.112101 0.911995 0.692742
v -0.125327 0.869385 0.699613
v -0.123852 0.795101 0.697304
v -0.154421 0.858919 0.719443
v -0.151260 0.770393 0.720574
v -0.177205 0.851079 0.731160
v -0.177075 0.906166 0.706458
v -0.193280 0.748703 0.717986
v -0.155725 0.693950 0.712358
v -0.232604 0.691193 0.686537
v -0.227210 0.649771 0.676747
v -0.277722 0.618606 0.625759
v -0.284724 0.656324 0.657821
v -0.176332 0.606863 0.699868
v -0.134820 0.600200 0.685082
v -0.123934 0.648099 0.720509
v -0.197239 0.561157 0.655868
v -0.122742 0.568810 0.665647
v -0.186105 0.553148 0.594710
v -0.168992 0.583244 0.548701
v -0.280069 0.609482 0.569159
v -0.103248 0.562062 0.627998
v -0.068700 0.569745 0.642922
v -0.080598 0.598018 0.563444
v -0.043896 0.603931 0.596789
v -0.085087 0.606251 0.546089
v -0.050545 0.659137 0.524892
v -0.027557 0.663563 0.539999
v -0.049157 0.723508 0.488191
v -0.062136 0.656487 0.516590
v -0.060947 0.653426 0.508750
v -0.077077 0.727019 0.481475
v -0.095869 0.740297 0.451878
v -0.087095 0.701002 0.462859
v -0.066149 0.774387 0.473310
v -0.052292 0.777795 0.466197
v -0.076410 0.763998 0.458730
v -0.061146 0.791186 0.472559
v -0.071196 0.800284 0.459484
v -0.039527 0.786001 0.472918
v -0.051905 0.771824 0.486417
v -0.032902 0.742707 0.490551
v -0.073324 0.817249 0.462878
v -0.057852 0.827601 0.396367
v -0.082021 0.949172 0.453731
v -0.060565 0.881566 0.380271
v -0.092237 0.975512 0.449368
v -0.075609 0.940378 0.487683
v -0.095319 0.896871 0.358288
v -0.113413 1.004016 0.487976
v -0.193573 1.010173 0.590246
v -0.150784 0.999385 0.441594
v -0.210317 1.005879 0.414121
v -0.213742 1.027782 0.563159
v -0.260522 1.013789 0.538985
v -0.311609 0.953306 0.497980
v -0.336493 0.871116 0.455184
v -0.264929 0.962905 0.407034
v -0.229311 0.951557 0.329407
v -0.290924 0.895400 0.393453
v -0.279896 0.838905 0.374102
v -0.228685 0.916552 0.327457
v -0.257967 0.851428 0.330103
v -0.201140 0.907921 0.326397
v -0.217093 0.918401 0.291075
v -0.220330 0.881992 0.289022
v -0.231430 0.843424 0.284801
v -0.196395 0.892270 0.306428
v -0.207097 0.872659 0.259138
v -0.189404 0.876737 0.264050
v -0.203195 0.853130 0.245526
v -0.178900 0.843056 0.257388
v -0.191297 0.872742 0.249975
v -0.171443 0.859439 0.253716
v -0.168334 0.854401 0.267295
v -0.169462 0.882048 0.317993
v -0.169447 0.841841 0.273799
v -0.171208 0.834955 0.309804
v -0.168293 0.834052 0.342771
v -0.204162 0.830642 0.295615
v -0.219319 0.825810 0.335921
v -0.155755 0.877889 0.353326
v -0.142401 0.823110 0.356868
v -0.181962 0.800741 0.376897
v -0.148726 0.800880 0.379189
v -0.173111 0.773241 0.369336
v -0.144855 0.770000 0.370980
v -0.214475 0.762827 0.360311
v -0.152149 0.735853 0.359656
v -0.147636 0.729186 0.329268
v -0.129042 0.727114 0.357210
v -0.193199 0.729596 0.348642
v -0.169010 0.720231 0.322912
v -0.206719 0.692110 0.374491
v -0.164868 0.697758 0.333906
v -0.207166 0.645213 0.378838
v -0.222530 0.661920 0.414936
v -0.201363 0.645161 0.421247
v -0.198986 0.688040 0.415115
v -0.131828 0.714046 0.422791
v -0.180588 0.665299 0.416891
v -0.129540 0.690103 0.428257
v -0.133075 0.698469 0.440393
v -0.087081 0.683023 0.434043
v -0.082857 0.738735 0.403024
v -0.083920 0.722750 0.448553
v -0.053833 0.668170 0.397833
v -0.050038 0.642036 0.494566
v -0.017946 0.623127 0.457314
v -0.080479 0.587088 0.525500
v -0.146746 0.565386 0.518853
v -0.054989 0.555146 0.492138
v -0.089282 0.601718 0.536747
v -0.153691 0.585414 0.532382
v -0.163405 0.587350 0.546258
v -0.208154 0.624255 0.484472
v -0.208922 0.656130 0.461315
v -0.190153 0.607647 0.457142
v -0.232073 0.634053 0.511857
v -0.260108 0.622719 0.528914
v -0.192634 0.580677 0.411856
v -0.131067 0.527603 0.477112
v -0.162383 0.583089 0.362260
v -0.165427 0.657349 0.358568
v -0.103434 0.604401 0.349364
v -0.109521 0.507835 0.412761
v -0.048348 0.529933 0.403172
v -0.001115 0.596840 0.401888
v -0.049231 0.645055 0.366226
v -0.069442 0.692354 0.351407
v -0.068979 0.701848 0.364231
v -0.123027 0.670485 0.340194
v -0.106825 0.707226 0.333881
v -0.108278 0.721336 0.346420
v -0.131647 0.703619 0.331089
v -0.136261 0.714135 0.316318
v -0.117700 0.762963 0.375630
v -0.121997 0.795552 0.386146
v -0.093071 0.782803 0.412580
v -0.118563 0.808339 0.373308
v -0.100474 0.805707 0.345289
v -0.094091 0.820339 0.391045
v -0.075395 0.814044 0.340291
v -0.055771 0.834880 0.316986
v -0.076902 0.835100 0.313555
v -0.064260 0.834073 0.312762
v -0.108400 0.835672 0.328758
v -0.091753 0.839845 0.312284
v -0.119483 0.878353 0.335665
v -0.143450 0.874613 0.362078
v -0.113525 0.862032 0.311555
v -0.091469 0.899968 0.328518
v -0.080676 0.913303 0.281926
v -0.065837 0.903615 0.323328
v -0.118454 0.909866 0.353690
v -0.092726 0.926838 0.294698
v -0.117777 0.941442 0.350632
v -0.164038 0.900355 0.357774
v -0.142350 0.935062 0.355882
v -0.179195 0.906183 0.335308
v -0.152861 0.910238 0.320401
v -0.134349 0.931988 0.314785
v -0.150109 0.908606 0.289154
v -0.174300 0.902334 0.311771
v -0.170241 0.903255 0.277781
v -0.198591 0.906064 0.301806
v -0.189491 0.907185 0.275486
v -0.198189 0.924308 0.262012
v -0.169819 0.925796 0.252610
v -0.200053 0.950238 0.272048
v -0.214204 0.945911 0.291213
v -0.188466 0.963943 0.294674
v -0.178914 0.951626 0.262202
v -0.153570 0.950385 0.267618
v -0.142172 0.926015 0.268775
v -0.147971 0.958915 0.305775
v -0.147593 0.963007 0.355426
v -0.176266 0.975103 0.345810
v -0.109620 0.952949 0.355779
v -0.049597 0.937395 0.301654
v -0.071993 0.951949 0.299759
v -0.098986 0.850760 0.283959
v -0.087489 0.879169 0.325780
v -0.066064 0.858699 0.333396
v -0.079958 0.872841 0.300145
v -0.067239 0.855255 0.300860
v -0.080030 0.842649 0.295298
v -0.069559 0.741841 0.437342
v -0.140191 0.722483 0.439973
v -0.137882 0.733166 0.426670
v -0.106700 0.723451 0.459023
v -0.228734 1.021463 0.626720
v -0.202929 1.013378 0.634905
v -0.233555 1.012634 0.649728
v -0.219911 0.993061 0.692046
v -0.272599 0.967857 0.709385
v -0.273684 0.949329 0.714615
v -0.294653 0.965785 0.738527
v -0.277646 0.956287 0.712092
v -0.286063 0.962112 0.722373
v -0.304233 0.933645 0.708506
v -0.307676 0.949678 0.742527
v -0.299957 0.930904 0.729683
v -0.279407 0.924770 0.753736
v -0.355706 0.888205 0.762210
v -0.265352 0.896149 0.777558
v -0.267061 0.845236 0.788883
v -0.356509 0.844707 0.773150
v -0.360758 0.840363 0.768876
v -0.316297 0.828229 0.783089
v -0.380397 0.762223 0.745838
v -0.357923 0.836583 0.747833
v -0.341839 0.794261 0.739201
v -0.351342 0.869734 0.729852
v -0.377343 0.765260 0.728176
v -0.382231 0.735200 0.715478
v -0.360490 0.759930 0.727233
v -0.359275 0.752797 0.740493
v -0.370137 0.731253 0.715274
v -0.372997 0.726241 0.727471
v -0.383746 0.732579 0.727503
v -0.337392 0.834355 0.734625
v -0.324073 0.841595 0.719065
v -0.031168 0.753893 0.543971
v -0.050181 0.775802 0.617628
v -0.034061 0.713858 0.520365
v -0.012839 0.685630 0.579475
v -0.041458 0.625451 0.634406
v -0.018023 0.713615 0.629607
v -0.061575 0.651074 0.656641
v -0.105724 0.628557 0.690274
v -0.095305 0.720919 0.686546
v -0.132059 0.727819 0.717259
v -0.078126 0.589148 0.676270
v -0.059303 0.839039 0.584774
v -0.078865 0.823451 0.656547
v -0.304927 0.645935 0.625863
v -0.191577 0.892348 0.720584
v -0.329341 0.800421 0.723651
v -0.344367 0.731241 0.587626
v -0.364781 0.734965 0.491491
v -0.377986 0.736699 0.498718
v -0.358976 0.715804 0.503477
v -0.387022 0.714574 0.522347
v -0.370093 0.695751 0.500624
v -0.413463 0.775016 0.552872
v -0.366465 0.684613 0.508983
v -0.345578 0.755694 0.506102
v -0.354337 0.761072 0.530308
v -0.329870 0.751542 0.511699
v -0.343096 0.755111 0.536061
v -0.348696 0.756811 0.557545
v -0.338256 0.740296 0.540433
v -0.364605 0.765981 0.554197
v -0.363492 0.757499 0.562902
v -0.351898 0.667133 0.583851
v -0.347520 0.688656 0.595310
v -0.234496 0.693728 0.406663
v -0.222530 0.661920 0.414936
v -0.211788 0.674066 0.419734
v -0.321581 0.667970 0.582288
v -0.330376 0.685999 0.592367
v -0.332971 0.678075 0.645588
v -0.382993 0.870244 0.692293
v -0.393910 0.857306 0.702062
v -0.378640 0.846407 0.693856
v -0.147636 0.729186 0.329268
v -0.141198 0.725427 0.312530
v -0.136261 0.714135 0.316318
v -0.310110 0.678453 0.637536
v -0.330376 0.685999 0.592367
v -0.332971 0.678075 0.645588
v -0.098986 0.850760 0.283959
v -0.067318 0.856156 0.284269
v -0.067239 0.855255 0.300860
vn -0.6540 -0.5839 0.4810
vn -0.9359 0.1892 0.2971
vn -0.9172 0.0038 0.3984
vn -0.5938 -0.4625 0.6585
vn -0.9996 -0.0277 0.0032
vn -0.7393 -0.6412 -0.2057
vn -0.9068 -0.0523 0.4184
vn -0.7319 -0.2023 0.6507
vn -0.6697 -0.2161 0.7105
vn -0.8885 0.0245 0.4582
vn -0.9102 0.3708 0.1844
vn -0.9886 -0.1004 -0.1123
vn -0.9945 -0.0242 -0.1023
vn -0.9239 0.0246 0.3820
vn -0.8563 0.1220 0.5019
vn -0.7988 -0.2111 0.5634
vn -0.9261 -0.3299 0.1829
vn -0.9522 -0.2508 0.1746
vn -0.9412 -0.2740 0.1976
vn -0.0069 -0.3520 0.9360
vn -0.7770 -0.6226 0.0928
vn -0.5629 -0.3817 0.7331
vn 0.3886 -0.8470 -0.3628
vn -0.5952 -0.7221 0.3525
vn -0.6494 -0.7354 0.1934
vn -0.7742 -0.0772 -0.6283
vn -0.4923 -0.8527 0.1747
vn 0.8492 0.0420 0.5264
vn -0.7050 -0.0648 0.7062
vn 0.7433 -0.6487 -0.1633
vn -0.1142 -0.9925 0.0446
vn 0.9872 -0.1449 0.0666
vn 0.8242 -0.5562 0.1062
vn 0.7050 -0.1241 -0.6983
vn -0.0224 -0.9353 -0.3531
vn 0.1954 -0.2150 0.9569
vn 0.2512 -0.2757 0.9278
vn -0.9967 -0.0786 0.0204
vn -0.9988 0.0332 -0.0373
vn -0.8262 -0.5439 -0.1466
vn -0.8039 -0.5672 0.1789
vn -0.4489 -0.8799 0.1558
vn -0.7047 -0.6334 0.3196
vn 0.9058 -0.1300 0.4033
vn -0.9555 -0.2763 0.1036
vn 0.0812 -0.3674 0.9265
vn -0.0266 -0.6234 0.7815
vn 0.0493 -0.7178 0.6945
vn -0.0840 -0.8710 0.4840
vn 0.6016 -0.7500 0.2749
vn -0.2334 -0.9382 -0.2555
vn -0.2070 -0.9488 -0.2388
vn 0.2263 -0.4833 -0.8457
vn -0.4410 -0.5101 -0.7385
vn -0.9955 -0.0824 -0.0461
vn -0.6641 0.4094 -0.6256
vn -0.8944 0.2609 -0.3632
vn -0.9082 -0.2276 -0.3512
vn -0.6796 -0.4326 -0.5925
vn -0.9132 -0.3362 -0.2303
vn -0.8800 -0.3504 -0.3205
vn -0.8399 -0.3701 -0.3969
vn -0.7067 -0.4823 -0.5176
vn -0.9250 -0.3619 -0.1160
vn -0.4278 -0.6661 -0.6110
vn -0.4855 -0.4682 -0.7383
vn -0.4830 -0.5879 -0.6489
vn -0.0309 -0.7340 -0.6785
vn -0.4652 0.0428 -0.8842
vn -0.7692 -0.3518 -0.5334
vn 0.1419 -0.9162 0.3747
vn 0.0210 -0.8301 0.5572
vn -0.2156 -0.9269 0.3071
vn 0.1214 -0.9534 0.2764
vn -0.2439 -0.9500 0.1951
vn -0.0501 -0.7925 0.6079
vn -0.5152 -0.6087 -0.6033
vn 0.0552 -0.8476 -0.5277
vn -0.5381 -0.8113 -0.2287
vn -0.7504 -0.6607 -0.0193
vn 0.1346 -0.6830 -0.7179
vn -0.4757 -0.4566 -0.7518
vn 0.4902 -0.2459 -0.8362
vn 0.7043 -0.4890 -0.5146
vn -0.6397 -0.1701 -0.7496
vn -0.2552 -0.4415 -0.8602
vn 0.6541 0.7562 -0.0179
vn 0.6588 0.1526 -0.7366
vn 0.9170 -0.3978 0.0295
vn 0.1201 0.0088 -0.9927
vn -0.3312 -0.7922 -0.5126
vn -0.3245 -0.9046 -0.2763
vn -0.6676 0.4681 -0.5790
vn -0.0361 -0.5219 -0.8522
vn 0.9345 -0.0015 -0.3561
vn -0.4995 0.4702 -0.7276
vn -0.2980 0.2755 -0.9139
vn 0.4097 0.8547 -0.3189
vn -0.0058 -0.2472 -0.9690
vn -0.6964 0.1765 -0.6957
vn -0.6264 0.1186 -0.7705
vn -0.8090 0.1451 -0.5696
vn -0.9126 -0.0718 -0.4025
vn -0.7046 -0.1631 -0.6906
vn -0.6556 -0.0094 -0.7550
vn -0.7850 0.1111 -0.6095
vn 0.0336 -0.7922 -0.6093
vn -0.3887 -0.0838 -0.9175
vn -0.4576 -0.1248 -0.8803
vn -0.3336 -0.0857 -0.9388
vn -0.7977 -0.3954 -0.4554
vn -0.6706 -0.3246 -0.6670
vn -0.6800 -0.3423 -0.6484
vn -0.4161 0.3656 -0.8326
vn -0.7789 0.3363 -0.5293
vn -0.4510 0.5712 -0.6859
vn -0.5198 0.2780 -0.8078
vn -0.8630 0.2090 -0.4599
vn -0.9515 0.2931 0.0937
vn -0.9578 -0.2741 0.0868
vn -0.9145 0.3596 0.1853
vn -0.8590 0.5120 0.0044
vn -0.8427 0.4876 0.2282
vn -0.7874 0.6042 0.1224
vn -0.5106 0.7732 -0.3761
vn -0.5007 0.7023 -0.5061
vn -0.4513 0.8908 -0.0528
vn -0.4642 0.8847 0.0437
vn -0.5661 0.8137 0.1319
vn -0.4314 0.8986 0.0803
vn -0.3730 0.8430 0.3876
vn -0.3141 0.9034 0.2920
vn -0.7800 0.6256 0.0165
vn -0.6985 0.7063 -0.1151
vn -0.6592 -0.4231 -0.6216
vn -0.3278 0.8358 0.4404
vn -0.3880 0.7390 0.5508
vn 0.1012 0.8961 0.4321
vn -0.3044 0.8972 0.3199
vn -0.4752 0.7584 0.4461
vn -0.2367 0.4287 0.8719
vn -0.8139 0.5810 0.0057
vn -0.2819 0.8735 0.3970
vn -0.3794 0.8484 0.3692
vn -0.7102 -0.1649 0.6844
vn -0.5967 0.3180 0.7367
vn 0.5587 -0.8287 0.0339
vn -0.1983 -0.9711 0.1331
vn 0.8286 -0.5584 -0.0413
vn -0.0220 -0.1304 0.9912
vn -0.9289 0.3540 -0.1091
vn 0.1419 -0.1627 -0.9764
vn -0.2544 -0.3929 -0.8837
vn 0.3890 0.0181 -0.9211
vn -0.8013 -0.1245 -0.5852
vn 0.9326 -0.3088 -0.1867
vn -0.4190 -0.9016 -0.1076
vn -0.9766 -0.2121 -0.0364
vn -0.6755 -0.6661 -0.3162
vn -0.6356 -0.6908 0.3446
vn -0.6281 -0.2644 0.7319
vn 0.1941 -0.7721 0.6051
vn 0.2229 -0.6863 0.6923
vn -0.1281 -0.7645 -0.6317
vn -0.4547 -0.8902 0.0286
vn -0.6701 0.1808 0.7199
vn -0.9674 -0.1688 -0.1886
vn -0.8011 0.1588 0.5770
vn -0.7367 0.0427 0.6748
vn -0.7010 -0.3253 0.6346
vn -0.9686 -0.2485 -0.0000
vn -0.9960 -0.0886 0.0065
vn -0.2757 -0.5717 -0.7728
vn -0.9446 -0.3276 -0.0196
vn -0.9224 -0.1036 0.3721
vn -0.9232 -0.3545 -0.1488
vn -0.7983 -0.5480 0.2500
vn -0.1899 -0.2709 -0.9437
vn -0.8036 0.0405 0.5937
vn -0.9183 -0.1082 0.3807
vn -0.9195 0.1182 0.3749
vn -0.8431 -0.4578 0.2821
vn -0.6813 -0.7083 -0.1846
vn -0.5784 -0.6408 0.5047
vn -0.4629 -0.8697 0.1712
vn -0.1319 -0.8513 0.5079
vn -0.0367 -0.8342 0.5502
vn -0.0703 -0.7619 0.6439
vn -0.7375 -0.3890 0.5521
vn -0.1000 -0.6588 0.7457
vn -0.3910 -0.4755 0.7880
vn -0.0492 -0.4523 0.8905
vn 0.5933 -0.6645 0.4543
vn 0.7334 -0.6174 0.2845
vn 0.2566 -0.7115 0.6542
vn 0.8343 -0.4589 0.3057
vn -0.3172 -0.6148 0.7221
vn -0.0080 -0.5361 0.8441
vn 0.2357 -0.4100 0.8811
vn 0.4106 -0.0107 0.9117
vn 0.8693 -0.4941 0.0091
vn 0.7178 -0.6037 -0.3469
vn 0.4983 0.1729 0.8496
vn 0.8030 -0.5935 0.0542
vn 0.4148 -0.6241 -0.6622
vn 0.9761 -0.1711 0.1337
vn 0.9011 -0.2859 0.3261
vn 0.4522 -0.1489 0.8794
vn 0.2704 0.5292 0.8042
vn 0.5129 -0.2466 0.8223
vn 0.3978 0.6637 0.6334
vn 0.8154 -0.2389 0.5273
vn 0.0940 0.7906 0.6051
vn 0.3414 0.6420 0.6865
vn -0.0236 0.5449 0.8382
vn 0.3134 0.4314 0.8460
vn 0.4579 0.7063 0.5399
vn 0.3084 0.0656 0.9490
vn 0.5150 -0.1064 0.8505
vn 0.6375 0.3313 0.6955
vn 0.4490 0.8437 0.2942
vn 0.5234 0.7117 0.4686
vn 0.2521 0.6374 0.7281
vn 0.5421 0.7838 0.3029
vn 0.8866 0.4483 0.1142
vn 0.7627 0.6305 0.1440
vn 0.9023 0.1814 0.3911
vn 0.9283 -0.0803 0.3631
vn 0.9799 0.1883 -0.0654
vn 0.9435 0.3292 -0.0384
vn 0.8826 0.0863 0.4622
vn 0.5679 0.1137 0.8152
vn 0.9535 0.2233 0.2024
vn 0.3824 0.1759 0.9071
vn 0.6649 0.0715 0.7435
vn 0.3327 -0.0028 0.9430
vn 0.8195 0.1285 0.5585
vn -0.0121 -0.2442 0.9697
vn 0.2630 0.1057 0.9590
vn 0.4864 0.0601 0.8717
vn 0.3280 0.0415 0.9438
vn -0.0763 -0.0815 0.9937
vn -0.2356 -0.3621 0.9019
vn -0.4245 -0.3150 0.8489
vn -0.6101 -0.6948 0.3807
vn -0.2314 -0.4148 0.8800
vn -0.3310 -0.8114 0.4818
vn 0.2618 -0.1961 0.9450
vn 0.0920 -0.8114 0.5772
vn 0.1329 -0.5607 0.8173
vn 0.4945 -0.2660 0.8275
vn -0.1580 -0.9673 -0.1983
vn 0.2414 -0.9686 -0.0586
vn -0.6088 -0.7579 -0.2344
vn 0.4013 -0.7803 -0.4798
vn -0.0202 -0.8122 -0.5830
vn -0.4079 -0.6694 -0.6209
vn 0.5845 -0.7978 0.1482
vn 0.5108 -0.4560 0.7288
vn 0.7627 -0.6214 -0.1793
vn 0.8466 -0.3395 -0.4099
vn 0.5758 -0.4978 -0.6486
vn -0.0399 -0.9224 -0.3842
vn 0.5856 -0.7618 -0.2770
vn 0.7677 -0.4135 -0.4895
vn 0.5373 -0.3458 -0.7692
vn 0.9045 -0.1498 -0.3993
vn 0.5532 -0.2410 -0.7975
vn 0.5479 -0.6224 0.5589
vn 0.9984 0.0405 0.0394
vn 0.7631 0.3401 -0.5496
vn 0.9311 -0.1768 -0.3192
vn 0.4390 -0.1697 -0.8823
vn 0.6810 -0.7099 0.1797
vn 0.5325 -0.1805 -0.8270
vn 0.1222 -0.0260 -0.9922
vn 0.7934 0.3036 -0.5275
vn 0.7885 0.5668 -0.2388
vn 0.9023 -0.1710 -0.3958
vn 0.9789 -0.0983 -0.1793
vn 0.8575 0.4425 0.2623
vn 0.9037 -0.0713 -0.4222
vn 0.9751 0.1959 -0.1042
vn 0.9311 0.3052 -0.1999
vn 0.6097 -0.7634 -0.2134
vn 0.9150 -0.4020 0.0350
vn 0.9235 0.3667 -0.1127
vn 0.8622 0.4915 -0.1227
vn 0.6887 0.6433 -0.3345
vn 0.5571 0.8304 -0.0091
vn 0.3242 0.8932 -0.3114
vn 0.3082 0.9363 0.1686
vn -0.0537 0.9982 0.0265
vn -0.1243 0.9341 -0.3348
vn -0.4190 0.9055 -0.0664
vn 0.0985 0.9603 -0.2609
vn 0.0619 0.9836 0.1697
vn -0.7054 0.6308 -0.3231
vn -0.6844 0.6019 -0.4115
vn -0.7964 0.3038 -0.5229
vn -0.7069 0.5714 -0.4169
vn -0.8105 0.1430 -0.5681
vn -0.7870 -0.2326 -0.5714
vn -0.7438 -0.4391 -0.5040
vn -0.5347 0.6392 -0.5527
vn -0.7910 0.4811 -0.3780
vn -0.8019 -0.4471 -0.3963
vn 0.3100 0.8051 -0.5057
vn 0.0229 -0.3230 -0.9461
vn -0.3180 -0.9417 -0.1096
vn -0.5460 0.6363 -0.5450
vn -0.3717 -0.2344 -0.8983
vn 0.2703 0.8922 -0.3618
vn 0.1710 0.6182 -0.7672
vn 0.3429 -0.6963 -0.6305
vn -0.0994 -0.9704 -0.2202
vn 0.7443 0.2341 -0.6254
vn 0.9523 0.1456 -0.2682
vn 0.7605 -0.6256 -0.1737
vn 0.8516 0.4036 -0.3344
vn 0.7068 -0.6969 -0.1214
vn 0.6530 0.0933 -0.7516
vn 0.5471 -0.5681 -0.6147
vn -0.1818 -0.8827 -0.4333
vn 0.1827 -0.2766 -0.9435
vn -0.1162 0.0692 -0.9908
vn -0.1317 -0.5283 -0.8388
vn 0.1192 -0.2895 -0.9497
vn 0.1355 0.2896 -0.9475
vn 0.1160 0.3254 -0.9384
vn 0.1949 0.6096 -0.7684
vn 0.1603 0.6046 -0.7803
vn -0.5252 0.1495 -0.8378
vn -0.4079 0.2413 -0.8806
vn 0.2641 0.8422 -0.4701
vn 0.2323 0.0250 -0.9723
vn -0.3809 -0.4307 -0.8182
vn -0.7025 -0.2765 -0.6558
vn -0.8278 -0.2902 -0.4801
vn -0.4165 -0.2611 -0.8709
vn -0.9917 -0.0462 0.1201
vn -0.8441 -0.1904 0.5013
vn -0.1402 -0.0306 0.9897
vn -0.5802 0.6243 0.5231
vn 0.0636 -0.8949 0.4418
vn -0.2422 -0.1749 0.9543
vn -0.3019 0.8234 0.4805
vn 0.1430 0.4856 -0.8624
vn 0.7549 0.6160 0.2251
vn 0.4566 -0.4093 0.7899
vn 0.9114 0.3259 -0.2511
vn 0.9880 -0.0395 0.1491
vn 0.8362 0.5048 -0.2144
vn 0.8465 0.5292 0.0579
vn 0.8585 0.3078 0.4101
vn 0.9203 0.2395 0.3094
vn 0.4694 -0.3941 0.7901
vn 0.5805 -0.5792 0.5723
vn -0.2982 -0.8831 0.3622
vn -0.3714 -0.7176 0.5892
vn -0.2588 -0.9081 0.3292
vn -0.4168 -0.6847 -0.5979
vn -0.7259 -0.6531 -0.2156
vn -0.8868 -0.4518 0.0974
vn -0.8590 -0.4954 -0.1295
vn -0.4368 -0.4812 -0.7601
vn -0.1001 -0.9549 -0.2795
vn 0.1134 -0.2906 -0.9501
vn 0.0409 -0.2429 -0.9692
vn 0.5553 -0.7563 -0.3459
vn 0.9412 -0.0953 -0.3240
vn 0.7146 0.1320 -0.6869
vn 0.6686 0.2608 -0.6964
vn 0.2816 0.3107 -0.9078
vn 0.3026 0.6718 -0.6762
vn 0.5347 0.1197 -0.8365
vn 0.4372 0.4404 -0.7842
vn 0.4681 -0.1921 -0.8625
vn 0.8634 0.0354 -0.5032
vn 0.1326 -0.8467 -0.5153
vn -0.0736 -0.9447 -0.3194
vn -0.5849 -0.4938 -0.6435
vn 0.2280 -0.9406 -0.2516
vn 0.8758 -0.3376 -0.3449
vn -0.1271 -0.7966 -0.5910
vn 0.4820 -0.6104 -0.6285
vn -0.4011 -0.8051 -0.4370
vn -0.8104 0.1610 -0.5634
vn -0.5889 0.2972 -0.7516
vn -0.1486 -0.8787 -0.4537
vn 0.8193 -0.5259 0.2284
vn 0.2378 0.8798 -0.4116
vn -0.5185 0.1231 -0.8462
vn -0.6706 0.0340 -0.7411
vn -0.0013 -0.4736 -0.8807
vn 0.8229 0.3845 -0.4183
vn -0.3332 0.4267 -0.8408
vn -0.1844 0.8256 -0.5334
vn 0.5817 -0.0614 -0.8111
vn 0.6741 -0.2148 -0.7067
vn 0.6841 -0.5266 -0.5046
vn 0.5838 -0.8106 0.0457
vn 0.9950 -0.0997 0.0018
vn 0.0338 -0.9994 0.0089
vn 0.5805 -0.8007 -0.1482
vn 0.8039 -0.1897 -0.5636
vn 0.1168 -0.9209 -0.3718
vn -0.2894 -0.8607 -0.4189
vn -0.5496 -0.2775 -0.7880
vn 0.1128 -0.2268 -0.9674
vn -0.0412 0.6627 -0.7478
vn -0.5764 0.5626 -0.5926
vn -0.1555 0.9564 -0.2473
vn 0.5285 0.6401 -0.5576
vn 0.6521 0.7378 -0.1744
vn 0.4849 0.6357 0.6006
vn 0.2178 0.6925 0.6878
vn 0.1204 -0.6756 -0.7273
vn -0.4498 -0.1322 -0.8833
vn 0.2872 0.8015 -0.5245
vn 0.8797 0.4486 -0.1577
vn 0.7731 0.1581 -0.6143
vn 0.3219 -0.4878 -0.8114
vn 0.3477 0.9215 0.1730
vn -0.1655 0.6183 0.7684
vn 0.3927 0.8798 -0.2679
vn -0.0294 0.9379 0.3458
vn -0.7733 0.2414 -0.5863
vn -0.7928 0.4209 0.4408
vn -0.1216 0.6961 0.7076
vn -0.0892 0.4332 0.8969
vn -0.6508 0.0323 0.7586
vn -0.0479 -0.0202 0.9986
vn -0.2345 -0.0925 0.9677
vn -0.8807 0.0119 -0.4736
vn -0.8782 -0.0628 0.4742
vn -0.7882 -0.1025 0.6068
vn -0.6144 0.3644 -0.6998
vn 0.6083 -0.5904 0.5304
vn 0.2998 -0.1825 -0.9364
vn 0.6130 -0.0212 -0.7898
vn -0.3584 -0.3398 -0.8695
vn 0.3996 -0.4624 -0.7915
vn -0.6206 -0.1647 -0.7666
vn -0.7791 -0.5595 0.2828
vn 0.2546 -0.9385 0.2334
vn 0.8869 0.2340 0.3983
vn 0.8647 0.1567 0.4772
vn 0.9988 -0.0404 0.0285
vn 0.8869 -0.2483 0.3896
vn 0.7279 -0.0061 0.6856
vn 0.6159 0.0972 0.7818
vn -0.6668 -0.7181 -0.1992
vn 0.4225 -0.3922 -0.8171
vn -0.8703 -0.3732 -0.3214
vn -0.2041 -0.5271 -0.8249
vn 0.2435 -0.9663 0.0833
vn 0.0150 -0.9503 0.3109
vn -0.5519 -0.8321 0.0547
vn -0.6921 -0.7011 -0.1715
vn 0.4171 -0.9068 0.0610
vn -0.9199 0.0767 0.3846
vn -0.5592 -0.4056 -0.7231
vn 0.3053 -0.5373 -0.7862
vn -0.9154 -0.3892 -0.1026
vn 0.5509 0.1544 0.8201
vn -0.5509 -0.1544 -0.8201
vn -0.7571 0.6198 -0.2066
vn 0.6727 -0.3078 -0.6728
vn -0.6534 -0.7326 -0.1909
vn -0.0361 -0.9882 -0.1489
vn -0.8641 -0.1227 -0.4881
vn 0.7082 0.4828 -0.5150
vn -0.6133 -0.6273 -0.4799
vt 0.975138 0.154054
vt 0.969876 0.145740
vt 0.997504 0.156140
vt 0.981130 0.157425
vt 0.970383 0.157941
vt 0.966027 0.151550
vt 0.979673 0.160629
vt 0.994437 0.160688
vt 0.987530 0.159491
vt 0.987093 0.162632
vt 0.978843 0.168410
vt 0.968340 0.160426
vt 0.985643 0.173335
vt 0.993725 0.165500
vt 0.989306 0.171601
vt 0.330368 0.740646
vt 0.336836 0.747099
vt 0.333322 0.753126
vt 0.329328 0.748372
vt 0.345597 0.748228
vt 0.345153 0.756757
vt 0.348455 0.763598
vt 0.333785 0.759079
vt 0.991674 0.181311
vt 0.986085 0.175741
vt 0.342892 0.771013
vt 0.335865 0.772663
vt 0.351584 0.777537
vt 0.349634 0.782436
vt 0.962434 0.008509
vt 0.956124 0.017591
vt 0.942875 0.014765
vt 0.959934 0.000381
vt 0.355310 0.788392
vt 0.353799 0.789109
vt 0.344348 0.783333
vt 0.351642 0.792115
vt 0.350904 0.796978
vt 0.344305 0.790164
vt 0.932751 0.021279
vt 0.926100 0.012585
vt 0.939836 0.029695
vt 0.949076 0.023309
vt 0.948421 0.031951
vt 0.952618 0.022621
vt 0.337619 0.780656
vt 0.344322 0.778856
vt 0.348432 0.784956
vt 0.910585 0.020328
vt 0.905587 0.019810
vt 0.905771 0.019080
vt 0.907079 0.013778
vt 0.982683 0.218603
vt 0.994406 0.216757
vt 0.980690 0.221636
vt 0.996214 0.222443
vt 0.981675 0.227934
vt 0.356270 0.800034
vt 0.355253 0.797115
vt 0.993260 0.211798
vt 0.996599 0.211377
vt 0.353342 0.791850
vt 0.351072 0.788845
vt 0.351045 0.787771
vt 0.358808 0.796431
vt 0.891656 0.027573
vt 0.890063 0.018060
vt 0.893937 0.016420
vt 0.895648 0.027712
vt 0.888138 0.034530
vt 0.889588 0.019752
vt 0.896010 0.032582
vt 0.896729 0.041894
vt 0.902671 0.023169
vt 0.904118 0.026782
vt 0.909765 0.028176
vt 0.914972 0.031374
vt 0.904554 0.014293
vt 0.909554 0.050165
vt 0.922343 0.026135
vt 0.925680 0.033010
vt 0.923280 0.039356
vt 0.918481 0.055516
vt 0.918626 0.015908
vt 0.911242 0.073005
vt 0.906541 0.065024
vt 0.896258 0.058481
vt 0.900427 0.089685
vt 0.893463 0.085519
vt 0.887873 0.071769
vt 0.913909 0.079098
vt 0.903000 0.091928
vt 0.923846 0.058205
vt 0.923917 0.085203
vt 0.915079 0.095122
vt 0.930853 0.060741
vt 0.942545 0.090520
vt 0.929749 0.101271
vt 0.936757 0.080361
vt 0.943052 0.063013
vt 0.919480 0.100108
vt 0.378121 0.653552
vt 0.375494 0.655658
vt 0.368809 0.650250
vt 0.379512 0.638550
vt 0.948723 0.107682
vt 0.957756 0.090984
vt 0.923907 0.111074
vt 0.917162 0.112077
vt 0.366257 0.671511
vt 0.363732 0.654300
vt 0.370795 0.670559
vt 0.833857 0.856464
vt 0.836946 0.856058
vt 0.842273 0.863094
vt 0.832300 0.859340
vt 0.376571 0.664642
vt 0.374901 0.672210
vt 0.379512 0.678738
vt 0.365816 0.681431
vt 0.364044 0.680202
vt 0.967541 0.120764
vt 0.964766 0.113263
vt 0.970131 0.122725
vt 0.971552 0.124746
vt 0.967922 0.116420
vt 0.973445 0.106020
vt 0.978563 0.112418
vt 0.970796 0.123337
vt 0.972349 0.125326
vt 0.362321 0.679865
vt 0.831338 0.848398
vt 0.840360 0.853962
vt 0.348551 0.666931
vt 0.344921 0.662094
vt 0.354599 0.648310
vt 0.358808 0.651417
vt 0.980013 0.078609
vt 0.969780 0.067112
vt 0.958788 0.062535
vt 0.953479 0.083445
vt 0.961995 0.045641
vt 0.975572 0.042297
vt 0.945405 0.044392
vt 0.956905 0.039398
vt 0.966356 0.039580
vt 0.976901 0.033807
vt 0.968486 0.029576
vt 0.980034 0.024598
vt 0.956861 0.032214
vt 0.342477 0.711883
vt 0.331485 0.705331
vt 0.337785 0.691289
vt 0.344236 0.704073
vt 0.328355 0.713695
vt 0.336360 0.719689
vt 0.346995 0.727520
vt 0.338409 0.725270
vt 0.337598 0.729637
vt 0.342781 0.732573
vt 0.350547 0.738338
vt 0.329095 0.730976
vt 0.327509 0.722311
vt 0.303863 0.735874
vt 0.308665 0.728022
vt 0.308517 0.720809
vt 0.309951 0.710706
vt 0.309843 0.701837
vt 0.292054 0.709352
vt 0.285052 0.699676
vt 0.289031 0.720733
vt 0.142802 0.954178
vt 0.153751 0.962937
vt 0.149484 0.974584
vt 0.136091 0.974634
vt 0.121794 0.966748
vt 0.135907 0.949380
vt 0.295860 0.728090
vt 0.364770 0.859832
vt 0.374215 0.842675
vt 0.372487 0.853497
vt 0.367328 0.866407
vt 0.114582 0.978224
vt 0.119586 0.982391
vt 0.118561 0.965174
vt 0.134095 0.946939
vt 0.110741 0.966653
vt 0.111847 0.963462
vt 0.105548 0.981521
vt 0.356340 0.876114
vt 0.352740 0.870091
vt 0.359330 0.856962
vt 0.103210 0.961505
vt 0.100415 0.972427
vt 0.104445 0.982205
vt 0.092123 0.972903
vt 0.374215 0.882867
vt 0.373404 0.883383
vt 0.365399 0.879985
vt 0.371937 0.875604
vt 0.342908 0.886254
vt 0.344492 0.872017
vt 0.345758 0.885995
vt 0.350589 0.886980
vt 0.352338 0.887699
vt 0.361416 0.877282
vt 0.354380 0.889196
vt 0.346717 0.894062
vt 0.346330 0.894434
vt 0.347894 0.894602
vt 0.344663 0.893985
vt 0.344628 0.893687
vt 0.359718 0.638550
vt 0.360029 0.638643
vt 0.360029 0.640530
vt 0.359570 0.640384
vt 0.951885 0.155093
vt 0.962224 0.148598
vt 0.967561 0.139138
vt 0.973971 0.134365
vt 0.962054 0.155077
vt 0.948023 0.160411
vt 0.940786 0.153205
vt 0.955157 0.161757
vt 0.963022 0.163614
vt 0.958616 0.159062
vt 0.958023 0.157268
vt 0.962190 0.159669
vt 0.960293 0.157453
vt 0.968214 0.173775
vt 0.953710 0.170236
vt 0.956475 0.171211
vt 0.963658 0.177056
vt 0.976012 0.178454
vt 0.979705 0.187458
vt 0.978971 0.178385
vt 0.981919 0.178863
vt 0.979874 0.202861
vt 0.969023 0.190451
vt 0.988176 0.201477
vt 0.994849 0.192822
vt 0.997504 0.200553
vt 0.987638 0.182818
vt 0.983513 0.180936
vt 0.959337 0.182859
vt 0.960012 0.193412
vt 0.952424 0.183838
vt 0.972637 0.206222
vt 0.978217 0.213960
vt 0.967441 0.210918
vt 0.974522 0.217948
vt 0.970957 0.222921
vt 0.968490 0.219527
vt 0.960924 0.214769
vt 0.953440 0.198309
vt 0.947306 0.206127
vt 0.939115 0.192167
vt 0.931546 0.200366
vt 0.944472 0.213968
vt 0.925096 0.211436
vt 0.954571 0.220334
vt 0.930396 0.215704
vt 0.969966 0.229072
vt 0.955650 0.226333
vt 0.931722 0.222796
vt 0.906006 0.222191
vt 0.906721 0.216890
vt 0.905632 0.211726
vt 0.892476 0.220973
vt 0.889219 0.217438
vt 0.891909 0.212692
vt 0.887615 0.208503
vt 0.901287 0.206859
vt 0.905044 0.199750
vt 0.889837 0.189109
vt 0.109895 0.921846
vt 0.112849 0.928923
vt 0.103651 0.926234
vt 0.107521 0.920990
vt 0.882926 0.217131
vt 0.102659 0.938282
vt 0.097670 0.934726
vt 0.118784 0.936597
vt 0.103359 0.951531
vt 0.117926 0.916493
vt 0.124449 0.933241
vt 0.107813 0.913889
vt 0.116488 0.907764
vt 0.122111 0.909699
vt 0.132754 0.919384
vt 0.130808 0.935661
vt 0.124803 0.941047
vt 0.140482 0.929231
vt 0.143810 0.898363
vt 0.159752 0.905454
vt 0.129964 0.899778
vt 0.127731 0.893486
vt 0.151882 0.876283
vt 0.167316 0.894804
vt 0.124634 0.891839
vt 0.109576 0.900564
vt 0.136435 0.877212
vt 0.101642 0.903316
vt 0.100435 0.885560
vt 0.092123 0.884431
vt 0.116832 0.882881
vt 0.930437 0.235376
vt 0.920205 0.242590
vt 0.899278 0.234913
vt 0.903004 0.229495
vt 0.101309 0.915609
vt 0.094831 0.903017
vt 0.886359 0.221902
vt 0.928330 0.251728
vt 0.938775 0.251670
vt 0.952027 0.235011
vt 0.961410 0.243029
vt 0.981001 0.237466
vt 0.960479 0.262026
vt 0.976838 0.263505
vt 0.944175 0.266288
vt 0.481868 0.932056
vt 0.488462 0.948536
vt 0.478462 0.952853
vt 0.468187 0.945424
vt 0.470793 0.967804
vt 0.481258 0.965979
vt 0.500163 0.927958
vt 0.501177 0.947369
vt 0.480151 0.907935
vt 0.495443 0.903634
vt 0.523067 0.946973
vt 0.516374 0.925754
vt 0.506486 0.902158
vt 0.500915 0.956016
vt 0.491866 0.960548
vt 0.516405 0.959081
vt 0.532990 0.966717
vt 0.536824 0.961495
vt 0.518395 0.926398
vt 0.527875 0.945762
vt 0.538265 0.958727
vt 0.547777 0.976483
vt 0.540913 0.975294
vt 0.552683 0.974998
vt 0.529760 0.943987
vt 0.539864 0.958251
vt 0.553516 0.969293
vt 0.894008 0.882663
vt 0.900268 0.879240
vt 0.902741 0.885246
vt 0.896937 0.890921
vt 0.907795 0.887705
vt 0.902393 0.890836
vt 0.557848 0.986318
vt 0.560099 0.985286
vt 0.560901 0.991392
vt 0.556440 0.988581
vt 0.902161 0.873152
vt 0.898184 0.869882
vt 0.901059 0.863719
vt 0.905242 0.871122
vt 0.554072 0.991246
vt 0.547084 0.980876
vt 0.925558 0.872612
vt 0.911859 0.877612
vt 0.925555 0.856958
vt 0.924453 0.838946
vt 0.880332 0.865217
vt 0.890220 0.856027
vt 0.899063 0.844791
vt 0.900620 0.836390
vt 0.929708 0.833986
vt 0.175809 0.894693
vt 0.179006 0.902076
vt 0.170410 0.912514
vt 0.208131 0.900090
vt 0.181547 0.919933
vt 0.147974 0.935918
vt 0.155143 0.941866
vt 0.189514 0.935898
vt 0.162347 0.953739
vt 0.205094 0.922972
vt 0.140958 0.946611
vt 0.309296 0.691791
vt 0.283615 0.688479
vt 0.312080 0.665721
vt 0.295284 0.657149
vt 0.330723 0.669945
vt 0.303685 0.638550
vt 0.320365 0.645372
vt 0.329668 0.646646
vt 0.344832 0.651190
vt 0.342146 0.886159
vt 0.342088 0.904479
vt 0.307595 0.912883
vt 0.316147 0.900769
vt 0.897193 0.465626
vt 0.895081 0.454578
vt 0.907672 0.460212
vt 0.907468 0.471622
vt 0.302255 0.902638
vt 0.292846 0.905705
vt 0.290738 0.910561
vt 0.297224 0.918121
vt 0.320638 0.893202
vt 0.324531 0.887901
vt 0.314585 0.892364
vt 0.319875 0.889258
vt 0.317705 0.883305
vt 0.316947 0.875608
vt 0.315010 0.887077
vt 0.307450 0.888666
vt 0.306932 0.885524
vt 0.284719 0.896331
vt 0.292151 0.882646
vt 0.258972 0.897383
vt 0.270977 0.884264
vt 0.845609 0.839265
vt 0.852660 0.844628
vt 0.853415 0.851515
vt 0.842308 0.846857
vt 0.833819 0.838504
vt 0.842457 0.832769
vt 0.853370 0.862316
vt 0.825979 0.843319
vt 0.251800 0.894565
vt 0.253889 0.876166
vt 0.862407 0.858037
vt 0.861890 0.866371
vt 0.853059 0.869738
vt 0.859997 0.874480
vt 0.855675 0.887028
vt 0.852385 0.881010
vt 0.841926 0.875829
vt 0.841485 0.883841
vt 0.846787 0.886945
vt 0.849338 0.895593
vt 0.910079 0.118729
vt 0.903794 0.126771
vt 0.902008 0.125512
vt 0.910408 0.109817
vt 0.917207 0.119823
vt 0.897905 0.119622
vt 0.897151 0.124618
vt 0.901369 0.109183
vt 0.905322 0.103467
vt 0.900673 0.099436
vt 0.897127 0.107213
vt 0.886020 0.099871
vt 0.886237 0.103620
vt 0.886770 0.108263
vt 0.879256 0.092181
vt 0.884929 0.083587
vt 0.881911 0.093647
vt 0.532432 0.890069
vt 0.524187 0.894691
vt 0.526032 0.886957
vt 0.529751 0.884203
vt 0.901457 0.901397
vt 0.897315 0.905470
vt 0.885237 0.904710
vt 0.891593 0.894267
vt 0.898769 0.907635
vt 0.893325 0.911094
vt 0.877498 0.889289
vt 0.887865 0.889621
vt 0.867590 0.902231
vt 0.875045 0.915019
vt 0.895822 0.923445
vt 0.890818 0.929635
vt 0.883257 0.937289
vt 0.550697 0.955620
vt 0.542361 0.956520
vt 0.533825 0.941842
vt 0.544805 0.939290
vt 0.540967 0.921055
vt 0.529018 0.925715
vt 0.523051 0.926758
vt 0.514933 0.903828
vt 0.522541 0.903372
vt 0.528650 0.904058
vt 0.515330 0.892666
vt 0.504873 0.889696
vt 0.498456 0.891196
vt 0.490653 0.888139
vt 0.536091 0.897925
vt 0.883394 0.126582
vt 0.883933 0.116625
vt 0.825979 0.950480
vt 0.834935 0.935888
vt 0.841055 0.964963
vt 0.825998 0.976874
vt 0.879256 0.132934
vt 0.850478 0.930162
vt 0.840198 0.916298
vt 0.847726 0.906988
vt 0.858071 0.958801
vt 0.554684 0.918866
vt 0.560901 0.928398
vt 0.887046 0.962842
vt 0.870692 0.940784
vt 0.866320 0.920368
vt 0.863302 0.905566
vt 0.855644 0.897484
vt 0.858906 0.892695
vt 0.845406 0.892919
vt 0.897021 0.133603
vt 0.896365 0.132453
vt 0.892875 0.133133
vt 0.866603 0.879445
vt 0.870115 0.869950
vt 0.881324 0.876122
vt 0.870258 0.864894
vt 0.871357 0.856655
vt 0.868499 0.845878
vt 0.876199 0.853316
vt 0.879299 0.845789
vt 0.874034 0.846320
vt 0.876085 0.844095
vt 0.872192 0.842582
vt 0.226813 0.858980
vt 0.225942 0.853520
vt 0.235154 0.857191
vt 0.236457 0.872470
vt 0.893824 0.524729
vt 0.895059 0.536357
vt 0.893069 0.533549
vt 0.889354 0.530241
vt 0.224069 0.867593
vt 0.222747 0.862424
vt 0.895968 0.547085
vt 0.893430 0.545185
vt 0.223354 0.930255
vt 0.242015 0.923270
vt 0.220693 0.950824
vt 0.214340 0.955235
vt 0.891309 0.545778
vt 0.884655 0.534202
vt 0.243252 0.940095
vt 0.221023 0.961252
vt 0.253923 0.928700
vt 0.263422 0.906821
vt 0.277595 0.907261
vt 0.272752 0.924025
vt 0.267160 0.934889
vt 0.281899 0.917069
vt 0.276632 0.931799
vt 0.278178 0.940316
vt 0.874994 0.447710
vt 0.876607 0.455468
vt 0.868949 0.460199
vt 0.868949 0.452262
vt 0.883784 0.447528
vt 0.882279 0.454424
vt 0.887156 0.458910
vt 0.879424 0.462049
vt 0.884199 0.467529
vt 0.890835 0.465308
vt 0.891561 0.472685
vt 0.877564 0.472893
vt 0.870192 0.470348
vt 0.881794 0.483101
vt 0.870098 0.485058
vt 0.889906 0.497803
vt 0.875903 0.494761
vt 0.895864 0.487608
vt 0.879327 0.509975
vt 0.252422 0.939954
vt 0.247039 0.946460
vt 0.208894 0.977506
vt 0.217366 0.845537
vt 0.215807 0.846908
vt 0.214808 0.850631
vt 0.888151 0.843320
vt 0.892849 0.836773
vt 0.212738 0.848917
vt 0.208894 0.842675
vt 0.871239 0.833275
vt 0.879201 0.832180
vt 0.876363 0.837279
vt 0.873527 0.837743
vt 0.903382 0.898016
vt 0.885561 0.096815
vt 0.905356 0.895653
vt 0.910571 0.895170
vt 0.993525 0.050571
vt 0.137671 0.939095
vt 0.115825 0.949020
vt 0.110385 0.952287
vt 0.110907 0.953876
vt 0.110555 0.956441
vt 0.110736 0.958286
vt 0.095972 0.952125
vt 0.885118 0.177031
vt 0.899650 0.171054
vt 0.903733 0.181543
vt 0.929759 0.163953
vt 0.927824 0.176220
vt 0.912448 0.192926
vt 0.924376 0.187025
vt 0.937768 0.164268
vt 0.929330 0.175993
vt 0.936287 0.176884
vt 0.939542 0.172217
vt 0.940432 0.181310
vt 0.947223 0.170388
vt 0.942188 0.175495
vt 0.948181 0.165822
vt 0.939943 0.176388
vt 0.939757 0.175498
vt 0.938681 0.176668
vt 0.939921 0.177485
vt 0.541629 0.986981
vt 0.121916 0.867370
vt 0.136343 0.854982
vt 0.115049 0.851975
vt 0.122227 0.842675
vt 0.526228 0.976687
vt 0.506993 0.968466
vt 0.515105 0.988877
vt 0.499815 0.977064
vt 0.098292 0.865867
vt 0.097854 0.845676
vt 0.477867 0.987825
vt 0.925253 0.263788
vt 0.915310 0.249986
vt 0.996350 0.237846
vt 0.879256 0.222977
vt 0.880286 0.217869
vt 0.927901 0.025111
vt 0.950199 0.036668
vt 0.959067 0.023663
vt 0.952841 0.025071
vt 0.974874 0.018782
vt 0.934865 0.033543
vt 0.937803 0.042529
vt 0.931393 0.043132
vt 0.930518 0.033566
vt 0.932392 0.025128
vt 0.366279 0.706183
vt 0.362322 0.706561
vt 0.362322 0.698902
vt 0.368826 0.703208
vt 0.379512 0.682194
vt 0.379512 0.697657
vt 0.375464 0.685484
vt 0.374160 0.715683
vt 0.373884 0.711037
vt 0.378524 0.712037
vt 0.378524 0.716913
vt 0.370937 0.720105
vt 0.367819 0.715758
vt 0.371821 0.717165
vt 0.367944 0.720105
vt 0.379512 0.710275
vt 0.373884 0.710275
vt 0.378782 0.698420
vt 0.364979 0.707324
vt 0.368826 0.714995
vt 0.362765 0.710560
vt 0.368826 0.707345
s 1
f 2779/3136/2779 2780/3137/2780 2783/3138/2781 2782/3139/2782
f 2779/3136/2779 2781/3140/2783 2914/3141/2784 2780/3137/2780
f 2781/3140/2783 2779/3136/2779 2782/3139/2782 2785/3142/2785
f 2782/3139/2782 2783/3138/2781 2790/3143/2786 2784/3144/2787
f 2787/3145/2788 2785/3142/2785 2782/3139/2782 2784/3144/2787
f 2785/3142/2785 2786/3146/2789 2921/3147/2790 2781/3140/2783
f 2785/3142/2785 2787/3145/2788 2788/3148/2791 2786/3146/2789
f 2789/3149/2792 2793/3150/2793 2788/3148/2791 2787/3145/2788
f 2787/3145/2788 2784/3144/2787 2790/3143/2786 2789/3149/2792
f 2783/3151/2781 2792/3152/2794 2789/3153/2792 2790/3154/2786
f 2789/3153/2792 2792/3152/2794 3228/3155/2795 2791/3156/2796
f 2795/3157/2797 2793/3158/2793 2789/3153/2792 2791/3156/2796
f 2793/3150/2793 2794/3159/2798 2934/3160/2799 2788/3148/2791
f 2796/3161/2800 2794/3162/2798 2793/3158/2793 2795/3157/2797
f 2796/3161/2800 2795/3157/2797 2797/3163/2801 2798/3164/2802
f 2791/3165/2796 2802/3166/2803 2797/3167/2801 2795/3168/2797
f 2798/3164/2802 2797/3163/2801 2799/3169/2804 3238/3170/2805
f 2804/3171/2806 2806/3172/2807 2799/3173/2804 2797/3174/2801
f 3237/3175/2808 2803/3176/2809 2797/3167/2801 2800/3177/2810
f 2797/3167/2801 2801/3178/2811 3225/3179/2812 2800/3177/2810
f 3229/3180/2813 2801/3178/2811 2797/3167/2801 2802/3166/2803
f 2794/3162/2798 2804/3171/2806 2797/3174/2801 2803/3181/2809
f 2794/3162/2798 2796/3161/2800 2805/3182/2814 2804/3171/2806
f 2811/3183/2815 2806/3172/2807 2804/3171/2806 2805/3182/2814
f 2813/3184/2816 2822/3185/2817 2799/3186/2804 2806/3187/2807
f 2809/3188/2818 2806/3189/2807 2807/3190/2819
f 2807/3190/2819 2806/3189/2807 2808/3191/2820 3219/3192/2821
f 2808/3193/2820 2806/3172/2807 2814/3194/2822
f 2941/3195/2823 2813/3196/2816 2806/3189/2807 2809/3188/2818
f 2814/3194/2822 2806/3172/2807 2810/3197/2824
f 2806/3172/2807 2812/3198/2825 2810/3197/2824
f 2811/3183/2815 3239/3199/2826 2812/3198/2825 2806/3172/2807
f 2810/3197/2824 3238/3170/2805 2815/3200/2827 2814/3194/2822
f 2816/3201/2828 2814/3202/2822 2815/3203/2827 2819/3204/2829
f 2816/3201/2828 2817/3205/2830 2808/3206/2820 2814/3202/2822
f 2818/3207/2831 2824/3208/2832 2817/3205/2830 2816/3201/2828
f 2816/3201/2828 2819/3204/2829 2818/3207/2831
f 2820/3209/2833 2819/3204/2829 2815/3203/2827 2822/3185/2817
f 2820/3209/2833 2821/3210/2834 2818/3207/2831 2819/3204/2829
f 2823/3211/2835 2821/3210/2834 2820/3209/2833 2822/3185/2817
f 2823/3211/2835 2822/3185/2817 2813/3184/2816 2825/3212/2836
f 2822/3185/2817 2815/3203/2827 3238/3213/2805 2799/3186/2804
f 2823/3211/2835 2824/3208/2832 2818/3207/2831 2821/3210/2834
f 2825/3212/2836 2828/3214/2837 2824/3208/2832 2823/3211/2835
f 2825/3212/2836 2827/3215/2838 3235/3216/2839 2826/3217/2840
f 2826/3217/2840 2829/3218/2841 2828/3214/2837 2825/3212/2836
f 3222/3219/2842 2827/3215/2838 2825/3212/2836 2813/3184/2816
f 2829/3218/2841 2833/3220/2843 2830/3221/2844 2828/3214/2837
f 2830/3221/2844 2832/3222/2845 2824/3208/2832 2828/3214/2837
f 2833/3220/2843 2834/3223/2846 2831/3224/2847 2830/3221/2844
f 2832/3222/2845 2830/3221/2844 2831/3224/2847 3099/3225/2848
f 2834/3223/2846 2833/3220/2843 2835/3226/2849 2836/3227/2850
f 2829/3218/2841 2837/3228/2851 2835/3226/2849 2833/3220/2843
f 2835/3226/2849 2838/3229/2852 2841/3230/2853 2836/3227/2850
f 2835/3226/2849 2837/3228/2851 2840/3231/2854 2838/3229/2852
f 2844/3232/2855 2842/3233/2856 2838/3229/2852 2839/3234/2857
f 2838/3229/2852 2840/3231/2854 2866/3235/2858 2839/3234/2857
f 2838/3229/2852 2842/3233/2856 2845/3236/2859 2841/3230/2853
f 2843/3237/2860 2851/3238/2861 2846/3239/2862 2842/3240/2856
f 2843/3241/2860 2842/3233/2856 2844/3232/2855 2862/3242/2863
f 2846/3243/2862 2848/3244/2864 2845/3236/2859 2842/3233/2856
f 2855/3245/2865 2847/3246/2866 2846/3239/2862 2849/3247/2867
f 2846/3248/2862 2847/3249/2866 3070/3250/2868 2848/3251/2864
f 2849/3247/2867 2846/3239/2862 2850/3252/2869 2852/3253/2870
f 2851/3238/2861 2843/3237/2860 2850/3252/2869 2846/3239/2862
f 2854/3254/2871 2852/3253/2870 2850/3252/2869 2843/3237/2860
f 2852/3253/2870 2853/3255/2872 2859/3256/2873 2849/3247/2867
f 2852/3257/2870 2854/3258/2871 2857/3259/2874 2853/3260/2872
f 2855/3261/2865 2854/3258/2871 2856/3262/2875 2847/3263/2866
f 2855/3261/2865 2858/3264/2876 2857/3259/2874 2854/3258/2871
f 2856/3262/2875 2854/3258/2871 2843/3241/2860 2862/3242/2863
f 2857/3259/2874 2858/3264/2876 2859/3265/2873 2853/3260/2872
f 2855/3245/2865 2849/3247/2867 2859/3256/2873 2858/3266/2876
f 2847/3249/2866 2856/3267/2875 2860/3268/2877 3070/3250/2868
f 2861/3269/2878 3043/3270/2879 2860/3271/2877 2856/3272/2875
f 2861/3273/2878 2856/3262/2875 2862/3242/2863 2863/3274/2880
f 2865/3275/2881 2863/3274/2880 2862/3242/2863 2864/3276/2882
f 2844/3232/2855 2864/3276/2882 2862/3242/2863
f 2864/3276/2882 2844/3232/2855 2866/3235/2858 2865/3275/2881
f 2865/3275/2881 2867/3277/2883 2869/3278/2884 2863/3274/2880
f 2867/3277/2883 2865/3275/2881 2866/3235/2858 2868/3279/2885
f 2867/3277/2883 2868/3279/2885 2872/3280/2886 2870/3281/2887
f 2867/3277/2883 2870/3281/2887 2873/3282/2888 2869/3278/2884
f 2873/3282/2888 2870/3281/2887 2871/3283/2889 2876/3284/2890
f 2870/3281/2887 2872/3280/2886 3224/3285/2891 2871/3283/2889
f 2873/3286/2888 2874/3287/2892 3039/3288/2893 2869/3289/2884
f 2884/3290/2894 2874/3287/2892 2873/3286/2888 2875/3291/2895
f 2875/3291/2895 2873/3286/2888 2876/3292/2890 2877/3293/2896
f 2879/3294/2897 2877/3293/2896 2876/3292/2890 2878/3295/2898
f 2871/3296/2889 2878/3295/2898 2876/3292/2890
f 2879/3294/2897 2878/3295/2898 2783/3151/2781 2880/3297/2899
f 2871/3296/2889 3228/3155/2795 2783/3151/2781 2878/3295/2898
f 2877/3293/2896 2879/3294/2897 2880/3297/2899 2882/3298/2900
f 2880/3297/2899 2783/3151/2781 2780/3299/2780 2881/3300/2901
f 2882/3298/2900 2880/3297/2899 2881/3300/2901 2883/3301/2902
f 2885/3302/2903 2884/3290/2894 2882/3298/2900 2883/3301/2902
f 2882/3298/2900 2884/3290/2894 2875/3291/2895 2877/3293/2896
f 2874/3287/2892 2884/3290/2894 2885/3302/2903 2886/3303/2904
f 2886/3303/2904 2885/3302/2903 2887/3304/2905 2888/3305/2906
f 2883/3301/2902 2889/3306/2907 2887/3304/2905 2885/3302/2903
f 2890/3307/2908 2888/3308/2906 2887/3309/2905 2889/3310/2907
f 2893/3311/2909 2894/3312/2910 2890/3307/2908 2889/3310/2907
f 2881/3300/2901 2891/3313/2911 2889/3306/2907 2883/3301/2902
f 2892/3314/2912 2889/3315/2907 2891/3316/2911 2906/3317/2913
f 2897/3318/2914 2893/3311/2909 2889/3310/2907 2892/3319/2912
f 2893/3311/2909 2895/3320/2915 3176/3321/2916 2894/3312/2910
f 2896/3322/2917 3183/3323/2918 2895/3320/2915 2893/3311/2909
f 2893/3311/2909 2897/3318/2914 2898/3324/2919 2896/3322/2917
f 2892/3314/2912 2903/3325/2920 2898/3326/2919 2897/3327/2914
f 3185/3328/2921 2896/3322/2917 2898/3324/2919 2899/3329/2922
f 2898/3324/2919 2900/3330/2923 3187/3331/2924 2899/3329/2922
f 2900/3332/2923 2898/3333/2919 2901/3334/2925 2913/3335/2926
f 2909/3336/2927 2901/3337/2925 2898/3326/2919 2902/3338/2928
f 2904/3339/2929 2902/3338/2928 2898/3326/2919 2903/3325/2920
f 2907/3340/2930 2904/3339/2929 2903/3325/2920 2905/3341/2931
f 2906/3317/2913 2905/3341/2931 2903/3325/2920 2892/3314/2912
f 2905/3341/2931 2906/3317/2913 2913/3335/2926 2901/3334/2925
f 2909/3342/2927 2907/3340/2930 2905/3341/2931 2901/3334/2925
f 2904/3339/2929 2907/3340/2930 2908/3343/2932 2912/3344/2933
f 2907/3340/2930 2909/3342/2927 2910/3345/2934 2908/3343/2932
f 2902/3338/2928 2911/3346/2935 2910/3347/2934 2909/3336/2927
f 2910/3348/2934 2911/3349/2935 2912/3350/2933 2908/3351/2932
f 2911/3346/2935 2902/3338/2928 2904/3339/2929 2912/3344/2933
f 2780/3137/2780 2914/3141/2784 2913/3352/2926 2906/3353/2913
f 2780/3137/2780 2906/3353/2913 2891/3354/2911 2881/3355/2901
f 2914/3141/2784 2781/3140/2783 2917/3356/2936 2913/3352/2926
f 3196/3357/2937 2900/3358/2923 2913/3352/2926 2915/3359/2938
f 2922/3360/2939 2915/3359/2938 2913/3352/2926 2916/3361/2940
f 2920/3362/2941 2916/3361/2940 2913/3352/2926 2917/3356/2936
f 2917/3356/2936 2781/3140/2783 2921/3147/2790 2918/3363/2942
f 2917/3356/2936 2918/3363/2942 2919/3364/2943
f 2917/3356/2936 2919/3364/2943 2920/3362/2941
f 2920/3362/2941 2919/3364/2943 2918/3363/2942 2916/3361/2940
f 2918/3363/2942 2921/3147/2790 2922/3360/2939 2916/3361/2940
f 2786/3146/2789 2924/3365/2944 2922/3360/2939 2921/3147/2790
f 3205/3366/2945 2915/3359/2938 2922/3360/2939 2923/3367/2946
f 2925/3368/2947 2923/3367/2946 2922/3360/2939 2924/3365/2944
f 2924/3365/2944 2926/3369/2948 2928/3370/2949 2925/3368/2947
f 2926/3369/2948 2924/3365/2944 2786/3146/2789 2927/3371/2950
f 2927/3371/2950 2932/3372/2951 2928/3370/2949 2926/3369/2948
f 2937/3373/2952 2930/3374/2953 2928/3370/2949 2929/3375/2954
f 2929/3375/2954 2928/3370/2949 2803/3376/2809 3222/3377/2842
f 2933/3378/2955 2803/3376/2809 2928/3370/2949 2931/3379/2956
f 2935/3380/2957 2925/3368/2947 2928/3370/2949 2930/3374/2953
f 2788/3148/2791 2931/3379/2956 2928/3370/2949 2932/3372/2951
f 2932/3372/2951 2927/3371/2950 2786/3146/2789 2788/3148/2791
f 2934/3160/2799 2933/3378/2955 2931/3379/2956 2788/3148/2791
f 2794/3159/2798 2803/3376/2809 2933/3378/2955 2934/3160/2799
f 2936/3381/2958 3221/3382/2959 2935/3380/2957 2930/3374/2953
f 2938/3383/2960 2936/3381/2958 2930/3374/2953 2937/3373/2952
f 2938/3383/2960 2937/3373/2952 2939/3384/2961
f 2937/3373/2952 2929/3375/2954 2941/3195/2823 2939/3384/2961
f 2943/3385/2962 2938/3383/2960 2939/3384/2961 2940/3386/2963
f 2939/3384/2961 2809/3188/2818 2807/3190/2819 2940/3386/2963
f 2809/3188/2818 2939/3384/2961 2941/3195/2823
f 2929/3375/2954 3222/3377/2842 2813/3196/2816 2941/3195/2823
f 2940/3386/2963 2807/3190/2819 2952/3387/2964 2942/3388/2965
f 2942/3388/2965 2944/3389/2966 2943/3385/2962 2940/3386/2963
f 2943/3385/2962 2945/3390/2967 2936/3381/2958 2938/3383/2960
f 2947/3391/2968 2945/3390/2967 2943/3385/2962 2944/3389/2966
f 2936/3381/2958 2945/3390/2967 2946/3392/2969 3221/3382/2959
f 2946/3392/2969 2945/3390/2967 2947/3391/2968 2948/3393/2970
f 2947/3391/2968 2949/3394/2971 2950/3395/2972 2948/3393/2970
f 2947/3391/2968 2944/3389/2966 2951/3396/2973 2949/3394/2971
f 2954/3397/2974 2950/3395/2972 2949/3394/2971 2951/3396/2973
f 2951/3396/2973 2944/3389/2966 2942/3388/2965 2952/3387/2964
f 2995/3398/2975 2953/3399/2976 2951/3396/2973 2952/3387/2964
f 2955/3400/2977 2954/3397/2974 2951/3396/2973 2953/3399/2976
f 2957/3401/2978 2956/3402/2979 2954/3397/2974 2955/3400/2977
f 2956/3402/2979 2959/3403/2980 2950/3395/2972 2954/3397/2974
f 2956/3402/2979 2957/3401/2978 3220/3404/2981 2958/3405/2982
f 2956/3402/2979 2958/3405/2982 2960/3406/2983 2959/3403/2980
f 2959/3403/2980 2960/3406/2983 2963/3407/2984 2961/3408/2985
f 2961/3408/2985 2962/3409/2986 2950/3395/2972 2959/3403/2980
f 2962/3409/2986 2961/3408/2985 2963/3407/2984 2965/3410/2987
f 2969/3411/2988 2966/3412/2989 2963/3413/2984 2964/3414/2990
f 2958/3405/2982 2964/3415/2990 2963/3407/2984 2960/3406/2983
f 2967/3416/2991 2965/3417/2987 2963/3413/2984 2966/3412/2989
f 2966/3412/2989 2968/3418/2992 3179/3419/2993 2967/3416/2991
f 2968/3418/2992 2966/3412/2989 2970/3420/2994 2973/3421/2995
f 2971/3422/2996 2970/3420/2994 2966/3412/2989 2969/3411/2988
f 2970/3420/2994 2971/3422/2996 2983/3423/2997 2972/3424/2998
f 2975/3425/2999 2973/3421/2995 2970/3420/2994 2972/3424/2998
f 2968/3418/2992 2973/3421/2995 2974/3426/3000 3177/3427/3001
f 2973/3421/2995 2975/3425/2999 2976/3428/3002 2974/3426/3000
f 2976/3428/3002 2975/3425/2999 2977/3429/3003 2979/3430/3004
f 2975/3425/2999 2972/3424/2998 2980/3431/3005 2977/3429/3003
f 2980/3431/3005 2981/3432/3006 2978/3433/3007 2977/3429/3003
f 2979/3430/3004 2977/3429/3003 2978/3433/3007 3030/3434/3008
f 2983/3423/2997 2981/3432/3006 2980/3431/3005 2972/3424/2998
f 2982/3435/3009 2981/3432/3006 2983/3423/2997 2984/3436/3010
f 2981/3432/3006 2982/3435/3009 3217/3437/3011 2978/3433/3007
f 2986/3438/3012 2984/3436/3010 2983/3423/2997 2971/3422/2996
f 2985/3439/3013 2984/3436/3010 2986/3438/3012 2987/3440/3014
f 2984/3436/3010 2985/3439/3013 3218/3441/3015 2982/3435/3009
f 2990/3442/3016 2987/3443/3014 2986/3444/3012 2988/3445/3017
f 2989/3446/3018 2988/3447/3017 2986/3438/3012 2971/3422/2996
f 2955/3400/2977 2990/3442/3016 2988/3445/3017 2957/3401/2978
f 2988/3445/3017 2989/3448/3018 3220/3404/2981 2957/3401/2978
f 3215/3449/3019 2987/3443/3014 2990/3442/3016 2991/3450/3020
f 2991/3450/3020 2990/3442/3016 2992/3451/3021 2993/3452/3022
f 2955/3400/2977 2953/3399/2976 2992/3451/3021 2990/3442/3016
f 2992/3451/3021 2953/3399/2976 2995/3398/2975 2993/3452/3022
f 2994/3453/3023 2993/3452/3022 2995/3398/2975 3219/3192/2821
f 2996/3454/3024 2993/3452/3022 2994/3453/3023 2999/3455/3025
f 2996/3454/3024 2998/3456/3026 2991/3450/3020 2993/3452/3022
f 2999/3457/3025 3000/3458/3027 2997/3459/3028 2996/3460/3024
f 2998/3461/3026 2996/3460/3024 2997/3459/3028 3213/3462/3029
f 3000/3458/3027 2999/3457/3025 3001/3463/3030 3004/3464/3031
f 2999/3457/3025 2994/3465/3023 3003/3466/3032 3001/3463/3030
f 3006/3467/3033 3004/3464/3031 3001/3463/3030 3002/3468/3034
f 3002/3468/3034 3001/3463/3030 3003/3466/3032 3102/3469/3035
f 3000/3458/3027 3004/3464/3031 3005/3470/3036 3216/3471/3037
f 3006/3467/3033 3007/3472/3038 3005/3470/3036 3004/3464/3031
f 3010/3473/3039 3007/3472/3038 3006/3467/3033 3009/3474/3040
f 3097/3475/3041 3008/3476/3042 3006/3467/3033 3002/3468/3034
f 3012/3477/3043 3009/3474/3040 3006/3467/3033 3008/3476/3042
f 3009/3474/3040 3011/3478/3044 3208/3479/3045 3010/3473/3039
f 3009/3474/3040 3012/3477/3043 3014/3480/3046 3011/3478/3044
f 3012/3477/3043 3008/3476/3042 3095/3481/3047 3013/3482/3048
f 3013/3482/3048 3016/3483/3049 3014/3480/3046 3012/3477/3043
f 3019/3484/3050 3017/3485/3051 3014/3486/3046 3015/3487/3052
f 3014/3486/3046 3016/3488/3049 3173/3489/3053 3015/3487/3052
f 3018/3490/3054 3011/3478/3044 3014/3480/3046 3017/3491/3051
f 3020/3492/3055 3022/3493/3056 3018/3490/3054 3017/3491/3051
f 3020/3494/3055 3017/3485/3051 3019/3484/3050 3021/3495/3057
f 3021/3495/3057 3025/3496/3058 3023/3497/3059 3020/3494/3055
f 3023/3498/3059 3024/3499/3060 3022/3493/3056 3020/3492/3055
f 3206/3500/3061 3024/3501/3060 3023/3497/3059 2978/3502/3007
f 2978/3502/3007 3023/3497/3059 3025/3496/3058 3027/3503/3062
f 3124/3504/3063 3026/3505/3064 3025/3496/3058 3021/3495/3057
f 3028/3506/3065 3027/3503/3062 3025/3496/3058 3026/3505/3064
f 3028/3506/3065 3031/3507/3066 3029/3508/3067 3027/3503/3062
f 2978/3433/3007 3027/3509/3062 3029/3510/3067 3030/3434/3008
f 3032/3511/3068 2979/3430/3004 3030/3434/3008 3029/3510/3067
f 3029/3510/3067 3031/3512/3066 3034/3513/3069 3032/3511/3068
f 3033/3514/3070 2976/3428/3002 2979/3430/3004 3032/3511/3068
f 3032/3511/3068 3034/3513/3069 3036/3515/3071 3033/3514/3070
f 3034/3513/3069 3035/3516/3072 3037/3517/3073 3036/3515/3071
f 3034/3513/3069 3031/3512/3066 3160/3518/3074 3035/3516/3072
f 3036/3515/3071 2890/3307/2908 3174/3519/3075 3033/3514/3070
f 3036/3515/3071 3037/3517/3073 2888/3308/2906 2890/3307/2908
f 3038/3520/3076 2886/3303/2904 2888/3305/2906 3037/3521/3073
f 3040/3522/3077 3038/3520/3076 3037/3521/3073 3035/3523/3072
f 3042/3524/3078 3039/3288/2893 3038/3520/3076 3040/3522/3077
f 2886/3303/2904 3038/3520/3076 3039/3288/2893 2874/3287/2892
f 3160/3525/3074 3041/3526/3079 3040/3522/3077 3035/3523/3072
f 3040/3522/3077 3041/3526/3079 3044/3527/3080 3042/3524/3078
f 3045/3528/3081 3043/3270/2879 3042/3524/3078 3044/3527/3080
f 3043/3270/2879 2861/3269/2878 3039/3288/2893 3042/3524/3078
f 3049/3529/3082 3045/3530/3081 3044/3531/3080 3048/3532/3083
f 3153/3533/3084 3047/3534/3085 3044/3535/3080 3041/3536/3079
f 3050/3537/3086 3048/3532/3083 3044/3531/3080 3046/3538/3087
f 3148/3539/3088 3046/3538/3087 3044/3531/3080 3047/3540/3085
f 3049/3529/3082 3048/3532/3083 3051/3541/3089 3053/3542/3090
f 3050/3537/3086 3052/3543/3091 3051/3541/3089 3048/3532/3083
f 3051/3541/3089 3052/3543/3091 3055/3544/3092 3053/3542/3090
f 3054/3545/3093 3062/3546/3094 3049/3529/3082 3053/3542/3090
f 3054/3545/3093 3053/3542/3090 3055/3544/3092 3056/3547/3095
f 3055/3544/3092 3052/3543/3091 3057/3548/3096 3056/3547/3095
f 3054/3545/3093 3056/3547/3095 3057/3548/3096 3059/3549/3097
f 3050/3537/3086 3058/3550/3098 3057/3548/3096 3052/3543/3091
f 3060/3551/3099 3059/3549/3097 3057/3548/3096 3058/3550/3098
f 3062/3546/3094 3054/3545/3093 3059/3549/3097 3060/3551/3099
f 3058/3550/3098 3064/3552/3100 3061/3553/3101 3060/3551/3099
f 3062/3554/3094 3060/3555/3099 3061/3556/3101 3063/3557/3102
f 3062/3554/3094 3063/3557/3102 3045/3558/3081 3049/3559/3082
f 2860/3268/2877 3063/3557/3102 3061/3556/3101 3066/3560/3103
f 3045/3558/3081 3063/3557/3102 2860/3268/2877 3043/3561/2879
f 3064/3552/3100 3132/3562/3104 3065/3563/3105 3061/3553/3101
f 3065/3564/3105 3067/3565/3106 3066/3560/3103 3061/3556/3101
f 3070/3250/2868 2860/3268/2877 3066/3560/3103 3068/3566/3107
f 3069/3567/3108 3068/3566/3107 3066/3560/3103 3067/3565/3106
f 3069/3567/3108 3073/3568/3109 3071/3569/3110 3068/3566/3107
f 3070/3250/2868 3068/3566/3107 3071/3569/3110 3074/3570/3111
f 3075/3571/3112 3074/3570/3111 3071/3569/3110 3072/3572/3113
f 3117/3573/3114 3072/3572/3113 3071/3569/3110 3073/3568/3109
f 3074/3574/3111 3075/3575/3112 3077/3576/3115 3076/3577/3116
f 3076/3577/3116 2848/3244/2864 3070/3578/2868 3074/3574/3111
f 3078/3579/3117 3076/3577/3116 3077/3576/3115 3106/3580/3118
f 3080/3581/3119 3079/3582/3120 3076/3577/3116 3078/3579/3117
f 2845/3236/2859 2848/3244/2864 3076/3577/3116 2841/3230/2853
f 3079/3582/3120 2841/3230/2853 3076/3577/3116
f 2841/3230/2853 3079/3582/3120 3081/3583/3121
f 3080/3581/3119 3083/3584/3122 3081/3583/3121 3079/3582/3120
f 2841/3230/2853 3081/3583/3121 2836/3227/2850
f 3172/3585/3123 2836/3227/2850 3081/3583/3121 3082/3586/3124
f 3084/3587/3125 3082/3586/3124 3081/3583/3121 3083/3584/3122
f 3084/3588/3125 3083/3589/3122 2831/3224/2847 3085/3590/3126
f 3080/3591/3119 3099/3592/2848 2831/3593/2847 3083/3594/3122
f 3082/3595/3124 3084/3596/3125 3086/3597/3127 3088/3598/3128
f 3085/3599/3126 3016/3600/3049 3086/3597/3127 3084/3596/3125
f 3086/3597/3127 3087/3601/3129 3170/3602/3130 3088/3598/3128
f 3113/3603/3131 3087/3601/3129 3086/3597/3127 3089/3604/3132
f 3016/3600/3049 3013/3605/3048 3090/3606/3133 3086/3597/3127
f 3091/3607/3134 3089/3604/3132 3086/3597/3127 3090/3606/3133
f 3091/3608/3134 3090/3609/3133 3092/3610/3135 3094/3611/3136
f 3013/3482/3048 3095/3481/3047 3092/3610/3135 3090/3609/3133
f 3104/3612/3137 3094/3611/3136 3092/3610/3135 3093/3613/3138
f 3092/3610/3135 3095/3481/3047 3096/3614/3139 3093/3613/3138
f 3008/3476/3042 3097/3475/3041 3096/3614/3139 3095/3481/3047
f 3096/3614/3139 3097/3475/3041 3101/3615/3140 3098/3616/3141
f 3100/3617/3142 3093/3613/3138 3096/3614/3139 3098/3616/3141
f 3099/3592/2848 3098/3616/3141 3101/3615/3140 2832/3618/2845
f 3098/3616/3141 3099/3592/2848 3080/3591/3119 3100/3617/3142
f 3002/3468/3034 3102/3469/3035 3101/3615/3140 3097/3475/3041
f 3101/3615/3140 3102/3469/3035 2824/3619/2832 2832/3618/2845
f 2817/3620/2830 3102/3469/3035 3003/3466/3032 2808/3621/2820
f 2817/3620/2830 2824/3619/2832 3102/3469/3035
f 3103/3622/3143 3104/3612/3137 3093/3613/3138 3100/3617/3142
f 3103/3623/3143 3100/3624/3142 3080/3581/3119 3078/3579/3117
f 3103/3625/3143 3105/3626/3144 3108/3627/3145 3104/3628/3137
f 3105/3629/3144 3103/3623/3143 3078/3579/3117 3106/3580/3118
f 3107/3630/3146 3105/3626/3144 3106/3631/3118 3114/3632/3147
f 3107/3630/3146 3109/3633/3148 3108/3627/3145 3105/3626/3144
f 3094/3611/3136 3104/3612/3137 3108/3634/3145 3109/3635/3148
f 3094/3636/3136 3109/3633/3148 3110/3637/3149 3091/3607/3134
f 3107/3630/3146 3111/3638/3150 3110/3637/3149 3109/3633/3148
f 3089/3604/3132 3091/3607/3134 3110/3637/3149 3111/3638/3150
f 3107/3630/3146 3114/3632/3147 3112/3639/3151 3111/3638/3150
f 3111/3638/3150 3112/3639/3151 3113/3603/3131 3089/3604/3132
f 3113/3603/3131 3112/3639/3151 3115/3640/3152 3116/3641/3153
f 3114/3632/3147 3117/3573/3114 3115/3640/3152 3112/3639/3151
f 3117/3573/3114 3073/3568/3109 3116/3641/3153 3115/3640/3152
f 3072/3572/3113 3117/3573/3114 3118/3642/3154
f 3118/3643/3154 3117/3644/3114 3077/3576/3115 3075/3575/3112
f 3106/3580/3118 3077/3576/3115 3117/3644/3114 3114/3645/3147
f 3118/3642/3154 3075/3571/3112 3072/3572/3113
f 3069/3567/3108 3119/3646/3155 3116/3641/3153 3073/3568/3109
f 3119/3646/3155 3087/3601/3129 3113/3603/3131 3116/3641/3153
f 3120/3647/3156 3119/3646/3155 3069/3567/3108 3067/3565/3106
f 3121/3648/3157 3087/3601/3129 3119/3646/3155 3120/3647/3156
f 3120/3647/3156 3122/3649/3158 3124/3504/3063 3121/3648/3157
f 3120/3647/3156 3067/3565/3106 3065/3564/3105 3122/3649/3158
f 3123/3650/3159 3122/3649/3158 3065/3564/3105 3129/3651/3160
f 3123/3650/3159 3125/3652/3161 3124/3504/3063 3122/3649/3158
f 3124/3504/3063 3021/3495/3057 3019/3484/3050 3121/3648/3157
f 3126/3653/3162 3026/3505/3064 3124/3504/3063 3125/3652/3161
f 3125/3652/3161 3127/3654/3163 3128/3655/3164 3126/3653/3162
f 3123/3650/3159 3129/3651/3160 3127/3654/3163 3125/3652/3161
f 3129/3651/3160 3130/3656/3165 3128/3655/3164 3127/3654/3163
f 3133/3657/3166 3130/3658/3165 3129/3659/3160 3131/3660/3167
f 3132/3562/3104 3131/3660/3167 3129/3659/3160 3065/3563/3105
f 3031/3661/3066 3131/3662/3167 3134/3663/3168 3136/3664/3169
f 3133/3657/3166 3131/3660/3167 3031/3665/3066 3165/3666/3170
f 3132/3667/3104 3137/3668/3171 3134/3663/3168 3131/3662/3167
f 3134/3669/3168 3137/3670/3171 3138/3671/3172 3135/3672/3173
f 3135/3673/3173 3162/3674/3174 3136/3664/3169 3134/3663/3168
f 3139/3675/3175 3163/3676/3176 3138/3671/3172 3137/3670/3171
f 3141/3677/3177 3139/3675/3175 3137/3670/3171 3140/3678/3178
f 3064/3552/3100 3140/3678/3178 3137/3670/3171 3132/3562/3104
f 3058/3550/3098 3142/3679/3179 3140/3678/3178 3064/3552/3100
f 3141/3677/3177 3140/3678/3178 3143/3680/3180 3144/3681/3181
f 3140/3678/3178 3142/3679/3179 3146/3682/3182 3143/3680/3180
f 3144/3681/3181 3143/3680/3180 3145/3683/3183 3157/3684/3184
f 3146/3685/3182 3147/3686/3185 3145/3687/3183 3143/3688/3180
f 3142/3679/3179 3046/3538/3087 3148/3539/3088 3146/3682/3182
f 3147/3686/3185 3146/3685/3182 3148/3689/3088 3149/3690/3186
f 3150/3691/3187 3149/3690/3186 3148/3689/3088 3047/3534/3085
f 3151/3692/3188 3147/3686/3185 3149/3690/3186 3150/3691/3187
f 3155/3693/3189 3151/3692/3188 3150/3691/3187 3152/3694/3190
f 3152/3694/3190 3150/3691/3187 3047/3534/3085 3153/3533/3084
f 3152/3694/3190 3153/3533/3084 3154/3695/3191
f 3154/3695/3191 3155/3693/3189 3152/3694/3190
f 3151/3692/3188 3155/3693/3189 3156/3696/3192 3157/3697/3184
f 3154/3695/3191 3158/3698/3193 3156/3696/3192 3155/3693/3189
f 3144/3699/3181 3157/3697/3184 3156/3696/3192 3158/3698/3193
f 3144/3699/3181 3158/3698/3193 3159/3700/3194 3141/3701/3177
f 3154/3695/3191 3160/3702/3074 3159/3700/3194 3158/3698/3193
f 3031/3661/3066 3161/3703/3195 3159/3700/3194 3160/3702/3074
f 3159/3704/3194 3161/3705/3195 3139/3675/3175 3141/3677/3177
f 3136/3664/3169 3162/3674/3174 3161/3703/3195 3031/3661/3066
f 3161/3705/3195 3162/3706/3174 3163/3676/3176 3139/3675/3175
f 3162/3706/3174 3135/3672/3173 3138/3671/3172 3163/3676/3176
f 3041/3536/3079 3160/3702/3074 3154/3695/3191 3153/3533/3084
f 3151/3692/3188 3157/3697/3184 3145/3687/3183 3147/3686/3185
f 3046/3538/3087 3142/3679/3179 3058/3550/3098 3050/3537/3086
f 3169/3707/3196 3130/3658/3165 3133/3657/3166 3164/3708/3197
f 3167/3709/3198 3164/3708/3197 3133/3657/3166 3165/3666/3170
f 3031/3507/3066 3028/3506/3065 3166/3710/3199 3165/3711/3170
f 3167/3709/3198 3165/3666/3170 3166/3712/3199 3168/3713/3200
f 3164/3714/3197 3167/3715/3198 3168/3716/3200
f 3168/3716/3200 3169/3717/3196 3164/3714/3197
f 3169/3717/3196 3168/3716/3200 3128/3655/3164 3130/3656/3165
f 3168/3716/3200 3166/3710/3199 3126/3653/3162 3128/3655/3164
f 3166/3710/3199 3028/3506/3065 3026/3505/3064 3126/3653/3162
f 3087/3601/3129 3121/3648/3157 3019/3484/3050 3170/3602/3130
f 3015/3487/3052 3172/3718/3123 3082/3595/3124 3088/3598/3128
f 3088/3598/3128 3170/3602/3130 3019/3484/3050 3015/3487/3052
f 3171/3719/3201 3085/3590/3126 2831/3224/2847 2834/3223/2846
f 3171/3720/3201 3173/3489/3053 3016/3488/3049 3085/3721/3126
f 3172/3585/3123 3171/3719/3201 2834/3223/2846 2836/3227/2850
f 3172/3718/3123 3015/3487/3052 3173/3489/3053 3171/3720/3201
f 2863/3274/2880 2869/3278/2884 3039/3722/2893 2861/3273/2878
f 2894/3312/2910 3176/3321/2916 3033/3514/3070 3174/3519/3075
f 3175/3723/3202 2974/3426/3000 2976/3428/3002 3033/3514/3070
f 3033/3514/3070 3176/3321/2916 3175/3723/3202
f 3178/3724/3203 3177/3427/3001 3176/3321/2916 2895/3320/2915
f 3176/3321/2916 3177/3427/3001 2974/3426/3000 3175/3723/3202
f 2968/3418/2992 3177/3427/3001 3178/3724/3203 3179/3419/2993
f 3184/3725/3204 3179/3419/2993 3178/3724/3203 3180/3726/3205
f 3182/3727/3206 3180/3726/3205 3178/3724/3203 3181/3728/3207
f 3183/3323/2918 3181/3728/3207 3178/3724/3203 2895/3320/2915
f 3181/3728/3207 3183/3323/2918 3179/3419/2993 3182/3727/3206
f 2896/3322/2917 3185/3328/2921 3179/3419/2993 3183/3323/2918
f 3180/3726/3205 3182/3727/3206 3179/3419/2993 3184/3725/3204
f 3186/3729/3208 2967/3416/2991 3179/3419/2993 3185/3328/2921
f 3185/3328/2921 2899/3329/2922 3187/3331/2924 3186/3729/3208
f 2965/3410/2987 2967/3730/2991 3186/3731/3208 3188/3732/3209
f 3188/3732/3209 3186/3731/3208 3187/3733/2924 3190/3734/3210
f 2962/3409/2986 2965/3410/2987 3188/3732/3209 3189/3735/3211
f 3188/3732/3209 3190/3734/3210 3192/3736/3212 3189/3735/3211
f 3187/3733/2924 3194/3737/3213 3191/3738/3214 3190/3734/3210
f 3191/3738/3214 2946/3392/2969 3192/3736/3212 3190/3734/3210
f 2948/3393/2970 3189/3735/3211 3192/3736/3212 2946/3392/2969
f 3193/3739/3215 3191/3738/3214 3194/3737/3213 3197/3740/3216
f 3193/3739/3215 3200/3741/3217 2946/3392/2969 3191/3738/3214
f 3197/3740/3216 3194/3737/3213 3195/3742/3218 3199/3743/3219
f 3204/3744/3220 3195/3742/3218 3194/3737/3213 3196/3357/2937
f 2900/3358/2923 3196/3357/2937 3194/3737/3213 3187/3733/2924
f 3199/3743/3219 3201/3745/3221 3198/3746/3222 3197/3740/3216
f 3197/3740/3216 3198/3746/3222 3203/3747/3223 3193/3739/3215
f 3200/3741/3217 3199/3743/3219 3195/3742/3218 2946/3392/2969
f 3199/3743/3219 3200/3741/3217 3202/3748/3224 3201/3745/3221
f 3201/3745/3221 3202/3748/3224 3203/3747/3223 3198/3746/3222
f 3200/3741/3217 3193/3739/3215 3203/3747/3223 3202/3748/3224
f 3204/3744/3220 3196/3357/2937 2915/3359/2938 3205/3366/2945
f 3205/3366/2945 2946/3392/2969 3195/3742/3218 3204/3744/3220
f 2946/3392/2969 3205/3366/2945 2923/3367/2946 3221/3382/2959
f 3189/3735/3211 2948/3393/2970 2950/3395/2972 2962/3409/2986
f 3174/3519/3075 2890/3307/2908 2894/3312/2910
f 3024/3499/3060 3011/3478/3044 3018/3490/3054 3022/3493/3056
f 3024/3499/3060 3206/3749/3061 3208/3479/3045 3011/3478/3044
f 3207/3750/3225 3206/3751/3061 2978/3433/3007 3217/3437/3011
f 3206/3751/3061 3207/3750/3225 3211/3752/3226 3209/3753/3227
f 3010/3473/3039 3208/3479/3045 3206/3749/3061 3209/3754/3227
f 3209/3754/3227 3210/3755/3228 3007/3472/3038 3010/3473/3039
f 3209/3754/3227 3211/3756/3226 3212/3757/3229 3210/3755/3228
f 3214/3758/3230 3212/3759/3229 3211/3752/3226 3207/3750/3225
f 3216/3471/3037 3210/3755/3228 3212/3757/3229 3213/3462/3029
f 3213/3462/3029 3212/3757/3229 3214/3760/3230 2998/3461/3026
f 2985/3439/3013 3214/3758/3230 3207/3750/3225 3218/3441/3015
f 3214/3761/3230 2985/3762/3013 2987/3443/3014 3215/3449/3019
f 2991/3450/3020 2998/3456/3026 3214/3761/3230 3215/3449/3019
f 3216/3471/3037 3213/3462/3029 2997/3459/3028 3000/3458/3027
f 3210/3755/3228 3216/3471/3037 3005/3470/3036 3007/3472/3038
f 2982/3435/3009 3218/3441/3015 3207/3750/3225 3217/3437/3011
f 2994/3453/3023 3219/3192/2821 2808/3191/2820 3003/3763/3032
f 3219/3192/2821 2995/3398/2975 2952/3387/2964 2807/3190/2819
f 2964/3415/2990 2958/3405/2982 3220/3404/2981 2989/3448/3018
f 2989/3448/3018 2971/3764/2996 2969/3765/2988 2964/3415/2990
f 2923/3367/2946 2925/3368/2947 2935/3380/2957 3221/3382/2959
f 3222/3219/2842 2803/3176/2809 3234/3766/3231 2827/3215/2838
f 2872/3280/2886 2868/3279/2885 3223/3767/3232
f 2872/3280/2886 3223/3767/3232 3225/3179/2812 3224/3285/2891
f 3226/3768/3233 3224/3285/2891 3225/3179/2812 3227/3769/3234
f 3228/3770/2795 2871/3283/2889 3224/3285/2891 3226/3768/3233
f 2802/3166/2803 2791/3165/2796 3228/3770/2795 3226/3768/3233
f 3226/3768/3233 3227/3769/3234 3229/3180/2813 2802/3166/2803
f 2783/3151/2781 3228/3155/2795 2792/3152/2794
f 3225/3179/2812 2801/3178/2811 3229/3180/2813 3227/3769/3234
f 3225/3179/2812 3223/3767/3232 2868/3279/2885 2800/3177/2810
f 3231/3771/3235 2800/3177/2810 2868/3279/2885 3230/3772/3236
f 2840/3231/2854 3230/3772/3236 2868/3279/2885 2866/3235/2858
f 3231/3771/3235 3230/3772/3236 3232/3773/3237 3233/3774/3238
f 2840/3231/2854 2837/3228/2851 3232/3773/3237 3230/3772/3236
f 3232/3773/3237 2826/3217/2840 3235/3216/2839 3233/3774/3238
f 2829/3218/2841 2826/3217/2840 3232/3773/3237 2837/3228/2851
f 3233/3774/3238 3234/3766/3231 3236/3775/3239 3231/3771/3235
f 3234/3766/3231 3233/3774/3238 3235/3216/2839 2827/3215/2838
f 2803/3176/2809 3237/3175/2808 3236/3775/3239 3234/3766/3231
f 3236/3775/3239 3237/3175/2808 2800/3177/2810 3231/3771/3235
f 2844/3232/2855 2839/3234/2857 2866/3235/2858
f 2810/3197/2824 2812/3198/2825 3239/3199/2826 3238/3170/2805
f 2798/3164/2802 3238/3170/2805 3239/3199/2826 2811/3183/2815
f 2811/3183/2815 2805/3182/2814 2796/3161/2800 2798/3164/2802
f 3241/3776/3240 3242/3777/3241 3240/3778/3242
f 3240/3778/3242 3242/3779/3241 3241/3776/3240
f 3243/3780/3243 3245/3781/3243 3244/3782/3243
f 3246/3783/3244 3247/3784/3244 3248/3785/3244
f 3246/3783/3245 3248/3785/3245 3247/3786/3245
f 3251/3787/3246 3249/3788/3247 3250/3789/3248
f 3249/3788/3247 3251/3787/3246 3250/3790/3248
f 3252/3791/3249 3254/3792/3249 3253/3793/3249
f 3257/3794/3250 3255/3795/3251 3256/3796/3252
f 3255/3795/3251 3257/3794/3250 3256/3797/3252
o root.3
v 0.389145 0.878097 -0.879171
v 0.383164 0.883999 -0.897781
v 0.388011 0.861436 -0.883502
v 0.373917 0.893779 -0.876623
v 0.396928 0.877586 -0.842664
v 0.369733 0.857044 -0.786450
v 0.388597 0.856456 -0.847157
v 0.375984 0.888117 -0.842520
v 0.362148 0.875297 -0.789081
v 0.354560 0.901371 -0.843977
v 0.355709 0.904026 -0.878283
v 0.344983 0.892352 -0.794357
v 0.333156 0.915043 -0.844319
v 0.324986 0.907071 -0.795441
v 0.334005 0.917436 -0.880788
v 0.311027 0.926661 -0.843848
v 0.313168 0.929892 -0.881914
v 0.303194 0.915174 -0.793056
v 0.288221 0.928772 -0.844307
v 0.275002 0.913353 -0.848716
v 0.289076 0.933909 -0.883235
v 0.281937 0.910560 -0.787053
v 0.269993 0.897541 -0.798151
v 0.273519 0.877222 -0.701243
v 0.293317 0.894867 -0.717934
v 0.265031 0.893125 -0.667544
v 0.258466 0.847484 -0.645033
v 0.264736 0.861529 -0.721343
v 0.246546 0.832631 -0.663844
v 0.259967 0.848598 -0.735886
v 0.239772 0.818052 -0.673272
v 0.271336 0.881025 -0.808933
v 0.259956 0.831885 -0.745937
v 0.238313 0.801702 -0.683096
v 0.280047 0.866610 -0.817477
v 0.269574 0.817460 -0.752921
v 0.246380 0.787216 -0.687294
v 0.293925 0.854803 -0.822413
v 0.283551 0.808758 -0.753197
v 0.312337 0.847845 -0.821900
v 0.299221 0.803427 -0.749012
v 0.258689 0.778233 -0.687270
v 0.227440 0.739930 -0.617529
v 0.273528 0.774078 -0.684557
v 0.245988 0.733179 -0.613930
v 0.288726 0.776973 -0.678752
v 0.263877 0.734933 -0.608228
v 0.299780 0.790731 -0.670559
v 0.314312 0.803510 -0.739907
v 0.324835 0.815665 -0.726916
v 0.351474 0.832990 -0.808602
v 0.363741 0.838729 -0.794766
v 0.331798 0.840538 -0.817745
v 0.366885 0.859276 -0.852036
v 0.365821 0.866938 -0.884303
v 0.342124 0.861736 -0.858240
v 0.320546 0.860758 -0.863515
v 0.343921 0.874301 -0.887639
v 0.347524 0.886180 -0.913657
v 0.322664 0.877742 -0.890936
v 0.300937 0.881135 -0.893657
v 0.324283 0.892239 -0.913610
v 0.303027 0.896666 -0.915091
v 0.326508 0.913033 -0.914550
v 0.306529 0.916471 -0.907098
v 0.355002 0.902564 -0.907704
v 0.371648 0.894880 -0.901694
v 0.367019 0.876749 -0.911496
v 0.382038 0.869295 -0.905670
v 0.289726 0.928150 -0.909515
v 0.283012 0.907204 -0.905921
v 0.274996 0.915748 -0.884341
v 0.284825 0.889260 -0.890366
v 0.275968 0.899126 -0.879539
v 0.282797 0.875883 -0.860735
v 0.276154 0.894539 -0.854433
v 0.298718 0.862190 -0.864476
v 0.334457 0.834276 -0.719624
v 0.311671 0.807439 -0.662864
v 0.340404 0.859243 -0.721082
v 0.329358 0.882032 -0.725078
v 0.331658 0.840626 -0.657423
v 0.346150 0.888072 -0.647615
v 0.317932 0.834535 -0.633349
v 0.288943 0.786483 -0.581723
v 0.328220 0.890591 -0.679162
v 0.308617 0.902340 -0.676867
v 0.328950 0.912603 -0.652403
v 0.322547 0.911998 -0.625712
v 0.308816 0.919175 -0.651845
v 0.304711 0.917543 -0.628215
v 0.285912 0.917412 -0.648775
v 0.288736 0.916535 -0.631811
v 0.261736 0.890630 -0.642330
v 0.285956 0.904681 -0.673329
v 0.274568 0.887298 -0.625469
v 0.292446 0.884238 -0.619437
v 0.270050 0.849959 -0.629468
v 0.234953 0.827660 -0.582624
v 0.280810 0.849412 -0.624017
v 0.253379 0.828236 -0.573513
v 0.293556 0.847087 -0.621938
v 0.305740 0.840038 -0.623662
v 0.309648 0.878959 -0.619267
v 0.269594 0.822672 -0.570083
v 0.242808 0.809920 -0.482879
v 0.283944 0.811538 -0.571014
v 0.265833 0.796794 -0.482965
v 0.289398 0.795044 -0.577815
v 0.279853 0.776620 -0.489045
v 0.256656 0.751367 -0.398553
v 0.279884 0.754045 -0.498483
v 0.272720 0.730614 -0.509110
v 0.258268 0.731039 -0.408784
v 0.251925 0.707129 -0.422411
v 0.240685 0.682564 -0.316453
v 0.239164 0.655109 -0.333884
v 0.233182 0.622389 -0.232327
v 0.236153 0.706316 -0.304323
v 0.222476 0.724792 -0.297274
v 0.223989 0.650755 -0.218369
v 0.234161 0.615681 -0.138877
v 0.205275 0.676087 -0.208846
v 0.208637 0.638851 -0.133323
v 0.175293 0.692425 -0.209010
v 0.199519 0.734724 -0.297930
v 0.138459 0.694088 -0.217026
v 0.171780 0.658741 -0.126554
v 0.178284 0.630667 -0.065875
v 0.124442 0.667868 -0.119764
v 0.137411 0.639054 -0.074357
v 0.071965 0.663473 -0.120903
v 0.113021 0.627685 -0.054490
v 0.090178 0.688160 -0.230765
v 0.029252 0.637627 -0.129439
v 0.039055 0.657995 -0.249599
v 0.089299 0.615059 -0.042296
v 0.005488 0.601931 -0.134140
v 0.073660 0.593075 -0.031183
v 0.013824 0.623321 -0.266372
v -0.005629 0.562792 -0.136585
v -0.001933 0.587828 -0.281456
v 0.069179 0.564131 -0.033793
v 0.004672 0.524605 -0.143087
v 0.076207 0.533796 -0.047670
v 0.032187 0.492427 -0.153419
v -0.000887 0.552920 -0.295334
v 0.025882 0.523874 -0.302434
v 0.078316 0.649859 -0.397632
v 0.095467 0.629039 -0.404221
v 0.073789 0.672395 -0.387731
v 0.118277 0.703804 -0.469259
v 0.115841 0.727772 -0.456156
v 0.134491 0.682831 -0.473763
v 0.154182 0.735263 -0.546152
v 0.167680 0.715830 -0.550067
v 0.202131 0.769162 -0.617764
v 0.152817 0.760756 -0.534194
v 0.156969 0.784059 -0.519639
v 0.203295 0.786701 -0.609755
v 0.210669 0.802926 -0.599990
v 0.222265 0.818786 -0.589427
v 0.167645 0.807744 -0.505628
v 0.136201 0.773131 -0.418206
v 0.188738 0.821421 -0.493737
v 0.217028 0.820009 -0.488263
v 0.162791 0.788463 -0.399649
v 0.192348 0.789529 -0.389354
v 0.133495 0.743754 -0.319278
v 0.170486 0.740946 -0.304314
v 0.096617 0.728725 -0.353083
v 0.079210 0.697462 -0.374018
v 0.120866 0.750120 -0.439114
v 0.220149 0.782780 -0.389973
v 0.242685 0.770043 -0.392272
v 0.211461 0.752070 -0.619882
v 0.190841 0.702056 -0.546281
v 0.159633 0.670770 -0.471559
v 0.216660 0.692583 -0.540707
v 0.187029 0.664955 -0.464625
v 0.243096 0.693743 -0.532290
v 0.214913 0.669461 -0.452455
v 0.262879 0.708920 -0.520585
v 0.238128 0.683724 -0.438030
v 0.275815 0.748318 -0.600360
v 0.283541 0.766238 -0.592001
v 0.222931 0.627135 -0.354393
v 0.187602 0.610667 -0.372263
v 0.216176 0.556506 -0.268149
v 0.174328 0.530220 -0.281661
v 0.225965 0.505673 -0.169447
v 0.235218 0.588859 -0.250539
v 0.243433 0.545843 -0.155354
v 0.243324 0.584036 -0.145498
v 0.224565 0.529632 -0.084692
v 0.208902 0.494801 -0.098804
v 0.193153 0.518081 -0.047226
v 0.228951 0.563691 -0.074554
v 0.228062 0.594207 -0.067260
v 0.197629 0.548350 -0.032934
v 0.148857 0.538161 -0.019577
v 0.199523 0.576224 -0.024891
v 0.152401 0.564872 -0.007909
v 0.192651 0.599643 -0.023365
v 0.155957 0.590485 -0.008342
v 0.169234 0.614659 -0.030744
v 0.213247 0.619554 -0.065745
v 0.146287 0.607426 -0.020307
v 0.149829 0.508609 -0.038120
v 0.159958 0.481686 -0.067358
v 0.090432 0.499534 -0.065370
v 0.115865 0.468765 -0.094169
v 0.143116 0.461212 -0.128250
v 0.074227 0.468101 -0.168305
v 0.129273 0.463846 -0.182602
v 0.067356 0.511766 -0.302019
v 0.121050 0.615585 -0.402627
v 0.121039 0.513496 -0.294497
v 0.152334 0.607281 -0.389529
v 0.183311 0.478878 -0.180402
v 0.177137 0.470791 -0.113354
v 0.188335 0.494869 -0.066275
v 0.325597 0.871038 -0.624128
v 0.336673 0.900518 -0.628567
v 0.336802 0.861529 -0.637857
v 0.313234 0.894386 -0.725597
vn 0.5686 0.8225 0.0135
vn 0.9319 0.3393 -0.1281
vn 0.8098 0.4345 -0.3942
vn 0.5690 0.6708 -0.4757
vn 0.5747 -0.7547 -0.3166
vn 0.4851 -0.5088 -0.7112
vn 0.9449 0.2767 0.1751
vn 0.6707 -0.7377 -0.0768
vn 0.5820 0.7857 0.2096
vn 0.7339 0.5632 0.3797
vn 0.9173 -0.0693 0.3922
vn 0.7103 -0.6976 0.0940
vn 0.5352 0.8263 0.1755
vn 0.6035 0.7491 0.2731
vn 0.4877 0.8730 0.0021
vn 0.4497 0.8898 -0.0779
vn 0.4959 0.8538 0.1584
vn 0.4544 0.8568 0.2437
vn 0.2609 0.9488 0.1779
vn 0.0950 0.9602 0.2627
vn 0.3257 0.9373 -0.1242
vn -0.3363 0.9297 -0.1499
vn -0.3895 0.9077 0.1561
vn -0.5690 0.7951 0.2100
vn -0.9594 0.2319 -0.1605
vn -0.9403 0.3398 0.0187
vn -0.9389 0.3427 0.0313
vn -0.9063 0.4223 0.0195
vn -0.8148 0.5744 -0.0793
vn -0.2004 0.9794 0.0239
vn -0.8625 0.4387 -0.2521
vn -0.3960 0.8498 -0.3479
vn -0.8586 0.5046 0.0905
vn -0.9151 0.3604 0.1806
vn -0.8358 0.5418 -0.0887
vn -0.9757 0.1597 -0.1502
vn -0.9052 0.3588 -0.2276
vn -0.9856 -0.0776 -0.1504
vn -0.9038 -0.0540 -0.4246
vn -0.9104 -0.1910 -0.3671
vn -0.8593 -0.4234 -0.2869
vn -0.6527 -0.5278 -0.5436
vn -0.6239 -0.5897 -0.5128
vn -0.5182 -0.7637 -0.3851
vn -0.3228 -0.7837 -0.5307
vn -0.2968 -0.7999 -0.5215
vn -0.1892 -0.8791 -0.4375
vn -0.0541 -0.8820 -0.4681
vn -0.0231 -0.8956 -0.4443
vn 0.0442 -0.8951 -0.4438
vn -0.2990 -0.7684 -0.5659
vn -0.5906 -0.5283 -0.6100
vn 0.0249 -0.8726 -0.4878
vn 0.5460 -0.8115 -0.2080
vn 0.5113 -0.8052 -0.3005
vn 0.4285 -0.8847 -0.1835
vn 0.8139 -0.5807 0.0175
vn 0.8321 -0.5489 -0.0799
vn 0.7687 -0.6299 0.1109
vn 0.2207 -0.9203 -0.3229
vn -0.0163 -0.9457 -0.3245
vn -0.0475 -0.9099 -0.4121
vn -0.2129 -0.9317 -0.2944
vn -0.1375 -0.8989 -0.4161
vn -0.0578 -0.9057 -0.4199
vn -0.0663 -0.8557 -0.5132
vn 0.1201 -0.4160 -0.9014
vn 0.0301 -0.4077 -0.9126
vn -0.0498 -0.4220 -0.9052
vn -0.2462 -0.3494 -0.9040
vn -0.3214 -0.7748 -0.5444
vn -0.3728 -0.8487 -0.3751
vn 0.1302 0.6038 -0.7864
vn 0.2161 0.5987 -0.7712
vn 0.4276 0.6513 -0.6269
vn -0.7096 -0.0785 -0.7002
vn -0.2769 0.6733 -0.6855
vn -0.7360 -0.5369 -0.4123
vn -0.9552 -0.2461 -0.1644
vn -0.7838 -0.5685 -0.2502
vn -0.9725 -0.2054 -0.1096
vn 0.8993 -0.3844 0.2086
vn 0.8703 -0.4841 0.0903
vn 0.9555 0.1502 0.2538
vn 0.9576 -0.2743 0.0884
vn 0.7520 0.6401 0.1575
vn 0.8172 0.5062 -0.2756
vn 0.9960 0.0856 0.0267
vn 0.6227 0.7368 -0.2633
vn 0.8154 -0.3294 0.4760
vn 0.8333 -0.1493 0.5323
vn 0.9386 0.1109 0.3267
vn 0.9586 -0.2374 0.1572
vn 0.9115 -0.4105 0.0256
vn 0.2057 0.9034 -0.3763
vn 0.1344 0.9599 -0.2459
vn 0.3869 0.9184 0.0821
vn 0.3981 0.6256 0.6709
vn 0.7297 0.3215 0.6035
vn 0.0105 0.7884 0.6151
vn -0.4216 0.9043 -0.0675
vn -0.3838 0.7430 0.5483
vn -0.5899 0.2413 0.7706
vn -0.5778 0.5767 0.5775
vn -0.1497 0.5378 0.8297
vn -0.1787 0.1217 0.9764
vn -0.3052 0.9495 0.0721
vn -0.6217 0.7674 -0.1567
vn 0.0742 0.9598 0.2706
vn 0.2159 0.3675 0.9046
vn 0.3825 0.8414 0.3818
vn 0.0937 0.0277 0.9952
vn 0.4903 -0.1366 0.8608
vn 0.6038 0.1378 0.7851
vn 0.7315 0.5468 0.4074
vn 0.1114 0.9666 0.2307
vn 0.3885 0.8718 0.2983
vn 0.6966 0.6485 0.3069
vn 0.9538 0.1960 0.2279
vn 0.9754 -0.1892 0.1128
vn 0.9776 -0.1324 0.1635
vn 0.9190 0.2473 0.3069
vn 0.6363 0.6571 0.4042
vn 0.9234 -0.3812 0.0453
vn 0.9309 -0.3630 0.0412
vn 0.9902 -0.0026 0.1395
vn 0.9657 -0.2523 -0.0615
vn 0.9054 0.2835 0.3159
vn 0.9922 0.1157 0.0459
vn 0.9713 -0.1898 -0.1435
vn 0.8971 0.3863 0.2146
vn 0.6165 0.6412 0.4569
vn 0.6177 0.6878 0.3813
vn 0.9936 0.0825 0.0773
vn 0.8990 0.4131 0.1456
vn 0.6161 0.7404 0.2688
vn 0.2391 0.8776 0.4156
vn 0.2869 0.8876 0.3604
vn 0.2395 0.8395 0.4877
vn -0.0408 0.8844 0.4649
vn -0.0542 0.9312 0.3605
vn 0.0115 0.9241 0.3819
vn 0.2408 0.8736 0.4229
vn 0.6148 0.6815 0.3970
vn 0.0528 0.8774 0.4769
vn -0.3224 0.8771 0.3561
vn -0.1371 0.8319 0.5377
vn -0.3794 0.8917 0.2467
vn -0.3864 0.6509 0.6534
vn -0.6611 0.6866 0.3025
vn -0.7211 0.6908 0.0535
vn -0.8813 0.4651 -0.0835
vn -0.8695 0.3967 0.2943
vn -0.5448 0.2956 0.7847
vn -0.5866 -0.1516 0.7955
vn -0.9530 -0.0193 0.3024
vn -0.9635 0.1598 -0.2149
vn -0.8742 -0.2989 -0.3827
vn -0.8464 -0.4691 0.2522
vn -0.5154 -0.4805 0.7096
vn -0.6140 -0.7763 0.1427
vn -0.4123 -0.6904 0.5944
vn -0.5567 -0.6731 -0.4869
vn -0.7803 -0.1148 -0.6148
vn -0.4550 -0.5031 -0.7347
vn -0.8896 0.2586 -0.3766
vn -0.5386 -0.5797 -0.6115
vn -0.8456 -0.1355 -0.5163
vn -0.9085 0.2481 -0.3362
vn -0.8738 0.2994 -0.3833
vn -0.8436 -0.1145 -0.5246
vn -0.5691 -0.5863 -0.5765
vn -0.8418 -0.0465 -0.5378
vn -0.8508 0.3689 -0.3742
vn -0.8641 0.4716 -0.1760
vn -0.8170 0.5047 -0.2790
vn -0.7724 0.5717 -0.2766
vn -0.6688 0.7319 -0.1306
vn -0.3088 0.9475 0.0827
vn -0.7047 0.7079 0.0478
vn -0.3432 0.8944 0.2866
vn 0.0404 0.9123 0.4076
vn -0.3640 0.8635 0.3490
vn -0.7084 0.7021 0.0720
vn -0.8575 0.4834 -0.1760
vn 0.3216 0.8486 0.4200
vn -0.2763 -0.8134 -0.5119
vn -0.2003 -0.8027 -0.5618
vn 0.0097 -0.9115 -0.4111
vn 0.0987 -0.8874 -0.4503
vn 0.4405 -0.8657 -0.2378
vn 0.4401 -0.8487 -0.2934
vn 0.7903 -0.6105 -0.0527
vn 0.7644 -0.6341 -0.1162
vn 0.7608 -0.5651 -0.3191
vn 0.4617 -0.7373 -0.4931
vn 0.7455 -0.5519 -0.3736
vn 0.4469 -0.7488 -0.4895
vn 0.7725 -0.6179 -0.1465
vn 0.4470 -0.8578 -0.2538
vn 0.9735 -0.2285 0.0030
vn 0.8737 -0.3483 0.3395
vn 0.6947 -0.6806 0.2330
vn 0.9224 -0.1157 0.3685
vn 0.5462 -0.5030 0.6698
vn 0.4994 -0.6954 0.5167
vn 0.5982 -0.3362 0.7274
vn 0.8917 0.2299 0.3900
vn 0.6308 -0.0542 0.7741
vn 0.0065 -0.4590 0.8884
vn 0.0101 -0.6178 0.7863
vn 0.0337 -0.2050 0.9782
vn 0.0551 0.2768 0.9593
vn 0.4742 0.4464 0.7588
vn 0.1408 0.7860 0.6019
vn -0.0741 0.6769 0.7323
vn 0.1481 -0.8322 0.5343
vn -0.1880 -0.9150 0.3569
vn -0.2977 -0.9537 -0.0424
vn 0.0963 -0.9935 0.0609
vn 0.3687 -0.9204 0.1299
vn 0.1008 -0.9685 -0.2276
vn -0.1737 -0.8317 -0.5274
vn 0.1709 -0.8336 -0.5254
vn -0.0981 -0.7104 -0.6969
vn 0.2055 -0.7712 -0.6025
vt 0.074793 0.653083
vt 0.071507 0.655599
vt 0.070426 0.652169
vt 0.070626 0.649261
vt 0.068584 0.656292
vt 0.067931 0.652681
vt 0.072203 0.663386
vt 0.068984 0.664653
vt 0.075401 0.662715
vt 0.074413 0.676834
vt 0.071552 0.678739
vt 0.068023 0.678865
vt 0.079084 0.661210
vt 0.077896 0.673942
vt 0.077274 0.650235
vt 0.079590 0.646553
vt 0.085458 0.655309
vt 0.081160 0.673254
vt 0.799248 0.294010
vt 0.803113 0.295733
vt 0.801495 0.309961
vt 0.797664 0.308129
vt 0.077642 0.641289
vt 0.091361 0.647659
vt 0.804337 0.285733
vt 0.807134 0.288591
vt 0.805698 0.297564
vt 0.804713 0.312365
vt 0.809705 0.290290
vt 0.808412 0.298405
vt 0.808008 0.311339
vt 0.809546 0.330474
vt 0.804833 0.332850
vt 0.800801 0.325883
vt 0.800951 0.338415
vt 0.797001 0.332367
vt 0.806017 0.350116
vt 0.799375 0.343982
vt 0.812644 0.347284
vt 0.813719 0.329428
vt 0.817979 0.346442
vt 0.811199 0.310029
vt 0.823100 0.344605
vt 0.817629 0.328054
vt 0.814182 0.308708
vt 0.049452 0.714635
vt 0.045795 0.713826
vt 0.047538 0.694167
vt 0.051755 0.695379
vt 0.053541 0.676884
vt 0.050654 0.675735
vt 0.052781 0.715275
vt 0.055418 0.696120
vt 0.056827 0.676867
vt 0.061005 0.676976
vt 0.058977 0.696907
vt 0.056244 0.715762
vt 0.048995 0.736471
vt 0.044647 0.735182
vt 0.053527 0.737294
vt 0.059904 0.716094
vt 0.057851 0.737601
vt 0.062289 0.697946
vt 0.064034 0.716275
vt 0.062417 0.737416
vt 0.066200 0.698637
vt 0.064940 0.678184
vt 0.065846 0.664577
vt 0.061935 0.664234
vt 0.064580 0.656607
vt 0.060572 0.655170
vt 0.058601 0.664459
vt 0.057037 0.654992
vt 0.066072 0.650668
vt 0.064144 0.648099
vt 0.059146 0.648005
vt 0.055229 0.647182
vt 0.053294 0.655315
vt 0.055136 0.664303
vt 0.063631 0.642000
vt 0.070518 0.643688
vt 0.070618 0.646964
vt 0.051310 0.647018
vt 0.057402 0.639769
vt 0.068792 0.638550
vt 0.809080 0.284484
vt 0.811701 0.285385
vt 0.813391 0.290207
vt 0.811525 0.292516
vt 0.049975 0.655125
vt 0.814085 0.297971
vt 0.811200 0.298598
vt 0.051586 0.663806
vt 0.070086 0.698593
vt 0.068360 0.716503
vt 0.074170 0.694342
vt 0.074982 0.713435
vt 0.078118 0.693975
vt 0.083788 0.701308
vt 0.784325 0.337809
vt 0.780923 0.346322
vt 0.780596 0.331434
vt 0.786756 0.333032
vt 0.784615 0.344996
vt 0.784567 0.353068
vt 0.074594 0.736971
vt 0.072555 0.737049
vt 0.077714 0.718609
vt 0.067547 0.737159
vt 0.791901 0.327324
vt 0.791103 0.333480
vt 0.783965 0.321409
vt 0.793943 0.319872
vt 0.789061 0.338101
vt 0.786993 0.339294
vt 0.791493 0.338487
vt 0.795040 0.336122
vt 0.794020 0.339401
vt 0.796982 0.347547
vt 0.799986 0.354380
vt 0.794253 0.355858
vt 0.793310 0.346611
vt 0.806735 0.367640
vt 0.812461 0.366678
vt 0.798890 0.368861
vt 0.790358 0.355282
vt 0.793791 0.369560
vt 0.790120 0.345192
vt 0.787503 0.345658
vt 0.787484 0.354885
vt 0.788174 0.369707
vt 0.803275 0.390328
vt 0.795582 0.390997
vt 0.789967 0.391549
vt 0.784564 0.391326
vt 0.783712 0.369260
vt 0.078247 0.759487
vt 0.073102 0.759768
vt 0.076654 0.783326
vt 0.082138 0.783385
vt 0.792926 0.416019
vt 0.787406 0.415419
vt 0.067435 0.760165
vt 0.069769 0.783096
vt 0.078574 0.809748
vt 0.070410 0.809067
vt 0.085308 0.809838
vt 0.078947 0.835598
vt 0.069677 0.835808
vt 0.086988 0.835374
vt 0.793547 0.442486
vt 0.787849 0.441935
vt 0.792810 0.467831
vt 0.784934 0.467126
vt 0.082908 0.859346
vt 0.090407 0.857403
vt 0.788634 0.488214
vt 0.780810 0.488338
vt 0.801021 0.467855
vt 0.798311 0.489810
vt 0.799475 0.442698
vt 0.806686 0.442518
vt 0.810588 0.467838
vt 0.809470 0.492679
vt 0.795114 0.505769
vt 0.786840 0.505251
vt 0.804570 0.505183
vt 0.821881 0.495763
vt 0.809495 0.512006
vt 0.823413 0.467698
vt 0.815383 0.517213
vt 0.833310 0.498518
vt 0.839303 0.468158
vt 0.850150 0.468177
vt 0.843586 0.500570
vt 0.819874 0.523452
vt 0.825380 0.530142
vt 0.852020 0.504296
vt 0.859963 0.467997
vt 0.868186 0.467107
vt 0.859138 0.508489
vt 0.832602 0.535807
vt 0.007649 0.881426
vt 0.016824 0.878302
vt 0.037198 0.903808
vt 0.033755 0.913043
vt 0.000381 0.837609
vt 0.009954 0.838250
vt 0.015682 0.799220
vt 0.022931 0.801004
vt 0.844538 0.432643
vt 0.849912 0.430744
vt 0.031362 0.778720
vt 0.024674 0.776587
vt 0.840725 0.408087
vt 0.834747 0.410331
vt 0.830462 0.387439
vt 0.836590 0.385593
vt 0.032997 0.755563
vt 0.038040 0.756868
vt 0.040612 0.733591
vt 0.831025 0.362978
vt 0.825772 0.364853
vt 0.828545 0.412826
vt 0.824415 0.389171
vt 0.819725 0.365443
vt 0.817786 0.390486
vt 0.810674 0.390761
vt 0.820747 0.415207
vt 0.812405 0.416819
vt 0.805297 0.417189
vt 0.816193 0.440633
vt 0.828018 0.435862
vt 0.837839 0.434146
vt 0.798821 0.416385
vt 0.043774 0.758526
vt 0.038506 0.779989
vt 0.049795 0.759622
vt 0.046001 0.781193
vt 0.055816 0.760156
vt 0.054046 0.782356
vt 0.061802 0.760264
vt 0.062009 0.783114
vt 0.060502 0.808533
vt 0.049393 0.807643
vt 0.059705 0.836405
vt 0.047269 0.838076
vt 0.063861 0.863694
vt 0.052075 0.865985
vt 0.074177 0.861728
vt 0.075313 0.880260
vt 0.065668 0.881267
vt 0.084096 0.878564
vt 0.071818 0.893289
vt 0.064926 0.890392
vt 0.080741 0.892820
vt 0.091361 0.876698
vt 0.087692 0.890998
vt 0.069143 0.906660
vt 0.061961 0.901067
vt 0.786306 0.520554
vt 0.801052 0.530418
vt 0.802504 0.537637
vt 0.787924 0.527832
vt 0.799149 0.524714
vt 0.790309 0.517419
vt 0.780596 0.506838
vt 0.795899 0.515531
vt 0.801279 0.519895
vt 0.056516 0.893683
vt 0.042514 0.891778
vt 0.027766 0.874610
vt 0.046443 0.881837
vt 0.055667 0.882111
vt 0.039764 0.869179
vt 0.020086 0.839344
vt 0.033366 0.839129
vt 0.030567 0.802683
vt 0.039226 0.805534
vt 0.081707 0.691603
s 1
f 3261/3798/3253 3258/3799/3254 3259/3800/3255 3324/3801/3256
f 3258/3799/3254 3260/3802/3257 3326/3803/3258 3259/3800/3255
f 3260/3802/3257 3258/3799/3254 3262/3804/3259 3264/3805/3260
f 3258/3799/3254 3261/3798/3253 3265/3806/3261 3262/3804/3259
f 3265/3806/3261 3266/3807/3262 3263/3808/3263 3262/3804/3259
f 3264/3805/3260 3262/3804/3259 3263/3808/3263 3309/3809/3264
f 3267/3810/3265 3269/3811/3266 3266/3807/3262 3265/3806/3261
f 3261/3798/3253 3268/3812/3267 3267/3810/3265 3265/3806/3261
f 3268/3812/3267 3272/3813/3268 3270/3814/3269 3267/3810/3265
f 3269/3811/3266 3267/3810/3265 3270/3814/3269 3271/3815/3270
f 3270/3816/3269 3273/3817/3271 3275/3818/3272 3271/3819/3270
f 3272/3813/3268 3274/3820/3273 3273/3821/3271 3270/3814/3269
f 3274/3822/3273 3278/3823/3274 3276/3824/3275 3273/3817/3271
f 3276/3824/3275 3279/3825/3276 3275/3818/3272 3273/3817/3271
f 3329/3826/3277 3277/3827/3278 3276/3824/3275 3278/3823/3274
f 3277/3827/3278 3280/3828/3279 3279/3825/3276 3276/3824/3275
f 3285/3829/3280 3281/3830/3281 3279/3825/3276 3280/3828/3279
f 3281/3830/3281 3282/3831/3282 3275/3818/3272 3279/3825/3276
f 3282/3831/3282 3281/3830/3281 3283/3832/3283 3352/3833/3284
f 3284/3834/3285 3351/3835/3286 3283/3832/3283 3281/3830/3281
f 3286/3836/3287 3284/3834/3285 3281/3830/3281 3285/3829/3280
f 3286/3836/3287 3285/3829/3280 3287/3837/3288 3288/3838/3289
f 3287/3837/3288 3285/3829/3280 3280/3828/3279 3289/3839/3290
f 3291/3840/3291 3288/3838/3289 3287/3837/3288 3290/3841/3292
f 3292/3842/3293 3290/3841/3292 3287/3837/3288 3289/3839/3290
f 3294/3843/3294 3291/3844/3291 3290/3845/3292 3293/3846/3295
f 3295/3847/3296 3293/3846/3295 3290/3845/3292 3292/3848/3293
f 3299/3849/3297 3294/3843/3294 3293/3846/3295 3296/3850/3298
f 3297/3851/3299 3296/3850/3298 3293/3846/3295 3295/3847/3296
f 3310/3852/3300 3298/3853/3301 3296/3850/3298 3297/3851/3299
f 3301/3854/3302 3299/3849/3297 3296/3850/3298 3298/3853/3301
f 3299/3849/3297 3300/3855/3303 3433/3856/3304 3294/3843/3294
f 3301/3854/3302 3302/3857/3305 3300/3855/3303 3299/3849/3297
f 3303/3858/3306 3304/3859/3307 3302/3857/3305 3301/3854/3302
f 3303/3858/3306 3301/3854/3302 3298/3853/3301 3306/3860/3308
f 3305/3861/3309 3442/3862/3310 3304/3859/3307 3303/3858/3306
f 3306/3860/3308 3307/3863/3311 3305/3861/3309 3303/3858/3306
f 3308/3864/3312 3309/3809/3264 3307/3863/3311 3306/3860/3308
f 3308/3864/3312 3306/3860/3308 3298/3853/3301 3310/3852/3300
f 3309/3809/3264 3308/3864/3312 3311/3865/3313 3264/3805/3260
f 3311/3865/3313 3308/3864/3312 3310/3852/3300 3313/3866/3314
f 3260/3802/3257 3264/3805/3260 3311/3865/3313 3312/3867/3315
f 3315/3868/3316 3312/3867/3315 3311/3865/3313 3313/3866/3314
f 3314/3869/3317 3313/3866/3314 3310/3852/3300 3297/3851/3299
f 3314/3869/3317 3317/3870/3318 3315/3868/3316 3313/3866/3314
f 3325/3871/3319 3312/3867/3315 3315/3868/3316 3316/3872/3320
f 3319/3873/3321 3316/3872/3320 3315/3868/3316 3317/3870/3318
f 3320/3874/3322 3319/3873/3321 3317/3870/3318 3318/3875/3323
f 3334/3876/3324 3318/3875/3323 3317/3870/3318 3314/3869/3317
f 3320/3874/3322 3322/3877/3325 3321/3878/3326 3319/3873/3321
f 3316/3872/3320 3319/3873/3321 3321/3878/3326 3323/3879/3327
f 3274/3820/3273 3272/3813/3268 3321/3878/3326 3322/3877/3325
f 3268/3812/3267 3323/3879/3327 3321/3878/3326 3272/3813/3268
f 3324/3801/3256 3325/3871/3319 3316/3872/3320 3323/3879/3327
f 3324/3801/3256 3323/3879/3327 3268/3812/3267 3261/3798/3253
f 3324/3801/3256 3259/3800/3255 3326/3803/3258 3325/3871/3319
f 3312/3867/3315 3325/3871/3319 3326/3803/3258 3260/3802/3257
f 3320/3874/3322 3328/3880/3328 3327/3881/3329 3322/3877/3325
f 3274/3820/3273 3322/3877/3325 3327/3881/3329 3278/3882/3274
f 3329/3826/3277 3278/3823/3274 3327/3883/3329 3328/3884/3328
f 3328/3884/3328 3330/3885/3330 3331/3886/3331 3329/3826/3277
f 3328/3880/3328 3320/3874/3322 3318/3875/3323 3330/3887/3330
f 3332/3888/3332 3333/3889/3333 3331/3886/3331 3330/3885/3330
f 3332/3890/3332 3330/3887/3330 3318/3875/3323 3334/3876/3324
f 3333/3889/3333 3332/3888/3332 3292/3842/3293 3289/3839/3290
f 3292/3848/3293 3332/3890/3332 3334/3876/3324 3295/3847/3296
f 3297/3851/3299 3295/3847/3296 3334/3876/3324 3314/3869/3317
f 3277/3827/3278 3329/3826/3277 3331/3886/3331 3333/3889/3333
f 3333/3889/3333 3289/3839/3290 3280/3828/3279 3277/3827/3278
f 3263/3808/3263 3335/3891/3334 3307/3863/3311 3309/3809/3264
f 3335/3891/3334 3336/3892/3335 3305/3861/3309 3307/3863/3311
f 3335/3891/3334 3337/3893/3336 3339/3894/3337 3336/3892/3335
f 3337/3893/3336 3335/3891/3334 3263/3808/3263 3266/3807/3262
f 3338/3895/3338 3337/3893/3336 3266/3807/3262 3269/3811/3266
f 3339/3894/3337 3337/3893/3336 3338/3895/3338 3343/3896/3339
f 3340/3897/3340 3339/3898/3337 3343/3899/3339 3345/3900/3341
f 3339/3898/3337 3340/3897/3340 3482/3901/3342 3341/3902/3343
f 3366/3903/3344 3342/3904/3345 3339/3894/3337 3341/3905/3343
f 3443/3906/3346 3336/3892/3335 3339/3894/3337 3342/3904/3345
f 3345/3900/3341 3343/3899/3339 3344/3907/3347 3347/3908/3348
f 3344/3907/3347 3343/3899/3339 3338/3909/3338 3483/3910/3349
f 3345/3900/3341 3346/3911/3350 3481/3912/3351 3340/3897/3340
f 3347/3908/3348 3348/3913/3352 3346/3911/3350 3345/3900/3341
f 3347/3908/3348 3349/3914/3353 3350/3915/3354 3348/3913/3352
f 3349/3914/3353 3347/3908/3348 3344/3907/3347 3352/3833/3284
f 3351/3835/3286 3353/3916/3355 3350/3915/3354 3349/3914/3353
f 3349/3914/3353 3352/3833/3284 3283/3832/3283 3351/3835/3286
f 3282/3831/3282 3352/3833/3284 3344/3907/3347 3483/3910/3349
f 3353/3916/3355 3351/3835/3286 3284/3834/3285 3355/3917/3356
f 3353/3916/3355 3355/3917/3356 3357/3918/3357 3354/3919/3358
f 3354/3919/3358 3348/3913/3352 3350/3915/3354 3353/3916/3355
f 3356/3920/3359 3355/3917/3356 3284/3834/3285 3419/3921/3360
f 3355/3917/3356 3356/3920/3359 3358/3922/3361 3357/3918/3357
f 3359/3923/3362 3357/3918/3357 3358/3922/3361 3362/3924/3363
f 3361/3925/3364 3354/3919/3358 3357/3918/3357 3359/3923/3362
f 3480/3926/3365 3361/3925/3364 3359/3923/3362 3360/3927/3366
f 3364/3928/3367 3360/3927/3366 3359/3923/3362 3362/3924/3363
f 3358/3922/3361 3423/3929/3368 3363/3930/3369 3362/3924/3363
f 3364/3928/3367 3362/3924/3363 3363/3930/3369 3365/3931/3370
f 3367/3932/3371 3366/3933/3344 3364/3928/3367 3365/3931/3370
f 3341/3902/3343 3360/3927/3366 3364/3928/3367 3366/3933/3344
f 3342/3904/3345 3366/3903/3344 3367/3934/3371 3369/3935/3372
f 3371/3936/3373 3369/3935/3372 3367/3934/3371 3368/3937/3374
f 3367/3932/3371 3365/3931/3370 3432/3938/3375 3368/3939/3374
f 3443/3906/3346 3342/3904/3345 3369/3935/3372 3370/3940/3376
f 3372/3941/3377 3370/3940/3376 3369/3935/3372 3371/3936/3373
f 3371/3936/3373 3373/3942/3378 3374/3943/3379 3372/3941/3377
f 3368/3937/3374 3376/3944/3380 3373/3942/3378 3371/3936/3373
f 3375/3945/3381 3449/3946/3382 3374/3943/3379 3373/3942/3378
f 3378/3947/3383 3375/3945/3381 3373/3942/3378 3376/3944/3380
f 3432/3938/3375 3377/3948/3384 3376/3949/3380 3368/3939/3374
f 3380/3950/3385 3378/3951/3383 3376/3949/3380 3377/3948/3384
f 3451/3952/3386 3375/3945/3381 3378/3947/3383 3379/3953/3387
f 3378/3951/3383 3380/3950/3385 3381/3954/3388 3379/3955/3387
f 3382/3956/3389 3385/3957/3390 3381/3954/3388 3380/3950/3385
f 3377/3948/3384 3383/3958/3391 3382/3956/3389 3380/3950/3385
f 3427/3959/3392 3384/3960/3393 3382/3956/3389 3383/3958/3391
f 3387/3961/3394 3385/3957/3390 3382/3956/3389 3384/3960/3393
f 3385/3957/3390 3386/3962/3395 3464/3963/3396 3381/3954/3388
f 3385/3957/3390 3387/3961/3394 3388/3964/3397 3386/3962/3395
f 3389/3965/3398 3390/3966/3399 3388/3964/3397 3387/3961/3394
f 3384/3960/3393 3391/3967/3400 3389/3965/3398 3387/3961/3394
f 3394/3968/3401 3390/3966/3399 3389/3965/3398 3392/3969/3402
f 3393/3970/3403 3392/3969/3402 3389/3965/3398 3391/3967/3400
f 3397/3971/3404 3395/3972/3405 3392/3969/3402 3393/3970/3403
f 3396/3973/3406 3394/3968/3401 3392/3969/3402 3395/3972/3405
f 3400/3974/3407 3396/3973/3406 3395/3972/3405 3398/3975/3408
f 3399/3976/3409 3398/3975/3408 3395/3972/3405 3397/3971/3404
f 3398/3975/3408 3399/3976/3409 3404/3977/3410 3401/3978/3411
f 3401/3978/3411 3402/3979/3412 3400/3974/3407 3398/3975/3408
f 3401/3980/3411 3403/3981/3413 3468/3982/3414 3402/3983/3412
f 3404/3984/3410 3405/3985/3415 3403/3981/3413 3401/3980/3411
f 3405/3985/3415 3404/3984/3410 3406/3986/3416 3407/3987/3417
f 3404/3977/3410 3399/3976/3409 3408/3988/3418 3406/3989/3416
f 3411/3990/3419 3407/3987/3417 3406/3986/3416 3409/3991/3420
f 3409/3992/3420 3406/3989/3416 3408/3988/3418 3410/3993/3421
f 3409/3992/3420 3410/3993/3421 3415/3994/3422 3412/3995/3423
f 3412/3996/3423 3413/3997/3424 3411/3990/3419 3409/3991/3420
f 3413/3997/3424 3412/3996/3423 3414/3998/3425 3433/3856/3304
f 3414/3999/3425 3412/3995/3423 3415/3994/3422 3417/4000/3426
f 3410/3993/3421 3430/4001/3427 3416/4002/3428 3415/3994/3422
f 3417/4000/3426 3415/3994/3422 3416/4002/3428 3418/4003/3429
f 3418/4003/3429 3286/3836/3287 3288/3838/3289 3417/4000/3426
f 3288/3838/3289 3291/3840/3291 3414/3999/3425 3417/4000/3426
f 3418/4003/3429 3419/3921/3360 3284/3834/3285 3286/3836/3287
f 3418/4003/3429 3416/4002/3428 3420/4004/3430 3419/3921/3360
f 3419/3921/3360 3420/4004/3430 3422/4005/3431 3356/3920/3359
f 3430/4001/3427 3421/4006/3432 3420/4004/3430 3416/4002/3428
f 3421/4006/3432 3424/4007/3433 3422/4005/3431 3420/4004/3430
f 3424/4007/3433 3425/4008/3434 3423/3929/3368 3422/4005/3431
f 3356/3920/3359 3422/4005/3431 3423/3929/3368 3358/3922/3361
f 3424/4007/3433 3426/4009/3435 3427/3959/3392 3425/4008/3434
f 3421/4006/3432 3428/4010/3436 3426/4009/3435 3424/4007/3433
f 3393/3970/3403 3391/3967/3400 3426/4009/3435 3428/4010/3436
f 3391/3967/3400 3384/3960/3393 3427/3959/3392 3426/4009/3435
f 3430/4001/3427 3429/4011/3437 3428/4010/3436 3421/4006/3432
f 3397/3971/3404 3393/3970/3403 3428/4010/3436 3429/4011/3437
f 3410/3993/3421 3408/3988/3418 3429/4011/3437 3430/4001/3427
f 3399/3976/3409 3397/3971/3404 3429/4011/3437 3408/3988/3418
f 3431/4012/3438 3425/4008/3434 3427/3959/3392 3383/3958/3391
f 3425/4008/3434 3431/4012/3438 3363/3930/3369 3423/3929/3368
f 3383/3958/3391 3377/3948/3384 3432/3938/3375 3431/4012/3438
f 3363/3930/3369 3431/4012/3438 3432/3938/3375 3365/3931/3370
f 3294/3843/3294 3433/3856/3304 3414/3998/3425 3291/3844/3291
f 3434/4013/3439 3413/3997/3424 3433/3856/3304 3300/3855/3303
f 3434/4013/3439 3435/4014/3440 3411/3990/3419 3413/3997/3424
f 3436/4015/3441 3437/4016/3442 3435/4014/3440 3434/4013/3439
f 3436/4015/3441 3434/4013/3439 3300/3855/3303 3302/3857/3305
f 3438/4017/3443 3439/4018/3444 3437/4016/3442 3436/4015/3441
f 3438/4017/3443 3436/4015/3441 3302/3857/3305 3304/3859/3307
f 3440/4019/3445 3441/4020/3446 3439/4018/3444 3438/4017/3443
f 3440/4019/3445 3438/4017/3443 3304/3859/3307 3442/3862/3310
f 3370/3940/3376 3372/3941/3377 3441/4020/3446 3440/4019/3445
f 3370/3940/3376 3440/4019/3445 3442/3862/3310 3443/3906/3346
f 3336/3892/3335 3443/3906/3346 3442/3862/3310 3305/3861/3309
f 3444/4021/3447 3445/4022/3448 3439/4018/3444 3441/4020/3446
f 3374/3943/3379 3444/4021/3447 3441/4020/3446 3372/3941/3377
f 3444/4021/3447 3446/4023/3449 3447/4024/3450 3445/4022/3448
f 3446/4023/3449 3444/4021/3447 3374/3943/3379 3449/3946/3382
f 3448/4025/3451 3477/4026/3452 3447/4024/3450 3446/4023/3449
f 3449/3946/3382 3450/4027/3453 3448/4025/3451 3446/4023/3449
f 3375/3945/3381 3451/3952/3386 3450/4027/3453 3449/3946/3382
f 3452/4028/3454 3453/4029/3455 3448/4025/3451 3450/4027/3453
f 3455/4030/3456 3452/4028/3454 3450/4027/3453 3451/3952/3386
f 3452/4028/3454 3454/4031/3457 3479/4032/3458 3453/4029/3455
f 3454/4031/3457 3452/4028/3454 3455/4030/3456 3457/4033/3459
f 3379/3953/3387 3456/4034/3460 3455/4030/3456 3451/3952/3386
f 3459/4035/3461 3457/4033/3459 3455/4030/3456 3456/4034/3460
f 3454/4031/3457 3457/4033/3459 3458/4036/3462 3466/4037/3463
f 3459/4038/3461 3460/4039/3464 3458/4040/3462 3457/4041/3459
f 3462/4042/3465 3460/4039/3464 3459/4038/3461 3461/4043/3466
f 3461/4043/3466 3459/4038/3461 3456/4044/3460 3464/3963/3396
f 3461/4043/3466 3463/4045/3467 3465/4046/3468 3462/4042/3465
f 3463/4045/3467 3461/4043/3466 3464/3963/3396 3386/3962/3395
f 3381/3954/3388 3464/3963/3396 3456/4044/3460 3379/3955/3387
f 3390/3966/3399 3394/3968/3401 3465/4046/3468 3463/4045/3467
f 3463/4045/3467 3386/3962/3395 3388/3964/3397 3390/3966/3399
f 3396/3973/3406 3462/4042/3465 3465/4046/3468 3394/3968/3401
f 3462/4042/3465 3396/3973/3406 3400/3974/3407 3460/4039/3464
f 3458/4040/3462 3460/4039/3464 3400/3974/3407 3402/3979/3412
f 3468/3982/3414 3466/4037/3463 3458/4036/3462 3402/3983/3412
f 3466/4037/3463 3467/4047/3469 3479/4032/3458 3454/4031/3457
f 3467/4047/3469 3466/4037/3463 3468/3982/3414 3469/4048/3470
f 3471/4049/3471 3469/4048/3470 3468/3982/3414 3403/3981/3413
f 3467/4047/3469 3469/4048/3470 3470/4050/3472 3478/4051/3473
f 3471/4049/3471 3472/4052/3474 3470/4050/3472 3469/4048/3470
f 3472/4052/3474 3471/4049/3471 3473/4053/3475 3475/4054/3476
f 3473/4053/3475 3471/4049/3471 3403/3981/3413 3405/3985/3415
f 3407/3987/3417 3474/4055/3477 3473/4053/3475 3405/3985/3415
f 3476/4056/3478 3475/4054/3476 3473/4053/3475 3474/4055/3477
f 3477/4026/3452 3472/4052/3474 3475/4054/3476 3447/4024/3450
f 3445/4022/3448 3447/4024/3450 3475/4054/3476 3476/4056/3478
f 3476/4056/3478 3474/4055/3477 3435/4014/3440 3437/4016/3442
f 3445/4022/3448 3476/4056/3478 3437/4016/3442 3439/4018/3444
f 3474/4055/3477 3407/3987/3417 3411/3990/3419 3435/4014/3440
f 3477/4026/3452 3478/4051/3473 3470/4050/3472 3472/4052/3474
f 3478/4051/3473 3477/4026/3452 3448/4025/3451 3453/4029/3455
f 3478/4051/3473 3453/4029/3455 3479/4032/3458 3467/4047/3469
f 3348/3913/3352 3354/3919/3358 3361/3925/3364 3346/3911/3350
f 3361/3925/3364 3480/3926/3365 3481/3912/3351 3346/3911/3350
f 3481/3912/3351 3480/3926/3365 3482/3901/3342 3340/3897/3340
f 3360/3927/3366 3341/3902/3343 3482/3901/3342 3480/3926/3365
f 3275/3818/3272 3282/3831/3282 3483/3910/3349 3271/3819/3270
f 3271/3815/3270 3483/4057/3349 3338/3895/3338 3269/3811/3266
o root.4
v -0.365331 0.907521 -0.917272
v -0.347677 0.912279 -0.897590
v -0.371173 0.922503 -0.896333
v -0.364353 0.895342 -0.908977
v -0.387694 0.903836 -0.917835
v -0.380225 0.888196 -0.910505
v -0.393383 0.915295 -0.895006
v -0.413289 0.897891 -0.915197
v -0.418408 0.904583 -0.892284
v -0.406869 0.882441 -0.909884
v -0.436202 0.887058 -0.913038
v -0.428951 0.874042 -0.910106
v -0.449306 0.877566 -0.907518
v -0.440566 0.891573 -0.890688
v -0.441928 0.889040 -0.864011
v -0.454740 0.874967 -0.891781
v -0.449117 0.862329 -0.892065
v -0.461276 0.874463 -0.865987
v -0.461316 0.868952 -0.819641
v -0.453081 0.859403 -0.867002
v -0.450993 0.849469 -0.828087
v -0.428576 0.862186 -0.866634
v -0.428313 0.869108 -0.889727
v -0.427005 0.850734 -0.832297
v -0.403482 0.863200 -0.870369
v -0.401383 0.855401 -0.836688
v -0.374232 0.861128 -0.874200
v -0.405197 0.875518 -0.889433
v -0.377421 0.878314 -0.892946
v -0.355984 0.891234 -0.894588
v -0.348442 0.880255 -0.871202
v -0.354248 0.872209 -0.833809
v -0.341198 0.906389 -0.865991
v -0.344702 0.893378 -0.825921
v -0.348409 0.930383 -0.861586
v -0.353671 0.931060 -0.891142
v -0.349315 0.914296 -0.818698
v -0.373877 0.931649 -0.862633
v -0.369819 0.921651 -0.816401
v -0.396870 0.918996 -0.864028
v -0.419412 0.902610 -0.863493
v -0.394303 0.913816 -0.819127
v -0.387141 0.902355 -0.750663
v -0.417988 0.899297 -0.821548
v -0.409067 0.886909 -0.752550
v -0.441886 0.884141 -0.820771
v -0.427229 0.867061 -0.750375
v -0.415920 0.853448 -0.666553
v -0.433719 0.846961 -0.749541
v -0.415462 0.822596 -0.676174
v -0.429997 0.827859 -0.760962
v -0.412190 0.817656 -0.772095
v -0.412585 0.802015 -0.691576
v -0.398793 0.789521 -0.705054
v -0.399913 0.773171 -0.637971
v -0.383865 0.732805 -0.568951
v -0.386857 0.758564 -0.646917
v -0.400979 0.795938 -0.630087
v -0.387934 0.752752 -0.562127
v -0.397219 0.823622 -0.615774
v -0.387283 0.835499 -0.602840
v -0.381469 0.775906 -0.551469
v -0.407865 0.863063 -0.617052
v -0.413405 0.885145 -0.630984
v -0.398016 0.872214 -0.605950
v -0.401956 0.896357 -0.610838
v -0.381422 0.875949 -0.599591
v -0.387193 0.906346 -0.609463
v -0.363518 0.877854 -0.599840
v -0.374530 0.841827 -0.598757
v -0.359209 0.807693 -0.542802
v -0.360852 0.844539 -0.600673
v -0.349137 0.846107 -0.606493
v -0.340361 0.814195 -0.544785
v -0.314567 0.789910 -0.458902
v -0.321371 0.813280 -0.552679
v -0.306774 0.803730 -0.558866
v -0.288947 0.789582 -0.469475
v -0.271462 0.776481 -0.482032
v -0.241222 0.762797 -0.374178
v -0.222959 0.740827 -0.397406
v -0.189074 0.690957 -0.291161
v -0.278694 0.764033 -0.358861
v -0.232142 0.694077 -0.268759
v -0.318835 0.751761 -0.351304
v -0.274998 0.683871 -0.257803
v -0.353820 0.729735 -0.350714
v -0.342815 0.783346 -0.454616
v -0.368325 0.767852 -0.458152
v -0.372757 0.791763 -0.546860
v -0.383735 0.745129 -0.465511
v -0.386141 0.720598 -0.473850
v -0.376026 0.700488 -0.359629
v -0.377425 0.670599 -0.379279
v -0.332546 0.628454 -0.270496
v -0.310038 0.659588 -0.259556
v -0.315864 0.585248 -0.174291
v -0.340659 0.593466 -0.287531
v -0.318107 0.546956 -0.186520
v -0.330885 0.564061 -0.306298
v -0.365677 0.646207 -0.399595
v -0.304635 0.547459 -0.323679
v -0.302192 0.511999 -0.202366
v -0.293648 0.495088 -0.111403
v -0.270534 0.486039 -0.220438
v -0.222273 0.472175 -0.237231
v -0.264691 0.469639 -0.121187
v -0.247112 0.476699 -0.060189
v -0.224108 0.455415 -0.126111
v -0.226343 0.463773 -0.078239
v -0.176399 0.458057 -0.122336
v -0.192031 0.473735 -0.065165
v -0.137176 0.480673 -0.114303
v -0.169156 0.472174 -0.244377
v -0.223293 0.560183 -0.365276
v -0.127510 0.491383 -0.242922
v -0.104259 0.528716 -0.233439
v -0.183207 0.581206 -0.375520
v -0.245217 0.655813 -0.436825
v -0.156900 0.608981 -0.366790
v -0.223816 0.684595 -0.434000
v -0.151122 0.638383 -0.347877
v -0.218600 0.714496 -0.417991
v -0.160984 0.666175 -0.320725
v -0.101982 0.571311 -0.220980
v -0.118125 0.614667 -0.210142
v -0.101300 0.565940 -0.099752
v -0.108737 0.603993 -0.090704
v -0.147279 0.544497 -0.027245
v -0.110452 0.523523 -0.106802
v -0.153172 0.516279 -0.044534
v -0.159847 0.486384 -0.069909
v -0.204940 0.497466 -0.033520
v -0.215498 0.519027 -0.014596
v -0.224797 0.543301 -0.003444
v -0.266794 0.497972 -0.046638
v -0.278764 0.525601 -0.039088
v -0.278637 0.555031 -0.039783
v -0.307852 0.527684 -0.099658
v -0.304850 0.562565 -0.088760
v -0.279194 0.596679 -0.082026
v -0.229972 0.624141 -0.080973
v -0.267898 0.580876 -0.046394
v -0.291328 0.620498 -0.165899
v -0.245904 0.646624 -0.165904
v -0.194724 0.657704 -0.177302
v -0.177109 0.640159 -0.081880
v -0.152205 0.645027 -0.194583
v -0.135907 0.630157 -0.086133
v -0.164110 0.593800 -0.025053
v -0.147979 0.574510 -0.017579
v -0.228527 0.568940 -0.011475
v -0.183930 0.611279 -0.041331
v -0.227757 0.595184 -0.034020
v -0.264238 0.752838 -0.493959
v -0.296231 0.782943 -0.570336
v -0.267313 0.724605 -0.505012
v -0.298778 0.760721 -0.578331
v -0.281249 0.698202 -0.511996
v -0.309340 0.739653 -0.584782
v -0.303967 0.679111 -0.512358
v -0.327322 0.723606 -0.587529
v -0.329491 0.672255 -0.506951
v -0.277317 0.633582 -0.431945
v -0.313984 0.622649 -0.426043
v -0.267523 0.545756 -0.343434
v -0.345268 0.628058 -0.417627
v -0.356286 0.677991 -0.496488
v -0.369976 0.719113 -0.577841
v -0.375174 0.696242 -0.484337
v -0.349132 0.716281 -0.584713
v -0.366993 0.759049 -0.650907
v -0.378127 0.792396 -0.710218
v -0.347387 0.767297 -0.651433
v -0.358866 0.801054 -0.710206
v -0.331335 0.781028 -0.648916
v -0.340985 0.813323 -0.706558
v -0.321455 0.799506 -0.643303
v -0.323793 0.821448 -0.635444
v -0.333719 0.830464 -0.697330
v -0.332903 0.865126 -0.765400
v -0.338293 0.848724 -0.686024
v -0.350812 0.873086 -0.675327
v -0.336212 0.887248 -0.753344
v -0.356957 0.907535 -0.749303
v -0.345283 0.895518 -0.644008
v -0.377171 0.885802 -0.678915
v -0.339068 0.842332 -0.622285
v -0.335550 0.873254 -0.625733
v -0.345713 0.876900 -0.608087
v -0.350296 0.904869 -0.618370
v -0.367505 0.910173 -0.613758
v -0.371279 0.904494 -0.645576
v -0.394294 0.901726 -0.641987
v -0.397647 0.880075 -0.676358
v -0.345206 0.845103 -0.774452
v -0.368181 0.833566 -0.776657
v -0.389809 0.825366 -0.776118
v -0.374883 0.859153 -0.838520
v -0.444498 0.866413 -0.908398
vn 0.8254 0.1704 -0.5382
vn 0.6921 -0.5254 -0.4948
vn 0.4999 -0.5493 -0.6696
vn 0.3015 0.1936 -0.9336
vn -0.1151 0.8816 -0.4577
vn 0.4222 0.8332 -0.3571
vn -0.1179 0.2969 -0.9476
vn -0.3628 0.8760 -0.3177
vn 0.1979 -0.6711 -0.7144
vn 0.1360 -0.6708 -0.7291
vn -0.2471 0.4026 -0.8814
vn -0.4616 0.8679 -0.1833
vn -0.4044 0.3857 -0.8293
vn -0.5948 0.7940 -0.1258
vn 0.1672 -0.6526 -0.7390
vn -0.2401 -0.7184 -0.6529
vn -0.7516 0.1598 -0.6400
vn -0.9541 0.1664 -0.2489
vn -0.5234 0.8508 0.0477
vn -0.5835 0.8110 0.0430
vn -0.9745 0.2125 -0.0720
vn -0.3961 -0.8680 -0.2994
vn -0.4993 -0.8382 -0.2192
vn -0.6291 0.7492 0.2072
vn -0.9674 0.1642 0.1929
vn -0.6171 -0.7772 -0.1236
vn 0.1111 -0.9520 -0.2853
vn -0.0131 -0.9392 -0.3431
vn 0.2467 -0.9307 -0.2700
vn 0.1129 -0.8909 -0.4400
vn 0.0309 -0.9295 -0.3675
vn 0.1037 -0.9370 -0.3336
vn 0.2686 -0.8898 -0.3689
vn 0.3362 -0.9049 -0.2609
vn 0.2469 -0.8060 -0.5380
vn 0.7866 -0.5659 -0.2470
vn 0.9969 -0.0092 -0.0784
vn 0.7711 -0.6047 -0.1992
vn 0.9962 -0.0548 -0.0675
vn 0.6136 0.7880 0.0506
vn 0.7574 0.6396 0.1314
vn -0.2061 0.9781 0.0294
vn 0.0159 0.9754 0.2199
vn -0.4688 0.8833 -0.0010
vn -0.4465 0.8769 0.1782
vn -0.5610 0.8114 0.1643
vn -0.2981 0.9238 0.2403
vn 0.3467 0.9029 0.2542
vn -0.5936 0.7748 0.2174
vn -0.7968 0.5393 0.2726
vn -0.9709 -0.0205 0.2387
vn -0.9716 0.2003 0.1262
vn -0.6255 0.7736 -0.1012
vn -0.9730 -0.0991 0.2084
vn -0.7703 -0.6370 -0.0291
vn -0.8854 -0.4648 0.0047
vn -0.1744 -0.9131 -0.3684
vn -0.3677 -0.8675 -0.3350
vn -0.9123 -0.4092 -0.0159
vn -0.9742 -0.0818 0.2102
vn -0.4766 -0.8070 -0.3486
vn -0.9935 -0.0661 0.0926
vn -0.8852 -0.4558 -0.0926
vn -0.5184 -0.7881 -0.3319
vn -0.9408 0.2541 0.2244
vn -0.9227 0.0016 0.3855
vn -0.7746 0.5182 0.3627
vn -0.6949 0.1596 0.7011
vn -0.5831 0.0273 0.8119
vn -0.8778 -0.1278 0.4617
vn -0.9371 0.3369 0.0918
vn -0.6859 0.4840 0.5435
vn -0.1314 0.1432 0.9809
vn -0.3063 0.7719 0.5570
vn -0.3205 0.3801 0.8677
vn 0.2375 0.2027 0.9500
vn 0.1574 0.8893 0.4294
vn 0.1409 0.5241 0.8399
vn -0.4391 0.7870 0.4334
vn -0.0226 0.9242 0.3812
vn 0.7047 0.1999 0.6807
vn 0.6242 0.4851 0.6124
vn 0.3913 0.8933 0.2211
vn -0.0484 0.9605 0.2739
vn -0.3961 0.8596 0.3227
vn 0.3787 0.9201 0.0999
vn 0.7440 0.6676 -0.0285
vn 0.9067 0.4031 0.1242
vn 0.7606 0.6312 -0.1522
vn 0.7894 0.5981 -0.1383
vn 0.4664 0.8596 0.2088
vn 0.0289 0.9010 0.4329
vn 0.5439 0.8066 0.2316
vn 0.8236 0.5607 -0.0848
vn 0.1053 0.8799 0.4633
vn -0.2800 0.7899 0.5456
vn -0.3115 0.8039 0.5067
vn -0.6317 0.5630 0.5329
vn -0.6405 0.5839 0.4988
vn -0.7196 0.6383 0.2734
vn -0.9402 0.3044 0.1531
vn -0.9054 0.2172 0.3647
vn -0.9934 -0.1149 -0.0013
vn -0.9759 -0.1911 0.1057
vn -0.9638 -0.2183 0.1534
vn -0.8972 0.1953 0.3962
vn -0.9313 0.2696 0.2449
vn -0.6639 0.6627 0.3466
vn -0.9747 -0.2010 0.0980
vn -0.8161 -0.5658 -0.1179
vn -0.7974 -0.6000 -0.0642
vn -0.8523 -0.5000 -0.1534
vn -0.5065 -0.7771 -0.3736
vn -0.5533 -0.7336 -0.3946
vn -0.4889 -0.8435 -0.2225
vn -0.7762 -0.6149 0.1393
vn -0.9412 -0.2354 0.2422
vn -0.5023 -0.8632 0.0509
vn -0.1552 -0.9294 -0.3349
vn -0.1760 -0.8056 -0.5657
vn -0.1380 -0.9901 0.0274
vn -0.3043 -0.8222 0.4811
vn -0.5253 -0.6194 0.5834
vn -0.0992 -0.9355 0.3391
vn 0.2631 -0.9604 0.0917
vn 0.2245 -0.8394 0.4950
vn 0.2138 -0.9051 -0.3676
vn 0.6549 -0.7311 0.1914
vn 0.5237 -0.7001 0.4854
vn 0.6362 -0.6961 -0.3326
vn 0.1075 -0.7148 -0.6910
vn 0.4491 -0.5043 -0.7376
vn 0.9254 -0.2998 -0.2320
vn 0.8907 -0.3869 0.2388
vn 0.7857 -0.1240 -0.6060
vn 0.7673 -0.0730 -0.6371
vn 0.4836 -0.4827 -0.7302
vn 0.1818 -0.7155 -0.6745
vn 0.8611 0.3075 -0.4050
vn 0.8959 0.2671 -0.3550
vn 0.9840 0.1216 -0.1302
vn 0.8484 0.5283 -0.0329
vn 0.8544 0.4339 0.2858
vn 0.9700 -0.0362 0.2402
vn 0.5395 0.1681 0.8250
vn 0.6226 -0.3043 0.7210
vn 0.5866 -0.5206 0.6203
vn 0.1370 -0.6743 0.7257
vn 0.0162 -0.5007 0.8655
vn -0.1666 -0.0931 0.9816
vn -0.7066 -0.2456 0.6636
vn -0.7205 0.2361 0.6520
vn -0.2795 0.3962 0.8746
vn -0.9094 0.2433 0.3375
vn -0.5711 0.5875 0.5734
vn -0.6383 0.6648 0.3880
vn -0.3333 0.8552 0.3968
vn -0.3240 0.8777 0.3532
vn -0.3018 0.6925 0.6552
vn 0.0468 0.9249 0.3773
vn 0.0811 0.9612 0.2635
vn 0.5234 0.8444 0.1136
vn 0.4920 0.8088 0.3222
vn 0.2313 0.5949 0.7698
vn -0.0162 0.7701 0.6377
vn 0.8578 -0.1292 -0.4974
vn 0.8996 0.2596 -0.3512
vn 0.9248 0.2861 -0.2508
vn 0.8996 -0.1172 -0.4208
vn 0.6577 -0.4977 -0.5655
vn 0.7160 -0.4516 -0.5324
vn 0.3381 -0.7582 -0.5575
vn 0.3977 -0.7162 -0.5735
vn -0.0765 -0.8655 -0.4950
vn -0.0201 -0.8588 -0.5119
vn -0.1405 -0.8075 -0.5728
vn -0.5520 -0.7586 -0.3463
vn -0.8637 -0.4779 -0.1602
vn 0.0903 -0.8464 -0.5249
vn 0.4450 -0.7089 -0.5472
vn 0.1964 -0.8571 -0.4763
vn 0.4433 -0.7634 -0.4697
vn 0.7528 -0.5424 -0.3730
vn 0.7435 -0.4662 -0.4795
vn 0.9860 -0.0767 -0.1482
vn 0.9436 -0.0689 -0.3237
vn 0.9309 0.3586 0.0691
vn 0.9263 0.3624 -0.1031
vn 0.8923 0.4380 0.1091
vn 0.9871 -0.0880 -0.1341
vn 0.7341 -0.5834 -0.3475
vn 0.7440 0.6661 -0.0529
vn -0.0608 0.9905 -0.1231
vn 0.0680 0.9273 -0.3681
vn 0.7585 0.5874 -0.2823
vn 0.9900 0.1063 0.0923
vn 0.6083 0.7278 0.3167
vn -0.4812 0.8367 -0.2616
vn 0.3850 -0.8168 -0.4297
vn 0.2009 -0.8678 -0.4545
vt 0.718061 0.860043
vt 0.720147 0.858570
vt 0.718472 0.864169
vt 0.715711 0.865753
vt 0.712567 0.863263
vt 0.715666 0.859152
vt 0.716864 0.870134
vt 0.707713 0.869156
vt 0.720167 0.865067
vt 0.866026 0.830318
vt 0.857887 0.831418
vt 0.857384 0.827697
vt 0.866779 0.826298
vt 0.872097 0.823286
vt 0.877781 0.829463
vt 0.862450 0.823590
vt 0.868073 0.819600
vt 0.858351 0.822987
vt 0.860356 0.820197
vt 0.862656 0.820418
vt 0.863744 0.817443
vt 0.873503 0.813853
vt 0.868981 0.812091
vt 0.864853 0.812108
vt 0.861084 0.816820
vt 0.861904 0.810872
vt 0.869810 0.801130
vt 0.866052 0.800715
vt 0.862409 0.800919
vt 0.857498 0.810576
vt 0.858105 0.801373
vt 0.856859 0.817471
vt 0.852222 0.820496
vt 0.853416 0.811310
vt 0.853424 0.802480
vt 0.848568 0.812295
vt 0.848533 0.803313
vt 0.723030 0.862474
vt 0.721767 0.859447
vt 0.724211 0.849331
vt 0.726217 0.860655
vt 0.723953 0.866631
vt 0.721712 0.850667
vt 0.719405 0.851504
vt 0.725707 0.838734
vt 0.723912 0.837844
vt 0.721550 0.838371
vt 0.716856 0.853141
vt 0.719313 0.838881
vt 0.713506 0.854029
vt 0.715258 0.841798
vt 0.707699 0.861492
vt 0.710649 0.844250
vt 0.877786 0.816930
vt 0.873902 0.802547
vt 0.877949 0.803032
vt 0.717104 0.825413
vt 0.720597 0.824459
vt 0.875382 0.785621
vt 0.879451 0.788365
vt 0.870527 0.782861
vt 0.866726 0.780541
vt 0.874360 0.762327
vt 0.880093 0.768093
vt 0.866462 0.760883
vt 0.861855 0.782003
vt 0.860086 0.763147
vt 0.856825 0.783282
vt 0.854398 0.765106
vt 0.856368 0.747703
vt 0.863338 0.747180
vt 0.850891 0.749465
vt 0.857072 0.727508
vt 0.849776 0.725485
vt 0.845379 0.730773
vt 0.864658 0.725682
vt 0.872243 0.745044
vt 0.870801 0.725267
vt 0.877561 0.742320
vt 0.883709 0.750014
vt 0.880003 0.751239
vt 0.882321 0.757300
vt 0.886191 0.754685
vt 0.887803 0.748968
vt 0.889485 0.755795
vt 0.881824 0.740966
vt 0.891248 0.745963
vt 0.892814 0.755700
vt 0.885648 0.739818
vt 0.877672 0.724463
vt 0.884043 0.723373
vt 0.724397 0.792092
vt 0.721028 0.794394
vt 0.722861 0.788106
vt 0.726338 0.786467
vt 0.890478 0.722923
vt 0.889364 0.739518
vt 0.884010 0.699855
vt 0.875956 0.700527
vt 0.891774 0.700021
vt 0.896309 0.722103
vt 0.894618 0.740197
vt 0.898911 0.699853
vt 0.902335 0.672743
vt 0.894063 0.671175
vt 0.884710 0.671232
vt 0.899000 0.640806
vt 0.911311 0.642237
vt 0.886203 0.639466
vt 0.873781 0.639794
vt 0.874865 0.671822
vt 0.861958 0.641186
vt 0.865187 0.672531
vt 0.867734 0.702150
vt 0.859944 0.703371
vt 0.856387 0.673934
vt 0.852633 0.703894
vt 0.848377 0.676808
vt 0.841161 0.645392
vt 0.851441 0.643091
vt 0.847090 0.616499
vt 0.858843 0.614895
vt 0.837597 0.617395
vt 0.832888 0.647409
vt 0.827262 0.617473
vt 0.840812 0.679882
vt 0.795639 0.670763
vt 0.806307 0.670088
vt 0.815293 0.696742
vt 0.803828 0.698173
vt 0.803282 0.634651
vt 0.793114 0.632934
vt 0.829697 0.593788
vt 0.838053 0.594263
vt 0.802662 0.606552
vt 0.793556 0.603214
vt 0.781345 0.631134
vt 0.784090 0.671652
vt 0.782888 0.599232
vt 0.825979 0.584869
vt 0.830361 0.574443
vt 0.838133 0.573900
vt 0.782909 0.585029
vt 0.788826 0.582411
vt 0.771164 0.592831
vt 0.772819 0.576357
vt 0.768694 0.626262
vt 0.757595 0.589890
vt 0.760864 0.576150
vt 0.757226 0.624431
vt 0.770348 0.673077
vt 0.757918 0.673320
vt 0.745880 0.622629
vt 0.740042 0.590457
vt 0.747393 0.671318
vt 0.747582 0.705889
vt 0.759350 0.705764
vt 0.772497 0.706601
vt 0.737135 0.705492
vt 0.737780 0.669747
vt 0.734162 0.625849
vt 0.726848 0.668625
vt 0.727633 0.705012
vt 0.721623 0.629117
vt 0.713133 0.593347
vt 0.722972 0.592272
vt 0.899439 0.564654
vt 0.897867 0.574617
vt 0.883032 0.562664
vt 0.883671 0.554766
vt 0.751275 0.568891
vt 0.743405 0.562613
vt 0.777600 0.564346
vt 0.776455 0.554766
vt 0.839197 0.558895
vt 0.853022 0.558982
vt 0.859290 0.563508
vt 0.844338 0.577015
vt 0.850104 0.579470
vt 0.863095 0.569610
vt 0.846988 0.593799
vt 0.856853 0.581998
vt 0.857227 0.592511
vt 0.871427 0.590315
vt 0.873238 0.613190
vt 0.866976 0.577206
vt 0.884674 0.587403
vt 0.887715 0.612404
vt 0.900511 0.611315
vt 0.894698 0.583816
vt 0.711706 0.619683
vt 0.707699 0.592895
vt 0.912212 0.610418
vt 0.880395 0.568333
vt 0.878752 0.575886
vt 0.745835 0.732181
vt 0.738273 0.733319
vt 0.731577 0.735074
vt 0.736118 0.758686
vt 0.730210 0.760171
vt 0.741578 0.758789
vt 0.753781 0.732184
vt 0.747228 0.757602
vt 0.761210 0.733345
vt 0.751721 0.758794
vt 0.837656 0.733983
vt 0.833086 0.716390
vt 0.834751 0.712173
vt 0.841580 0.732788
vt 0.826125 0.715609
vt 0.825979 0.713853
vt 0.788835 0.705877
vt 0.825216 0.699938
vt 0.822530 0.702697
vt 0.840084 0.705919
vt 0.833153 0.683258
vt 0.845555 0.704761
vt 0.845762 0.749408
vt 0.841205 0.749746
vt 0.848981 0.766963
vt 0.844011 0.768326
vt 0.736523 0.800723
vt 0.742869 0.781513
vt 0.746041 0.782063
vt 0.739287 0.802585
vt 0.733167 0.801680
vt 0.739569 0.781356
vt 0.730584 0.800302
vt 0.736284 0.781528
vt 0.724606 0.820496
vt 0.726842 0.823957
vt 0.731354 0.822808
vt 0.724650 0.806776
vt 0.730803 0.788508
vt 0.721485 0.808832
vt 0.720970 0.804392
vt 0.723732 0.799529
vt 0.726171 0.793560
vt 0.721150 0.798068
vt 0.718125 0.798001
vt 0.891774 0.764637
vt 0.886201 0.762075
vt 0.883827 0.770131
vt 0.735690 0.822683
vt 0.851990 0.785335
vt 0.847289 0.786650
s 1
f 3485/4058/3479 3513/4059/3480 3487/4060/3481 3484/4061/3482
f 3484/4061/3482 3486/4062/3483 3519/4063/3484 3485/4058/3479
f 3484/4061/3482 3488/4064/3485 3490/4065/3486 3486/4062/3483
f 3488/4064/3485 3484/4061/3482 3487/4060/3481 3489/4066/3487
f 3488/4067/3485 3489/4068/3487 3493/4069/3488 3491/4070/3489
f 3491/4070/3489 3492/4071/3490 3490/4072/3486 3488/4067/3485
f 3491/4070/3489 3494/4073/3491 3497/4074/3492 3492/4071/3490
f 3494/4073/3491 3491/4070/3489 3493/4069/3488 3495/4075/3493
f 3494/4073/3491 3495/4075/3493 3683/4076/3494 3496/4077/3495
f 3497/4074/3492 3494/4073/3491 3496/4077/3495 3499/4078/3496
f 3524/4079/3497 3492/4071/3490 3497/4074/3492 3498/4080/3498
f 3501/4081/3499 3498/4080/3498 3497/4074/3492 3499/4078/3496
f 3500/4082/3500 3503/4083/3501 3501/4081/3499 3499/4078/3496
f 3499/4078/3496 3496/4077/3495 3683/4076/3494 3500/4082/3500
f 3529/4084/3502 3498/4080/3498 3501/4081/3499 3502/4085/3503
f 3504/4086/3504 3502/4085/3503 3501/4081/3499 3503/4083/3501
f 3505/4087/3505 3507/4088/3506 3504/4086/3504 3503/4083/3501
f 3500/4082/3500 3506/4089/3507 3505/4087/3505 3503/4083/3501
f 3505/4087/3505 3506/4089/3507 3511/4090/3508 3508/4091/3509
f 3507/4088/3506 3505/4087/3505 3508/4091/3509 3509/4092/3510
f 3509/4092/3510 3508/4091/3509 3510/4093/3511 3682/4094/3512
f 3511/4095/3508 3512/4096/3513 3510/4097/3511 3508/4098/3509
f 3495/4075/3493 3493/4069/3488 3511/4090/3508 3506/4089/3507
f 3489/4066/3487 3512/4096/3513 3511/4095/3508 3493/4099/3488
f 3512/4096/3513 3513/4059/3480 3514/4100/3514 3510/4097/3511
f 3512/4096/3513 3489/4066/3487 3487/4060/3481 3513/4059/3480
f 3513/4059/3480 3485/4058/3479 3516/4101/3515 3514/4100/3514
f 3682/4102/3512 3510/4097/3511 3514/4100/3514 3515/4103/3516
f 3515/4103/3516 3514/4100/3514 3516/4101/3515 3517/4104/3517
f 3485/4058/3479 3519/4063/3484 3518/4105/3518 3516/4101/3515
f 3516/4101/3515 3518/4105/3518 3520/4106/3519 3517/4104/3517
f 3519/4063/3484 3486/4062/3483 3521/4107/3520 3518/4105/3518
f 3521/4107/3520 3522/4108/3521 3520/4106/3519 3518/4105/3518
f 3523/4109/3522 3525/4110/3523 3522/4108/3521 3521/4107/3520
f 3486/4062/3483 3490/4065/3486 3523/4109/3522 3521/4107/3520
f 3492/4071/3490 3524/4079/3497 3523/4111/3522 3490/4072/3486
f 3523/4111/3522 3524/4079/3497 3527/4112/3524 3525/4113/3523
f 3526/4114/3525 3668/4115/3526 3522/4108/3521 3525/4110/3523
f 3527/4112/3524 3528/4116/3527 3526/4117/3525 3525/4113/3523
f 3498/4080/3498 3529/4084/3502 3527/4112/3524 3524/4079/3497
f 3529/4084/3502 3530/4118/3528 3528/4116/3527 3527/4112/3524
f 3532/4119/3529 3530/4118/3528 3529/4084/3502 3502/4085/3503
f 3531/4120/3530 3678/4121/3531 3528/4116/3527 3530/4118/3528
f 3532/4119/3529 3533/4122/3532 3531/4120/3530 3530/4118/3528
f 3532/4119/3529 3534/4123/3533 3536/4124/3534 3533/4122/3532
f 3532/4119/3529 3502/4085/3503 3504/4086/3504 3534/4123/3533
f 3535/4125/3535 3534/4123/3533 3504/4086/3504 3507/4088/3506
f 3536/4124/3534 3534/4123/3533 3535/4125/3535 3537/4126/3536
f 3533/4122/3532 3536/4124/3534 3538/4127/3537 3541/4128/3538
f 3537/4126/3536 3540/4129/3539 3538/4127/3537 3536/4124/3534
f 3542/4130/3540 3541/4128/3538 3538/4127/3537 3539/4131/3541
f 3538/4127/3537 3540/4129/3539 3652/4132/3542 3539/4131/3541
f 3542/4130/3540 3545/4133/3543 3543/4134/3544 3541/4128/3538
f 3533/4122/3532 3541/4128/3538 3543/4134/3544 3531/4120/3530
f 3573/4135/3545 3544/4136/3546 3543/4134/3544 3545/4133/3543
f 3544/4136/3546 3548/4137/3547 3546/4138/3548 3543/4134/3544
f 3531/4120/3530 3543/4134/3544 3546/4138/3548 3547/4139/3549
f 3546/4138/3548 3548/4137/3547 3549/4140/3550 3547/4139/3549
f 3550/4141/3551 3551/4142/3552 3549/4140/3550 3548/4137/3547
f 3548/4137/3547 3544/4136/3546 3553/4143/3553 3550/4141/3551
f 3551/4142/3552 3550/4141/3551 3552/4144/3554 3675/4145/3555
f 3552/4144/3554 3550/4141/3551 3553/4143/3553 3555/4146/3556
f 3544/4136/3546 3573/4135/3545 3554/4147/3557 3553/4143/3553
f 3555/4146/3556 3553/4143/3553 3554/4147/3557 3557/4148/3558
f 3673/4149/3559 3552/4150/3554 3555/4151/3556 3556/4152/3560
f 3559/4153/3561 3556/4154/3560 3555/4146/3556 3557/4148/3558
f 3558/4155/3562 3557/4148/3558 3554/4147/3557 3571/4156/3563
f 3561/4157/3564 3559/4153/3561 3557/4148/3558 3558/4155/3562
f 3559/4153/3561 3560/4158/3565 3671/4159/3566 3556/4154/3560
f 3560/4158/3565 3559/4153/3561 3561/4157/3564 3562/4160/3567
f 3564/4161/3568 3562/4160/3567 3561/4157/3564 3563/4162/3569
f 3566/4163/3570 3563/4162/3569 3561/4157/3564 3558/4155/3562
f 3563/4162/3569 3565/4164/3571 3607/4165/3572 3564/4161/3568
f 3565/4164/3571 3563/4162/3569 3566/4163/3570 3567/4166/3573
f 3569/4167/3574 3567/4166/3573 3566/4163/3570 3568/4168/3575
f 3571/4156/3563 3568/4168/3575 3566/4163/3570 3558/4155/3562
f 3579/4169/3576 3569/4167/3574 3568/4168/3575 3570/4170/3577
f 3568/4168/3575 3571/4156/3563 3572/4171/3578 3570/4170/3577
f 3554/4147/3557 3573/4135/3545 3572/4171/3578 3571/4156/3563
f 3573/4135/3545 3545/4133/3543 3574/4172/3579 3572/4171/3578
f 3570/4170/3577 3572/4171/3578 3574/4172/3579 3576/4173/3580
f 3545/4133/3543 3542/4130/3540 3575/4174/3581 3574/4172/3579
f 3576/4173/3580 3574/4172/3579 3575/4174/3581 3577/4175/3582
f 3581/4176/3583 3578/4177/3584 3576/4173/3580 3577/4175/3582
f 3578/4177/3584 3579/4169/3576 3570/4170/3577 3576/4173/3580
f 3578/4177/3584 3580/4178/3585 3627/4179/3586 3579/4169/3576
f 3581/4176/3583 3582/4180/3587 3580/4178/3585 3578/4177/3584
f 3582/4180/3587 3581/4176/3583 3583/4181/3588 3586/4182/3589
f 3581/4176/3583 3577/4175/3582 3584/4183/3590 3583/4181/3588
f 3585/4184/3591 3583/4185/3588 3584/4186/3590 3650/4187/3592
f 3586/4188/3589 3583/4185/3588 3585/4184/3591 3588/4189/3593
f 3586/4182/3589 3587/4190/3594 3622/4191/3595 3582/4180/3587
f 3587/4192/3594 3586/4188/3589 3588/4189/3593 3590/4193/3596
f 3589/4194/3597 3588/4189/3593 3585/4184/3591 3649/4195/3598
f 3590/4193/3596 3588/4189/3593 3589/4194/3597 3592/4196/3599
f 3590/4197/3596 3591/4198/3600 3619/4199/3601 3587/4190/3594
f 3590/4193/3596 3592/4196/3599 3593/4200/3602 3591/4201/3600
f 3594/4202/3603 3595/4203/3604 3593/4200/3602 3592/4196/3599
f 3594/4202/3603 3592/4196/3599 3589/4194/3597 3597/4204/3605
f 3594/4202/3603 3596/4205/3606 3615/4206/3607 3595/4203/3604
f 3596/4205/3606 3594/4202/3603 3597/4204/3605 3599/4207/3608
f 3598/4208/3609 3597/4204/3605 3589/4194/3597 3649/4195/3598
f 3597/4204/3605 3598/4208/3609 3601/4209/3610 3599/4207/3608
f 3596/4205/3606 3599/4207/3608 3600/4210/3611 3613/4211/3612
f 3601/4209/3610 3603/4212/3613 3600/4210/3611 3599/4207/3608
f 3604/4213/3614 3603/4212/3613 3601/4209/3610 3602/4214/3615
f 3647/4215/3616 3602/4214/3615 3601/4209/3610 3598/4208/3609
f 3603/4212/3613 3604/4213/3614 3606/4216/3617 3605/4217/3618
f 3605/4217/3618 3608/4218/3619 3600/4210/3611 3603/4212/3613
f 3607/4219/3572 3605/4217/3618 3606/4216/3617 3564/4220/3568
f 3608/4218/3619 3605/4217/3618 3607/4219/3572 3609/4221/3620
f 3609/4221/3620 3611/4222/3621 3610/4223/3622 3608/4218/3619
f 3600/4210/3611 3608/4218/3619 3610/4223/3622 3613/4211/3612
f 3610/4224/3622 3611/4225/3621 3634/4226/3623 3612/4227/3624
f 3614/4228/3625 3613/4211/3612 3610/4223/3622 3612/4229/3624
f 3613/4211/3612 3614/4228/3625 3615/4206/3607 3596/4205/3606
f 3616/4230/3626 3595/4203/3604 3615/4206/3607 3614/4228/3625
f 3616/4230/3626 3614/4228/3625 3612/4229/3624 3617/4231/3627
f 3616/4230/3626 3591/4201/3600 3593/4200/3602 3595/4203/3604
f 3616/4232/3626 3617/4233/3627 3619/4199/3601 3591/4198/3600
f 3612/4227/3624 3634/4226/3623 3618/4234/3628 3617/4233/3627
f 3618/4234/3628 3620/4235/3629 3619/4199/3601 3617/4233/3627
f 3619/4199/3601 3620/4235/3629 3622/4191/3595 3587/4190/3594
f 3621/4236/3630 3620/4235/3629 3618/4234/3628 3635/4237/3631
f 3621/4236/3630 3623/4238/3632 3622/4191/3595 3620/4235/3629
f 3622/4191/3595 3623/4238/3632 3580/4178/3585 3582/4180/3587
f 3623/4238/3632 3621/4236/3630 3626/4239/3633 3624/4240/3634
f 3623/4238/3632 3624/4240/3634 3627/4179/3586 3580/4178/3585
f 3624/4240/3634 3625/4241/3635 3628/4242/3636 3627/4179/3586
f 3625/4241/3635 3624/4240/3634 3626/4239/3633 3637/4243/3637
f 3579/4169/3576 3627/4179/3586 3628/4242/3636 3569/4167/3574
f 3625/4241/3635 3630/4244/3638 3629/4245/3639 3628/4242/3636
f 3569/4167/3574 3628/4242/3636 3629/4245/3639 3567/4166/3573
f 3567/4166/3573 3629/4245/3639 3631/4246/3640 3565/4164/3571
f 3630/4244/3638 3632/4247/3641 3631/4246/3640 3629/4245/3639
f 3611/4222/3621 3609/4221/3620 3631/4248/3640 3632/4249/3641
f 3631/4246/3640 3609/4250/3620 3607/4165/3572 3565/4164/3571
f 3632/4247/3641 3633/4251/3642 3634/4226/3623 3611/4225/3621
f 3632/4247/3641 3630/4244/3638 3636/4252/3643 3633/4251/3642
f 3633/4251/3642 3635/4237/3631 3618/4234/3628 3634/4226/3623
f 3635/4237/3631 3633/4251/3642 3636/4252/3643 3637/4243/3637
f 3625/4241/3635 3637/4243/3637 3636/4252/3643 3630/4244/3638
f 3635/4237/3631 3637/4243/3637 3626/4239/3633 3621/4236/3630
f 3606/4216/3617 3604/4213/3614 3640/4253/3644 3638/4254/3645
f 3562/4255/3567 3564/4220/3568 3606/4216/3617 3638/4254/3645
f 3639/4256/3646 3560/4257/3565 3562/4255/3567 3638/4254/3645
f 3639/4256/3646 3638/4254/3645 3640/4253/3644 3641/4258/3647
f 3640/4253/3644 3642/4259/3648 3643/4260/3649 3641/4258/3647
f 3602/4214/3615 3642/4259/3648 3640/4253/3644 3604/4213/3614
f 3644/4261/3650 3645/4262/3651 3643/4260/3649 3642/4259/3648
f 3642/4259/3648 3602/4214/3615 3647/4215/3616 3644/4261/3650
f 3645/4263/3651 3644/4264/3650 3646/4265/3652 3654/4266/3653
f 3646/4265/3652 3644/4264/3650 3647/4267/3616 3648/4268/3654
f 3649/4195/3598 3648/4269/3654 3647/4215/3616 3598/4208/3609
f 3648/4269/3654 3649/4195/3598 3585/4184/3591 3650/4187/3592
f 3650/4187/3592 3651/4270/3655 3646/4271/3652 3648/4269/3654
f 3651/4272/3655 3650/4273/3592 3584/4183/3590 3653/4274/3656
f 3652/4132/3542 3654/4266/3653 3646/4265/3652 3651/4272/3655
f 3653/4274/3656 3539/4131/3541 3652/4132/3542 3651/4272/3655
f 3575/4174/3581 3542/4130/3540 3539/4131/3541 3653/4274/3656
f 3584/4183/3590 3577/4175/3582 3575/4174/3581 3653/4274/3656
f 3655/4275/3657 3654/4266/3653 3652/4132/3542 3540/4129/3539
f 3654/4266/3653 3655/4275/3657 3657/4276/3658 3645/4263/3651
f 3657/4276/3658 3655/4275/3657 3656/4277/3659 3658/4278/3660
f 3540/4129/3539 3537/4126/3536 3656/4277/3659 3655/4275/3657
f 3660/4279/3661 3659/4280/3662 3657/4281/3658 3658/4282/3660
f 3643/4260/3649 3645/4262/3651 3657/4281/3658 3659/4280/3662
f 3660/4279/3661 3663/4283/3663 3661/4284/3664 3659/4280/3662
f 3661/4284/3664 3641/4258/3647 3643/4260/3649 3659/4280/3662
f 3665/4285/3665 3662/4286/3666 3661/4284/3664 3663/4283/3663
f 3662/4286/3666 3639/4256/3646 3641/4258/3647 3661/4284/3664
f 3667/4287/3667 3665/4285/3665 3663/4283/3663 3664/4288/3668
f 3679/4289/3669 3664/4288/3668 3663/4283/3663 3660/4279/3661
f 3665/4285/3665 3666/4290/3670 3671/4291/3566 3662/4286/3666
f 3667/4287/3667 3668/4115/3526 3666/4290/3670 3665/4285/3665
f 3668/4115/3526 3667/4287/3667 3520/4106/3519 3522/4108/3521
f 3520/4106/3519 3667/4287/3667 3664/4288/3668 3517/4104/3517
f 3666/4290/3670 3668/4115/3526 3526/4114/3525 3670/4292/3671
f 3676/4293/3672 3669/4294/3673 3666/4290/3670 3670/4292/3671
f 3669/4294/3673 3672/4295/3674 3671/4291/3566 3666/4290/3670
f 3639/4256/3646 3662/4286/3666 3671/4291/3566 3560/4257/3565
f 3673/4149/3559 3556/4152/3560 3671/4291/3566 3672/4295/3674
f 3674/4296/3675 3673/4149/3559 3672/4295/3674 3669/4294/3673
f 3552/4150/3554 3673/4149/3559 3674/4296/3675 3675/4297/3555
f 3676/4293/3672 3675/4297/3555 3674/4296/3675 3669/4294/3673
f 3551/4142/3552 3675/4145/3555 3676/4298/3672 3677/4299/3676
f 3676/4298/3672 3670/4300/3671 3678/4121/3531 3677/4299/3676
f 3677/4299/3676 3547/4139/3549 3549/4140/3550 3551/4142/3552
f 3677/4299/3676 3678/4121/3531 3531/4120/3530 3547/4139/3549
f 3678/4121/3531 3670/4300/3671 3526/4117/3525 3528/4116/3527
f 3515/4103/3516 3517/4104/3517 3664/4288/3668 3679/4289/3669
f 3679/4289/3669 3680/4301/3677 3682/4102/3512 3515/4103/3516
f 3658/4282/3660 3680/4301/3677 3679/4289/3669 3660/4279/3661
f 3681/4302/3678 3509/4092/3510 3682/4094/3512 3680/4303/3677
f 3680/4303/3677 3658/4278/3660 3656/4277/3659 3681/4302/3678
f 3509/4092/3510 3681/4302/3678 3535/4125/3535 3507/4088/3506
f 3656/4277/3659 3537/4126/3536 3535/4125/3535 3681/4302/3678
f 3506/4089/3507 3500/4082/3500 3683/4076/3494 3495/4075/3493
