# Blender 4.3.2
# www.blender.org
o root.0
v -0.037639 0.114645 -0.600520
v -0.000013 0.115218 -0.602687
v -0.000013 0.160820 -0.592610
v -0.037181 0.160440 -0.590429
v -0.037252 0.208302 -0.586400
v -0.000013 0.208545 -0.588765
v -0.037979 0.150523 0.233631
v -0.000013 0.150233 0.236111
v -0.000013 0.109398 0.240118
v -0.038085 0.109443 0.237831
v -0.038868 0.074258 0.246848
v -0.000013 0.074418 0.249153
v -0.076245 0.109322 0.230830
v -0.077909 0.073806 0.240044
v -0.000013 0.045081 0.263751
v -0.040528 0.044739 0.261351
v -0.081011 0.044397 0.254146
v -0.116862 0.073526 0.228132
v -0.121484 0.043899 0.241958
v -0.043380 0.021565 0.284682
v -0.086644 0.021301 0.276905
v -0.129239 0.020867 0.263617
v -0.160526 0.042923 0.225112
v -0.170631 0.020166 0.246332
v -0.094133 0.007084 0.307259
v -0.140052 0.006996 0.293700
v -0.184657 0.006683 0.275101
v -0.210320 0.019895 0.224884
v -0.227132 0.006260 0.252146
v -0.152460 0.000950 0.328378
v -0.200707 0.000561 0.308503
v -0.246781 0.000270 0.284602
v -0.267054 0.006513 0.225423
v -0.290237 0.000312 0.256324
v -0.219156 0.003474 0.347429
v -0.269186 0.003607 0.322109
v -0.316453 0.003806 0.292310
v -0.330804 0.000280 0.224500
v -0.361093 0.004157 0.258814
v -0.292716 0.023593 0.361703
v -0.344067 0.024651 0.330112
v -0.392200 0.025290 0.293468
v -0.402319 0.004568 0.220389
v -0.437005 0.025866 0.252034
v -0.368233 0.057492 0.362024
v -0.419689 0.058761 0.322510
v -0.467041 0.059726 0.277538
v -0.476390 0.026457 0.205779
v -0.508908 0.060494 0.227367
v -0.441406 0.101003 0.344025
v -0.490609 0.102531 0.295928
v -0.533303 0.103945 0.242277
v -0.543898 0.061063 0.172509
v -0.569349 0.104635 0.184407
v -0.506245 0.150989 0.308308
v -0.550327 0.151990 0.252918
v -0.587046 0.153394 0.194193
v -0.598547 0.106232 0.124360
v -0.617771 0.156340 0.134089
v -0.556905 0.203071 0.259093
v -0.594411 0.206242 0.201062
v -0.625829 0.210508 0.140636
v -0.642961 0.159574 0.072755
v -0.651423 0.214347 0.077656
v -0.589878 0.254389 0.202460
v -0.621543 0.260029 0.141793
v -0.647598 0.264666 0.078323
v -0.672387 0.216242 0.012902
v -0.668224 0.266804 0.012673
v -0.613734 0.298693 0.141625
v -0.639437 0.304143 0.078559
v -0.659704 0.307462 0.013341
v -0.683592 0.267082 -0.054341
v -0.675077 0.309184 -0.053305
v -0.630233 0.337458 0.078672
v -0.650434 0.340686 0.014404
v -0.665607 0.344248 -0.051377
v -0.684349 0.310649 -0.120738
v -0.675258 0.347332 -0.118245
v -0.638260 0.371718 0.014651
v -0.653831 0.376090 -0.050056
v -0.663312 0.379536 -0.116152
v -0.679540 0.349407 -0.185608
v -0.667786 0.382076 -0.182852
v -0.629419 0.398176 -0.052183
v -0.639708 0.402395 -0.116294
v -0.645263 0.405817 -0.180997
v -0.666484 0.383122 -0.249722
v -0.645698 0.408237 -0.246178
v -0.607810 0.418891 -0.118218
v -0.614128 0.421755 -0.180114
v -0.615526 0.424267 -0.242794
v -0.640778 0.409730 -0.311339
v -0.611415 0.426037 -0.305683
v -0.575690 0.432376 -0.180618
v -0.578012 0.434444 -0.239735
v -0.575021 0.436246 -0.299709
v -0.602184 0.427203 -0.368256
v -0.566592 0.437314 -0.358967
v -0.536314 0.438102 -0.237178
v -0.533718 0.439709 -0.293179
v -0.526378 0.440881 -0.348938
v -0.553720 0.438073 -0.417955
v -0.515209 0.442016 -0.404932
v -0.493706 0.438316 -0.286692
v -0.486847 0.439528 -0.339098
v -0.476075 0.440443 -0.391564
v -0.499574 0.442352 -0.459911
v -0.461112 0.441019 -0.442774
v -0.450431 0.433842 -0.330026
v -0.439094 0.434717 -0.378700
v -0.423391 0.435014 -0.426245
v -0.441064 0.441539 -0.492635
v -0.403214 0.434880 -0.471640
v -0.407819 0.422788 -0.367226
v -0.391522 0.422226 -0.411402
v -0.371036 0.420789 -0.453770
v -0.379638 0.434360 -0.515468
v -0.347513 0.418674 -0.494017
v -0.371374 0.396018 -0.400257
v -0.350066 0.394265 -0.439399
v -0.325869 0.391272 -0.476007
v -0.321281 0.416697 -0.530781
v -0.300008 0.387490 -0.509988
v -0.336214 0.360217 -0.427821
v -0.310943 0.356865 -0.460858
v -0.283910 0.353032 -0.491770
v -0.271480 0.385536 -0.540750
v -0.254840 0.350485 -0.519863
v -0.301484 0.314209 -0.450047
v -0.273773 0.310666 -0.478636
v -0.244644 0.308014 -0.505154
v -0.223923 0.349634 -0.545023
v -0.214167 0.306719 -0.529105
v -0.268798 0.263176 -0.471188
v -0.240405 0.260724 -0.497808
v -0.210190 0.259198 -0.521485
v -0.181748 0.306262 -0.549283
v -0.178327 0.258334 -0.541684
v -0.239817 0.211708 -0.496123
v -0.209822 0.210228 -0.520085
v -0.177914 0.209087 -0.540305
v -0.144954 0.257507 -0.558274
v -0.144592 0.208232 -0.557166
v -0.211517 0.161173 -0.522660
v -0.179438 0.160062 -0.543480
v -0.145656 0.159491 -0.560891
v -0.109946 0.207870 -0.570877
v -0.110448 0.159502 -0.574808
v -0.183348 0.114002 -0.551522
v -0.148734 0.113773 -0.569800
v -0.112457 0.113678 -0.583967
v -0.074130 0.159849 -0.584612
v -0.075167 0.113968 -0.594163
v -0.153961 0.073291 -0.583327
v -0.116310 0.073091 -0.598422
v -0.077687 0.073337 -0.609404
v -0.038797 0.073690 -0.616118
v -0.122369 0.040569 -0.618736
v -0.081862 0.041105 -0.630325
v -0.040813 0.041603 -0.637278
v -0.000013 0.074296 -0.618540
v -0.000013 0.042361 -0.639328
v -0.088315 0.018972 -0.660238
v -0.044099 0.019369 -0.667544
v -0.000013 0.019831 -0.669537
v -0.048837 0.007551 -0.707480
v -0.000013 0.007796 -0.709211
v -0.051478 0.001194 0.351412
v -0.000013 0.001299 0.353434
v -0.000013 0.004108 0.394163
v -0.056199 0.004112 0.392144
v -0.060996 0.020802 0.435078
v -0.000013 0.020424 0.437395
v -0.111832 0.004004 0.383087
v -0.121564 0.021032 0.425764
v -0.000013 0.049553 0.475703
v -0.064998 0.050031 0.472766
v -0.129723 0.050714 0.462938
v -0.181159 0.021773 0.409686
v -0.193472 0.052186 0.446215
v -0.068269 0.087391 0.503353
v -0.136260 0.088154 0.492926
v -0.203538 0.090263 0.475806
v -0.254875 0.054092 0.423996
v -0.268549 0.093559 0.452390
v -0.141481 0.130330 0.514825
v -0.211320 0.133296 0.496871
v -0.279019 0.138101 0.472478
v -0.330366 0.096514 0.422768
v -0.342781 0.143320 0.441367
v -0.216331 0.178786 0.510162
v -0.284615 0.186450 0.484346
v -0.348552 0.194818 0.451342
v -0.401832 0.147269 0.403117
v -0.408298 0.199736 0.411843
v -0.280609 0.234872 0.483456
v -0.344091 0.242666 0.449871
v -0.404047 0.246209 0.410276
v -0.462808 0.201133 0.365602
v -0.458573 0.247609 0.364374
v -0.337030 0.279113 0.446363
v -0.397415 0.282151 0.407303
v -0.452022 0.283319 0.361990
v -0.508719 0.248556 0.314731
v -0.501543 0.285384 0.312978
v -0.390421 0.313011 0.403480
v -0.444929 0.315039 0.358857
v -0.493779 0.317655 0.310452
v -0.544789 0.288542 0.259334
v -0.537013 0.322190 0.257965
v -0.433720 0.341160 0.350332
v -0.481403 0.345706 0.303180
v -0.523644 0.351681 0.252077
v -0.574008 0.327711 0.201203
v -0.559746 0.357635 0.196431
v -0.459739 0.365250 0.286609
v -0.499195 0.371436 0.236934
v -0.534211 0.378389 0.184197
v -0.591544 0.362803 0.138464
v -0.565206 0.383762 0.128668
v -0.470390 0.389838 0.218309
v -0.503300 0.396598 0.168653
v -0.533451 0.402151 0.115837
v -0.592563 0.388393 0.071020
v -0.559632 0.406827 0.060812
v -0.464805 0.410686 0.147930
v -0.493303 0.416309 0.098549
v -0.518635 0.420690 0.046019
v -0.580854 0.411040 0.002740
v -0.539953 0.424459 -0.008896
v -0.457796 0.420251 0.082129
v -0.481404 0.424980 0.032079
v -0.501366 0.428690 -0.019894
v -0.556621 0.427521 -0.065092
v -0.516503 0.431526 -0.073245
v -0.451559 0.423754 0.021134
v -0.469123 0.427697 -0.028267
v -0.482146 0.430718 -0.079251
v -0.527214 0.434164 -0.127054
v -0.491076 0.433375 -0.130676
v -0.441030 0.422806 -0.035666
v -0.452435 0.426020 -0.084005
v -0.459033 0.428444 -0.133214
v -0.495915 0.435421 -0.182636
v -0.462284 0.430574 -0.182635
v -0.427328 0.413549 -0.088210
v -0.432637 0.416671 -0.135220
v -0.435016 0.418568 -0.182432
v -0.462362 0.431973 -0.232040
v -0.434001 0.419923 -0.229411
v -0.417169 0.392165 -0.137049
v -0.418651 0.394065 -0.182519
v -0.416798 0.395123 -0.227736
v -0.429287 0.421062 -0.275873
v -0.410853 0.396540 -0.272402
v -0.406007 0.365616 -0.182721
v -0.403405 0.366340 -0.226482
v -0.397675 0.366239 -0.269640
v -0.401202 0.397732 -0.316236
v -0.387676 0.365405 -0.311690
v -0.391732 0.330312 -0.225520
v -0.385887 0.328948 -0.267143
v -0.376451 0.326812 -0.307824
v -0.374888 0.364263 -0.352481
v -0.363826 0.324268 -0.347027
v -0.375933 0.281102 -0.265116
v -0.367027 0.278843 -0.304532
v -0.354847 0.276263 -0.342508
v -0.347148 0.321403 -0.384276
v -0.339553 0.273237 -0.378859
v -0.360050 0.225981 -0.302180
v -0.348619 0.223633 -0.339549
v -0.334157 0.221130 -0.375318
v -0.320002 0.269684 -0.412601
v -0.315942 0.218425 -0.408976
v -0.349470 0.170587 -0.339866
v -0.334609 0.168665 -0.375674
v -0.316155 0.166884 -0.409448
v -0.293229 0.215976 -0.440093
v -0.294124 0.165338 -0.441269
v -0.342219 0.119914 -0.380120
v -0.322749 0.118626 -0.414529
v -0.300045 0.117509 -0.446935
v -0.269191 0.163930 -0.471058
v -0.274473 0.116417 -0.477159
v -0.333176 0.077062 -0.422143
v -0.309721 0.076144 -0.455565
v -0.283583 0.075188 -0.486982
v -0.246473 0.115459 -0.504974
v -0.254841 0.074591 -0.515940
v -0.323933 0.042593 -0.467599
v -0.297327 0.042440 -0.500849
v -0.267555 0.041870 -0.531487
v -0.223676 0.074339 -0.541973
v -0.234770 0.041235 -0.558785
v -0.318443 0.019535 -0.521451
v -0.286797 0.019494 -0.554010
v -0.251874 0.018388 -0.583402
v -0.199584 0.040445 -0.582404
v -0.214162 0.017784 -0.609086
v -0.311356 0.006731 -0.582224
v -0.273709 0.006420 -0.614111
v -0.232935 0.006151 -0.642238
v -0.173797 0.018156 -0.630537
v -0.189867 0.006267 -0.665887
v -0.299922 0.002242 -0.650343
v -0.256068 0.002113 -0.680986
v -0.209708 0.002224 -0.707116
v -0.144324 0.006785 -0.684896
v -0.160198 0.002571 -0.728435
v -0.282640 0.011139 -0.724280
v -0.231998 0.010961 -0.752681
v -0.177645 0.010401 -0.775653
v -0.108336 0.002600 -0.744160
v -0.120433 0.010012 -0.792749
v -0.251909 0.033779 -0.795791
v -0.192505 0.033225 -0.819592
v -0.130456 0.032400 -0.837274
v -0.061179 0.009337 -0.803498
v -0.066052 0.031639 -0.847908
v -0.203700 0.067988 -0.856726
v -0.137620 0.067207 -0.874682
v -0.069420 0.066009 -0.885306
v -0.000013 0.030710 -0.850986
v -0.000013 0.065076 -0.888499
v -0.141853 0.111269 -0.901838
v -0.071234 0.110050 -0.912318
v -0.000013 0.109401 -0.915671
v -0.071920 0.160123 -0.928464
v -0.000013 0.159414 -0.931789
v -0.072857 0.172373 0.541165
v -0.000013 0.171589 0.545238
v -0.000013 0.215524 0.549431
v -0.073326 0.216332 0.544982
v -0.071189 0.257330 0.535082
v -0.000013 0.257298 0.539320
v -0.145304 0.218777 0.531610
v -0.140372 0.260058 0.520878
v -0.000013 0.294322 0.521084
v -0.067935 0.294085 0.517486
v -0.134295 0.295492 0.505755
v -0.206991 0.266022 0.501227
v -0.199336 0.299057 0.489220
v -0.064708 0.326433 0.495238
v -0.128483 0.326733 0.486650
v -0.191789 0.328044 0.472476
v -0.264375 0.304412 0.469038
v -0.256060 0.330304 0.454467
v -0.122190 0.348507 0.456336
v -0.183803 0.348076 0.445961
v -0.246192 0.348595 0.430584
v -0.320453 0.333982 0.429653
v -0.307374 0.350675 0.407593
v -0.175365 0.364439 0.416264
v -0.234968 0.364171 0.402662
v -0.292603 0.366012 0.381181
v -0.364681 0.354173 0.374528
v -0.345946 0.370114 0.350259
v -0.222684 0.377773 0.374235
v -0.275199 0.381220 0.351034
v -0.322712 0.386164 0.319417
v -0.392910 0.376340 0.310544
v -0.364341 0.392350 0.280952
v -0.256482 0.390407 0.320885
v -0.298113 0.394271 0.288484
v -0.335093 0.397389 0.251258
v -0.400893 0.398486 0.238914
v -0.369344 0.402654 0.212398
v -0.278184 0.392917 0.264200
v -0.314187 0.395287 0.230036
v -0.346755 0.401064 0.193417
v -0.401025 0.407806 0.171774
v -0.376815 0.406650 0.154464
v -0.295378 0.392691 0.211723
v -0.326255 0.399116 0.176632
v -0.355557 0.403861 0.139009
v -0.404340 0.413005 0.112508
v -0.381708 0.409216 0.098728
v -0.310225 0.388045 0.161907
v -0.338721 0.392809 0.125463
v -0.363806 0.397653 0.086430
v -0.405178 0.414354 0.056084
v -0.386006 0.402169 0.045588
v -0.327379 0.373316 0.114763
v -0.352442 0.377504 0.077146
v -0.373949 0.380450 0.037699
v -0.404447 0.406666 0.002824
v -0.391562 0.383804 -0.003596
v -0.342498 0.351748 0.068586
v -0.363740 0.355003 0.030718
v -0.380521 0.357648 -0.009507
v -0.404159 0.386959 -0.047001
v -0.392605 0.360506 -0.051630
v -0.353711 0.322047 0.023115
v -0.369691 0.324513 -0.015953
v -0.381314 0.327166 -0.056592
v -0.400600 0.362718 -0.094873
v -0.389101 0.329373 -0.098339
v -0.359943 0.279883 -0.022884
v -0.371258 0.281795 -0.062064
v -0.378951 0.283210 -0.102231
v -0.393657 0.330192 -0.140817
v -0.383681 0.283568 -0.143050
v -0.364950 0.229360 -0.066544
v -0.373368 0.230410 -0.105368
v -0.377871 0.230889 -0.145071
v -0.384788 0.283289 -0.184072
v -0.379099 0.230753 -0.184976
v -0.373761 0.176240 -0.107105
v -0.378691 0.176795 -0.146369
v -0.380051 0.176708 -0.185918
v -0.375892 0.229725 -0.224644
v -0.376643 0.175821 -0.225251
v -0.386010 0.126174 -0.147000
v -0.387489 0.126327 -0.187040
v -0.385005 0.125705 -0.227031
v -0.370274 0.174417 -0.264253
v -0.379253 0.124709 -0.266673
v -0.400215 0.082660 -0.188145
v -0.397882 0.082280 -0.229258
v -0.392086 0.081638 -0.269945
v -0.370342 0.123299 -0.305732
v -0.382639 0.080733 -0.309966
v -0.415519 0.046501 -0.231883
v -0.409388 0.045988 -0.274135
v -0.399724 0.045334 -0.315605
v -0.369607 0.079573 -0.348855
v -0.386150 0.044484 -0.356144
v -0.436782 0.020225 -0.280448
v -0.426386 0.020161 -0.324339
v -0.412177 0.019771 -0.367210
v -0.369004 0.043924 -0.395229
v -0.394107 0.019216 -0.408656
v -0.461595 0.007065 -0.335698
v -0.446375 0.007315 -0.381618
v -0.426998 0.006984 -0.425853
v -0.372142 0.019106 -0.448366
v -0.403536 0.006863 -0.468582
v -0.486668 0.002628 -0.397974
v -0.465796 0.002555 -0.446404
v -0.440518 0.002569 -0.492230
v -0.376282 0.006869 -0.509173
v -0.411064 0.002278 -0.535998
v -0.509876 0.009365 -0.468663
v -0.482700 0.009893 -0.519271
v -0.450671 0.010493 -0.566627
v -0.377850 0.002337 -0.577337
v -0.414540 0.011186 -0.611275
v -0.522493 0.032719 -0.543092
v -0.488513 0.033768 -0.594836
v -0.449083 0.034354 -0.642887
v -0.373986 0.011293 -0.652960
v -0.405756 0.034489 -0.687753
v -0.520366 0.067627 -0.617279
v -0.478697 0.068494 -0.668925
v -0.432367 0.069277 -0.716560
v -0.358468 0.034809 -0.728734
v -0.382261 0.069271 -0.760738
v -0.499797 0.112022 -0.686729
v -0.451654 0.112802 -0.737235
v -0.398718 0.113463 -0.783510
v -0.327198 0.069244 -0.799445
v -0.340858 0.113072 -0.824694
v -0.463731 0.161271 -0.749647
v -0.408717 0.162093 -0.797469
v -0.348146 0.162544 -0.839258
v -0.277627 0.112618 -0.857869
v -0.282763 0.162371 -0.873262
v -0.413805 0.212111 -0.803979
v -0.351985 0.212873 -0.846533
v -0.285257 0.213152 -0.881190
v -0.214238 0.161977 -0.899451
v -0.215496 0.213061 -0.907608
v -0.351954 0.261216 -0.845040
v -0.285823 0.261678 -0.880544
v -0.215797 0.262124 -0.906793
v -0.143858 0.212798 -0.925695
v -0.143981 0.262207 -0.924260
v -0.284932 0.303669 -0.875119
v -0.215714 0.304465 -0.901782
v -0.144235 0.304831 -0.919313
v -0.071946 0.262115 -0.934666
v -0.072154 0.305627 -0.929748
v -0.215366 0.338317 -0.896426
v -0.144435 0.339599 -0.914315
v -0.072454 0.341393 -0.924866
v -0.000013 0.305687 -0.933591
v -0.000013 0.342017 -0.928584
v -0.144127 0.370491 -0.908014
v -0.072530 0.373259 -0.918888
v -0.000013 0.374305 -0.922646
v -0.071605 0.396449 -0.906115
v -0.000013 0.397335 -0.909410
v -0.058450 0.367428 0.431772
v -0.000013 0.370197 0.434644
v -0.000013 0.380474 0.406979
v -0.055997 0.378772 0.405514
v -0.053316 0.385065 0.380371
v -0.000013 0.385707 0.381775
v -0.111457 0.377134 0.399218
v -0.106109 0.384706 0.373960
v -0.000013 0.384843 0.357180
v -0.050565 0.384855 0.355843
v -0.100922 0.384830 0.349303
v -0.158705 0.385031 0.363292
v -0.150053 0.385446 0.337879
v -0.047962 0.375401 0.333273
v -0.095879 0.375363 0.326368
v -0.142165 0.375613 0.314483
v -0.196793 0.387614 0.319913
v -0.185751 0.377728 0.296415
v -0.090729 0.360807 0.304464
v -0.134786 0.360632 0.292662
v -0.176291 0.362803 0.275241
v -0.225589 0.381487 0.272155
v -0.214280 0.366965 0.252798
v -0.127854 0.343418 0.272052
v -0.167972 0.345558 0.255794
v -0.204993 0.349100 0.235339
v -0.248834 0.373248 0.226332
v -0.239398 0.354531 0.211461
v -0.161125 0.321136 0.238811
v -0.197561 0.324998 0.219877
v -0.231861 0.330521 0.197605
v -0.270744 0.361623 0.182941
v -0.263168 0.336883 0.170548
v -0.191524 0.290589 0.205811
v -0.225079 0.295971 0.183520
v -0.256264 0.301957 0.157512
v -0.291948 0.342720 0.139267
v -0.284459 0.308058 0.127617
v -0.220317 0.252360 0.171445
v -0.250709 0.258000 0.145409
v -0.278124 0.263976 0.116161
v -0.310618 0.313942 0.095112
v -0.303368 0.269325 0.084623
v -0.246740 0.209819 0.136089
v -0.273944 0.214390 0.107354
v -0.298779 0.218549 0.076532
v -0.325577 0.273726 0.050828
v -0.320338 0.222197 0.043337
v -0.273733 0.163454 0.104283
v -0.298716 0.166695 0.073803
v -0.320270 0.169485 0.040699
v -0.338917 0.225288 0.008296
v -0.338791 0.171788 0.005829
v -0.303190 0.118373 0.075920
v -0.324979 0.120101 0.042316
v -0.344217 0.121717 0.007165
v -0.353753 0.173625 -0.030631
v -0.359988 0.123159 -0.029680
v -0.333932 0.078291 0.046921
v -0.353986 0.079217 0.011021
v -0.370982 0.080147 -0.026688
v -0.372165 0.124442 -0.067994
v -0.383820 0.081119 -0.065857
v -0.368642 0.044338 0.017636
v -0.386164 0.045360 -0.021508
v -0.399735 0.046028 -0.062148
v -0.393032 0.081972 -0.106151
v -0.409848 0.046496 -0.103796
v -0.410274 0.019502 -0.012227
v -0.425233 0.019882 -0.055040
v -0.436248 0.020072 -0.099246
v -0.415810 0.046738 -0.146218
v -0.442673 0.020048 -0.144404
v -0.459194 0.006177 -0.045048
v -0.471320 0.006364 -0.092836
v -0.478625 0.006386 -0.141588
v -0.445128 0.020306 -0.189852
v -0.481246 0.006642 -0.190659
v -0.511424 0.000967 -0.085458
v -0.519510 0.001502 -0.138177
v -0.522436 0.001837 -0.191024
v -0.479010 0.006690 -0.239722
v -0.520601 0.001894 -0.243893
v -0.563348 0.006997 -0.134174
v -0.566930 0.007673 -0.190591
v -0.565579 0.008059 -0.247181
v -0.514166 0.002215 -0.296596
v -0.559564 0.008057 -0.303931
v -0.607735 0.030759 -0.188708
v -0.607203 0.031068 -0.248677
v -0.602098 0.030658 -0.308485
v -0.548815 0.008344 -0.360253
v -0.591775 0.030431 -0.369225
v -0.641448 0.068565 -0.249243
v -0.636743 0.067563 -0.312572
v -0.626257 0.066255 -0.376547
v -0.574618 0.030972 -0.429579
v -0.609428 0.065682 -0.440258
v -0.666466 0.109996 -0.317975
v -0.654065 0.109060 -0.384076
v -0.636027 0.108899 -0.449442
v -0.586281 0.065895 -0.502189
v -0.611494 0.109409 -0.513102
v -0.672558 0.158417 -0.390473
v -0.653334 0.158162 -0.456339
v -0.627787 0.158287 -0.520739
v -0.580863 0.109808 -0.574618
v -0.595989 0.158665 -0.583003
v -0.660790 0.210600 -0.459743
v -0.635529 0.209935 -0.524566
v -0.602750 0.209927 -0.586729
v -0.557565 0.159340 -0.642043
v -0.564287 0.210111 -0.646097
v -0.632207 0.261478 -0.523197
v -0.599341 0.260809 -0.584683
v -0.561193 0.260263 -0.643636
v -0.520104 0.210471 -0.702340
v -0.517957 0.259636 -0.700190
v -0.591702 0.307391 -0.580221
v -0.554608 0.306152 -0.639228
v -0.511771 0.304260 -0.695372
v -0.468774 0.259756 -0.753537
v -0.463747 0.303184 -0.748475
v -0.547161 0.344822 -0.634458
v -0.504976 0.341718 -0.690353
v -0.457520 0.338515 -0.742612
v -0.409188 0.302350 -0.796179
v -0.404685 0.336959 -0.790138
v -0.497187 0.374740 -0.684871
v -0.450666 0.370348 -0.736481
v -0.399567 0.368026 -0.783969
v -0.346809 0.336897 -0.832930
v -0.343366 0.367305 -0.826820
v -0.440141 0.398238 -0.726881
v -0.390519 0.395526 -0.773682
v -0.335456 0.393477 -0.815252
v -0.281421 0.367310 -0.863198
v -0.275438 0.393370 -0.850809
v -0.374787 0.413951 -0.755301
v -0.322058 0.411905 -0.795376
v -0.264529 0.410683 -0.828891
v -0.210359 0.393280 -0.877363
v -0.202622 0.410521 -0.854566
v -0.305469 0.426640 -0.769860
v -0.251128 0.425517 -0.801621
v -0.192769 0.425371 -0.826291
v -0.137194 0.411193 -0.872485
v -0.130788 0.425388 -0.844151
v -0.233965 0.438015 -0.766497
v -0.179807 0.437643 -0.790477
v -0.122285 0.437611 -0.808519
v -0.066320 0.425804 -0.856005
v -0.062093 0.437493 -0.819986
v -0.162812 0.442317 -0.744395
v -0.110342 0.441711 -0.761191
v -0.055844 0.441114 -0.772130
v -0.000013 0.437578 -0.823022
v -0.000013 0.440943 -0.776671
v -0.099087 0.435692 -0.713226
v -0.049656 0.435187 -0.722666
v -0.000013 0.434351 -0.724895
v -0.045418 0.418562 -0.677537
v -0.000013 0.417912 -0.679863
v -0.042921 0.342382 0.289295
v -0.000013 0.341897 0.290974
v -0.000013 0.314974 0.272724
v -0.040996 0.315602 0.270834
v -0.039880 0.279513 0.256411
v -0.000013 0.278811 0.257903
v -0.081980 0.316849 0.264749
v -0.079572 0.280932 0.250364
v -0.000013 0.237583 0.246272
v -0.039020 0.238209 0.244262
v -0.077808 0.239686 0.238473
v -0.118664 0.283342 0.239966
v -0.115904 0.241847 0.228173
v -0.038369 0.194563 0.236018
v -0.076417 0.195824 0.229522
v -0.113702 0.197629 0.218725
v -0.152497 0.244449 0.213120
v -0.149620 0.199660 0.203681
v -0.075856 0.151161 0.226780
v -0.113097 0.152148 0.215864
v -0.148891 0.153450 0.200594
v -0.184357 0.202102 0.185087
v -0.183404 0.155224 0.181663
v -0.114083 0.109611 0.219463
v -0.150748 0.110288 0.204228
v -0.185617 0.111264 0.184687
v -0.216024 0.157585 0.159081
v -0.218732 0.112641 0.161940
v -0.154460 0.073491 0.212071
v -0.190130 0.073657 0.191882
v -0.224131 0.074406 0.168626
v -0.249398 0.114290 0.135679
v -0.255871 0.075382 0.142248
v -0.197890 0.042587 0.204489
v -0.233312 0.042837 0.180542
v -0.266212 0.043034 0.153270
v -0.285326 0.076459 0.113275
v -0.296525 0.043191 0.123216
v -0.247719 0.020105 0.199812
v -0.282465 0.020095 0.171161
v -0.314456 0.019859 0.139732
v -0.324069 0.043381 0.090697
v -0.343613 0.019341 0.105599
v -0.304157 0.006626 0.195018
v -0.338233 0.006355 0.161741
v -0.369519 0.005774 0.125494
v -0.369341 0.019099 0.068447
v -0.397844 0.005621 0.086491
v -0.368088 0.000283 0.189072
v -0.401872 0.000024 0.150171
v -0.431858 0.000000 0.108153
v -0.422414 0.005819 0.044805
v -0.458340 0.000157 0.063271
v -0.438837 0.004739 0.178317
v -0.471287 0.005159 0.132663
v -0.499422 0.005350 0.083968
v -0.480839 0.000298 0.016005
v -0.523116 0.005670 0.032113
v -0.510419 0.026826 0.155544
v -0.539326 0.026890 0.101820
v -0.562685 0.026916 0.045334
v -0.541797 0.005837 -0.022054
v -0.581020 0.027471 -0.012603
v -0.572814 0.061320 0.114561
v -0.595563 0.062319 0.055081
v -0.612844 0.064203 -0.005000
v -0.594150 0.028569 -0.071087
v -0.625670 0.066709 -0.065011
v -0.622088 0.108415 0.063784
v -0.641269 0.110279 0.002940
v -0.655912 0.112232 -0.058738
v -0.635471 0.068252 -0.124996
v -0.666379 0.112646 -0.121454
v -0.663409 0.161680 0.010124
v -0.679412 0.162736 -0.053953
v -0.689412 0.162459 -0.120087
v -0.672235 0.111868 -0.185962
v -0.694122 0.161109 -0.187522
v -0.687569 0.216337 -0.053512
v -0.697010 0.215221 -0.121430
v -0.701332 0.214037 -0.189715
v -0.693076 0.160176 -0.255496
v -0.699711 0.213129 -0.258093
v -0.692828 0.266248 -0.122223
v -0.696980 0.265721 -0.190304
v -0.695637 0.265268 -0.258355
v -0.692588 0.212333 -0.326253
v -0.688636 0.264787 -0.326022
v -0.688681 0.311554 -0.188423
v -0.687190 0.311514 -0.256164
v -0.679707 0.311000 -0.323455
v -0.675300 0.263724 -0.392807
v -0.666109 0.310340 -0.389636
v -0.677912 0.350254 -0.253079
v -0.670528 0.350192 -0.320059
v -0.656859 0.349429 -0.385852
v -0.648090 0.309295 -0.455071
v -0.639135 0.348844 -0.450977
v -0.659490 0.383228 -0.316158
v -0.647007 0.382887 -0.381808
v -0.628959 0.382481 -0.446457
v -0.614423 0.347734 -0.514322
v -0.604857 0.381523 -0.509490
v -0.630125 0.410309 -0.376167
v -0.613378 0.410048 -0.440072
v -0.590230 0.409378 -0.502439
v -0.574582 0.379948 -0.570408
v -0.560871 0.407554 -0.562756
v -0.587277 0.427718 -0.430135
v -0.566137 0.427160 -0.490997
v -0.538884 0.426019 -0.550139
v -0.525837 0.405234 -0.620786
v -0.505946 0.423659 -0.607109
v -0.535618 0.438240 -0.476412
v -0.511383 0.437229 -0.533765
v -0.481180 0.435489 -0.589048
v -0.467013 0.420277 -0.660785
v -0.444351 0.432976 -0.640770
v -0.477944 0.442318 -0.514194
v -0.451214 0.441992 -0.566607
v -0.417968 0.440928 -0.615712
v -0.402314 0.430198 -0.688505
v -0.378047 0.439738 -0.660914
v -0.415356 0.441792 -0.539997
v -0.385257 0.441947 -0.585356
v -0.349554 0.442495 -0.627319
v -0.333432 0.438893 -0.701568
v -0.307796 0.443417 -0.664194
v -0.351759 0.433565 -0.556750
v -0.319421 0.434239 -0.593992
v -0.282118 0.436081 -0.627238
v -0.261624 0.443804 -0.696044
v -0.239471 0.437610 -0.655894
v -0.291974 0.415612 -0.564296
v -0.258248 0.416799 -0.594370
v -0.219774 0.418801 -0.619802
v -0.194437 0.437306 -0.679527
v -0.178361 0.419663 -0.641041
v -0.239421 0.385712 -0.568119
v -0.203927 0.386549 -0.591380
v -0.165497 0.387205 -0.610896
v -0.134851 0.419828 -0.658074
v -0.125389 0.387197 -0.626241
v -0.190639 0.349313 -0.567020
v -0.154882 0.348925 -0.585385
v -0.117543 0.348340 -0.599784
v -0.084185 0.386734 -0.637380
v -0.078945 0.347704 -0.609908
v -0.147636 0.305509 -0.566545
v -0.112329 0.304585 -0.580300
v -0.075769 0.303626 -0.590212
v -0.039678 0.347245 -0.616326
v -0.038142 0.303208 -0.596559
v -0.110373 0.256661 -0.571963
v -0.074482 0.256210 -0.581702
v -0.037528 0.256142 -0.587887
v -0.000013 0.303313 -0.598616
v -0.000013 0.256215 -0.590241
v -0.074064 0.207994 -0.580546
v -0.000013 0.347421 -0.618430
v -0.042319 0.386318 -0.644288
v -0.000013 0.386381 -0.646906
v -0.090338 0.419338 -0.670146
v -0.147456 0.436267 -0.698823
v -0.213190 0.443091 -0.722695
v -0.285047 0.438543 -0.736984
v -0.355792 0.428033 -0.731749
v -0.423022 0.416481 -0.710023
v -0.485260 0.402151 -0.675894
v -0.538532 0.378148 -0.629066
v -0.583563 0.346838 -0.575500
v -0.623616 0.308202 -0.519023
v -0.656965 0.262520 -0.458683
v -0.679493 0.211439 -0.393458
v -0.685908 0.159178 -0.323438
v -0.672363 0.111187 -0.251641
v -0.641003 0.068519 -0.186465
v -0.603193 0.029822 -0.129686
v -0.554928 0.006373 -0.077698
v -0.498435 0.000540 -0.033701
v -0.442824 0.005947 0.000838
v -0.391787 0.019459 0.029127
v -0.347755 0.043494 0.055105
v -0.311484 0.077375 0.081438
v -0.277651 0.116296 0.106868
v -0.246154 0.160367 0.132956
v -0.216928 0.205501 0.162332
v -0.187533 0.247641 0.194295
v -0.156204 0.286510 0.224979
v -0.122377 0.318500 0.254160
v -0.085793 0.342709 0.283032
v -0.045375 0.361292 0.310919
v -0.000013 0.375260 0.334442
v -0.000013 0.361085 0.312298
v -0.069380 0.412175 -0.883902
v -0.000013 0.426319 -0.859447
v -0.000013 0.412585 -0.887427
v -0.141850 0.394553 -0.894912
v -0.214347 0.368105 -0.890421
v -0.283588 0.337788 -0.869387
v -0.349566 0.302648 -0.838999
v -0.413145 0.260426 -0.802195
v -0.469840 0.211138 -0.755183
v -0.513537 0.160252 -0.697780
v -0.543615 0.110619 -0.632936
v -0.556256 0.066920 -0.561362
v -0.551526 0.031658 -0.487616
v -0.531990 0.008590 -0.415260
v -0.502711 0.002506 -0.348142
v -0.472480 0.006769 -0.288217
v -0.442995 0.020421 -0.235472
v -0.417809 0.046878 -0.189190
v -0.398604 0.082558 -0.146985
v -0.380791 0.125478 -0.107222
v -0.365163 0.175115 -0.068474
v -0.353549 0.227676 -0.028529
v -0.344678 0.277137 0.014855
v -0.333844 0.318377 0.060125
v -0.318402 0.347878 0.104958
v -0.300076 0.368296 0.150220
v -0.279923 0.381307 0.195744
v -0.261567 0.386799 0.243320
v -0.239563 0.390035 0.294664
v -0.209556 0.387145 0.346243
v -0.167287 0.376228 0.389650
v -0.116565 0.365448 0.424983
v -0.061460 0.349935 0.462987
v -0.000013 0.327671 0.497798
v -0.000013 0.352052 0.465699
v -0.071978 0.212282 -0.936216
v -0.000013 0.262222 -0.938451
v -0.000013 0.211718 -0.939463
v -0.143597 0.161092 -0.918283
v -0.210916 0.112206 -0.883723
v -0.267390 0.068728 -0.831709
v -0.307329 0.034659 -0.765161
v -0.329975 0.011047 -0.691007
v -0.340798 0.002399 -0.615656
v -0.345473 0.006936 -0.547159
v -0.346810 0.019276 -0.486002
v -0.348095 0.043158 -0.432486
v -0.353084 0.078232 -0.386453
v -0.357844 0.121465 -0.343578
v -0.361093 0.172553 -0.302554
v -0.369115 0.228068 -0.263738
v -0.382018 0.282626 -0.224995
v -0.394605 0.330413 -0.183177
v -0.404868 0.364632 -0.138824
v -0.412354 0.389918 -0.091702
v -0.418120 0.410430 -0.042199
v -0.425127 0.418901 0.011230
v -0.429384 0.419204 0.068275
v -0.430932 0.414654 0.128494
v -0.433717 0.404292 0.194556
v -0.434151 0.383173 0.266155
v -0.415300 0.359498 0.333095
v -0.380526 0.337466 0.393914
v -0.329577 0.309653 0.441212
v -0.272513 0.272603 0.477174
v -0.214422 0.224996 0.510735
v -0.145289 0.174215 0.529204
v -0.070781 0.128931 0.526125
v -0.000013 0.087219 0.506797
v -0.000013 0.128721 0.530214
v -0.054897 0.002712 -0.754269
v -0.000013 0.008674 -0.805913
v -0.000013 0.002740 -0.756387
v -0.097218 0.006952 -0.698576
v -0.131651 0.018523 -0.647738
v -0.161927 0.040345 -0.602753
v -0.189937 0.073804 -0.564436
v -0.216123 0.114627 -0.529981
v -0.241585 0.162524 -0.498387
v -0.267563 0.213659 -0.469074
v -0.295746 0.266190 -0.443075
v -0.326376 0.317869 -0.418944
v -0.357793 0.362770 -0.391508
v -0.388185 0.397226 -0.358860
v -0.420629 0.422294 -0.321962
v -0.458171 0.433040 -0.280874
v -0.496780 0.437145 -0.234685
v -0.534061 0.436177 -0.181931
v -0.568561 0.430319 -0.122235
v -0.596955 0.415299 -0.056950
v -0.613899 0.393066 0.010414
v -0.617660 0.367204 0.077612
v -0.605137 0.333024 0.141265
v -0.582277 0.293163 0.202103
v -0.552255 0.250514 0.260165
v -0.512885 0.201470 0.314742
v -0.456215 0.149390 0.358369
v -0.387911 0.099310 0.386426
v -0.313365 0.056041 0.396011
v -0.238382 0.022380 0.388175
v -0.166543 0.003776 0.367877
v -0.102576 0.001072 0.342950
v -0.047195 0.007399 0.315686
v -0.000013 0.021892 0.286845
v -0.000013 0.007725 0.317667
v -0.000013 0.194036 0.238434
v 0.037154 0.160440 -0.590429
v 0.037612 0.114645 -0.600520
v 0.037225 0.208302 -0.586400
v 0.038059 0.109443 0.237831
v 0.037953 0.150523 0.233631
v 0.038841 0.074258 0.246848
v 0.077882 0.073806 0.240044
v 0.076218 0.109322 0.230830
v 0.040501 0.044739 0.261351
v 0.080985 0.044397 0.254146
v 0.121458 0.043899 0.241958
v 0.116835 0.073526 0.228132
v 0.086617 0.021301 0.276905
v 0.043353 0.021565 0.284682
v 0.129212 0.020867 0.263617
v 0.170604 0.020166 0.246332
v 0.160499 0.042923 0.225112
v 0.140026 0.006996 0.293700
v 0.094106 0.007084 0.307259
v 0.184630 0.006683 0.275101
v 0.227105 0.006260 0.252146
v 0.210293 0.019895 0.224884
v 0.200680 0.000561 0.308503
v 0.152433 0.000950 0.328378
v 0.246755 0.000270 0.284602
v 0.290211 0.000312 0.256324
v 0.267027 0.006513 0.225423
v 0.269159 0.003607 0.322109
v 0.219129 0.003474 0.347429
v 0.316426 0.003806 0.292310
v 0.361067 0.004157 0.258814
v 0.330777 0.000280 0.224500
v 0.344040 0.024651 0.330112
v 0.292690 0.023593 0.361703
v 0.392173 0.025290 0.293468
v 0.436978 0.025866 0.252034
v 0.402292 0.004568 0.220389
v 0.419662 0.058761 0.322510
v 0.368206 0.057492 0.362024
v 0.467015 0.059726 0.277538
v 0.508881 0.060494 0.227367
v 0.476363 0.026457 0.205779
v 0.490582 0.102531 0.295928
v 0.441379 0.101003 0.344025
v 0.533276 0.103945 0.242277
v 0.569323 0.104635 0.184407
v 0.543871 0.061063 0.172509
v 0.550300 0.151990 0.252918
v 0.506219 0.150989 0.308308
v 0.587019 0.153394 0.194193
v 0.617745 0.156340 0.134089
v 0.598520 0.106232 0.124360
v 0.594384 0.206242 0.201062
v 0.556879 0.203071 0.259093
v 0.625802 0.210508 0.140636
v 0.651396 0.214347 0.077656
v 0.642934 0.159574 0.072755
v 0.621516 0.260029 0.141793
v 0.589851 0.254389 0.202460
v 0.647571 0.264666 0.078323
v 0.668198 0.266804 0.012673
v 0.672360 0.216242 0.012902
v 0.639410 0.304143 0.078559
v 0.613708 0.298693 0.141625
v 0.659677 0.307462 0.013341
v 0.675050 0.309184 -0.053305
v 0.683565 0.267082 -0.054341
v 0.650407 0.340686 0.014404
v 0.630206 0.337458 0.078672
v 0.665580 0.344248 -0.051377
v 0.675232 0.347332 -0.118245
v 0.684322 0.310649 -0.120738
v 0.653805 0.376090 -0.050056
v 0.638233 0.371718 0.014651
v 0.663285 0.379536 -0.116152
v 0.667760 0.382076 -0.182852
v 0.679514 0.349407 -0.185608
v 0.639681 0.402395 -0.116294
v 0.629393 0.398176 -0.052183
v 0.645236 0.405817 -0.180997
v 0.645672 0.408237 -0.246178
v 0.666457 0.383122 -0.249722
v 0.614102 0.421755 -0.180114
v 0.607783 0.418891 -0.118218
v 0.615499 0.424267 -0.242794
v 0.611388 0.426037 -0.305683
v 0.640751 0.409730 -0.311339
v 0.577986 0.434444 -0.239735
v 0.575663 0.432376 -0.180618
v 0.574994 0.436246 -0.299709
v 0.566565 0.437314 -0.358967
v 0.602157 0.427203 -0.368256
v 0.533691 0.439709 -0.293179
v 0.536287 0.438102 -0.237178
v 0.526351 0.440881 -0.348938
v 0.515183 0.442016 -0.404932
v 0.553694 0.438073 -0.417955
v 0.486820 0.439528 -0.339098
v 0.493679 0.438316 -0.286692
v 0.476048 0.440443 -0.391564
v 0.461085 0.441019 -0.442774
v 0.499547 0.442352 -0.459911
v 0.439067 0.434717 -0.378700
v 0.450404 0.433842 -0.330026
v 0.423364 0.435014 -0.426245
v 0.403187 0.434880 -0.471640
v 0.441037 0.441539 -0.492635
v 0.391496 0.422226 -0.411402
v 0.407792 0.422788 -0.367226
v 0.371009 0.420789 -0.453770
v 0.347486 0.418674 -0.494017
v 0.379612 0.434360 -0.515468
v 0.350039 0.394265 -0.439399
v 0.371347 0.396018 -0.400257
v 0.325842 0.391272 -0.476007
v 0.299982 0.387490 -0.509988
v 0.321254 0.416697 -0.530781
v 0.310916 0.356865 -0.460858
v 0.336188 0.360217 -0.427821
v 0.283884 0.353032 -0.491770
v 0.254814 0.350485 -0.519863
v 0.271453 0.385536 -0.540750
v 0.273746 0.310666 -0.478636
v 0.301457 0.314209 -0.450047
v 0.244617 0.308014 -0.505154
v 0.214140 0.306719 -0.529105
v 0.223896 0.349634 -0.545023
v 0.240379 0.260724 -0.497808
v 0.268771 0.263176 -0.471188
v 0.210164 0.259198 -0.521485
v 0.178301 0.258334 -0.541684
v 0.181721 0.306262 -0.549283
v 0.209796 0.210228 -0.520085
v 0.239790 0.211708 -0.496123
v 0.177887 0.209087 -0.540305
v 0.144566 0.208232 -0.557166
v 0.144927 0.257507 -0.558274
v 0.179412 0.160062 -0.543480
v 0.211490 0.161173 -0.522660
v 0.145630 0.159491 -0.560891
v 0.110421 0.159502 -0.574808
v 0.109919 0.207870 -0.570877
v 0.148708 0.113773 -0.569800
v 0.183322 0.114002 -0.551522
v 0.112430 0.113678 -0.583967
v 0.075140 0.113968 -0.594163
v 0.074103 0.159849 -0.584612
v 0.116284 0.073091 -0.598422
v 0.153934 0.073291 -0.583327
v 0.077660 0.073337 -0.609404
v 0.038770 0.073690 -0.616118
v 0.081835 0.041105 -0.630325
v 0.122342 0.040569 -0.618736
v 0.040787 0.041603 -0.637278
v 0.044072 0.019369 -0.667544
v 0.088288 0.018972 -0.660238
v 0.048810 0.007551 -0.707480
v 0.056172 0.004112 0.392144
v 0.051451 0.001194 0.351412
v 0.060969 0.020802 0.435078
v 0.121538 0.021032 0.425764
v 0.111805 0.004004 0.383087
v 0.064971 0.050031 0.472766
v 0.129696 0.050714 0.462938
v 0.193445 0.052186 0.446215
v 0.181132 0.021773 0.409686
v 0.136233 0.088154 0.492926
v 0.068242 0.087391 0.503353
v 0.203511 0.090263 0.475806
v 0.268522 0.093559 0.452390
v 0.254848 0.054092 0.423996
v 0.211293 0.133296 0.496871
v 0.141455 0.130330 0.514825
v 0.278992 0.138101 0.472478
v 0.342755 0.143320 0.441367
v 0.330339 0.096514 0.422768
v 0.284589 0.186450 0.484346
v 0.216304 0.178786 0.510162
v 0.348525 0.194818 0.451342
v 0.408271 0.199736 0.411843
v 0.401806 0.147269 0.403117
v 0.344064 0.242666 0.449871
v 0.280583 0.234872 0.483456
v 0.404020 0.246209 0.410276
v 0.458546 0.247609 0.364374
v 0.462781 0.201133 0.365602
v 0.397389 0.282151 0.407303
v 0.337003 0.279113 0.446363
v 0.451995 0.283319 0.361990
v 0.501516 0.285384 0.312978
v 0.508692 0.248556 0.314731
v 0.444903 0.315039 0.358857
v 0.390395 0.313011 0.403480
v 0.493752 0.317655 0.310452
v 0.536986 0.322190 0.257965
v 0.544762 0.288542 0.259334
v 0.481376 0.345706 0.303180
v 0.433693 0.341160 0.350332
v 0.523617 0.351681 0.252077
v 0.559720 0.357635 0.196431
v 0.573981 0.327711 0.201203
v 0.499168 0.371436 0.236934
v 0.459712 0.365250 0.286609
v 0.534184 0.378389 0.184197
v 0.565179 0.383762 0.128668
v 0.591517 0.362803 0.138464
v 0.503273 0.396598 0.168653
v 0.470363 0.389838 0.218309
v 0.533425 0.402151 0.115837
v 0.559605 0.406827 0.060812
v 0.592537 0.388393 0.071020
v 0.493276 0.416309 0.098549
v 0.464778 0.410686 0.147930
v 0.518608 0.420690 0.046019
v 0.539926 0.424459 -0.008896
v 0.580827 0.411040 0.002740
v 0.481377 0.424980 0.032079
v 0.457769 0.420251 0.082129
v 0.501339 0.428690 -0.019894
v 0.516477 0.431526 -0.073245
v 0.556594 0.427521 -0.065092
v 0.469096 0.427697 -0.028267
v 0.451533 0.423754 0.021134
v 0.482119 0.430718 -0.079251
v 0.491049 0.433375 -0.130676
v 0.527188 0.434164 -0.127054
v 0.452408 0.426020 -0.084005
v 0.441004 0.422806 -0.035666
v 0.459006 0.428444 -0.133214
v 0.462257 0.430574 -0.182635
v 0.495888 0.435421 -0.182636
v 0.432611 0.416671 -0.135220
v 0.427302 0.413549 -0.088210
v 0.434989 0.418568 -0.182432
v 0.433974 0.419923 -0.229411
v 0.462335 0.431973 -0.232040
v 0.418624 0.394065 -0.182519
v 0.417143 0.392165 -0.137049
v 0.416771 0.395123 -0.227736
v 0.410826 0.396540 -0.272402
v 0.429260 0.421062 -0.275873
v 0.403378 0.366340 -0.226482
v 0.405980 0.365616 -0.182721
v 0.397648 0.366239 -0.269640
v 0.387649 0.365405 -0.311690
v 0.401175 0.397732 -0.316236
v 0.385860 0.328948 -0.267143
v 0.391705 0.330312 -0.225520
v 0.376425 0.326812 -0.307824
v 0.363799 0.324268 -0.347027
v 0.374861 0.364263 -0.352481
v 0.367000 0.278843 -0.304532
v 0.375907 0.281102 -0.265116
v 0.354820 0.276263 -0.342508
v 0.339526 0.273237 -0.378859
v 0.347121 0.321403 -0.384276
v 0.348593 0.223633 -0.339549
v 0.360023 0.225981 -0.302180
v 0.334130 0.221130 -0.375318
v 0.315915 0.218425 -0.408976
v 0.319976 0.269684 -0.412601
v 0.334582 0.168665 -0.375674
v 0.349443 0.170587 -0.339866
v 0.316129 0.166884 -0.409448
v 0.294097 0.165338 -0.441269
v 0.293202 0.215976 -0.440093
v 0.322723 0.118626 -0.414529
v 0.342192 0.119914 -0.380120
v 0.300019 0.117509 -0.446935
v 0.274446 0.116417 -0.477159
v 0.269164 0.163930 -0.471058
v 0.309694 0.076144 -0.455565
v 0.333150 0.077062 -0.422143
v 0.283556 0.075188 -0.486982
v 0.254814 0.074591 -0.515940
v 0.246447 0.115459 -0.504974
v 0.297301 0.042440 -0.500849
v 0.323906 0.042593 -0.467599
v 0.267528 0.041870 -0.531487
v 0.234743 0.041235 -0.558785
v 0.223649 0.074339 -0.541973
v 0.286770 0.019494 -0.554010
v 0.318416 0.019535 -0.521451
v 0.251847 0.018388 -0.583402
v 0.214135 0.017784 -0.609086
v 0.199557 0.040445 -0.582404
v 0.273682 0.006420 -0.614111
v 0.311330 0.006731 -0.582224
v 0.232908 0.006151 -0.642238
v 0.189841 0.006267 -0.665887
v 0.173770 0.018156 -0.630537
v 0.256041 0.002113 -0.680986
v 0.299896 0.002242 -0.650343
v 0.209681 0.002224 -0.707116
v 0.160171 0.002571 -0.728435
v 0.144298 0.006785 -0.684896
v 0.231971 0.010961 -0.752681
v 0.282613 0.011139 -0.724280
v 0.177618 0.010401 -0.775653
v 0.120406 0.010012 -0.792749
v 0.108310 0.002600 -0.744160
v 0.192478 0.033225 -0.819592
v 0.251882 0.033779 -0.795791
v 0.130429 0.032400 -0.837274
v 0.066025 0.031639 -0.847908
v 0.061152 0.009337 -0.803498
v 0.137594 0.067207 -0.874682
v 0.203673 0.067988 -0.856726
v 0.069394 0.066009 -0.885306
v 0.071207 0.110050 -0.912318
v 0.141826 0.111269 -0.901838
v 0.071893 0.160123 -0.928464
v 0.073300 0.216332 0.544982
v 0.072831 0.172373 0.541165
v 0.071163 0.257330 0.535082
v 0.140345 0.260058 0.520878
v 0.145278 0.218777 0.531610
v 0.067908 0.294085 0.517486
v 0.134268 0.295492 0.505755
v 0.199310 0.299057 0.489220
v 0.206964 0.266022 0.501227
v 0.128457 0.326733 0.486650
v 0.064681 0.326433 0.495238
v 0.191762 0.328044 0.472476
v 0.256034 0.330304 0.454467
v 0.264348 0.304412 0.469038
v 0.183776 0.348076 0.445961
v 0.122163 0.348507 0.456336
v 0.246165 0.348595 0.430584
v 0.307347 0.350675 0.407593
v 0.320426 0.333982 0.429653
v 0.234941 0.364171 0.402662
v 0.175339 0.364439 0.416264
v 0.292576 0.366012 0.381181
v 0.345919 0.370114 0.350259
v 0.364654 0.354173 0.374528
v 0.275172 0.381220 0.351034
v 0.222658 0.377773 0.374235
v 0.322686 0.386164 0.319417
v 0.364314 0.392350 0.280952
v 0.392884 0.376340 0.310544
v 0.298086 0.394271 0.288484
v 0.256455 0.390407 0.320885
v 0.335066 0.397389 0.251258
v 0.369318 0.402654 0.212398
v 0.400866 0.398486 0.238914
v 0.314160 0.395287 0.230036
v 0.278158 0.392917 0.264200
v 0.346729 0.401064 0.193417
v 0.376788 0.406650 0.154464
v 0.400999 0.407806 0.171774
v 0.326228 0.399116 0.176632
v 0.295352 0.392691 0.211723
v 0.355530 0.403861 0.139009
v 0.381682 0.409216 0.098728
v 0.404314 0.413005 0.112508
v 0.338694 0.392809 0.125463
v 0.310198 0.388045 0.161907
v 0.363780 0.397653 0.086430
v 0.385980 0.402169 0.045588
v 0.405151 0.414354 0.056084
v 0.352415 0.377504 0.077146
v 0.327352 0.373316 0.114763
v 0.373923 0.380450 0.037699
v 0.391535 0.383804 -0.003596
v 0.404421 0.406666 0.002824
v 0.363713 0.355003 0.030718
v 0.342471 0.351748 0.068586
v 0.380494 0.357648 -0.009507
v 0.392578 0.360506 -0.051630
v 0.404132 0.386959 -0.047001
v 0.369665 0.324513 -0.015953
v 0.353685 0.322047 0.023115
v 0.381287 0.327166 -0.056592
v 0.389074 0.329373 -0.098339
v 0.400573 0.362718 -0.094873
v 0.371231 0.281795 -0.062064
v 0.359916 0.279883 -0.022884
v 0.378925 0.283210 -0.102231
v 0.383655 0.283568 -0.143050
v 0.393630 0.330192 -0.140817
v 0.373341 0.230410 -0.105368
v 0.364923 0.229360 -0.066544
v 0.377845 0.230889 -0.145071
v 0.379072 0.230753 -0.184976
v 0.384761 0.283289 -0.184072
v 0.378664 0.176795 -0.146369
v 0.373735 0.176240 -0.107105
v 0.380024 0.176708 -0.185918
v 0.376617 0.175821 -0.225251
v 0.375865 0.229725 -0.224644
v 0.387462 0.126327 -0.187040
v 0.385983 0.126174 -0.147000
v 0.384978 0.125705 -0.227031
v 0.379226 0.124709 -0.266673
v 0.370247 0.174417 -0.264253
v 0.397855 0.082280 -0.229258
v 0.400188 0.082660 -0.188145
v 0.392059 0.081638 -0.269945
v 0.382612 0.080733 -0.309966
v 0.370315 0.123299 -0.305732
v 0.409361 0.045988 -0.274135
v 0.415492 0.046501 -0.231883
v 0.399697 0.045334 -0.315605
v 0.386123 0.044484 -0.356144
v 0.369580 0.079573 -0.348855
v 0.426359 0.020161 -0.324339
v 0.436756 0.020225 -0.280448
v 0.412151 0.019771 -0.367210
v 0.394080 0.019216 -0.408656
v 0.368977 0.043924 -0.395229
v 0.446349 0.007315 -0.381618
v 0.461569 0.007065 -0.335698
v 0.426971 0.006984 -0.425853
v 0.403509 0.006863 -0.468582
v 0.372115 0.019106 -0.448366
v 0.465769 0.002555 -0.446404
v 0.486641 0.002628 -0.397974
v 0.440491 0.002569 -0.492230
v 0.411037 0.002278 -0.535998
v 0.376256 0.006869 -0.509173
v 0.482673 0.009893 -0.519271
v 0.509849 0.009365 -0.468663
v 0.450644 0.010493 -0.566627
v 0.414513 0.011186 -0.611275
v 0.377824 0.002337 -0.577337
v 0.488486 0.033768 -0.594836
v 0.522466 0.032719 -0.543092
v 0.449056 0.034354 -0.642887
v 0.405729 0.034489 -0.687753
v 0.373959 0.011293 -0.652960
v 0.478671 0.068494 -0.668925
v 0.520340 0.067627 -0.617279
v 0.432340 0.069277 -0.716560
v 0.382234 0.069271 -0.760738
v 0.358442 0.034809 -0.728734
v 0.451628 0.112802 -0.737235
v 0.499771 0.112022 -0.686729
v 0.398691 0.113463 -0.783510
v 0.340831 0.113072 -0.824694
v 0.327171 0.069244 -0.799445
v 0.408691 0.162093 -0.797469
v 0.463704 0.161271 -0.749647
v 0.348120 0.162544 -0.839258
v 0.282736 0.162371 -0.873262
v 0.277600 0.112618 -0.857869
v 0.351958 0.212873 -0.846533
v 0.413779 0.212111 -0.803979
v 0.285230 0.213152 -0.881190
v 0.215470 0.213061 -0.907608
v 0.214211 0.161977 -0.899451
v 0.285797 0.261678 -0.880544
v 0.351927 0.261216 -0.845040
v 0.215770 0.262124 -0.906793
v 0.143954 0.262207 -0.924260
v 0.143831 0.212798 -0.925695
v 0.215688 0.304465 -0.901782
v 0.284905 0.303669 -0.875119
v 0.144209 0.304831 -0.919313
v 0.072127 0.305627 -0.929748
v 0.071920 0.262115 -0.934666
v 0.144408 0.339599 -0.914315
v 0.215339 0.338317 -0.896426
v 0.072427 0.341393 -0.924866
v 0.072503 0.373259 -0.918888
v 0.144101 0.370491 -0.908014
v 0.071578 0.396449 -0.906115
v 0.055971 0.378772 0.405514
v 0.058423 0.367428 0.431772
v 0.053289 0.385065 0.380371
v 0.106082 0.384706 0.373960
v 0.111430 0.377134 0.399218
v 0.050538 0.384855 0.355843
v 0.100895 0.384830 0.349303
v 0.150027 0.385446 0.337879
v 0.158679 0.385031 0.363292
v 0.095852 0.375363 0.326368
v 0.047936 0.375401 0.333273
v 0.142138 0.375613 0.314483
v 0.185724 0.377728 0.296415
v 0.196766 0.387614 0.319913
v 0.134760 0.360632 0.292662
v 0.090703 0.360807 0.304464
v 0.176264 0.362803 0.275241
v 0.214254 0.366965 0.252798
v 0.225562 0.381487 0.272155
v 0.167945 0.345558 0.255794
v 0.127827 0.343418 0.272052
v 0.204966 0.349100 0.235339
v 0.239371 0.354531 0.211461
v 0.248807 0.373248 0.226332
v 0.197535 0.324998 0.219877
v 0.161098 0.321136 0.238811
v 0.231834 0.330521 0.197605
v 0.263141 0.336883 0.170548
v 0.270717 0.361623 0.182941
v 0.225052 0.295971 0.183520
v 0.191498 0.290589 0.205811
v 0.256238 0.301957 0.157512
v 0.284432 0.308058 0.127617
v 0.291922 0.342720 0.139267
v 0.250682 0.258000 0.145409
v 0.220291 0.252360 0.171445
v 0.278097 0.263976 0.116161
v 0.303341 0.269325 0.084623
v 0.310591 0.313942 0.095112
v 0.273917 0.214390 0.107354
v 0.246713 0.209819 0.136089
v 0.298753 0.218549 0.076532
v 0.320312 0.222197 0.043337
v 0.325551 0.273726 0.050828
v 0.298690 0.166695 0.073803
v 0.273707 0.163454 0.104283
v 0.320244 0.169485 0.040699
v 0.338764 0.171788 0.005829
v 0.338890 0.225288 0.008296
v 0.324952 0.120101 0.042316
v 0.303163 0.118373 0.075920
v 0.344190 0.121717 0.007165
v 0.359961 0.123159 -0.029680
v 0.353726 0.173625 -0.030631
v 0.353959 0.079217 0.011021
v 0.333905 0.078291 0.046921
v 0.370955 0.080147 -0.026688
v 0.383793 0.081119 -0.065857
v 0.372138 0.124442 -0.067994
v 0.386137 0.045360 -0.021508
v 0.368615 0.044338 0.017636
v 0.399708 0.046028 -0.062148
v 0.409821 0.046496 -0.103796
v 0.393005 0.081972 -0.106151
v 0.425207 0.019882 -0.055040
v 0.410248 0.019502 -0.012227
v 0.436221 0.020072 -0.099246
v 0.442646 0.020048 -0.144404
v 0.415784 0.046738 -0.146218
v 0.471294 0.006364 -0.092836
v 0.459168 0.006177 -0.045048
v 0.478599 0.006386 -0.141588
v 0.481219 0.006642 -0.190659
v 0.445101 0.020306 -0.189852
v 0.519483 0.001502 -0.138177
v 0.511398 0.000967 -0.085458
v 0.522409 0.001837 -0.191024
v 0.520575 0.001894 -0.243893
v 0.478983 0.006690 -0.239722
v 0.566903 0.007673 -0.190591
v 0.563321 0.006997 -0.134174
v 0.565553 0.008059 -0.247181
v 0.559537 0.008057 -0.303931
v 0.514139 0.002215 -0.296596
v 0.607177 0.031068 -0.248677
v 0.607708 0.030759 -0.188708
v 0.602072 0.030658 -0.308485
v 0.591748 0.030431 -0.369225
v 0.548789 0.008344 -0.360253
v 0.636716 0.067563 -0.312572
v 0.641421 0.068565 -0.249243
v 0.626231 0.066255 -0.376547
v 0.609401 0.065682 -0.440258
v 0.574591 0.030972 -0.429579
v 0.654038 0.109060 -0.384076
v 0.666439 0.109996 -0.317975
v 0.636000 0.108899 -0.449442
v 0.611467 0.109409 -0.513102
v 0.586254 0.065895 -0.502189
v 0.653307 0.158162 -0.456339
v 0.672532 0.158417 -0.390473
v 0.627760 0.158287 -0.520739
v 0.595962 0.158665 -0.583003
v 0.580836 0.109808 -0.574618
v 0.635502 0.209935 -0.524566
v 0.660763 0.210600 -0.459743
v 0.602723 0.209927 -0.586729
v 0.564260 0.210111 -0.646097
v 0.557538 0.159340 -0.642043
v 0.599315 0.260809 -0.584683
v 0.632180 0.261478 -0.523197
v 0.561167 0.260263 -0.643636
v 0.517931 0.259636 -0.700190
v 0.520077 0.210471 -0.702340
v 0.554582 0.306152 -0.639228
v 0.591676 0.307391 -0.580221
v 0.511744 0.304260 -0.695372
v 0.463720 0.303184 -0.748475
v 0.468748 0.259756 -0.753537
v 0.504949 0.341718 -0.690353
v 0.547134 0.344822 -0.634458
v 0.457493 0.338515 -0.742612
v 0.404658 0.336959 -0.790138
v 0.409161 0.302350 -0.796179
v 0.450639 0.370348 -0.736481
v 0.497160 0.374740 -0.684871
v 0.399540 0.368026 -0.783969
v 0.343339 0.367305 -0.826820
v 0.346782 0.336897 -0.832930
v 0.390493 0.395526 -0.773682
v 0.440115 0.398238 -0.726881
v 0.335429 0.393477 -0.815252
v 0.275412 0.393370 -0.850809
v 0.281395 0.367310 -0.863198
v 0.322031 0.411905 -0.795376
v 0.374761 0.413951 -0.755301
v 0.264503 0.410683 -0.828891
v 0.202595 0.410521 -0.854566
v 0.210333 0.393280 -0.877363
v 0.251102 0.425517 -0.801621
v 0.305442 0.426640 -0.769860
v 0.192742 0.425371 -0.826291
v 0.130761 0.425388 -0.844151
v 0.137167 0.411193 -0.872485
v 0.179781 0.437643 -0.790477
v 0.233938 0.438015 -0.766497
v 0.122258 0.437611 -0.808519
v 0.062067 0.437493 -0.819986
v 0.066294 0.425804 -0.856005
v 0.110315 0.441711 -0.761191
v 0.162785 0.442317 -0.744395
v 0.055817 0.441114 -0.772130
v 0.049629 0.435187 -0.722666
v 0.099061 0.435692 -0.713226
v 0.045391 0.418562 -0.677537
v 0.040970 0.315602 0.270834
v 0.042894 0.342382 0.289295
v 0.039853 0.279513 0.256411
v 0.079545 0.280932 0.250364
v 0.081953 0.316849 0.264749
v 0.038993 0.238209 0.244262
v 0.077781 0.239686 0.238473
v 0.115878 0.241847 0.228173
v 0.118637 0.283342 0.239966
v 0.076390 0.195824 0.229522
v 0.038342 0.194563 0.236018
v 0.113675 0.197629 0.218725
v 0.149593 0.199660 0.203681
v 0.152470 0.244449 0.213120
v 0.113071 0.152148 0.215864
v 0.075829 0.151161 0.226780
v 0.148864 0.153450 0.200594
v 0.183377 0.155224 0.181663
v 0.184331 0.202102 0.185087
v 0.150721 0.110288 0.204228
v 0.114056 0.109611 0.219463
v 0.185590 0.111264 0.184687
v 0.218705 0.112641 0.161940
v 0.215997 0.157585 0.159081
v 0.190104 0.073657 0.191882
v 0.154433 0.073491 0.212071
v 0.224104 0.074406 0.168626
v 0.255844 0.075382 0.142248
v 0.249371 0.114290 0.135679
v 0.233285 0.042837 0.180542
v 0.197863 0.042587 0.204489
v 0.266186 0.043034 0.153270
v 0.296498 0.043191 0.123216
v 0.285300 0.076459 0.113275
v 0.282438 0.020095 0.171161
v 0.247692 0.020105 0.199812
v 0.314429 0.019859 0.139732
v 0.343586 0.019341 0.105599
v 0.324042 0.043381 0.090697
v 0.338206 0.006355 0.161741
v 0.304131 0.006626 0.195018
v 0.369492 0.005774 0.125494
v 0.397817 0.005621 0.086491
v 0.369314 0.019099 0.068447
v 0.401846 0.000024 0.150171
v 0.368061 0.000283 0.189072
v 0.431831 0.000000 0.108153
v 0.458314 0.000157 0.063271
v 0.422387 0.005819 0.044805
v 0.471261 0.005159 0.132663
v 0.438811 0.004739 0.178317
v 0.499395 0.005350 0.083968
v 0.523089 0.005670 0.032113
v 0.480812 0.000298 0.016005
v 0.539299 0.026890 0.101820
v 0.510392 0.026826 0.155544
v 0.562658 0.026916 0.045334
v 0.580993 0.027471 -0.012603
v 0.541771 0.005837 -0.022054
v 0.595536 0.062319 0.055081
v 0.572787 0.061320 0.114561
v 0.612817 0.064203 -0.005000
v 0.625644 0.066709 -0.065011
v 0.594123 0.028569 -0.071087
v 0.641242 0.110279 0.002940
v 0.622061 0.108415 0.063784
v 0.655886 0.112232 -0.058738
v 0.666352 0.112646 -0.121454
v 0.635444 0.068252 -0.124996
v 0.679386 0.162736 -0.053953
v 0.663382 0.161680 0.010124
v 0.689385 0.162459 -0.120087
v 0.694095 0.161109 -0.187522
v 0.672208 0.111868 -0.185962
v 0.696983 0.215221 -0.121430
v 0.687543 0.216337 -0.053512
v 0.701306 0.214037 -0.189715
v 0.699685 0.213129 -0.258093
v 0.693049 0.160176 -0.255496
v 0.696954 0.265721 -0.190304
v 0.692801 0.266248 -0.122223
v 0.695611 0.265268 -0.258355
v 0.688610 0.264787 -0.326022
v 0.692561 0.212333 -0.326253
v 0.687163 0.311514 -0.256164
v 0.688654 0.311554 -0.188423
v 0.679680 0.311000 -0.323455
v 0.666082 0.310340 -0.389636
v 0.675273 0.263724 -0.392807
v 0.670502 0.350192 -0.320059
v 0.677885 0.350254 -0.253079
v 0.656832 0.349429 -0.385852
v 0.639109 0.348844 -0.450977
v 0.648064 0.309295 -0.455071
v 0.646980 0.382887 -0.381808
v 0.659464 0.383228 -0.316158
v 0.628933 0.382481 -0.446457
v 0.604830 0.381523 -0.509490
v 0.614397 0.347734 -0.514322
v 0.613351 0.410048 -0.440072
v 0.630098 0.410309 -0.376167
v 0.590203 0.409378 -0.502439
v 0.560844 0.407554 -0.562756
v 0.574556 0.379948 -0.570408
v 0.566111 0.427160 -0.490997
v 0.587250 0.427718 -0.430135
v 0.538857 0.426019 -0.550139
v 0.505919 0.423659 -0.607109
v 0.525810 0.405234 -0.620786
v 0.511356 0.437229 -0.533765
v 0.535592 0.438240 -0.476412
v 0.481153 0.435489 -0.589048
v 0.444325 0.432976 -0.640770
v 0.466987 0.420277 -0.660785
v 0.451187 0.441992 -0.566607
v 0.477917 0.442318 -0.514194
v 0.417942 0.440928 -0.615712
v 0.378020 0.439738 -0.660914
v 0.402287 0.430198 -0.688505
v 0.385230 0.441947 -0.585356
v 0.415329 0.441792 -0.539997
v 0.349527 0.442495 -0.627319
v 0.307769 0.443417 -0.664194
v 0.333405 0.438893 -0.701568
v 0.319394 0.434239 -0.593992
v 0.351733 0.433565 -0.556750
v 0.282091 0.436081 -0.627238
v 0.239444 0.437610 -0.655894
v 0.261598 0.443804 -0.696044
v 0.258222 0.416799 -0.594370
v 0.291948 0.415612 -0.564296
v 0.219748 0.418801 -0.619802
v 0.178334 0.419663 -0.641041
v 0.194411 0.437306 -0.679527
v 0.203901 0.386549 -0.591380
v 0.239394 0.385712 -0.568119
v 0.165471 0.387205 -0.610896
v 0.125362 0.387197 -0.626241
v 0.134824 0.419828 -0.658074
v 0.154856 0.348925 -0.585385
v 0.190612 0.349313 -0.567020
v 0.117516 0.348340 -0.599784
v 0.078918 0.347704 -0.609908
v 0.084159 0.386734 -0.637380
v 0.112302 0.304585 -0.580300
v 0.147610 0.305509 -0.566545
v 0.075743 0.303626 -0.590212
v 0.038115 0.303208 -0.596559
v 0.039651 0.347245 -0.616326
v 0.074455 0.256210 -0.581702
v 0.110346 0.256661 -0.571963
v 0.037501 0.256142 -0.587887
v 0.074037 0.207994 -0.580546
v 0.042292 0.386318 -0.644288
v 0.090311 0.419338 -0.670146
v 0.147429 0.436267 -0.698823
v 0.213163 0.443091 -0.722695
v 0.285020 0.438543 -0.736984
v 0.355765 0.428033 -0.731749
v 0.422995 0.416481 -0.710023
v 0.485233 0.402151 -0.675894
v 0.538506 0.378148 -0.629066
v 0.583536 0.346838 -0.575500
v 0.623590 0.308202 -0.519023
v 0.656939 0.262520 -0.458683
v 0.679466 0.211439 -0.393458
v 0.685881 0.159178 -0.323438
v 0.672336 0.111187 -0.251641
v 0.640976 0.068519 -0.186465
v 0.603166 0.029822 -0.129686
v 0.554901 0.006373 -0.077698
v 0.498409 0.000540 -0.033701
v 0.442797 0.005947 0.000838
v 0.391761 0.019459 0.029127
v 0.347729 0.043494 0.055105
v 0.311458 0.077375 0.081438
v 0.277624 0.116296 0.106868
v 0.246128 0.160367 0.132956
v 0.216901 0.205501 0.162332
v 0.187506 0.247641 0.194295
v 0.156178 0.286510 0.224979
v 0.122351 0.318500 0.254160
v 0.085766 0.342709 0.283032
v 0.045349 0.361292 0.310919
v 0.069353 0.412175 -0.883902
v 0.141823 0.394553 -0.894912
v 0.214320 0.368105 -0.890421
v 0.283561 0.337788 -0.869387
v 0.349540 0.302648 -0.838999
v 0.413118 0.260426 -0.802195
v 0.469814 0.211138 -0.755183
v 0.513511 0.160252 -0.697780
v 0.543588 0.110619 -0.632936
v 0.556229 0.066920 -0.561362
v 0.551500 0.031658 -0.487616
v 0.531963 0.008590 -0.415260
v 0.502684 0.002506 -0.348142
v 0.472453 0.006769 -0.288217
v 0.442968 0.020421 -0.235472
v 0.417782 0.046878 -0.189190
v 0.398578 0.082558 -0.146985
v 0.380764 0.125478 -0.107222
v 0.365136 0.175115 -0.068474
v 0.353523 0.227676 -0.028529
v 0.344651 0.277137 0.014855
v 0.333818 0.318377 0.060125
v 0.318375 0.347878 0.104958
v 0.300049 0.368296 0.150220
v 0.279896 0.381307 0.195744
v 0.261541 0.386799 0.243320
v 0.239536 0.390035 0.294664
v 0.209529 0.387145 0.346243
v 0.167260 0.376228 0.389650
v 0.116538 0.365448 0.424983
v 0.061433 0.349935 0.462987
v 0.071951 0.212282 -0.936216
v 0.143571 0.161092 -0.918283
v 0.210890 0.112206 -0.883723
v 0.267364 0.068728 -0.831709
v 0.307302 0.034659 -0.765161
v 0.329949 0.011047 -0.691007
v 0.340771 0.002399 -0.615656
v 0.345446 0.006936 -0.547159
v 0.346783 0.019276 -0.486002
v 0.348068 0.043158 -0.432486
v 0.353058 0.078232 -0.386453
v 0.357817 0.121465 -0.343578
v 0.361067 0.172553 -0.302554
v 0.369088 0.228068 -0.263738
v 0.381991 0.282626 -0.224995
v 0.394578 0.330413 -0.183177
v 0.404841 0.364632 -0.138824
v 0.412327 0.389918 -0.091702
v 0.418093 0.410430 -0.042199
v 0.425100 0.418901 0.011230
v 0.429357 0.419204 0.068275
v 0.430905 0.414654 0.128494
v 0.433690 0.404292 0.194556
v 0.434125 0.383173 0.266155
v 0.415274 0.359498 0.333095
v 0.380499 0.337466 0.393914
v 0.329550 0.309653 0.441212
v 0.272486 0.272603 0.477174
v 0.214395 0.224996 0.510735
v 0.145263 0.174215 0.529204
v 0.070755 0.128931 0.526125
v 0.054870 0.002712 -0.754269
v 0.097191 0.006952 -0.698576
v 0.131624 0.018523 -0.647738
v 0.161900 0.040345 -0.602753
v 0.189910 0.073804 -0.564436
v 0.216096 0.114627 -0.529981
v 0.241558 0.162524 -0.498387
v 0.267536 0.213659 -0.469074
v 0.295719 0.266190 -0.443075
v 0.326349 0.317869 -0.418944
v 0.357767 0.362770 -0.391508
v 0.388158 0.397226 -0.358860
v 0.420602 0.422294 -0.321962
v 0.458144 0.433040 -0.280874
v 0.496754 0.437145 -0.234685
v 0.534034 0.436177 -0.181931
v 0.568534 0.430319 -0.122235
v 0.596928 0.415299 -0.056950
v 0.613873 0.393066 0.010414
v 0.617634 0.367204 0.077612
v 0.605111 0.333024 0.141265
v 0.582250 0.293163 0.202103
v 0.552228 0.250514 0.260165
v 0.512858 0.201470 0.314742
v 0.456188 0.149390 0.358369
v 0.387884 0.099310 0.386426
v 0.313338 0.056041 0.396011
v 0.238355 0.022380 0.388175
v 0.166517 0.003776 0.367877
v 0.102550 0.001072 0.342950
v 0.047168 0.007399 0.315686
vn 0.1116 -0.2865 0.9516
vn -0.0000 -0.2885 0.9575
vn -0.0000 -0.1492 0.9888
vn 0.1101 -0.1481 0.9828
vn 0.1109 -0.0264 0.9935
vn -0.0000 -0.0253 0.9997
vn 0.1203 -0.0218 -0.9925
vn -0.0000 -0.0235 -0.9997
vn -0.0000 -0.1758 -0.9844
vn 0.1180 -0.1760 -0.9773
vn 0.1121 -0.3499 -0.9300
vn -0.0000 -0.3501 -0.9367
vn 0.2293 -0.1741 -0.9577
vn 0.2207 -0.3494 -0.9106
vn -0.0000 -0.5869 -0.8097
vn 0.0983 -0.5878 -0.8030
vn 0.1942 -0.5872 -0.7858
vn 0.3225 -0.3432 -0.8822
vn 0.2853 -0.5850 -0.7592
vn 0.0699 -0.8265 -0.5585
vn 0.1374 -0.8280 -0.5437
vn 0.1984 -0.8304 -0.5207
vn 0.3614 -0.5860 -0.7253
vn 0.2463 -0.8355 -0.4912
vn 0.0701 -0.9585 -0.2763
vn 0.0995 -0.9603 -0.2608
vn 0.1249 -0.9615 -0.2449
vn 0.2833 -0.8383 -0.4658
vn 0.1419 -0.9620 -0.2334
vn 0.0192 -0.9990 -0.0391
vn 0.0235 -0.9991 -0.0362
vn 0.0208 -0.9993 -0.0326
vn 0.1597 -0.9623 -0.2202
vn 0.0201 -0.9993 -0.0301
vn -0.0966 -0.9717 0.2154
vn -0.1241 -0.9698 0.2100
vn -0.1469 -0.9681 0.2027
vn 0.0206 -0.9995 -0.0245
vn -0.1697 -0.9664 0.1932
vn -0.2644 -0.8530 0.4499
vn -0.3090 -0.8488 0.4291
vn -0.3521 -0.8448 0.4030
vn -0.1924 -0.9648 0.1792
vn -0.3976 -0.8402 0.3687
vn -0.4258 -0.6892 0.5862
vn -0.4870 -0.6788 0.5496
vn -0.5510 -0.6675 0.5008
vn -0.4429 -0.8348 0.3269
vn -0.6145 -0.6549 0.4398
vn -0.5847 -0.4909 0.6459
vn -0.6566 -0.4776 0.5837
vn -0.7237 -0.4685 0.5067
vn -0.6690 -0.6414 0.3757
vn -0.7774 -0.4635 0.4252
vn -0.7195 -0.2824 0.6345
vn -0.7863 -0.2812 0.5501
vn -0.8383 -0.2851 0.4647
vn -0.8165 -0.4610 0.3476
vn -0.8767 -0.2883 0.3850
vn -0.8130 -0.0567 0.5794
vn -0.8652 -0.0574 0.4981
vn -0.9074 -0.0559 0.4166
vn -0.9033 -0.2897 0.3165
vn -0.9390 -0.0506 0.3402
vn -0.8532 0.1193 0.5078
vn -0.8964 0.1243 0.4255
vn -0.9302 0.1302 0.3432
vn -0.9630 -0.0430 0.2660
vn -0.9554 0.1350 0.2626
vn -0.8820 0.2040 0.4248
vn -0.9147 0.2161 0.3415
vn -0.9393 0.2208 0.2625
vn -0.9746 0.1356 0.1781
vn -0.9592 0.2169 0.1815
vn -0.8869 0.3113 0.3414
vn -0.9155 0.3006 0.2673
vn -0.9376 0.2917 0.1893
vn -0.9724 0.2100 0.1012
vn -0.9518 0.2870 0.1085
vn -0.7816 0.5666 0.2608
vn -0.8127 0.5505 0.1912
vn -0.8356 0.5368 0.1168
vn -0.9580 0.2855 0.0257
vn -0.8545 0.5180 0.0399
vn -0.5550 0.8146 0.1686
vn -0.5797 0.8069 0.1136
vn -0.6055 0.7938 0.0575
vn -0.8698 0.4915 -0.0428
vn -0.6338 0.7734 -0.0056
vn -0.3638 0.9263 0.0985
vn -0.3673 0.9281 0.0610
vn -0.3729 0.9276 0.0219
vn -0.6600 0.7478 -0.0726
vn -0.3799 0.9248 -0.0213
vn -0.1810 0.9822 0.0502
vn -0.1807 0.9831 0.0304
vn -0.1809 0.9835 0.0059
vn -0.3885 0.9191 -0.0665
vn -0.1822 0.9831 -0.0174
vn -0.0341 0.9989 0.0311
vn -0.0316 0.9993 0.0214
vn -0.0318 0.9994 0.0136
vn -0.1882 0.9811 -0.0443
vn -0.0344 0.9994 0.0034
vn 0.0843 0.9959 0.0314
vn 0.0840 0.9959 0.0347
vn 0.0825 0.9960 0.0351
vn -0.0398 0.9991 -0.0121
vn 0.0792 0.9962 0.0353
vn 0.2405 0.9683 0.0669
vn 0.2301 0.9702 0.0764
vn 0.2278 0.9697 0.0885
vn 0.0757 0.9964 0.0376
vn 0.2333 0.9665 0.1065
vn 0.5400 0.8229 0.1769
vn 0.5178 0.8293 0.2101
vn 0.4966 0.8337 0.2416
vn 0.2384 0.9624 0.1303
vn 0.4773 0.8353 0.2728
vn 0.7593 0.5559 0.3382
vn 0.7086 0.5872 0.3913
vn 0.6618 0.6184 0.4238
vn 0.4473 0.8328 0.3262
vn 0.6056 0.6437 0.4678
vn 0.7832 0.3889 0.4851
vn 0.7277 0.4239 0.5393
vn 0.6673 0.4651 0.5817
vn 0.5264 0.6613 0.5344
vn 0.5924 0.4946 0.6360
vn 0.7470 0.2530 0.6148
vn 0.6935 0.2688 0.6684
vn 0.6356 0.2807 0.7192
vn 0.5107 0.5080 0.6936
vn 0.5594 0.2897 0.7766
vn 0.7080 0.1158 0.6967
vn 0.6532 0.1060 0.7498
vn 0.5766 0.1021 0.8107
vn 0.4756 0.2974 0.8279
vn 0.4909 0.1010 0.8653
vn 0.6604 -0.0111 0.7508
vn 0.5809 -0.0173 0.8138
vn 0.4948 -0.0220 0.8687
vn 0.4081 0.1005 0.9074
vn 0.4101 -0.0263 0.9117
vn 0.5800 -0.1231 0.8052
vn 0.4953 -0.1316 0.8587
vn 0.4085 -0.1382 0.9022
vn 0.3151 -0.0283 0.9486
vn 0.3118 -0.1413 0.9396
vn 0.4862 -0.2651 0.8326
vn 0.3992 -0.2701 0.8762
vn 0.3050 -0.2748 0.9118
vn 0.2099 -0.1446 0.9670
vn 0.2098 -0.2809 0.9365
vn 0.3750 -0.4415 0.8151
vn 0.2887 -0.4499 0.8451
vn 0.2005 -0.4560 0.8671
vn 0.1072 -0.4584 0.8823
vn 0.2398 -0.6918 0.6812
vn 0.1664 -0.6943 0.7002
vn 0.0880 -0.6930 0.7155
vn -0.0000 -0.4578 0.8890
vn -0.0000 -0.6895 0.7243
vn 0.1060 -0.8985 0.4259
vn 0.0561 -0.8981 0.4363
vn -0.0000 -0.8966 0.4429
vn 0.0269 -0.9818 0.1882
vn -0.0000 -0.9810 0.1940
vn 0.0078 -0.9990 -0.0445
vn -0.0000 -0.9988 -0.0490
vn -0.0000 -0.9757 0.2190
vn -0.0220 -0.9749 0.2217
vn -0.0517 -0.8695 0.4912
vn -0.0000 -0.8718 0.4899
vn -0.0477 -0.9743 0.2202
vn -0.1093 -0.8666 0.4869
vn -0.0000 -0.7183 0.6957
vn -0.0738 -0.7165 0.6937
vn -0.1522 -0.7143 0.6831
vn -0.1634 -0.8623 0.4793
vn -0.2265 -0.7108 0.6660
vn -0.0894 -0.5599 0.8237
vn -0.1790 -0.5548 0.8125
vn -0.2661 -0.5486 0.7926
vn -0.2943 -0.7049 0.6454
vn -0.3489 -0.5383 0.7671
vn -0.1995 -0.3954 0.8966
vn -0.2950 -0.3797 0.8768
vn -0.3905 -0.3557 0.8491
vn -0.4326 -0.5240 0.7336
vn -0.4848 -0.3285 0.8106
vn -0.3178 -0.1500 0.9362
vn -0.4144 -0.1086 0.9036
vn -0.5082 -0.0756 0.8579
vn -0.5721 -0.3068 0.7606
vn -0.5995 -0.0594 0.7982
vn -0.3948 0.1360 0.9087
vn -0.4914 0.1304 0.8611
vn -0.5897 0.1271 0.7976
vn -0.6772 -0.0554 0.7337
vn -0.6687 0.1246 0.7331
vn -0.4613 0.2258 0.8580
vn -0.5735 0.2030 0.7936
vn -0.6552 0.1964 0.7294
vn -0.7379 0.1200 0.6642
vn -0.7228 0.1938 0.6633
vn -0.5311 0.3611 0.7666
vn -0.6185 0.3444 0.7063
vn -0.6843 0.3319 0.6492
vn -0.7871 0.1907 0.5866
vn -0.7482 0.3247 0.5786
vn -0.4779 0.6519 0.5887
vn -0.5331 0.6420 0.5510
vn -0.5841 0.6392 0.5003
vn -0.8027 0.3227 0.5016
vn -0.6349 0.6334 0.4424
vn -0.3476 0.8429 0.4107
vn -0.3785 0.8435 0.3810
vn -0.4154 0.8414 0.3458
vn -0.6886 0.6152 0.3839
vn -0.4568 0.8353 0.3058
vn -0.2680 0.9109 0.3137
vn -0.2887 0.9134 0.2870
vn -0.3167 0.9147 0.2511
vn -0.4968 0.8268 0.2636
vn -0.3388 0.9162 0.2139
vn -0.1233 0.9720 0.1999
vn -0.1476 0.9735 0.1745
vn -0.1664 0.9750 0.1475
vn -0.3521 0.9191 0.1769
vn -0.1768 0.9767 0.1214
vn 0.0116 0.9948 0.1008
vn -0.0072 0.9963 0.0852
vn -0.0204 0.9973 0.0706
vn -0.1799 0.9789 0.0971
vn -0.0278 0.9979 0.0593
vn 0.1214 0.9919 0.0374
vn 0.1081 0.9935 0.0355
vn 0.0962 0.9948 0.0347
vn -0.0319 0.9983 0.0486
vn 0.0877 0.9956 0.0340
vn 0.3174 0.9481 -0.0187
vn 0.2996 0.9541 0.0026
vn 0.2840 0.9587 0.0176
vn 0.0829 0.9961 0.0318
vn 0.2731 0.9616 0.0261
vn 0.6598 0.7492 -0.0577
vn 0.6499 0.7599 -0.0149
vn 0.6380 0.7698 0.0191
vn 0.2646 0.9636 0.0374
vn 0.6199 0.7823 0.0617
vn 0.8781 0.4768 -0.0403
vn 0.8741 0.4855 0.0171
vn 0.8628 0.4987 0.0829
vn 0.5919 0.7987 0.1086
vn 0.8447 0.5123 0.1547
vn 0.9323 0.3611 0.0210
vn 0.9275 0.3625 0.0916
vn 0.9188 0.3581 0.1662
vn 0.8238 0.5241 0.2162
vn 0.9052 0.3514 0.2389
vn 0.9618 0.2563 0.0963
vn 0.9521 0.2551 0.1687
vn 0.9364 0.2509 0.2454
vn 0.8808 0.3542 0.3142
vn 0.9113 0.2470 0.3295
vn 0.9698 0.1666 0.1783
vn 0.9533 0.1692 0.2502
vn 0.9290 0.1646 0.3314
vn 0.8707 0.2429 0.4277
vn 0.8902 0.1548 0.4284
vn 0.9642 0.0569 0.2590
vn 0.9407 0.0567 0.3346
vn 0.9022 0.0540 0.4278
vn 0.8283 0.1429 0.5418
vn 0.8434 0.0440 0.5354
vn 0.9332 -0.1011 0.3449
vn 0.8954 -0.0949 0.4350
vn 0.8427 -0.0932 0.5302
vn 0.7781 0.0238 0.6277
vn 0.7845 -0.0991 0.6121
vn 0.8685 -0.2352 0.4364
vn 0.8200 -0.2338 0.5224
vn 0.7672 -0.2351 0.5968
vn 0.7260 -0.1081 0.6792
vn 0.7109 -0.2393 0.6613
vn 0.7761 -0.3876 0.4975
vn 0.7257 -0.3972 0.5617
vn 0.6708 -0.4118 0.6169
vn 0.6467 -0.2472 0.7216
vn 0.6079 -0.4232 0.6718
vn 0.6069 -0.6489 0.4588
vn 0.5562 -0.6632 0.5008
vn 0.4964 -0.6719 0.5497
vn 0.5350 -0.4291 0.7278
vn 0.4346 -0.6738 0.5976
vn 0.3507 -0.8832 0.3113
vn 0.3090 -0.8857 0.3465
vn 0.2649 -0.8898 0.3716
vn 0.3737 -0.6781 0.6329
vn 0.2294 -0.8938 0.3853
vn 0.1358 -0.9787 0.1538
vn 0.1134 -0.9804 0.1610
vn 0.0984 -0.9817 0.1629
vn 0.1941 -0.8961 0.3991
vn 0.0865 -0.9822 0.1667
vn -0.0300 -0.9990 -0.0332
vn -0.0251 -0.9989 -0.0383
vn -0.0178 -0.9990 -0.0399
vn 0.0681 -0.9823 0.1746
vn -0.0120 -0.9993 -0.0356
vn -0.1698 -0.9492 -0.2649
vn -0.1397 -0.9507 -0.2767
vn -0.1073 -0.9522 -0.2862
vn -0.0071 -0.9996 -0.0285
vn -0.0758 -0.9532 -0.2927
vn -0.2470 -0.8286 -0.5024
vn -0.1900 -0.8265 -0.5298
vn -0.1332 -0.8239 -0.5508
vn -0.0405 -0.9545 -0.2956
vn -0.0699 -0.8228 -0.5640
vn -0.2476 -0.6420 -0.7256
vn -0.1692 -0.6376 -0.7515
vn -0.0864 -0.6352 -0.7675
vn -0.0000 -0.8239 -0.5667
vn -0.0000 -0.6355 -0.7721
vn -0.1893 -0.4207 -0.8872
vn -0.0935 -0.4186 -0.9033
vn -0.0000 -0.4175 -0.9087
vn -0.0948 -0.2272 -0.9692
vn -0.0000 -0.2273 -0.9738
vn -0.1132 -0.2055 0.9721
vn -0.0000 -0.2121 0.9772
vn -0.0000 0.0721 0.9974
vn -0.1189 0.0819 0.9895
vn -0.1116 0.3378 0.9346
vn -0.0000 0.3382 0.9411
vn -0.2238 0.1047 0.9690
vn -0.2023 0.3350 0.9202
vn -0.0000 0.5054 0.8629
vn -0.0941 0.4969 0.8627
vn -0.1691 0.4771 0.8625
vn -0.2679 0.3142 0.9108
vn -0.2206 0.4523 0.8641
vn -0.0735 0.6923 0.7178
vn -0.1234 0.6875 0.7156
vn -0.1603 0.6825 0.7130
vn -0.2892 0.4218 0.8593
vn -0.2057 0.6816 0.7023
vn -0.0868 0.8480 0.5228
vn -0.1077 0.8492 0.5169
vn -0.1365 0.8523 0.5049
vn -0.2929 0.6795 0.6727
vn -0.1844 0.8575 0.4803
vn -0.0891 0.9005 0.4257
vn -0.1117 0.9004 0.4205
vn -0.1466 0.9009 0.4084
vn -0.2488 0.8543 0.4564
vn -0.1870 0.9020 0.3891
vn -0.0829 0.9369 0.3396
vn -0.1014 0.9422 0.3192
vn -0.1123 0.9525 0.2831
vn -0.2225 0.9041 0.3649
vn -0.1087 0.9629 0.2471
vn -0.0076 0.9897 0.1426
vn 0.0062 0.9943 0.1068
vn 0.0340 0.9954 0.0900
vn -0.1059 0.9694 0.2213
vn 0.0482 0.9942 0.0965
vn 0.1382 0.9891 -0.0512
vn 0.1298 0.9915 0.0032
vn 0.1256 0.9913 0.0404
vn 0.0448 0.9931 0.1081
vn 0.1275 0.9906 0.0495
vn 0.2988 0.9462 -0.1244
vn 0.2829 0.9552 -0.0872
vn 0.2920 0.9531 -0.0797
vn 0.1391 0.9889 0.0530
vn 0.3190 0.9453 -0.0678
vn 0.5486 0.7669 -0.3329
vn 0.5670 0.7647 -0.3062
vn 0.6022 0.7504 -0.2725
vn 0.3326 0.9412 -0.0594
vn 0.6359 0.7354 -0.2340
vn 0.7200 0.5306 -0.4473
vn 0.7561 0.5153 -0.4034
vn 0.7982 0.4940 -0.3447
vn 0.6579 0.7322 -0.1762
vn 0.8369 0.4811 -0.2609
vn 0.8037 0.3910 -0.4485
vn 0.8406 0.3904 -0.3755
vn 0.8781 0.3868 -0.2817
vn 0.8619 0.4764 -0.1738
vn 0.9054 0.3798 -0.1896
vn 0.8713 0.2988 -0.3894
vn 0.9079 0.2966 -0.2962
vn 0.9351 0.2889 -0.2051
vn 0.9217 0.3706 -0.1141
vn 0.9518 0.2780 -0.1294
vn 0.9302 0.1965 -0.3100
vn 0.9569 0.1849 -0.2238
vn 0.9743 0.1716 -0.1459
vn 0.9624 0.2653 -0.0586
vn 0.9844 0.1624 -0.0678
vn 0.9676 0.0693 -0.2430
vn 0.9854 0.0581 -0.1603
vn 0.9961 0.0500 -0.0733
vn 0.9873 0.1578 0.0206
vn 0.9986 0.0476 0.0233
vn 0.9829 -0.0697 -0.1702
vn 0.9939 -0.0764 -0.0790
vn 0.9962 -0.0834 0.0231
vn 0.9916 0.0499 0.1193
vn 0.9884 -0.0922 0.1209
vn 0.9743 -0.2092 -0.0835
vn 0.9762 -0.2165 0.0160
vn 0.9677 -0.2275 0.1087
vn 0.9751 -0.1016 0.1970
vn 0.9529 -0.2376 0.1885
vn 0.9319 -0.3627 0.0092
vn 0.9247 -0.3680 0.0977
vn 0.9110 -0.3718 0.1787
vn 0.9322 -0.2414 0.2696
vn 0.8894 -0.3748 0.2616
vn 0.7974 -0.5977 0.0825
vn 0.7817 -0.6044 0.1540
vn 0.7587 -0.6115 0.2247
vn 0.8604 -0.3778 0.3419
vn 0.7292 -0.6188 0.2923
vn 0.5069 -0.8565 0.0973
vn 0.4859 -0.8625 0.1413
vn 0.4601 -0.8684 0.1848
vn 0.6942 -0.6256 0.3559
vn 0.4341 -0.8729 0.2229
vn 0.2103 -0.9760 0.0561
vn 0.1961 -0.9775 0.0778
vn 0.1830 -0.9786 0.0946
vn 0.4080 -0.8769 0.2541
vn 0.1740 -0.9789 0.1075
vn -0.0124 -0.9999 -0.0066
vn -0.0179 -0.9998 -0.0102
vn -0.0228 -0.9996 -0.0150
vn 0.1670 -0.9783 0.1223
vn -0.0252 -0.9995 -0.0213
vn -0.2645 -0.9550 -0.1341
vn -0.2548 -0.9533 -0.1624
vn -0.2434 -0.9512 -0.1898
vn -0.0279 -0.9992 -0.0275
vn -0.2317 -0.9493 -0.2124
vn -0.4779 -0.8278 -0.2939
vn -0.4443 -0.8297 -0.3379
vn -0.4122 -0.8303 -0.3750
vn -0.2168 -0.9488 -0.2298
vn -0.3827 -0.8293 -0.4072
vn -0.6088 -0.6521 -0.4518
vn -0.5631 -0.6512 -0.5088
vn -0.5211 -0.6504 -0.5527
vn -0.3453 -0.8293 -0.4394
vn -0.4696 -0.6512 -0.5962
vn -0.6702 -0.4396 -0.5980
vn -0.6171 -0.4399 -0.6524
vn -0.5551 -0.4355 -0.7086
vn -0.4031 -0.6506 -0.6436
vn -0.4724 -0.4304 -0.7691
vn -0.6665 -0.2492 -0.7026
vn -0.5942 -0.2451 -0.7660
vn -0.5020 -0.2383 -0.8314
vn -0.3774 -0.4257 -0.8224
vn -0.3995 -0.2341 -0.8863
vn -0.6120 -0.0635 -0.7883
vn -0.5156 -0.0682 -0.8541
vn -0.4082 -0.0728 -0.9100
vn -0.2991 -0.2311 -0.9258
vn -0.2995 -0.0688 -0.9516
vn -0.5233 0.0869 -0.8477
vn -0.4138 0.0712 -0.9076
vn -0.2962 0.0660 -0.9528
vn -0.1946 -0.0603 -0.9790
vn -0.1909 0.0689 -0.9792
vn -0.4209 0.1485 -0.8949
vn -0.2982 0.1341 -0.9450
vn -0.1913 0.1266 -0.9733
vn -0.0970 0.0696 -0.9928
vn -0.0983 0.1239 -0.9874
vn -0.3036 0.1773 -0.9362
vn -0.1954 0.1675 -0.9663
vn -0.1004 0.1613 -0.9818
vn -0.0000 0.1236 -0.9923
vn -0.0000 0.1592 -0.9873
vn -0.1957 0.3402 -0.9198
vn -0.1022 0.3407 -0.9346
vn -0.0000 0.3411 -0.9400
vn -0.0889 0.6651 -0.7414
vn -0.0000 0.6699 -0.7424
vn -0.0656 0.8982 0.4346
vn -0.0000 0.9007 0.4344
vn -0.0000 0.9547 0.2976
vn -0.0504 0.9481 0.3139
vn -0.0215 0.9927 0.1184
vn -0.0000 0.9947 0.1025
vn -0.0652 0.9400 0.3350
vn -0.0267 0.9893 0.1435
vn -0.0000 0.9787 -0.2051
vn 0.0132 0.9808 -0.1946
vn 0.0374 0.9831 -0.1793
vn -0.0207 0.9863 0.1638
vn 0.0765 0.9849 -0.1551
vn 0.0379 0.8885 -0.4573
vn 0.0896 0.8892 -0.4488
vn 0.1634 0.8910 -0.4236
vn 0.1170 0.9854 -0.1235
vn 0.2460 0.8946 -0.3732
vn 0.1166 0.8086 -0.5767
vn 0.2062 0.8114 -0.5469
vn 0.3120 0.8049 -0.5048
vn 0.3058 0.9028 -0.3023
vn 0.4117 0.7861 -0.4611
vn 0.2487 0.6954 -0.6742
vn 0.3563 0.6868 -0.6336
vn 0.4599 0.6559 -0.5986
vn 0.4950 0.7671 -0.4081
vn 0.5660 0.6073 -0.5575
vn 0.4002 0.4961 -0.7705
vn 0.4937 0.4883 -0.7196
vn 0.5879 0.4672 -0.6604
vn 0.6480 0.5591 -0.5172
vn 0.6733 0.4340 -0.5985
vn 0.5170 0.3356 -0.7875
vn 0.6041 0.3340 -0.7236
vn 0.6863 0.3229 -0.6517
vn 0.7308 0.4074 -0.5477
vn 0.7476 0.3085 -0.5882
vn 0.6164 0.2333 -0.7521
vn 0.6950 0.2292 -0.6815
vn 0.7555 0.2209 -0.6168
vn 0.7924 0.2985 -0.5320
vn 0.8048 0.2127 -0.5541
vn 0.6978 0.1209 -0.7060
vn 0.7568 0.1101 -0.6444
vn 0.8114 0.0998 -0.5759
vn 0.8514 0.2070 -0.4819
vn 0.8621 0.0928 -0.4982
vn 0.7472 -0.0270 -0.6641
vn 0.8064 -0.0327 -0.5904
vn 0.8596 -0.0372 -0.5097
vn 0.9061 0.0868 -0.4140
vn 0.9028 -0.0447 -0.4276
vn 0.7909 -0.1687 -0.5882
vn 0.8431 -0.1688 -0.5105
vn 0.8826 -0.1760 -0.4360
vn 0.9396 -0.0553 -0.3378
vn 0.9186 -0.1879 -0.3478
vn 0.8048 -0.3290 -0.4940
vn 0.8404 -0.3321 -0.4283
vn 0.8755 -0.3383 -0.3451
vn 0.9452 -0.1978 -0.2597
vn 0.9024 -0.3450 -0.2580
vn 0.7235 -0.5800 -0.3744
vn 0.7576 -0.5767 -0.3056
vn 0.7825 -0.5777 -0.2324
vn 0.9199 -0.3516 -0.1735
vn 0.7985 -0.5814 -0.1560
vn 0.4996 -0.8416 -0.2051
vn 0.5156 -0.8419 -0.1589
vn 0.5270 -0.8433 -0.1055
vn 0.8079 -0.5842 -0.0776
vn 0.5334 -0.8441 -0.0543
vn 0.2344 -0.9692 -0.0762
vn 0.2366 -0.9703 -0.0511
vn 0.2350 -0.9716 -0.0278
vn 0.5315 -0.8470 -0.0028
vn 0.2332 -0.9724 -0.0044
vn -0.0010 -1.0000 -0.0080
vn -0.0064 -1.0000 -0.0071
vn -0.0106 -0.9999 -0.0045
vn 0.2301 -0.9730 0.0192
vn -0.0128 -0.9999 -0.0032
vn -0.3183 -0.9477 0.0231
vn -0.3210 -0.9471 -0.0000
vn -0.3158 -0.9486 -0.0208
vn -0.0124 -0.9999 -0.0055
vn -0.3026 -0.9521 -0.0443
vn -0.6320 -0.7748 0.0163
vn -0.6205 -0.7837 -0.0275
vn -0.6030 -0.7945 -0.0723
vn -0.2884 -0.9547 -0.0735
vn -0.5782 -0.8056 -0.1296
vn -0.7765 -0.6295 -0.0254
vn -0.7697 -0.6323 -0.0876
vn -0.7566 -0.6336 -0.1615
vn -0.5459 -0.8162 -0.1892
vn -0.7327 -0.6370 -0.2397
vn -0.8707 -0.4790 -0.1118
vn -0.8635 -0.4653 -0.1946
vn -0.8468 -0.4521 -0.2801
vn -0.6981 -0.6423 -0.3164
vn -0.8181 -0.4437 -0.3659
vn -0.9408 -0.2547 -0.2237
vn -0.9162 -0.2548 -0.3094
vn -0.8819 -0.2521 -0.3984
vn -0.7776 -0.4403 -0.4488
vn -0.8388 -0.2446 -0.4864
vn -0.9472 -0.0389 -0.3184
vn -0.9090 -0.0430 -0.4146
vn -0.8623 -0.0393 -0.5049
vn -0.7864 -0.2422 -0.5683
vn -0.8134 -0.0395 -0.5804
vn -0.9011 0.1349 -0.4122
vn -0.8552 0.1309 -0.5015
vn -0.8105 0.1246 -0.5723
vn -0.7568 -0.0486 -0.6519
vn -0.7585 0.1147 -0.6415
vn -0.8462 0.2105 -0.4896
vn -0.8024 0.1998 -0.5624
vn -0.7505 0.1967 -0.6310
vn -0.6931 0.1052 -0.7131
vn -0.6858 0.1957 -0.7010
vn -0.7926 0.2571 -0.5529
vn -0.7391 0.2521 -0.6247
vn -0.6784 0.2473 -0.6918
vn -0.6116 0.1870 -0.7688
vn -0.6131 0.2308 -0.7555
vn -0.7035 0.3787 -0.6014
vn -0.6514 0.3638 -0.6658
vn -0.5938 0.3525 -0.7233
vn -0.5360 0.2083 -0.8181
vn -0.5187 0.3468 -0.7814
vn -0.5291 0.6384 -0.5590
vn -0.4820 0.6363 -0.6024
vn -0.4184 0.6423 -0.6422
vn -0.4159 0.3427 -0.8424
vn -0.3355 0.6518 -0.6802
vn -0.3142 0.8533 -0.4162
vn -0.2754 0.8525 -0.4443
vn -0.2246 0.8554 -0.4668
vn -0.2438 0.6555 -0.7147
vn -0.1698 0.8563 -0.4877
vn -0.1883 0.9304 -0.3145
vn -0.1597 0.9271 -0.3391
vn -0.1262 0.9256 -0.3568
vn -0.1212 0.8567 -0.5014
vn -0.0904 0.9255 -0.3678
vn -0.0847 0.9783 -0.1893
vn -0.0668 0.9784 -0.1955
vn -0.0465 0.9791 -0.1981
vn -0.0488 0.9267 -0.3726
vn -0.0240 0.9802 -0.1963
vn 0.0134 0.9999 0.0071
vn 0.0114 0.9999 0.0127
vn 0.0087 0.9998 0.0177
vn -0.0000 0.9814 -0.1920
vn -0.0000 0.9998 0.0191
vn 0.0647 0.9721 0.2253
vn 0.0383 0.9732 0.2266
vn -0.0000 0.9729 0.2311
vn 0.0689 0.8503 0.5218
vn -0.0000 0.8510 0.5252
vn 0.0733 0.6712 -0.7377
vn -0.0000 0.6631 -0.7485
vn -0.0000 0.4738 -0.8806
vn 0.0923 0.4773 -0.8739
vn 0.0991 0.3279 -0.9395
vn -0.0000 0.3269 -0.9451
vn 0.1897 0.4861 -0.8531
vn 0.2060 0.3293 -0.9215
vn -0.0000 0.2297 -0.9733
vn 0.1056 0.2339 -0.9665
vn 0.2138 0.2410 -0.9467
vn 0.3170 0.3322 -0.8884
vn 0.3267 0.2453 -0.9127
vn 0.1154 0.1223 -0.9858
vn 0.2239 0.1313 -0.9657
vn 0.3348 0.1379 -0.9321
vn 0.4308 0.2438 -0.8689
vn 0.4347 0.1396 -0.8897
vn 0.2301 -0.0173 -0.9730
vn 0.3364 -0.0136 -0.9416
vn 0.4357 -0.0115 -0.9000
vn 0.5287 0.1367 -0.8377
vn 0.5262 -0.0094 -0.8503
vn 0.3321 -0.1680 -0.9281
vn 0.4307 -0.1613 -0.8880
vn 0.5179 -0.1556 -0.8411
vn 0.6137 -0.0119 -0.7895
vn 0.5967 -0.1556 -0.7872
vn 0.4161 -0.3339 -0.8458
vn 0.4950 -0.3288 -0.8043
vn 0.5653 -0.3284 -0.7567
vn 0.6673 -0.1621 -0.7269
vn 0.6314 -0.3287 -0.7023
vn 0.4218 -0.5890 -0.6893
vn 0.4812 -0.5899 -0.6484
vn 0.5413 -0.5861 -0.6029
vn 0.6924 -0.3290 -0.6422
vn 0.5966 -0.5811 -0.5536
vn 0.3225 -0.8395 -0.4373
vn 0.3643 -0.8397 -0.4029
vn 0.4019 -0.8387 -0.3675
vn 0.6502 -0.5805 -0.4902
vn 0.4339 -0.8393 -0.3275
vn 0.1807 -0.9629 -0.2004
vn 0.1980 -0.9641 -0.1769
vn 0.2085 -0.9656 -0.1556
vn 0.4560 -0.8415 -0.2898
vn 0.2134 -0.9670 -0.1389
vn 0.0192 -0.9997 -0.0153
vn 0.0141 -0.9999 -0.0092
vn 0.0086 -0.9999 -0.0086
vn 0.2210 -0.9680 -0.1188
vn 0.0063 -1.0000 -0.0075
vn -0.2158 -0.9628 0.1625
vn -0.2382 -0.9603 0.1450
vn -0.2576 -0.9581 0.1256
vn 0.0044 -1.0000 -0.0062
vn -0.2770 -0.9554 0.1028
vn -0.4847 -0.8266 0.2861
vn -0.5249 -0.8156 0.2436
vn -0.5647 -0.8016 0.1964
vn -0.2956 -0.9523 0.0756
vn -0.6020 -0.7848 0.1472
vn -0.7153 -0.6258 0.3109
vn -0.7515 -0.6120 0.2466
vn -0.7746 -0.6048 0.1848
vn -0.6266 -0.7726 0.1028
vn -0.7850 -0.6047 0.1348
vn -0.8400 -0.4648 0.2799
vn -0.8512 -0.4776 0.2175
vn -0.8564 -0.4908 0.1602
vn -0.7860 -0.6114 0.0912
vn -0.8617 -0.4962 0.1063
vn -0.9228 -0.2908 0.2527
vn -0.9402 -0.2878 0.1821
vn -0.9536 -0.2803 0.1096
vn -0.8678 -0.4953 0.0406
vn -0.9620 -0.2712 0.0325
vn -0.9824 -0.0347 0.1834
vn -0.9944 -0.0289 0.1021
vn -0.9994 -0.0258 0.0219
vn -0.9637 -0.2619 -0.0517
vn -0.9977 -0.0258 -0.0623
vn -0.9863 0.1330 0.0973
vn -0.9912 0.1311 0.0191
vn -0.9892 0.1316 -0.0642
vn -0.9885 -0.0276 -0.1488
vn -0.9791 0.1359 -0.1512
vn -0.9781 0.2072 0.0212
vn -0.9755 0.2105 -0.0645
vn -0.9641 0.2171 -0.1530
vn -0.9626 0.1395 -0.2323
vn -0.9476 0.2215 -0.2302
vn -0.9565 0.2850 -0.0617
vn -0.9479 0.2814 -0.1493
vn -0.9342 0.2764 -0.2256
vn -0.9249 0.2228 -0.3082
vn -0.9118 0.2759 -0.3042
vn -0.8791 0.4597 -0.1256
vn -0.8784 0.4317 -0.2048
vn -0.8630 0.4164 -0.2862
vn -0.8768 0.2742 -0.3951
vn -0.8340 0.4064 -0.3733
vn -0.6772 0.7217 -0.1436
vn -0.6801 0.6995 -0.2194
vn -0.6680 0.6821 -0.2976
vn -0.7978 0.3978 -0.4531
vn -0.6467 0.6658 -0.3722
vn -0.3979 0.9098 -0.1179
vn -0.4036 0.8978 -0.1762
vn -0.4020 0.8847 -0.2361
vn -0.6141 0.6543 -0.4413
vn -0.3894 0.8723 -0.2957
vn -0.1959 0.9773 -0.0803
vn -0.2043 0.9714 -0.1209
vn -0.2110 0.9628 -0.1687
vn -0.3647 0.8631 -0.3494
vn -0.2131 0.9523 -0.2182
vn -0.0512 0.9982 -0.0306
vn -0.0671 0.9961 -0.0576
vn -0.0841 0.9923 -0.0906
vn -0.2141 0.9424 -0.2571
vn -0.1021 0.9872 -0.1227
vn 0.0743 0.9964 0.0399
vn 0.0609 0.9972 0.0434
vn 0.0323 0.9986 0.0419
vn -0.1118 0.9821 -0.1517
vn 0.0086 0.9995 0.0288
vn 0.2292 0.9584 0.1700
vn 0.1969 0.9561 0.2170
vn 0.1554 0.9574 0.2434
vn 0.0062 0.9999 0.0104
vn 0.1303 0.9618 0.2406
vn 0.3917 0.8292 0.3988
vn 0.3216 0.8268 0.4614
vn 0.2674 0.8275 0.4937
vn 0.1149 0.9666 0.2290
vn 0.2251 0.8340 0.5038
vn 0.4412 0.6653 0.6023
vn 0.3693 0.6585 0.6558
vn 0.3063 0.6525 0.6932
vn 0.1766 0.8424 0.5092
vn 0.2396 0.6509 0.7203
vn 0.4310 0.5103 0.7442
vn 0.3551 0.5069 0.7855
vn 0.2739 0.5030 0.8198
vn 0.1677 0.6525 0.7390
vn 0.1887 0.5009 0.8447
vn 0.3941 0.3009 0.8684
vn 0.3036 0.3005 0.9042
vn 0.2073 0.2985 0.9316
vn 0.0964 0.5017 0.8597
vn 0.1066 0.2980 0.9486
vn 0.3152 0.1007 0.9437
vn 0.2129 0.1027 0.9717
vn 0.1118 0.1049 0.9882
vn -0.0000 0.2980 0.9546
vn -0.0000 0.1055 0.9944
vn 0.2105 -0.0281 0.9772
vn -0.0000 0.5030 0.8643
vn 0.0878 0.6559 0.7497
vn -0.0000 0.6585 0.7526
vn 0.1252 0.8472 0.5164
vn 0.0909 0.9702 0.2248
vn 0.0132 0.9999 0.0025
vn -0.1030 0.9791 -0.1753
vn -0.2081 0.9353 -0.2861
vn -0.3407 0.8570 -0.3865
vn -0.5703 0.6467 -0.5065
vn -0.7543 0.3903 -0.5279
vn -0.8376 0.2664 -0.4769
vn -0.8878 0.2207 -0.4038
vn -0.9395 0.1383 -0.3134
vn -0.9719 -0.0315 -0.2333
vn -0.9566 -0.2565 -0.1382
vn -0.8713 -0.4896 -0.0336
vn -0.7823 -0.6219 0.0346
vn -0.6354 -0.7697 0.0622
vn -0.3098 -0.9496 0.0476
vn 0.0029 -1.0000 -0.0073
vn 0.2289 -0.9686 -0.0970
vn 0.4770 -0.8427 -0.2498
vn 0.6907 -0.5814 -0.4300
vn 0.7560 -0.3293 -0.5658
vn 0.7275 -0.1681 -0.6652
vn 0.6885 -0.0192 -0.7250
vn 0.6211 0.1297 -0.7729
vn 0.5267 0.2375 -0.8162
vn 0.4237 0.3342 -0.8419
vn 0.2947 0.4949 -0.8175
vn 0.1521 0.6857 -0.7118
vn 0.0522 0.8036 -0.5929
vn -0.0000 0.8869 -0.4619
vn -0.0000 0.7998 -0.6002
vn -0.0655 0.8593 -0.5073
vn -0.0000 0.9279 -0.3727
vn -0.0000 0.8608 -0.5089
vn -0.1671 0.6594 -0.7330
vn -0.2973 0.3398 -0.8923
vn -0.4280 0.1907 -0.8834
vn -0.5295 0.1689 -0.8313
vn -0.6143 0.0988 -0.7829
vn -0.6908 -0.0585 -0.7207
vn -0.7281 -0.2470 -0.6394
vn -0.7253 -0.4387 -0.5305
vn -0.6560 -0.6485 -0.3861
vn -0.5115 -0.8239 -0.2440
vn -0.2746 -0.9559 -0.1042
vn -0.0104 -0.9999 -0.0064
vn 0.2218 -0.9744 0.0375
vn 0.5230 -0.8508 0.0511
vn 0.8073 -0.5901 0.0031
vn 0.9302 -0.3572 -0.0846
vn 0.9634 -0.2039 -0.1742
vn 0.9648 -0.0635 -0.2550
vn 0.9427 0.0792 -0.3241
vn 0.8938 0.2025 -0.4002
vn 0.8328 0.2957 -0.4680
vn 0.7697 0.3950 -0.5016
vn 0.6894 0.5378 -0.4853
vn 0.5392 0.7620 -0.3586
vn 0.3200 0.9228 -0.2144
vn 0.1416 0.9859 -0.0892
vn -0.0139 0.9862 0.1648
vn -0.0710 0.9364 0.3436
vn -0.0788 0.8989 0.4310
vn -0.0653 0.8414 0.5365
vn -0.0000 0.6954 0.7186
vn -0.0000 0.8374 0.5466
vn -0.0956 -0.0587 -0.9937
vn -0.0000 0.0686 -0.9976
vn -0.0000 -0.0608 -0.9982
vn -0.1960 -0.2283 -0.9537
vn -0.2844 -0.4223 -0.8607
vn -0.3260 -0.6467 -0.6895
vn -0.3003 -0.8294 -0.4712
vn -0.1958 -0.9485 -0.2489
vn -0.0311 -0.9991 -0.0300
vn 0.1564 -0.9779 0.1385
vn 0.3817 -0.8806 0.2809
vn 0.6516 -0.6356 0.4141
vn 0.8231 -0.3818 0.4205
vn 0.9054 -0.2390 0.3509
vn 0.9577 -0.1051 0.2680
vn 0.9797 0.0543 0.1928
vn 0.9814 0.1600 0.1062
vn 0.9660 0.2576 0.0210
vn 0.9306 0.3629 -0.0480
vn 0.8740 0.4755 -0.1003
vn 0.6645 0.7385 -0.1138
vn 0.3304 0.9429 -0.0415
vn 0.1342 0.9900 0.0435
vn 0.0347 0.9928 0.1142
vn -0.1090 0.9716 0.2102
vn -0.2509 0.9074 0.3373
vn -0.3068 0.8457 0.4366
vn -0.3988 0.6675 0.6288
vn -0.4060 0.3877 0.8275
vn -0.3496 0.2696 0.8973
vn -0.3086 0.1277 0.9426
vn -0.2191 -0.1852 0.9580
vn -0.1020 -0.4056 0.9083
vn -0.0000 -0.5627 0.8267
vn -0.0000 -0.4092 0.9125
vn -0.0031 -0.9998 -0.0213
vn -0.0000 -0.9566 -0.2915
vn -0.0000 -0.9999 -0.0135
vn 0.0491 -0.9819 0.1828
vn 0.1514 -0.8978 0.4134
vn 0.3093 -0.6858 0.6588
vn 0.4564 -0.4342 0.7766
vn 0.5696 -0.2573 0.7806
vn 0.6595 -0.1156 0.7428
vn 0.7225 0.0020 0.6914
vn 0.7597 0.1296 0.6373
vn 0.8111 0.2426 0.5322
vn 0.8385 0.3669 0.4029
vn 0.7996 0.5348 0.2733
vn 0.5614 0.8145 0.1462
vn 0.2545 0.9656 0.0527
vn 0.0827 0.9961 0.0306
vn -0.0350 0.9986 0.0387
vn -0.1809 0.9808 0.0722
vn -0.3595 0.9227 0.1391
vn -0.5294 0.8196 0.2192
vn -0.7407 0.5897 0.3220
vn -0.8488 0.3190 0.4217
vn -0.8396 0.1931 0.5078
vn -0.8021 0.1177 0.5855
vn -0.7473 -0.0562 0.6621
vn -0.6478 -0.2917 0.7037
vn -0.5128 -0.5069 0.6929
vn -0.3617 -0.6977 0.6184
vn -0.2143 -0.8577 0.4674
vn -0.0712 -0.9733 0.2183
vn 0.0128 -0.9991 -0.0409
vn 0.0368 -0.9572 -0.2869
vn -0.0000 -0.8245 -0.5658
vn -0.0000 -0.9559 -0.2938
vn -0.0000 0.1178 -0.9930
vn -0.1101 -0.1481 0.9828
vn -0.1116 -0.2865 0.9516
vn -0.1109 -0.0264 0.9935
vn -0.1180 -0.1760 -0.9773
vn -0.1203 -0.0218 -0.9925
vn -0.1121 -0.3499 -0.9300
vn -0.2207 -0.3494 -0.9106
vn -0.2293 -0.1741 -0.9577
vn -0.0983 -0.5878 -0.8030
vn -0.1942 -0.5872 -0.7858
vn -0.2853 -0.5850 -0.7592
vn -0.3225 -0.3432 -0.8821
vn -0.1374 -0.8280 -0.5437
vn -0.0699 -0.8265 -0.5585
vn -0.1984 -0.8304 -0.5207
vn -0.2463 -0.8355 -0.4912
vn -0.3614 -0.5860 -0.7253
vn -0.0995 -0.9603 -0.2608
vn -0.0701 -0.9585 -0.2763
vn -0.1249 -0.9615 -0.2449
vn -0.1419 -0.9620 -0.2334
vn -0.2833 -0.8383 -0.4658
vn -0.0235 -0.9991 -0.0362
vn -0.0192 -0.9990 -0.0391
vn -0.0208 -0.9993 -0.0326
vn -0.0201 -0.9993 -0.0301
vn -0.1597 -0.9623 -0.2202
vn 0.1241 -0.9698 0.2100
vn 0.0966 -0.9717 0.2154
vn 0.1469 -0.9681 0.2027
vn 0.1697 -0.9664 0.1932
vn -0.0206 -0.9995 -0.0245
vn 0.3090 -0.8488 0.4291
vn 0.2644 -0.8530 0.4499
vn 0.3521 -0.8448 0.4030
vn 0.3976 -0.8402 0.3687
vn 0.1924 -0.9648 0.1792
vn 0.4870 -0.6788 0.5496
vn 0.4258 -0.6892 0.5862
vn 0.5510 -0.6675 0.5008
vn 0.6145 -0.6549 0.4398
vn 0.4429 -0.8348 0.3269
vn 0.6566 -0.4776 0.5837
vn 0.5847 -0.4909 0.6459
vn 0.7237 -0.4685 0.5067
vn 0.7774 -0.4635 0.4252
vn 0.6690 -0.6414 0.3757
vn 0.7863 -0.2812 0.5501
vn 0.7195 -0.2824 0.6345
vn 0.8383 -0.2851 0.4647
vn 0.8767 -0.2883 0.3850
vn 0.8165 -0.4610 0.3476
vn 0.8652 -0.0574 0.4981
vn 0.8130 -0.0566 0.5794
vn 0.9074 -0.0559 0.4166
vn 0.9390 -0.0506 0.3402
vn 0.9033 -0.2897 0.3165
vn 0.8964 0.1243 0.4255
vn 0.8532 0.1193 0.5078
vn 0.9302 0.1302 0.3432
vn 0.9554 0.1350 0.2626
vn 0.9630 -0.0430 0.2660
vn 0.9147 0.2161 0.3415
vn 0.8820 0.2040 0.4248
vn 0.9393 0.2208 0.2625
vn 0.9592 0.2169 0.1815
vn 0.9746 0.1356 0.1781
vn 0.9155 0.3006 0.2673
vn 0.8869 0.3113 0.3414
vn 0.9376 0.2917 0.1893
vn 0.9518 0.2870 0.1085
vn 0.9724 0.2100 0.1012
vn 0.8127 0.5505 0.1912
vn 0.7817 0.5666 0.2608
vn 0.8356 0.5368 0.1168
vn 0.8544 0.5180 0.0399
vn 0.9580 0.2855 0.0257
vn 0.5796 0.8069 0.1136
vn 0.5550 0.8146 0.1686
vn 0.6055 0.7938 0.0575
vn 0.6338 0.7734 -0.0056
vn 0.8698 0.4915 -0.0428
vn 0.3673 0.9281 0.0610
vn 0.3638 0.9263 0.0985
vn 0.3729 0.9276 0.0219
vn 0.3799 0.9248 -0.0213
vn 0.6600 0.7478 -0.0726
vn 0.1807 0.9831 0.0304
vn 0.1810 0.9822 0.0502
vn 0.1809 0.9835 0.0059
vn 0.1822 0.9831 -0.0174
vn 0.3885 0.9191 -0.0665
vn 0.0316 0.9993 0.0214
vn 0.0341 0.9989 0.0311
vn 0.0318 0.9994 0.0136
vn 0.0344 0.9994 0.0034
vn 0.1882 0.9811 -0.0443
vn -0.0840 0.9959 0.0347
vn -0.0843 0.9959 0.0314
vn -0.0825 0.9960 0.0351
vn -0.0792 0.9962 0.0353
vn 0.0398 0.9991 -0.0121
vn -0.2301 0.9702 0.0764
vn -0.2405 0.9683 0.0669
vn -0.2278 0.9697 0.0885
vn -0.2333 0.9665 0.1065
vn -0.0757 0.9964 0.0376
vn -0.5178 0.8293 0.2101
vn -0.5400 0.8229 0.1769
vn -0.4966 0.8337 0.2416
vn -0.4773 0.8353 0.2728
vn -0.2384 0.9624 0.1303
vn -0.7086 0.5872 0.3913
vn -0.7593 0.5559 0.3382
vn -0.6618 0.6184 0.4238
vn -0.6056 0.6437 0.4678
vn -0.4473 0.8328 0.3262
vn -0.7277 0.4239 0.5392
vn -0.7832 0.3889 0.4851
vn -0.6673 0.4651 0.5817
vn -0.5923 0.4946 0.6360
vn -0.5264 0.6613 0.5344
vn -0.6935 0.2688 0.6684
vn -0.7470 0.2530 0.6148
vn -0.6356 0.2807 0.7192
vn -0.5594 0.2897 0.7766
vn -0.5107 0.5080 0.6936
vn -0.6532 0.1060 0.7498
vn -0.7080 0.1158 0.6967
vn -0.5766 0.1020 0.8107
vn -0.4909 0.1010 0.8653
vn -0.4756 0.2974 0.8279
vn -0.5809 -0.0173 0.8138
vn -0.6604 -0.0111 0.7508
vn -0.4948 -0.0220 0.8687
vn -0.4101 -0.0263 0.9117
vn -0.4081 0.1005 0.9074
vn -0.4953 -0.1316 0.8587
vn -0.5800 -0.1231 0.8052
vn -0.4085 -0.1382 0.9022
vn -0.3118 -0.1413 0.9396
vn -0.3151 -0.0283 0.9486
vn -0.3992 -0.2701 0.8762
vn -0.4862 -0.2651 0.8326
vn -0.3050 -0.2748 0.9118
vn -0.2098 -0.2809 0.9365
vn -0.2099 -0.1446 0.9670
vn -0.2887 -0.4499 0.8451
vn -0.3750 -0.4415 0.8151
vn -0.2005 -0.4560 0.8671
vn -0.1072 -0.4584 0.8823
vn -0.1664 -0.6943 0.7002
vn -0.2398 -0.6918 0.6812
vn -0.0880 -0.6930 0.7155
vn -0.0561 -0.8981 0.4363
vn -0.1060 -0.8985 0.4259
vn -0.0269 -0.9818 0.1882
vn 0.0220 -0.9749 0.2217
vn -0.0078 -0.9990 -0.0445
vn 0.0517 -0.8695 0.4912
vn 0.1093 -0.8666 0.4869
vn 0.0477 -0.9743 0.2202
vn 0.0738 -0.7165 0.6937
vn 0.1522 -0.7143 0.6831
vn 0.2265 -0.7108 0.6660
vn 0.1634 -0.8623 0.4793
vn 0.1790 -0.5548 0.8125
vn 0.0894 -0.5599 0.8237
vn 0.2661 -0.5486 0.7926
vn 0.3489 -0.5383 0.7671
vn 0.2943 -0.7049 0.6454
vn 0.2950 -0.3797 0.8768
vn 0.1995 -0.3954 0.8966
vn 0.3905 -0.3557 0.8491
vn 0.4848 -0.3285 0.8106
vn 0.4326 -0.5240 0.7336
vn 0.4144 -0.1086 0.9036
vn 0.3178 -0.1500 0.9362
vn 0.5082 -0.0756 0.8579
vn 0.5995 -0.0594 0.7982
vn 0.5721 -0.3068 0.7606
vn 0.4914 0.1304 0.8611
vn 0.3948 0.1360 0.9087
vn 0.5897 0.1271 0.7976
vn 0.6687 0.1246 0.7331
vn 0.6772 -0.0554 0.7337
vn 0.5735 0.2030 0.7936
vn 0.4613 0.2258 0.8580
vn 0.6553 0.1964 0.7294
vn 0.7228 0.1938 0.6633
vn 0.7379 0.1200 0.6642
vn 0.6185 0.3444 0.7063
vn 0.5311 0.3611 0.7666
vn 0.6843 0.3319 0.6492
vn 0.7482 0.3246 0.5786
vn 0.7871 0.1907 0.5866
vn 0.5331 0.6420 0.5510
vn 0.4779 0.6519 0.5887
vn 0.5841 0.6392 0.5003
vn 0.6349 0.6334 0.4424
vn 0.8027 0.3227 0.5016
vn 0.3785 0.8435 0.3810
vn 0.3476 0.8429 0.4107
vn 0.4154 0.8414 0.3458
vn 0.4568 0.8353 0.3058
vn 0.6886 0.6152 0.3839
vn 0.2887 0.9134 0.2870
vn 0.2680 0.9109 0.3137
vn 0.3167 0.9147 0.2511
vn 0.3388 0.9162 0.2139
vn 0.4968 0.8268 0.2636
vn 0.1476 0.9735 0.1745
vn 0.1233 0.9720 0.1999
vn 0.1664 0.9750 0.1475
vn 0.1768 0.9767 0.1214
vn 0.3521 0.9191 0.1769
vn 0.0072 0.9963 0.0852
vn -0.0116 0.9948 0.1008
vn 0.0204 0.9973 0.0706
vn 0.0278 0.9979 0.0593
vn 0.1799 0.9789 0.0971
vn -0.1081 0.9935 0.0355
vn -0.1214 0.9919 0.0374
vn -0.0962 0.9948 0.0347
vn -0.0877 0.9956 0.0340
vn 0.0319 0.9983 0.0486
vn -0.2996 0.9541 0.0026
vn -0.3174 0.9481 -0.0187
vn -0.2840 0.9587 0.0176
vn -0.2731 0.9616 0.0261
vn -0.0829 0.9961 0.0318
vn -0.6499 0.7599 -0.0149
vn -0.6598 0.7492 -0.0577
vn -0.6380 0.7698 0.0192
vn -0.6199 0.7823 0.0617
vn -0.2646 0.9636 0.0374
vn -0.8741 0.4855 0.0171
vn -0.8781 0.4768 -0.0403
vn -0.8628 0.4987 0.0829
vn -0.8447 0.5123 0.1547
vn -0.5919 0.7987 0.1086
vn -0.9275 0.3625 0.0916
vn -0.9323 0.3611 0.0210
vn -0.9188 0.3581 0.1662
vn -0.9052 0.3514 0.2389
vn -0.8238 0.5241 0.2162
vn -0.9521 0.2551 0.1687
vn -0.9618 0.2563 0.0963
vn -0.9364 0.2509 0.2454
vn -0.9113 0.2470 0.3295
vn -0.8808 0.3542 0.3142
vn -0.9533 0.1692 0.2502
vn -0.9698 0.1666 0.1783
vn -0.9290 0.1646 0.3314
vn -0.8902 0.1548 0.4284
vn -0.8707 0.2429 0.4277
vn -0.9407 0.0567 0.3346
vn -0.9642 0.0569 0.2590
vn -0.9022 0.0540 0.4278
vn -0.8434 0.0440 0.5354
vn -0.8283 0.1429 0.5418
vn -0.8954 -0.0949 0.4350
vn -0.9332 -0.1011 0.3449
vn -0.8427 -0.0932 0.5302
vn -0.7845 -0.0991 0.6121
vn -0.7781 0.0238 0.6277
vn -0.8200 -0.2338 0.5224
vn -0.8685 -0.2352 0.4364
vn -0.7672 -0.2351 0.5968
vn -0.7109 -0.2393 0.6613
vn -0.7260 -0.1081 0.6792
vn -0.7257 -0.3972 0.5617
vn -0.7761 -0.3876 0.4975
vn -0.6708 -0.4118 0.6169
vn -0.6079 -0.4232 0.6718
vn -0.6467 -0.2472 0.7216
vn -0.5562 -0.6632 0.5008
vn -0.6069 -0.6489 0.4589
vn -0.4964 -0.6719 0.5497
vn -0.4346 -0.6738 0.5976
vn -0.5350 -0.4291 0.7278
vn -0.3090 -0.8857 0.3465
vn -0.3507 -0.8832 0.3113
vn -0.2649 -0.8898 0.3716
vn -0.2294 -0.8938 0.3853
vn -0.3737 -0.6781 0.6329
vn -0.1134 -0.9804 0.1610
vn -0.1358 -0.9787 0.1538
vn -0.0984 -0.9817 0.1629
vn -0.0865 -0.9822 0.1667
vn -0.1941 -0.8961 0.3991
vn 0.0251 -0.9989 -0.0383
vn 0.0300 -0.9990 -0.0332
vn 0.0178 -0.9990 -0.0399
vn 0.0120 -0.9993 -0.0356
vn -0.0681 -0.9823 0.1746
vn 0.1397 -0.9507 -0.2767
vn 0.1698 -0.9492 -0.2649
vn 0.1073 -0.9522 -0.2862
vn 0.0758 -0.9532 -0.2927
vn 0.0071 -0.9996 -0.0285
vn 0.1900 -0.8265 -0.5298
vn 0.2470 -0.8286 -0.5024
vn 0.1332 -0.8239 -0.5508
vn 0.0699 -0.8228 -0.5640
vn 0.0405 -0.9545 -0.2956
vn 0.1692 -0.6376 -0.7515
vn 0.2476 -0.6420 -0.7256
vn 0.0864 -0.6352 -0.7675
vn 0.0935 -0.4186 -0.9033
vn 0.1893 -0.4207 -0.8872
vn 0.0948 -0.2272 -0.9692
vn 0.1189 0.0819 0.9895
vn 0.1132 -0.2055 0.9721
vn 0.1116 0.3378 0.9346
vn 0.2023 0.3350 0.9202
vn 0.2238 0.1047 0.9690
vn 0.0941 0.4969 0.8627
vn 0.1691 0.4771 0.8625
vn 0.2206 0.4523 0.8641
vn 0.2679 0.3142 0.9108
vn 0.1234 0.6875 0.7156
vn 0.0735 0.6923 0.7178
vn 0.1603 0.6825 0.7130
vn 0.2057 0.6816 0.7023
vn 0.2892 0.4218 0.8593
vn 0.1077 0.8492 0.5169
vn 0.0868 0.8480 0.5228
vn 0.1365 0.8523 0.5049
vn 0.1844 0.8575 0.4803
vn 0.2929 0.6795 0.6727
vn 0.1117 0.9004 0.4205
vn 0.0891 0.9005 0.4257
vn 0.1466 0.9009 0.4084
vn 0.1870 0.9020 0.3891
vn 0.2488 0.8543 0.4564
vn 0.1014 0.9422 0.3192
vn 0.0829 0.9369 0.3396
vn 0.1123 0.9525 0.2831
vn 0.1087 0.9629 0.2471
vn 0.2225 0.9041 0.3649
vn -0.0062 0.9943 0.1068
vn 0.0076 0.9897 0.1426
vn -0.0340 0.9954 0.0900
vn -0.0482 0.9942 0.0965
vn 0.1059 0.9694 0.2213
vn -0.1298 0.9915 0.0032
vn -0.1382 0.9891 -0.0512
vn -0.1256 0.9913 0.0404
vn -0.1275 0.9906 0.0495
vn -0.0448 0.9931 0.1081
vn -0.2829 0.9552 -0.0871
vn -0.2987 0.9462 -0.1244
vn -0.2920 0.9531 -0.0797
vn -0.3190 0.9453 -0.0678
vn -0.1391 0.9889 0.0530
vn -0.5670 0.7647 -0.3062
vn -0.5486 0.7669 -0.3329
vn -0.6022 0.7504 -0.2725
vn -0.6359 0.7354 -0.2340
vn -0.3326 0.9412 -0.0594
vn -0.7561 0.5153 -0.4034
vn -0.7200 0.5306 -0.4473
vn -0.7982 0.4940 -0.3447
vn -0.8369 0.4811 -0.2609
vn -0.6579 0.7322 -0.1762
vn -0.8406 0.3904 -0.3755
vn -0.8037 0.3910 -0.4485
vn -0.8781 0.3868 -0.2817
vn -0.9054 0.3798 -0.1896
vn -0.8618 0.4764 -0.1738
vn -0.9079 0.2966 -0.2962
vn -0.8713 0.2988 -0.3894
vn -0.9351 0.2889 -0.2051
vn -0.9518 0.2780 -0.1294
vn -0.9217 0.3706 -0.1141
vn -0.9569 0.1849 -0.2238
vn -0.9302 0.1965 -0.3100
vn -0.9743 0.1716 -0.1459
vn -0.9844 0.1623 -0.0678
vn -0.9624 0.2653 -0.0586
vn -0.9854 0.0581 -0.1603
vn -0.9676 0.0693 -0.2430
vn -0.9961 0.0500 -0.0732
vn -0.9986 0.0476 0.0234
vn -0.9873 0.1578 0.0206
vn -0.9939 -0.0764 -0.0790
vn -0.9829 -0.0697 -0.1702
vn -0.9962 -0.0834 0.0231
vn -0.9884 -0.0922 0.1209
vn -0.9916 0.0499 0.1193
vn -0.9762 -0.2165 0.0160
vn -0.9743 -0.2092 -0.0835
vn -0.9677 -0.2275 0.1087
vn -0.9529 -0.2376 0.1885
vn -0.9751 -0.1016 0.1970
vn -0.9247 -0.3680 0.0977
vn -0.9319 -0.3627 0.0092
vn -0.9110 -0.3718 0.1787
vn -0.8894 -0.3748 0.2616
vn -0.9322 -0.2414 0.2696
vn -0.7817 -0.6044 0.1540
vn -0.7974 -0.5977 0.0825
vn -0.7587 -0.6115 0.2247
vn -0.7292 -0.6188 0.2923
vn -0.8604 -0.3778 0.3419
vn -0.4859 -0.8625 0.1413
vn -0.5069 -0.8565 0.0973
vn -0.4600 -0.8684 0.1848
vn -0.4341 -0.8729 0.2229
vn -0.6942 -0.6256 0.3559
vn -0.1961 -0.9775 0.0778
vn -0.2103 -0.9760 0.0561
vn -0.1830 -0.9786 0.0946
vn -0.1740 -0.9789 0.1075
vn -0.4080 -0.8769 0.2541
vn 0.0179 -0.9998 -0.0102
vn 0.0124 -0.9999 -0.0066
vn 0.0228 -0.9996 -0.0150
vn 0.0252 -0.9995 -0.0213
vn -0.1670 -0.9783 0.1223
vn 0.2548 -0.9533 -0.1624
vn 0.2645 -0.9550 -0.1341
vn 0.2434 -0.9512 -0.1898
vn 0.2317 -0.9493 -0.2124
vn 0.0279 -0.9992 -0.0275
vn 0.4443 -0.8297 -0.3379
vn 0.4779 -0.8278 -0.2939
vn 0.4122 -0.8303 -0.3750
vn 0.3827 -0.8293 -0.4072
vn 0.2168 -0.9488 -0.2298
vn 0.5631 -0.6512 -0.5088
vn 0.6088 -0.6521 -0.4518
vn 0.5211 -0.6504 -0.5527
vn 0.4696 -0.6512 -0.5962
vn 0.3453 -0.8293 -0.4394
vn 0.6171 -0.4399 -0.6524
vn 0.6702 -0.4396 -0.5980
vn 0.5551 -0.4355 -0.7086
vn 0.4724 -0.4304 -0.7691
vn 0.4031 -0.6506 -0.6436
vn 0.5942 -0.2451 -0.7660
vn 0.6665 -0.2492 -0.7026
vn 0.5020 -0.2383 -0.8314
vn 0.3995 -0.2341 -0.8863
vn 0.3774 -0.4257 -0.8224
vn 0.5156 -0.0682 -0.8541
vn 0.6120 -0.0635 -0.7883
vn 0.4082 -0.0728 -0.9100
vn 0.2995 -0.0688 -0.9516
vn 0.2991 -0.2311 -0.9258
vn 0.4138 0.0712 -0.9076
vn 0.5233 0.0869 -0.8477
vn 0.2962 0.0660 -0.9528
vn 0.1909 0.0689 -0.9792
vn 0.1946 -0.0603 -0.9790
vn 0.2982 0.1341 -0.9450
vn 0.4209 0.1485 -0.8949
vn 0.1913 0.1266 -0.9733
vn 0.0983 0.1239 -0.9874
vn 0.0970 0.0696 -0.9928
vn 0.1954 0.1675 -0.9663
vn 0.3036 0.1773 -0.9362
vn 0.1004 0.1613 -0.9818
vn 0.1022 0.3407 -0.9346
vn 0.1957 0.3402 -0.9198
vn 0.0889 0.6651 -0.7414
vn 0.0504 0.9481 0.3139
vn 0.0656 0.8982 0.4346
vn 0.0215 0.9927 0.1184
vn 0.0267 0.9893 0.1435
vn 0.0652 0.9400 0.3350
vn -0.0132 0.9808 -0.1946
vn -0.0374 0.9831 -0.1793
vn -0.0765 0.9849 -0.1551
vn 0.0207 0.9863 0.1638
vn -0.0896 0.8892 -0.4488
vn -0.0379 0.8885 -0.4573
vn -0.1634 0.8910 -0.4236
vn -0.2460 0.8946 -0.3732
vn -0.1170 0.9854 -0.1235
vn -0.2062 0.8114 -0.5469
vn -0.1166 0.8086 -0.5767
vn -0.3120 0.8049 -0.5048
vn -0.4117 0.7861 -0.4611
vn -0.3058 0.9028 -0.3023
vn -0.3563 0.6868 -0.6336
vn -0.2487 0.6954 -0.6742
vn -0.4599 0.6559 -0.5986
vn -0.5660 0.6073 -0.5575
vn -0.4950 0.7671 -0.4081
vn -0.4937 0.4883 -0.7196
vn -0.4002 0.4961 -0.7706
vn -0.5879 0.4672 -0.6604
vn -0.6733 0.4340 -0.5985
vn -0.6480 0.5591 -0.5172
vn -0.6041 0.3340 -0.7236
vn -0.5170 0.3356 -0.7875
vn -0.6863 0.3229 -0.6517
vn -0.7476 0.3085 -0.5882
vn -0.7308 0.4074 -0.5477
vn -0.6950 0.2292 -0.6815
vn -0.6164 0.2333 -0.7521
vn -0.7555 0.2209 -0.6168
vn -0.8048 0.2127 -0.5541
vn -0.7924 0.2985 -0.5320
vn -0.7567 0.1101 -0.6444
vn -0.6978 0.1209 -0.7060
vn -0.8114 0.0998 -0.5759
vn -0.8621 0.0928 -0.4982
vn -0.8514 0.2070 -0.4819
vn -0.8064 -0.0327 -0.5904
vn -0.7471 -0.0270 -0.6641
vn -0.8596 -0.0372 -0.5097
vn -0.9028 -0.0447 -0.4276
vn -0.9061 0.0868 -0.4140
vn -0.8431 -0.1688 -0.5105
vn -0.7909 -0.1686 -0.5882
vn -0.8826 -0.1759 -0.4360
vn -0.9186 -0.1879 -0.3478
vn -0.9396 -0.0553 -0.3378
vn -0.8404 -0.3321 -0.4283
vn -0.8048 -0.3290 -0.4940
vn -0.8755 -0.3383 -0.3451
vn -0.9024 -0.3450 -0.2580
vn -0.9452 -0.1978 -0.2597
vn -0.7576 -0.5768 -0.3056
vn -0.7235 -0.5800 -0.3744
vn -0.7824 -0.5777 -0.2324
vn -0.7985 -0.5814 -0.1560
vn -0.9199 -0.3516 -0.1735
vn -0.5156 -0.8419 -0.1589
vn -0.4996 -0.8416 -0.2051
vn -0.5270 -0.8433 -0.1055
vn -0.5334 -0.8441 -0.0543
vn -0.8079 -0.5842 -0.0776
vn -0.2366 -0.9703 -0.0511
vn -0.2344 -0.9692 -0.0762
vn -0.2349 -0.9716 -0.0278
vn -0.2332 -0.9724 -0.0044
vn -0.5315 -0.8470 -0.0028
vn 0.0064 -1.0000 -0.0071
vn 0.0010 -1.0000 -0.0080
vn 0.0106 -0.9999 -0.0045
vn 0.0128 -0.9999 -0.0032
vn -0.2301 -0.9730 0.0192
vn 0.3210 -0.9471 -0.0000
vn 0.3183 -0.9477 0.0231
vn 0.3158 -0.9486 -0.0208
vn 0.3026 -0.9521 -0.0443
vn 0.0124 -0.9999 -0.0055
vn 0.6205 -0.7837 -0.0275
vn 0.6320 -0.7748 0.0163
vn 0.6030 -0.7945 -0.0723
vn 0.5782 -0.8056 -0.1296
vn 0.2884 -0.9547 -0.0735
vn 0.7697 -0.6323 -0.0876
vn 0.7765 -0.6295 -0.0254
vn 0.7566 -0.6336 -0.1615
vn 0.7327 -0.6370 -0.2397
vn 0.5459 -0.8162 -0.1892
vn 0.8635 -0.4653 -0.1946
vn 0.8707 -0.4790 -0.1118
vn 0.8468 -0.4521 -0.2801
vn 0.8181 -0.4437 -0.3659
vn 0.6981 -0.6423 -0.3164
vn 0.9162 -0.2548 -0.3094
vn 0.9408 -0.2547 -0.2237
vn 0.8819 -0.2521 -0.3984
vn 0.8388 -0.2446 -0.4864
vn 0.7776 -0.4403 -0.4488
vn 0.9090 -0.0430 -0.4146
vn 0.9472 -0.0389 -0.3184
vn 0.8623 -0.0393 -0.5049
vn 0.8134 -0.0395 -0.5804
vn 0.7864 -0.2422 -0.5683
vn 0.8552 0.1309 -0.5015
vn 0.9011 0.1349 -0.4122
vn 0.8105 0.1246 -0.5723
vn 0.7585 0.1147 -0.6415
vn 0.7568 -0.0486 -0.6519
vn 0.8024 0.1998 -0.5624
vn 0.8462 0.2105 -0.4896
vn 0.7505 0.1967 -0.6310
vn 0.6858 0.1957 -0.7010
vn 0.6931 0.1052 -0.7131
vn 0.7391 0.2521 -0.6247
vn 0.7926 0.2571 -0.5529
vn 0.6784 0.2473 -0.6918
vn 0.6131 0.2308 -0.7555
vn 0.6116 0.1870 -0.7688
vn 0.6514 0.3638 -0.6658
vn 0.7035 0.3787 -0.6014
vn 0.5938 0.3525 -0.7233
vn 0.5187 0.3468 -0.7814
vn 0.5360 0.2083 -0.8181
vn 0.4820 0.6363 -0.6024
vn 0.5291 0.6384 -0.5590
vn 0.4184 0.6423 -0.6422
vn 0.3355 0.6518 -0.6802
vn 0.4159 0.3427 -0.8424
vn 0.2754 0.8525 -0.4443
vn 0.3142 0.8533 -0.4162
vn 0.2246 0.8554 -0.4668
vn 0.1698 0.8563 -0.4877
vn 0.2437 0.6555 -0.7147
vn 0.1597 0.9271 -0.3391
vn 0.1883 0.9304 -0.3145
vn 0.1262 0.9256 -0.3568
vn 0.0904 0.9255 -0.3678
vn 0.1212 0.8567 -0.5014
vn 0.0668 0.9784 -0.1955
vn 0.0847 0.9783 -0.1893
vn 0.0465 0.9791 -0.1981
vn 0.0240 0.9802 -0.1963
vn 0.0488 0.9267 -0.3726
vn -0.0114 0.9999 0.0127
vn -0.0134 0.9999 0.0071
vn -0.0087 0.9998 0.0177
vn -0.0383 0.9732 0.2266
vn -0.0647 0.9721 0.2253
vn -0.0689 0.8503 0.5218
vn -0.0923 0.4773 -0.8739
vn -0.0733 0.6712 -0.7377
vn -0.0991 0.3279 -0.9395
vn -0.2060 0.3293 -0.9215
vn -0.1897 0.4861 -0.8531
vn -0.1056 0.2339 -0.9665
vn -0.2138 0.2410 -0.9467
vn -0.3267 0.2453 -0.9127
vn -0.3170 0.3322 -0.8884
vn -0.2239 0.1313 -0.9657
vn -0.1154 0.1223 -0.9858
vn -0.3348 0.1379 -0.9321
vn -0.4347 0.1396 -0.8897
vn -0.4308 0.2438 -0.8689
vn -0.3364 -0.0136 -0.9416
vn -0.2301 -0.0173 -0.9730
vn -0.4357 -0.0115 -0.9000
vn -0.5262 -0.0094 -0.8503
vn -0.5287 0.1367 -0.8377
vn -0.4307 -0.1613 -0.8880
vn -0.3321 -0.1680 -0.9281
vn -0.5179 -0.1556 -0.8411
vn -0.5967 -0.1556 -0.7872
vn -0.6137 -0.0119 -0.7895
vn -0.4950 -0.3288 -0.8043
vn -0.4161 -0.3339 -0.8458
vn -0.5653 -0.3284 -0.7567
vn -0.6314 -0.3287 -0.7023
vn -0.6673 -0.1621 -0.7270
vn -0.4812 -0.5899 -0.6484
vn -0.4218 -0.5890 -0.6893
vn -0.5413 -0.5860 -0.6029
vn -0.5966 -0.5811 -0.5536
vn -0.6924 -0.3290 -0.6422
vn -0.3643 -0.8397 -0.4029
vn -0.3225 -0.8395 -0.4373
vn -0.4019 -0.8387 -0.3675
vn -0.4339 -0.8393 -0.3275
vn -0.6502 -0.5805 -0.4902
vn -0.1980 -0.9641 -0.1769
vn -0.1807 -0.9629 -0.2004
vn -0.2085 -0.9656 -0.1556
vn -0.2134 -0.9670 -0.1389
vn -0.4560 -0.8415 -0.2898
vn -0.0141 -0.9999 -0.0092
vn -0.0192 -0.9997 -0.0153
vn -0.0086 -0.9999 -0.0086
vn -0.0063 -1.0000 -0.0075
vn -0.2210 -0.9680 -0.1188
vn 0.2382 -0.9603 0.1450
vn 0.2158 -0.9628 0.1625
vn 0.2576 -0.9581 0.1256
vn 0.2770 -0.9554 0.1028
vn -0.0044 -1.0000 -0.0062
vn 0.5249 -0.8156 0.2436
vn 0.4847 -0.8266 0.2861
vn 0.5647 -0.8016 0.1964
vn 0.6020 -0.7848 0.1472
vn 0.2956 -0.9523 0.0756
vn 0.7515 -0.6120 0.2466
vn 0.7153 -0.6258 0.3109
vn 0.7746 -0.6048 0.1848
vn 0.7850 -0.6047 0.1348
vn 0.6266 -0.7726 0.1028
vn 0.8512 -0.4776 0.2175
vn 0.8400 -0.4648 0.2799
vn 0.8564 -0.4908 0.1602
vn 0.8617 -0.4962 0.1063
vn 0.7860 -0.6114 0.0912
vn 0.9402 -0.2878 0.1821
vn 0.9228 -0.2908 0.2527
vn 0.9536 -0.2803 0.1096
vn 0.9620 -0.2712 0.0325
vn 0.8678 -0.4953 0.0406
vn 0.9944 -0.0289 0.1021
vn 0.9824 -0.0347 0.1834
vn 0.9994 -0.0258 0.0219
vn 0.9977 -0.0258 -0.0623
vn 0.9637 -0.2619 -0.0517
vn 0.9912 0.1311 0.0191
vn 0.9863 0.1330 0.0973
vn 0.9892 0.1316 -0.0642
vn 0.9791 0.1359 -0.1512
vn 0.9885 -0.0276 -0.1488
vn 0.9755 0.2106 -0.0645
vn 0.9781 0.2072 0.0212
vn 0.9641 0.2171 -0.1530
vn 0.9476 0.2215 -0.2302
vn 0.9626 0.1395 -0.2323
vn 0.9479 0.2814 -0.1493
vn 0.9565 0.2850 -0.0617
vn 0.9342 0.2764 -0.2256
vn 0.9118 0.2759 -0.3042
vn 0.9249 0.2228 -0.3082
vn 0.8784 0.4318 -0.2048
vn 0.8791 0.4597 -0.1256
vn 0.8630 0.4164 -0.2862
vn 0.8340 0.4064 -0.3733
vn 0.8768 0.2742 -0.3951
vn 0.6801 0.6995 -0.2193
vn 0.6772 0.7217 -0.1436
vn 0.6680 0.6821 -0.2976
vn 0.6467 0.6658 -0.3722
vn 0.7978 0.3978 -0.4531
vn 0.4036 0.8978 -0.1762
vn 0.3979 0.9098 -0.1179
vn 0.4020 0.8847 -0.2361
vn 0.3894 0.8723 -0.2957
vn 0.6141 0.6543 -0.4413
vn 0.2043 0.9714 -0.1209
vn 0.1959 0.9773 -0.0803
vn 0.2110 0.9628 -0.1687
vn 0.2131 0.9523 -0.2182
vn 0.3648 0.8631 -0.3494
vn 0.0671 0.9961 -0.0576
vn 0.0512 0.9982 -0.0306
vn 0.0841 0.9923 -0.0906
vn 0.1021 0.9872 -0.1227
vn 0.2141 0.9424 -0.2571
vn -0.0609 0.9972 0.0434
vn -0.0743 0.9964 0.0399
vn -0.0323 0.9986 0.0419
vn -0.0086 0.9995 0.0288
vn 0.1118 0.9821 -0.1517
vn -0.1969 0.9561 0.2170
vn -0.2292 0.9584 0.1700
vn -0.1554 0.9574 0.2434
vn -0.1303 0.9618 0.2406
vn -0.0062 0.9999 0.0104
vn -0.3216 0.8268 0.4614
vn -0.3917 0.8292 0.3988
vn -0.2674 0.8275 0.4937
vn -0.2251 0.8340 0.5038
vn -0.1149 0.9666 0.2290
vn -0.3693 0.6585 0.6558
vn -0.4412 0.6653 0.6023
vn -0.3062 0.6525 0.6932
vn -0.2396 0.6509 0.7203
vn -0.1766 0.8424 0.5092
vn -0.3551 0.5069 0.7855
vn -0.4310 0.5103 0.7442
vn -0.2739 0.5030 0.8198
vn -0.1887 0.5009 0.8447
vn -0.1678 0.6525 0.7390
vn -0.3036 0.3005 0.9042
vn -0.3941 0.3009 0.8684
vn -0.2073 0.2985 0.9316
vn -0.1066 0.2980 0.9486
vn -0.0964 0.5017 0.8597
vn -0.2129 0.1027 0.9717
vn -0.3152 0.1007 0.9437
vn -0.1118 0.1049 0.9882
vn -0.2105 -0.0281 0.9772
vn -0.0878 0.6559 0.7497
vn -0.1252 0.8472 0.5164
vn -0.0909 0.9702 0.2248
vn -0.0132 0.9999 0.0025
vn 0.1030 0.9791 -0.1753
vn 0.2081 0.9353 -0.2861
vn 0.3407 0.8571 -0.3865
vn 0.5703 0.6467 -0.5065
vn 0.7543 0.3903 -0.5279
vn 0.8376 0.2664 -0.4769
vn 0.8878 0.2207 -0.4038
vn 0.9395 0.1383 -0.3134
vn 0.9719 -0.0315 -0.2333
vn 0.9566 -0.2565 -0.1382
vn 0.8713 -0.4896 -0.0336
vn 0.7823 -0.6219 0.0346
vn 0.6353 -0.7697 0.0622
vn 0.3098 -0.9496 0.0476
vn -0.0029 -1.0000 -0.0073
vn -0.2289 -0.9686 -0.0970
vn -0.4770 -0.8427 -0.2498
vn -0.6907 -0.5814 -0.4300
vn -0.7560 -0.3293 -0.5658
vn -0.7275 -0.1681 -0.6652
vn -0.6885 -0.0192 -0.7250
vn -0.6211 0.1297 -0.7729
vn -0.5267 0.2375 -0.8162
vn -0.4237 0.3342 -0.8419
vn -0.2947 0.4949 -0.8175
vn -0.1521 0.6857 -0.7118
vn -0.0522 0.8036 -0.5929
vn 0.0655 0.8593 -0.5073
vn 0.1671 0.6594 -0.7330
vn 0.2973 0.3398 -0.8923
vn 0.4280 0.1907 -0.8834
vn 0.5295 0.1689 -0.8313
vn 0.6143 0.0988 -0.7829
vn 0.6908 -0.0585 -0.7207
vn 0.7281 -0.2470 -0.6394
vn 0.7253 -0.4387 -0.5305
vn 0.6560 -0.6485 -0.3861
vn 0.5115 -0.8239 -0.2440
vn 0.2746 -0.9559 -0.1042
vn 0.0104 -0.9999 -0.0064
vn -0.2218 -0.9744 0.0375
vn -0.5230 -0.8508 0.0511
vn -0.8073 -0.5901 0.0032
vn -0.9302 -0.3572 -0.0846
vn -0.9634 -0.2039 -0.1742
vn -0.9648 -0.0635 -0.2550
vn -0.9427 0.0792 -0.3241
vn -0.8938 0.2025 -0.4002
vn -0.8328 0.2957 -0.4680
vn -0.7697 0.3950 -0.5016
vn -0.6894 0.5378 -0.4853
vn -0.5392 0.7620 -0.3586
vn -0.3200 0.9228 -0.2144
vn -0.1416 0.9859 -0.0892
vn 0.0139 0.9862 0.1648
vn 0.0710 0.9364 0.3436
vn 0.0788 0.8989 0.4310
vn 0.0653 0.8414 0.5365
vn 0.0956 -0.0587 -0.9937
vn 0.1960 -0.2283 -0.9537
vn 0.2844 -0.4223 -0.8607
vn 0.3260 -0.6467 -0.6895
vn 0.3003 -0.8294 -0.4712
vn 0.1958 -0.9485 -0.2489
vn 0.0311 -0.9991 -0.0300
vn -0.1564 -0.9779 0.1385
vn -0.3817 -0.8806 0.2809
vn -0.6516 -0.6356 0.4141
vn -0.8231 -0.3818 0.4205
vn -0.9054 -0.2390 0.3509
vn -0.9577 -0.1051 0.2680
vn -0.9797 0.0543 0.1928
vn -0.9814 0.1600 0.1061
vn -0.9660 0.2576 0.0210
vn -0.9306 0.3629 -0.0480
vn -0.8740 0.4755 -0.1003
vn -0.6645 0.7386 -0.1138
vn -0.3304 0.9429 -0.0415
vn -0.1342 0.9900 0.0435
vn -0.0347 0.9928 0.1142
vn 0.1090 0.9716 0.2102
vn 0.2509 0.9074 0.3373
vn 0.3068 0.8457 0.4366
vn 0.3988 0.6675 0.6288
vn 0.4060 0.3877 0.8275
vn 0.3496 0.2696 0.8973
vn 0.3086 0.1277 0.9426
vn 0.2191 -0.1852 0.9580
vn 0.1020 -0.4056 0.9083
vn 0.0031 -0.9998 -0.0213
vn -0.0491 -0.9819 0.1828
vn -0.1514 -0.8979 0.4134
vn -0.3093 -0.6858 0.6588
vn -0.4564 -0.4342 0.7766
vn -0.5696 -0.2573 0.7806
vn -0.6595 -0.1156 0.7427
vn -0.7225 0.0020 0.6914
vn -0.7597 0.1296 0.6373
vn -0.8111 0.2426 0.5322
vn -0.8385 0.3669 0.4028
vn -0.7996 0.5348 0.2733
vn -0.5614 0.8145 0.1462
vn -0.2545 0.9656 0.0527
vn -0.0827 0.9961 0.0306
vn 0.0350 0.9986 0.0387
vn 0.1809 0.9808 0.0722
vn 0.3595 0.9227 0.1391
vn 0.5294 0.8196 0.2192
vn 0.7407 0.5897 0.3220
vn 0.8488 0.3190 0.4217
vn 0.8396 0.1931 0.5078
vn 0.8021 0.1177 0.5855
vn 0.7473 -0.0562 0.6621
vn 0.6478 -0.2917 0.7037
vn 0.5128 -0.5069 0.6929
vn 0.3617 -0.6977 0.6184
vn 0.2143 -0.8577 0.4674
vn 0.0712 -0.9733 0.2183
vn -0.0128 -0.9991 -0.0409
vn -0.0368 -0.9572 -0.2869
vt 0.096456 0.668380
vt 0.105462 0.666964
vt 0.108738 0.676521
vt 0.100196 0.677974
vt 0.103389 0.687778
vt 0.111537 0.686396
vt 0.693825 0.874383
vt 0.684347 0.874129
vt 0.683928 0.865741
vt 0.693845 0.866023
vt 0.693694 0.858563
vt 0.683304 0.858369
vt 0.703942 0.866658
vt 0.704307 0.859202
vt 0.682412 0.851569
vt 0.693431 0.851763
vt 0.704719 0.852595
vt 0.715246 0.860362
vt 0.716186 0.853829
vt 0.693163 0.844953
vt 0.705063 0.845767
vt 0.717158 0.847177
vt 0.727697 0.855265
vt 0.729305 0.848742
vt 0.705556 0.838567
vt 0.718160 0.839790
vt 0.730918 0.841628
vt 0.741131 0.850577
vt 0.743417 0.843520
vt 0.719265 0.831852
vt 0.732628 0.833473
vt 0.745840 0.835516
vt 0.755717 0.845776
vt 0.758729 0.837618
vt 0.734448 0.824048
vt 0.748311 0.825768
vt 0.761973 0.828026
vt 0.771437 0.840009
vt 0.775226 0.830007
vt 0.750961 0.814583
vt 0.765114 0.816203
vt 0.779316 0.818595
vt 0.788452 0.832705
vt 0.792964 0.821099
vt 0.768075 0.804273
vt 0.782855 0.806196
vt 0.797553 0.808833
vt 0.806439 0.823819
vt 0.811395 0.811532
vt 0.786113 0.793734
vt 0.800931 0.795715
vt 0.815612 0.798250
vt 0.824670 0.814316
vt 0.829011 0.800775
vt 0.803445 0.782394
vt 0.818134 0.784236
vt 0.832103 0.786336
vt 0.842074 0.803688
vt 0.845055 0.788040
vt 0.819458 0.770305
vt 0.833320 0.770984
vt 0.846581 0.771740
vt 0.816367 0.141201
vt 0.829818 0.141261
vt 0.829049 0.157171
vt 0.815772 0.156430
vt 0.833310 0.757382
vt 0.846894 0.757042
vt 0.814396 0.170469
vt 0.827574 0.171591
vt 0.802025 0.155170
vt 0.800538 0.168784
vt 0.826020 0.183098
vt 0.812761 0.181633
vt 0.799373 0.179902
vt 0.786440 0.166549
vt 0.785177 0.177702
vt 0.811142 0.191354
vt 0.798062 0.189119
vt 0.784097 0.187196
vt 0.770814 0.175920
vt 0.769677 0.185421
vt 0.795999 0.197888
vt 0.782306 0.195864
vt 0.768513 0.194062
vt 0.755217 0.183535
vt 0.754061 0.192037
vt 0.780347 0.204270
vt 0.766613 0.202115
vt 0.752756 0.200089
vt 0.739633 0.190153
vt 0.738433 0.197953
vt 0.764268 0.210895
vt 0.750851 0.208406
vt 0.737082 0.206148
vt 0.724084 0.195978
vt 0.722948 0.203912
vt 0.748129 0.217816
vt 0.734906 0.215204
vt 0.721417 0.212879
vt 0.708731 0.201989
vt 0.707641 0.210811
vt 0.732355 0.224754
vt 0.719420 0.222412
vt 0.706378 0.220391
vt 0.693730 0.208881
vt 0.693003 0.218165
vt 0.717473 0.231533
vt 0.704997 0.229455
vt 0.692234 0.227583
vt 0.679552 0.216215
vt 0.679405 0.225658
vt 0.703672 0.237795
vt 0.691545 0.236335
vt 0.679190 0.235034
vt 0.666528 0.224407
vt 0.666979 0.234060
vt 0.690920 0.243940
vt 0.679198 0.243118
vt 0.667475 0.242773
vt 0.654840 0.233440
vt 0.655839 0.242531
vt 0.679437 0.250683
vt 0.668259 0.250598
vt 0.657394 0.251044
vt 0.644885 0.242826
vt 0.646942 0.251696
vt 0.669224 0.258808
vt 0.658983 0.259557
vt 0.649065 0.260652
vt 0.636816 0.252629
vt 0.639504 0.261880
vt 0.660476 0.269003
vt 0.651078 0.270167
vt 0.641991 0.271398
vt 0.630263 0.263309
vt 0.633058 0.272863
vt 0.652692 0.280250
vt 0.643909 0.281396
vt 0.635422 0.282700
vt 0.624475 0.274643
vt 0.627178 0.284366
vt 0.645192 0.291596
vt 0.636954 0.292831
vt 0.628986 0.294312
vt 0.619229 0.286326
vt 0.621158 0.296052
vt 0.651102 0.017248
vt 0.641902 0.014844
vt 0.646376 0.005811
vt 0.655183 0.008017
vt 0.633000 0.012203
vt 0.637852 0.003300
vt 0.629649 0.000404
vt 0.624603 0.008893
vt 0.636867 0.023347
vt 0.627537 0.020348
vt 0.618848 0.016845
vt 0.091885 0.679631
vt 0.083786 0.681669
vt 0.079175 0.672382
vt 0.087717 0.670184
vt 0.621601 0.027846
vt 0.612663 0.024046
vt 0.083117 0.661498
vt 0.074140 0.663828
vt 0.092323 0.659522
vt 0.068808 0.656186
vt 0.078229 0.653669
vt 0.088157 0.651776
vt 0.101848 0.658036
vt 0.098321 0.650113
vt 0.072827 0.646057
vt 0.083399 0.643940
vt 0.094366 0.642442
vt 0.077865 0.635256
vt 0.089841 0.633728
vt 0.692462 0.829533
vt 0.679334 0.829365
vt 0.678251 0.820037
vt 0.692242 0.820319
vt 0.691986 0.809782
vt 0.677410 0.809206
vt 0.706217 0.821205
vt 0.706813 0.810558
vt 0.676946 0.797729
vt 0.692082 0.798366
vt 0.707325 0.799464
vt 0.721663 0.811711
vt 0.722821 0.800407
vt 0.692415 0.786862
vt 0.707996 0.787902
vt 0.723920 0.788913
vt 0.738119 0.801395
vt 0.739759 0.789643
vt 0.709004 0.776574
vt 0.725129 0.777309
vt 0.741347 0.777828
vt 0.755392 0.790531
vt 0.757279 0.778180
vt 0.726255 0.765919
vt 0.742488 0.765747
vt 0.758606 0.765528
vt 0.772977 0.779178
vt 0.774424 0.766024
vt 0.742751 0.754020
vt 0.758775 0.753799
vt 0.774809 0.754488
vt 0.789851 0.767451
vt 0.790145 0.755607
vt 0.758350 0.744748
vt 0.774224 0.745370
vt 0.789803 0.746215
vt 0.805056 0.756604
vt 0.804351 0.746849
vt 0.773599 0.737499
vt 0.788784 0.737847
vt 0.803461 0.737960
vt 0.818670 0.746709
vt 0.817312 0.737497
vt 0.787647 0.730292
vt 0.801887 0.729756
vt 0.815616 0.728485
vt 0.830652 0.736243
vt 0.828538 0.726962
vt 0.800068 0.721046
vt 0.813244 0.719424
vt 0.826129 0.717189
vt 0.841357 0.725434
vt 0.838587 0.715524
vt 0.810522 0.709354
vt 0.822838 0.707134
vt 0.835138 0.704915
vt 0.806271 0.209440
vt 0.818215 0.212688
vt 0.813963 0.223236
vt 0.802345 0.219447
vt 0.818774 0.695613
vt 0.830700 0.693009
vt 0.796839 0.231221
vt 0.807866 0.235062
vt 0.790101 0.216299
vt 0.785280 0.227226
vt 0.802267 0.244646
vt 0.791549 0.240665
vt 0.780532 0.237169
vt 0.773197 0.223908
vt 0.768902 0.233543
vt 0.787366 0.248025
vt 0.776498 0.244696
vt 0.765228 0.241714
vt 0.757027 0.230467
vt 0.753673 0.238682
vt 0.773051 0.251203
vt 0.762069 0.248519
vt 0.750735 0.246059
vt 0.741859 0.236224
vt 0.739182 0.243600
vt 0.759279 0.254532
vt 0.748240 0.252175
vt 0.737017 0.250092
vt 0.727508 0.241426
vt 0.725676 0.248106
vt 0.745816 0.258336
vt 0.734965 0.256260
vt 0.724016 0.254637
vt 0.714359 0.246465
vt 0.712991 0.253084
vt 0.732978 0.262830
vt 0.722318 0.261258
vt 0.711722 0.260100
vt 0.701824 0.251852
vt 0.700983 0.259351
vt 0.720598 0.269169
vt 0.710336 0.268287
vt 0.700066 0.267839
vt 0.690352 0.258774
vt 0.689971 0.267606
vt 0.708774 0.278499
vt 0.699006 0.278064
vt 0.689412 0.277838
vt 0.679937 0.267645
vt 0.679988 0.277978
vt 0.697897 0.289256
vt 0.688745 0.289019
vt 0.679795 0.288999
vt 0.670721 0.278436
vt 0.671034 0.289280
vt 0.709904 0.025211
vt 0.699983 0.024693
vt 0.701921 0.014279
vt 0.711339 0.014631
vt 0.690128 0.023923
vt 0.692552 0.013688
vt 0.683116 0.012746
vt 0.680226 0.022576
vt 0.697879 0.034345
vt 0.687361 0.033330
vt 0.676985 0.031888
vt 0.670378 0.021049
vt 0.666589 0.030189
vt 0.684762 0.041721
vt 0.673651 0.040100
vt 0.662701 0.038279
vt 0.656420 0.028212
vt 0.652000 0.036231
vt 0.670468 0.047413
vt 0.659088 0.045542
vt 0.647599 0.043279
vt 0.641569 0.033737
vt 0.636533 0.040786
vt 0.655101 0.052652
vt 0.642994 0.050377
vt 0.631344 0.047674
vt 0.625976 0.037906
vt 0.620130 0.044874
vt 0.638493 0.058109
vt 0.625954 0.055575
vt 0.613802 0.052377
vt 0.609519 0.041322
vt 0.602735 0.049133
vt 0.620302 0.064736
vt 0.607268 0.062010
vt 0.594876 0.058409
vt 0.593282 0.043676
vt 0.588181 0.048942
vt 0.600940 0.073379
vt 0.587577 0.069959
vt 0.038322 0.619136
vt 0.047083 0.630645
vt 0.035020 0.632560
vt 0.026020 0.622219
vt 0.058859 0.627531
vt 0.051545 0.616523
vt 0.016705 0.609975
vt 0.030288 0.606862
vt 0.044985 0.605016
vt 0.065414 0.614094
vt 0.060171 0.603009
vt 0.024750 0.594295
vt 0.039992 0.592628
vt 0.055786 0.591313
vt 0.075678 0.601536
vt 0.072227 0.589916
vt 0.036569 0.580063
vt 0.052789 0.578890
vt 0.069417 0.577821
vt 0.050870 0.566374
vt 0.067433 0.565577
vt 0.693798 0.764343
vt 0.677680 0.763137
vt 0.678693 0.752357
vt 0.694775 0.753711
vt 0.695548 0.743478
vt 0.679874 0.741892
vt 0.710817 0.754627
vt 0.711258 0.744286
vt 0.681385 0.731978
vt 0.696485 0.733708
vt 0.711613 0.734870
vt 0.726752 0.744412
vt 0.726643 0.735757
vt 0.697645 0.724416
vt 0.712155 0.726090
vt 0.726780 0.727476
vt 0.741908 0.736404
vt 0.741817 0.729014
vt 0.713077 0.717228
vt 0.727304 0.719439
vt 0.741951 0.721402
vt 0.757300 0.730163
vt 0.756973 0.722825
vt 0.727884 0.711267
vt 0.741999 0.713452
vt 0.756487 0.714762
vt 0.771914 0.723264
vt 0.770805 0.714962
vt 0.742023 0.705716
vt 0.755768 0.706034
vt 0.769368 0.704919
vt 0.784701 0.713609
vt 0.782417 0.702938
vt 0.754707 0.697691
vt 0.767233 0.695833
vt 0.779611 0.693180
vt 0.794732 0.700492
vt 0.791488 0.690849
vt 0.765395 0.688966
vt 0.777366 0.686723
vt 0.789038 0.684173
vt 0.803115 0.688480
vt 0.800500 0.681810
vt 0.775373 0.681196
vt 0.786512 0.678670
vt 0.798059 0.676090
vt 0.811913 0.679052
vt 0.809228 0.673411
vt 0.784583 0.673843
vt 0.795645 0.671272
vt 0.806729 0.668308
vt 0.820212 0.670207
vt 0.817180 0.665300
vt 0.793701 0.666385
vt 0.804280 0.663557
vt 0.814362 0.660306
vt 0.826287 0.660423
vt 0.823986 0.656185
vt 0.801654 0.658063
vt 0.811665 0.655063
vt 0.821218 0.651201
vt 0.766965 0.263001
vt 0.777045 0.265587
vt 0.773889 0.271565
vt 0.764059 0.268861
vt 0.808583 0.648655
vt 0.817832 0.645157
vt 0.760772 0.276037
vt 0.770260 0.278570
vt 0.753989 0.266575
vt 0.750993 0.273812
vt 0.765914 0.287698
vt 0.756846 0.285381
vt 0.747502 0.283442
vt 0.740928 0.271988
vt 0.737926 0.281810
vt 0.753037 0.296096
vt 0.744098 0.294306
vt 0.734972 0.292671
vt 0.728213 0.280388
vt 0.725747 0.291330
vt 0.768996 0.024165
vt 0.759439 0.024650
vt 0.759067 0.013792
vt 0.768359 0.013213
vt 0.749674 0.025071
vt 0.749627 0.014221
vt 0.740113 0.014497
vt 0.739874 0.025358
vt 0.760190 0.034907
vt 0.750143 0.035309
vt 0.739820 0.035608
vt 0.729940 0.025462
vt 0.729501 0.035618
vt 0.750876 0.044610
vt 0.740160 0.044722
vt 0.729197 0.044657
vt 0.718994 0.035448
vt 0.718105 0.044231
vt 0.740545 0.052877
vt 0.729047 0.052721
vt 0.717454 0.052198
vt 0.707054 0.043651
vt 0.705617 0.051456
vt 0.729014 0.060447
vt 0.716847 0.059903
vt 0.704465 0.058872
vt 0.694006 0.050407
vt 0.692055 0.057853
vt 0.716116 0.067922
vt 0.703152 0.066986
vt 0.690199 0.065606
vt 0.679671 0.056477
vt 0.677062 0.064236
vt 0.701884 0.076066
vt 0.688075 0.074844
vt 0.674290 0.073139
vt 0.663991 0.062542
vt 0.660588 0.071525
vt 0.686168 0.085354
vt 0.671699 0.084076
vt 0.657030 0.082143
vt 0.647044 0.069678
vt 0.642877 0.080474
vt 0.669419 0.095295
vt 0.654294 0.093930
vt 0.639163 0.091918
vt 0.628524 0.078374
vt 0.624466 0.090204
vt 0.652341 0.105561
vt 0.636805 0.104130
vt 0.621295 0.102366
vt 0.609904 0.088239
vt 0.606374 0.100861
vt 0.635062 0.116185
vt 0.619333 0.115078
vt 0.603618 0.113706
vt 0.591472 0.099054
vt 0.588578 0.112613
vt 0.618100 0.127748
vt 0.602390 0.126993
vt 0.586776 0.126177
vt 0.573678 0.110715
vt 0.572008 0.125383
vt 0.601812 0.139997
vt 0.586357 0.139903
vt 0.571169 0.139772
vt 0.017867 0.567918
vt 0.001515 0.568819
vt 0.000403 0.554643
vt 0.016909 0.554424
vt 0.586729 0.152858
vt 0.571698 0.153319
vt 0.016521 0.541449
vt 0.000703 0.541084
vt 0.033202 0.554020
vt 0.032913 0.541553
vt 0.001606 0.529261
vt 0.017227 0.530020
vt 0.032987 0.530619
vt 0.049280 0.541468
vt 0.049365 0.530711
vt 0.018303 0.520837
vt 0.033640 0.521530
vt 0.049622 0.521796
vt 0.065492 0.530691
vt 0.065931 0.521848
vt 0.035008 0.513473
vt 0.050421 0.513635
vt 0.066505 0.513917
vt 0.051671 0.507099
vt 0.067350 0.507494
vt 0.700562 0.706812
vt 0.686866 0.704731
vt 0.688552 0.698123
vt 0.701821 0.700347
vt 0.702932 0.694442
vt 0.689980 0.692480
vt 0.715049 0.702239
vt 0.715814 0.696209
vt 0.691507 0.687273
vt 0.703875 0.689116
vt 0.716396 0.690500
vt 0.728614 0.697582
vt 0.728820 0.691619
vt 0.704890 0.683793
vt 0.716969 0.685063
vt 0.728907 0.685693
vt 0.741235 0.691768
vt 0.740832 0.685698
vt 0.717478 0.679292
vt 0.728958 0.679818
vt 0.740302 0.679681
vt 0.752412 0.684669
vt 0.751447 0.679004
vt 0.729030 0.673887
vt 0.739952 0.673924
vt 0.750527 0.673340
vt 0.762320 0.677753
vt 0.761142 0.672469
vt 0.739547 0.667514
vt 0.749700 0.667185
vt 0.759897 0.666608
vt 0.771778 0.670926
vt 0.770273 0.665249
vt 0.748825 0.659443
vt 0.758599 0.658864
vt 0.768415 0.657791
vt 0.780747 0.663282
vt 0.778564 0.656092
vt 0.757332 0.649675
vt 0.766733 0.648626
vt 0.776127 0.647316
vt 0.788688 0.654123
vt 0.785858 0.645434
vt 0.765070 0.638903
vt 0.773998 0.637454
vt 0.783065 0.635790
vt 0.795315 0.643123
vt 0.792154 0.633458
vt 0.771983 0.627631
vt 0.780618 0.625890
vt 0.789260 0.623763
vt 0.800997 0.630886
vt 0.797893 0.621302
vt 0.774806 0.882237
vt 0.784161 0.885629
vt 0.779694 0.894464
vt 0.770708 0.891105
vt 0.793324 0.889153
vt 0.788585 0.897944
vt 0.797146 0.901678
vt 0.802139 0.893157
vt 0.788671 0.878004
vt 0.798130 0.881672
vt 0.807237 0.885838
vt 0.779820 0.033775
vt 0.789387 0.032713
vt 0.791689 0.041705
vt 0.781827 0.043001
vt 0.803032 0.875008
vt 0.812211 0.879554
vt 0.784054 0.050964
vt 0.794233 0.049658
vt 0.771716 0.043792
vt 0.773623 0.052028
vt 0.797454 0.057306
vt 0.787036 0.059023
vt 0.775874 0.059884
vt 0.762825 0.052617
vt 0.764365 0.060557
vt 0.789955 0.067307
vt 0.778491 0.068382
vt 0.766581 0.068921
vt 0.752992 0.060943
vt 0.754276 0.069263
vt 0.781004 0.077589
vt 0.768664 0.078411
vt 0.755862 0.078370
vt 0.741772 0.069067
vt 0.742591 0.078235
vt 0.770553 0.088551
vt 0.757333 0.088753
vt 0.743718 0.088319
vt 0.729064 0.077581
vt 0.729501 0.087895
vt 0.758814 0.099606
vt 0.744711 0.099314
vt 0.730440 0.098750
vt 0.715366 0.087424
vt 0.715508 0.098258
vt 0.745538 0.111072
vt 0.730747 0.110483
vt 0.715453 0.109503
vt 0.700186 0.097503
vt 0.699729 0.108615
vt 0.730249 0.122432
vt 0.714750 0.121334
vt 0.698976 0.120284
vt 0.683916 0.107875
vt 0.682970 0.119464
vt 0.713725 0.133446
vt 0.698000 0.132343
vt 0.681998 0.131273
vt 0.666956 0.118448
vt 0.665985 0.130337
vt 0.697027 0.144485
vt 0.681202 0.143335
vt 0.665148 0.142327
vt 0.649891 0.129445
vt 0.649318 0.141508
vt 0.680515 0.155224
vt 0.664751 0.154239
vt 0.648867 0.153405
vt 0.633416 0.140889
vt 0.633232 0.152759
vt 0.664477 0.165294
vt 0.648885 0.164454
vt 0.633170 0.163730
vt 0.617588 0.152442
vt 0.617861 0.163482
vt 0.648971 0.173895
vt 0.633564 0.173057
vt 0.618185 0.172502
vt 0.602708 0.163600
vt 0.603470 0.172666
vt 0.633852 0.181413
vt 0.618982 0.180788
vt 0.604259 0.180909
vt 0.588924 0.173375
vt 0.590085 0.181662
vt 0.619804 0.188553
vt 0.605471 0.188783
vt 0.591177 0.189567
vt 0.575822 0.183053
vt 0.577342 0.191076
vt 0.606528 0.196378
vt 0.592844 0.197287
vt 0.579298 0.199106
vt 0.021898 0.505129
vt 0.007929 0.503017
vt 0.011068 0.494930
vt 0.024469 0.497551
vt 0.594931 0.205844
vt 0.582017 0.207881
vt 0.027806 0.488921
vt 0.015438 0.486161
vt 0.038451 0.499204
vt 0.041276 0.491064
vt 0.021211 0.476117
vt 0.032838 0.479475
vt 0.044921 0.481515
vt 0.055248 0.492795
vt 0.058330 0.483590
vt 0.038955 0.467144
vt 0.050323 0.469933
vt 0.062515 0.472060
vt 0.072278 0.484573
vt 0.075279 0.473724
vt 0.055985 0.458828
vt 0.067242 0.460815
vt 0.078842 0.461930
vt 0.071376 0.450186
vt 0.082227 0.451319
vt 0.706958 0.672287
vt 0.696205 0.670770
vt 0.697830 0.664266
vt 0.708151 0.665613
vt 0.709410 0.657783
vt 0.699536 0.656473
vt 0.718657 0.666768
vt 0.719297 0.658775
vt 0.701130 0.647947
vt 0.710428 0.649093
vt 0.719833 0.650064
vt 0.729178 0.659478
vt 0.729233 0.650542
vt 0.711320 0.640189
vt 0.720210 0.640863
vt 0.729171 0.641343
vt 0.738546 0.650565
vt 0.738082 0.641175
vt 0.720431 0.631722
vt 0.728968 0.631926
vt 0.737521 0.631720
vt 0.747022 0.640787
vt 0.746129 0.631214
vt 0.714266 0.867749
vt 0.724613 0.869438
vt 0.722941 0.877968
vt 0.713220 0.876326
vt 0.734909 0.871367
vt 0.732713 0.879969
vt 0.742502 0.882360
vt 0.745166 0.873670
vt 0.726213 0.861954
vt 0.737091 0.863917
vt 0.747788 0.866204
vt 0.755224 0.876273
vt 0.758375 0.868714
vt 0.739146 0.857269
vt 0.750391 0.859414
vt 0.761376 0.862037
vt 0.768691 0.871531
vt 0.772218 0.864711
vt 0.752896 0.852995
vt 0.764475 0.855475
vt 0.775707 0.858377
vt 0.782819 0.867772
vt 0.786866 0.861247
vt 0.767742 0.848641
vt 0.779472 0.851254
vt 0.791036 0.854549
vt 0.797587 0.864698
vt 0.802209 0.857766
vt 0.783852 0.843002
vt 0.795943 0.845839
vt 0.807645 0.849599
vt 0.812992 0.861472
vt 0.818442 0.852983
vt 0.801284 0.836001
vt 0.813400 0.838832
vt 0.825215 0.842690
vt 0.828083 0.858351
vt 0.832953 0.852273
vt 0.819396 0.827327
vt 0.831539 0.830835
vt 0.811822 0.098389
vt 0.809151 0.086555
vt 0.821982 0.086779
vt 0.824721 0.097990
vt 0.796628 0.087742
vt 0.798929 0.099027
vt 0.827301 0.111409
vt 0.813854 0.111496
vt 0.800994 0.111473
vt 0.785724 0.099378
vt 0.787432 0.111651
vt 0.815694 0.125808
vt 0.802158 0.125764
vt 0.788861 0.125419
vt 0.774041 0.111709
vt 0.774785 0.125044
vt 0.803012 0.140416
vt 0.788961 0.139816
vt 0.774796 0.138611
vt 0.760448 0.124287
vt 0.759859 0.137247
vt 0.788289 0.153607
vt 0.773474 0.151872
vt 0.758779 0.150199
vt 0.744738 0.136006
vt 0.743493 0.148587
vt 0.772277 0.164589
vt 0.757294 0.162732
vt 0.742365 0.161028
vt 0.728181 0.147182
vt 0.727053 0.159446
vt 0.756338 0.174041
vt 0.741338 0.172227
vt 0.726258 0.170462
vt 0.711682 0.157913
vt 0.710968 0.168960
vt 0.740523 0.181711
vt 0.725467 0.179961
vt 0.710471 0.178337
vt 0.695594 0.167516
vt 0.695191 0.176944
vt 0.724870 0.188231
vt 0.709935 0.186543
vt 0.694864 0.185153
vt 0.679851 0.175722
vt 0.679649 0.183952
vt 0.709421 0.194204
vt 0.694579 0.192672
vt 0.679572 0.191488
vt 0.664459 0.182938
vt 0.664552 0.190385
vt 0.694234 0.200353
vt 0.679544 0.198946
vt 0.664715 0.197810
vt 0.649533 0.189641
vt 0.649967 0.196896
vt 0.679550 0.207182
vt 0.665258 0.205639
vt 0.650695 0.204640
vt 0.635296 0.196193
vt 0.636458 0.204053
vt 0.665735 0.214730
vt 0.652033 0.213332
vt 0.638157 0.212947
vt 0.622352 0.204103
vt 0.624530 0.213129
vt 0.653489 0.223687
vt 0.640630 0.223067
vt 0.627698 0.223519
vt 0.611250 0.214218
vt 0.615093 0.224718
vt 0.642746 0.233352
vt 0.631095 0.233714
vt 0.619414 0.235053
vt 0.602814 0.226783
vt 0.607684 0.236895
vt 0.634045 0.243483
vt 0.623282 0.244528
vt 0.612710 0.246625
vt 0.597067 0.239874
vt 0.602496 0.249043
vt 0.626950 0.253991
vt 0.617139 0.255842
vt 0.607603 0.258360
vt 0.592801 0.252633
vt 0.598467 0.261458
vt 0.621223 0.265254
vt 0.612164 0.267537
vt 0.603664 0.270517
vt 0.065305 0.438419
vt 0.055971 0.436109
vt 0.060625 0.426175
vt 0.069381 0.428274
vt 0.616176 0.276879
vt 0.608090 0.279496
vt 0.072672 0.418206
vt 0.064468 0.416317
vt 0.078425 0.429714
vt 0.081185 0.419658
vt 0.067505 0.406487
vt 0.075272 0.408223
vt 0.083332 0.409710
vt 0.089935 0.420781
vt 0.091607 0.410663
vt 0.077232 0.398230
vt 0.084888 0.399592
vt 0.092720 0.400543
vt 0.069778 0.396591
vt 0.095483 0.689472
vt 0.087774 0.691367
vt 0.087714 0.431091
vt 0.075032 0.440004
vt 0.085036 0.441392
vt 0.060936 0.448290
vt 0.045264 0.456045
vt 0.050871 0.446009
vt 0.590979 0.229630
vt 0.587139 0.244187
vt 0.582667 0.237611
vt 0.027181 0.466298
vt 0.598173 0.215940
vt 0.585776 0.218186
vt 0.608347 0.204872
vt 0.620674 0.196144
vt 0.634372 0.189031
vt 0.649077 0.182208
vt 0.664371 0.174787
vt 0.680063 0.166231
vt 0.696213 0.156474
vt 0.712711 0.145803
vt 0.729396 0.134689
vt 0.745697 0.123359
vt 0.760171 0.111386
vt 0.772657 0.099396
vt 0.783977 0.088112
vt 0.793451 0.076665
vt 0.801150 0.065610
vt 0.804969 0.075478
vt 0.807908 0.868757
vt 0.822786 0.866458
vt 0.817464 0.873423
vt 0.793078 0.871321
vt 0.778816 0.874609
vt 0.765175 0.879100
vt 0.761606 0.887985
vt 0.752122 0.885040
vt 0.763340 0.629141
vt 0.756006 0.640094
vt 0.754768 0.630345
vt 0.747867 0.650360
vt 0.739034 0.659742
vt 0.729052 0.667360
vt 0.718022 0.673261
vt 0.705950 0.678164
vt 0.692982 0.682023
vt 0.694467 0.676586
vt 0.053042 0.500263
vt 0.069940 0.493548
vt 0.068496 0.501024
vt 0.036303 0.506295
vt 0.019678 0.512814
vt 0.003235 0.519626
vt 0.005357 0.511134
vt 0.587487 0.164072
vt 0.574493 0.174681
vt 0.573055 0.165134
vt 0.601814 0.152493
vt 0.617334 0.140258
vt 0.633745 0.128489
vt 0.650790 0.117324
vt 0.667981 0.106679
vt 0.684781 0.096391
vt 0.700828 0.086408
vt 0.715634 0.076892
vt 0.729124 0.068450
vt 0.741212 0.060622
vt 0.751776 0.052753
vt 0.761358 0.044279
vt 0.770116 0.034560
vt 0.778324 0.023511
vt 0.777491 0.012472
vt 0.786440 0.011710
vt 0.787488 0.022541
vt 0.761835 0.298173
vt 0.804568 0.640419
vt 0.809807 0.628030
vt 0.813621 0.637352
vt 0.806394 0.618529
vt 0.798626 0.651547
vt 0.791212 0.660854
vt 0.782621 0.668821
vt 0.773332 0.676003
vt 0.763879 0.683022
vt 0.753412 0.690653
vt 0.741705 0.698268
vt 0.728387 0.704193
vt 0.714247 0.708783
vt 0.699117 0.714953
vt 0.683086 0.722277
vt 0.684943 0.712908
vt 0.049491 0.553659
vt 0.065535 0.541149
vt 0.066162 0.553108
vt 0.034046 0.567123
vt 0.020204 0.581535
vt 0.009586 0.596834
vt 0.004436 0.583064
vt 0.595362 0.085589
vt 0.576764 0.096510
vt 0.581352 0.082744
vt 0.614429 0.075754
vt 0.633347 0.067153
vt 0.651070 0.060308
vt 0.667275 0.054583
vt 0.682208 0.049095
vt 0.695837 0.042852
vt 0.708461 0.035102
vt 0.719875 0.025510
vt 0.720926 0.014767
vt 0.730573 0.014698
vt 0.707182 0.289638
vt 0.718509 0.279228
vt 0.716465 0.290304
vt 0.730826 0.270516
vt 0.743483 0.264609
vt 0.756593 0.260501
vt 0.769939 0.257134
vt 0.783498 0.254627
vt 0.780208 0.259948
vt 0.797569 0.251902
vt 0.794189 0.257134
vt 0.829094 0.664845
vt 0.814998 0.685934
vt 0.823207 0.676183
vt 0.826568 0.683502
vt 0.806795 0.697691
vt 0.797980 0.711387
vt 0.786487 0.722275
vt 0.772924 0.730509
vt 0.757805 0.736990
vt 0.742336 0.744548
vt 0.726757 0.754738
vt 0.709963 0.765442
vt 0.692962 0.775482
vt 0.676872 0.785885
vt 0.677081 0.774277
vt 0.071451 0.625308
vt 0.080030 0.612684
vt 0.084887 0.623593
vt 0.066476 0.637742
vt 0.062762 0.648751
vt 0.055583 0.640394
vt 0.615695 0.034571
vt 0.599935 0.036848
vt 0.606421 0.030526
vt 0.631564 0.030886
vt 0.646528 0.026008
vt 0.660662 0.019329
vt 0.664303 0.009913
vt 0.673653 0.011515
vt 0.653698 0.290603
vt 0.661635 0.279172
vt 0.662345 0.289788
vt 0.670136 0.268124
vt 0.679748 0.258557
vt 0.690689 0.251183
vt 0.702713 0.245094
vt 0.715752 0.239661
vt 0.729818 0.233795
vt 0.744898 0.227604
vt 0.760981 0.220889
vt 0.777559 0.213674
vt 0.793750 0.206651
vt 0.809150 0.200276
vt 0.824214 0.193449
vt 0.821564 0.202887
vt 0.832533 0.746270
vt 0.843668 0.734943
vt 0.845745 0.745354
vt 0.819737 0.757316
vt 0.805185 0.769107
vt 0.788588 0.780863
vt 0.770944 0.792033
vt 0.753265 0.802745
vt 0.736414 0.813206
vt 0.720431 0.822740
vt 0.705834 0.830603
vt 0.692826 0.837753
vt 0.681465 0.844773
vt 0.680412 0.837391
vt 0.611494 0.288451
vt 0.613472 0.298036
vt 0.828943 0.125937
vt 0.837475 0.818088
vt 0.703461 0.875129
vt 0.711897 0.631127
vt 0.702403 0.639095
vt 0.703457 0.630241
vt 0.117391 0.675178
vt 0.114583 0.665592
vt 0.119879 0.685193
vt 0.674133 0.865952
vt 0.674978 0.874411
vt 0.673016 0.858653
vt 0.662688 0.859173
vt 0.664316 0.866646
vt 0.671676 0.851886
vt 0.660784 0.852506
vt 0.649934 0.853857
vt 0.652403 0.860484
vt 0.658515 0.845693
vt 0.670040 0.844950
vt 0.647114 0.847013
vt 0.636059 0.849001
vt 0.639276 0.855591
vt 0.643968 0.839689
vt 0.655903 0.838286
vt 0.632428 0.841317
vt 0.621593 0.843901
vt 0.625281 0.851143
vt 0.628254 0.833070
vt 0.640643 0.831331
vt 0.616252 0.835446
vt 0.608469 0.843605
vt 0.611632 0.848504
vt 0.611837 0.824668
vt 0.624390 0.822873
vt 0.617109 0.376335
vt 0.623387 0.367863
vt 0.635216 0.369498
vt 0.629461 0.379483
vt 0.641898 0.382166
vt 0.647323 0.372300
vt 0.623236 0.391148
vt 0.610205 0.387724
vt 0.637155 0.393858
vt 0.651115 0.396164
vt 0.655445 0.384796
vt 0.633021 0.405900
vt 0.618288 0.403284
vt 0.648364 0.408254
vt 0.663670 0.409764
vt 0.665857 0.398100
vt 0.646279 0.420231
vt 0.630372 0.418329
vt 0.662438 0.421742
vt 0.678361 0.422766
vt 0.679336 0.411012
vt 0.661315 0.433789
vt 0.644973 0.432604
vt 0.677488 0.434849
vt 0.693106 0.436213
vt 0.694219 0.423840
vt 0.676226 0.447221
vt 0.660422 0.445915
vt 0.691941 0.448838
vt 0.707543 0.450320
vt 0.708544 0.437636
vt 0.690913 0.460198
vt 0.675257 0.458415
vt 0.706656 0.461849
vt 0.722404 0.462993
vt 0.723193 0.451372
vt 0.705649 0.471041
vt 0.690087 0.469243
vt 0.721201 0.472481
vt 0.736759 0.473657
vt 0.738137 0.463835
vt 0.719973 0.480343
vt 0.704685 0.478927
vt 0.735172 0.481968
vt 0.750355 0.483717
vt 0.752181 0.475030
vt 0.733688 0.489728
vt 0.718758 0.487968
vt 0.748533 0.491590
vt 0.763351 0.493548
vt 0.765417 0.485454
vt 0.746852 0.499172
vt 0.732229 0.497285
vt 0.761225 0.501059
vt 0.775676 0.503043
vt 0.778056 0.495372
vt 0.758991 0.509165
vt 0.744930 0.507414
vt 0.772920 0.510873
vt 0.786829 0.513041
vt 0.789958 0.505001
vt 0.769777 0.519952
vt 0.756338 0.518272
vt 0.783105 0.521759
vt 0.796243 0.524141
vt 0.800477 0.515163
vt 0.778960 0.531441
vt 0.766235 0.529421
vt 0.791373 0.533448
vt 0.803850 0.535769
vt 0.809181 0.526272
vt 0.786519 0.542730
vt 0.774613 0.540426
vt 0.798211 0.544940
vt 0.809629 0.547611
vt 0.815911 0.538071
vt 0.792844 0.553652
vt 0.781830 0.550920
vt 0.803371 0.556620
vt 0.812747 0.559835
vt 0.816887 0.555691
vt 0.797878 0.564485
vt 0.788038 0.560962
vt 0.198293 0.430811
vt 0.201179 0.435179
vt 0.195967 0.443436
vt 0.190291 0.435890
vt 0.181009 0.439612
vt 0.185914 0.447899
vt 0.186277 0.428612
vt 0.194852 0.424737
vt 0.177114 0.431751
vt 0.167619 0.434156
vt 0.171090 0.442752
vt 0.173904 0.423522
vt 0.182866 0.420965
vt 0.164581 0.425572
vt 0.155271 0.427480
vt 0.157983 0.436640
vt 0.161784 0.416405
vt 0.170687 0.414566
vt 0.152900 0.417993
vt 0.144036 0.419403
vt 0.145945 0.429189
vt 0.150666 0.408167
vt 0.159051 0.406617
vt 0.142234 0.409311
vt 0.133854 0.410370
vt 0.135075 0.420579
vt 0.140631 0.399105
vt 0.148614 0.397967
vt 0.132644 0.399945
vt 0.124639 0.400526
vt 0.125407 0.411001
vt 0.162829 0.684212
vt 0.154132 0.683700
vt 0.153820 0.673356
vt 0.163018 0.673810
vt 0.145490 0.683531
vt 0.144531 0.673338
vt 0.135295 0.673542
vt 0.136864 0.683717
vt 0.143594 0.663488
vt 0.153536 0.663477
vt 0.133731 0.663839
vt 0.124042 0.664511
vt 0.126308 0.674184
vt 0.132121 0.654862
vt 0.142679 0.654484
vt 0.121661 0.655568
vt 0.111536 0.656651
vt 0.119477 0.647612
vt 0.130579 0.646782
vt 0.108700 0.648685
vt 0.105500 0.640983
vt 0.117206 0.639785
vt 0.102111 0.632213
vt 0.664373 0.819791
vt 0.666174 0.829299
vt 0.663024 0.808586
vt 0.648537 0.808935
vt 0.650775 0.820317
vt 0.661861 0.797107
vt 0.647342 0.796667
vt 0.632503 0.796912
vt 0.634540 0.809618
vt 0.646181 0.784565
vt 0.661394 0.785205
vt 0.631500 0.783739
vt 0.616761 0.783087
vt 0.618488 0.796887
vt 0.630680 0.770931
vt 0.645862 0.772238
vt 0.616234 0.769190
vt 0.601843 0.767741
vt 0.602794 0.782688
vt 0.616257 0.755401
vt 0.630956 0.758042
vt 0.602084 0.752481
vt 0.613749 0.442683
vt 0.599167 0.440101
vt 0.599054 0.426147
vt 0.613986 0.428888
vt 0.604399 0.738925
vt 0.618391 0.742120
vt 0.600538 0.452828
vt 0.614898 0.454849
vt 0.628904 0.455935
vt 0.628767 0.444194
vt 0.615738 0.464634
vt 0.601897 0.462534
vt 0.629802 0.465109
vt 0.643991 0.465597
vt 0.643935 0.456454
vt 0.630229 0.473368
vt 0.617077 0.473206
vt 0.644630 0.473827
vt 0.659148 0.474654
vt 0.659184 0.466357
vt 0.645043 0.481664
vt 0.630881 0.481191
vt 0.659618 0.482543
vt 0.674147 0.483852
vt 0.674228 0.475941
vt 0.660112 0.490983
vt 0.646257 0.489993
vt 0.674276 0.492170
vt 0.688622 0.493193
vt 0.688950 0.485012
vt 0.674619 0.501396
vt 0.661158 0.500372
vt 0.688520 0.502167
vt 0.702437 0.503060
vt 0.703112 0.494046
vt 0.688430 0.512906
vt 0.675254 0.512247
vt 0.701987 0.513533
vt 0.715690 0.514478
vt 0.716635 0.504281
vt 0.701616 0.522800
vt 0.688594 0.522014
vt 0.714688 0.523608
vt 0.727765 0.524858
vt 0.729306 0.515562
vt 0.713675 0.531209
vt 0.701196 0.530043
vt 0.726168 0.532621
vt 0.738501 0.534356
vt 0.740659 0.526251
vt 0.724628 0.539438
vt 0.712719 0.537792
vt 0.736386 0.541444
vt 0.748031 0.543678
vt 0.750716 0.536230
vt 0.734444 0.547805
vt 0.723085 0.545600
vt 0.745574 0.550029
vt 0.756507 0.552488
vt 0.759480 0.545891
vt 0.743234 0.556369
vt 0.732571 0.553989
vt 0.753733 0.558845
vt 0.764013 0.561596
vt 0.767200 0.555142
vt 0.750908 0.565569
vt 0.740869 0.562989
vt 0.760719 0.568364
vt 0.770181 0.571612
vt 0.774070 0.564430
vt 0.757119 0.576443
vt 0.747853 0.573512
vt 0.766096 0.579757
vt 0.774719 0.583389
vt 0.779310 0.574998
vt 0.761634 0.589701
vt 0.753008 0.586527
vt 0.769910 0.593104
vt 0.777875 0.596794
vt 0.782984 0.587145
vt 0.765331 0.603758
vt 0.757278 0.600532
vt 0.773100 0.607197
vt 0.172162 0.392896
vt 0.179436 0.390673
vt 0.183178 0.400559
vt 0.175417 0.402970
vt 0.769172 0.617722
vt 0.761410 0.614542
vt 0.207493 0.680789
vt 0.205471 0.691572
vt 0.197351 0.689612
vt 0.199005 0.678871
vt 0.190279 0.677163
vt 0.188944 0.687891
vt 0.201195 0.668548
vt 0.210043 0.670328
vt 0.192049 0.666895
vt 0.182663 0.665718
vt 0.181339 0.675783
vt 0.193979 0.657654
vt 0.203559 0.659097
vt 0.184098 0.656316
vt 0.174048 0.655464
vt 0.173062 0.664657
vt 0.185714 0.648059
vt 0.196140 0.649283
vt 0.175090 0.647056
vt 0.164255 0.646583
vt 0.163749 0.654853
vt 0.176458 0.638999
vt 0.187716 0.639861
vt 0.164843 0.638307
vt 0.153117 0.638256
vt 0.153119 0.646279
vt 0.165637 0.629670
vt 0.177976 0.630188
vt 0.153011 0.629406
vt 0.140364 0.629699
vt 0.141023 0.638372
vt 0.153191 0.619464
vt 0.166625 0.619649
vt 0.139742 0.619494
vt 0.125999 0.620082
vt 0.127459 0.630116
vt 0.139090 0.608159
vt 0.153468 0.607889
vt 0.124444 0.608674
vt 0.109646 0.609823
vt 0.112161 0.620860
vt 0.122708 0.597302
vt 0.138237 0.596362
vt 0.107204 0.598377
vt 0.091392 0.599900
vt 0.094770 0.610999
vt 0.104747 0.586915
vt 0.120958 0.585630
vt 0.088592 0.588320
vt 0.086001 0.576549
vt 0.102632 0.575115
vt 0.084087 0.564417
vt 0.662748 0.750674
vt 0.661693 0.761762
vt 0.664487 0.740285
vt 0.649362 0.737713
vt 0.647240 0.748659
vt 0.666263 0.730164
vt 0.651947 0.728110
vt 0.637805 0.725469
vt 0.635136 0.734602
vt 0.654240 0.718882
vt 0.668444 0.720698
vt 0.640628 0.716953
vt 0.626689 0.715077
vt 0.624063 0.722915
vt 0.643064 0.708392
vt 0.656894 0.709755
vt 0.629482 0.707243
vt 0.615981 0.704936
vt 0.612878 0.712803
vt 0.632490 0.698740
vt 0.645979 0.699992
vt 0.620198 0.696379
vt 0.609392 0.690808
vt 0.605845 0.695474
vt 0.624522 0.687535
vt 0.636183 0.690764
vt 0.613948 0.682146
vt 0.604128 0.677360
vt 0.599054 0.684484
vt 0.619314 0.673680
vt 0.629068 0.679494
vt 0.632834 0.521128
vt 0.629951 0.516072
vt 0.638148 0.509405
vt 0.642135 0.519983
vt 0.652440 0.520402
vt 0.650220 0.510391
vt 0.643348 0.527233
vt 0.634677 0.526785
vt 0.654068 0.527384
vt 0.665098 0.527961
vt 0.663907 0.520935
vt 0.655315 0.533773
vt 0.646245 0.535396
vt 0.666205 0.534072
vt 0.677427 0.534816
vt 0.676805 0.528679
vt 0.667084 0.539712
vt 0.656532 0.539362
vt 0.677968 0.540363
vt 0.689190 0.541227
vt 0.689036 0.535596
vt 0.678527 0.546020
vt 0.667857 0.545402
vt 0.689272 0.547055
vt 0.700025 0.548249
vt 0.700462 0.542230
vt 0.689238 0.553391
vt 0.678839 0.552467
vt 0.699548 0.554613
vt 0.709928 0.556268
vt 0.710880 0.549844
vt 0.698881 0.562346
vt 0.688984 0.561113
vt 0.708791 0.563974
vt 0.718740 0.565800
vt 0.720326 0.558144
vt 0.707339 0.574016
vt 0.697992 0.572424
vt 0.716677 0.575920
vt 0.725901 0.578250
vt 0.728577 0.568106
vt 0.714414 0.587255
vt 0.705585 0.585471
vt 0.723154 0.589495
vt 0.731835 0.591889
vt 0.735088 0.580786
vt 0.720511 0.601032
vt 0.712089 0.598790
vt 0.728867 0.603307
vt 0.737145 0.605848
vt 0.740524 0.594560
vt 0.748260 0.328473
vt 0.757795 0.328164
vt 0.759001 0.339089
vt 0.748870 0.339450
vt 0.767250 0.327638
vt 0.768968 0.338452
vt 0.778811 0.337696
vt 0.776701 0.327023
vt 0.770825 0.348068
vt 0.760328 0.348802
vt 0.781279 0.347195
vt 0.791503 0.345981
vt 0.788637 0.336619
vt 0.783772 0.355591
vt 0.772951 0.356628
vt 0.794563 0.354409
vt 0.804969 0.352685
vt 0.801491 0.344454
vt 0.797945 0.362372
vt 0.786678 0.363784
vt 0.808986 0.360817
vt 0.819567 0.358527
vt 0.815130 0.350639
vt 0.813376 0.369306
vt 0.801765 0.370952
vt 0.824511 0.367014
vt 0.212547 0.632944
vt 0.223300 0.634506
vt 0.219349 0.643825
vt 0.209178 0.642112
vt 0.830088 0.377224
vt 0.818082 0.379311
vt 0.227650 0.623616
vt 0.216217 0.621820
vt 0.204505 0.621254
vt 0.201330 0.631720
vt 0.220168 0.609470
vt 0.232379 0.610770
vt 0.207483 0.608603
vt 0.194761 0.608164
vt 0.192194 0.620427
vt 0.210498 0.595524
vt 0.223830 0.596015
vt 0.196607 0.595199
vt 0.182696 0.595364
vt 0.181265 0.607964
vt 0.198356 0.582410
vt 0.212752 0.582343
vt 0.183516 0.582569
vt 0.168579 0.583026
vt 0.168189 0.595488
vt 0.184187 0.569974
vt 0.199478 0.569496
vt 0.168363 0.570541
vt 0.152386 0.571504
vt 0.153016 0.583627
vt 0.168180 0.558363
vt 0.184365 0.557329
vt 0.151449 0.559445
vt 0.134695 0.560646
vt 0.135900 0.572608
vt 0.150789 0.547601
vt 0.167662 0.546342
vt 0.133624 0.548857
vt 0.116538 0.550043
vt 0.117733 0.561893
vt 0.133078 0.537735
vt 0.150173 0.536381
vt 0.115901 0.538811
vt 0.098897 0.539759
vt 0.099509 0.551142
vt 0.115683 0.529036
vt 0.132737 0.528020
vt 0.098821 0.529834
vt 0.082021 0.530330
vt 0.082092 0.540576
vt 0.098849 0.521701
vt 0.115609 0.521165
vt 0.082265 0.521789
vt 0.082724 0.514153
vt 0.099093 0.514323
vt 0.083309 0.507859
vt 0.675085 0.696481
vt 0.673035 0.702920
vt 0.677115 0.690792
vt 0.664337 0.688713
vt 0.661843 0.694656
vt 0.678996 0.685432
vt 0.666744 0.683439
vt 0.654846 0.680882
vt 0.651763 0.686497
vt 0.669175 0.678117
vt 0.681011 0.680344
vt 0.657880 0.675545
vt 0.647334 0.672026
vt 0.643644 0.677468
vt 0.660961 0.670011
vt 0.671868 0.672703
vt 0.650939 0.666781
vt 0.641188 0.662970
vt 0.637503 0.667854
vt 0.654007 0.661612
vt 0.664026 0.664664
vt 0.644679 0.658266
vt 0.635617 0.654293
vt 0.632207 0.658661
vt 0.647961 0.652935
vt 0.657375 0.655998
vt 0.638990 0.649450
vt 0.649861 0.552145
vt 0.641580 0.553383
vt 0.640373 0.547360
vt 0.648655 0.545595
vt 0.642801 0.643006
vt 0.651626 0.646235
vt 0.643021 0.561696
vt 0.651009 0.560465
vt 0.660004 0.560004
vt 0.658916 0.551652
vt 0.652695 0.570709
vt 0.644463 0.571688
vt 0.661259 0.570144
vt 0.670066 0.570127
vt 0.669425 0.559856
vt 0.661838 0.581239
vt 0.653432 0.581496
vt 0.670426 0.581437
vt 0.679117 0.581874
vt 0.679287 0.570423
vt 0.669916 0.592704
vt 0.661642 0.592417
vt 0.678334 0.593356
vt 0.686779 0.594341
vt 0.687985 0.582671
vt 0.689875 0.327073
vt 0.699591 0.327740
vt 0.697597 0.338167
vt 0.687395 0.337228
vt 0.709404 0.328254
vt 0.707898 0.338829
vt 0.718239 0.339427
vt 0.719111 0.328594
vt 0.706423 0.348003
vt 0.695561 0.347090
vt 0.717301 0.348780
vt 0.728161 0.349115
vt 0.728561 0.339544
vt 0.716388 0.356849
vt 0.704867 0.356067
vt 0.727836 0.357377
vt 0.739292 0.357737
vt 0.739046 0.349298
vt 0.727384 0.365268
vt 0.715245 0.364531
vt 0.739455 0.365872
vt 0.751509 0.365828
vt 0.750583 0.357691
vt 0.739669 0.374097
vt 0.726756 0.373424
vt 0.752461 0.374337
vt 0.765113 0.373987
vt 0.763435 0.365494
vt 0.753437 0.383421
vt 0.739841 0.383128
vt 0.766727 0.383367
vt 0.779933 0.382786
vt 0.777584 0.373341
vt 0.768142 0.393430
vt 0.754216 0.393378
vt 0.781917 0.393328
vt 0.795768 0.392722
vt 0.792991 0.381955
vt 0.783257 0.404229
vt 0.768908 0.404185
vt 0.797429 0.404267
vt 0.811998 0.403969
vt 0.809413 0.392081
vt 0.798950 0.416261
vt 0.784124 0.416146
vt 0.813666 0.416479
vt 0.828678 0.416165
vt 0.826191 0.403361
vt 0.815364 0.429064
vt 0.800204 0.428823
vt 0.830229 0.429482
vt 0.845506 0.429503
vt 0.843232 0.415808
vt 0.831202 0.442926
vt 0.816200 0.442398
vt 0.846277 0.443517
vt 0.229146 0.554819
vt 0.242951 0.554024
vt 0.242307 0.568811
vt 0.228455 0.568812
vt 0.845701 0.457540
vt 0.830780 0.456650
vt 0.242228 0.539075
vt 0.228281 0.540776
vt 0.214571 0.542302
vt 0.214710 0.555697
vt 0.227180 0.526905
vt 0.240612 0.524536
vt 0.212913 0.529374
vt 0.198515 0.531331
vt 0.199623 0.543706
vt 0.211283 0.517210
vt 0.225096 0.514398
vt 0.196574 0.520246
vt 0.181614 0.522636
vt 0.183093 0.533235
vt 0.194853 0.510710
vt 0.209118 0.507179
vt 0.179959 0.513918
vt 0.164774 0.516490
vt 0.165896 0.524843
vt 0.178433 0.505969
vt 0.192850 0.502295
vt 0.163428 0.508948
vt 0.148013 0.511262
vt 0.148852 0.518540
vt 0.162094 0.501724
vt 0.176643 0.498506
vt 0.146935 0.504414
vt 0.131362 0.506266
vt 0.131930 0.513094
vt 0.145851 0.497391
vt 0.160550 0.494675
vt 0.130745 0.499421
vt 0.115326 0.500638
vt 0.115443 0.507507
vt 0.130047 0.491663
vt 0.144583 0.489654
vt 0.115294 0.493035
vt 0.100233 0.493694
vt 0.099745 0.501243
vt 0.115217 0.483843
vt 0.129290 0.482391
vt 0.100974 0.484923
vt 0.086534 0.485177
vt 0.085066 0.494045
vt 0.101758 0.473692
vt 0.115226 0.472806
vt 0.088497 0.474228
vt 0.090688 0.462735
vt 0.102980 0.462648
vt 0.093233 0.452017
vt 0.687531 0.662690
vt 0.685316 0.669154
vt 0.689705 0.655104
vt 0.679877 0.653406
vt 0.677137 0.660954
vt 0.691808 0.646712
vt 0.682366 0.645156
vt 0.673143 0.643353
vt 0.670175 0.651569
vt 0.684616 0.636551
vt 0.693483 0.637877
vt 0.675782 0.634664
vt 0.667190 0.632414
vt 0.664162 0.641015
vt 0.678033 0.625929
vt 0.686488 0.627715
vt 0.669747 0.623732
vt 0.661496 0.621178
vt 0.658669 0.629856
vt 0.656336 0.876404
vt 0.647135 0.878085
vt 0.644800 0.869552
vt 0.654425 0.867899
vt 0.637968 0.880149
vt 0.635300 0.871707
vt 0.626071 0.874477
vt 0.629273 0.882638
vt 0.632275 0.864365
vt 0.642090 0.862175
vt 0.622734 0.867307
vt 0.663849 0.342583
vt 0.654016 0.340500
vt 0.657809 0.332676
vt 0.667428 0.334574
vt 0.619130 0.860994
vt 0.628821 0.857657
vt 0.650017 0.347435
vt 0.660268 0.349812
vt 0.671009 0.351785
vt 0.674309 0.344329
vt 0.656418 0.356504
vt 0.645640 0.354097
vt 0.667600 0.358700
vt 0.679122 0.360584
vt 0.682080 0.353589
vt 0.663849 0.365924
vt 0.652160 0.363894
vt 0.676067 0.368031
vt 0.688501 0.369776
vt 0.691035 0.362233
vt 0.672588 0.376611
vt 0.659841 0.374779
vt 0.685784 0.378532
vt 0.699128 0.380025
vt 0.701247 0.371345
vt 0.682954 0.388523
vt 0.669145 0.386893
vt 0.697107 0.390134
vt 0.711451 0.391339
vt 0.712650 0.381427
vt 0.695703 0.400779
vt 0.680779 0.399743
vt 0.710665 0.401794
vt 0.725577 0.402592
vt 0.725777 0.392378
vt 0.710246 0.412784
vt 0.694928 0.412024
vt 0.725278 0.413678
vt 0.740047 0.414461
vt 0.740205 0.403197
vt 0.724691 0.425920
vt 0.709601 0.425014
vt 0.739594 0.427016
vt 0.754570 0.427678
vt 0.754583 0.415276
vt 0.739164 0.439689
vt 0.723838 0.438787
vt 0.754508 0.440403
vt 0.770086 0.440772
vt 0.769683 0.428155
vt 0.754523 0.452698
vt 0.738786 0.452143
vt 0.769959 0.453327
vt 0.785487 0.454047
vt 0.785565 0.441271
vt 0.769167 0.465501
vt 0.753648 0.464587
vt 0.784327 0.466559
vt 0.799462 0.467710
vt 0.800792 0.454887
vt 0.782533 0.477720
vt 0.767322 0.476396
vt 0.797290 0.479115
vt 0.812101 0.480666
vt 0.814449 0.468874
vt 0.795081 0.488873
vt 0.780225 0.487149
vt 0.809434 0.490548
vt 0.823802 0.492476
vt 0.826688 0.482175
vt 0.806876 0.499229
vt 0.792501 0.497172
vt 0.820746 0.501322
vt 0.834734 0.503842
vt 0.837927 0.494666
vt 0.817718 0.509406
vt 0.803880 0.506987
vt 0.831172 0.512103
vt 0.217918 0.486654
vt 0.230699 0.482240
vt 0.233350 0.490776
vt 0.220402 0.494775
vt 0.826903 0.520062
vt 0.813674 0.517320
vt 0.227520 0.474104
vt 0.214947 0.479093
vt 0.202118 0.483396
vt 0.204606 0.490817
vt 0.211621 0.470881
vt 0.223260 0.465540
vt 0.199156 0.475814
vt 0.186274 0.479935
vt 0.188661 0.487658
vt 0.195613 0.466959
vt 0.206935 0.462108
vt 0.183369 0.471518
vt 0.170449 0.475068
vt 0.172769 0.483775
vt 0.179636 0.461371
vt 0.191066 0.457301
vt 0.167626 0.465275
vt 0.154945 0.467876
vt 0.156948 0.478078
vt 0.164322 0.455130
vt 0.175299 0.451954
vt 0.152689 0.457953
vt 0.140386 0.459744
vt 0.141702 0.469884
vt 0.150321 0.448126
vt 0.161033 0.445721
vt 0.139057 0.450059
vt 0.127616 0.451271
vt 0.127931 0.461024
vt 0.137578 0.440195
vt 0.147944 0.438759
vt 0.126984 0.441466
vt 0.116318 0.442051
vt 0.115864 0.452001
vt 0.126553 0.431408
vt 0.136312 0.430498
vt 0.116707 0.431923
vt 0.106939 0.431953
vt 0.105736 0.442132
vt 0.117025 0.421693
vt 0.126018 0.421291
vt 0.107922 0.421693
vt 0.098850 0.421396
vt 0.097249 0.431634
vt 0.108509 0.411527
vt 0.116976 0.411274
vt 0.100015 0.411196
vt 0.100662 0.401051
vt 0.108673 0.401163
vt 0.116648 0.400953
vt 0.128309 0.684260
vt 0.095303 0.442009
vt 0.104406 0.452377
vt 0.115432 0.462153
vt 0.128423 0.471631
vt 0.143174 0.480624
vt 0.158749 0.487095
vt 0.174847 0.491475
vt 0.190690 0.494819
vt 0.206718 0.498540
vt 0.222637 0.503791
vt 0.236055 0.500207
vt 0.238503 0.511318
vt 0.843905 0.471348
vt 0.841023 0.483954
vt 0.829010 0.470002
vt 0.815636 0.455811
vt 0.800785 0.441848
vt 0.784787 0.428689
vt 0.769177 0.415865
vt 0.754546 0.403883
vt 0.739927 0.393088
vt 0.726182 0.382503
vt 0.713980 0.372608
vt 0.703095 0.363614
vt 0.693329 0.355013
vt 0.684791 0.345905
vt 0.677342 0.335941
vt 0.680271 0.326199
vt 0.670744 0.325049
vt 0.653423 0.592344
vt 0.645664 0.592409
vt 0.645432 0.582149
vt 0.661656 0.323683
vt 0.646679 0.635180
vt 0.650218 0.626745
vt 0.655295 0.638223
vt 0.653438 0.618529
vt 0.660686 0.649069
vt 0.666988 0.658785
vt 0.674470 0.667175
vt 0.683096 0.674997
vt 0.084144 0.501443
vt 0.099399 0.507832
vt 0.115569 0.514134
vt 0.132318 0.520048
vt 0.149441 0.526643
vt 0.166707 0.534886
vt 0.183780 0.545039
vt 0.199603 0.556483
vt 0.213930 0.569000
vt 0.226499 0.582342
vt 0.240212 0.583290
vt 0.236793 0.597296
vt 0.835755 0.389303
vt 0.840023 0.402366
vt 0.822563 0.391155
vt 0.805672 0.380980
vt 0.789808 0.372455
vt 0.775198 0.364913
vt 0.761868 0.357343
vt 0.749723 0.349175
vt 0.738758 0.339642
vt 0.738587 0.328754
vt 0.728886 0.328714
vt 0.703637 0.597152
vt 0.695157 0.595608
vt 0.696774 0.583946
vt 0.688655 0.571262
vt 0.679171 0.560277
vt 0.668729 0.551800
vt 0.657904 0.545087
vt 0.647721 0.540434
vt 0.639433 0.542692
vt 0.637803 0.538282
vt 0.621069 0.656206
vt 0.628386 0.662889
vt 0.624154 0.667712
vt 0.617678 0.659864
vt 0.633435 0.673284
vt 0.639824 0.683601
vt 0.648910 0.693213
vt 0.659581 0.701447
vt 0.670836 0.711379
vt 0.082850 0.552157
vt 0.100905 0.563086
vt 0.119284 0.573719
vt 0.137071 0.584381
vt 0.153229 0.595586
vt 0.167335 0.607584
vt 0.179597 0.619708
vt 0.189804 0.630661
vt 0.198579 0.640702
vt 0.206189 0.650506
vt 0.215842 0.652428
vt 0.212766 0.660920
vt 0.807589 0.333817
vt 0.811280 0.342625
vt 0.798263 0.335369
vt 0.795334 0.324983
vt 0.804314 0.323683
vt 0.786147 0.326074
vt 0.753488 0.611477
vt 0.745293 0.608520
vt 0.748980 0.597470
vt 0.744204 0.583517
vt 0.738265 0.570697
vt 0.730699 0.560386
vt 0.721753 0.551699
vt 0.711838 0.543705
vt 0.700832 0.536485
vt 0.688697 0.529276
vt 0.676124 0.521371
vt 0.662581 0.511287
vt 0.648097 0.499191
vt 0.634817 0.498278
vt 0.633142 0.489073
vt 0.620253 0.487373
vt 0.618524 0.479831
vt 0.622139 0.494478
vt 0.605887 0.477552
vt 0.603845 0.470664
vt 0.606841 0.483458
vt 0.607157 0.728727
vt 0.610034 0.720230
vt 0.621338 0.731820
vt 0.632771 0.745831
vt 0.646386 0.760152
vt 0.661478 0.773250
vt 0.098455 0.621844
vt 0.114802 0.630913
vt 0.129005 0.638774
vt 0.141824 0.646243
vt 0.153258 0.654498
vt 0.163333 0.663888
vt 0.172218 0.674724
vt 0.171597 0.685131
vt 0.180358 0.686348
vt 0.156592 0.396511
vt 0.164464 0.394815
vt 0.167362 0.404840
vt 0.179044 0.412444
vt 0.187183 0.409813
vt 0.191199 0.417871
vt 0.792913 0.571475
vt 0.788121 0.578739
vt 0.783720 0.567662
vt 0.777825 0.557763
vt 0.770663 0.548247
vt 0.762664 0.538125
vt 0.753490 0.527622
vt 0.742883 0.516660
vt 0.730740 0.505679
vt 0.717678 0.495419
vt 0.703864 0.486324
vt 0.689497 0.477407
vt 0.674637 0.467529
vt 0.659739 0.457200
vt 0.644728 0.444907
vt 0.629497 0.431204
vt 0.615613 0.415982
vt 0.600639 0.412756
vt 0.604387 0.399991
vt 0.607938 0.811515
vt 0.604989 0.797267
vt 0.621173 0.810127
vt 0.637525 0.821144
vt 0.653374 0.829808
vt 0.668207 0.837451
vt 0.201787 0.452402
vt 0.217837 0.456721
vt 0.213089 0.449282
vt 0.821849 0.528715
vt 0.640703 0.361257
vt 0.615375 0.854878
vt 0.665604 0.875186
vt 0.695017 0.629143
s 1
f 1/1/1 2/2/2 3/3/3 4/4/4
f 5/5/5 4/4/4 3/3/3 6/6/6
f 7/7/7 8/8/8 9/9/9 10/10/10
f 11/11/11 10/10/10 9/9/9 12/12/12
f 13/13/13 10/10/10 11/11/11 14/14/14
f 15/15/15 16/16/16 11/11/11 12/12/12
f 17/17/17 14/14/14 11/11/11 16/16/16
f 18/18/18 14/14/14 17/17/17 19/19/19
f 20/20/20 21/21/21 17/17/17 16/16/16
f 22/22/22 19/19/19 17/17/17 21/21/21
f 23/23/23 19/19/19 22/22/22 24/24/24
f 25/25/25 26/26/26 22/22/22 21/21/21
f 27/27/27 24/24/24 22/22/22 26/26/26
f 28/28/28 24/24/24 27/27/27 29/29/29
f 30/30/30 31/31/31 27/27/27 26/26/26
f 32/32/32 29/29/29 27/27/27 31/31/31
f 33/33/33 29/29/29 32/32/32 34/34/34
f 35/35/35 36/36/36 32/32/32 31/31/31
f 37/37/37 34/34/34 32/32/32 36/36/36
f 38/38/38 34/34/34 37/37/37 39/39/39
f 40/40/40 41/41/41 37/37/37 36/36/36
f 42/42/42 39/39/39 37/37/37 41/41/41
f 43/43/43 39/39/39 42/42/42 44/44/44
f 45/45/45 46/46/46 42/42/42 41/41/41
f 47/47/47 44/44/44 42/42/42 46/46/46
f 48/48/48 44/44/44 47/47/47 49/49/49
f 50/50/50 51/51/51 47/47/47 46/46/46
f 52/52/52 49/49/49 47/47/47 51/51/51
f 53/53/53 49/49/49 52/52/52 54/54/54
f 55/55/55 56/56/56 52/52/52 51/51/51
f 57/57/57 54/54/54 52/52/52 56/56/56
f 58/58/58 54/54/54 57/57/57 59/59/59
f 60/60/60 61/61/61 57/57/57 56/56/56
f 62/62/62 59/59/59 57/57/57 61/61/61
f 63/63/63 59/64/59 62/65/62 64/66/64
f 65/67/65 66/68/66 62/62/62 61/61/61
f 67/69/67 64/66/64 62/65/62 66/70/66
f 68/71/68 64/66/64 67/69/67 69/72/69
f 70/73/70 71/74/71 67/69/67 66/70/66
f 72/75/72 69/72/69 67/69/67 71/74/71
f 73/76/73 69/72/69 72/75/72 74/77/74
f 75/78/75 76/79/76 72/75/72 71/74/71
f 77/80/77 74/77/74 72/75/72 76/79/76
f 78/81/78 74/77/74 77/80/77 79/82/79
f 80/83/80 81/84/81 77/80/77 76/79/76
f 82/85/82 79/82/79 77/80/77 81/84/81
f 83/86/83 79/82/79 82/85/82 84/87/84
f 85/88/85 86/89/86 82/85/82 81/84/81
f 87/90/87 84/87/84 82/85/82 86/89/86
f 88/91/88 84/87/84 87/90/87 89/92/89
f 90/93/90 91/94/91 87/90/87 86/89/86
f 92/95/92 89/92/89 87/90/87 91/94/91
f 93/96/93 89/92/89 92/95/92 94/97/94
f 95/98/95 96/99/96 92/95/92 91/94/91
f 97/100/97 94/97/94 92/95/92 96/99/96
f 98/101/98 94/97/94 97/100/97 99/102/99
f 100/103/100 101/104/101 97/100/97 96/99/96
f 102/105/102 99/102/99 97/100/97 101/104/101
f 103/106/103 99/102/99 102/105/102 104/107/104
f 105/108/105 106/109/106 102/105/102 101/104/101
f 107/110/107 104/107/104 102/105/102 106/109/106
f 108/111/108 104/107/104 107/110/107 109/112/109
f 110/113/110 111/114/111 107/110/107 106/109/106
f 112/115/112 109/112/109 107/110/107 111/114/111
f 113/116/113 109/112/109 112/115/112 114/117/114
f 115/118/115 116/119/116 112/115/112 111/114/111
f 117/120/117 114/117/114 112/115/112 116/119/116
f 118/121/118 114/117/114 117/120/117 119/122/119
f 120/123/120 121/124/121 117/120/117 116/119/116
f 122/125/122 119/122/119 117/120/117 121/124/121
f 123/126/123 119/122/119 122/125/122 124/127/124
f 125/128/125 126/129/126 122/125/122 121/124/121
f 127/130/127 124/127/124 122/125/122 126/129/126
f 128/131/128 124/127/124 127/130/127 129/132/129
f 130/133/130 131/134/131 127/130/127 126/129/126
f 132/135/132 129/132/129 127/130/127 131/134/131
f 133/136/133 129/132/129 132/135/132 134/137/134
f 135/138/135 136/139/136 132/135/132 131/134/131
f 137/140/137 134/137/134 132/135/132 136/139/136
f 138/141/138 134/137/134 137/140/137 139/142/139
f 140/143/140 141/144/141 137/140/137 136/139/136
f 142/145/142 139/142/139 137/140/137 141/144/141
f 143/146/143 139/142/139 142/145/142 144/147/144
f 145/148/145 146/149/146 142/150/142 141/151/141
f 147/152/147 144/153/144 142/150/142 146/149/146
f 148/154/148 144/153/144 147/152/147 149/155/149
f 150/156/150 151/157/151 147/152/147 146/149/146
f 152/158/152 149/155/149 147/152/147 151/157/151
f 153/159/153 149/160/149 152/161/152 154/162/154
f 155/163/155 156/164/156 152/158/152 151/157/151
f 157/165/157 154/162/154 152/161/152 156/166/156
f 1/1/1 154/162/154 157/165/157 158/167/158
f 159/168/159 160/169/160 157/165/157 156/166/156
f 161/170/161 158/167/158 157/165/157 160/169/160
f 162/171/162 158/167/158 161/170/161 163/172/163
f 164/173/164 165/174/165 161/170/161 160/169/160
f 166/175/166 163/172/163 161/170/161 165/174/165
f 167/176/167 168/177/168 166/175/166 165/174/165
f 169/178/169 170/179/170 171/180/171 172/181/172
f 173/182/173 172/181/172 171/180/171 174/183/174
f 175/184/175 172/181/172 173/182/173 176/185/176
f 177/186/177 178/187/178 173/182/173 174/183/174
f 179/188/179 176/185/176 173/182/173 178/187/178
f 180/189/180 176/185/176 179/188/179 181/190/181
f 182/191/182 183/192/183 179/188/179 178/187/178
f 184/193/184 181/190/181 179/188/179 183/192/183
f 185/194/185 181/190/181 184/193/184 186/195/186
f 187/196/187 188/197/188 184/193/184 183/192/183
f 189/198/189 186/195/186 184/193/184 188/197/188
f 190/199/190 186/195/186 189/198/189 191/200/191
f 192/201/192 193/202/193 189/198/189 188/197/188
f 194/203/194 191/200/191 189/198/189 193/202/193
f 195/204/195 191/200/191 194/203/194 196/205/196
f 197/206/197 198/207/198 194/203/194 193/202/193
f 199/208/199 196/205/196 194/203/194 198/207/198
f 200/209/200 196/205/196 199/208/199 201/210/201
f 202/211/202 203/212/203 199/208/199 198/207/198
f 204/213/204 201/210/201 199/208/199 203/212/203
f 205/214/205 201/210/201 204/213/204 206/215/206
f 207/216/207 208/217/208 204/213/204 203/212/203
f 209/218/209 206/215/206 204/213/204 208/217/208
f 210/219/210 206/215/206 209/218/209 211/220/211
f 212/221/212 213/222/213 209/218/209 208/217/208
f 214/223/214 211/220/211 209/218/209 213/222/213
f 215/224/215 211/220/211 214/223/214 216/225/216
f 217/226/217 218/227/218 214/223/214 213/222/213
f 219/228/219 216/225/216 214/223/214 218/227/218
f 220/229/220 216/225/216 219/228/219 221/230/221
f 222/231/222 223/232/223 219/228/219 218/227/218
f 224/233/224 221/230/221 219/228/219 223/232/223
f 225/234/225 221/235/221 224/236/224 226/237/226
f 227/238/227 228/239/228 224/233/224 223/232/223
f 229/240/229 226/237/226 224/236/224 228/241/228
f 230/242/230 226/237/226 229/240/229 231/243/231
f 232/244/232 233/245/233 229/240/229 228/241/228
f 234/246/234 231/243/231 229/240/229 233/245/233
f 235/247/235 231/243/231 234/246/234 236/248/236
f 237/249/237 238/250/238 234/246/234 233/245/233
f 239/251/239 236/248/236 234/246/234 238/250/238
f 240/252/240 236/248/236 239/251/239 241/253/241
f 242/254/242 243/255/243 239/251/239 238/250/238
f 244/256/244 241/253/241 239/251/239 243/255/243
f 245/257/245 241/253/241 244/256/244 246/258/246
f 247/259/247 248/260/248 244/256/244 243/255/243
f 249/261/249 246/258/246 244/256/244 248/260/248
f 250/262/250 246/258/246 249/261/249 251/263/251
f 252/264/252 253/265/253 249/261/249 248/260/248
f 254/266/254 251/263/251 249/261/249 253/265/253
f 255/267/255 251/263/251 254/266/254 256/268/256
f 257/269/257 258/270/258 254/266/254 253/265/253
f 259/271/259 256/268/256 254/266/254 258/270/258
f 260/272/260 256/268/256 259/271/259 261/273/261
f 262/274/262 263/275/263 259/271/259 258/270/258
f 264/276/264 261/273/261 259/271/259 263/275/263
f 265/277/265 261/273/261 264/276/264 266/278/266
f 267/279/267 268/280/268 264/276/264 263/275/263
f 269/281/269 266/278/266 264/276/264 268/280/268
f 270/282/270 266/278/266 269/281/269 271/283/271
f 272/284/272 273/285/273 269/281/269 268/280/268
f 274/286/274 271/283/271 269/281/269 273/285/273
f 275/287/275 271/283/271 274/286/274 276/288/276
f 277/289/277 278/290/278 274/291/274 273/292/273
f 279/293/279 276/294/276 274/291/274 278/290/278
f 280/295/280 276/294/276 279/293/279 281/296/281
f 282/297/282 283/298/283 279/293/279 278/290/278
f 284/299/284 281/296/281 279/293/279 283/298/283
f 285/300/285 281/296/281 284/299/284 286/301/286
f 287/302/287 288/303/288 284/299/284 283/298/283
f 289/304/289 286/301/286 284/299/284 288/303/288
f 290/305/290 286/301/286 289/304/289 291/306/291
f 292/307/292 293/308/293 289/304/289 288/303/288
f 294/309/294 291/306/291 289/304/289 293/308/293
f 295/310/295 291/306/291 294/309/294 296/311/296
f 297/312/297 298/313/298 294/309/294 293/308/293
f 299/314/299 296/311/296 294/309/294 298/313/298
f 300/315/300 296/311/296 299/314/299 301/316/301
f 302/317/302 303/318/303 299/314/299 298/313/298
f 304/319/304 301/316/301 299/314/299 303/318/303
f 305/320/305 301/316/301 304/319/304 306/321/306
f 307/322/307 308/323/308 304/319/304 303/318/303
f 309/324/309 306/321/306 304/319/304 308/323/308
f 310/325/310 306/321/306 309/324/309 311/326/311
f 312/327/312 313/328/313 309/324/309 308/323/308
f 314/329/314 311/330/311 309/331/309 313/332/313
f 315/333/315 311/330/311 314/329/314 316/334/316
f 317/335/317 318/336/318 314/329/314 313/332/313
f 319/337/319 316/334/316 314/329/314 318/336/318
f 320/338/320 316/334/316 319/337/319 321/339/321
f 322/340/322 323/341/323 319/337/319 318/336/318
f 324/342/324 321/339/321 319/337/319 323/341/323
f 325/343/325 321/339/321 324/342/324 326/344/326
f 327/345/327 328/346/328 324/342/324 323/341/323
f 329/347/329 326/344/326 324/342/324 328/346/328
f 330/348/330 331/349/331 329/347/329 328/346/328
f 332/350/332 333/351/333 334/352/334 335/353/335
f 336/354/336 335/353/335 334/352/334 337/355/337
f 338/356/338 335/353/335 336/354/336 339/357/339
f 340/358/340 341/359/341 336/354/336 337/355/337
f 342/360/342 339/357/339 336/354/336 341/359/341
f 343/361/343 339/357/339 342/360/342 344/362/344
f 345/363/345 346/364/346 342/360/342 341/359/341
f 347/365/347 344/362/344 342/360/342 346/364/346
f 348/366/348 344/362/344 347/365/347 349/367/349
f 350/368/350 351/369/351 347/365/347 346/364/346
f 352/370/352 349/367/349 347/365/347 351/369/351
f 353/371/353 349/367/349 352/370/352 354/372/354
f 355/373/355 356/374/356 352/370/352 351/369/351
f 357/375/357 354/372/354 352/370/352 356/374/356
f 358/376/358 354/372/354 357/375/357 359/377/359
f 360/378/360 361/379/361 357/375/357 356/374/356
f 362/380/362 359/377/359 357/375/357 361/379/361
f 363/381/363 359/377/359 362/380/362 364/382/364
f 365/383/365 366/384/366 362/380/362 361/379/361
f 367/385/367 364/382/364 362/380/362 366/384/366
f 368/386/368 364/382/364 367/385/367 369/387/369
f 370/388/370 371/389/371 367/385/367 366/384/366
f 372/390/372 369/387/369 367/385/367 371/389/371
f 373/391/373 369/387/369 372/390/372 374/392/374
f 375/393/375 376/394/376 372/390/372 371/389/371
f 377/395/377 374/392/374 372/390/372 376/394/376
f 378/396/378 374/392/374 377/395/377 379/397/379
f 380/398/380 381/399/381 377/395/377 376/394/376
f 382/400/382 379/397/379 377/395/377 381/399/381
f 383/401/383 379/397/379 382/400/382 384/402/384
f 385/403/385 386/404/386 382/400/382 381/399/381
f 387/405/387 384/402/384 382/400/382 386/404/386
f 388/406/388 384/402/384 387/405/387 389/407/389
f 390/408/390 391/409/391 387/405/387 386/404/386
f 392/410/392 389/407/389 387/405/387 391/409/391
f 393/411/393 389/412/389 392/413/392 394/414/394
f 395/415/395 396/416/396 392/410/392 391/409/391
f 397/417/397 394/414/394 392/413/392 396/418/396
f 398/419/398 394/414/394 397/417/397 399/420/399
f 400/421/400 401/422/401 397/417/397 396/418/396
f 402/423/402 399/420/399 397/417/397 401/422/401
f 403/424/403 399/420/399 402/423/402 404/425/404
f 405/426/405 406/427/406 402/423/402 401/422/401
f 407/428/407 404/425/404 402/423/402 406/427/406
f 408/429/408 404/425/404 407/428/407 409/430/409
f 410/431/410 411/432/411 407/433/407 406/434/406
f 412/435/412 409/436/409 407/433/407 411/432/411
f 413/437/413 409/436/409 412/435/412 414/438/414
f 415/439/415 416/440/416 412/435/412 411/432/411
f 417/441/417 414/438/414 412/435/412 416/440/416
f 418/442/418 414/438/414 417/441/417 419/443/419
f 420/444/420 421/445/421 417/441/417 416/440/416
f 422/446/422 419/443/419 417/441/417 421/445/421
f 423/447/423 419/443/419 422/446/422 424/448/424
f 425/449/425 426/450/426 422/446/422 421/445/421
f 427/451/427 424/448/424 422/446/422 426/450/426
f 428/452/428 424/448/424 427/451/427 429/453/429
f 430/454/430 431/455/431 427/451/427 426/450/426
f 432/456/432 429/453/429 427/451/427 431/455/431
f 433/457/433 429/453/429 432/456/432 434/458/434
f 435/459/435 436/460/436 432/456/432 431/455/431
f 437/461/437 434/458/434 432/456/432 436/460/436
f 438/462/438 434/458/434 437/461/437 439/463/439
f 440/464/440 441/465/441 437/461/437 436/460/436
f 442/466/442 439/463/439 437/461/437 441/465/441
f 443/467/443 439/463/439 442/466/442 444/468/444
f 445/469/445 446/470/446 442/466/442 441/465/441
f 447/471/447 444/468/444 442/466/442 446/470/446
f 448/472/448 444/468/444 447/471/447 449/473/449
f 450/474/450 451/475/451 447/471/447 446/470/446
f 452/476/452 449/473/449 447/471/447 451/475/451
f 453/477/453 449/473/449 452/476/452 454/478/454
f 455/479/455 456/480/456 452/476/452 451/475/451
f 457/481/457 454/478/454 452/476/452 456/480/456
f 458/482/458 454/478/454 457/481/457 459/483/459
f 460/484/460 461/485/461 457/481/457 456/480/456
f 462/486/462 459/483/459 457/481/457 461/485/461
f 463/487/463 459/483/459 462/486/462 464/488/464
f 465/489/465 466/490/466 462/486/462 461/485/461
f 467/491/467 464/488/464 462/486/462 466/490/466
f 468/492/468 464/488/464 467/491/467 469/493/469
f 470/494/470 471/495/471 467/491/467 466/490/466
f 472/496/472 469/493/469 467/491/467 471/495/471
f 473/497/473 469/498/469 472/499/472 474/500/474
f 475/501/475 476/502/476 472/496/472 471/495/471
f 477/503/477 474/500/474 472/499/472 476/504/476
f 478/505/478 474/500/474 477/503/477 479/506/479
f 480/507/480 481/508/481 477/503/477 476/504/476
f 482/509/482 479/506/479 477/503/477 481/508/481
f 483/510/483 479/506/479 482/509/482 484/511/484
f 485/512/485 486/513/486 482/509/482 481/508/481
f 487/514/487 484/511/484 482/509/482 486/513/486
f 488/515/488 484/511/484 487/514/487 489/516/489
f 490/517/490 491/518/491 487/514/487 486/513/486
f 492/519/492 489/516/489 487/514/487 491/518/491
f 493/520/493 494/521/494 492/519/492 491/518/491
f 495/522/495 496/523/496 497/524/497 498/525/498
f 499/526/499 498/525/498 497/524/497 500/527/500
f 501/528/501 498/525/498 499/526/499 502/529/502
f 503/530/503 504/531/504 499/526/499 500/527/500
f 505/532/505 502/529/502 499/526/499 504/531/504
f 506/533/506 502/529/502 505/532/505 507/534/507
f 508/535/508 509/536/509 505/532/505 504/531/504
f 510/537/510 507/534/507 505/532/505 509/536/509
f 511/538/511 507/534/507 510/537/510 512/539/512
f 513/540/513 514/541/514 510/537/510 509/536/509
f 515/542/515 512/539/512 510/537/510 514/541/514
f 516/543/516 512/539/512 515/542/515 517/544/517
f 518/545/518 519/546/519 515/542/515 514/541/514
f 520/547/520 517/544/517 515/542/515 519/546/519
f 521/548/521 517/544/517 520/547/520 522/549/522
f 523/550/523 524/551/524 520/547/520 519/546/519
f 525/552/525 522/549/522 520/547/520 524/551/524
f 526/553/526 522/549/522 525/552/525 527/554/527
f 528/555/528 529/556/529 525/552/525 524/551/524
f 530/557/530 527/554/527 525/552/525 529/556/529
f 531/558/531 527/554/527 530/557/530 532/559/532
f 533/560/533 534/561/534 530/557/530 529/556/529
f 535/562/535 532/559/532 530/557/530 534/561/534
f 536/563/536 532/559/532 535/562/535 537/564/537
f 538/565/538 539/566/539 535/562/535 534/561/534
f 540/567/540 537/564/537 535/562/535 539/566/539
f 541/568/541 537/564/537 540/567/540 542/569/542
f 543/570/543 544/571/544 540/567/540 539/566/539
f 545/572/545 542/569/542 540/567/540 544/571/544
f 546/573/546 542/569/542 545/572/545 547/574/547
f 548/575/548 549/576/549 545/577/545 544/578/544
f 550/579/550 547/580/547 545/577/545 549/576/549
f 551/581/551 547/580/547 550/579/550 552/582/552
f 553/583/553 554/584/554 550/579/550 549/576/549
f 555/585/555 552/582/552 550/579/550 554/584/554
f 556/586/556 552/587/552 555/588/555 557/589/557
f 558/590/558 559/591/559 555/585/555 554/584/554
f 560/592/560 557/589/557 555/588/555 559/593/559
f 561/594/561 557/589/557 560/592/560 562/595/562
f 563/596/563 564/597/564 560/592/560 559/593/559
f 565/598/565 562/595/562 560/592/560 564/597/564
f 566/599/566 562/595/562 565/598/565 567/600/567
f 568/601/568 569/602/569 565/598/565 564/597/564
f 570/603/570 567/600/567 565/598/565 569/602/569
f 571/604/571 567/600/567 570/603/570 572/605/572
f 573/606/573 574/607/574 570/603/570 569/602/569
f 575/608/575 572/605/572 570/603/570 574/607/574
f 576/609/576 572/605/572 575/608/575 577/610/577
f 578/611/578 579/612/579 575/608/575 574/607/574
f 580/613/580 577/610/577 575/608/575 579/612/579
f 581/614/581 577/610/577 580/613/580 582/615/582
f 583/616/583 584/617/584 580/613/580 579/612/579
f 585/618/585 582/615/582 580/613/580 584/617/584
f 586/619/586 582/615/582 585/618/585 587/620/587
f 588/621/588 589/622/589 585/618/585 584/617/584
f 590/623/590 587/620/587 585/618/585 589/622/589
f 591/624/591 587/620/587 590/623/590 592/625/592
f 593/626/593 594/627/594 590/623/590 589/622/589
f 595/628/595 592/625/592 590/623/590 594/627/594
f 596/629/596 592/625/592 595/628/595 597/630/597
f 598/631/598 599/632/599 595/628/595 594/627/594
f 600/633/600 597/630/597 595/628/595 599/632/599
f 601/634/601 597/630/597 600/633/600 602/635/602
f 603/636/603 604/637/604 600/633/600 599/632/599
f 605/638/605 602/635/602 600/633/600 604/637/604
f 606/639/606 602/635/602 605/638/605 607/640/607
f 608/641/608 609/642/609 605/638/605 604/637/604
f 610/643/610 607/640/607 605/638/605 609/642/609
f 611/644/611 607/640/607 610/643/610 612/645/612
f 613/646/613 614/647/614 610/643/610 609/642/609
f 615/648/615 612/645/612 610/643/610 614/647/614
f 616/649/616 612/645/612 615/648/615 617/650/617
f 618/651/618 619/652/619 615/648/615 614/647/614
f 620/653/620 617/650/617 615/648/615 619/652/619
f 621/654/621 617/650/617 620/653/620 622/655/622
f 623/656/623 624/657/624 620/653/620 619/652/619
f 625/658/625 622/655/622 620/653/620 624/657/624
f 626/659/626 622/655/622 625/658/625 627/660/627
f 628/661/628 629/662/629 625/658/625 624/657/624
f 630/663/630 627/660/627 625/658/625 629/662/629
f 631/664/631 627/660/627 630/663/630 632/665/632
f 633/666/633 634/667/634 630/663/630 629/662/629
f 635/668/635 632/665/632 630/663/630 634/667/634
f 636/669/636 632/670/632 635/671/635 637/672/637
f 638/673/638 639/674/639 635/668/635 634/667/634
f 640/675/640 637/672/637 635/671/635 639/676/639
f 641/677/641 637/672/637 640/675/640 642/678/642
f 643/679/643 644/680/644 640/675/640 639/676/639
f 645/681/645 642/678/642 640/675/640 644/680/644
f 646/682/646 642/678/642 645/681/645 647/683/647
f 648/684/648 649/685/649 645/681/645 644/680/644
f 650/686/650 647/683/647 645/681/645 649/685/649
f 651/687/651 647/683/647 650/686/650 652/688/652
f 653/689/653 654/690/654 650/686/650 649/685/649
f 655/691/655 652/688/652 650/686/650 654/690/654
f 656/692/656 657/693/657 655/691/655 654/690/654
f 658/694/658 659/695/659 660/696/660 661/697/661
f 662/698/662 661/697/661 660/696/660 663/699/663
f 664/700/664 661/697/661 662/698/662 665/701/665
f 666/702/666 667/703/667 662/698/662 663/699/663
f 668/704/668 665/701/665 662/698/662 667/703/667
f 669/705/669 665/701/665 668/704/668 670/706/670
f 671/707/671 672/708/672 668/704/668 667/703/667
f 673/709/673 670/706/670 668/704/668 672/708/672
f 674/710/674 670/706/670 673/709/673 675/711/675
f 676/712/676 677/713/677 673/709/673 672/708/672
f 678/714/678 675/711/675 673/709/673 677/713/677
f 679/715/679 675/711/675 678/714/678 680/716/680
f 681/717/681 682/718/682 678/719/678 677/720/677
f 683/721/683 680/722/680 678/719/678 682/718/682
f 684/723/684 680/722/680 683/721/683 685/724/685
f 686/725/686 687/726/687 683/721/683 682/718/682
f 688/727/688 685/724/685 683/721/683 687/726/687
f 689/728/689 685/724/685 688/727/688 690/729/690
f 691/730/691 692/731/692 688/727/688 687/726/687
f 693/732/693 690/729/690 688/727/688 692/731/692
f 694/733/694 690/729/690 693/732/693 695/734/695
f 696/735/696 697/736/697 693/732/693 692/731/692
f 698/737/698 695/734/695 693/732/693 697/736/697
f 699/738/699 695/734/695 698/737/698 700/739/700
f 701/740/701 702/741/702 698/737/698 697/736/697
f 703/742/703 700/739/700 698/737/698 702/741/702
f 704/743/704 700/739/700 703/742/703 705/744/705
f 706/745/706 707/746/707 703/742/703 702/741/702
f 708/747/708 705/744/705 703/742/703 707/746/707
f 709/748/709 705/744/705 708/747/708 710/749/710
f 711/750/711 712/751/712 708/747/708 707/746/707
f 713/752/713 710/749/710 708/747/708 712/751/712
f 714/753/714 710/749/710 713/752/713 715/754/715
f 716/755/716 717/756/717 713/752/713 712/751/712
f 718/757/718 715/758/715 713/759/713 717/760/717
f 719/761/719 715/758/715 718/757/718 720/762/720
f 721/763/721 722/764/722 718/757/718 717/760/717
f 723/765/723 720/762/720 718/757/718 722/764/722
f 724/766/724 720/762/720 723/765/723 725/767/725
f 726/768/726 727/769/727 723/765/723 722/764/722
f 728/770/728 725/767/725 723/765/723 727/769/727
f 729/771/729 725/767/725 728/770/728 730/772/730
f 731/773/731 732/774/732 728/770/728 727/769/727
f 733/775/733 730/772/730 728/770/728 732/774/732
f 734/776/734 730/772/730 733/775/733 735/777/735
f 736/778/736 737/779/737 733/775/733 732/774/732
f 738/780/738 735/777/735 733/775/733 737/779/737
f 739/781/739 735/777/735 738/780/738 740/782/740
f 741/783/741 742/784/742 738/780/738 737/779/737
f 743/785/743 740/782/740 738/780/738 742/784/742
f 744/786/744 740/782/740 743/785/743 745/787/745
f 746/788/746 747/789/747 743/785/743 742/784/742
f 748/790/748 745/787/745 743/785/743 747/789/747
f 749/791/749 745/787/745 748/790/748 750/792/750
f 751/793/751 752/794/752 748/790/748 747/789/747
f 753/795/753 750/792/750 748/790/748 752/794/752
f 754/796/754 750/792/750 753/795/753 755/797/755
f 756/798/756 757/799/757 753/795/753 752/794/752
f 758/800/758 755/797/755 753/795/753 757/799/757
f 759/801/759 755/797/755 758/800/758 760/802/760
f 761/803/761 762/804/762 758/800/758 757/799/757
f 763/805/763 760/802/760 758/800/758 762/804/762
f 764/806/764 760/802/760 763/805/763 765/807/765
f 766/808/766 767/809/767 763/805/763 762/804/762
f 768/810/768 765/807/765 763/805/763 767/809/767
f 769/811/769 765/807/765 768/810/768 770/812/770
f 771/813/771 772/814/772 768/810/768 767/809/767
f 773/815/773 770/812/770 768/810/768 772/814/772
f 774/816/774 770/812/770 773/815/773 775/817/775
f 776/818/776 777/819/777 773/815/773 772/814/772
f 778/820/778 775/817/775 773/815/773 777/819/777
f 779/821/779 775/817/775 778/820/778 780/822/780
f 781/823/781 782/824/782 778/820/778 777/819/777
f 783/825/783 780/822/780 778/820/778 782/824/782
f 784/826/784 780/822/780 783/825/783 785/827/785
f 786/828/786 787/829/787 783/825/783 782/824/782
f 788/830/788 785/827/785 783/825/783 787/829/787
f 789/831/789 785/827/785 788/830/788 790/832/790
f 791/833/791 792/834/792 788/830/788 787/829/787
f 793/835/793 790/832/790 788/830/788 792/834/792
f 794/836/794 790/832/790 793/835/793 795/837/795
f 796/838/796 797/839/797 793/835/793 792/834/792
f 798/840/798 795/837/795 793/835/793 797/839/797
f 799/841/799 795/837/795 798/840/798 800/842/800
f 801/843/801 802/844/802 798/840/798 797/839/797
f 803/845/803 800/842/800 798/840/798 802/844/802
f 804/846/804 800/847/800 803/848/803 805/849/805
f 806/850/806 807/851/807 803/845/803 802/844/802
f 808/852/808 805/849/805 803/848/803 807/853/807
f 809/854/809 805/849/805 808/852/808 810/855/810
f 811/856/811 812/857/812 808/852/808 807/853/807
f 813/858/813 810/855/810 808/852/808 812/857/812
f 814/859/814 810/855/810 813/858/813 815/860/815
f 816/861/816 5/862/5 813/858/813 812/857/812
f 6/863/6 815/860/815 813/858/813 5/862/5
f 811/856/811 148/864/148 816/861/816 812/857/812
f 149/160/149 153/159/153 816/865/816 148/866/148
f 4/4/4 5/5/5 816/865/816 153/159/153
f 809/854/809 810/855/810 814/859/814 817/867/817
f 818/868/818 809/854/809 817/867/817 819/869/819
f 657/693/657 656/692/656 818/868/818 819/869/819
f 820/870/820 804/846/804 818/868/818 656/692/656
f 805/849/805 809/854/809 818/868/818 804/846/804
f 654/690/654 653/689/653 820/870/820 656/692/656
f 821/871/821 799/872/799 820/870/820 653/689/653
f 800/847/800 804/846/804 820/870/820 799/872/799
f 649/685/649 648/684/648 821/871/821 653/689/653
f 822/873/822 794/836/794 821/874/821 648/875/648
f 795/837/795 799/841/799 821/874/821 794/836/794
f 644/680/644 643/679/643 822/876/822 648/684/648
f 823/877/823 789/831/789 822/873/822 643/878/643
f 790/832/790 794/836/794 822/873/822 789/831/789
f 639/674/639 638/673/638 823/877/823 643/878/643
f 824/879/824 784/826/784 823/877/823 638/673/638
f 785/827/785 789/831/789 823/877/823 784/826/784
f 634/667/634 633/666/633 824/879/824 638/673/638
f 825/880/825 779/821/779 824/879/824 633/666/633
f 780/822/780 784/826/784 824/879/824 779/821/779
f 629/662/629 628/661/628 825/880/825 633/666/633
f 826/881/826 774/816/774 825/880/825 628/661/628
f 775/817/775 779/821/779 825/880/825 774/816/774
f 624/657/624 623/656/623 826/881/826 628/661/628
f 827/882/827 769/811/769 826/881/826 623/656/623
f 770/812/770 774/816/774 826/881/826 769/811/769
f 619/652/619 618/651/618 827/882/827 623/656/623
f 828/883/828 764/806/764 827/882/827 618/651/618
f 765/807/765 769/811/769 827/882/827 764/806/764
f 614/647/614 613/646/613 828/883/828 618/651/618
f 829/884/829 759/801/759 828/883/828 613/646/613
f 760/802/760 764/806/764 828/883/828 759/801/759
f 609/642/609 608/641/608 829/884/829 613/646/613
f 830/885/830 754/796/754 829/884/829 608/641/608
f 755/797/755 759/801/759 829/884/829 754/796/754
f 604/637/604 603/636/603 830/885/830 608/641/608
f 831/886/831 749/791/749 830/885/830 603/636/603
f 750/792/750 754/796/754 830/885/830 749/791/749
f 599/632/599 598/631/598 831/886/831 603/636/603
f 832/887/832 744/786/744 831/886/831 598/631/598
f 745/787/745 749/791/749 831/886/831 744/786/744
f 594/627/594 593/626/593 832/887/832 598/631/598
f 833/888/833 739/781/739 832/887/832 593/626/593
f 740/782/740 744/786/744 832/887/832 739/781/739
f 589/622/589 588/621/588 833/888/833 593/626/593
f 834/889/834 734/776/734 833/888/833 588/621/588
f 735/777/735 739/781/739 833/888/833 734/776/734
f 584/617/584 583/616/583 834/889/834 588/621/588
f 835/890/835 729/771/729 834/889/834 583/616/583
f 730/772/730 734/776/734 834/889/834 729/771/729
f 579/612/579 578/611/578 835/890/835 583/616/583
f 836/891/836 724/766/724 835/890/835 578/611/578
f 725/767/725 729/771/729 835/890/835 724/766/724
f 574/607/574 573/606/573 836/891/836 578/611/578
f 837/892/837 719/761/719 836/891/836 573/606/573
f 720/762/720 724/766/724 836/891/836 719/761/719
f 569/602/569 568/601/568 837/892/837 573/606/573
f 838/893/838 714/894/714 837/892/837 568/601/568
f 715/758/715 719/761/719 837/892/837 714/894/714
f 564/597/564 563/596/563 838/893/838 568/601/568
f 839/895/839 709/748/709 838/896/838 563/897/563
f 710/749/710 714/753/714 838/896/838 709/748/709
f 559/591/559 558/590/558 839/895/839 563/897/563
f 840/898/840 704/743/704 839/895/839 558/590/558
f 705/744/705 709/748/709 839/895/839 704/743/704
f 554/584/554 553/583/553 840/898/840 558/590/558
f 841/899/841 699/738/699 840/898/840 553/583/553
f 700/739/700 704/743/704 840/898/840 699/738/699
f 549/576/549 548/575/548 841/899/841 553/583/553
f 842/900/842 694/733/694 841/899/841 548/575/548
f 695/734/695 699/738/699 841/899/841 694/733/694
f 544/578/544 543/901/543 842/900/842 548/575/548
f 843/902/843 689/728/689 842/900/842 543/901/543
f 690/729/690 694/733/694 842/900/842 689/728/689
f 539/566/539 538/565/538 843/903/843 543/570/543
f 844/904/844 684/905/684 843/903/843 538/565/538
f 685/724/685 689/728/689 843/902/843 684/723/684
f 534/561/534 533/560/533 844/904/844 538/565/538
f 845/906/845 679/715/679 844/904/844 533/560/533
f 680/716/680 684/905/684 844/904/844 679/715/679
f 529/556/529 528/555/528 845/906/845 533/560/533
f 846/907/846 674/710/674 845/906/845 528/555/528
f 675/711/675 679/715/679 845/906/845 674/710/674
f 524/551/524 523/550/523 846/907/846 528/555/528
f 847/908/847 669/705/669 846/907/846 523/550/523
f 670/706/670 674/710/674 846/907/846 669/705/669
f 519/546/519 518/545/518 847/908/847 523/550/523
f 848/909/848 664/700/664 847/908/847 518/545/518
f 665/701/665 669/705/669 847/908/847 664/700/664
f 514/541/514 513/540/513 848/909/848 518/545/518
f 849/910/849 658/694/658 848/909/848 513/540/513
f 661/697/661 664/700/664 848/909/848 658/694/658
f 509/536/509 508/535/508 849/910/849 513/540/513
f 850/911/850 851/912/851 849/910/849 508/535/508
f 659/695/659 658/694/658 849/910/849 851/912/851
f 504/531/504 503/530/503 850/911/850 508/535/508
f 852/913/852 646/682/646 853/914/853 854/915/854
f 647/683/647 651/687/651 853/914/853 646/682/646
f 494/521/494 493/520/493 852/913/852 854/915/854
f 855/916/855 641/677/641 852/913/852 493/520/493
f 642/678/642 646/682/646 852/913/852 641/677/641
f 491/518/491 490/517/490 855/916/855 493/520/493
f 856/917/856 636/669/636 855/916/855 490/517/490
f 637/672/637 641/677/641 855/916/855 636/669/636
f 486/513/486 485/512/485 856/917/856 490/517/490
f 857/918/857 631/919/631 856/917/856 485/512/485
f 632/670/632 636/669/636 856/917/856 631/919/631
f 481/508/481 480/507/480 857/918/857 485/512/485
f 858/920/858 626/659/626 857/921/857 480/922/480
f 627/660/627 631/664/631 857/921/857 626/659/626
f 476/502/476 475/501/475 858/920/858 480/922/480
f 859/923/859 621/654/621 858/920/858 475/501/475
f 622/655/622 626/659/626 858/920/858 621/654/621
f 471/495/471 470/494/470 859/923/859 475/501/475
f 860/924/860 616/649/616 859/923/859 470/494/470
f 617/650/617 621/654/621 859/923/859 616/649/616
f 466/490/466 465/489/465 860/924/860 470/494/470
f 861/925/861 611/644/611 860/924/860 465/489/465
f 612/645/612 616/649/616 860/924/860 611/644/611
f 461/485/461 460/484/460 861/925/861 465/489/465
f 862/926/862 606/639/606 861/925/861 460/484/460
f 607/640/607 611/644/611 861/925/861 606/639/606
f 456/480/456 455/479/455 862/926/862 460/484/460
f 863/927/863 601/634/601 862/926/862 455/479/455
f 602/635/602 606/639/606 862/926/862 601/634/601
f 451/475/451 450/474/450 863/927/863 455/479/455
f 864/928/864 596/629/596 863/927/863 450/474/450
f 597/630/597 601/634/601 863/927/863 596/629/596
f 446/470/446 445/469/445 864/928/864 450/474/450
f 865/929/865 591/624/591 864/928/864 445/469/445
f 592/625/592 596/629/596 864/928/864 591/624/591
f 441/465/441 440/464/440 865/929/865 445/469/445
f 866/930/866 586/619/586 865/929/865 440/464/440
f 587/620/587 591/624/591 865/929/865 586/619/586
f 436/460/436 435/459/435 866/930/866 440/464/440
f 867/931/867 581/614/581 866/930/866 435/459/435
f 582/615/582 586/619/586 866/930/866 581/614/581
f 431/455/431 430/454/430 867/931/867 435/459/435
f 868/932/868 576/609/576 867/931/867 430/454/430
f 577/610/577 581/614/581 867/931/867 576/609/576
f 426/450/426 425/449/425 868/932/868 430/454/430
f 869/933/869 571/604/571 868/932/868 425/449/425
f 572/605/572 576/609/576 868/932/868 571/604/571
f 421/445/421 420/444/420 869/933/869 425/449/425
f 870/934/870 566/599/566 869/933/869 420/444/420
f 567/600/567 571/604/571 869/933/869 566/599/566
f 416/440/416 415/439/415 870/934/870 420/444/420
f 871/935/871 561/594/561 870/934/870 415/439/415
f 562/595/562 566/599/566 870/934/870 561/594/561
f 411/432/411 410/431/410 871/935/871 415/439/415
f 872/936/872 556/586/556 871/935/871 410/431/410
f 557/589/557 561/594/561 871/935/871 556/586/556
f 406/434/406 405/937/405 872/936/872 410/431/410
f 873/938/873 551/939/551 872/936/872 405/937/405
f 552/587/552 556/586/556 872/936/872 551/939/551
f 401/422/401 400/421/400 873/940/873 405/426/405
f 874/941/874 546/573/546 873/942/873 400/943/400
f 547/574/547 551/944/551 873/942/873 546/573/546
f 396/416/396 395/415/395 874/941/874 400/943/400
f 875/945/875 541/568/541 874/941/874 395/415/395
f 542/569/542 546/573/546 874/941/874 541/568/541
f 391/409/391 390/408/390 875/945/875 395/415/395
f 876/946/876 536/563/536 875/945/875 390/408/390
f 537/564/537 541/568/541 875/945/875 536/563/536
f 386/404/386 385/403/385 876/946/876 390/408/390
f 877/947/877 531/558/531 876/946/876 385/403/385
f 532/559/532 536/563/536 876/946/876 531/558/531
f 381/399/381 380/398/380 877/947/877 385/403/385
f 878/948/878 526/553/526 877/947/877 380/398/380
f 527/554/527 531/558/531 877/947/877 526/553/526
f 376/394/376 375/393/375 878/948/878 380/398/380
f 879/949/879 521/548/521 878/948/878 375/393/375
f 522/549/522 526/553/526 878/948/878 521/548/521
f 371/389/371 370/388/370 879/949/879 375/393/375
f 880/950/880 516/543/516 879/949/879 370/388/370
f 517/544/517 521/548/521 879/949/879 516/543/516
f 366/384/366 365/383/365 880/950/880 370/388/370
f 881/951/881 511/538/511 880/950/880 365/383/365
f 512/539/512 516/543/516 880/950/880 511/538/511
f 361/379/361 360/378/360 881/951/881 365/383/365
f 882/952/882 506/533/506 881/951/881 360/378/360
f 507/534/507 511/538/511 881/951/881 506/533/506
f 356/374/356 355/373/355 882/952/882 360/378/360
f 883/953/883 501/528/501 882/952/882 355/373/355
f 502/529/502 506/533/506 882/952/882 501/528/501
f 351/369/351 350/368/350 883/953/883 355/373/355
f 884/954/884 495/522/495 883/953/883 350/368/350
f 498/525/498 501/528/501 883/953/883 495/522/495
f 346/364/346 345/363/345 884/954/884 350/368/350
f 885/955/885 886/956/886 884/954/884 345/363/345
f 496/523/496 495/522/495 884/954/884 886/956/886
f 341/359/341 340/358/340 885/955/885 345/363/345
f 887/957/887 483/510/483 888/958/888 889/959/889
f 484/511/484 488/515/488 888/958/888 483/510/483
f 331/349/331 330/348/330 887/957/887 889/959/889
f 890/960/890 478/505/478 887/957/887 330/348/330
f 479/506/479 483/510/483 887/957/887 478/505/478
f 328/346/328 327/345/327 890/960/890 330/348/330
f 891/961/891 473/497/473 890/960/890 327/345/327
f 474/500/474 478/505/478 890/960/890 473/497/473
f 323/341/323 322/340/322 891/961/891 327/345/327
f 892/962/892 468/963/468 891/961/891 322/340/322
f 469/498/469 473/497/473 891/961/891 468/963/468
f 318/336/318 317/335/317 892/962/892 322/340/322
f 893/964/893 463/487/463 892/965/892 317/966/317
f 464/488/464 468/492/468 892/965/892 463/487/463
f 313/328/313 312/327/312 893/964/893 317/966/317
f 894/967/894 458/482/458 893/964/893 312/327/312
f 459/483/459 463/487/463 893/964/893 458/482/458
f 308/323/308 307/322/307 894/967/894 312/327/312
f 895/968/895 453/477/453 894/967/894 307/322/307
f 454/478/454 458/482/458 894/967/894 453/477/453
f 303/318/303 302/317/302 895/968/895 307/322/307
f 896/969/896 448/472/448 895/968/895 302/317/302
f 449/473/449 453/477/453 895/968/895 448/472/448
f 298/313/298 297/312/297 896/969/896 302/317/302
f 897/970/897 443/467/443 896/969/896 297/312/297
f 444/468/444 448/472/448 896/969/896 443/467/443
f 293/308/293 292/307/292 897/970/897 297/312/297
f 898/971/898 438/462/438 897/970/897 292/307/292
f 439/463/439 443/467/443 897/970/897 438/462/438
f 288/303/288 287/302/287 898/971/898 292/307/292
f 899/972/899 433/457/433 898/971/898 287/302/287
f 434/458/434 438/462/438 898/971/898 433/457/433
f 283/298/283 282/297/282 899/972/899 287/302/287
f 900/973/900 428/452/428 899/972/899 282/297/282
f 429/453/429 433/457/433 899/972/899 428/452/428
f 278/290/278 277/289/277 900/973/900 282/297/282
f 901/974/901 423/447/423 900/973/900 277/289/277
f 424/448/424 428/452/428 900/973/900 423/447/423
f 273/292/273 272/975/272 901/974/901 277/289/277
f 902/976/902 418/442/418 901/974/901 272/975/272
f 419/443/419 423/447/423 901/974/901 418/442/418
f 268/280/268 267/279/267 902/977/902 272/284/272
f 903/978/903 413/979/413 902/977/902 267/279/267
f 414/438/414 418/442/418 902/976/902 413/437/413
f 263/275/263 262/274/262 903/978/903 267/279/267
f 904/980/904 408/429/408 903/978/903 262/274/262
f 409/430/409 413/979/413 903/978/903 408/429/408
f 258/270/258 257/269/257 904/980/904 262/274/262
f 905/981/905 403/424/403 904/980/904 257/269/257
f 404/425/404 408/429/408 904/980/904 403/424/403
f 253/265/253 252/264/252 905/981/905 257/269/257
f 906/982/906 398/419/398 905/981/905 252/264/252
f 399/420/399 403/424/403 905/981/905 398/419/398
f 248/260/248 247/259/247 906/982/906 252/264/252
f 907/983/907 393/411/393 906/982/906 247/259/247
f 394/414/394 398/419/398 906/982/906 393/411/393
f 243/255/243 242/254/242 907/983/907 247/259/247
f 908/984/908 388/985/388 907/983/907 242/254/242
f 389/412/389 393/411/393 907/983/907 388/985/388
f 238/250/238 237/249/237 908/984/908 242/254/242
f 909/986/909 383/987/383 908/984/908 237/249/237
f 384/402/384 388/406/388 908/988/908 383/401/383
f 233/245/233 232/244/232 909/986/909 237/249/237
f 910/989/910 378/396/378 909/990/909 232/991/232
f 379/397/379 383/401/383 909/990/909 378/396/378
f 228/239/228 227/238/227 910/989/910 232/991/232
f 911/992/911 373/391/373 910/989/910 227/238/227
f 374/392/374 378/396/378 910/989/910 373/391/373
f 223/232/223 222/231/222 911/992/911 227/238/227
f 912/993/912 368/386/368 911/992/911 222/231/222
f 369/387/369 373/391/373 911/992/911 368/386/368
f 218/227/218 217/226/217 912/993/912 222/231/222
f 913/994/913 363/381/363 912/993/912 217/226/217
f 364/382/364 368/386/368 912/993/912 363/381/363
f 213/222/213 212/221/212 913/994/913 217/226/217
f 914/995/914 358/376/358 913/994/913 212/221/212
f 359/377/359 363/381/363 913/994/913 358/376/358
f 208/217/208 207/216/207 914/995/914 212/221/212
f 915/996/915 353/371/353 914/995/914 207/216/207
f 354/372/354 358/376/358 914/995/914 353/371/353
f 203/212/203 202/211/202 915/996/915 207/216/207
f 916/997/916 348/366/348 915/996/915 202/211/202
f 349/367/349 353/371/353 915/996/915 348/366/348
f 198/207/198 197/206/197 916/997/916 202/211/202
f 917/998/917 343/361/343 916/997/916 197/206/197
f 344/362/344 348/366/348 916/997/916 343/361/343
f 193/202/193 192/201/192 917/998/917 197/206/197
f 918/999/918 338/356/338 917/998/917 192/201/192
f 339/357/339 343/361/343 917/998/917 338/356/338
f 188/197/188 187/196/187 918/999/918 192/201/192
f 919/1000/919 332/350/332 918/999/918 187/196/187
f 335/353/335 338/356/338 918/999/918 332/350/332
f 183/192/183 182/191/182 919/1000/919 187/196/187
f 920/1001/920 921/1002/921 919/1000/919 182/191/182
f 333/351/333 332/350/332 919/1000/919 921/1002/921
f 178/187/178 177/186/177 920/1001/920 182/191/182
f 922/1003/922 320/338/320 923/1004/923 924/1005/924
f 321/339/321 325/343/325 923/1004/923 320/338/320
f 168/177/168 167/176/167 922/1003/922 924/1005/924
f 925/1006/925 315/333/315 922/1003/922 167/176/167
f 316/334/316 320/338/320 922/1003/922 315/333/315
f 165/174/165 164/173/164 925/1006/925 167/176/167
f 926/1007/926 310/1008/310 925/1006/925 164/173/164
f 311/330/311 315/333/315 925/1006/925 310/1008/310
f 160/169/160 159/168/159 926/1007/926 164/173/164
f 927/1009/927 305/320/305 926/1010/926 159/1011/159
f 306/321/306 310/325/310 926/1010/926 305/320/305
f 156/164/156 155/163/155 927/1009/927 159/1011/159
f 928/1012/928 300/315/300 927/1009/927 155/163/155
f 301/316/301 305/320/305 927/1009/927 300/315/300
f 151/157/151 150/156/150 928/1012/928 155/163/155
f 929/1013/929 295/310/295 928/1012/928 150/156/150
f 296/311/296 300/315/300 928/1012/928 295/310/295
f 146/149/146 145/148/145 929/1013/929 150/156/150
f 930/1014/930 290/305/290 929/1013/929 145/148/145
f 291/306/291 295/310/295 929/1013/929 290/305/290
f 141/151/141 140/1015/140 930/1014/930 145/148/145
f 931/1016/931 285/300/285 930/1014/930 140/1015/140
f 286/301/286 290/305/290 930/1014/930 285/300/285
f 136/139/136 135/138/135 931/1017/931 140/143/140
f 932/1018/932 280/1019/280 931/1017/931 135/138/135
f 281/296/281 285/300/285 931/1016/931 280/295/280
f 131/134/131 130/133/130 932/1018/932 135/138/135
f 933/1020/933 275/287/275 932/1018/932 130/133/130
f 276/288/276 280/1019/280 932/1018/932 275/287/275
f 126/129/126 125/128/125 933/1020/933 130/133/130
f 934/1021/934 270/282/270 933/1020/933 125/128/125
f 271/283/271 275/287/275 933/1020/933 270/282/270
f 121/124/121 120/123/120 934/1021/934 125/128/125
f 935/1022/935 265/277/265 934/1021/934 120/123/120
f 266/278/266 270/282/270 934/1021/934 265/277/265
f 116/119/116 115/118/115 935/1022/935 120/123/120
f 936/1023/936 260/272/260 935/1022/935 115/118/115
f 261/273/261 265/277/265 935/1022/935 260/272/260
f 111/114/111 110/113/110 936/1023/936 115/118/115
f 937/1024/937 255/267/255 936/1023/936 110/113/110
f 256/268/256 260/272/260 936/1023/936 255/267/255
f 106/109/106 105/108/105 937/1024/937 110/113/110
f 938/1025/938 250/262/250 937/1024/937 105/108/105
f 251/263/251 255/267/255 937/1024/937 250/262/250
f 101/104/101 100/103/100 938/1025/938 105/108/105
f 939/1026/939 245/257/245 938/1025/938 100/103/100
f 246/258/246 250/262/250 938/1025/938 245/257/245
f 96/99/96 95/98/95 939/1026/939 100/103/100
f 940/1027/940 240/252/240 939/1026/939 95/98/95
f 241/253/241 245/257/245 939/1026/939 240/252/240
f 91/94/91 90/93/90 940/1027/940 95/98/95
f 941/1028/941 235/247/235 940/1027/940 90/93/90
f 236/248/236 240/252/240 940/1027/940 235/247/235
f 86/89/86 85/88/85 941/1028/941 90/93/90
f 942/1029/942 230/242/230 941/1028/941 85/88/85
f 231/243/231 235/247/235 941/1028/941 230/242/230
f 81/84/81 80/83/80 942/1029/942 85/88/85
f 943/1030/943 225/234/225 942/1029/942 80/83/80
f 226/237/226 230/242/230 942/1029/942 225/234/225
f 76/79/76 75/78/75 943/1030/943 80/83/80
f 944/1031/944 220/1032/220 943/1030/943 75/78/75
f 221/235/221 225/234/225 943/1030/943 220/1032/220
f 71/74/71 70/73/70 944/1031/944 75/78/75
f 945/1033/945 215/224/215 944/1034/944 70/1035/70
f 216/225/216 220/229/220 944/1034/944 215/224/215
f 66/68/66 65/67/65 945/1033/945 70/1035/70
f 946/1036/946 210/219/210 945/1033/945 65/67/65
f 211/220/211 215/224/215 945/1033/945 210/219/210
f 61/61/61 60/60/60 946/1036/946 65/67/65
f 947/1037/947 205/214/205 946/1036/946 60/60/60
f 206/215/206 210/219/210 946/1036/946 205/214/205
f 56/56/56 55/55/55 947/1037/947 60/60/60
f 948/1038/948 200/209/200 947/1037/947 55/55/55
f 201/210/201 205/214/205 947/1037/947 200/209/200
f 51/51/51 50/50/50 948/1038/948 55/55/55
f 949/1039/949 195/204/195 948/1038/948 50/50/50
f 196/205/196 200/209/200 948/1038/948 195/204/195
f 46/46/46 45/45/45 949/1039/949 50/50/50
f 950/1040/950 190/199/190 949/1039/949 45/45/45
f 191/200/191 195/204/195 949/1039/949 190/199/190
f 41/41/41 40/40/40 950/1040/950 45/45/45
f 951/1041/951 185/194/185 950/1040/950 40/40/40
f 186/195/186 190/199/190 950/1040/950 185/194/185
f 36/36/36 35/35/35 951/1041/951 40/40/40
f 952/1042/952 180/189/180 951/1041/951 35/35/35
f 181/190/181 185/194/185 951/1041/951 180/189/180
f 31/31/31 30/30/30 952/1042/952 35/35/35
f 953/1043/953 175/184/175 952/1042/952 30/30/30
f 176/185/176 180/189/180 952/1042/952 175/184/175
f 26/26/26 25/25/25 953/1043/953 30/30/30
f 954/1044/954 169/178/169 953/1043/953 25/25/25
f 172/181/172 175/184/175 953/1043/953 169/178/169
f 21/21/21 20/20/20 954/1044/954 25/25/25
f 955/1045/955 956/1046/956 954/1044/954 20/20/20
f 170/179/170 169/178/169 954/1044/954 956/1046/956
f 16/16/16 15/15/15 955/1045/955 20/20/20
f 806/850/806 143/146/143 811/1047/811 807/851/807
f 144/147/144 148/1048/148 811/1047/811 143/146/143
f 801/843/801 138/141/138 806/850/806 802/844/802
f 139/142/139 143/146/143 806/850/806 138/141/138
f 796/838/796 133/136/133 801/843/801 797/839/797
f 134/137/134 138/141/138 801/843/801 133/136/133
f 791/833/791 128/131/128 796/838/796 792/834/792
f 129/132/129 133/136/133 796/838/796 128/131/128
f 786/828/786 123/126/123 791/833/791 787/829/787
f 124/127/124 128/131/128 791/833/791 123/126/123
f 781/823/781 118/121/118 786/828/786 782/824/782
f 119/122/119 123/126/123 786/828/786 118/121/118
f 776/818/776 113/116/113 781/823/781 777/819/777
f 114/117/114 118/121/118 781/823/781 113/116/113
f 771/813/771 108/111/108 776/818/776 772/814/772
f 109/112/109 113/116/113 776/818/776 108/111/108
f 766/808/766 103/106/103 771/813/771 767/809/767
f 104/107/104 108/111/108 771/813/771 103/106/103
f 761/803/761 98/101/98 766/808/766 762/804/762
f 99/102/99 103/106/103 766/808/766 98/101/98
f 756/798/756 93/96/93 761/803/761 757/799/757
f 94/97/94 98/101/98 761/803/761 93/96/93
f 751/793/751 88/91/88 756/798/756 752/794/752
f 89/92/89 93/96/93 756/798/756 88/91/88
f 746/788/746 83/86/83 751/793/751 747/789/747
f 84/87/84 88/91/88 751/793/751 83/86/83
f 741/783/741 78/81/78 746/788/746 742/784/742
f 79/82/79 83/86/83 746/788/746 78/81/78
f 736/778/736 73/76/73 741/783/741 737/779/737
f 74/77/74 78/81/78 741/783/741 73/76/73
f 731/773/731 68/71/68 736/778/736 732/774/732
f 69/72/69 73/76/73 736/778/736 68/71/68
f 726/768/726 63/63/63 731/773/731 727/769/727
f 64/66/64 68/71/68 731/773/731 63/63/63
f 721/763/721 58/1049/58 726/768/726 722/764/722
f 59/64/59 63/63/63 726/768/726 58/1049/58
f 716/755/716 53/53/53 721/1050/721 717/756/717
f 54/54/54 58/58/58 721/1050/721 53/53/53
f 711/750/711 48/48/48 716/755/716 712/751/712
f 49/49/49 53/53/53 716/755/716 48/48/48
f 706/745/706 43/43/43 711/750/711 707/746/707
f 44/44/44 48/48/48 711/750/711 43/43/43
f 701/740/701 38/38/38 706/745/706 702/741/702
f 39/39/39 43/43/43 706/745/706 38/38/38
f 696/735/696 33/33/33 701/740/701 697/736/697
f 34/34/34 38/38/38 701/740/701 33/33/33
f 691/730/691 28/28/28 696/735/696 692/731/692
f 29/29/29 33/33/33 696/735/696 28/28/28
f 686/725/686 23/23/23 691/730/691 687/726/687
f 24/24/24 28/28/28 691/730/691 23/23/23
f 681/717/681 18/18/18 686/725/686 682/718/682
f 19/19/19 23/23/23 686/725/686 18/18/18
f 676/1051/676 13/13/13 681/717/681 677/720/677
f 14/14/14 18/18/18 681/717/681 13/13/13
f 671/707/671 7/1052/7 676/712/676 672/708/672
f 10/10/10 13/13/13 676/1051/676 7/7/7
f 666/702/666 957/1053/957 671/707/671 667/703/667
f 8/1054/8 7/1052/7 671/707/671 957/1053/957
f 1/1/1 158/167/158 162/171/162 2/2/2
f 1/1/1 4/4/4 153/159/153 154/162/154
f 958/1055/958 3/3/3 2/2/2 959/1056/959
f 6/6/6 3/3/3 958/1055/958 960/1057/960
f 961/1058/961 9/9/9 8/8/8 962/1059/962
f 12/12/12 9/9/9 961/1058/961 963/1060/963
f 964/1061/964 963/1060/963 961/1058/961 965/1062/965
f 12/12/12 963/1060/963 966/1063/966 15/15/15
f 966/1063/966 963/1060/963 964/1061/964 967/1064/967
f 968/1065/968 967/1064/967 964/1061/964 969/1066/969
f 966/1063/966 967/1064/967 970/1067/970 971/1068/971
f 970/1067/970 967/1064/967 968/1065/968 972/1069/972
f 973/1070/973 972/1069/972 968/1065/968 974/1071/974
f 970/1067/970 972/1069/972 975/1072/975 976/1073/976
f 975/1072/975 972/1069/972 973/1070/973 977/1074/977
f 978/1075/978 977/1074/977 973/1070/973 979/1076/979
f 975/1072/975 977/1074/977 980/1077/980 981/1078/981
f 980/1077/980 977/1074/977 978/1075/978 982/1079/982
f 983/1080/983 982/1079/982 978/1075/978 984/1081/984
f 980/1077/980 982/1079/982 985/1082/985 986/1083/986
f 985/1084/985 982/1085/982 983/1086/983 987/1087/987
f 988/1088/988 987/1087/987 983/1086/983 989/1089/989
f 985/1084/985 987/1087/987 990/1090/990 991/1091/991
f 990/1090/990 987/1087/987 988/1088/988 992/1092/992
f 993/1093/993 992/1092/992 988/1088/988 994/1094/994
f 990/1090/990 992/1092/992 995/1095/995 996/1096/996
f 995/1095/995 992/1092/992 993/1093/993 997/1097/997
f 998/1098/998 997/1097/997 993/1093/993 999/1099/999
f 995/1095/995 997/1097/997 1000/1100/1000 1001/1101/1001
f 1000/1100/1000 997/1097/997 998/1098/998 1002/1102/1002
f 1003/1103/1003 1002/1102/1002 998/1098/998 1004/1104/1004
f 1000/1100/1000 1002/1102/1002 1005/1105/1005 1006/1106/1006
f 1005/1105/1005 1002/1102/1002 1003/1103/1003 1007/1107/1007
f 1008/1108/1008 1007/1107/1007 1003/1103/1003 1009/1109/1009
f 1005/1105/1005 1007/1107/1007 1010/1110/1010 1011/1111/1011
f 1010/1110/1010 1007/1107/1007 1008/1108/1008 1012/1112/1012
f 1013/1113/1013 1012/1112/1012 1008/1108/1008 1014/1114/1014
f 1010/1110/1010 1012/1112/1012 1015/1115/1015 1016/1116/1016
f 1015/1115/1015 1012/1112/1012 1013/1113/1013 1017/1117/1017
f 1018/1118/1018 1017/1117/1017 1013/1113/1013 1019/1119/1019
f 1015/1115/1015 1017/1117/1017 1020/1120/1020 1021/1121/1021
f 1020/1120/1020 1017/1117/1017 1018/1118/1018 1022/1122/1022
f 1023/1123/1023 1022/1122/1022 1018/1118/1018 1024/1124/1024
f 1020/1120/1020 1022/1122/1022 1025/1125/1025 1026/1126/1026
f 1025/1125/1025 1022/1122/1022 1023/1123/1023 1027/1127/1027
f 1028/1128/1028 1027/1127/1027 1023/1123/1023 1029/1129/1029
f 1025/1125/1025 1027/1127/1027 1030/1130/1030 1031/1131/1031
f 1030/1130/1030 1027/1127/1027 1028/1128/1028 1032/1132/1032
f 1033/1133/1033 1032/1132/1032 1028/1128/1028 1034/1134/1034
f 1030/1130/1030 1032/1132/1032 1035/1135/1035 1036/1136/1036
f 1035/1135/1035 1032/1132/1032 1033/1133/1033 1037/1137/1037
f 1038/1138/1038 1037/1137/1037 1033/1133/1033 1039/1139/1039
f 1035/1135/1035 1037/1137/1037 1040/1140/1040 1041/1141/1041
f 1040/1140/1040 1037/1137/1037 1038/1138/1038 1042/1142/1042
f 1043/1143/1043 1042/1142/1042 1038/1138/1038 1044/1144/1044
f 1040/1140/1040 1042/1142/1042 1045/1145/1045 1046/1146/1046
f 1045/1145/1045 1042/1142/1042 1043/1143/1043 1047/1147/1047
f 1048/1148/1048 1047/1147/1047 1043/1143/1043 1049/1149/1049
f 1045/1145/1045 1047/1147/1047 1050/1150/1050 1051/1151/1051
f 1050/1150/1050 1047/1147/1047 1048/1148/1048 1052/1152/1052
f 1053/1153/1053 1052/1152/1052 1048/1148/1048 1054/1154/1054
f 1050/1150/1050 1052/1152/1052 1055/1155/1055 1056/1156/1056
f 1055/1155/1055 1052/1152/1052 1053/1153/1053 1057/1157/1057
f 1058/1158/1058 1057/1157/1057 1053/1153/1053 1059/1159/1059
f 1055/1155/1055 1057/1157/1057 1060/1160/1060 1061/1161/1061
f 1060/1160/1060 1057/1157/1057 1058/1158/1058 1062/1162/1062
f 1063/1163/1063 1062/1162/1062 1058/1158/1058 1064/1164/1064
f 1060/1160/1060 1062/1162/1062 1065/1165/1065 1066/1166/1066
f 1065/1167/1065 1062/1168/1062 1063/1169/1063 1067/1170/1067
f 1068/1171/1068 1067/1170/1067 1063/1169/1063 1069/1172/1069
f 1065/1167/1065 1067/1170/1067 1070/1173/1070 1071/1174/1071
f 1070/1173/1070 1067/1170/1067 1068/1171/1068 1072/1175/1072
f 1073/1176/1073 1072/1175/1072 1068/1171/1068 1074/1177/1074
f 1070/1173/1070 1072/1175/1072 1075/1178/1075 1076/1179/1076
f 1075/1178/1075 1072/1175/1072 1073/1176/1073 1077/1180/1077
f 1078/1181/1078 1077/1180/1077 1073/1176/1073 1079/1182/1079
f 1075/1178/1075 1077/1180/1077 1080/1183/1080 1081/1184/1081
f 1080/1183/1080 1077/1180/1077 1078/1181/1078 1082/1185/1082
f 1083/1186/1083 1082/1185/1082 1078/1181/1078 1084/1187/1084
f 1080/1183/1080 1082/1185/1082 1085/1188/1085 1086/1189/1086
f 1085/1188/1085 1082/1185/1082 1083/1186/1083 1087/1190/1087
f 1088/1191/1088 1087/1190/1087 1083/1186/1083 1089/1192/1089
f 1085/1188/1085 1087/1190/1087 1090/1193/1090 1091/1194/1091
f 1090/1193/1090 1087/1190/1087 1088/1191/1088 1092/1195/1092
f 1093/1196/1093 1092/1195/1092 1088/1191/1088 1094/1197/1094
f 1090/1198/1090 1092/1199/1092 1095/1200/1095 1096/1201/1096
f 1095/1200/1095 1092/1199/1092 1093/1202/1093 1097/1203/1097
f 1098/1204/1098 1097/1203/1097 1093/1202/1093 1099/1205/1099
f 1095/1200/1095 1097/1203/1097 1100/1206/1100 1101/1207/1101
f 1100/1206/1100 1097/1203/1097 1098/1204/1098 1102/1208/1102
f 1103/1209/1103 1102/1208/1102 1098/1204/1098 1104/1210/1104
f 1100/1206/1100 1102/1208/1102 1105/1211/1105 1106/1212/1106
f 1105/1211/1105 1102/1208/1102 1103/1209/1103 1107/1213/1107
f 1108/1214/1108 1107/1213/1107 1103/1209/1103 959/1056/959
f 1105/1211/1105 1107/1213/1107 1109/1215/1109 1110/1216/1110
f 1109/1215/1109 1107/1213/1107 1108/1214/1108 1111/1217/1111
f 163/172/163 1111/1217/1111 1108/1214/1108 162/171/162
f 1109/1215/1109 1111/1217/1111 1112/1218/1112 1113/1219/1113
f 1112/1218/1112 1111/1217/1111 163/172/163 166/175/166
f 1112/1218/1112 166/175/166 168/177/168 1114/1220/1114
f 1115/1221/1115 171/180/171 170/179/170 1116/1222/1116
f 174/183/174 171/180/171 1115/1221/1115 1117/1223/1117
f 1118/1224/1118 1117/1223/1117 1115/1221/1115 1119/1225/1119
f 174/183/174 1117/1223/1117 1120/1226/1120 177/186/177
f 1120/1226/1120 1117/1223/1117 1118/1224/1118 1121/1227/1121
f 1122/1228/1122 1121/1227/1121 1118/1224/1118 1123/1229/1123
f 1120/1226/1120 1121/1227/1121 1124/1230/1124 1125/1231/1125
f 1124/1230/1124 1121/1227/1121 1122/1228/1122 1126/1232/1126
f 1127/1233/1127 1126/1232/1126 1122/1228/1122 1128/1234/1128
f 1124/1230/1124 1126/1232/1126 1129/1235/1129 1130/1236/1130
f 1129/1235/1129 1126/1232/1126 1127/1233/1127 1131/1237/1131
f 1132/1238/1132 1131/1237/1131 1127/1233/1127 1133/1239/1133
f 1129/1235/1129 1131/1237/1131 1134/1240/1134 1135/1241/1135
f 1134/1240/1134 1131/1237/1131 1132/1238/1132 1136/1242/1136
f 1137/1243/1137 1136/1244/1136 1132/1245/1132 1138/1246/1138
f 1134/1240/1134 1136/1242/1136 1139/1247/1139 1140/1248/1140
f 1139/1249/1139 1136/1244/1136 1137/1243/1137 1141/1250/1141
f 1142/1251/1142 1141/1250/1141 1137/1243/1137 1143/1252/1143
f 1139/1249/1139 1141/1250/1141 1144/1253/1144 1145/1254/1145
f 1144/1253/1144 1141/1250/1141 1142/1251/1142 1146/1255/1146
f 1147/1256/1147 1146/1255/1146 1142/1251/1142 1148/1257/1148
f 1144/1253/1144 1146/1255/1146 1149/1258/1149 1150/1259/1150
f 1149/1258/1149 1146/1255/1146 1147/1256/1147 1151/1260/1151
f 1152/1261/1152 1151/1260/1151 1147/1256/1147 1153/1262/1153
f 1149/1258/1149 1151/1260/1151 1154/1263/1154 1155/1264/1155
f 1154/1263/1154 1151/1260/1151 1152/1261/1152 1156/1265/1156
f 1157/1266/1157 1156/1265/1156 1152/1261/1152 1158/1267/1158
f 1154/1263/1154 1156/1265/1156 1159/1268/1159 1160/1269/1160
f 1159/1268/1159 1156/1265/1156 1157/1266/1157 1161/1270/1161
f 1162/1271/1162 1161/1270/1161 1157/1266/1157 1163/1272/1163
f 1159/1268/1159 1161/1270/1161 1164/1273/1164 1165/1274/1165
f 1164/1273/1164 1161/1270/1161 1162/1271/1162 1166/1275/1166
f 1167/1276/1167 1166/1275/1166 1162/1271/1162 1168/1277/1168
f 1164/1273/1164 1166/1275/1166 1169/1278/1169 1170/1279/1170
f 1169/1278/1169 1166/1275/1166 1167/1276/1167 1171/1280/1171
f 1172/1281/1172 1171/1280/1171 1167/1276/1167 1173/1282/1173
f 1169/1278/1169 1171/1280/1171 1174/1283/1174 1175/1284/1175
f 1174/1283/1174 1171/1280/1171 1172/1281/1172 1176/1285/1176
f 1177/1286/1177 1176/1285/1176 1172/1281/1172 1178/1287/1178
f 1174/1283/1174 1176/1285/1176 1179/1288/1179 1180/1289/1180
f 1179/1288/1179 1176/1285/1176 1177/1286/1177 1181/1290/1181
f 1182/1291/1182 1181/1290/1181 1177/1286/1177 1183/1292/1183
f 1179/1288/1179 1181/1290/1181 1184/1293/1184 1185/1294/1185
f 1184/1293/1184 1181/1290/1181 1182/1291/1182 1186/1295/1186
f 1187/1296/1187 1186/1295/1186 1182/1291/1182 1188/1297/1188
f 1184/1293/1184 1186/1295/1186 1189/1298/1189 1190/1299/1190
f 1189/1298/1189 1186/1295/1186 1187/1296/1187 1191/1300/1191
f 1192/1301/1192 1191/1300/1191 1187/1296/1187 1193/1302/1193
f 1189/1298/1189 1191/1300/1191 1194/1303/1194 1195/1304/1195
f 1194/1303/1194 1191/1300/1191 1192/1301/1192 1196/1305/1196
f 1197/1306/1197 1196/1305/1196 1192/1301/1192 1198/1307/1198
f 1194/1303/1194 1196/1305/1196 1199/1308/1199 1200/1309/1200
f 1199/1308/1199 1196/1305/1196 1197/1306/1197 1201/1310/1201
f 1202/1311/1202 1201/1310/1201 1197/1306/1197 1203/1312/1203
f 1199/1308/1199 1201/1310/1201 1204/1313/1204 1205/1314/1205
f 1204/1313/1204 1201/1310/1201 1202/1311/1202 1206/1315/1206
f 1207/1316/1207 1206/1315/1206 1202/1311/1202 1208/1317/1208
f 1204/1313/1204 1206/1315/1206 1209/1318/1209 1210/1319/1210
f 1209/1318/1209 1206/1315/1206 1207/1316/1207 1211/1320/1211
f 1212/1321/1212 1211/1320/1211 1207/1316/1207 1213/1322/1213
f 1209/1318/1209 1211/1320/1211 1214/1323/1214 1215/1324/1215
f 1214/1323/1214 1211/1320/1211 1212/1321/1212 1216/1325/1216
f 1217/1326/1217 1216/1327/1216 1212/1328/1212 1218/1329/1218
f 1214/1323/1214 1216/1325/1216 1219/1330/1219 1220/1331/1220
f 1219/1332/1219 1216/1333/1216 1217/1334/1217 1221/1335/1221
f 1222/1336/1222 1221/1335/1221 1217/1334/1217 1223/1337/1223
f 1219/1332/1219 1221/1335/1221 1224/1338/1224 1225/1339/1225
f 1224/1338/1224 1221/1335/1221 1222/1336/1222 1226/1340/1226
f 1227/1341/1227 1226/1340/1226 1222/1336/1222 1228/1342/1228
f 1224/1338/1224 1226/1340/1226 1229/1343/1229 1230/1344/1230
f 1229/1343/1229 1226/1340/1226 1227/1341/1227 1231/1345/1231
f 1232/1346/1232 1231/1345/1231 1227/1341/1227 1233/1347/1233
f 1229/1343/1229 1231/1345/1231 1234/1348/1234 1235/1349/1235
f 1234/1348/1234 1231/1345/1231 1232/1346/1232 1236/1350/1236
f 1237/1351/1237 1236/1350/1236 1232/1346/1232 1238/1352/1238
f 1234/1348/1234 1236/1350/1236 1239/1353/1239 1240/1354/1240
f 1239/1353/1239 1236/1350/1236 1237/1351/1237 1241/1355/1241
f 1242/1356/1242 1241/1355/1241 1237/1351/1237 1243/1357/1243
f 1239/1353/1239 1241/1355/1241 1244/1358/1244 1245/1359/1245
f 1244/1358/1244 1241/1355/1241 1242/1356/1242 1246/1360/1246
f 1247/1361/1247 1246/1360/1246 1242/1356/1242 1248/1362/1248
f 1244/1358/1244 1246/1360/1246 1249/1363/1249 1250/1364/1250
f 1249/1363/1249 1246/1360/1246 1247/1361/1247 1251/1365/1251
f 1252/1366/1252 1251/1365/1251 1247/1361/1247 1253/1367/1253
f 1249/1363/1249 1251/1365/1251 1254/1368/1254 1255/1369/1255
f 1254/1368/1254 1251/1365/1251 1252/1366/1252 1256/1370/1256
f 1257/1371/1257 1256/1370/1256 1252/1366/1252 1258/1372/1258
f 1254/1368/1254 1256/1370/1256 1259/1373/1259 1260/1374/1260
f 1259/1373/1259 1256/1370/1256 1257/1371/1257 1261/1375/1261
f 1262/1376/1262 1261/1375/1261 1257/1371/1257 1263/1377/1263
f 1259/1373/1259 1261/1375/1261 1264/1378/1264 1265/1379/1265
f 1264/1378/1264 1261/1375/1261 1262/1376/1262 1266/1380/1266
f 326/344/326 1266/1380/1266 1262/1376/1262 325/343/325
f 1264/1378/1264 1266/1380/1266 1267/1381/1267 1268/1382/1268
f 1267/1381/1267 1266/1380/1266 326/344/326 329/347/329
f 1267/1381/1267 329/347/329 331/349/331 1269/1383/1269
f 1270/1384/1270 334/352/334 333/351/333 1271/1385/1271
f 337/355/337 334/352/334 1270/1384/1270 1272/1386/1272
f 1273/1387/1273 1272/1386/1272 1270/1384/1270 1274/1388/1274
f 337/355/337 1272/1386/1272 1275/1389/1275 340/358/340
f 1275/1389/1275 1272/1386/1272 1273/1387/1273 1276/1390/1276
f 1277/1391/1277 1276/1390/1276 1273/1387/1273 1278/1392/1278
f 1275/1389/1275 1276/1390/1276 1279/1393/1279 1280/1394/1280
f 1279/1393/1279 1276/1390/1276 1277/1391/1277 1281/1395/1281
f 1282/1396/1282 1281/1395/1281 1277/1391/1277 1283/1397/1283
f 1279/1393/1279 1281/1395/1281 1284/1398/1284 1285/1399/1285
f 1284/1398/1284 1281/1395/1281 1282/1396/1282 1286/1400/1286
f 1287/1401/1287 1286/1400/1286 1282/1396/1282 1288/1402/1288
f 1284/1398/1284 1286/1400/1286 1289/1403/1289 1290/1404/1290
f 1289/1403/1289 1286/1400/1286 1287/1401/1287 1291/1405/1291
f 1292/1406/1292 1291/1405/1291 1287/1401/1287 1293/1407/1293
f 1289/1403/1289 1291/1405/1291 1294/1408/1294 1295/1409/1295
f 1294/1408/1294 1291/1405/1291 1292/1406/1292 1296/1410/1296
f 1297/1411/1297 1296/1410/1296 1292/1406/1292 1298/1412/1298
f 1294/1408/1294 1296/1410/1296 1299/1413/1299 1300/1414/1300
f 1299/1415/1299 1296/1416/1296 1297/1417/1297 1301/1418/1301
f 1302/1419/1302 1301/1418/1301 1297/1417/1297 1303/1420/1303
f 1299/1415/1299 1301/1418/1301 1304/1421/1304 1305/1422/1305
f 1304/1421/1304 1301/1418/1301 1302/1419/1302 1306/1423/1306
f 1307/1424/1307 1306/1423/1306 1302/1419/1302 1308/1425/1308
f 1304/1421/1304 1306/1423/1306 1309/1426/1309 1310/1427/1310
f 1309/1426/1309 1306/1423/1306 1307/1424/1307 1311/1428/1311
f 1312/1429/1312 1311/1428/1311 1307/1424/1307 1313/1430/1313
f 1309/1426/1309 1311/1428/1311 1314/1431/1314 1315/1432/1315
f 1314/1431/1314 1311/1428/1311 1312/1429/1312 1316/1433/1316
f 1317/1434/1317 1316/1433/1316 1312/1429/1312 1318/1435/1318
f 1314/1431/1314 1316/1433/1316 1319/1436/1319 1320/1437/1320
f 1319/1436/1319 1316/1433/1316 1317/1434/1317 1321/1438/1321
f 1322/1439/1322 1321/1438/1321 1317/1434/1317 1323/1440/1323
f 1319/1436/1319 1321/1438/1321 1324/1441/1324 1325/1442/1325
f 1324/1441/1324 1321/1438/1321 1322/1439/1322 1326/1443/1326
f 1327/1444/1327 1326/1443/1326 1322/1439/1322 1328/1445/1328
f 1324/1441/1324 1326/1443/1326 1329/1446/1329 1330/1447/1330
f 1329/1446/1329 1326/1443/1326 1327/1444/1327 1331/1448/1331
f 1332/1449/1332 1331/1448/1331 1327/1444/1327 1333/1450/1333
f 1329/1446/1329 1331/1448/1331 1334/1451/1334 1335/1452/1335
f 1334/1451/1334 1331/1448/1331 1332/1449/1332 1336/1453/1336
f 1337/1454/1337 1336/1453/1336 1332/1449/1332 1338/1455/1338
f 1334/1451/1334 1336/1453/1336 1339/1456/1339 1340/1457/1340
f 1339/1456/1339 1336/1453/1336 1337/1454/1337 1341/1458/1341
f 1342/1459/1342 1341/1458/1341 1337/1454/1337 1343/1460/1343
f 1339/1456/1339 1341/1458/1341 1344/1461/1344 1345/1462/1345
f 1344/1461/1344 1341/1458/1341 1342/1459/1342 1346/1463/1346
f 1347/1464/1347 1346/1463/1346 1342/1459/1342 1348/1465/1348
f 1344/1466/1344 1346/1467/1346 1349/1468/1349 1350/1469/1350
f 1349/1468/1349 1346/1467/1346 1347/1470/1347 1351/1471/1351
f 1352/1472/1352 1351/1471/1351 1347/1470/1347 1353/1473/1353
f 1349/1468/1349 1351/1471/1351 1354/1474/1354 1355/1475/1355
f 1354/1474/1354 1351/1471/1351 1352/1472/1352 1356/1476/1356
f 1357/1477/1357 1356/1476/1356 1352/1472/1352 1358/1478/1358
f 1354/1474/1354 1356/1476/1356 1359/1479/1359 1360/1480/1360
f 1359/1479/1359 1356/1476/1356 1357/1477/1357 1361/1481/1361
f 1362/1482/1362 1361/1481/1361 1357/1477/1357 1363/1483/1363
f 1359/1479/1359 1361/1481/1361 1364/1484/1364 1365/1485/1365
f 1364/1484/1364 1361/1481/1361 1362/1482/1362 1366/1486/1366
f 1367/1487/1367 1366/1486/1366 1362/1482/1362 1368/1488/1368
f 1364/1484/1364 1366/1486/1366 1369/1489/1369 1370/1490/1370
f 1369/1489/1369 1366/1486/1366 1367/1487/1367 1371/1491/1371
f 1372/1492/1372 1371/1493/1371 1367/1494/1367 1373/1495/1373
f 1369/1489/1369 1371/1491/1371 1374/1496/1374 1375/1497/1375
f 1374/1498/1374 1371/1493/1371 1372/1492/1372 1376/1499/1376
f 1377/1500/1377 1376/1499/1376 1372/1492/1372 1378/1501/1378
f 1374/1498/1374 1376/1499/1376 1379/1502/1379 1380/1503/1380
f 1379/1502/1379 1376/1499/1376 1377/1500/1377 1381/1504/1381
f 1382/1505/1382 1381/1504/1381 1377/1500/1377 1383/1506/1383
f 1379/1502/1379 1381/1504/1381 1384/1507/1384 1385/1508/1385
f 1384/1507/1384 1381/1504/1381 1382/1505/1382 1386/1509/1386
f 1387/1510/1387 1386/1509/1386 1382/1505/1382 1388/1511/1388
f 1384/1507/1384 1386/1509/1386 1389/1512/1389 1390/1513/1390
f 1389/1512/1389 1386/1509/1386 1387/1510/1387 1391/1514/1391
f 1392/1515/1392 1391/1514/1391 1387/1510/1387 1393/1516/1393
f 1389/1512/1389 1391/1514/1391 1394/1517/1394 1395/1518/1395
f 1394/1517/1394 1391/1514/1391 1392/1515/1392 1396/1519/1396
f 1397/1520/1397 1396/1519/1396 1392/1515/1392 1398/1521/1398
f 1394/1517/1394 1396/1519/1396 1399/1522/1399 1400/1523/1400
f 1399/1522/1399 1396/1519/1396 1397/1520/1397 1401/1524/1401
f 1402/1525/1402 1401/1524/1401 1397/1520/1397 1403/1526/1403
f 1399/1522/1399 1401/1524/1401 1404/1527/1404 1405/1528/1405
f 1404/1527/1404 1401/1524/1401 1402/1525/1402 1406/1529/1406
f 1407/1530/1407 1406/1529/1406 1402/1525/1402 1408/1531/1408
f 1404/1527/1404 1406/1529/1406 1409/1532/1409 1410/1533/1410
f 1409/1532/1409 1406/1529/1406 1407/1530/1407 1411/1534/1411
f 1412/1535/1412 1411/1534/1411 1407/1530/1407 1413/1536/1413
f 1409/1532/1409 1411/1534/1411 1414/1537/1414 1415/1538/1415
f 1414/1537/1414 1411/1534/1411 1412/1535/1412 1416/1539/1416
f 1417/1540/1417 1416/1539/1416 1412/1535/1412 1418/1541/1418
f 1414/1537/1414 1416/1539/1416 1419/1542/1419 1420/1543/1420
f 1419/1542/1419 1416/1539/1416 1417/1540/1417 1421/1544/1421
f 489/516/489 1421/1544/1421 1417/1540/1417 488/515/488
f 1419/1542/1419 1421/1544/1421 1422/1545/1422 1423/1546/1423
f 1422/1545/1422 1421/1544/1421 489/516/489 492/519/492
f 1422/1545/1422 492/519/492 494/521/494 1424/1547/1424
f 1425/1548/1425 497/524/497 496/523/496 1426/1549/1426
f 500/527/500 497/524/497 1425/1548/1425 1427/1550/1427
f 1428/1551/1428 1427/1550/1427 1425/1548/1425 1429/1552/1429
f 500/527/500 1427/1550/1427 1430/1553/1430 503/530/503
f 1430/1553/1430 1427/1550/1427 1428/1551/1428 1431/1554/1431
f 1432/1555/1432 1431/1554/1431 1428/1551/1428 1433/1556/1433
f 1430/1553/1430 1431/1554/1431 1434/1557/1434 1435/1558/1435
f 1434/1557/1434 1431/1554/1431 1432/1555/1432 1436/1559/1436
f 1437/1560/1437 1436/1559/1436 1432/1555/1432 1438/1561/1438
f 1434/1557/1434 1436/1559/1436 1439/1562/1439 1440/1563/1440
f 1439/1562/1439 1436/1559/1436 1437/1560/1437 1441/1564/1441
f 1442/1565/1442 1441/1564/1441 1437/1560/1437 1443/1566/1443
f 1439/1562/1439 1441/1564/1441 1444/1567/1444 1445/1568/1445
f 1444/1567/1444 1441/1564/1441 1442/1565/1442 1446/1569/1446
f 1447/1570/1447 1446/1569/1446 1442/1565/1442 1448/1571/1448
f 1444/1567/1444 1446/1569/1446 1449/1572/1449 1450/1573/1450
f 1449/1572/1449 1446/1569/1446 1447/1570/1447 1451/1574/1451
f 1452/1575/1452 1451/1576/1451 1447/1577/1447 1453/1578/1453
f 1449/1572/1449 1451/1574/1451 1454/1579/1454 1455/1580/1455
f 1454/1581/1454 1451/1576/1451 1452/1575/1452 1456/1582/1456
f 1457/1583/1457 1456/1582/1456 1452/1575/1452 1458/1584/1458
f 1454/1581/1454 1456/1582/1456 1459/1585/1459 1460/1586/1460
f 1459/1585/1459 1456/1582/1456 1457/1583/1457 1461/1587/1461
f 1462/1588/1462 1461/1587/1461 1457/1583/1457 1463/1589/1463
f 1459/1585/1459 1461/1587/1461 1464/1590/1464 1465/1591/1465
f 1464/1590/1464 1461/1587/1461 1462/1588/1462 1466/1592/1466
f 1467/1593/1467 1466/1592/1466 1462/1588/1462 1468/1594/1468
f 1464/1590/1464 1466/1592/1466 1469/1595/1469 1470/1596/1470
f 1469/1595/1469 1466/1592/1466 1467/1593/1467 1471/1597/1471
f 1472/1598/1472 1471/1597/1471 1467/1593/1467 1473/1599/1473
f 1469/1600/1469 1471/1601/1471 1474/1602/1474 1475/1603/1475
f 1474/1602/1474 1471/1601/1471 1472/1604/1472 1476/1605/1476
f 1477/1606/1477 1476/1605/1476 1472/1604/1472 1478/1607/1478
f 1474/1602/1474 1476/1605/1476 1479/1608/1479 1480/1609/1480
f 1479/1608/1479 1476/1605/1476 1477/1606/1477 1481/1610/1481
f 1482/1611/1482 1481/1610/1481 1477/1606/1477 1483/1612/1483
f 1479/1608/1479 1481/1610/1481 1484/1613/1484 1485/1614/1485
f 1484/1613/1484 1481/1610/1481 1482/1611/1482 1486/1615/1486
f 1487/1616/1487 1486/1615/1486 1482/1611/1482 1488/1617/1488
f 1484/1613/1484 1486/1615/1486 1489/1618/1489 1490/1619/1490
f 1489/1618/1489 1486/1615/1486 1487/1616/1487 1491/1620/1491
f 1492/1621/1492 1491/1620/1491 1487/1616/1487 1493/1622/1493
f 1489/1618/1489 1491/1620/1491 1494/1623/1494 1495/1624/1495
f 1494/1623/1494 1491/1620/1491 1492/1621/1492 1496/1625/1496
f 1497/1626/1497 1496/1625/1496 1492/1621/1492 1498/1627/1498
f 1494/1623/1494 1496/1625/1496 1499/1628/1499 1500/1629/1500
f 1499/1628/1499 1496/1625/1496 1497/1626/1497 1501/1630/1501
f 1502/1631/1502 1501/1630/1501 1497/1626/1497 1503/1632/1503
f 1499/1628/1499 1501/1630/1501 1504/1633/1504 1505/1634/1505
f 1504/1633/1504 1501/1630/1501 1502/1631/1502 1506/1635/1506
f 1507/1636/1507 1506/1635/1506 1502/1631/1502 1508/1637/1508
f 1504/1633/1504 1506/1635/1506 1509/1638/1509 1510/1639/1510
f 1509/1638/1509 1506/1635/1506 1507/1636/1507 1511/1640/1511
f 1512/1641/1512 1511/1640/1511 1507/1636/1507 1513/1642/1513
f 1509/1638/1509 1511/1640/1511 1514/1643/1514 1515/1644/1515
f 1514/1643/1514 1511/1640/1511 1512/1641/1512 1516/1645/1516
f 1517/1646/1517 1516/1645/1516 1512/1641/1512 1518/1647/1518
f 1514/1643/1514 1516/1645/1516 1519/1648/1519 1520/1649/1520
f 1519/1648/1519 1516/1645/1516 1517/1646/1517 1521/1650/1521
f 1522/1651/1522 1521/1650/1521 1517/1646/1517 1523/1652/1523
f 1519/1648/1519 1521/1650/1521 1524/1653/1524 1525/1654/1525
f 1524/1653/1524 1521/1650/1521 1522/1651/1522 1526/1655/1526
f 1527/1656/1527 1526/1657/1526 1522/1658/1522 1528/1659/1528
f 1524/1653/1524 1526/1655/1526 1529/1660/1529 1530/1661/1530
f 1529/1662/1529 1526/1657/1526 1527/1656/1527 1531/1663/1531
f 1532/1664/1532 1531/1663/1531 1527/1656/1527 1533/1665/1533
f 1529/1662/1529 1531/1663/1531 1534/1666/1534 1535/1667/1535
f 1534/1666/1534 1531/1663/1531 1532/1664/1532 1536/1668/1536
f 1537/1669/1537 1536/1668/1536 1532/1664/1532 1538/1670/1538
f 1534/1666/1534 1536/1668/1536 1539/1671/1539 1540/1672/1540
f 1539/1671/1539 1536/1668/1536 1537/1669/1537 1541/1673/1541
f 1542/1674/1542 1541/1673/1541 1537/1669/1537 1543/1675/1543
f 1539/1671/1539 1541/1673/1541 1544/1676/1544 1545/1677/1545
f 1544/1676/1544 1541/1673/1541 1542/1674/1542 1546/1678/1546
f 1547/1679/1547 1546/1678/1546 1542/1674/1542 1548/1680/1548
f 1544/1676/1544 1546/1678/1546 1549/1681/1549 1550/1682/1550
f 1549/1681/1549 1546/1678/1546 1547/1679/1547 1551/1683/1551
f 1552/1684/1552 1551/1683/1551 1547/1679/1547 1553/1685/1553
f 1549/1681/1549 1551/1683/1551 1554/1686/1554 1555/1687/1555
f 1554/1686/1554 1551/1683/1551 1552/1684/1552 1556/1688/1556
f 1557/1689/1557 1556/1688/1556 1552/1684/1552 1558/1690/1558
f 1554/1686/1554 1556/1688/1556 1559/1691/1559 1560/1692/1560
f 1559/1691/1559 1556/1688/1556 1557/1689/1557 1561/1693/1561
f 1562/1694/1562 1561/1693/1561 1557/1689/1557 1563/1695/1563
f 1559/1691/1559 1561/1693/1561 1564/1696/1564 1565/1697/1565
f 1564/1696/1564 1561/1693/1561 1562/1694/1562 1566/1698/1566
f 1567/1699/1567 1566/1698/1566 1562/1694/1562 1568/1700/1568
f 1564/1696/1564 1566/1698/1566 1569/1701/1569 1570/1702/1570
f 1569/1701/1569 1566/1698/1566 1567/1699/1567 1571/1703/1571
f 1572/1704/1572 1571/1703/1571 1567/1699/1567 1573/1705/1573
f 1569/1701/1569 1571/1703/1571 1574/1706/1574 1575/1707/1575
f 1574/1706/1574 1571/1703/1571 1572/1704/1572 1576/1708/1576
f 652/688/652 1576/1708/1576 1572/1704/1572 651/687/651
f 1574/1706/1574 1576/1708/1576 1577/1709/1577 1578/1710/1578
f 1577/1709/1577 1576/1708/1576 652/688/652 655/691/655
f 1577/1709/1577 655/691/655 657/693/657 1579/1711/1579
f 1580/1712/1580 660/696/660 659/695/659 1581/1713/1581
f 663/699/663 660/696/660 1580/1712/1580 1582/1714/1582
f 1583/1715/1583 1582/1714/1582 1580/1712/1580 1584/1716/1584
f 663/699/663 1582/1714/1582 1585/1717/1585 666/702/666
f 1585/1717/1585 1582/1714/1582 1583/1715/1583 1586/1718/1586
f 1587/1719/1587 1586/1718/1586 1583/1715/1583 1588/1720/1588
f 1585/1717/1585 1586/1718/1586 1589/1721/1589 1590/1722/1590
f 1589/1721/1589 1586/1718/1586 1587/1719/1587 1591/1723/1591
f 1592/1724/1592 1591/1723/1591 1587/1719/1587 1593/1725/1593
f 1589/1721/1589 1591/1723/1591 1594/1726/1594 1595/1727/1595
f 1594/1726/1594 1591/1723/1591 1592/1724/1592 1596/1728/1596
f 1597/1729/1597 1596/1728/1596 1592/1724/1592 1598/1730/1598
f 1594/1731/1594 1596/1732/1596 1599/1733/1599 1600/1734/1600
f 1599/1733/1599 1596/1732/1596 1597/1735/1597 1601/1736/1601
f 1602/1737/1602 1601/1736/1601 1597/1735/1597 1603/1738/1603
f 1599/1733/1599 1601/1736/1601 1604/1739/1604 1605/1740/1605
f 1604/1739/1604 1601/1736/1601 1602/1737/1602 1606/1741/1606
f 1607/1742/1607 1606/1743/1606 1602/1744/1602 1608/1745/1608
f 1604/1739/1604 1606/1741/1606 1609/1746/1609 1610/1747/1610
f 1609/1748/1609 1606/1743/1606 1607/1742/1607 1611/1749/1611
f 1612/1750/1612 1611/1749/1611 1607/1742/1607 1613/1751/1613
f 1609/1748/1609 1611/1749/1611 1614/1752/1614 1615/1753/1615
f 1614/1752/1614 1611/1749/1611 1612/1750/1612 1616/1754/1616
f 1617/1755/1617 1616/1754/1616 1612/1750/1612 1618/1756/1618
f 1614/1752/1614 1616/1754/1616 1619/1757/1619 1620/1758/1620
f 1619/1757/1619 1616/1754/1616 1617/1755/1617 1621/1759/1621
f 1622/1760/1622 1621/1759/1621 1617/1755/1617 1623/1761/1623
f 1619/1757/1619 1621/1759/1621 1624/1762/1624 1625/1763/1625
f 1624/1762/1624 1621/1759/1621 1622/1760/1622 1626/1764/1626
f 1627/1765/1627 1626/1764/1626 1622/1760/1622 1628/1766/1628
f 1624/1762/1624 1626/1764/1626 1629/1767/1629 1630/1768/1630
f 1629/1767/1629 1626/1764/1626 1627/1765/1627 1631/1769/1631
f 1632/1770/1632 1631/1769/1631 1627/1765/1627 1633/1771/1633
f 1629/1767/1629 1631/1769/1631 1634/1772/1634 1635/1773/1635
f 1634/1772/1634 1631/1769/1631 1632/1770/1632 1636/1774/1636
f 1637/1775/1637 1636/1774/1636 1632/1770/1632 1638/1776/1638
f 1634/1772/1634 1636/1774/1636 1639/1777/1639 1640/1778/1640
f 1639/1777/1639 1636/1774/1636 1637/1775/1637 1641/1779/1641
f 1642/1780/1642 1641/1779/1641 1637/1775/1637 1643/1781/1643
f 1639/1777/1639 1641/1779/1641 1644/1782/1644 1645/1783/1645
f 1644/1782/1644 1641/1779/1641 1642/1780/1642 1646/1784/1646
f 1647/1785/1647 1646/1784/1646 1642/1780/1642 1648/1786/1648
f 1644/1782/1644 1646/1784/1646 1649/1787/1649 1650/1788/1650
f 1649/1787/1649 1646/1784/1646 1647/1785/1647 1651/1789/1651
f 1652/1790/1652 1651/1789/1651 1647/1785/1647 1653/1791/1653
f 1649/1787/1649 1651/1789/1651 1654/1792/1654 1655/1793/1655
f 1654/1792/1654 1651/1789/1651 1652/1790/1652 1656/1794/1656
f 1657/1795/1657 1656/1794/1656 1652/1790/1652 1658/1796/1658
f 1654/1792/1654 1656/1794/1656 1659/1797/1659 1660/1798/1660
f 1659/1797/1659 1656/1794/1656 1657/1795/1657 1661/1799/1661
f 1662/1800/1662 1661/1799/1661 1657/1795/1657 1663/1801/1663
f 1659/1797/1659 1661/1799/1661 1664/1802/1664 1665/1803/1665
f 1664/1802/1664 1661/1799/1661 1662/1800/1662 1666/1804/1666
f 1667/1805/1667 1666/1804/1666 1662/1800/1662 1668/1806/1668
f 1664/1802/1664 1666/1804/1666 1669/1807/1669 1670/1808/1670
f 1669/1807/1669 1666/1804/1666 1667/1805/1667 1671/1809/1671
f 1672/1810/1672 1671/1809/1671 1667/1805/1667 1673/1811/1673
f 1669/1807/1669 1671/1809/1671 1674/1812/1674 1675/1813/1675
f 1674/1812/1674 1671/1809/1671 1672/1810/1672 1676/1814/1676
f 1677/1815/1677 1676/1814/1676 1672/1810/1672 1678/1816/1678
f 1674/1812/1674 1676/1814/1676 1679/1817/1679 1680/1818/1680
f 1679/1817/1679 1676/1814/1676 1677/1815/1677 1681/1819/1681
f 1682/1820/1682 1681/1821/1681 1677/1822/1677 1683/1823/1683
f 1679/1817/1679 1681/1819/1681 1684/1824/1684 1685/1825/1685
f 1684/1826/1684 1681/1821/1681 1682/1820/1682 1686/1827/1686
f 1687/1828/1687 1686/1827/1686 1682/1820/1682 1688/1829/1688
f 1684/1826/1684 1686/1827/1686 1689/1830/1689 1690/1831/1690
f 1689/1830/1689 1686/1827/1686 1687/1828/1687 1691/1832/1691
f 1692/1833/1692 1691/1832/1691 1687/1828/1687 1693/1834/1693
f 1689/1830/1689 1691/1832/1691 1694/1835/1694 1695/1836/1695
f 1694/1835/1694 1691/1832/1691 1692/1833/1692 1696/1837/1696
f 1697/1838/1697 1696/1837/1696 1692/1833/1692 1698/1839/1698
f 1694/1835/1694 1696/1837/1696 1699/1840/1699 1700/1841/1700
f 1699/1840/1699 1696/1837/1696 1697/1838/1697 1701/1842/1701
f 1702/1843/1702 1701/1842/1701 1697/1838/1697 1703/1844/1703
f 1699/1840/1699 1701/1842/1701 1704/1845/1704 1705/1846/1705
f 1704/1845/1704 1701/1842/1701 1702/1843/1702 1706/1847/1706
f 1707/1848/1707 1706/1847/1706 1702/1843/1702 1708/1849/1708
f 1704/1845/1704 1706/1847/1706 1709/1850/1709 1710/1851/1710
f 1709/1850/1709 1706/1847/1706 1707/1848/1707 1711/1852/1711
f 1712/1853/1712 1711/1852/1711 1707/1848/1707 1713/1854/1713
f 1709/1850/1709 1711/1852/1711 1714/1855/1714 1715/1856/1715
f 1714/1855/1714 1711/1852/1711 1712/1853/1712 1716/1857/1716
f 1717/1858/1717 1716/1857/1716 1712/1853/1712 1718/1859/1718
f 1714/1855/1714 1716/1857/1716 1719/1860/1719 1720/1861/1720
f 1719/1860/1719 1716/1857/1716 1717/1858/1717 1721/1862/1721
f 1722/1863/1722 1721/1862/1721 1717/1858/1717 1723/1864/1723
f 1719/1860/1719 1721/1862/1721 1724/1865/1724 1725/1866/1725
f 1724/1865/1724 1721/1862/1721 1722/1863/1722 1726/1867/1726
f 1727/1868/1727 1726/1867/1726 1722/1863/1722 1728/1869/1728
f 1724/1865/1724 1726/1867/1726 1729/1870/1729 1730/1871/1730
f 1729/1870/1729 1726/1867/1726 1727/1868/1727 1731/1872/1731
f 815/860/815 1731/1872/1731 1727/1868/1727 814/859/814
f 1729/1870/1729 1731/1872/1731 960/1873/960 1732/1874/1732
f 960/1873/960 1731/1872/1731 815/860/815 6/863/6
f 1729/1870/1729 1732/1874/1732 1099/1875/1099 1730/1871/1730
f 1099/1205/1099 1732/1876/1732 1104/1210/1104 1098/1204/1098
f 1104/1210/1104 1732/1876/1732 960/1057/960 958/1055/958
f 817/867/817 814/859/814 1727/1868/1727 1728/1869/1728
f 819/869/819 817/867/817 1728/1869/1728 1733/1877/1733
f 819/869/819 1733/1877/1733 1579/1711/1579 657/693/657
f 1579/1711/1579 1733/1877/1733 1723/1864/1723 1734/1878/1734
f 1723/1864/1723 1733/1877/1733 1728/1869/1728 1722/1863/1722
f 1579/1711/1579 1734/1878/1734 1578/1710/1578 1577/1709/1577
f 1578/1710/1578 1734/1878/1734 1718/1859/1718 1735/1879/1735
f 1718/1859/1718 1734/1878/1734 1723/1864/1723 1717/1858/1717
f 1578/1710/1578 1735/1879/1735 1575/1707/1575 1574/1706/1574
f 1575/1707/1575 1735/1879/1735 1713/1854/1713 1736/1880/1736
f 1713/1854/1713 1735/1879/1735 1718/1859/1718 1712/1853/1712
f 1575/1707/1575 1736/1880/1736 1570/1702/1570 1569/1701/1569
f 1570/1702/1570 1736/1880/1736 1708/1849/1708 1737/1881/1737
f 1708/1849/1708 1736/1880/1736 1713/1854/1713 1707/1848/1707
f 1570/1702/1570 1737/1881/1737 1565/1697/1565 1564/1696/1564
f 1565/1697/1565 1737/1881/1737 1703/1844/1703 1738/1882/1738
f 1703/1844/1703 1737/1881/1737 1708/1849/1708 1702/1843/1702
f 1565/1697/1565 1738/1882/1738 1560/1692/1560 1559/1691/1559
f 1560/1692/1560 1738/1882/1738 1698/1839/1698 1739/1883/1739
f 1698/1839/1698 1738/1882/1738 1703/1844/1703 1697/1838/1697
f 1560/1692/1560 1739/1883/1739 1555/1687/1555 1554/1686/1554
f 1555/1687/1555 1739/1883/1739 1693/1834/1693 1740/1884/1740
f 1693/1834/1693 1739/1883/1739 1698/1839/1698 1692/1833/1692
f 1555/1687/1555 1740/1884/1740 1550/1682/1550 1549/1681/1549
f 1550/1682/1550 1740/1884/1740 1688/1829/1688 1741/1885/1741
f 1688/1829/1688 1740/1884/1740 1693/1834/1693 1687/1828/1687
f 1550/1682/1550 1741/1885/1741 1545/1677/1545 1544/1676/1544
f 1545/1677/1545 1741/1885/1741 1683/1823/1683 1742/1886/1742
f 1683/1823/1683 1741/1885/1741 1688/1829/1688 1682/1820/1682
f 1545/1677/1545 1742/1886/1742 1540/1672/1540 1539/1671/1539
f 1540/1672/1540 1742/1886/1742 1678/1887/1678 1743/1888/1743
f 1678/1887/1678 1742/1886/1742 1683/1823/1683 1677/1822/1677
f 1540/1672/1540 1743/1888/1743 1535/1667/1535 1534/1666/1534
f 1535/1889/1535 1743/1890/1743 1673/1811/1673 1744/1891/1744
f 1673/1811/1673 1743/1890/1743 1678/1816/1678 1672/1810/1672
f 1535/1889/1535 1744/1891/1744 1530/1661/1530 1529/1660/1529
f 1530/1661/1530 1744/1891/1744 1668/1806/1668 1745/1892/1745
f 1668/1806/1668 1744/1891/1744 1673/1811/1673 1667/1805/1667
f 1530/1661/1530 1745/1892/1745 1525/1654/1525 1524/1653/1524
f 1525/1654/1525 1745/1892/1745 1663/1801/1663 1746/1893/1746
f 1663/1801/1663 1745/1892/1745 1668/1806/1668 1662/1800/1662
f 1525/1654/1525 1746/1893/1746 1520/1649/1520 1519/1648/1519
f 1520/1649/1520 1746/1893/1746 1658/1796/1658 1747/1894/1747
f 1658/1796/1658 1746/1893/1746 1663/1801/1663 1657/1795/1657
f 1520/1649/1520 1747/1894/1747 1515/1644/1515 1514/1643/1514
f 1515/1644/1515 1747/1894/1747 1653/1791/1653 1748/1895/1748
f 1653/1791/1653 1747/1894/1747 1658/1796/1658 1652/1790/1652
f 1515/1644/1515 1748/1895/1748 1510/1639/1510 1509/1638/1509
f 1510/1639/1510 1748/1895/1748 1648/1786/1648 1749/1896/1749
f 1648/1786/1648 1748/1895/1748 1653/1791/1653 1647/1785/1647
f 1510/1639/1510 1749/1896/1749 1505/1634/1505 1504/1633/1504
f 1505/1634/1505 1749/1896/1749 1643/1781/1643 1750/1897/1750
f 1643/1781/1643 1749/1896/1749 1648/1786/1648 1642/1780/1642
f 1505/1634/1505 1750/1897/1750 1500/1629/1500 1499/1628/1499
f 1500/1629/1500 1750/1897/1750 1638/1776/1638 1751/1898/1751
f 1638/1776/1638 1750/1897/1750 1643/1781/1643 1637/1775/1637
f 1500/1629/1500 1751/1898/1751 1495/1624/1495 1494/1623/1494
f 1495/1624/1495 1751/1898/1751 1633/1771/1633 1752/1899/1752
f 1633/1771/1633 1751/1898/1751 1638/1776/1638 1632/1770/1632
f 1495/1624/1495 1752/1899/1752 1490/1619/1490 1489/1618/1489
f 1490/1619/1490 1752/1899/1752 1628/1766/1628 1753/1900/1753
f 1628/1766/1628 1752/1899/1752 1633/1771/1633 1627/1765/1627
f 1490/1619/1490 1753/1900/1753 1485/1614/1485 1484/1613/1484
f 1485/1614/1485 1753/1900/1753 1623/1761/1623 1754/1901/1754
f 1623/1761/1623 1753/1900/1753 1628/1766/1628 1622/1760/1622
f 1485/1614/1485 1754/1901/1754 1480/1609/1480 1479/1608/1479
f 1480/1609/1480 1754/1901/1754 1618/1756/1618 1755/1902/1755
f 1618/1756/1618 1754/1901/1754 1623/1761/1623 1617/1755/1617
f 1480/1609/1480 1755/1902/1755 1475/1603/1475 1474/1602/1474
f 1475/1603/1475 1755/1902/1755 1613/1751/1613 1756/1903/1756
f 1613/1751/1613 1755/1902/1755 1618/1756/1618 1612/1750/1612
f 1475/1603/1475 1756/1903/1756 1470/1904/1470 1469/1600/1469
f 1470/1904/1470 1756/1903/1756 1608/1745/1608 1757/1905/1757
f 1608/1745/1608 1756/1903/1756 1613/1751/1613 1607/1742/1607
f 1470/1596/1470 1757/1906/1757 1465/1591/1465 1464/1590/1464
f 1465/1591/1465 1757/1906/1757 1603/1907/1603 1758/1908/1758
f 1603/1909/1603 1757/1905/1757 1608/1745/1608 1602/1744/1602
f 1465/1591/1465 1758/1908/1758 1460/1586/1460 1459/1585/1459
f 1460/1910/1460 1758/1911/1758 1598/1730/1598 1759/1912/1759
f 1598/1730/1598 1758/1911/1758 1603/1913/1603 1597/1729/1597
f 1460/1910/1460 1759/1912/1759 1455/1580/1455 1454/1579/1454
f 1455/1580/1455 1759/1912/1759 1593/1725/1593 1760/1914/1760
f 1593/1725/1593 1759/1912/1759 1598/1730/1598 1592/1724/1592
f 1455/1580/1455 1760/1914/1760 1450/1573/1450 1449/1572/1449
f 1450/1573/1450 1760/1914/1760 1588/1720/1588 1761/1915/1761
f 1588/1720/1588 1760/1914/1760 1593/1725/1593 1587/1719/1587
f 1450/1573/1450 1761/1915/1761 1445/1568/1445 1444/1567/1444
f 1445/1568/1445 1761/1915/1761 1584/1716/1584 1762/1916/1762
f 1584/1716/1584 1761/1915/1761 1588/1720/1588 1583/1715/1583
f 1445/1568/1445 1762/1916/1762 1440/1563/1440 1439/1562/1439
f 1440/1563/1440 1762/1916/1762 1581/1713/1581 1763/1917/1763
f 1581/1713/1581 1762/1916/1762 1584/1716/1584 1580/1712/1580
f 1440/1563/1440 1763/1917/1763 1435/1558/1435 1434/1557/1434
f 1435/1558/1435 1763/1917/1763 851/912/851 850/911/850
f 851/912/851 1763/1917/1763 1581/1713/1581 659/695/659
f 1435/1558/1435 850/911/850 503/530/503 1430/1553/1430
f 854/915/854 853/914/853 1573/1705/1573 1764/1918/1764
f 1573/1705/1573 853/914/853 651/687/651 1572/1704/1572
f 854/915/854 1764/1918/1764 1424/1547/1424 494/521/494
f 1424/1547/1424 1764/1918/1764 1568/1700/1568 1765/1919/1765
f 1568/1700/1568 1764/1918/1764 1573/1705/1573 1567/1699/1567
f 1424/1547/1424 1765/1919/1765 1423/1546/1423 1422/1545/1422
f 1423/1546/1423 1765/1919/1765 1563/1695/1563 1766/1920/1766
f 1563/1695/1563 1765/1919/1765 1568/1700/1568 1562/1694/1562
f 1423/1546/1423 1766/1920/1766 1420/1543/1420 1419/1542/1419
f 1420/1543/1420 1766/1920/1766 1558/1690/1558 1767/1921/1767
f 1558/1690/1558 1766/1920/1766 1563/1695/1563 1557/1689/1557
f 1420/1543/1420 1767/1921/1767 1415/1538/1415 1414/1537/1414
f 1415/1538/1415 1767/1921/1767 1553/1685/1553 1768/1922/1768
f 1553/1685/1553 1767/1921/1767 1558/1690/1558 1552/1684/1552
f 1415/1538/1415 1768/1922/1768 1410/1533/1410 1409/1532/1409
f 1410/1533/1410 1768/1922/1768 1548/1680/1548 1769/1923/1769
f 1548/1680/1548 1768/1922/1768 1553/1685/1553 1547/1679/1547
f 1410/1533/1410 1769/1923/1769 1405/1528/1405 1404/1527/1404
f 1405/1528/1405 1769/1923/1769 1543/1675/1543 1770/1924/1770
f 1543/1675/1543 1769/1923/1769 1548/1680/1548 1542/1674/1542
f 1405/1528/1405 1770/1924/1770 1400/1523/1400 1399/1522/1399
f 1400/1523/1400 1770/1924/1770 1538/1670/1538 1771/1925/1771
f 1538/1670/1538 1770/1924/1770 1543/1675/1543 1537/1669/1537
f 1400/1523/1400 1771/1925/1771 1395/1518/1395 1394/1517/1394
f 1395/1518/1395 1771/1925/1771 1533/1665/1533 1772/1926/1772
f 1533/1665/1533 1771/1925/1771 1538/1670/1538 1532/1664/1532
f 1395/1518/1395 1772/1926/1772 1390/1513/1390 1389/1512/1389
f 1390/1513/1390 1772/1926/1772 1528/1659/1528 1773/1927/1773
f 1528/1659/1528 1772/1926/1772 1533/1665/1533 1527/1656/1527
f 1390/1513/1390 1773/1927/1773 1385/1508/1385 1384/1507/1384
f 1385/1508/1385 1773/1927/1773 1523/1928/1523 1774/1929/1774
f 1523/1928/1523 1773/1927/1773 1528/1659/1528 1522/1658/1522
f 1385/1508/1385 1774/1929/1774 1380/1503/1380 1379/1502/1379
f 1380/1930/1380 1774/1931/1774 1518/1647/1518 1775/1932/1775
f 1518/1647/1518 1774/1931/1774 1523/1652/1523 1517/1646/1517
f 1380/1930/1380 1775/1932/1775 1375/1497/1375 1374/1496/1374
f 1375/1497/1375 1775/1932/1775 1513/1642/1513 1776/1933/1776
f 1513/1642/1513 1775/1932/1775 1518/1647/1518 1512/1641/1512
f 1375/1497/1375 1776/1933/1776 1370/1490/1370 1369/1489/1369
f 1370/1490/1370 1776/1933/1776 1508/1637/1508 1777/1934/1777
f 1508/1637/1508 1776/1933/1776 1513/1642/1513 1507/1636/1507
f 1370/1490/1370 1777/1934/1777 1365/1485/1365 1364/1484/1364
f 1365/1485/1365 1777/1934/1777 1503/1632/1503 1778/1935/1778
f 1503/1632/1503 1777/1934/1777 1508/1637/1508 1502/1631/1502
f 1365/1485/1365 1778/1935/1778 1360/1480/1360 1359/1479/1359
f 1360/1480/1360 1778/1935/1778 1498/1627/1498 1779/1936/1779
f 1498/1627/1498 1778/1935/1778 1503/1632/1503 1497/1626/1497
f 1360/1480/1360 1779/1936/1779 1355/1475/1355 1354/1474/1354
f 1355/1475/1355 1779/1936/1779 1493/1622/1493 1780/1937/1780
f 1493/1622/1493 1779/1936/1779 1498/1627/1498 1492/1621/1492
f 1355/1475/1355 1780/1937/1780 1350/1469/1350 1349/1468/1349
f 1350/1469/1350 1780/1937/1780 1488/1617/1488 1781/1938/1781
f 1488/1617/1488 1780/1937/1780 1493/1622/1493 1487/1616/1487
f 1350/1469/1350 1781/1938/1781 1345/1939/1345 1344/1466/1344
f 1345/1939/1345 1781/1938/1781 1483/1612/1483 1782/1940/1782
f 1483/1612/1483 1781/1938/1781 1488/1617/1488 1482/1611/1482
f 1345/1462/1345 1782/1941/1782 1340/1457/1340 1339/1456/1339
f 1340/1457/1340 1782/1941/1782 1478/1942/1478 1783/1943/1783
f 1478/1607/1478 1782/1940/1782 1483/1612/1483 1477/1606/1477
f 1340/1457/1340 1783/1943/1783 1335/1452/1335 1334/1451/1334
f 1335/1452/1335 1783/1943/1783 1473/1599/1473 1784/1944/1784
f 1473/1599/1473 1783/1943/1783 1478/1942/1478 1472/1598/1472
f 1335/1452/1335 1784/1944/1784 1330/1447/1330 1329/1446/1329
f 1330/1447/1330 1784/1944/1784 1468/1594/1468 1785/1945/1785
f 1468/1594/1468 1784/1944/1784 1473/1599/1473 1467/1593/1467
f 1330/1447/1330 1785/1945/1785 1325/1442/1325 1324/1441/1324
f 1325/1442/1325 1785/1945/1785 1463/1589/1463 1786/1946/1786
f 1463/1589/1463 1785/1945/1785 1468/1594/1468 1462/1588/1462
f 1325/1442/1325 1786/1946/1786 1320/1437/1320 1319/1436/1319
f 1320/1437/1320 1786/1946/1786 1458/1584/1458 1787/1947/1787
f 1458/1584/1458 1786/1946/1786 1463/1589/1463 1457/1583/1457
f 1320/1437/1320 1787/1947/1787 1315/1432/1315 1314/1431/1314
f 1315/1432/1315 1787/1947/1787 1453/1578/1453 1788/1948/1788
f 1453/1578/1453 1787/1947/1787 1458/1584/1458 1452/1575/1452
f 1315/1432/1315 1788/1948/1788 1310/1427/1310 1309/1426/1309
f 1310/1427/1310 1788/1948/1788 1448/1949/1448 1789/1950/1789
f 1448/1949/1448 1788/1948/1788 1453/1578/1453 1447/1577/1447
f 1310/1951/1310 1789/1952/1789 1305/1953/1305 1304/1954/1304
f 1305/1953/1305 1789/1952/1789 1443/1566/1443 1790/1955/1790
f 1443/1566/1443 1789/1952/1789 1448/1571/1448 1442/1565/1442
f 1305/1953/1305 1790/1955/1790 1300/1414/1300 1299/1413/1299
f 1300/1414/1300 1790/1955/1790 1438/1561/1438 1791/1956/1791
f 1438/1561/1438 1790/1955/1790 1443/1566/1443 1437/1560/1437
f 1300/1414/1300 1791/1956/1791 1295/1409/1295 1294/1408/1294
f 1295/1409/1295 1791/1956/1791 1433/1556/1433 1792/1957/1792
f 1433/1556/1433 1791/1956/1791 1438/1561/1438 1432/1555/1432
f 1295/1409/1295 1792/1957/1792 1290/1404/1290 1289/1403/1289
f 1290/1404/1290 1792/1957/1792 1429/1552/1429 1793/1958/1793
f 1429/1552/1429 1792/1957/1792 1433/1556/1433 1428/1551/1428
f 1290/1404/1290 1793/1958/1793 1285/1399/1285 1284/1398/1284
f 1285/1399/1285 1793/1958/1793 1426/1549/1426 1794/1959/1794
f 1426/1549/1426 1793/1958/1793 1429/1552/1429 1425/1548/1425
f 1285/1399/1285 1794/1959/1794 1280/1394/1280 1279/1393/1279
f 1280/1394/1280 1794/1959/1794 886/956/886 885/955/885
f 886/956/886 1794/1959/1794 1426/1549/1426 496/523/496
f 1280/1394/1280 885/955/885 340/358/340 1275/1389/1275
f 889/959/889 888/958/888 1418/1541/1418 1795/1960/1795
f 1418/1541/1418 888/958/888 488/515/488 1417/1540/1417
f 889/959/889 1795/1960/1795 1269/1383/1269 331/349/331
f 1269/1383/1269 1795/1960/1795 1413/1536/1413 1796/1961/1796
f 1413/1536/1413 1795/1960/1795 1418/1541/1418 1412/1535/1412
f 1269/1383/1269 1796/1961/1796 1268/1382/1268 1267/1381/1267
f 1268/1382/1268 1796/1961/1796 1408/1531/1408 1797/1962/1797
f 1408/1531/1408 1796/1961/1796 1413/1536/1413 1407/1530/1407
f 1268/1382/1268 1797/1962/1797 1265/1379/1265 1264/1378/1264
f 1265/1379/1265 1797/1962/1797 1403/1526/1403 1798/1963/1798
f 1403/1526/1403 1797/1962/1797 1408/1531/1408 1402/1525/1402
f 1265/1379/1265 1798/1963/1798 1260/1374/1260 1259/1373/1259
f 1260/1374/1260 1798/1963/1798 1398/1521/1398 1799/1964/1799
f 1398/1521/1398 1798/1963/1798 1403/1526/1403 1397/1520/1397
f 1260/1374/1260 1799/1964/1799 1255/1369/1255 1254/1368/1254
f 1255/1369/1255 1799/1964/1799 1393/1516/1393 1800/1965/1800
f 1393/1516/1393 1799/1964/1799 1398/1521/1398 1392/1515/1392
f 1255/1369/1255 1800/1965/1800 1250/1364/1250 1249/1363/1249
f 1250/1364/1250 1800/1965/1800 1388/1511/1388 1801/1966/1801
f 1388/1511/1388 1800/1965/1800 1393/1516/1393 1387/1510/1387
f 1250/1364/1250 1801/1966/1801 1245/1359/1245 1244/1358/1244
f 1245/1359/1245 1801/1966/1801 1383/1506/1383 1802/1967/1802
f 1383/1506/1383 1801/1966/1801 1388/1511/1388 1382/1505/1382
f 1245/1359/1245 1802/1967/1802 1240/1354/1240 1239/1353/1239
f 1240/1354/1240 1802/1967/1802 1378/1501/1378 1803/1968/1803
f 1378/1501/1378 1802/1967/1802 1383/1506/1383 1377/1500/1377
f 1240/1354/1240 1803/1968/1803 1235/1349/1235 1234/1348/1234
f 1235/1349/1235 1803/1968/1803 1373/1495/1373 1804/1969/1804
f 1373/1495/1373 1803/1968/1803 1378/1501/1378 1372/1492/1372
f 1235/1349/1235 1804/1969/1804 1230/1344/1230 1229/1343/1229
f 1230/1344/1230 1804/1969/1804 1368/1970/1368 1805/1971/1805
f 1368/1970/1368 1804/1969/1804 1373/1495/1373 1367/1494/1367
f 1230/1344/1230 1805/1971/1805 1225/1339/1225 1224/1338/1224
f 1225/1972/1225 1805/1973/1805 1363/1483/1363 1806/1974/1806
f 1363/1483/1363 1805/1973/1805 1368/1488/1368 1362/1482/1362
f 1225/1972/1225 1806/1974/1806 1220/1975/1220 1219/1976/1219
f 1220/1975/1220 1806/1974/1806 1358/1478/1358 1807/1977/1807
f 1358/1478/1358 1806/1974/1806 1363/1483/1363 1357/1477/1357
f 1220/1331/1220 1807/1978/1807 1215/1324/1215 1214/1323/1214
f 1215/1324/1215 1807/1978/1807 1353/1979/1353 1808/1980/1808
f 1353/1473/1353 1807/1977/1807 1358/1478/1358 1352/1472/1352
f 1215/1324/1215 1808/1980/1808 1210/1319/1210 1209/1318/1209
f 1210/1319/1210 1808/1980/1808 1348/1465/1348 1809/1981/1809
f 1348/1465/1348 1808/1980/1808 1353/1979/1353 1347/1464/1347
f 1210/1319/1210 1809/1981/1809 1205/1314/1205 1204/1313/1204
f 1205/1314/1205 1809/1981/1809 1343/1460/1343 1810/1982/1810
f 1343/1460/1343 1809/1981/1809 1348/1465/1348 1342/1459/1342
f 1205/1314/1205 1810/1982/1810 1200/1309/1200 1199/1308/1199
f 1200/1309/1200 1810/1982/1810 1338/1455/1338 1811/1983/1811
f 1338/1455/1338 1810/1982/1810 1343/1460/1343 1337/1454/1337
f 1200/1309/1200 1811/1983/1811 1195/1304/1195 1194/1303/1194
f 1195/1304/1195 1811/1983/1811 1333/1450/1333 1812/1984/1812
f 1333/1450/1333 1811/1983/1811 1338/1455/1338 1332/1449/1332
f 1195/1304/1195 1812/1984/1812 1190/1299/1190 1189/1298/1189
f 1190/1299/1190 1812/1984/1812 1328/1445/1328 1813/1985/1813
f 1328/1445/1328 1812/1984/1812 1333/1450/1333 1327/1444/1327
f 1190/1299/1190 1813/1985/1813 1185/1294/1185 1184/1293/1184
f 1185/1294/1185 1813/1985/1813 1323/1440/1323 1814/1986/1814
f 1323/1440/1323 1813/1985/1813 1328/1445/1328 1322/1439/1322
f 1185/1294/1185 1814/1986/1814 1180/1289/1180 1179/1288/1179
f 1180/1289/1180 1814/1986/1814 1318/1435/1318 1815/1987/1815
f 1318/1435/1318 1814/1986/1814 1323/1440/1323 1317/1434/1317
f 1180/1289/1180 1815/1987/1815 1175/1284/1175 1174/1283/1174
f 1175/1284/1175 1815/1987/1815 1313/1430/1313 1816/1988/1816
f 1313/1430/1313 1815/1987/1815 1318/1435/1318 1312/1429/1312
f 1175/1284/1175 1816/1988/1816 1170/1279/1170 1169/1278/1169
f 1170/1279/1170 1816/1988/1816 1308/1425/1308 1817/1989/1817
f 1308/1425/1308 1816/1988/1816 1313/1430/1313 1307/1424/1307
f 1170/1279/1170 1817/1989/1817 1165/1274/1165 1164/1273/1164
f 1165/1274/1165 1817/1989/1817 1303/1420/1303 1818/1990/1818
f 1303/1420/1303 1817/1989/1817 1308/1425/1308 1302/1419/1302
f 1165/1274/1165 1818/1990/1818 1160/1269/1160 1159/1268/1159
f 1160/1269/1160 1818/1990/1818 1298/1991/1298 1819/1992/1819
f 1298/1991/1298 1818/1990/1818 1303/1420/1303 1297/1417/1297
f 1160/1269/1160 1819/1992/1819 1155/1264/1155 1154/1263/1154
f 1155/1264/1155 1819/1992/1819 1293/1993/1293 1820/1994/1820
f 1293/1993/1293 1819/1992/1819 1298/1991/1298 1292/1995/1292
f 1155/1264/1155 1820/1994/1820 1150/1259/1150 1149/1258/1149
f 1150/1259/1150 1820/1994/1820 1288/1996/1288 1821/1997/1821
f 1288/1996/1288 1820/1994/1820 1293/1993/1293 1287/1998/1287
f 1150/1259/1150 1821/1997/1821 1145/1254/1145 1144/1253/1144
f 1145/1999/1145 1821/2000/1821 1283/1397/1283 1822/2001/1822
f 1283/1397/1283 1821/2000/1821 1288/1402/1288 1282/1396/1282
f 1145/1999/1145 1822/2001/1822 1140/1248/1140 1139/1247/1139
f 1140/1248/1140 1822/2001/1822 1278/1392/1278 1823/2002/1823
f 1278/1392/1278 1822/2001/1822 1283/1397/1283 1277/1391/1277
f 1140/1248/1140 1823/2002/1823 1135/1241/1135 1134/1240/1134
f 1135/1241/1135 1823/2002/1823 1274/1388/1274 1824/2003/1824
f 1274/1388/1274 1823/2002/1823 1278/1392/1278 1273/1387/1273
f 1135/1241/1135 1824/2003/1824 1130/1236/1130 1129/1235/1129
f 1130/1236/1130 1824/2003/1824 1271/1385/1271 1825/2004/1825
f 1271/1385/1271 1824/2003/1824 1274/1388/1274 1270/1384/1270
f 1130/1236/1130 1825/2004/1825 1125/1231/1125 1124/1230/1124
f 1125/1231/1125 1825/2004/1825 921/1002/921 920/1001/920
f 921/1002/921 1825/2004/1825 1271/1385/1271 333/351/333
f 1125/1231/1125 920/1001/920 177/186/177 1120/1226/1120
f 924/1005/924 923/1004/923 1263/1377/1263 1826/2005/1826
f 1263/1377/1263 923/1004/923 325/343/325 1262/1376/1262
f 924/1005/924 1826/2005/1826 1114/1220/1114 168/177/168
f 1114/1220/1114 1826/2005/1826 1258/1372/1258 1827/2006/1827
f 1258/1372/1258 1826/2005/1826 1263/1377/1263 1257/1371/1257
f 1114/1220/1114 1827/2006/1827 1113/1219/1113 1112/1218/1112
f 1113/1219/1113 1827/2006/1827 1253/1367/1253 1828/2007/1828
f 1253/1367/1253 1827/2006/1827 1258/1372/1258 1252/1366/1252
f 1113/1219/1113 1828/2007/1828 1110/1216/1110 1109/1215/1109
f 1110/1216/1110 1828/2007/1828 1248/1362/1248 1829/2008/1829
f 1248/1362/1248 1828/2007/1828 1253/1367/1253 1247/1361/1247
f 1110/1216/1110 1829/2008/1829 1106/1212/1106 1105/1211/1105
f 1106/1212/1106 1829/2008/1829 1243/1357/1243 1830/2009/1830
f 1243/1357/1243 1829/2008/1829 1248/1362/1248 1242/1356/1242
f 1106/1212/1106 1830/2009/1830 1101/1207/1101 1100/1206/1100
f 1101/1207/1101 1830/2009/1830 1238/1352/1238 1831/2010/1831
f 1238/1352/1238 1830/2009/1830 1243/1357/1243 1237/1351/1237
f 1101/1207/1101 1831/2010/1831 1096/1201/1096 1095/1200/1095
f 1096/1201/1096 1831/2010/1831 1233/1347/1233 1832/2011/1832
f 1233/1347/1233 1831/2010/1831 1238/1352/1238 1232/1346/1232
f 1096/1201/1096 1832/2011/1832 1091/2012/1091 1090/1198/1090
f 1091/2012/1091 1832/2011/1832 1228/1342/1228 1833/2013/1833
f 1228/1342/1228 1832/2011/1832 1233/1347/1233 1227/1341/1227
f 1091/1194/1091 1833/2014/1833 1086/1189/1086 1085/1188/1085
f 1086/1189/1086 1833/2014/1833 1223/2015/1223 1834/2016/1834
f 1223/1337/1223 1833/2013/1833 1228/1342/1228 1222/1336/1222
f 1086/1189/1086 1834/2016/1834 1081/1184/1081 1080/1183/1080
f 1081/1184/1081 1834/2016/1834 1218/1329/1218 1835/2017/1835
f 1218/1329/1218 1834/2016/1834 1223/2015/1223 1217/1326/1217
f 1081/1184/1081 1835/2017/1835 1076/1179/1076 1075/1178/1075
f 1076/1179/1076 1835/2017/1835 1213/2018/1213 1836/2019/1836
f 1213/2018/1213 1835/2017/1835 1218/1329/1218 1212/1328/1212
f 1076/1179/1076 1836/2019/1836 1071/1174/1071 1070/1173/1070
f 1071/2020/1071 1836/2021/1836 1208/1317/1208 1837/2022/1837
f 1208/1317/1208 1836/2021/1836 1213/1322/1213 1207/1316/1207
f 1071/2020/1071 1837/2022/1837 1066/1166/1066 1065/1165/1065
f 1066/1166/1066 1837/2022/1837 1203/1312/1203 1838/2023/1838
f 1203/1312/1203 1837/2022/1837 1208/1317/1208 1202/1311/1202
f 1066/1166/1066 1838/2023/1838 1061/1161/1061 1060/1160/1060
f 1061/1161/1061 1838/2023/1838 1198/1307/1198 1839/2024/1839
f 1198/1307/1198 1838/2023/1838 1203/1312/1203 1197/1306/1197
f 1061/1161/1061 1839/2024/1839 1056/1156/1056 1055/1155/1055
f 1056/1156/1056 1839/2024/1839 1193/1302/1193 1840/2025/1840
f 1193/1302/1193 1839/2024/1839 1198/1307/1198 1192/1301/1192
f 1056/1156/1056 1840/2025/1840 1051/1151/1051 1050/1150/1050
f 1051/1151/1051 1840/2025/1840 1188/1297/1188 1841/2026/1841
f 1188/1297/1188 1840/2025/1840 1193/1302/1193 1187/1296/1187
f 1051/1151/1051 1841/2026/1841 1046/1146/1046 1045/1145/1045
f 1046/1146/1046 1841/2026/1841 1183/1292/1183 1842/2027/1842
f 1183/1292/1183 1841/2026/1841 1188/1297/1188 1182/1291/1182
f 1046/1146/1046 1842/2027/1842 1041/1141/1041 1040/1140/1040
f 1041/1141/1041 1842/2027/1842 1178/1287/1178 1843/2028/1843
f 1178/1287/1178 1842/2027/1842 1183/1292/1183 1177/1286/1177
f 1041/1141/1041 1843/2028/1843 1036/1136/1036 1035/1135/1035
f 1036/1136/1036 1843/2028/1843 1173/1282/1173 1844/2029/1844
f 1173/1282/1173 1843/2028/1843 1178/1287/1178 1172/1281/1172
f 1036/1136/1036 1844/2029/1844 1031/1131/1031 1030/1130/1030
f 1031/1131/1031 1844/2029/1844 1168/1277/1168 1845/2030/1845
f 1168/1277/1168 1844/2029/1844 1173/1282/1173 1167/1276/1167
f 1031/1131/1031 1845/2030/1845 1026/1126/1026 1025/1125/1025
f 1026/1126/1026 1845/2030/1845 1163/1272/1163 1846/2031/1846
f 1163/1272/1163 1845/2030/1845 1168/1277/1168 1162/1271/1162
f 1026/1126/1026 1846/2031/1846 1021/1121/1021 1020/1120/1020
f 1021/1121/1021 1846/2031/1846 1158/1267/1158 1847/2032/1847
f 1158/1267/1158 1846/2031/1846 1163/1272/1163 1157/1266/1157
f 1021/1121/1021 1847/2032/1847 1016/1116/1016 1015/1115/1015
f 1016/1116/1016 1847/2032/1847 1153/1262/1153 1848/2033/1848
f 1153/1262/1153 1847/2032/1847 1158/1267/1158 1152/1261/1152
f 1016/1116/1016 1848/2033/1848 1011/1111/1011 1010/1110/1010
f 1011/1111/1011 1848/2033/1848 1148/1257/1148 1849/2034/1849
f 1148/1257/1148 1848/2033/1848 1153/1262/1153 1147/1256/1147
f 1011/1111/1011 1849/2034/1849 1006/1106/1006 1005/1105/1005
f 1006/1106/1006 1849/2034/1849 1143/1252/1143 1850/2035/1850
f 1143/1252/1143 1849/2034/1849 1148/1257/1148 1142/1251/1142
f 1006/1106/1006 1850/2035/1850 1001/1101/1001 1000/1100/1000
f 1001/1101/1001 1850/2035/1850 1138/1246/1138 1851/2036/1851
f 1138/1246/1138 1850/2035/1850 1143/1252/1143 1137/1243/1137
f 1001/1101/1001 1851/2036/1851 996/1096/996 995/1095/995
f 996/1096/996 1851/2036/1851 1133/2037/1133 1852/2038/1852
f 1133/2037/1133 1851/2036/1851 1138/1246/1138 1132/1245/1132
f 996/1096/996 1852/2038/1852 991/1091/991 990/1090/990
f 991/2039/991 1852/2040/1852 1128/1234/1128 1853/2041/1853
f 1128/1234/1128 1852/2040/1852 1133/1239/1133 1127/1233/1127
f 991/2039/991 1853/2041/1853 986/1083/986 985/1082/985
f 986/1083/986 1853/2041/1853 1123/1229/1123 1854/2042/1854
f 1123/1229/1123 1853/2041/1853 1128/1234/1128 1122/1228/1122
f 986/1083/986 1854/2042/1854 981/1078/981 980/1077/980
f 981/1078/981 1854/2042/1854 1119/1225/1119 1855/2043/1855
f 1119/1225/1119 1854/2042/1854 1123/1229/1123 1118/1224/1118
f 981/1078/981 1855/2043/1855 976/1073/976 975/1072/975
f 976/1073/976 1855/2043/1855 1116/1222/1116 1856/2044/1856
f 1116/1222/1116 1855/2043/1855 1119/1225/1119 1115/1221/1115
f 976/1073/976 1856/2044/1856 971/1068/971 970/1067/970
f 971/1068/971 1856/2044/1856 956/1046/956 955/1045/955
f 956/1046/956 1856/2044/1856 1116/1222/1116 170/179/170
f 971/1068/971 955/1045/955 15/15/15 966/1063/966
f 1724/1865/1724 1730/1871/1730 1094/1197/1094 1725/1866/1725
f 1094/1197/1094 1730/1871/1730 1099/1875/1099 1093/1196/1093
f 1719/1860/1719 1725/1866/1725 1089/1192/1089 1720/1861/1720
f 1089/1192/1089 1725/1866/1725 1094/1197/1094 1088/1191/1088
f 1714/1855/1714 1720/1861/1720 1084/1187/1084 1715/1856/1715
f 1084/1187/1084 1720/1861/1720 1089/1192/1089 1083/1186/1083
f 1709/1850/1709 1715/1856/1715 1079/1182/1079 1710/1851/1710
f 1079/1182/1079 1715/1856/1715 1084/1187/1084 1078/1181/1078
f 1704/1845/1704 1710/1851/1710 1074/1177/1074 1705/1846/1705
f 1074/1177/1074 1710/1851/1710 1079/1182/1079 1073/1176/1073
f 1699/1840/1699 1705/1846/1705 1069/1172/1069 1700/1841/1700
f 1069/1172/1069 1705/1846/1705 1074/1177/1074 1068/1171/1068
f 1694/1835/1694 1700/1841/1700 1064/2045/1064 1695/1836/1695
f 1064/2045/1064 1700/1841/1700 1069/1172/1069 1063/1169/1063
f 1689/1830/1689 1695/1836/1695 1059/2046/1059 1690/1831/1690
f 1059/2046/1059 1695/1836/1695 1064/2045/1064 1058/2047/1058
f 1684/1824/1684 1690/2048/1690 1054/1154/1054 1685/1825/1685
f 1054/1154/1054 1690/2048/1690 1059/1159/1059 1053/1153/1053
f 1679/1817/1679 1685/1825/1685 1049/1149/1049 1680/1818/1680
f 1049/1149/1049 1685/1825/1685 1054/1154/1054 1048/1148/1048
f 1674/1812/1674 1680/1818/1680 1044/1144/1044 1675/1813/1675
f 1044/1144/1044 1680/1818/1680 1049/1149/1049 1043/1143/1043
f 1669/1807/1669 1675/1813/1675 1039/1139/1039 1670/1808/1670
f 1039/1139/1039 1675/1813/1675 1044/1144/1044 1038/1138/1038
f 1664/1802/1664 1670/1808/1670 1034/1134/1034 1665/1803/1665
f 1034/1134/1034 1670/1808/1670 1039/1139/1039 1033/1133/1033
f 1659/1797/1659 1665/1803/1665 1029/1129/1029 1660/1798/1660
f 1029/1129/1029 1665/1803/1665 1034/1134/1034 1028/1128/1028
f 1654/1792/1654 1660/1798/1660 1024/1124/1024 1655/1793/1655
f 1024/1124/1024 1660/1798/1660 1029/1129/1029 1023/1123/1023
f 1649/1787/1649 1655/1793/1655 1019/1119/1019 1650/1788/1650
f 1019/1119/1019 1655/1793/1655 1024/1124/1024 1018/1118/1018
f 1644/1782/1644 1650/1788/1650 1014/1114/1014 1645/1783/1645
f 1014/1114/1014 1650/1788/1650 1019/1119/1019 1013/1113/1013
f 1639/1777/1639 1645/1783/1645 1009/1109/1009 1640/1778/1640
f 1009/1109/1009 1645/1783/1645 1014/1114/1014 1008/1108/1008
f 1634/1772/1634 1640/1778/1640 1004/1104/1004 1635/1773/1635
f 1004/1104/1004 1640/1778/1640 1009/1109/1009 1003/1103/1003
f 1629/1767/1629 1635/1773/1635 999/1099/999 1630/1768/1630
f 999/1099/999 1635/1773/1635 1004/1104/1004 998/1098/998
f 1624/1762/1624 1630/1768/1630 994/1094/994 1625/1763/1625
f 994/1094/994 1630/1768/1630 999/1099/999 993/1093/993
f 1619/1757/1619 1625/1763/1625 989/1089/989 1620/1758/1620
f 989/1089/989 1625/1763/1625 994/1094/994 988/1088/988
f 1614/1752/1614 1620/1758/1620 984/2049/984 1615/1753/1615
f 984/2049/984 1620/1758/1620 989/1089/989 983/1086/983
f 1609/1746/1609 1615/2050/1615 979/1076/979 1610/1747/1610
f 979/1076/979 1615/2050/1615 984/1081/984 978/1075/978
f 1604/1739/1604 1610/1747/1610 974/1071/974 1605/1740/1605
f 974/1071/974 1610/1747/1610 979/1076/979 973/1070/973
f 1599/1733/1599 1605/1740/1605 969/1066/969 1600/1734/1600
f 969/1066/969 1605/1740/1605 974/1071/974 968/1065/968
f 1594/1731/1594 1600/1734/1600 965/1062/965 1595/2051/1595
f 965/1062/965 1600/1734/1600 969/1066/969 964/1061/964
f 1589/1721/1589 1595/1727/1595 962/2052/962 1590/1722/1590
f 962/1059/962 1595/2051/1595 965/1062/965 961/1058/961
f 1585/1717/1585 1590/1722/1590 957/1053/957 666/702/666
f 957/1053/957 1590/1722/1590 962/2052/962 8/1054/8
f 2/2/2 162/171/162 1108/1214/1108 959/1056/959
f 1103/1209/1103 1104/1210/1104 958/1055/958 959/1056/959
o root.1
v -0.005936 0.525821 0.346946
v -0.000013 0.529898 0.349155
v -0.006069 0.506012 0.362607
v -0.008640 0.531356 0.313421
v -0.011275 0.539851 0.362508
v -0.011912 0.542043 0.312132
v -0.017914 0.564154 0.361347
v -0.031802 0.547031 0.413198
v -0.010464 0.520138 0.386738
v -0.016261 0.506123 0.394216
v -0.029481 0.526872 0.418645
v -0.029883 0.504225 0.408934
v -0.058592 0.520389 0.438411
v -0.063616 0.543298 0.437780
v -0.095818 0.513371 0.455644
v -0.055225 0.495652 0.424370
v -0.088699 0.484046 0.440067
v -0.048939 0.464004 0.386709
v -0.078625 0.451606 0.402394
v -0.021353 0.477763 0.369193
v -0.033079 0.432370 0.331972
v -0.015326 0.454840 0.319425
v -0.063983 0.413195 0.347621
v -0.023646 0.392221 0.272947
v -0.011714 0.410465 0.256547
v -0.053123 0.371075 0.292667
v -0.023894 0.334371 0.219016
v -0.045572 0.318707 0.237133
v -0.012809 0.348583 0.202429
v -0.021557 0.282254 0.164062
v -0.040557 0.266128 0.179926
v -0.020372 0.241965 0.117293
v -0.011619 0.300005 0.151472
v -0.000013 0.299646 0.150156
v -0.000584 0.266834 0.108674
v -0.000013 0.275059 0.119574
v -0.000013 0.259836 0.097642
v -0.010593 0.243865 0.077086
v -0.000013 0.247497 0.077580
v -0.006304 0.229650 0.048815
v -0.017986 0.215581 0.081406
v -0.013391 0.205185 0.055084
v -0.033490 0.185349 0.084085
v -0.038666 0.220299 0.128622
v -0.062049 0.164764 0.089875
v -0.021378 0.171101 0.053758
v -0.043728 0.138030 0.045130
v -0.012462 0.169289 0.036158
v -0.001425 0.202883 0.048450
v -0.000013 0.167175 0.034346
v -0.020685 0.131279 0.020987
v -0.000013 0.129509 0.015450
v -0.038471 0.097618 -0.007109
v -0.000013 0.093764 -0.017872
v -0.078357 0.114640 0.033597
v -0.065190 0.067147 -0.044777
v -0.000013 0.061204 -0.063565
v -0.051349 0.044584 -0.105785
v -0.120118 0.062432 -0.079977
v -0.118377 0.100779 0.019019
v -0.144493 0.145827 0.083498
v -0.163466 0.105560 -0.005008
v -0.192973 0.151341 0.066075
v -0.220020 0.130582 -0.031453
v -0.194191 0.094991 -0.107844
v -0.270169 0.175231 -0.053457
v -0.242175 0.174362 0.041845
v -0.255380 0.229872 0.108421
v -0.283314 0.211749 0.015803
v -0.308711 0.259091 -0.008188
v -0.292101 0.262380 0.083080
v -0.291672 0.322035 0.145850
v -0.312460 0.303588 0.057320
v -0.306859 0.359712 0.122110
v -0.316586 0.356986 0.036971
v -0.317729 0.326868 -0.021618
v -0.306721 0.404996 0.097850
v -0.298862 0.419086 0.021761
v -0.299124 0.399182 -0.018192
v -0.289476 0.451180 0.075493
v -0.262962 0.466155 0.008568
v -0.265040 0.453804 -0.020297
v -0.255735 0.487722 0.055906
v -0.190598 0.489919 0.014554
v -0.197405 0.507705 0.044367
v -0.087329 0.500258 0.034591
v -0.193090 0.492240 -0.012209
v -0.094028 0.502973 0.001309
v -0.197265 0.487112 -0.048843
v -0.106496 0.500555 -0.031916
v -0.206181 0.484803 -0.103356
v -0.267761 0.446333 -0.060773
v -0.269947 0.440592 -0.115598
v -0.303490 0.393007 -0.055428
v -0.303313 0.317698 -0.060167
v -0.306317 0.384322 -0.110486
v -0.318315 0.314000 -0.105524
v -0.308254 0.375798 -0.175545
v -0.320195 0.304800 -0.173324
v -0.304699 0.367304 -0.238572
v -0.271642 0.438227 -0.176860
v -0.211943 0.486962 -0.168272
v -0.270300 0.432014 -0.240922
v -0.260830 0.412611 -0.302066
v -0.213339 0.484364 -0.238190
v -0.207762 0.464595 -0.304810
v -0.142496 0.520076 -0.232082
v -0.139612 0.499720 -0.302572
v -0.137162 0.519394 -0.156080
v -0.070360 0.539001 -0.226969
v -0.000013 0.543725 -0.224786
v -0.069094 0.517199 -0.298381
v -0.065819 0.532654 -0.145888
v -0.000013 0.536656 -0.145852
v -0.058609 0.510583 -0.075074
v -0.124130 0.506889 -0.084336
v -0.045499 0.499146 -0.026130
v -0.000013 0.511834 -0.074815
v -0.000013 0.497698 -0.019924
v 0.058583 0.510583 -0.075074
v 0.065792 0.532654 -0.145888
v 0.124103 0.506889 -0.084336
v 0.045472 0.499146 -0.026130
v 0.106469 0.500555 -0.031916
v 0.036267 0.496125 0.011087
v -0.000013 0.495169 0.016220
v 0.024331 0.493405 0.044144
v 0.094001 0.502973 0.001309
v 0.087302 0.500258 0.034591
v 0.193063 0.492240 -0.012209
v 0.265013 0.453804 -0.020297
v 0.197238 0.487112 -0.048843
v 0.190571 0.489919 0.014554
v 0.197378 0.507705 0.044367
v 0.262935 0.466155 0.008568
v 0.298835 0.419086 0.021761
v 0.255709 0.487722 0.055906
v 0.289449 0.451180 0.075493
v 0.239775 0.519659 0.113693
v 0.189373 0.537738 0.096748
v 0.275472 0.489713 0.132570
v 0.226988 0.557496 0.171622
v 0.213995 0.595394 0.233991
v 0.261873 0.532648 0.190968
v 0.177275 0.572424 0.158345
v 0.121222 0.573429 0.155119
v 0.169314 0.605972 0.220507
v 0.157354 0.638952 0.283811
v 0.117524 0.605798 0.217928
v 0.112919 0.635711 0.280963
v 0.073242 0.595419 0.223979
v 0.074619 0.564124 0.159895
v 0.042370 0.576949 0.233474
v 0.072032 0.623127 0.287577
v 0.075450 0.633162 0.341497
v 0.040766 0.602967 0.297727
v 0.023002 0.578188 0.306373
v 0.048255 0.611953 0.350157
v 0.029631 0.587190 0.357828
v 0.065922 0.613123 0.388465
v 0.051856 0.588129 0.396348
v 0.088728 0.615718 0.418277
v 0.085955 0.634954 0.379671
v 0.105006 0.646235 0.368389
v 0.105518 0.638756 0.403884
v 0.124710 0.650171 0.379697
v 0.134202 0.635470 0.417796
v 0.152379 0.645379 0.389808
v 0.155468 0.627603 0.419832
v 0.121666 0.615592 0.434971
v 0.154754 0.611566 0.433067
v 0.114458 0.588584 0.441870
v 0.108937 0.563590 0.446959
v 0.152232 0.586899 0.443280
v 0.080443 0.588788 0.423333
v 0.071620 0.565203 0.429956
v 0.041151 0.566874 0.404140
v 0.063589 0.543298 0.437780
v 0.031775 0.547031 0.413198
v 0.102287 0.540130 0.454979
v 0.058565 0.520389 0.438411
v 0.029455 0.526872 0.418645
v 0.095791 0.513371 0.455644
v 0.055198 0.495652 0.424370
v 0.029856 0.504225 0.408934
v 0.088672 0.484046 0.440067
v 0.048912 0.464004 0.386709
v 0.078598 0.451606 0.402394
v 0.021326 0.477763 0.369193
v 0.033052 0.432370 0.331972
v 0.063956 0.413195 0.347621
v 0.015299 0.454840 0.319425
v 0.023619 0.392221 0.272947
v 0.011688 0.410465 0.256547
v 0.053097 0.371075 0.292667
v 0.023868 0.334371 0.219016
v 0.045545 0.318707 0.237133
v 0.012782 0.348583 0.202429
v 0.021531 0.282254 0.164062
v 0.040530 0.266128 0.179926
v 0.020345 0.241965 0.117293
v 0.011593 0.300005 0.151472
v 0.000558 0.266834 0.108674
v 0.010566 0.243865 0.077086
v 0.006277 0.229650 0.048815
v 0.017959 0.215581 0.081406
v 0.013365 0.205185 0.055084
v 0.033463 0.185349 0.084085
v 0.038639 0.220299 0.128622
v 0.062022 0.164764 0.089875
v 0.021351 0.171101 0.053758
v 0.043701 0.138030 0.045130
v 0.012435 0.169289 0.036158
v 0.001398 0.202883 0.048450
v 0.020658 0.131279 0.020987
v 0.038444 0.097618 -0.007109
v 0.065163 0.067147 -0.044777
v 0.078330 0.114640 0.033597
v 0.118350 0.100779 0.019019
v 0.100467 0.151073 0.090826
v 0.144467 0.145827 0.083498
v 0.110036 0.195382 0.145262
v 0.115365 0.243625 0.200120
v 0.157371 0.194841 0.142968
v 0.069294 0.204934 0.140134
v 0.073577 0.251270 0.193461
v 0.080132 0.301776 0.251279
v 0.090290 0.353098 0.307840
v 0.121256 0.295450 0.255678
v 0.130872 0.349357 0.309382
v 0.166552 0.301662 0.251261
v 0.214664 0.320599 0.238365
v 0.162382 0.247407 0.198507
v 0.174411 0.357061 0.301705
v 0.218472 0.376055 0.287423
v 0.187553 0.409450 0.350534
v 0.226675 0.428072 0.337039
v 0.144914 0.400145 0.360931
v 0.200914 0.454340 0.399015
v 0.203860 0.484193 0.429790
v 0.160618 0.443063 0.407955
v 0.232121 0.474038 0.391028
v 0.252734 0.498080 0.382928
v 0.218438 0.505687 0.433210
v 0.181877 0.512058 0.456942
v 0.228729 0.527713 0.429313
v 0.188069 0.538461 0.454211
v 0.231913 0.552749 0.417961
v 0.190763 0.561713 0.443111
v 0.261114 0.525483 0.372102
v 0.228003 0.576160 0.402105
v 0.255345 0.554525 0.356616
v 0.219066 0.603130 0.385297
v 0.190416 0.583643 0.429556
v 0.186731 0.607945 0.416419
v 0.175075 0.630167 0.401636
v 0.202595 0.630275 0.367536
v 0.174640 0.647080 0.350773
v 0.226948 0.613138 0.316951
v 0.243378 0.583864 0.338244
v 0.196605 0.631130 0.296937
v 0.246477 0.575856 0.253878
v 0.265170 0.547095 0.274875
v 0.281142 0.501149 0.212559
v 0.273847 0.514488 0.294021
v 0.270817 0.482893 0.309200
v 0.285447 0.466790 0.233797
v 0.277310 0.433663 0.253130
v 0.296759 0.414616 0.178096
v 0.306832 0.359712 0.122110
v 0.295041 0.452289 0.154658
v 0.285150 0.379648 0.200976
v 0.291645 0.322035 0.145850
v 0.256886 0.347319 0.221392
v 0.254665 0.401931 0.271492
v 0.259264 0.290172 0.167693
v 0.255354 0.229872 0.108421
v 0.212748 0.264651 0.186239
v 0.207706 0.206795 0.130355
v 0.192946 0.151341 0.066075
v 0.163439 0.105560 -0.005008
v 0.242148 0.174362 0.041845
v 0.219993 0.130582 -0.031453
v 0.283287 0.211749 0.015803
v 0.270142 0.175231 -0.053457
v 0.308684 0.259091 -0.008188
v 0.292074 0.262380 0.083080
v 0.312433 0.303588 0.057320
v 0.316559 0.356986 0.036971
v 0.306694 0.404996 0.097850
v 0.317703 0.326868 -0.021618
v 0.303286 0.317698 -0.060167
v 0.299097 0.399182 -0.018192
v 0.303463 0.393007 -0.055428
v 0.306290 0.384322 -0.110486
v 0.267734 0.446333 -0.060773
v 0.269920 0.440592 -0.115598
v 0.271616 0.438227 -0.176860
v 0.206155 0.484803 -0.103356
v 0.211916 0.486962 -0.168272
v 0.213313 0.484364 -0.238190
v 0.137135 0.519394 -0.156080
v 0.142470 0.520076 -0.232082
v 0.139585 0.499720 -0.302572
v 0.070333 0.539001 -0.226969
v 0.069068 0.517199 -0.298381
v 0.063546 0.470071 -0.354305
v -0.000013 0.521701 -0.296982
v -0.000013 0.472772 -0.353816
v -0.063573 0.470071 -0.354305
v -0.000013 0.403985 -0.391319
v -0.000013 0.310237 -0.404863
v 0.056729 0.401758 -0.391582
v -0.056755 0.401758 -0.391582
v -0.113574 0.393745 -0.390962
v -0.052370 0.311948 -0.404144
v -0.059660 0.227139 -0.403509
v -0.108095 0.317989 -0.401130
v -0.149734 0.324775 -0.396708
v -0.119566 0.248448 -0.398927
v -0.170543 0.286731 -0.392669
v -0.141229 0.196719 -0.391867
v -0.071315 0.164883 -0.399856
v -0.154978 0.153043 -0.370731
v -0.196587 0.242523 -0.381504
v -0.239738 0.289527 -0.365775
v -0.219803 0.200346 -0.356987
v -0.232812 0.168160 -0.313970
v -0.264044 0.251156 -0.336905
v -0.280381 0.228970 -0.298266
v -0.283666 0.288096 -0.321200
v -0.299822 0.289713 -0.290146
v -0.271048 0.328422 -0.336607
v -0.292272 0.352154 -0.294336
v -0.240662 0.378688 -0.350541
v -0.209409 0.332040 -0.380576
v -0.192332 0.424374 -0.357082
v -0.168753 0.369243 -0.387630
v -0.129017 0.456219 -0.357797
v -0.314527 0.296546 -0.236758
v -0.293466 0.217670 -0.243775
v -0.300249 0.218577 -0.180741
v -0.241921 0.146271 -0.255197
v -0.165575 0.092476 -0.261370
v -0.250335 0.140120 -0.188650
v -0.260252 0.150916 -0.120758
v -0.174204 0.082027 -0.186362
v -0.085653 0.041932 -0.166203
v -0.000013 0.033717 -0.177122
v -0.083298 0.056311 -0.263394
v -0.079253 0.086740 -0.332106
v -0.000013 0.044194 -0.265306
v -0.000013 0.076017 -0.333665
v 0.083271 0.056311 -0.263394
v 0.165548 0.092476 -0.261370
v 0.085627 0.041932 -0.166203
v 0.079226 0.086740 -0.332106
v 0.076077 0.119422 -0.378388
v 0.160134 0.118761 -0.326367
v 0.154952 0.153043 -0.370731
v 0.232785 0.168160 -0.313970
v 0.219777 0.200346 -0.356987
v 0.280354 0.228970 -0.298266
v 0.241895 0.146271 -0.255197
v 0.293439 0.217670 -0.243775
v 0.250308 0.140120 -0.188650
v 0.300222 0.218577 -0.180741
v 0.174177 0.082027 -0.186362
v 0.260225 0.150916 -0.120758
v 0.194164 0.094991 -0.107844
v 0.302887 0.227473 -0.118631
v 0.318289 0.314000 -0.105524
v 0.302923 0.236602 -0.067954
v 0.320168 0.304800 -0.173324
v 0.314500 0.296546 -0.236758
v 0.308227 0.375798 -0.175545
v 0.304672 0.367304 -0.238572
v 0.292245 0.352154 -0.294336
v 0.270273 0.432014 -0.240922
v 0.260803 0.412611 -0.302066
v 0.240635 0.378688 -0.350541
v 0.207736 0.464595 -0.304810
v 0.192305 0.424374 -0.357082
v 0.168726 0.369243 -0.387630
v 0.128990 0.456219 -0.357797
v 0.113547 0.393745 -0.390962
v 0.108068 0.317989 -0.401130
v 0.149707 0.324775 -0.396708
v 0.119539 0.248448 -0.398927
v 0.052343 0.311948 -0.404144
v 0.059633 0.227139 -0.403509
v -0.000013 0.221798 -0.404730
v 0.071288 0.164883 -0.399856
v 0.141203 0.196719 -0.391867
v -0.000013 0.158236 -0.402868
v -0.000013 0.109740 -0.379546
v -0.076104 0.119422 -0.378388
v 0.196560 0.242523 -0.381504
v 0.239711 0.289527 -0.365775
v 0.170516 0.286731 -0.392669
v 0.209382 0.332040 -0.380576
v 0.264018 0.251156 -0.336905
v 0.271021 0.328422 -0.336607
v 0.283639 0.288096 -0.321200
v 0.299796 0.289713 -0.290146
v 0.120091 0.062432 -0.079977
v 0.051322 0.044584 -0.105785
v -0.000013 0.043652 -0.107710
v -0.160161 0.118761 -0.326367
v -0.302914 0.227473 -0.118631
v -0.302950 0.236602 -0.067954
v 0.256044 0.453073 0.323529
v 0.141341 0.654223 0.339578
v 0.107306 0.647999 0.336774
v 0.148888 0.563207 0.452335
v 0.144538 0.539316 0.461156
v 0.138892 0.510768 0.463303
v 0.131065 0.478068 0.446915
v 0.118728 0.442563 0.411033
v 0.173683 0.480602 0.443492
v 0.103319 0.401227 0.361298
v 0.005119 0.222357 0.043272
v -0.000013 0.210774 0.056202
v -0.000013 0.194291 0.048691
v -0.000013 0.219291 0.056741
v -0.005146 0.222357 0.043272
v -0.000013 0.227374 0.060091
v -0.000013 0.350931 0.197360
v -0.000013 0.412605 0.255237
v -0.000013 0.461321 0.323596
v -0.000013 0.480329 0.350194
v 0.001358 0.481378 0.347988
v -0.001384 0.481378 0.347988
v -0.002059 0.488549 0.354262
v -0.011521 0.493412 0.366084
v -0.001561 0.490992 0.356736
v -0.000013 0.492891 0.359716
v -0.000013 0.483387 0.356017
v 0.001535 0.490992 0.356736
v 0.002032 0.488549 0.354262
v 0.006042 0.506012 0.362607
v -0.000013 0.498468 0.363416
v -0.000013 0.519835 0.364998
v 0.005909 0.525821 0.346946
v 0.010437 0.520138 0.386738
v 0.011494 0.493412 0.366084
v 0.016234 0.506123 0.394216
v 0.011248 0.539851 0.362508
v 0.011885 0.542043 0.312132
v 0.017888 0.564154 0.361347
v 0.016139 0.558683 0.310724
v 0.016748 0.539511 0.250476
v 0.012651 0.525640 0.256080
v 0.017435 0.512585 0.190907
v 0.023951 0.555578 0.243469
v 0.025516 0.527457 0.181419
v 0.044257 0.547821 0.169334
v 0.030662 0.501551 0.127367
v 0.048095 0.517877 0.114133
v 0.035807 0.480860 0.091441
v 0.021609 0.488105 0.139176
v 0.014946 0.475496 0.150129
v 0.025898 0.468781 0.103919
v 0.028061 0.452156 0.081228
v 0.017970 0.455853 0.116276
v 0.010629 0.442460 0.129019
v 0.019718 0.438778 0.093526
v 0.018634 0.420264 0.071064
v 0.011519 0.424757 0.107214
v 0.010935 0.406337 0.091403
v -0.000013 0.428275 0.102189
v -0.011546 0.424757 0.107214
v -0.000013 0.446076 0.129629
v -0.000013 0.409216 0.087254
v -0.000013 0.392882 0.073399
v -0.010962 0.406337 0.091403
v -0.018661 0.420264 0.071064
v -0.009218 0.389994 0.082227
v -0.011224 0.396606 0.070917
v -0.000013 0.383836 0.064663
v -0.000013 0.420754 0.069427
v 0.011198 0.396606 0.070917
v 0.009192 0.389994 0.082227
v -0.000013 0.441380 0.073333
v -0.023002 0.441288 0.066814
v -0.000013 0.453699 0.072192
v 0.022975 0.441288 0.066814
v 0.034783 0.453504 0.053687
v 0.020405 0.445835 0.056089
v 0.031586 0.443024 0.039808
v 0.011390 0.454378 0.042882
v 0.008962 0.464559 0.051185
v 0.026125 0.444105 0.028609
v -0.000013 0.460649 0.067537
v 0.039052 0.466917 0.020420
v 0.049399 0.463325 0.025025
v 0.039545 0.453312 0.015751
v 0.047106 0.484501 0.032224
v 0.072618 0.494031 0.043543
v 0.054565 0.475010 0.034650
v 0.045174 0.465379 0.043069
v 0.061987 0.487951 0.047346
v 0.072347 0.505167 0.067394
v 0.049912 0.476227 0.058290
v 0.050806 0.493422 0.078318
v 0.037862 0.464714 0.069421
v 0.112089 0.513117 0.054539
v 0.075674 0.532019 0.103319
v 0.124858 0.540650 0.094425
v 0.043399 0.455520 0.028442
v -0.011417 0.454378 0.042882
v -0.000013 0.460055 0.063233
v -0.008989 0.464559 0.051185
v -0.000013 0.450798 0.053091
v -0.011115 0.458423 0.047998
v -0.000013 0.463141 0.044997
v -0.001639 0.458530 0.049291
v 0.011088 0.458423 0.047998
v 0.001612 0.458530 0.049291
v 0.005070 0.456931 0.045898
v 0.002405 0.451231 0.041318
v 0.011390 0.454378 0.042882
v -0.005097 0.456931 0.045898
v -0.002432 0.451231 0.041318
v -0.011417 0.454378 0.042882
v -0.000013 0.472519 0.058940
v -0.002958 0.480342 0.060875
v 0.002931 0.480342 0.060875
v -0.000013 0.481431 0.060921
v -0.000013 0.493215 0.049134
v -0.024357 0.493405 0.044144
v -0.036293 0.496125 0.011087
v -0.047132 0.484501 0.032224
v -0.039079 0.466917 0.020420
v -0.072645 0.494031 0.043543
v -0.054592 0.475010 0.034650
v -0.049425 0.463325 0.025025
v -0.045201 0.465379 0.043069
v -0.062013 0.487951 0.047346
v -0.072374 0.505167 0.067394
v -0.049939 0.476227 0.058290
v -0.037889 0.464714 0.069421
v -0.050833 0.493422 0.078318
v -0.048121 0.517877 0.114133
v -0.035834 0.480860 0.091441
v -0.030689 0.501551 0.127367
v -0.025925 0.468781 0.103919
v -0.017997 0.455853 0.116276
v -0.021635 0.488105 0.139176
v -0.028087 0.452156 0.081228
v -0.019745 0.438778 0.093526
v -0.014973 0.475496 0.150129
v -0.017461 0.512585 0.190907
v -0.016774 0.539511 0.250476
v -0.025542 0.527457 0.181419
v -0.012920 0.498705 0.199140
v -0.008768 0.486776 0.205434
v -0.012678 0.525640 0.256080
v -0.008576 0.513021 0.260241
v -0.000013 0.522997 0.259378
v -0.000013 0.495926 0.206084
v -0.000013 0.535127 0.310829
v 0.008549 0.513021 0.260241
v 0.008614 0.531356 0.313421
v 0.008742 0.486776 0.205434
v 0.009624 0.463342 0.160631
v 0.012893 0.498705 0.199140
v -0.000013 0.466157 0.160990
v -0.009651 0.463342 0.160631
v -0.010655 0.442460 0.129019
v -0.044283 0.547821 0.169334
v -0.023978 0.555578 0.243469
v -0.023029 0.578188 0.306373
v -0.042396 0.576949 0.233474
v -0.040793 0.602967 0.297727
v -0.073269 0.595419 0.223979
v -0.117551 0.605798 0.217928
v -0.072058 0.623127 0.287577
v -0.074645 0.564124 0.159895
v -0.121249 0.573429 0.155119
v -0.075701 0.532019 0.103319
v -0.124885 0.540650 0.094425
v -0.112116 0.513117 0.054539
v -0.189399 0.537738 0.096748
v -0.239802 0.519659 0.113693
v -0.177302 0.572424 0.158345
v -0.169341 0.605972 0.220507
v -0.227015 0.557496 0.171622
v -0.214022 0.595394 0.233991
v -0.261900 0.532648 0.190968
v -0.281169 0.501149 0.212559
v -0.246504 0.575856 0.253878
v -0.275498 0.489713 0.132570
v -0.295068 0.452289 0.154658
v -0.296786 0.414616 0.178096
v -0.285177 0.379648 0.200976
v -0.285474 0.466790 0.233797
v -0.273874 0.514488 0.294021
v -0.277337 0.433663 0.253130
v -0.270843 0.482893 0.309200
v -0.254692 0.401931 0.271492
v -0.256913 0.347319 0.221392
v -0.218499 0.376055 0.287423
v -0.256071 0.453073 0.323529
v -0.226701 0.428072 0.337039
v -0.252761 0.498080 0.382928
v -0.232148 0.474038 0.391028
v -0.228756 0.527713 0.429313
v -0.261141 0.525483 0.372102
v -0.255371 0.554525 0.356616
v -0.231940 0.552749 0.417961
v -0.190790 0.561713 0.443111
v -0.228030 0.576160 0.402105
v -0.219092 0.603130 0.385297
v -0.190442 0.583643 0.429556
v -0.186757 0.607945 0.416419
v -0.152259 0.586899 0.443280
v -0.114484 0.588584 0.441870
v -0.154780 0.611566 0.433067
v -0.148914 0.563207 0.452335
v -0.108964 0.563590 0.446959
v -0.144565 0.539316 0.461156
v -0.102314 0.540130 0.454979
v -0.138919 0.510768 0.463303
v -0.188096 0.538461 0.454211
v -0.181904 0.512058 0.456942
v -0.173709 0.480602 0.443492
v -0.218465 0.505687 0.433210
v -0.203887 0.484193 0.429790
v -0.200941 0.454340 0.399015
v -0.160644 0.443063 0.407955
v -0.187579 0.409450 0.350534
v -0.174438 0.357061 0.301705
v -0.144940 0.400145 0.360931
v -0.103346 0.401227 0.361298
v -0.130898 0.349357 0.309382
v -0.090317 0.353098 0.307840
v -0.121282 0.295450 0.255678
v -0.115391 0.243625 0.200120
v -0.080159 0.301776 0.251279
v -0.166579 0.301662 0.251261
v -0.214691 0.320599 0.238365
v -0.162409 0.247407 0.198507
v -0.157398 0.194841 0.142968
v -0.212774 0.264651 0.186239
v -0.207732 0.206795 0.130355
v -0.259291 0.290172 0.167693
v -0.110063 0.195382 0.145262
v -0.069321 0.204934 0.140134
v -0.100494 0.151073 0.090826
v -0.073603 0.251270 0.193461
v -0.118755 0.442563 0.411033
v -0.131092 0.478068 0.446915
v -0.071646 0.565203 0.429956
v -0.041178 0.566874 0.404140
v -0.080470 0.588788 0.423333
v -0.051883 0.588129 0.396348
v -0.088754 0.615718 0.418277
v -0.065949 0.613123 0.388465
v -0.121693 0.615592 0.434971
v -0.105545 0.638756 0.403884
v -0.124737 0.650171 0.379697
v -0.085982 0.634954 0.379671
v -0.134229 0.635470 0.417796
v -0.155495 0.627603 0.419832
v -0.152406 0.645379 0.389808
v -0.175101 0.630167 0.401636
v -0.174667 0.647080 0.350773
v -0.202621 0.630275 0.367536
v -0.196632 0.631130 0.296937
v -0.141367 0.654223 0.339578
v -0.107333 0.647999 0.336774
v -0.157381 0.638952 0.283811
v -0.112946 0.635711 0.280963
v -0.075477 0.633162 0.341497
v -0.105032 0.646235 0.368389
v -0.048282 0.611953 0.350157
v -0.029658 0.587190 0.357828
v -0.226975 0.613138 0.316951
v -0.243404 0.583864 0.338244
v -0.265196 0.547095 0.274875
v -0.016166 0.558683 0.310724
v -0.034810 0.453504 0.053687
v -0.031613 0.443024 0.039808
v -0.020432 0.445835 0.056089
v -0.043426 0.455520 0.028442
v -0.026152 0.444105 0.028609
v -0.039571 0.453312 0.015751
v -0.000013 0.383836 0.064663
v -0.009218 0.389994 0.082227
v -0.001412 0.383651 0.071751
v 0.009192 0.389994 0.082227
v -0.000013 0.383836 0.064663
v 0.001386 0.383651 0.071751
vn 0.3520 0.8803 0.3179
vn -0.0000 0.9129 0.4082
vn -0.0000 0.9968 -0.0800
vn 0.4060 0.9123 -0.0538
vn 0.4872 -0.0838 0.8693
vn -0.0000 0.5599 0.8286
vn 0.9439 0.2838 0.1689
vn 0.9334 0.0484 0.3556
vn 0.9600 0.2761 -0.0466
vn 0.9484 0.3138 -0.0461
vn 0.8965 0.3943 0.2022
vn 0.6986 0.4713 0.5384
vn 0.7298 0.3759 0.5710
vn 0.7336 0.0322 0.6788
vn 0.6810 -0.4042 0.6106
vn 0.8168 -0.3376 0.4678
vn 0.7623 -0.3562 0.5404
vn 0.4636 0.3085 0.8306
vn 0.5148 -0.0949 0.8521
vn 0.5465 -0.4690 0.6938
vn 0.2611 0.2410 0.9347
vn 0.3108 -0.1546 0.9378
vn 0.3640 -0.5200 0.7727
vn 0.4359 -0.6432 0.6295
vn 0.6036 -0.5829 0.5439
vn 0.6647 -0.5542 0.5011
vn 0.7203 -0.5172 0.4622
vn 0.5326 -0.6151 0.5813
vn 0.5625 -0.6626 0.4945
vn 0.5959 -0.5905 0.5442
vn 0.8015 -0.4207 0.4250
vn 0.6056 -0.5557 0.5696
vn 0.8233 -0.3876 0.4146
vn 0.6486 -0.5219 0.5540
vn 0.6387 -0.5310 0.5570
vn 0.6546 -0.5427 0.5264
vn 0.8177 -0.4009 0.4131
vn 0.5868 -0.5798 0.5652
vn 0.6729 -0.5427 0.5027
vn 0.8344 -0.4208 0.3561
vn 0.7416 -0.5378 0.4009
vn -0.0000 -0.7469 0.6650
vn -0.0000 -0.6876 0.7261
vn -0.0000 -0.7849 0.6196
vn -0.0000 -0.8468 0.5319
vn -0.0000 -0.8341 0.5516
vn 0.5828 -0.6754 0.4518
vn 0.8841 -0.3385 0.3221
vn 0.1340 -0.5364 0.8333
vn -0.0000 -0.7705 0.6375
vn 0.8404 -0.2039 0.5022
vn 0.7067 -0.5033 0.4973
vn 0.6935 -0.4456 0.5661
vn 0.3948 -0.6830 0.6145
vn 0.4167 -0.6880 0.5942
vn 0.4565 -0.6603 0.5963
vn -0.2977 -0.2532 0.9205
vn 0.3655 -0.4392 0.8207
vn 0.3105 -0.6112 0.7280
vn -0.0000 -0.4025 0.9154
vn -0.0000 -0.3762 0.9265
vn -0.0000 -0.5775 0.8164
vn 0.1643 -0.7775 0.6071
vn -0.0000 -0.7613 0.6484
vn 0.1914 -0.7982 0.5712
vn -0.0362 -0.9067 0.4202
vn -0.0000 -0.8911 0.4539
vn -0.0978 -0.8739 0.4762
vn -0.0786 -0.9703 0.2287
vn -0.0000 -0.9725 0.2331
vn -0.3113 -0.9261 0.2129
vn -0.2437 -0.9698 -0.0000
vn -0.3785 -0.8626 0.3355
vn 0.1388 -0.7804 0.6097
vn -0.1540 -0.8135 0.5609
vn -0.4242 -0.7848 0.4519
vn -0.6365 -0.6957 0.3331
vn -0.5954 -0.7724 0.2211
vn -0.5452 -0.8322 0.1014
vn -0.7947 -0.5945 0.1228
vn -0.7659 -0.6412 0.0487
vn -0.8233 -0.5302 0.2027
vn -0.4501 -0.6890 0.5680
vn -0.6587 -0.5948 0.4608
vn -0.8466 -0.4297 0.3141
vn -0.9647 -0.2622 0.0262
vn -0.9531 -0.2976 0.0548
vn -0.9707 -0.1862 0.1521
vn -0.6705 -0.5167 0.5324
vn -0.8628 -0.3296 0.3833
vn -0.9758 -0.0808 0.2030
vn -0.9812 0.1906 0.0299
vn -0.9942 0.1071 0.0019
vn -0.9946 0.0348 -0.0974
vn -0.9231 0.3655 -0.1192
vn -0.8991 0.4153 -0.1380
vn -0.8685 0.4794 -0.1262
vn -0.6665 0.7340 -0.1300
vn -0.6094 0.7567 -0.2368
vn -0.5803 0.7534 -0.3093
vn -0.2689 0.9612 -0.0607
vn -0.2013 0.9484 -0.2450
vn -0.1954 0.8615 -0.4686
vn 0.1343 0.8610 -0.4906
vn 0.1570 0.9876 -0.0050
vn -0.0120 0.9997 0.0226
vn -0.0764 0.9961 0.0450
vn -0.3428 0.9392 -0.0203
vn -0.6959 0.7171 -0.0369
vn -0.1949 0.9663 0.1682
vn -0.4419 0.8946 0.0668
vn -0.7263 0.6874 -0.0059
vn -0.9415 0.3353 0.0327
vn -0.9414 0.3364 -0.0233
vn -0.9954 -0.0105 0.0948
vn -1.0000 0.0029 -0.0037
vn -0.9410 0.3349 -0.0492
vn -0.9990 -0.0301 -0.0340
vn -0.7584 0.6509 -0.0334
vn -0.9350 0.3030 -0.1843
vn -0.9840 -0.0550 -0.1692
vn -0.7732 0.6070 -0.1835
vn -0.5161 0.8559 0.0327
vn -0.5474 0.8222 -0.1562
vn -0.7332 0.5150 -0.4440
vn -0.8835 0.2473 -0.3979
vn -0.5154 0.7231 -0.4599
vn -0.2905 0.8366 -0.4645
vn -0.3290 0.9359 -0.1260
vn -0.2930 0.9493 0.1144
vn -0.1159 0.8750 -0.4700
vn -0.1444 0.9836 -0.1076
vn -0.1207 0.9758 0.1826
vn -0.0000 0.8798 -0.4754
vn -0.0000 0.9949 -0.1009
vn -0.0000 0.9796 0.2011
vn -0.0593 0.9673 0.2464
vn -0.0000 0.9604 0.2785
vn 0.0135 0.9925 0.1216
vn -0.0000 0.9887 0.1500
vn 0.0593 0.9673 0.2464
vn 0.1207 0.9758 0.1826
vn -0.0135 0.9925 0.1216
vn 0.1949 0.9663 0.1682
vn 0.2930 0.9493 0.1144
vn 0.0764 0.9961 0.0450
vn -0.0551 0.9972 0.0496
vn 0.0120 0.9997 0.0226
vn -0.0000 0.9975 0.0710
vn -0.0000 0.8876 0.4606
vn 0.2571 0.6503 0.7148
vn -0.1570 0.9876 -0.0050
vn 0.2013 0.9484 -0.2450
vn 0.2689 0.9612 -0.0607
vn 0.3428 0.9392 -0.0203
vn 0.6094 0.7567 -0.2368
vn 0.6665 0.7340 -0.1300
vn 0.6959 0.7171 -0.0369
vn 0.1954 0.8615 -0.4686
vn -0.1343 0.8610 -0.4906
vn 0.5803 0.7534 -0.3093
vn 0.8991 0.4153 -0.1380
vn 0.9231 0.3655 -0.1192
vn 0.8685 0.4794 -0.1262
vn 0.5606 0.7568 -0.3362
vn 0.8252 0.5361 -0.1779
vn 0.2199 0.8598 -0.4609
vn 0.2057 0.8680 -0.4520
vn 0.5236 0.7679 -0.3690
vn 0.7876 0.5764 -0.2180
vn 0.4880 0.7992 -0.3508
vn 0.1770 0.8813 -0.4381
vn 0.7630 0.6214 -0.1778
vn -0.0956 0.8561 -0.5080
vn -0.0970 0.8770 -0.4705
vn -0.1271 0.8864 -0.4451
vn 0.1258 0.9352 -0.3310
vn 0.4394 0.8695 -0.2255
vn -0.1907 0.9223 -0.3361
vn -0.4168 0.8199 -0.3924
vn -0.4648 0.8466 -0.2594
vn -0.3899 0.8109 -0.4364
vn -0.6859 0.6614 -0.3034
vn -0.6679 0.6528 -0.3573
vn -0.7079 0.6881 -0.1591
vn -0.5187 0.8549 -0.0086
vn -0.7043 0.6989 0.1246
vn -0.2770 0.9555 -0.1018
vn -0.8750 0.4774 -0.0803
vn -0.8213 0.5314 0.2076
vn -0.8682 0.4528 -0.2027
vn -0.6714 0.6269 0.3952
vn -0.5271 0.8189 0.2271
vn -0.6964 0.5046 0.5103
vn -0.5387 0.3926 0.7454
vn -0.5290 0.5442 0.6512
vn -0.3362 0.8336 0.4383
vn -0.3372 0.9367 0.0943
vn -0.0985 0.9754 0.1974
vn 0.0187 0.7991 0.6009
vn 0.2082 0.9264 0.3136
vn -0.1607 0.4987 0.8517
vn 0.3062 0.7059 0.6388
vn 0.4460 0.7588 0.4747
vn 0.2573 0.4896 0.8331
vn -0.2354 0.3165 0.9189
vn 0.1594 0.3620 0.9185
vn 0.0650 0.3584 0.9313
vn -0.2467 0.3515 0.9031
vn -0.4725 0.4319 0.7682
vn -0.6986 0.4713 0.5384
vn -0.4636 0.3085 0.8306
vn -0.7298 0.3759 0.5710
vn -0.2611 0.2410 0.9347
vn -0.7336 0.0322 0.6788
vn -0.5148 -0.0949 0.8521
vn -0.3108 -0.1546 0.9378
vn -0.6810 -0.4042 0.6107
vn -0.5465 -0.4690 0.6938
vn -0.3640 -0.5200 0.7727
vn -0.6036 -0.5829 0.5439
vn -0.6647 -0.5542 0.5011
vn -0.4359 -0.6432 0.6295
vn -0.5326 -0.6151 0.5813
vn -0.7203 -0.5172 0.4622
vn -0.5625 -0.6626 0.4945
vn -0.8015 -0.4207 0.4250
vn -0.6056 -0.5557 0.5696
vn -0.5960 -0.5905 0.5442
vn -0.6486 -0.5219 0.5540
vn -0.8233 -0.3876 0.4146
vn -0.6387 -0.5310 0.5570
vn -0.8177 -0.4009 0.4131
vn -0.6546 -0.5426 0.5263
vn -0.5868 -0.5798 0.5652
vn -0.8344 -0.4208 0.3561
vn -0.6729 -0.5427 0.5027
vn -0.7416 -0.5378 0.4009
vn -0.8841 -0.3385 0.3221
vn -0.5828 -0.6754 0.4518
vn -0.1339 -0.5364 0.8333
vn -0.8404 -0.2039 0.5022
vn -0.6935 -0.4456 0.5661
vn -0.7067 -0.5033 0.4973
vn -0.4167 -0.6880 0.5942
vn -0.3948 -0.6830 0.6145
vn -0.4565 -0.6603 0.5963
vn -0.3655 -0.4392 0.8207
vn -0.3105 -0.6112 0.7280
vn 0.2978 -0.2532 0.9204
vn -0.1643 -0.7775 0.6071
vn -0.1914 -0.7982 0.5712
vn 0.0362 -0.9067 0.4202
vn 0.0978 -0.8739 0.4762
vn -0.1388 -0.7804 0.6097
vn 0.1540 -0.8135 0.5609
vn 0.1899 -0.7480 0.6359
vn -0.1070 -0.7498 0.6529
vn -0.0710 -0.7317 0.6779
vn 0.2363 -0.7027 0.6710
vn -0.3827 -0.6742 0.6317
vn -0.0089 -0.7172 0.6968
vn -0.3620 -0.6619 0.6564
vn 0.0698 -0.7163 0.6943
vn -0.3110 -0.6713 0.6728
vn 0.2942 -0.6755 0.6761
vn 0.3539 -0.6734 0.6491
vn 0.5076 -0.5943 0.6238
vn 0.5513 -0.5956 0.5842
vn 0.4753 -0.6244 0.6199
vn 0.6043 -0.6131 0.5089
vn 0.4061 -0.7000 0.5874
vn 0.1424 -0.7419 0.6552
vn 0.6597 -0.5443 0.5182
vn 0.4492 -0.6841 0.5746
vn 0.1946 -0.7363 0.6480
vn 0.6010 -0.3344 0.7259
vn 0.4691 -0.5715 0.6733
vn 0.2470 -0.5796 0.7766
vn 0.8119 -0.4289 0.3960
vn 0.8493 -0.2840 0.4449
vn 0.7121 -0.0105 0.7020
vn 0.3117 -0.2085 0.9270
vn 0.3648 0.1740 0.9147
vn 0.4028 0.3946 0.8259
vn 0.7441 0.3072 0.5932
vn 0.9444 0.0674 0.3217
vn 0.7414 0.4698 0.4791
vn 0.4686 0.4615 0.7533
vn 0.9181 0.3367 0.2090
vn 0.8638 0.4879 0.1259
vn 0.7260 0.5677 0.3881
vn 0.5214 0.5490 0.6533
vn 0.5987 0.7673 0.2297
vn 0.3432 0.9381 0.0461
vn 0.7181 0.6950 -0.0362
vn 0.9178 0.3971 -0.0025
vn 0.9464 0.3219 -0.0269
vn 0.9791 0.1660 0.1171
vn 0.9866 0.0512 0.1549
vn 0.9598 -0.1332 0.2472
vn 0.9192 -0.2187 0.3275
vn 0.8839 -0.2616 0.3877
vn 0.9805 -0.0087 0.1965
vn 0.9659 0.2588 0.0046
vn 0.9758 -0.0808 0.2030
vn 0.9812 0.1906 0.0299
vn 0.8628 -0.3296 0.3833
vn 0.6955 -0.4720 0.5417
vn 0.6705 -0.5167 0.5324
vn 0.7453 -0.4564 0.4860
vn 0.4501 -0.6890 0.5680
vn 0.6587 -0.5948 0.4608
vn 0.8466 -0.4297 0.3141
vn 0.4242 -0.7848 0.4519
vn 0.6365 -0.6957 0.3331
vn 0.3785 -0.8626 0.3355
vn 0.5954 -0.7724 0.2211
vn 0.8233 -0.5302 0.2027
vn 0.7947 -0.5945 0.1228
vn 0.9531 -0.2976 0.0548
vn 0.9646 -0.2622 0.0262
vn 0.9707 -0.1862 0.1521
vn 0.9942 0.1071 0.0019
vn 0.9946 0.0348 -0.0974
vn 1.0000 0.0029 -0.0037
vn 0.9414 0.3364 -0.0233
vn 0.9415 0.3353 0.0327
vn 0.7263 0.6874 -0.0059
vn 0.9954 -0.0105 0.0948
vn 0.4419 0.8946 0.0668
vn 0.9410 0.3349 -0.0492
vn 0.7584 0.6509 -0.0334
vn 0.5161 0.8559 0.0327
vn 0.7732 0.6070 -0.1835
vn 0.5474 0.8222 -0.1562
vn 0.3290 0.9359 -0.1260
vn 0.1444 0.9836 -0.1076
vn 0.2905 0.8366 -0.4645
vn 0.1159 0.8750 -0.4700
vn 0.5154 0.7231 -0.4599
vn 0.2008 0.6040 -0.7713
vn 0.0643 0.6342 -0.7705
vn -0.0000 0.6332 -0.7740
vn -0.0643 0.6342 -0.7705
vn -0.0000 0.3187 -0.9479
vn -0.0294 0.3143 -0.9489
vn 0.0294 0.3143 -0.9489
vn 0.0308 0.0638 -0.9975
vn -0.0000 0.0671 -0.9977
vn -0.0308 0.0638 -0.9975
vn -0.1088 0.3017 -0.9472
vn -0.2008 0.6040 -0.7713
vn -0.0805 0.0589 -0.9950
vn -0.0000 -0.0231 -0.9997
vn -0.0611 -0.0298 -0.9977
vn -0.1335 -0.0441 -0.9901
vn -0.1632 0.0635 -0.9845
vn -0.2567 0.2403 -0.9362
vn -0.2427 -0.0239 -0.9698
vn -0.2598 -0.2104 -0.9425
vn -0.3915 -0.1579 -0.9065
vn -0.1307 -0.2451 -0.9606
vn -0.2072 -0.6178 -0.7586
vn -0.4032 -0.5263 -0.7486
vn -0.5730 -0.3977 -0.7166
vn -0.4138 0.1167 -0.9029
vn -0.5580 -0.0452 -0.8286
vn -0.7261 -0.2435 -0.6430
vn -0.4590 -0.7482 -0.4790
vn -0.6643 -0.5946 -0.4529
vn -0.8401 -0.3726 -0.3942
vn -0.9302 -0.0749 -0.3593
vn -0.8268 -0.0753 -0.5574
vn -0.7488 0.1298 -0.6499
vn -0.6015 0.3376 -0.7240
vn -0.4045 0.5074 -0.7609
vn -0.8951 -0.4029 -0.1908
vn -0.9221 -0.3842 -0.0458
vn -0.7304 -0.6789 -0.0750
vn -0.6987 -0.6731 -0.2425
vn -0.4783 -0.8362 -0.2683
vn -0.5010 -0.8624 -0.0727
vn -0.9401 -0.3360 0.0567
vn -0.2589 -0.9264 -0.2736
vn -0.0000 -0.9998 -0.0214
vn -0.0000 -0.9609 -0.2770
vn -0.2452 -0.8344 -0.4937
vn -0.0000 -0.8650 -0.5018
vn 0.2589 -0.9264 -0.2736
vn 0.2437 -0.9698 -0.0000
vn 0.2452 -0.8344 -0.4937
vn 0.4783 -0.8362 -0.2683
vn 0.5010 -0.8624 -0.0727
vn 0.4590 -0.7482 -0.4790
vn 0.2072 -0.6178 -0.7586
vn 0.4032 -0.5263 -0.7486
vn -0.0000 -0.6487 -0.7610
vn 0.5730 -0.3977 -0.7166
vn 0.6643 -0.5946 -0.4529
vn 0.6987 -0.6731 -0.2425
vn 0.7261 -0.2435 -0.6430
vn 0.8401 -0.3726 -0.3942
vn 0.8951 -0.4029 -0.1908
vn 0.7304 -0.6789 -0.0750
vn 0.9221 -0.3842 -0.0458
vn 0.9401 -0.3361 0.0567
vn 0.7659 -0.6412 0.0487
vn 0.5452 -0.8322 0.1014
vn 0.9990 -0.0301 -0.0340
vn 0.9840 -0.0550 -0.1692
vn 0.9350 0.3030 -0.1843
vn 0.8835 0.2473 -0.3979
vn 0.7332 0.5150 -0.4440
vn 0.9302 -0.0749 -0.3593
vn 0.7488 0.1298 -0.6499
vn 0.6015 0.3376 -0.7240
vn 0.4045 0.5074 -0.7609
vn 0.2567 0.2403 -0.9362
vn 0.1088 0.3017 -0.9472
vn 0.4138 0.1167 -0.9029
vn 0.1632 0.0635 -0.9845
vn 0.0805 0.0589 -0.9950
vn 0.2427 -0.0239 -0.9698
vn 0.1335 -0.0441 -0.9901
vn 0.0611 -0.0298 -0.9977
vn 0.1307 -0.2451 -0.9606
vn -0.0000 -0.2484 -0.9687
vn 0.2598 -0.2104 -0.9425
vn 0.3915 -0.1579 -0.9065
vn 0.5580 -0.0452 -0.8286
vn 0.8268 -0.0753 -0.5574
vn 0.3113 -0.9261 0.2129
vn 0.0786 -0.9703 0.2287
vn 0.0375 0.9963 -0.0769
vn 0.0145 0.2154 0.9764
vn -0.0185 -0.1900 0.9816
vn -0.0600 -0.5765 0.8149
vn -0.1274 -0.7201 0.6821
vn -0.2229 -0.7133 0.6644
vn 0.2043 -0.0589 0.9771
vn -0.0000 -0.2614 0.9652
vn -0.0000 -0.4638 0.8859
vn -0.2042 -0.0589 0.9771
vn -0.0000 -0.7498 0.6616
vn -0.0000 -0.8310 0.5563
vn -0.0000 -0.7921 0.6104
vn 0.1853 -0.7596 0.6234
vn 0.1361 -0.5505 0.8237
vn -0.1359 -0.5504 0.8237
vn -0.1853 -0.7596 0.6234
vn -0.3050 -0.3673 0.8787
vn 0.0001 -0.6921 0.7218
vn -0.0000 -0.5303 0.8478
vn -0.0000 -0.4378 0.8991
vn 0.3050 -0.3673 0.8787
vn -0.7623 -0.3562 0.5404
vn -0.4872 -0.0838 0.8693
vn -0.3520 0.8803 0.3179
vn -0.9334 0.0484 0.3556
vn -0.9439 0.2838 0.1689
vn -0.8168 -0.3376 0.4678
vn -0.9600 0.2761 -0.0466
vn -0.4060 0.9123 -0.0538
vn -0.8965 0.3943 0.2022
vn -0.9484 0.3138 -0.0461
vn -0.9468 0.2954 -0.1278
vn -0.9604 0.2571 -0.1071
vn -0.9546 0.2585 -0.1478
vn -0.9341 0.3066 -0.1829
vn -0.8515 0.4543 -0.2618
vn -0.8354 0.4409 -0.3282
vn -0.6661 0.6187 -0.4166
vn -0.9133 0.3187 -0.2537
vn -0.7009 0.5811 -0.4136
vn -0.8259 0.4270 -0.3682
vn -0.8958 0.3238 -0.3045
vn -0.9404 0.2700 -0.2065
vn -0.9243 0.2785 -0.2609
vn -0.8220 0.4934 -0.2843
vn -0.8959 0.3810 -0.2284
vn -0.9336 0.2847 -0.2174
vn -0.4418 0.7209 -0.5340
vn -0.4448 0.7531 -0.4848
vn -0.4112 0.6727 -0.6151
vn -0.3912 0.6144 -0.6852
vn -0.7802 0.2032 0.5915
vn -0.6011 0.6830 0.4149
vn -0.0000 0.7244 -0.6894
vn -0.0000 0.5919 -0.8060
vn -0.0000 0.8295 -0.5586
vn 0.3912 0.6144 -0.6852
vn 0.4112 0.6727 -0.6151
vn 0.4418 0.7209 -0.5340
vn -0.0000 0.6351 -0.7724
vn -0.3145 0.7687 -0.5570
vn 0.3144 0.7687 -0.5570
vn 0.7802 0.2032 0.5915
vn 0.9336 0.2847 -0.2174
vn 0.7989 0.2626 0.5411
vn -0.0000 0.8070 0.5905
vn -0.0000 -0.0271 0.9996
vn -0.7989 0.2626 0.5411
vn -0.0000 0.3154 0.9490
vn 0.6011 0.6830 0.4149
vn -0.0000 0.8016 0.5979
vn -0.2363 0.9443 0.2289
vn 0.2363 0.9443 0.2289
vn -0.7422 0.6449 -0.1822
vn -0.2919 0.9560 -0.0284
vn 0.8284 0.2352 0.5083
vn -0.0000 0.8772 0.4802
vn 0.3471 0.7255 0.5942
vn 0.3223 -0.4981 0.8050
vn -0.0000 0.7322 0.6811
vn 0.0896 -0.3224 0.9423
vn -0.0151 -0.2311 0.9728
vn -0.1222 0.4001 0.9083
vn -0.8876 0.1807 0.4236
vn -0.8796 0.3507 0.3213
vn -0.8024 0.5871 0.1073
vn -0.4502 0.8861 -0.1106
vn -0.7391 0.6732 -0.0224
vn -0.7973 0.5624 -0.2192
vn -0.7624 0.5793 -0.2883
vn -0.4654 0.7630 -0.4487
vn -0.4003 0.7783 -0.4837
vn -0.3223 -0.4980 0.8050
vn -0.8284 0.2352 0.5083
vn -0.0000 0.9860 -0.1665
vn 0.8987 0.2190 0.3801
vn -0.8987 0.2190 0.3800
vn 0.0354 0.8083 0.5878
vn -0.3390 0.9066 -0.2515
vn -0.0356 0.8082 0.5878
vn -0.0000 -0.5139 0.8578
vn 0.3390 0.9066 -0.2515
vn 0.2918 0.6517 0.7001
vn -0.7433 0.5654 0.3575
vn -0.0000 -0.4088 0.9126
vn -0.2915 0.6518 0.7002
vn 0.7433 0.5654 0.3575
vn -0.3186 0.1350 0.9382
vn -0.2571 0.6503 0.7148
vn -0.0000 0.3657 0.9307
vn 0.3186 0.1350 0.9382
vn 0.0551 0.9972 0.0496
vn 0.0151 -0.2311 0.9728
vn -0.0896 -0.3224 0.9423
vn 0.8796 0.3507 0.3213
vn 0.8876 0.1807 0.4236
vn 0.4502 0.8861 -0.1106
vn 0.7391 0.6732 -0.0224
vn 0.7973 0.5624 -0.2191
vn 0.8024 0.5871 0.1074
vn 0.7624 0.5793 -0.2883
vn 0.4654 0.7630 -0.4487
vn 0.7009 0.5811 -0.4136
vn 0.7422 0.6449 -0.1822
vn 0.8220 0.4934 -0.2843
vn 0.8259 0.4270 -0.3682
vn 0.4003 0.7783 -0.4837
vn 0.6661 0.6187 -0.4166
vn 0.8354 0.4408 -0.3282
vn 0.8959 0.3810 -0.2284
vn 0.8958 0.3238 -0.3045
vn 0.9133 0.3187 -0.2537
vn 0.9243 0.2785 -0.2609
vn 0.9404 0.2700 -0.2065
vn 0.8515 0.4543 -0.2618
vn 0.9341 0.3066 -0.1829
vn 0.9546 0.2585 -0.1478
vn 0.8682 0.4528 -0.2027
vn 0.9468 0.2954 -0.1278
vn 0.9604 0.2571 -0.1071
vn 0.4448 0.7531 -0.4848
vn 0.3313 0.8258 -0.4563
vn 0.2669 0.8938 -0.3604
vn -0.0000 0.9377 -0.3475
vn -0.0000 0.8837 -0.4680
vn -0.3313 0.8258 -0.4563
vn -0.2669 0.8938 -0.3604
vn -0.0000 0.8524 -0.5228
vn 0.6679 0.6528 -0.3573
vn 0.6859 0.6614 -0.3034
vn 0.8750 0.4774 -0.0803
vn 0.7079 0.6881 -0.1591
vn 0.3899 0.8109 -0.4364
vn 0.4168 0.8199 -0.3924
vn 0.4648 0.8466 -0.2594
vn 0.0970 0.8770 -0.4705
vn 0.1271 0.8864 -0.4451
vn 0.1907 0.9223 -0.3361
vn 0.0956 0.8561 -0.5080
vn -0.2199 0.8598 -0.4609
vn -0.2057 0.8680 -0.4520
vn -0.5606 0.7568 -0.3362
vn -0.5236 0.7679 -0.3690
vn -0.1770 0.8813 -0.4381
vn -0.4880 0.7992 -0.3508
vn -0.7630 0.6214 -0.1778
vn -0.7876 0.5764 -0.2180
vn -0.8252 0.5361 -0.1779
vn -0.9659 0.2588 0.0046
vn -0.9464 0.3219 -0.0269
vn -0.9178 0.3971 -0.0025
vn -0.9805 -0.0087 0.1965
vn -0.9866 0.0512 0.1549
vn -0.8839 -0.2616 0.3877
vn -0.9192 -0.2187 0.3275
vn -0.9791 0.1660 0.1171
vn -0.9598 -0.1332 0.2472
vn -0.7453 -0.4564 0.4860
vn -0.8119 -0.4289 0.3960
vn -0.6955 -0.4720 0.5417
vn -0.5076 -0.5943 0.6238
vn -0.5513 -0.5956 0.5842
vn -0.6042 -0.6131 0.5089
vn -0.8493 -0.2840 0.4449
vn -0.9444 0.0674 0.3217
vn -0.6597 -0.5443 0.5182
vn -0.6010 -0.3345 0.7259
vn -0.7121 -0.0105 0.7020
vn -0.7441 0.3072 0.5932
vn -0.9181 0.3367 0.2090
vn -0.7414 0.4698 0.4791
vn -0.4028 0.3946 0.8259
vn -0.4686 0.4615 0.7533
vn -0.3648 0.1740 0.9147
vn -0.7260 0.5677 0.3881
vn -0.8638 0.4879 0.1259
vn -0.5214 0.5490 0.6533
vn -0.0650 0.3584 0.9313
vn -0.1594 0.3620 0.9185
vn -0.2573 0.4896 0.8331
vn 0.1607 0.4987 0.8517
vn 0.2354 0.3165 0.9189
vn 0.2467 0.3515 0.9031
vn -0.0145 0.2154 0.9764
vn 0.0185 -0.1900 0.9816
vn -0.3117 -0.2085 0.9270
vn -0.2470 -0.5796 0.7766
vn 0.0600 -0.5765 0.8149
vn -0.4691 -0.5715 0.6733
vn -0.4492 -0.6841 0.5746
vn -0.1946 -0.7363 0.6480
vn -0.4061 -0.7000 0.5874
vn -0.1424 -0.7419 0.6552
vn -0.3539 -0.6734 0.6491
vn -0.0698 -0.7163 0.6943
vn 0.1274 -0.7201 0.6821
vn 0.2229 -0.7133 0.6644
vn 0.3110 -0.6713 0.6728
vn -0.2942 -0.6755 0.6761
vn 0.0089 -0.7172 0.6968
vn 0.3620 -0.6619 0.6564
vn 0.3827 -0.6742 0.6317
vn 0.0710 -0.7317 0.6779
vn -0.2363 -0.7027 0.6710
vn -0.4753 -0.6244 0.6199
vn -0.1899 -0.7480 0.6359
vn 0.1070 -0.7498 0.6529
vn 0.4726 0.4319 0.7682
vn 0.5387 0.3926 0.7454
vn 0.6964 0.5046 0.5103
vn 0.5290 0.5442 0.6512
vn 0.6714 0.6269 0.3952
vn 0.5271 0.8189 0.2271
vn 0.3362 0.8336 0.4383
vn -0.0187 0.7991 0.6009
vn 0.0985 0.9754 0.1974
vn -0.2082 0.9264 0.3136
vn 0.3372 0.9367 0.0943
vn -0.3062 0.7059 0.6388
vn -0.4460 0.7588 0.4747
vn -0.0375 0.9963 -0.0769
vn -0.3432 0.9381 0.0461
vn -0.5987 0.7673 0.2297
vn -0.7181 0.6950 -0.0362
vn -0.4394 0.8695 -0.2255
vn -0.1258 0.9352 -0.3310
vn 0.2770 0.9555 -0.1018
vn 0.5187 0.8549 -0.0086
vn 0.7043 0.6989 0.1246
vn 0.8213 0.5314 0.2076
vn 0.2919 0.9560 -0.0284
vn -0.3471 0.7255 0.5942
vn 0.1222 0.4001 0.9083
vn 0.7452 0.6463 0.1640
vn -0.7452 -0.6463 -0.1640
vn -0.7452 0.6463 0.1640
vn 0.7452 -0.6463 -0.1640
vt 0.261474 0.880641
vt 0.264600 0.881550
vt 0.261530 0.893532
vt 0.258823 0.892047
vt 0.264337 0.871458
vt 0.265249 0.875705
vt 0.256515 0.876048
vt 0.259226 0.867232
vt 0.255349 0.891496
vt 0.250123 0.890610
vt 0.249414 0.875517
vt 0.245345 0.860981
vt 0.250935 0.859618
vt 0.255204 0.858139
vt 0.259161 0.857922
vt 0.260754 0.863224
vt 0.265681 0.865726
vt 0.245343 0.847825
vt 0.250926 0.847286
vt 0.258494 0.850402
vt 0.239102 0.835135
vt 0.245766 0.835242
vt 0.254416 0.837920
vt 0.177086 0.126024
vt 0.183216 0.130975
vt 0.171125 0.133519
vt 0.165855 0.127294
vt 0.266234 0.859748
vt 0.265034 0.850503
vt 0.150017 0.127246
vt 0.156852 0.136442
vt 0.273819 0.855096
vt 0.272932 0.847796
vt 0.130422 0.131955
vt 0.145104 0.120646
vt 0.134979 0.136736
vt 0.142241 0.143755
vt 0.120912 0.150407
vt 0.116110 0.146598
vt 0.127065 0.155552
vt 0.112224 0.168232
vt 0.106871 0.163360
vt 0.103150 0.158844
vt 0.099708 0.180173
vt 0.095807 0.174093
vt 0.091560 0.166973
vt 0.100725 0.157203
vt 0.113126 0.144622
vt 0.093778 0.164378
vt 0.088863 0.169200
vt 0.084302 0.173387
vt 0.086090 0.175338
vt 0.087475 0.182187
vt 0.080482 0.180753
vt 0.079742 0.178464
vt 0.080590 0.186115
vt 0.088554 0.189918
vt 0.078980 0.193244
vt 0.105718 0.186465
vt 0.092214 0.196817
vt 0.078389 0.202152
vt 0.076396 0.186297
vt 0.073158 0.192976
vt 0.069174 0.201433
vt 0.069907 0.191199
vt 0.074067 0.186385
vt 0.063821 0.198799
vt 0.065781 0.212457
vt 0.056737 0.208419
vt 0.081048 0.212088
vt 0.063547 0.225947
vt 0.048734 0.219902
vt 0.084714 0.222256
vt 0.052397 0.236968
vt 0.042434 0.230679
vt 0.068605 0.241267
vt 0.052202 0.254737
vt 0.090430 0.233565
vt 0.097686 0.204479
vt 0.103842 0.213133
vt 0.110646 0.223418
vt 0.119415 0.234681
vt 0.100870 0.246464
vt 0.082747 0.258224
vt 0.113821 0.258089
vt 0.100610 0.271382
vt 0.129749 0.244826
vt 0.128981 0.211684
vt 0.138079 0.221678
vt 0.147439 0.230945
vt 0.140184 0.253536
vt 0.129177 0.266830
vt 0.155940 0.239679
vt 0.154804 0.208464
vt 0.163316 0.216906
vt 0.171378 0.224586
vt 0.180860 0.231867
vt 0.167368 0.246580
vt 0.155732 0.259779
vt 0.173724 0.262172
vt 0.181092 0.252306
vt 0.190634 0.238861
vt 0.189223 0.264641
vt 0.193428 0.256903
vt 0.200098 0.245437
vt 0.207624 0.265577
vt 0.209668 0.260186
vt 0.211561 0.252006
vt 0.229182 0.257961
vt 0.231510 0.261823
vt 0.229317 0.269090
vt 0.509800 0.670431
vt 0.499739 0.669965
vt 0.483454 0.652126
vt 0.493996 0.649688
vt 0.467759 0.639365
vt 0.479445 0.635958
vt 0.483721 0.668988
vt 0.465701 0.656485
vt 0.450798 0.644747
vt 0.176473 0.288441
vt 0.161012 0.284430
vt 0.168820 0.271151
vt 0.183923 0.274774
vt 0.144005 0.280452
vt 0.150082 0.269312
vt 0.152141 0.300023
vt 0.134967 0.296465
vt 0.168414 0.303823
vt 0.141989 0.315118
vt 0.125016 0.310600
vt 0.158886 0.320127
vt 0.446288 0.664371
vt 0.432755 0.653502
vt 0.425542 0.674966
vt 0.418934 0.658450
vt 0.142832 0.334867
vt 0.129643 0.328598
vt 0.162197 0.337745
vt 0.155035 0.344709
vt 0.423429 0.699484
vt 0.410374 0.692249
vt 0.440536 0.684999
vt 0.461459 0.675795
vt 0.435625 0.707633
vt 0.453578 0.695702
vt 0.474594 0.686505
vt 0.445844 0.717382
vt 0.463698 0.707900
vt 0.483096 0.700052
vt 0.494631 0.682779
vt 0.501933 0.695710
vt 0.509007 0.682725
vt 0.515611 0.692543
vt 0.508455 0.709026
vt 0.490986 0.713954
vt 0.518879 0.703519
vt 0.511836 0.725196
vt 0.495777 0.730883
vt 0.523004 0.718998
vt 0.526641 0.699435
vt 0.529201 0.714670
vt 0.524098 0.690385
vt 0.531546 0.688199
vt 0.533213 0.694788
vt 0.535953 0.712582
vt 0.538093 0.734824
vt 0.534039 0.739500
vt 0.526005 0.742479
vt 0.005803 0.044562
vt 0.008090 0.063594
vt 0.002049 0.066725
vt 0.000403 0.045990
vt 0.535642 0.761673
vt 0.527138 0.764654
vt 0.330335 0.982067
vt 0.327989 0.986678
vt 0.308475 0.976293
vt 0.308449 0.968938
vt 0.018143 0.057259
vt 0.012709 0.043064
vt 0.011449 0.078445
vt 0.003381 0.083218
vt 0.022324 0.069678
vt 0.030606 0.046835
vt 0.034732 0.058804
vt 0.023717 0.034957
vt 0.033117 0.016131
vt 0.041364 0.034124
vt 0.047215 0.047074
vt 0.056671 0.028302
vt 0.059146 0.019101
vt 0.062162 0.036461
vt 0.322867 0.966756
vt 0.307105 0.959953
vt 0.302122 0.945678
vt 0.317495 0.946964
vt 0.067865 0.009469
vt 0.046238 0.006170
vt 0.082273 0.016319
vt 0.081180 0.022570
vt 0.097951 0.012214
vt 0.082162 0.003590
vt 0.124576 0.009834
vt 0.057500 0.000403
vt 0.281758 0.917211
vt 0.290166 0.921432
vt 0.289220 0.936059
vt 0.282067 0.933925
vt 0.291471 0.903024
vt 0.283608 0.898361
vt 0.124611 0.015550
vt 0.128309 0.012516
vt 0.130168 0.028414
vt 0.122578 0.019188
vt 0.277029 0.896004
vt 0.280491 0.881363
vt 0.287138 0.884296
vt 0.274691 0.914832
vt 0.130112 0.033739
vt 0.126576 0.025340
vt 0.131401 0.030754
vt 0.131958 0.037140
vt 0.132355 0.044203
vt 0.129815 0.038140
vt 0.127508 0.032668
vt 0.123625 0.023408
vt 0.122028 0.025175
vt 0.124474 0.033439
vt 0.117595 0.028033
vt 0.128117 0.040163
vt 0.121889 0.035476
vt 0.117009 0.033238
vt 0.124185 0.039751
vt 0.128842 0.047022
vt 0.123211 0.045561
vt 0.124696 0.052051
vt 0.131599 0.052904
vt 0.135933 0.049613
vt 0.135805 0.043681
vt 0.290917 0.853862
vt 0.292845 0.857567
vt 0.284560 0.866838
vt 0.281653 0.866640
vt 0.138179 0.056528
vt 0.133882 0.062264
vt 0.282331 0.861906
vt 0.288899 0.852427
vt 0.296430 0.843522
vt 0.300071 0.845214
vt 0.280440 0.860184
vt 0.285465 0.853052
vt 0.287806 0.840895
vt 0.277455 0.856020
vt 0.274041 0.863576
vt 0.135273 0.096456
vt 0.127385 0.091945
vt 0.131410 0.083062
vt 0.136738 0.085376
vt 0.121409 0.105148
vt 0.129843 0.111080
vt 0.139716 0.102091
vt 0.138932 0.114662
vt 0.120302 0.124226
vt 0.111758 0.118477
vt 0.125848 0.128148
vt 0.110690 0.142131
vt 0.106020 0.138136
vt 0.099788 0.132954
vt 0.093243 0.152210
vt 0.087216 0.147826
vt 0.098583 0.155279
vt 0.082646 0.163573
vt 0.075270 0.160430
vt 0.091040 0.166688
vt 0.074414 0.171393
vt 0.080860 0.172760
vt 0.077125 0.178671
vt 0.072039 0.179247
vt 0.065671 0.182766
vt 0.066835 0.173519
vt 0.059719 0.171921
vt 0.068124 0.156631
vt 0.057325 0.185993
vt 0.067707 0.188254
vt 0.060173 0.194372
vt 0.073587 0.184059
vt 0.050535 0.200695
vt 0.047573 0.186387
vt 0.038791 0.207164
vt 0.037436 0.185243
vt 0.051251 0.168455
vt 0.041689 0.164668
vt 0.051613 0.146207
vt 0.060240 0.152002
vt 0.071398 0.136694
vt 0.062965 0.129914
vt 0.079503 0.142599
vt 0.082932 0.121044
vt 0.091266 0.127080
vt 0.094594 0.105915
vt 0.102813 0.112048
vt 0.074382 0.114346
vt 0.085835 0.099219
vt 0.065461 0.105696
vt 0.076744 0.091062
vt 0.054394 0.121015
vt 0.086830 0.077039
vt 0.095388 0.084617
vt 0.104177 0.091614
vt 0.097464 0.064400
vt 0.103417 0.071860
vt 0.110893 0.079036
vt 0.108215 0.058056
vt 0.108969 0.064145
vt 0.115414 0.067852
vt 0.080286 0.069196
vt 0.093199 0.057761
vt 0.106723 0.052781
vt 0.118304 0.060466
vt 0.118035 0.054693
vt 0.116693 0.048282
vt 0.103852 0.047044
vt 0.089886 0.051713
vt 0.102449 0.041291
vt 0.115118 0.043296
vt 0.086407 0.044816
vt 0.084703 0.037116
vt 0.101476 0.035353
vt 0.115840 0.037970
vt 0.102039 0.029427
vt 0.104399 0.025046
vt 0.083289 0.029618
vt 0.066502 0.045088
vt 0.052393 0.056897
vt 0.071179 0.053831
vt 0.057568 0.065979
vt 0.075304 0.061626
vt 0.062631 0.074101
vt 0.050211 0.087605
vt 0.044655 0.078876
vt 0.039269 0.069679
vt 0.032398 0.092822
vt 0.027044 0.082150
vt 0.038117 0.102786
vt 0.057123 0.096199
vt 0.045657 0.111945
vt 0.068922 0.082548
vt 0.043500 0.137419
vt 0.034161 0.128059
vt 0.026966 0.117861
vt 0.033523 0.155929
vt 0.024586 0.144749
vt 0.555916 0.863660
vt 0.534669 0.874933
vt 0.533665 0.860907
vt 0.551721 0.849036
vt 0.558778 0.875991
vt 0.540361 0.885287
vt 0.546862 0.833554
vt 0.530698 0.844834
vt 0.016171 0.132088
vt 0.529274 0.825487
vt 0.542372 0.818505
vt 0.020130 0.108045
vt 0.009185 0.118953
vt 0.014778 0.095038
vt 0.004061 0.102010
vt 0.531224 0.803869
vt 0.539274 0.799603
vt 0.530203 0.782316
vt 0.537781 0.779129
vt 0.518948 0.785622
vt 0.515616 0.767507
vt 0.521386 0.805419
vt 0.514352 0.746722
vt 0.505316 0.789158
vt 0.502611 0.770501
vt 0.500125 0.750666
vt 0.488285 0.773796
vt 0.483823 0.755907
vt 0.478294 0.737881
vt 0.472384 0.721546
vt 0.461573 0.745505
vt 0.454484 0.730292
vt 0.468136 0.761667
vt 0.446658 0.755866
vt 0.439115 0.742514
vt 0.430154 0.732978
vt 0.421008 0.724251
vt 0.417205 0.752570
vt 0.408597 0.745213
vt 0.425500 0.760452
vt 0.412193 0.784313
vt 0.404517 0.775516
vt 0.398409 0.766347
vt 0.401195 0.734840
vt 0.409170 0.717416
vt 0.075592 0.364710
vt 0.100038 0.376572
vt 0.085290 0.389866
vt 0.056372 0.360358
vt 0.021152 0.330039
vt 0.038037 0.334845
vt 0.037857 0.354220
vt 0.059273 0.343447
vt 0.084233 0.360585
vt 0.103888 0.364576
vt 0.078262 0.348917
vt 0.054606 0.329453
vt 0.077486 0.338652
vt 0.034144 0.319080
vt 0.034172 0.307072
vt 0.055401 0.317683
vt 0.076682 0.326559
vt 0.100196 0.353692
vt 0.098219 0.342129
vt 0.097098 0.329851
vt 0.056234 0.304456
vt 0.078060 0.313461
vt 0.098763 0.319411
vt 0.115471 0.322834
vt 0.110088 0.330329
vt 0.116209 0.337957
vt 0.124043 0.349174
vt 0.132256 0.360166
vt 0.399591 0.704196
vt 0.127213 0.373502
vt 0.104557 0.306415
vt 0.112757 0.291844
vt 0.090105 0.284464
vt 0.082207 0.298912
vt 0.060418 0.288444
vt 0.069034 0.272085
vt 0.121620 0.278005
vt 0.041996 0.275643
vt 0.034880 0.246948
vt 0.025655 0.266663
vt 0.035526 0.293727
vt 0.019159 0.284797
vt 0.011166 0.258256
vt 0.021457 0.234456
vt 0.004291 0.277227
vt 0.466726 0.878020
vt 0.434344 0.867311
vt 0.454450 0.855278
vt 0.478183 0.861576
vt 0.413403 0.856770
vt 0.435754 0.845582
vt 0.406282 0.843393
vt 0.427917 0.834222
vt 0.016655 0.299113
vt 0.000403 0.291927
vt 0.445925 0.823725
vt 0.456121 0.833341
vt 0.472395 0.841391
vt 0.460364 0.814697
vt 0.470905 0.821444
vt 0.485753 0.825124
vt 0.493055 0.846584
vt 0.503285 0.828249
vt 0.518540 0.828012
vt 0.511914 0.846255
vt 0.507256 0.864796
vt 0.505750 0.806883
vt 0.491188 0.808848
vt 0.491091 0.791441
vt 0.476845 0.794004
vt 0.473598 0.778487
vt 0.477218 0.808361
vt 0.464585 0.798171
vt 0.459943 0.784936
vt 0.454003 0.770548
vt 0.440829 0.780593
vt 0.433299 0.768748
vt 0.446439 0.792855
vt 0.432687 0.790061
vt 0.423059 0.788574
vt 0.434148 0.800924
vt 0.420759 0.807911
vt 0.407128 0.809785
vt 0.020766 0.349490
vt 0.006287 0.327927
vt 0.001776 0.311058
vt 0.016391 0.313496
vt 0.405697 0.828745
vt 0.423673 0.822280
vt 0.437822 0.813438
vt 0.451989 0.804475
vt 0.468090 0.807438
vt 0.503752 0.880290
vt 0.513276 0.892434
vt 0.034083 0.224380
vt 0.022122 0.209853
vt 0.108574 0.021055
vt 0.127161 0.058884
vt 0.130998 0.073811
vt 0.124882 0.065958
vt 0.122486 0.074644
vt 0.119004 0.085532
vt 0.112512 0.098036
vt 0.075469 0.180410
vt 0.075951 0.183726
vt 0.076895 0.181396
vt 0.078387 0.182411
vt 0.128291 0.129990
vt 0.143240 0.116839
vt 0.270060 0.865367
vt 0.273697 0.858568
vt 0.270472 0.865087
vt 0.270485 0.866772
vt 0.268516 0.866043
vt 0.269602 0.863966
vt 0.276876 0.857157
vt 0.267767 0.867984
vt 0.268911 0.866969
vt 0.268192 0.869015
vt 0.267227 0.870754
vt 0.269390 0.868380
vt 0.271929 0.868026
vt 0.268396 0.872987
vt 0.266682 0.882024
vt 0.274496 0.870284
vt 0.271414 0.879912
vt 0.276218 0.865856
vt 0.267620 0.894473
vt 0.264445 0.894134
vt 0.274756 0.883168
vt 0.272293 0.895163
vt 0.134458 0.032599
vt 0.270374 0.913539
vt 0.266699 0.912547
vt 0.266488 0.930809
vt 0.271695 0.932443
vt 0.275809 0.932783
vt 0.281972 0.947396
vt 0.287235 0.950722
vt 0.277440 0.945380
vt 0.553117 0.694426
vt 0.546277 0.700366
vt 0.549403 0.695607
vt 0.554601 0.690639
vt 0.551153 0.692572
vt 0.556213 0.687687
vt 0.273124 0.943409
vt 0.554505 0.688372
vt 0.558778 0.684597
vt 0.546759 0.696163
vt 0.549249 0.692453
vt 0.552143 0.687899
vt 0.562876 0.669591
vt 0.563643 0.659134
vt 0.568520 0.661484
vt 0.566467 0.671473
vt 0.564478 0.650897
vt 0.570105 0.655103
vt 0.571933 0.650430
vt 0.569452 0.644607
vt 0.565472 0.643683
vt 0.561771 0.646944
vt 0.573939 0.656277
vt 0.575423 0.651570
vt 0.571331 0.663216
vt 0.578764 0.650969
vt 0.578164 0.657197
vt 0.574482 0.663471
vt 0.576176 0.647480
vt 0.574446 0.647008
vt 0.578063 0.647828
vt 0.583832 0.646873
vt 0.582767 0.656300
vt 0.579520 0.646428
vt 0.577053 0.644870
vt 0.578277 0.639021
vt 0.573728 0.644884
vt 0.387427 0.650291
vt 0.380456 0.647901
vt 0.385915 0.641933
vt 0.390104 0.643179
vt 0.571711 0.638951
vt 0.386688 0.655203
vt 0.377615 0.651182
vt 0.563931 0.641083
vt 0.570026 0.637243
vt 0.561505 0.640827
vt 0.559585 0.642786
vt 0.561042 0.636288
vt 0.562133 0.637033
vt 0.568018 0.635958
vt 0.545227 0.689864
vt 0.541496 0.689235
vt 0.546400 0.684998
vt 0.547520 0.690593
vt 0.542290 0.685196
vt 0.537971 0.690197
vt 0.540873 0.685527
vt 0.541198 0.693761
vt 0.538854 0.703110
vt 0.543420 0.692867
vt 0.542498 0.694896
vt 0.541517 0.697545
vt 0.544277 0.693835
vt 0.540553 0.704222
vt 0.542780 0.706963
vt 0.541647 0.700543
vt 0.543771 0.696490
vt 0.544571 0.698902
vt 0.542496 0.703500
vt 0.546614 0.694625
vt 0.294946 0.956352
vt 0.294800 0.965421
vt 0.290178 0.964024
vt 0.385009 0.659122
vt 0.375504 0.661287
vt 0.374872 0.657386
vt 0.386355 0.658462
vt 0.381578 0.661653
vt 0.376601 0.661871
vt 0.383848 0.664539
vt 0.382991 0.663651
vt 0.380086 0.663035
vt 0.379707 0.663101
vt 0.380917 0.662736
vt 0.379150 0.664473
vt 0.381687 0.662736
vt 0.381271 0.663190
vt 0.381450 0.663646
vt 0.379814 0.667218
vt 0.378850 0.663331
vt 0.378543 0.662837
vt 0.379873 0.668770
vt 0.377578 0.672674
vt 0.381751 0.670178
vt 0.390104 0.675006
vt 0.382028 0.669922
vt 0.381819 0.672610
vt 0.527988 0.683145
vt 0.519293 0.682550
vt 0.204187 0.960410
vt 0.196208 0.968375
vt 0.198344 0.964364
vt 0.199334 0.955109
vt 0.241336 0.271736
vt 0.245177 0.269405
vt 0.359598 0.662704
vt 0.360056 0.656925
vt 0.206207 0.957283
vt 0.204753 0.960934
vt 0.202987 0.962365
vt 0.197878 0.950426
vt 0.203237 0.954658
vt 0.206380 0.954232
vt 0.208008 0.957991
vt 0.205211 0.961256
vt 0.209796 0.955948
vt 0.208147 0.949448
vt 0.212502 0.953237
vt 0.207828 0.958554
vt 0.210854 0.955671
vt 0.216488 0.957340
vt 0.214186 0.940267
vt 0.223761 0.942957
vt 0.588710 0.673887
vt 0.590211 0.662820
vt 0.596436 0.664534
vt 0.595859 0.673656
vt 0.587120 0.655581
vt 0.590160 0.656487
vt 0.585318 0.663679
vt 0.582279 0.673626
vt 0.580163 0.663965
vt 0.576648 0.673325
vt 0.375748 0.640373
vt 0.380611 0.642759
vt 0.372223 0.645232
vt 0.588017 0.650809
vt 0.239181 0.940894
vt 0.233017 0.941914
vt 0.239414 0.926991
vt 0.245450 0.926883
vt 0.244355 0.939913
vt 0.250541 0.927115
vt 0.242244 0.908806
vt 0.248255 0.909468
vt 0.252865 0.909791
vt 0.248808 0.938869
vt 0.254903 0.928644
vt 0.256887 0.910793
vt 0.260238 0.910734
vt 0.258889 0.929629
vt 0.262511 0.931144
vt 0.263313 0.912225
vt 0.568591 0.672713
vt 0.562100 0.685462
vt 0.561237 0.683616
vt 0.559585 0.683167
vt 0.571504 0.672756
vt 0.250957 0.939968
vt 0.229598 0.926948
vt 0.232942 0.908327
vt 0.243604 0.889996
vt 0.233108 0.889424
vt 0.216974 0.925793
vt 0.220839 0.908119
vt 0.220737 0.889175
vt 0.201354 0.926169
vt 0.205327 0.908322
vt 0.206644 0.888813
vt 0.197229 0.943857
vt 0.230639 0.249204
vt 0.220128 0.240420
vt 0.183773 0.926324
vt 0.177102 0.942001
vt 0.210241 0.232440
vt 0.220449 0.219627
vt 0.229722 0.227199
vt 0.188019 0.908064
vt 0.238595 0.214013
vt 0.230531 0.206507
vt 0.223558 0.199370
vt 0.212241 0.212527
vt 0.201473 0.225348
vt 0.192710 0.218605
vt 0.205062 0.205683
vt 0.216349 0.192984
vt 0.185202 0.211302
vt 0.197387 0.199227
vt 0.177600 0.204043
vt 0.190131 0.192945
vt 0.209154 0.186980
vt 0.202122 0.182089
vt 0.182294 0.185231
vt 0.195336 0.176283
vt 0.168881 0.196252
vt 0.159615 0.187133
vt 0.173414 0.177432
vt 0.187162 0.168994
vt 0.206437 0.166337
vt 0.213129 0.170369
vt 0.200179 0.161344
vt 0.206894 0.154018
vt 0.212610 0.156648
vt 0.219183 0.159496
vt 0.219772 0.174783
vt 0.225596 0.163887
vt 0.219349 0.148605
vt 0.226192 0.152101
vt 0.212574 0.146898
vt 0.232635 0.168852
vt 0.226838 0.180214
vt 0.200043 0.829219
vt 0.193451 0.838509
vt 0.177102 0.840356
vt 0.179458 0.826440
vt 0.225159 0.826963
vt 0.217420 0.832017
vt 0.207649 0.823730
vt 0.208609 0.837782
vt 0.217933 0.842952
vt 0.226626 0.840059
vt 0.232533 0.837037
vt 0.230821 0.823835
vt 0.215012 0.140331
vt 0.207263 0.138039
vt 0.238778 0.821417
vt 0.204873 0.145568
vt 0.199318 0.137428
vt 0.196538 0.145540
vt 0.190210 0.137693
vt 0.200455 0.152064
vt 0.192361 0.155771
vt 0.185066 0.148160
vt 0.178766 0.160827
vt 0.170946 0.152343
vt 0.165209 0.168700
vt 0.156686 0.160125
vt 0.178197 0.140500
vt 0.163730 0.144620
vt 0.149454 0.152358
vt 0.149861 0.177911
vt 0.141345 0.170061
vt 0.134084 0.162781
vt 0.119205 0.174678
vt 0.126765 0.182106
vt 0.135281 0.189935
vt 0.145233 0.198884
vt 0.120489 0.202143
vt 0.112698 0.193778
vt 0.246906 0.824668
vt 0.240409 0.849259
vt 0.233459 0.850471
vt 0.238339 0.861556
vt 0.225908 0.851665
vt 0.230050 0.862089
vt 0.220302 0.862367
vt 0.215988 0.854283
vt 0.210137 0.847254
vt 0.206816 0.859287
vt 0.199754 0.853521
vt 0.212439 0.863810
vt 0.203990 0.843557
vt 0.194406 0.847293
vt 0.198789 0.870075
vt 0.187953 0.865009
vt 0.180577 0.854324
vt 0.233987 0.186748
vt 0.239885 0.174274
vt 0.246754 0.179917
vt 0.240915 0.193691
vt 0.192342 0.887730
vt 0.181030 0.880058
vt 0.209820 0.872571
vt 0.247800 0.200439
vt 0.221200 0.873690
vt 0.232575 0.874144
vt 0.242042 0.874508
vt 0.370543 0.649691
vt 0.362712 0.647868
vt 0.364571 0.642642
vt 0.368948 0.652772
vt 0.362357 0.653100
vt 0.358425 0.650164
vt 0.336653 0.362969
vt 0.335657 0.367644
vt 0.335657 0.364296
vt 0.337019 0.364596
vt 0.333491 0.367659
vt 0.334484 0.362969
vt 0.334850 0.364597
vt 0.333491 0.364305
s 1
f 1857/2053/1857 1858/2054/1858 2418/2055/1859 1860/2056/1860
f 1857/2053/1857 1859/2057/1861 2299/2058/1862 1858/2054/1858
f 1859/2057/1861 1857/2053/1857 1861/2059/1863 1865/2060/1864
f 1860/2056/1860 1862/2061/1865 1861/2059/1863 1857/2053/1857
f 2538/2062/1866 1863/2063/1867 1861/2059/1863 1862/2061/1865
f 2511/2064/1868 1864/2065/1869 1861/2059/1863 1863/2063/1867
f 1861/2059/1863 1864/2065/1869 1867/2066/1870 1865/2060/1864
f 1867/2066/1870 1868/2067/1871 1866/2068/1872 1865/2060/1864
f 1866/2068/1872 2291/2069/1873 1859/2057/1861 1865/2060/1864
f 1864/2065/1869 1870/2070/1874 1869/2071/1875 1867/2066/1870
f 1867/2066/1870 1869/2071/1875 1872/2072/1876 1868/2067/1871
f 1869/2071/1875 1870/2070/1874 2479/2073/1877 1871/2074/1878
f 1871/2074/1878 1873/2075/1879 1872/2072/1876 1869/2071/1875
f 1872/2076/1876 1873/2077/1879 1875/2078/1880 1874/2079/1881
f 1876/2080/1882 1868/2067/1871 1872/2072/1876 1874/2081/1881
f 1877/2082/1883 1874/2079/1881 1875/2078/1880 1879/2083/1884
f 1878/2084/1885 1876/2080/1882 1874/2081/1881 1877/2085/1883
f 1881/2086/1886 1878/2087/1885 1877/2082/1883 1880/2088/1887
f 1882/2089/1888 1880/2088/1887 1877/2082/1883 1879/2083/1884
f 1881/2086/1886 1880/2088/1887 1883/2090/1889 1885/2091/1890
f 1883/2090/1889 1880/2088/1887 1882/2089/1888 1884/2092/1891
f 1887/2093/1892 1886/2094/1893 1883/2090/1889 1884/2092/1891
f 1889/2095/1894 1885/2091/1890 1883/2090/1889 1886/2094/1893
f 1900/2096/1895 1888/2097/1896 1886/2094/1893 1887/2093/1892
f 1891/2098/1897 1889/2095/1894 1886/2094/1893 1888/2097/1896
f 1890/2099/1898 2284/2100/1899 1885/2091/1890 1889/2095/1894
f 1890/2099/1898 1889/2095/1894 1891/2098/1897 1892/2101/1900
f 1892/2101/1900 1891/2098/1897 1893/2102/1901
f 1895/2103/1902 1893/2102/1901 1891/2098/1897 1894/2104/1903
f 1894/2104/1903 1891/2098/1897 1888/2097/1896 1897/2105/1904
f 1895/2103/1902 1894/2104/1903 1896/2106/1905 2283/2107/1906
f 1897/2105/1904 1898/2108/1907 1896/2106/1905 1894/2104/1903
f 1898/2108/1907 1897/2105/1904 1899/2109/1908 1902/2110/1909
f 1899/2109/1908 1897/2105/1904 1888/2097/1896 1900/2096/1895
f 2505/2111/1910 1901/2112/1911 1899/2109/1908 1900/2096/1895
f 1903/2113/1912 1902/2110/1909 1899/2109/1908 1901/2112/1911
f 1905/2114/1913 1898/2108/1907 1902/2110/1909 1904/2115/1914
f 1907/2116/1915 1904/2115/1914 1902/2110/1909 1903/2113/1912
f 1906/2117/1916 2280/2118/1917 1905/2114/1913 1904/2115/1914
f 1906/2117/1916 1904/2115/1914 1907/2116/1915 1908/2119/1918
f 1907/2116/1915 1909/2120/1919 1910/2121/1920 1908/2119/1918
f 1903/2113/1912 1911/2122/1921 1909/2120/1919 1907/2116/1915
f 1912/2123/1922 1913/2124/1923 1910/2121/1920 1909/2120/1919
f 1916/2125/1924 1912/2123/1922 1909/2120/1919 1911/2122/1921
f 1913/2124/1923 1912/2123/1922 1914/2126/1925 2264/2127/1926
f 1915/2128/1927 2204/2129/1928 1914/2126/1925 1912/2123/1922
f 1915/2128/1927 1912/2123/1922 1916/2125/1924 1918/2130/1929
f 2506/2131/1930 1917/2132/1931 1916/2125/1924 1911/2122/1921
f 1919/2133/1932 1918/2130/1929 1916/2125/1924 1917/2132/1931
f 1923/2134/1933 1920/2135/1934 1918/2130/1929 1919/2133/1932
f 1921/2136/1935 1915/2128/1927 1918/2130/1929 1920/2135/1934
f 1920/2135/1934 1922/2137/1936 2202/2138/1937 1921/2136/1935
f 1922/2137/1936 1920/2135/1934 1923/2134/1933 1925/2139/1938
f 2502/2140/1939 1924/2141/1940 1923/2134/1933 1919/2133/1932
f 1927/2142/1941 1925/2139/1938 1923/2134/1933 1924/2141/1940
f 1925/2139/1938 1926/2143/1942 2267/2144/1943 1922/2137/1936
f 1926/2143/1942 1925/2139/1938 1927/2142/1941 1929/2145/1944
f 2503/2146/1945 1928/2147/1946 1927/2142/1941 1924/2141/1940
f 1930/2148/1947 1929/2145/1944 1927/2142/1941 1928/2147/1946
f 1933/2149/1948 1931/2150/1949 1929/2145/1944 1930/2148/1947
f 1932/2151/1950 1926/2143/1942 1929/2145/1944 1931/2150/1949
f 1935/2152/1951 1932/2151/1950 1931/2150/1949 1934/2153/1952
f 1936/2154/1953 1934/2153/1952 1931/2150/1949 1933/2149/1948
f 1938/2155/1954 1935/2152/1951 1934/2153/1952 1937/2156/1955
f 1939/2157/1956 1937/2156/1955 1934/2153/1952 1936/2154/1953
f 1943/2158/1957 1938/2155/1954 1937/2156/1955 1940/2159/1958
f 1941/2160/1959 1940/2159/1958 1937/2156/1955 1939/2157/1956
f 2439/2161/1960 1942/2162/1961 1940/2159/1958 1941/2160/1959
f 1944/2163/1962 1943/2158/1957 1940/2159/1958 1942/2162/1961
f 1944/2164/1962 1946/2165/1963 1945/2166/1964 1943/2167/1957
f 1943/2167/1957 1945/2166/1964 1948/2168/1965 1938/2169/1954
f 1972/2170/1966 1947/2171/1967 1945/2166/1964 1946/2165/1963
f 1947/2171/1967 1949/2172/1968 1948/2168/1965 1945/2166/1964
f 1949/2173/1968 1952/2174/1969 1950/2175/1970 1948/2176/1965
f 1938/2155/1954 1948/2176/1965 1950/2175/1970 1935/2152/1951
f 1952/2174/1969 1953/2177/1971 1951/2178/1972 1950/2175/1970
f 1935/2152/1951 1950/2175/1970 1951/2178/1972 1932/2151/1950
f 1952/2174/1969 1954/2179/1973 1955/2180/1974 1953/2177/1971
f 1949/2173/1968 1957/2181/1975 1954/2179/1973 1952/2174/1969
f 1956/2182/1976 2196/2183/1977 1955/2180/1974 1954/2179/1973
f 1959/2184/1978 1956/2182/1976 1954/2179/1973 1957/2181/1975
f 1947/2171/1967 1958/2185/1979 1957/2186/1975 1949/2172/1968
f 1961/2187/1980 1959/2188/1978 1957/2186/1975 1958/2185/1979
f 1959/2184/1978 1960/2189/1981 2190/2190/1982 1956/2182/1976
f 1960/2189/1981 1959/2184/1978 1961/2191/1980 1962/2192/1983
f 1964/2193/1984 1962/2194/1983 1961/2187/1980 1963/2195/1985
f 1965/2196/1986 1963/2195/1985 1961/2187/1980 1958/2185/1979
f 1968/2197/1987 1964/2193/1984 1963/2195/1985 1966/2198/1988
f 1969/2199/1989 1966/2198/1988 1963/2195/1985 1965/2196/1986
f 2164/2200/1990 1968/2197/1987 1966/2198/1988 1967/2201/1991
f 1970/2202/1992 1967/2201/1991 1966/2198/1988 1969/2199/1989
f 1969/2199/1989 1965/2196/1986 1972/2170/1966 1971/2203/1993
f 1970/2202/1992 1969/2199/1989 1971/2203/1993 1974/2204/1994
f 1973/2205/1995 1971/2203/1993 1972/2170/1966 1946/2165/1963
f 1975/2206/1996 1974/2204/1994 1971/2203/1993 1973/2205/1995
f 1974/2204/1994 1976/2207/1997 1977/2208/1998 1970/2202/1992
f 1979/2209/1999 1976/2207/1997 1974/2204/1994 1975/2206/1996
f 1976/2207/1997 1978/2210/2000 2158/2211/2001 1977/2208/1998
f 1980/2212/2002 1978/2210/2000 1976/2207/1997 1979/2209/1999
f 1980/2212/2002 1979/2209/1999 1981/2213/2003 1984/2214/2004
f 1975/2206/1996 1982/2215/2005 1981/2213/2003 1979/2209/1999
f 1981/2213/2003 1982/2215/2005 2386/2216/2006 1983/2217/2007
f 1983/2217/2007 1985/2218/2008 1984/2214/2004 1981/2213/2003
f 1985/2218/2008 1989/2219/2009 1986/2220/2010 1984/2214/2004
f 1986/2220/2010 1988/2221/2011 1980/2212/2002 1984/2214/2004
f 1989/2222/2009 1991/2223/2012 1987/2224/2013 1986/2225/2010
f 1987/2226/2013 2152/2227/2014 1988/2221/2011 1986/2220/2010
f 1990/2228/2015 1989/2229/2009 1985/2230/2008 2363/2231/2016
f 1993/2232/2017 1991/2223/2012 1989/2222/2009 1990/2233/2015
f 1991/2223/2012 1992/2234/2018 2149/2235/2019 1987/2224/2013
f 1994/2236/2020 1992/2234/2018 1991/2223/2012 1993/2232/2017
f 1995/2237/2021 1997/2238/2022 1994/2236/2020 1993/2232/2017
f 1993/2232/2017 1990/2233/2015 1996/2239/2023 1995/2237/2021
f 2001/2240/2024 1998/2241/2025 1995/2237/2021 1996/2239/2023
f 2000/2242/2026 1997/2238/2022 1995/2237/2021 1998/2241/2025
f 1999/2243/2027 1998/2241/2025 2001/2240/2024 2003/2244/2028
f 2000/2242/2026 1998/2241/2025 1999/2243/2027 2118/2245/2029
f 1996/2246/2023 2365/2247/2030 2002/2248/2031 2001/2249/2024
f 2005/2250/2032 2003/2244/2028 2001/2240/2024 2002/2251/2031
f 1999/2243/2027 2003/2244/2028 2004/2252/2033 2117/2253/2034
f 2004/2252/2033 2003/2244/2028 2005/2250/2032 2006/2254/2035
f 2006/2254/2035 2005/2250/2032 2007/2255/2036 2010/2256/2037
f 2007/2255/2036 2005/2250/2032 2002/2251/2031 2008/2257/2038
f 2009/2258/2039 2007/2259/2036 2008/2260/2038 2313/2261/2040
f 2010/2262/2037 2007/2259/2036 2009/2258/2039 2012/2263/2041
f 2011/2264/2042 2010/2256/2037 2012/2265/2041 2014/2266/2043
f 2006/2254/2035 2010/2256/2037 2011/2264/2042 2270/2267/2044
f 2012/2263/2041 2013/2268/2045 2015/2269/2046 2014/2270/2043
f 2311/2271/2047 2013/2268/2045 2012/2263/2041 2009/2258/2039
f 2014/2266/2043 2016/2272/2048 2019/2273/2049 2011/2264/2042
f 2014/2266/2043 2015/2274/2046 2017/2275/2050 2016/2272/2048
f 2016/2272/2048 2017/2275/2050 2031/2276/2051 2018/2277/2052
f 2016/2272/2048 2018/2277/2052 2021/2278/2053 2019/2273/2049
f 2019/2273/2049 2020/2279/2054 2270/2267/2044 2011/2264/2042
f 2022/2280/2055 2020/2279/2054 2019/2273/2049 2021/2278/2053
f 2023/2281/2056 2024/2282/2057 2022/2280/2055 2021/2278/2053
f 2021/2278/2053 2018/2277/2052 2026/2283/2058 2023/2281/2056
f 2023/2281/2056 2025/2284/2059 2112/2285/2060 2024/2282/2057
f 2027/2286/2061 2025/2284/2059 2023/2281/2056 2026/2283/2058
f 2028/2287/2062 2030/2288/2063 2027/2286/2061 2026/2283/2058
f 2031/2276/2051 2028/2287/2062 2026/2283/2058 2018/2277/2052
f 2271/2289/2064 2030/2288/2063 2028/2287/2062 2029/2290/2065
f 2031/2276/2051 2032/2291/2066 2029/2290/2065 2028/2287/2062
f 2031/2276/2051 2017/2275/2050 2033/2292/2067 2032/2291/2066
f 2034/2293/2068 2032/2294/2066 2033/2295/2067 2035/2296/2069
f 2029/2290/2065 2032/2291/2066 2034/2297/2068 2036/2298/2070
f 2038/2299/2071 2037/2300/2072 2034/2293/2068 2035/2296/2069
f 2039/2301/2073 2036/2302/2070 2034/2293/2068 2037/2300/2072
f 2041/2303/2074 2040/2304/2075 2037/2300/2072 2038/2299/2071
f 2037/2300/2072 2040/2304/2075 2042/2305/2076 2039/2301/2073
f 2043/2306/2077 2040/2304/2075 2041/2303/2074 2045/2307/2078
f 2043/2308/2077 2044/2309/2079 2042/2310/2076 2040/2311/2075
f 2047/2312/2080 2044/2309/2079 2043/2308/2077 2046/2313/2081
f 2046/2313/2081 2043/2308/2077 2045/2314/2078 2048/2315/2082
f 2047/2312/2080 2046/2313/2081 2049/2316/2083 2051/2317/2084
f 2049/2316/2083 2046/2313/2081 2048/2315/2082 2050/2318/2085
f 2054/2319/2086 2052/2320/2087 2049/2316/2083 2050/2318/2085
f 2053/2321/2088 2051/2317/2084 2049/2316/2083 2052/2320/2087
f 2053/2321/2088 2052/2320/2087 2055/2322/2089 2056/2323/2090
f 2055/2322/2089 2052/2320/2087 2054/2319/2086 2058/2324/2091
f 2056/2323/2090 2055/2322/2089 2057/2325/2092 2065/2326/2093
f 2057/2325/2092 2055/2322/2089 2058/2324/2091 2059/2327/2094
f 1892/2101/1900 2059/2327/2094 2058/2324/2091 1890/2099/1898
f 2058/2324/2091 2054/2319/2086 2284/2100/1899 1890/2099/1898
f 2062/2328/2095 2057/2325/2092 2059/2327/2094 2060/2329/2096
f 2060/2329/2096 2059/2327/2094 1893/2102/1901 1895/2103/1902
f 1893/2102/1901 2059/2327/2094 1892/2101/1900
f 2060/2329/2096 2061/2330/2097 2063/2331/2098 2062/2328/2095
f 2283/2107/1906 2061/2330/2097 2060/2329/2096 1895/2103/1902
f 2067/2332/2099 2064/2333/2100 2062/2328/2095 2063/2331/2098
f 2065/2326/2093 2057/2325/2092 2062/2328/2095 2064/2333/2100
f 2065/2326/2093 2064/2333/2100 2066/2334/2101 2081/2335/2102
f 2066/2334/2101 2064/2333/2100 2067/2332/2099 2068/2336/2103
f 2068/2336/2103 2067/2332/2099 2069/2337/2104 2071/2338/2105
f 2069/2337/2104 2067/2332/2099 2063/2331/2098 2070/2339/2106
f 2069/2337/2104 2070/2339/2106 2280/2118/1917 1906/2117/1916
f 1908/2119/1918 2071/2338/2105 2069/2337/2104 1906/2117/1916
f 2071/2338/2105 2072/2340/2107 2074/2341/2108 2068/2336/2103
f 1908/2119/1918 1910/2121/1920 2072/2340/2107 2071/2338/2105
f 2074/2341/2108 2072/2340/2107 2073/2342/2109 2075/2343/2110
f 2072/2340/2107 1910/2121/1920 1913/2124/1923 2073/2342/2109
f 2076/2344/2111 2066/2334/2101 2068/2336/2103 2074/2341/2108
f 2074/2341/2108 2075/2343/2110 2077/2345/2112 2076/2344/2111
f 2080/2346/2113 2078/2347/2114 2076/2344/2111 2077/2345/2112
f 2081/2335/2102 2066/2334/2101 2076/2344/2111 2078/2347/2114
f 2079/2348/2115 2078/2347/2114 2080/2346/2113 2089/2349/2116
f 2081/2335/2102 2078/2347/2114 2079/2348/2115 2082/2350/2117
f 2081/2335/2102 2082/2350/2117 2056/2323/2090 2065/2326/2093
f 2079/2348/2115 2085/2351/2118 2083/2352/2119 2082/2350/2117
f 2056/2323/2090 2082/2350/2117 2083/2352/2119 2053/2321/2088
f 2083/2352/2119 2085/2351/2118 2086/2353/2120 2084/2354/2121
f 2084/2354/2121 2051/2317/2084 2053/2321/2088 2083/2352/2119
f 2085/2351/2118 2087/2355/2122 2090/2356/2123 2086/2353/2120
f 2089/2349/2116 2087/2355/2122 2085/2351/2118 2079/2348/2115
f 2090/2356/2123 2087/2355/2122 2088/2357/2124 2091/2358/2125
f 2089/2349/2116 2134/2359/2126 2088/2357/2124 2087/2355/2122
f 2091/2358/2125 2093/2360/2127 2092/2361/2128 2090/2356/2123
f 2090/2356/2123 2092/2361/2128 2094/2362/2129 2086/2353/2120
f 2092/2361/2128 2093/2360/2127 2098/2363/2130 2095/2364/2131
f 2094/2362/2129 2092/2361/2128 2095/2364/2131 2097/2365/2132
f 2100/2366/2133 2096/2367/2134 2095/2364/2131 2098/2363/2130
f 2095/2364/2131 2096/2367/2134 2276/2368/2135 2097/2365/2132
f 2098/2363/2130 2093/2360/2127 2268/2369/2136 2099/2370/2137
f 2099/2370/2137 2102/2371/2138 2100/2366/2133 2098/2363/2130
f 2276/2368/2135 2096/2367/2134 2100/2366/2133 2101/2372/2139
f 2102/2371/2138 2103/2373/2140 2101/2372/2139 2100/2366/2133
f 2105/2374/2141 2103/2373/2140 2102/2371/2138 2104/2375/2142
f 2104/2375/2142 2102/2371/2138 2099/2370/2137 2106/2376/2143
f 2107/2377/2144 2110/2378/2145 2105/2374/2141 2104/2375/2142
f 2104/2375/2142 2106/2376/2143 2108/2379/2146 2107/2377/2144
f 2116/2380/2147 2109/2381/2148 2107/2377/2144 2108/2379/2146
f 2107/2377/2144 2109/2381/2148 2111/2382/2149 2110/2378/2145
f 2105/2374/2141 2110/2378/2145 2030/2288/2063 2271/2289/2064
f 2030/2288/2063 2110/2378/2145 2111/2382/2149 2027/2286/2061
f 2109/2381/2148 2113/2383/2150 2112/2285/2060 2111/2382/2149
f 2112/2285/2060 2025/2284/2059 2027/2286/2061 2111/2382/2149
f 2113/2383/2150 2114/2384/2151 2024/2282/2057 2112/2285/2060
f 2117/2253/2034 2114/2384/2151 2113/2383/2150 2115/2385/2152
f 2115/2385/2152 2113/2383/2150 2109/2381/2148 2116/2380/2147
f 2118/2245/2029 2115/2385/2152 2116/2380/2147 2119/2386/2153
f 2117/2253/2034 2115/2385/2152 2118/2245/2029 1999/2243/2027
f 2119/2386/2153 2120/2387/2154 2000/2242/2026 2118/2245/2029
f 2108/2379/2146 2121/2388/2155 2119/2386/2153 2116/2380/2147
f 2119/2386/2153 2121/2388/2155 2123/2389/2156 2120/2387/2154
f 2123/2389/2156 2121/2388/2155 2122/2390/2157 2124/2391/2158
f 2108/2379/2146 2106/2376/2143 2122/2390/2157 2121/2388/2155
f 2128/2392/2159 2125/2393/2160 2123/2389/2156 2124/2391/2158
f 2127/2394/2161 2120/2387/2154 2123/2389/2156 2125/2393/2160
f 2127/2394/2161 2125/2393/2160 2126/2395/2162 2146/2396/2163
f 2126/2395/2162 2125/2393/2160 2128/2392/2159 2129/2397/2164
f 2129/2397/2164 2128/2392/2159 2130/2398/2165 2132/2399/2166
f 2130/2398/2165 2128/2392/2159 2124/2391/2158 2131/2400/2167
f 2130/2398/2165 2131/2400/2167 2091/2358/2125 2088/2357/2124
f 2088/2357/2124 2134/2359/2126 2132/2399/2166 2130/2398/2165
f 2132/2399/2166 2134/2359/2126 2135/2401/2168 2133/2402/2169
f 2133/2402/2169 2143/2403/2170 2129/2397/2164 2132/2399/2166
f 2089/2349/2116 2080/2346/2113 2135/2401/2168 2134/2359/2126
f 2135/2401/2168 2080/2346/2113 2077/2345/2112 2136/2404/2171
f 2136/2404/2171 2138/2405/2172 2133/2402/2169 2135/2401/2168
f 2136/2406/2171 2137/2407/2173 2139/2408/2174 2138/2409/2172
f 2077/2410/2112 2075/2411/2110 2137/2407/2173 2136/2406/2171
f 2140/2412/2175 2138/2409/2172 2139/2408/2174 2141/2413/2176
f 2133/2402/2169 2138/2405/2172 2140/2414/2175 2143/2403/2170
f 2141/2413/2176 2229/2415/2177 2142/2416/2178 2140/2412/2175
f 2144/2417/2179 2143/2403/2170 2140/2414/2175 2142/2418/2178
f 2129/2397/2164 2143/2403/2170 2144/2417/2179 2126/2395/2162
f 2126/2395/2162 2144/2417/2179 2145/2419/2180 2146/2396/2163
f 2145/2419/2180 2144/2417/2179 2142/2418/2178 2147/2420/2181
f 2146/2396/2163 2145/2419/2180 1992/2234/2018 1994/2236/2020
f 1992/2234/2018 2145/2419/2180 2147/2420/2181 2149/2235/2019
f 2142/2416/2178 2229/2415/2177 2148/2421/2182 2147/2422/2181
f 2147/2422/2181 2148/2421/2182 2150/2423/2183 2149/2424/2019
f 2149/2424/2019 2150/2423/2183 2152/2227/2014 1987/2226/2013
f 2152/2227/2014 2150/2423/2183 2151/2425/2184 2153/2426/2185
f 2150/2423/2183 2148/2421/2182 2228/2427/2186 2151/2425/2184
f 1988/2221/2011 2152/2227/2014 2153/2426/2185 2155/2428/2187
f 2151/2425/2184 2232/2429/2188 2154/2430/2189 2153/2426/2185
f 2153/2426/2185 2154/2430/2189 2156/2431/2190 2155/2428/2187
f 2158/2211/2001 1978/2210/2000 2155/2428/2187 2156/2431/2190
f 1980/2212/2002 1988/2221/2011 2155/2428/2187 1978/2210/2000
f 2156/2431/2190 2154/2430/2189 2235/2432/2191 2157/2433/2192
f 2156/2431/2190 2157/2433/2192 2159/2434/2193 2158/2211/2001
f 2158/2211/2001 2159/2434/2193 2161/2435/2194 1977/2208/1998
f 2161/2435/2194 2159/2434/2193 2160/2436/2195 2162/2437/2196
f 2159/2434/2193 2157/2433/2192 2238/2438/2197 2160/2436/2195
f 1977/2208/1998 2161/2435/2194 1967/2201/1991 1970/2202/1992
f 1967/2201/1991 2161/2435/2194 2162/2437/2196 2164/2200/1990
f 2160/2436/2195 2241/2439/2198 2163/2440/2199 2162/2437/2196
f 2165/2441/2200 2164/2200/1990 2162/2437/2196 2163/2440/2199
f 2166/2442/2201 1968/2197/1987 2164/2200/1990 2165/2441/2200
f 2165/2441/2200 2167/2443/2202 2170/2444/2203 2166/2442/2201
f 2163/2440/2199 2169/2445/2204 2167/2443/2202 2165/2441/2200
f 2167/2443/2202 2169/2445/2204 2246/2446/2205 2168/2447/2206
f 2168/2447/2206 2172/2448/2207 2170/2444/2203 2167/2443/2202
f 2170/2444/2203 2171/2449/2208 2195/2450/2209 2166/2442/2201
f 2174/2451/2210 2171/2452/2208 2170/2453/2203 2172/2454/2207
f 2248/2455/2211 2173/2456/2212 2172/2454/2207 2168/2457/2206
f 2176/2458/2213 2174/2451/2210 2172/2454/2207 2173/2456/2212
f 2171/2452/2208 2174/2451/2210 2175/2459/2214 2194/2460/2215
f 2176/2458/2213 2177/2461/2216 2175/2459/2214 2174/2451/2210
f 2177/2461/2216 2176/2458/2213 2178/2462/2217 2181/2463/2218
f 2178/2462/2217 2176/2458/2213 2173/2456/2212 2179/2464/2219
f 2253/2465/2220 2180/2466/2221 2178/2462/2217 2179/2464/2219
f 2183/2467/2222 2181/2463/2218 2178/2462/2217 2180/2466/2221
f 2192/2468/2223 2177/2461/2216 2181/2463/2218 2182/2469/2224
f 2185/2470/2225 2182/2469/2224 2181/2463/2218 2183/2467/2222
f 2265/2471/2226 2184/2472/2227 2183/2467/2222 2180/2466/2221
f 2186/2473/2228 2185/2470/2225 2183/2467/2222 2184/2472/2227
f 2186/2473/2228 2188/2474/2229 2187/2475/2230 2185/2470/2225
f 2182/2469/2224 2185/2470/2225 2187/2475/2230 2189/2476/2231
f 2190/2190/1982 2189/2476/2231 2187/2475/2230 2188/2474/2229
f 2182/2469/2224 2189/2476/2231 2191/2477/2232 2192/2468/2223
f 2191/2477/2232 2189/2476/2231 2190/2190/1982 1960/2189/1981
f 2194/2460/2215 2192/2468/2223 2191/2477/2232 2193/2478/2233
f 1962/2192/1983 2193/2478/2233 2191/2477/2232 1960/2189/1981
f 1964/2193/1984 2195/2450/2209 2193/2479/2233 1962/2194/1983
f 2171/2452/2208 2194/2460/2215 2193/2478/2233 2195/2480/2209
f 1968/2197/1987 2166/2442/2201 2195/2450/2209 1964/2193/1984
f 2192/2468/2223 2194/2460/2215 2175/2459/2214 2177/2461/2216
f 2196/2183/1977 1956/2182/1976 2190/2190/1982 2188/2474/2229
f 2188/2474/2229 2186/2473/2228 2197/2481/2234 2196/2183/1977
f 1955/2180/1974 2196/2183/1977 2197/2481/2234 2198/2482/2235
f 2201/2483/2236 2198/2482/2235 2197/2481/2234 2199/2484/2237
f 2197/2481/2234 2186/2473/2228 2184/2472/2227 2199/2484/2237
f 2200/2485/2238 2199/2484/2237 2184/2472/2227 2265/2471/2226
f 2199/2484/2237 2200/2485/2238 2203/2486/2239 2201/2483/2236
f 2198/2482/2235 2201/2483/2236 2202/2138/1937 2266/2487/2240
f 2202/2138/1937 2201/2483/2236 2203/2486/2239 1921/2136/1935
f 1915/2128/1927 1921/2136/1935 2203/2486/2239 2204/2129/1928
f 2203/2486/2239 2200/2485/2238 2206/2488/2241 2204/2129/1928
f 2205/2489/2242 2204/2129/1928 2206/2488/2241 2208/2490/2243
f 2264/2127/1926 1914/2126/1925 2204/2129/1928 2205/2489/2242
f 2200/2485/2238 2265/2471/2226 2207/2491/2244 2206/2488/2241
f 2208/2490/2243 2206/2488/2241 2207/2491/2244 2209/2492/2245
f 2208/2490/2243 2210/2493/2246 2212/2494/2247 2205/2489/2242
f 2209/2492/2245 2213/2495/2248 2210/2493/2246 2208/2490/2243
f 2212/2496/2247 2210/2497/2246 2211/2498/2249 2224/2499/2250
f 2210/2497/2246 2213/2500/2248 2215/2501/2251 2211/2498/2249
f 2215/2501/2251 2213/2500/2248 2214/2502/2252 2216/2503/2253
f 2209/2492/2245 2252/2504/2254 2214/2505/2252 2213/2495/2248
f 2216/2503/2253 2218/2506/2255 2217/2507/2256 2215/2501/2251
f 2215/2501/2251 2217/2507/2256 2220/2508/2257 2211/2498/2249
f 2217/2507/2256 2218/2506/2255 2258/2509/2258 2219/2510/2259
f 2220/2508/2257 2217/2507/2256 2219/2510/2259 2221/2511/2260
f 2222/2512/2261 2224/2499/2250 2211/2498/2249 2220/2508/2257
f 2220/2508/2257 2221/2511/2260 2223/2513/2262 2222/2512/2261
f 2227/2514/2263 2225/2515/2264 2222/2512/2261 2223/2513/2262
f 2226/2516/2265 2224/2499/2250 2222/2512/2261 2225/2515/2264
f 2226/2516/2265 2225/2515/2264 2141/2413/2176 2139/2408/2174
f 2141/2413/2176 2225/2515/2264 2227/2514/2263 2229/2415/2177
f 2223/2513/2262 2230/2517/2266 2228/2427/2186 2227/2514/2263
f 2148/2421/2182 2229/2415/2177 2227/2514/2263 2228/2427/2186
f 2228/2427/2186 2230/2517/2266 2232/2429/2188 2151/2425/2184
f 2223/2513/2262 2221/2511/2260 2231/2518/2267 2230/2517/2266
f 2232/2429/2188 2230/2517/2266 2231/2518/2267 2233/2519/2268
f 2154/2430/2189 2232/2429/2188 2233/2519/2268 2235/2432/2191
f 2233/2519/2268 2234/2520/2269 2236/2521/2270 2235/2432/2191
f 2261/2522/2271 2234/2520/2269 2233/2519/2268 2231/2518/2267
f 2238/2438/2197 2157/2433/2192 2235/2432/2191 2236/2521/2270
f 2236/2521/2270 2234/2520/2269 2259/2523/2272 2237/2524/2273
f 2236/2521/2270 2237/2524/2273 2239/2525/2274 2238/2438/2197
f 2238/2438/2197 2239/2525/2274 2241/2439/2198 2160/2436/2195
f 2241/2439/2198 2239/2525/2274 2240/2526/2275 2242/2527/2276
f 2239/2525/2274 2237/2524/2273 2257/2528/2277 2240/2526/2275
f 2163/2440/2199 2241/2439/2198 2242/2527/2276 2169/2445/2204
f 2240/2526/2275 2244/2529/2278 2243/2530/2279 2242/2527/2276
f 2246/2446/2205 2169/2445/2204 2242/2527/2276 2243/2530/2279
f 2243/2530/2279 2244/2529/2278 2256/2531/2280 2245/2532/2281
f 2247/2533/2282 2246/2446/2205 2243/2530/2279 2245/2532/2281
f 2168/2457/2206 2246/2534/2205 2247/2535/2282 2248/2455/2211
f 2248/2455/2211 2247/2535/2282 2249/2536/2283 2251/2537/2284
f 2249/2538/2283 2247/2533/2282 2245/2532/2281 2250/2539/2285
f 2249/2538/2283 2250/2539/2285 2216/2503/2253 2214/2502/2252
f 2214/2505/2252 2252/2504/2254 2251/2537/2284 2249/2536/2283
f 2251/2537/2284 2179/2464/2219 2173/2456/2212 2248/2455/2211
f 2179/2464/2219 2251/2537/2284 2252/2504/2254 2253/2465/2220
f 2207/2491/2244 2253/2465/2220 2252/2504/2254 2209/2492/2245
f 2180/2466/2221 2253/2465/2220 2207/2491/2244 2265/2471/2226
f 2216/2503/2253 2250/2539/2285 2254/2540/2286 2218/2506/2255
f 2254/2540/2286 2250/2539/2285 2245/2532/2281 2256/2531/2280
f 2255/2541/2287 2254/2540/2286 2256/2531/2280 2257/2528/2277
f 2218/2506/2255 2254/2540/2286 2255/2541/2287 2258/2509/2258
f 2256/2531/2280 2244/2529/2278 2240/2526/2275 2257/2528/2277
f 2257/2528/2277 2237/2524/2273 2259/2523/2272 2255/2541/2287
f 2259/2523/2272 2260/2542/2288 2258/2509/2258 2255/2541/2287
f 2261/2522/2271 2260/2542/2288 2259/2523/2272 2234/2520/2269
f 2258/2509/2258 2260/2542/2288 2261/2522/2271 2219/2510/2259
f 2231/2518/2267 2221/2511/2260 2219/2510/2259 2261/2522/2271
f 2139/2408/2174 2137/2407/2173 2262/2543/2289 2226/2516/2265
f 2212/2496/2247 2224/2499/2250 2226/2516/2265 2262/2543/2289
f 2137/2407/2173 2075/2411/2110 2073/2544/2109 2262/2543/2289
f 2073/2342/2109 2263/2545/2290 2212/2494/2247 2262/2546/2289
f 2205/2489/2242 2212/2494/2247 2263/2545/2290 2264/2127/1926
f 2264/2127/1926 2263/2545/2290 2073/2342/2109 1913/2124/1923
f 2267/2144/1943 2266/2487/2240 2202/2138/1937 1922/2137/1936
f 2266/2487/2240 1953/2177/1971 1955/2180/1974 2198/2482/2235
f 1953/2177/1971 2266/2487/2240 2267/2144/1943 1951/2178/1972
f 1932/2151/1950 1951/2178/1972 2267/2144/1943 1926/2143/1942
f 1994/2236/2020 1997/2238/2022 2127/2394/2161 2146/2396/2163
f 2091/2358/2125 2131/2400/2167 2268/2369/2136 2093/2360/2127
f 2268/2369/2136 2131/2400/2167 2124/2391/2158 2122/2390/2157
f 2122/2390/2157 2106/2376/2143 2099/2370/2137 2268/2369/2136
f 2000/2242/2026 2120/2387/2154 2127/2394/2161 1997/2238/2022
f 2117/2253/2034 2004/2252/2033 2269/2547/2291 2114/2384/2151
f 2024/2282/2057 2114/2384/2151 2269/2547/2291 2022/2280/2055
f 2004/2252/2033 2006/2254/2035 2270/2267/2044 2269/2547/2291
f 2270/2267/2044 2020/2279/2054 2022/2280/2055 2269/2547/2291
f 2272/2548/2292 2103/2373/2140 2105/2374/2141 2271/2289/2064
f 2029/2290/2065 2036/2298/2070 2272/2548/2292 2271/2289/2064
f 2272/2548/2292 2036/2298/2070 2039/2549/2073 2273/2550/2293
f 2272/2548/2292 2273/2550/2293 2101/2372/2139 2103/2373/2140
f 2101/2372/2139 2273/2550/2293 2274/2551/2294 2276/2368/2135
f 2274/2551/2294 2273/2550/2293 2039/2549/2073 2042/2310/2076
f 2044/2309/2079 2275/2552/2295 2274/2551/2294 2042/2310/2076
f 2274/2551/2294 2275/2552/2295 2097/2365/2132 2276/2368/2135
f 2277/2553/2296 2275/2552/2295 2044/2309/2079 2047/2312/2080
f 2277/2553/2296 2094/2362/2129 2097/2365/2132 2275/2552/2295
f 2047/2312/2080 2051/2317/2084 2084/2354/2121 2277/2553/2296
f 2086/2353/2120 2094/2362/2129 2277/2553/2296 2084/2354/2121
f 2063/2331/2098 2061/2330/2097 2278/2554/2297 2070/2339/2106
f 2279/2555/2298 2070/2339/2106 2278/2554/2297 2281/2556/2299
f 2280/2118/1917 2070/2339/2106 2279/2555/2298
f 2279/2555/2298 1905/2114/1913 2280/2118/1917
f 2281/2556/2299 2282/2557/2300 1905/2114/1913 2279/2555/2298
f 2281/2556/2299 2283/2107/1906 1896/2106/1905 2282/2557/2300
f 2278/2554/2297 2061/2330/2097 2283/2107/1906 2281/2556/2299
f 1905/2114/1913 2282/2557/2300 1896/2106/1905 1898/2108/1907
f 2284/2100/1899 2054/2319/2086 2050/2318/2085 2285/2558/2301
f 2285/2558/2301 1881/2086/1886 1885/2091/1890 2284/2100/1899
f 2286/2559/2302 2285/2558/2301 2050/2318/2085 2048/2315/2082
f 1878/2087/1885 1881/2086/1886 2285/2558/2301 2286/2559/2302
f 2287/2560/2303 2286/2561/2302 2288/2562/2304 2296/2563/2305
f 2290/2564/2306 2289/2565/2307 2286/2561/2302 2287/2560/2303
f 1878/2084/1885 2286/2561/2302 2289/2565/2307 1876/2080/1882
f 2045/2307/2078 2288/2562/2304 2286/2561/2302 2048/2566/2082
f 2291/2069/1873 1876/2080/1882 2289/2565/2307 2290/2564/2306
f 2290/2564/2306 2292/2567/2308 1859/2057/1861 2291/2069/1873
f 2294/2568/2309 2292/2567/2308 2290/2564/2306 2287/2560/2303
f 2294/2568/2309 2293/2569/2310 2292/2567/2308
f 2293/2569/2310 2298/2570/2311 1859/2057/1861 2292/2567/2308
f 2287/2560/2303 2296/2563/2305 2295/2571/2312 2294/2568/2309
f 2295/2571/2312 2293/2569/2310 2294/2568/2309
f 2302/2572/2313 2297/2573/2314 2295/2571/2312 2296/2563/2305
f 2295/2571/2312 2297/2573/2314 2298/2570/2311 2293/2569/2310
f 2298/2570/2311 2297/2573/2314 2299/2058/1862
f 1858/2054/1858 2299/2058/1862 2297/2573/2314 2300/2574/2315
f 2301/2575/2316 2304/2576/2317 2300/2574/2315 2297/2573/2314
f 2301/2575/2316 2297/2573/2314 2302/2572/2313 2303/2577/2318
f 2296/2563/2305 2288/2562/2304 2045/2307/2078 2302/2572/2313
f 2041/2303/2074 2303/2577/2318 2302/2572/2313 2045/2307/2078
f 2301/2575/2316 2303/2577/2318 2041/2303/2074 2038/2299/2071
f 2301/2575/2316 2038/2299/2071 2035/2296/2069 2304/2576/2317
f 2300/2574/2315 2304/2576/2317 2305/2578/2319 2420/2579/2320
f 2305/2578/2319 2304/2576/2317 2306/2580/2321 2307/2581/2322
f 2306/2580/2321 2304/2576/2317 2035/2296/2069 2033/2295/2067
f 2015/2269/2046 2013/2268/2045 2307/2581/2322 2306/2580/2321
f 2017/2275/2050 2015/2274/2046 2306/2582/2321 2033/2292/2067
f 2308/2583/2323 2309/2584/2324 2305/2578/2319 2307/2581/2322
f 2311/2271/2047 2308/2583/2323 2307/2581/2322 2013/2268/2045
f 2423/2585/2325 2309/2584/2324 2308/2583/2323 2310/2586/2326
f 2310/2586/2326 2308/2583/2323 2311/2271/2047 2312/2587/2327
f 2311/2271/2047 2009/2258/2039 2313/2261/2040 2312/2587/2327
f 2314/2588/2328 2312/2587/2327 2313/2261/2040 2315/2589/2329
f 2310/2586/2326 2312/2587/2327 2314/2588/2328 2317/2590/2330
f 2315/2591/2329 2361/2592/2331 2316/2593/2332 2314/2594/2328
f 2314/2594/2328 2316/2593/2332 2319/2595/2333 2317/2596/2330
f 2423/2585/2325 2310/2586/2326 2317/2590/2330 2318/2597/2334
f 2317/2596/2330 2319/2595/2333 2321/2598/2335 2318/2599/2334
f 2319/2595/2333 2316/2593/2332 2362/2600/2336 2320/2601/2337
f 2321/2598/2335 2319/2595/2333 2320/2601/2337 2323/2602/2338
f 2318/2603/2334 2321/2604/2335 2322/2605/2339 2422/2606/2340
f 2322/2605/2339 2321/2604/2335 2323/2607/2338 2325/2608/2341
f 2326/2609/2342 2325/2608/2341 2323/2607/2338 2324/2610/2343
f 2343/2611/2344 2324/2610/2343 2323/2607/2338 2320/2612/2337
f 2327/2613/2345 2325/2608/2341 2326/2609/2342 2330/2614/2346
f 2322/2605/2339 2325/2608/2341 2327/2613/2345 2329/2615/2347
f 2330/2614/2346 2332/2616/2348 2328/2617/2349 2327/2613/2345
f 2329/2615/2347 2327/2613/2345 2328/2617/2349 2426/2618/2350
f 2331/2619/2351 2330/2614/2346 2326/2609/2342 2339/2620/2352
f 2334/2621/2353 2332/2616/2348 2330/2614/2346 2331/2619/2351
f 2333/2622/2354 2407/2623/2355 2328/2617/2349 2332/2616/2348
f 2334/2621/2353 2335/2624/2356 2333/2622/2354 2332/2616/2348
f 2336/2625/2357 2335/2624/2356 2334/2621/2353
f 2336/2625/2357 2334/2621/2353 2331/2619/2351
f 2336/2625/2357 2337/2626/2358 2333/2622/2354 2335/2624/2356
f 2338/2627/2359 2324/2610/2343 2337/2626/2358 2336/2625/2357
f 2339/2620/2352 2338/2627/2359 2336/2625/2357
f 2339/2620/2352 2336/2625/2357 2331/2619/2351
f 2326/2609/2342 2324/2610/2343 2338/2627/2359 2339/2620/2352
f 2340/2628/2360 2341/2629/2361 2333/2630/2354 2337/2631/2358
f 2337/2626/2358 2324/2610/2343 2343/2611/2344 2340/2632/2360
f 2342/2633/2362 2541/2634/2363 2341/2629/2361 2340/2628/2360
f 2340/2632/2360 2343/2611/2344 2345/2635/2364 2342/2636/2362
f 2344/2637/2365 2343/2611/2344 2320/2612/2337 2362/2638/2336
f 2345/2635/2364 2343/2611/2344 2344/2637/2365 2346/2639/2366
f 2345/2635/2364 2347/2640/2367 2350/2641/2368 2342/2636/2362
f 2349/2642/2369 2347/2643/2367 2345/2644/2364 2346/2645/2366
f 2350/2646/2368 2347/2643/2367 2348/2647/2370 2368/2648/2371
f 2348/2647/2370 2347/2643/2367 2351/2649/2372 2354/2650/2373
f 2349/2642/2369 2353/2651/2374 2351/2649/2372 2347/2643/2367
f 2351/2649/2372 2352/2652/2375 2356/2653/2376 2354/2650/2373
f 2351/2649/2372 2353/2651/2374 2366/2654/2377 2352/2652/2375
f 1985/2218/2008 1983/2217/2007 2348/2647/2370 2354/2650/2373
f 2354/2650/2373 2355/2655/2378 2363/2656/2016 1985/2218/2008
f 2358/2657/2379 2355/2655/2378 2354/2650/2373 2356/2653/2376
f 2356/2653/2376 2352/2652/2375 2366/2654/2377 2357/2658/2380
f 2357/2658/2380 2360/2659/2381 2358/2657/2379 2356/2653/2376
f 2359/2660/2382 2363/2656/2016 2355/2655/2378 2358/2657/2379
f 2360/2659/2381 2361/2592/2331 2359/2660/2382 2358/2657/2379
f 2362/2600/2336 2360/2659/2381 2357/2658/2380 2344/2661/2365
f 2316/2593/2332 2361/2592/2331 2360/2659/2381 2362/2600/2336
f 2315/2589/2329 2364/2662/2383 2359/2663/2382 2361/2664/2331
f 2364/2662/2383 2365/2247/2030 2363/2231/2016 2359/2663/2382
f 2002/2248/2031 2365/2247/2030 2364/2662/2383 2008/2260/2038
f 2008/2260/2038 2364/2662/2383 2315/2589/2329 2313/2261/2040
f 1996/2246/2023 1990/2228/2015 2363/2231/2016 2365/2247/2030
f 2344/2661/2365 2357/2658/2380 2366/2654/2377 2346/2645/2366
f 2366/2654/2377 2353/2651/2374 2349/2642/2369 2346/2645/2366
f 2368/2665/2371 2369/2666/2384 2367/2667/2385 2350/2668/2368
f 2342/2633/2362 2350/2668/2368 2367/2667/2385 2541/2634/2363
f 2370/2669/2386 2371/2670/2387 2369/2666/2384 2368/2665/2371
f 2368/2665/2371 2348/2671/2370 2374/2672/2388 2370/2669/2386
f 2371/2670/2387 2370/2669/2386 2373/2673/2389 2379/2674/2390
f 2370/2669/2386 2375/2675/2391 2372/2676/2392
f 2372/2676/2392 2373/2673/2389 2370/2669/2386
f 2376/2677/2393 2375/2675/2391 2370/2669/2386 2374/2672/2388
f 2377/2678/2394 2372/2676/2392 2375/2675/2391 2376/2677/2393
f 2374/2672/2388 2378/2679/2395 2377/2678/2394 2376/2677/2393
f 2372/2676/2392 2377/2678/2394 2378/2679/2395 2374/2672/2388
f 2348/2671/2370 2382/2680/2396 2372/2676/2392 2374/2672/2388
f 2379/2674/2390 2373/2673/2389 2372/2676/2392 2380/2681/2397
f 2379/2674/2390 2380/2681/2397 2381/2682/2398 2371/2670/2387
f 2371/2670/2387 2381/2682/2398 2380/2681/2397 2372/2676/2392
f 2371/2670/2387 2372/2676/2392 2382/2680/2396 2369/2666/2384
f 2369/2666/2384 2382/2680/2396 2383/2683/2399 2387/2684/2400
f 2382/2680/2396 2385/2685/2401 2383/2683/2399
f 1983/2686/2007 2384/2687/2402 2382/2680/2396 2348/2671/2370
f 2384/2687/2402 2385/2685/2401 2382/2680/2396
f 1983/2686/2007 2386/2688/2006 2385/2685/2401 2384/2687/2402
f 2383/2683/2399 2385/2685/2401 2386/2688/2006 2387/2684/2400
f 2387/2689/2400 2386/2216/2006 1982/2215/2005 2388/2690/2403
f 2389/2691/2404 2369/2692/2384 2387/2693/2400 1942/2694/1961
f 2388/2695/2403 1944/2163/1962 1942/2162/1961 2387/2696/2400
f 1944/2164/1962 2388/2690/2403 1973/2205/1995 1946/2165/1963
f 1973/2205/1995 2388/2690/2403 1982/2215/2005 1975/2206/1996
f 2389/2697/2404 2390/2698/2405 2367/2667/2385 2369/2666/2384
f 2389/2691/2404 2392/2699/2406 2393/2700/2407 2390/2701/2405
f 1942/2694/1961 2439/2702/1960 2391/2703/2408 2389/2691/2404
f 2392/2699/2406 2389/2691/2404 2391/2703/2408 2395/2704/2409
f 2394/2705/2410 2542/2706/2411 2393/2700/2407 2392/2699/2406
f 2392/2699/2406 2395/2704/2409 2397/2707/2412 2394/2705/2410
f 2395/2704/2409 2391/2703/2408 2439/2702/1960 2396/2708/2413
f 2395/2704/2409 2396/2708/2413 2399/2709/2414 2397/2707/2412
f 2539/2710/2415 2394/2705/2410 2397/2707/2412 2398/2711/2416
f 2398/2711/2416 2397/2707/2412 2399/2709/2414 2401/2712/2417
f 2399/2709/2414 2396/2708/2413 2437/2713/2418 2400/2714/2419
f 2402/2715/2420 2401/2716/2417 2399/2717/2414 2400/2718/2419
f 2406/2719/2421 2398/2720/2416 2401/2716/2417 2403/2721/2422
f 2405/2722/2423 2403/2721/2422 2401/2716/2417 2402/2715/2420
f 2407/2623/2355 2406/2719/2421 2403/2721/2422 2404/2723/2424
f 2408/2724/2425 2404/2723/2424 2403/2721/2422 2405/2722/2423
f 2398/2725/2416 2406/2726/2421 2341/2629/2361 2539/2727/2415
f 2406/2719/2421 2407/2623/2355 2333/2622/2354 2341/2728/2361
f 2328/2617/2349 2407/2623/2355 2404/2723/2424 2426/2618/2350
f 2405/2729/2423 2402/2730/2420 2411/2731/2426 2409/2732/2427
f 2408/2733/2425 2405/2729/2423 2409/2732/2427 2412/2734/2428
f 2411/2731/2426 2428/2735/2429 2410/2736/2430 2409/2732/2427
f 2409/2732/2427 2410/2736/2430 2414/2737/2431 2412/2734/2428
f 2425/2738/2432 2408/2733/2425 2412/2734/2428 2413/2739/2433
f 2412/2734/2428 2414/2737/2431 2415/2740/2434 2413/2739/2433
f 2538/2062/1866 1862/2061/1865 2414/2737/2431 2410/2736/2430
f 1862/2061/1865 1860/2056/1860 2415/2740/2434 2414/2737/2431
f 2415/2740/2434 2416/2741/2435 2417/2742/2436 2413/2739/2433
f 2418/2055/1859 2416/2741/2435 2415/2740/2434 1860/2056/1860
f 2421/2743/2437 2417/2742/2436 2416/2741/2435 2419/2744/2438
f 2420/2579/2320 2419/2744/2438 2416/2741/2435 2418/2055/1859
f 2309/2584/2324 2419/2744/2438 2420/2579/2320 2305/2578/2319
f 2421/2743/2437 2419/2744/2438 2309/2584/2324 2423/2585/2325
f 2424/2745/2439 2417/2746/2436 2421/2747/2437 2422/2606/2340
f 2421/2747/2437 2423/2748/2325 2318/2603/2334 2422/2606/2340
f 2329/2615/2347 2424/2745/2439 2422/2606/2340 2322/2605/2339
f 2426/2618/2350 2425/2749/2432 2424/2745/2439 2329/2615/2347
f 2425/2738/2432 2413/2739/2433 2417/2742/2436 2424/2750/2439
f 2425/2749/2432 2426/2618/2350 2404/2723/2424 2408/2724/2425
f 2420/2579/2320 2418/2055/1859 1858/2054/1858 2300/2574/2315
f 2400/2714/2419 2427/2751/2440 2411/2731/2426 2402/2730/2420
f 2411/2731/2426 2427/2751/2440 2430/2752/2441 2428/2735/2429
f 2429/2753/2442 2538/2062/1866 2410/2736/2430 2428/2735/2429
f 2430/2752/2441 2431/2754/2443 2429/2753/2442 2428/2735/2429
f 2427/2751/2440 2435/2755/2444 2432/2756/2445 2430/2752/2441
f 2431/2754/2443 2430/2752/2441 2432/2756/2445 2434/2757/2446
f 2435/2755/2444 2436/2758/2447 2433/2759/2448 2432/2756/2445
f 2434/2757/2446 2432/2756/2445 2433/2759/2448 2530/2760/2449
f 2435/2755/2444 2437/2713/2418 2438/2761/2450 2436/2758/2447
f 2427/2751/2440 2400/2714/2419 2437/2713/2418 2435/2755/2444
f 2396/2708/2413 2439/2702/1960 2438/2761/2450 2437/2713/2418
f 2438/2762/2450 2439/2161/1960 1941/2160/1959 2440/2763/2451
f 2442/2764/2452 2436/2758/2447 2438/2761/2450 2440/2765/2451
f 2441/2766/2453 2440/2763/2451 1941/2160/1959 1939/2157/1956
f 2440/2763/2451 2441/2766/2453 2444/2767/2454 2442/2768/2452
f 2436/2758/2447 2442/2764/2452 2443/2769/2455 2433/2759/2448
f 2443/2770/2455 2442/2768/2452 2444/2767/2454 2445/2771/2456
f 2448/2772/2457 2445/2771/2456 2444/2767/2454 2446/2773/2458
f 2444/2767/2454 2441/2766/2453 2449/2774/2459 2446/2773/2458
f 2449/2774/2459 2450/2775/2460 2447/2776/2461 2446/2773/2458
f 2448/2772/2457 2446/2773/2458 2447/2776/2461 2537/2777/2462
f 1939/2157/1956 1936/2154/1953 2449/2774/2459 2441/2766/2453
f 1933/2149/1948 2450/2775/2460 2449/2774/2459 1936/2154/1953
f 2451/2778/2463 2453/2779/2464 2447/2776/2461 2450/2775/2460
f 1933/2149/1948 1930/2148/1947 2451/2778/2463 2450/2775/2460
f 1928/2147/1946 2452/2780/2465 2451/2778/2463 1930/2148/1947
f 2455/2781/2466 2453/2779/2464 2451/2778/2463 2452/2780/2465
f 2447/2776/2461 2453/2779/2464 2454/2782/2467 2537/2777/2462
f 2455/2781/2466 2456/2783/2468 2454/2782/2467 2453/2779/2464
f 2456/2783/2468 2455/2781/2466 2457/2784/2469 2460/2785/2470
f 2457/2784/2469 2455/2781/2466 2452/2780/2465 2458/2786/2471
f 2498/2787/2472 2459/2788/2473 2457/2784/2469 2458/2786/2471
f 2461/2789/2474 2460/2785/2470 2457/2784/2469 2459/2788/2473
f 2460/2785/2470 2462/2790/2475 2465/2791/2476 2456/2783/2468
f 2462/2790/2475 2460/2785/2470 2461/2789/2474 2463/2792/2477
f 2463/2792/2477 2484/2793/2478 2464/2794/2479 2462/2790/2475
f 2465/2791/2476 2462/2790/2475 2464/2794/2479 2467/2795/2480
f 2454/2782/2467 2456/2783/2468 2465/2791/2476 2466/2796/2481
f 2469/2797/2482 2466/2796/2481 2465/2791/2476 2467/2795/2480
f 2467/2795/2480 2468/2798/2483 2471/2799/2484 2469/2797/2482
f 2467/2795/2480 2464/2794/2479 2481/2800/2485 2468/2798/2483
f 2466/2796/2481 2469/2797/2482 2470/2801/2486 2536/2802/2487
f 2471/2803/2484 2472/2804/2488 2470/2805/2486 2469/2806/2482
f 2476/2807/2489 2473/2808/2490 2471/2803/2484 2468/2809/2483
f 2475/2810/2491 2472/2804/2488 2471/2803/2484 2473/2808/2490
f 2516/2811/2492 2475/2810/2491 2473/2808/2490 2474/2812/2493
f 2477/2813/2494 2474/2812/2493 2473/2808/2490 2476/2807/2489
f 2476/2807/2489 2478/2814/2495 2479/2073/1877 2477/2813/2494
f 2476/2815/2489 2468/2798/2483 2481/2800/2485 2478/2816/2495
f 2480/2817/2496 1871/2074/1878 2479/2073/1877 2478/2814/2495
f 2481/2800/2485 2482/2818/2497 2480/2819/2496 2478/2816/2495
f 2484/2793/2478 2482/2818/2497 2481/2800/2485 2464/2794/2479
f 2483/2820/2498 2509/2821/2499 2480/2819/2496 2482/2818/2497
f 2482/2818/2497 2484/2793/2478 2485/2822/2500 2483/2820/2498
f 2463/2792/2477 2486/2823/2501 2485/2822/2500 2484/2793/2478
f 2487/2824/2502 2483/2820/2498 2485/2822/2500 2486/2823/2501
f 2487/2824/2502 2486/2823/2501 2488/2825/2503 2490/2826/2504
f 2486/2823/2501 2463/2792/2477 2461/2789/2474 2488/2825/2503
f 2489/2827/2505 2488/2825/2503 2461/2789/2474 2459/2788/2473
f 2492/2828/2506 2490/2826/2504 2488/2825/2503 2489/2827/2505
f 2508/2829/2507 2487/2824/2502 2490/2826/2504 2491/2830/2508
f 2493/2831/2509 2491/2830/2508 2490/2826/2504 2492/2828/2506
f 2492/2828/2506 2489/2827/2505 2497/2832/2510 2494/2833/2511
f 2493/2831/2509 2492/2828/2506 2494/2833/2511 2496/2834/2512
f 2507/2835/2513 2496/2834/2512 2494/2833/2511 2495/2836/2514
f 2495/2836/2514 2494/2833/2511 2497/2832/2510 2499/2837/2515
f 2459/2788/2473 2498/2787/2472 2497/2832/2510 2489/2827/2505
f 2497/2832/2510 2498/2787/2472 2501/2838/2516 2499/2837/2515
f 2499/2837/2515 2500/2839/2517 2504/2840/2518 2495/2836/2514
f 2501/2838/2516 2502/2140/1939 2500/2839/2517 2499/2837/2515
f 2458/2786/2471 2503/2146/1945 2501/2838/2516 2498/2787/2472
f 1924/2141/1940 2502/2140/1939 2501/2838/2516 2503/2146/1945
f 2503/2146/1945 2458/2786/2471 2452/2780/2465 1928/2147/1946
f 1919/2133/1932 1917/2132/1931 2500/2839/2517 2502/2140/1939
f 1917/2132/1931 2506/2131/1930 2504/2840/2518 2500/2839/2517
f 2507/2835/2513 2495/2836/2514 2504/2840/2518 2505/2111/1910
f 2504/2840/2518 2506/2131/1930 1901/2112/1911 2505/2111/1910
f 1911/2122/1921 1903/2113/1912 1901/2112/1911 2506/2131/1930
f 1900/2096/1895 1887/2093/1892 2507/2835/2513 2505/2111/1910
f 1884/2092/1891 2496/2834/2512 2507/2835/2513 1887/2093/1892
f 2496/2834/2512 1884/2092/1891 1882/2089/1888 2493/2831/2509
f 2491/2830/2508 2493/2831/2509 1882/2089/1888 1879/2083/1884
f 1879/2083/1884 1875/2078/1880 2508/2829/2507 2491/2830/2508
f 2483/2820/2498 2487/2824/2502 2508/2829/2507 2509/2821/2499
f 1873/2077/1879 2509/2821/2499 2508/2829/2507 1875/2078/1880
f 1873/2075/1879 1871/2074/1878 2480/2817/2496 2509/2841/2499
f 2479/2073/1877 1870/2070/1874 2510/2842/2519 2477/2813/2494
f 2474/2812/2493 2477/2813/2494 2510/2842/2519 2512/2843/2520
f 1864/2065/1869 2511/2064/1868 2510/2842/2519 1870/2070/1874
f 2510/2842/2519 2511/2064/1868 2513/2844/2521 2512/2843/2520
f 2514/2845/2522 2512/2843/2520 2513/2844/2521 2515/2846/2523
f 2514/2845/2522 2516/2811/2492 2474/2812/2493 2512/2843/2520
f 2519/2847/2524 2517/2848/2525 2514/2845/2522 2515/2846/2523
f 2520/2849/2526 2516/2811/2492 2514/2845/2522 2517/2848/2525
f 2517/2848/2525 2518/2850/2527 2522/2851/2528 2520/2849/2526
f 2517/2848/2525 2519/2847/2524 2532/2852/2529 2518/2850/2527
f 2516/2811/2492 2520/2849/2526 2521/2853/2530 2475/2810/2491
f 2522/2851/2528 2523/2854/2531 2521/2853/2530 2520/2849/2526
f 2518/2850/2527 2527/2855/2532 2524/2856/2533 2522/2851/2528
f 2523/2854/2531 2522/2851/2528 2524/2856/2533 2525/2857/2534
f 2535/2858/2535 2525/2859/2534 2524/2860/2533 2526/2861/2536
f 2524/2856/2533 2527/2855/2532 2529/2862/2537 2526/2863/2536
f 2527/2855/2532 2518/2850/2527 2532/2852/2529 2528/2864/2538
f 2527/2855/2532 2528/2864/2538 2530/2760/2449 2529/2862/2537
f 2530/2760/2449 2433/2759/2448 2443/2769/2455 2529/2862/2537
f 2526/2861/2536 2529/2865/2537 2443/2770/2455 2445/2771/2456
f 2528/2864/2538 2531/2866/2539 2434/2757/2446 2530/2760/2449
f 2531/2866/2539 2528/2864/2538 2532/2852/2529 2519/2847/2524
f 2533/2867/2540 2431/2754/2443 2434/2757/2446 2531/2866/2539
f 2531/2866/2539 2519/2847/2524 2515/2846/2523 2533/2867/2540
f 2533/2867/2540 2534/2868/2541 2429/2753/2442 2431/2754/2443
f 2515/2846/2523 2513/2844/2521 2534/2868/2541 2533/2867/2540
f 2511/2064/1868 1863/2063/1867 2534/2868/2541 2513/2844/2521
f 1863/2063/1867 2538/2062/1866 2429/2753/2442 2534/2868/2541
f 2445/2771/2456 2448/2772/2457 2535/2858/2535 2526/2861/2536
f 2537/2777/2462 2536/2802/2487 2535/2858/2535 2448/2772/2457
f 2536/2802/2487 2470/2801/2486 2525/2859/2534 2535/2858/2535
f 2536/2802/2487 2537/2777/2462 2454/2782/2467 2466/2796/2481
f 2472/2804/2488 2523/2854/2531 2525/2857/2534 2470/2805/2486
f 2472/2804/2488 2475/2810/2491 2521/2853/2530 2523/2854/2531
f 2540/2869/2542 2542/2870/2411 2394/2871/2410 2539/2727/2415
f 2540/2869/2542 2539/2727/2415 2341/2629/2361 2541/2634/2363
f 2540/2869/2542 2541/2634/2363 2367/2667/2385 2543/2872/2543
f 2540/2869/2542 2543/2872/2543 2544/2873/2544 2542/2870/2411
f 2367/2667/2385 2390/2698/2405 2544/2873/2544 2543/2872/2543
f 2393/2874/2407 2542/2870/2411 2544/2873/2544 2390/2698/2405
f 2299/2058/1862 1859/2057/1861 2298/2570/2311
f 1876/2080/1882 2291/2069/1873 1866/2068/1872 1868/2067/1871
f 1958/2185/1979 1947/2171/1967 1972/2170/1966 1965/2196/1986
f 2545/2875/2545 2546/2876/2545 2547/2877/2545
f 2545/2875/2546 2547/2878/2546 2546/2876/2546
f 2548/2879/2547 2549/2880/2547 2550/2881/2547
f 2548/2879/2548 2550/2882/2548 2549/2880/2548
o root.2
v -0.697397 0.033540 -0.589125
v -0.687501 0.016663 -0.570592
v -0.677170 0.040725 -0.585960
v -0.701934 0.045348 -0.570880
v -0.701130 0.066445 -0.606553
v -0.702720 0.097437 -0.619083
v -0.679712 0.077112 -0.603325
v -0.711040 0.076348 -0.592162
v -0.711735 0.106722 -0.606455
v -0.693970 0.092906 -0.578407
v -0.667429 0.122763 -0.594877
v -0.684784 0.105375 -0.561016
v -0.686449 0.063378 -0.551487
v -0.716511 0.099416 -0.561082
v -0.713957 0.118068 -0.591850
v -0.684809 0.052159 -0.568794
v -0.678507 0.026752 -0.556637
v -0.675855 0.015917 -0.569486
v -0.687901 0.022837 -0.557014
v -0.713724 0.127363 -0.575322
v -0.711041 0.167981 -0.613164
v -0.707346 0.243970 -0.631039
v -0.709109 0.161222 -0.629238
v -0.707312 0.174384 -0.596894
v -0.698401 0.180186 -0.581697
v -0.703867 0.246290 -0.610664
v -0.691462 0.331270 -0.613192
v -0.693671 0.247303 -0.592415
v -0.677553 0.246349 -0.580826
v -0.678663 0.326596 -0.593915
v -0.659780 0.319880 -0.583148
v -0.638702 0.406835 -0.578671
v -0.651915 0.421862 -0.598135
v -0.558456 0.463038 -0.563180
v -0.619533 0.389306 -0.569898
v -0.598412 0.371265 -0.575701
v -0.546452 0.439924 -0.555558
v -0.532395 0.417379 -0.560505
v -0.467247 0.471917 -0.530316
v -0.475051 0.497279 -0.536672
v -0.387551 0.487924 -0.497073
v -0.455593 0.446126 -0.538459
v -0.441393 0.423939 -0.557360
v -0.381722 0.456376 -0.505584
v -0.369731 0.430935 -0.529155
v -0.326141 0.455109 -0.482020
v -0.328531 0.491115 -0.472429
v -0.318425 0.428024 -0.508940
v -0.289405 0.444465 -0.468869
v -0.286747 0.419333 -0.495771
v -0.290497 0.486333 -0.457530
v -0.287679 0.406447 -0.437499
v -0.274485 0.406210 -0.402073
v -0.260961 0.330575 -0.430816
v -0.284431 0.480481 -0.426954
v -0.283051 0.386080 -0.480098
v -0.263861 0.322665 -0.465953
v -0.267513 0.373017 -0.522218
v -0.236804 0.370042 -0.566229
v -0.251224 0.314278 -0.505345
v -0.277399 0.404933 -0.532629
v -0.254230 0.405469 -0.575669
v -0.305554 0.411871 -0.544569
v -0.356699 0.414523 -0.564402
v -0.288644 0.414746 -0.589263
v -0.342470 0.414853 -0.607085
v -0.275055 0.430182 -0.634596
v -0.230366 0.421568 -0.621321
v -0.272227 0.453954 -0.669713
v -0.335144 0.427914 -0.647656
v -0.337849 0.446907 -0.678618
v -0.411436 0.410582 -0.659116
v -0.414883 0.402947 -0.624058
v -0.488948 0.379945 -0.665652
v -0.414921 0.425653 -0.687181
v -0.493883 0.392020 -0.690449
v -0.422405 0.446947 -0.705450
v -0.504537 0.411369 -0.708519
v -0.432432 0.472056 -0.710285
v -0.343273 0.471087 -0.697269
v -0.350923 0.498149 -0.701617
v -0.272473 0.482620 -0.688919
v -0.277076 0.515186 -0.691306
v -0.211449 0.486954 -0.675944
v -0.211368 0.521895 -0.679617
v -0.143899 0.481385 -0.686123
v -0.216458 0.453162 -0.656779
v -0.153499 0.433289 -0.667697
v -0.175557 0.376983 -0.613300
v -0.071172 0.435546 -0.682505
v -0.082021 0.368219 -0.634452
v -0.068815 0.493494 -0.705281
v -0.000013 0.438430 -0.687251
v -0.000013 0.503108 -0.711424
v -0.000013 0.367633 -0.639732
v 0.071145 0.435546 -0.682505
v 0.081994 0.368219 -0.634452
v 0.153473 0.433289 -0.667697
v 0.068788 0.493494 -0.705281
v 0.068118 0.539432 -0.702364
v 0.143872 0.481385 -0.686123
v 0.143000 0.525001 -0.684212
v 0.211422 0.486954 -0.675944
v 0.211341 0.521895 -0.679617
v 0.272447 0.482620 -0.688919
v 0.216432 0.453162 -0.656779
v 0.230339 0.421568 -0.621321
v 0.272201 0.453954 -0.669713
v 0.275028 0.430182 -0.634596
v 0.337822 0.446907 -0.678618
v 0.343246 0.471087 -0.697269
v 0.414894 0.425653 -0.687181
v 0.335118 0.427914 -0.647656
v 0.411409 0.410582 -0.659116
v 0.342444 0.414853 -0.607085
v 0.414857 0.402947 -0.624058
v 0.356672 0.414523 -0.564402
v 0.288617 0.414746 -0.589263
v 0.305528 0.411871 -0.544569
v 0.254203 0.405469 -0.575669
v 0.277372 0.404933 -0.532629
v 0.236777 0.370042 -0.566229
v 0.175530 0.376983 -0.613300
v 0.219230 0.307601 -0.541411
v 0.267486 0.373017 -0.522218
v 0.283024 0.386080 -0.480098
v 0.251197 0.314278 -0.505345
v 0.263834 0.322665 -0.465953
v 0.218895 0.231481 -0.465672
v 0.195448 0.222231 -0.496410
v 0.228116 0.245458 -0.434443
v 0.174100 0.173232 -0.408553
v 0.186015 0.180485 -0.383135
v 0.153406 0.167289 -0.432878
v 0.103207 0.113142 -0.360623
v -0.000013 0.088351 -0.351327
v 0.112943 0.108864 -0.339872
v 0.094161 0.119387 -0.382145
v -0.000013 0.095515 -0.365934
v 0.083079 0.126164 -0.406053
v -0.000013 0.106255 -0.388011
v 0.125959 0.163139 -0.455208
v 0.060302 0.134829 -0.436722
v 0.076861 0.159182 -0.476453
v -0.000013 0.125705 -0.428444
v -0.060329 0.134829 -0.436722
v -0.000013 0.157184 -0.484394
v -0.076888 0.159182 -0.476453
v -0.000013 0.216983 -0.552611
v -0.087482 0.216872 -0.544691
v 0.087455 0.216872 -0.544691
v -0.000013 0.291894 -0.601837
v -0.090168 0.294854 -0.594305
v 0.090142 0.294854 -0.594305
v 0.168772 0.300866 -0.570928
v 0.154503 0.218808 -0.522970
v -0.168798 0.300866 -0.570928
v -0.219257 0.307601 -0.541411
v -0.154530 0.218808 -0.522970
v -0.125986 0.163139 -0.455208
v -0.195475 0.222231 -0.496410
v -0.218921 0.231481 -0.465672
v -0.153433 0.167289 -0.432878
v -0.094187 0.119387 -0.382145
v -0.174127 0.173232 -0.408553
v -0.186041 0.180485 -0.383135
v -0.103234 0.113142 -0.360623
v -0.112969 0.108864 -0.339872
v -0.000013 0.079080 -0.329337
v -0.115237 0.113924 -0.313681
v -0.190384 0.189926 -0.356947
v -0.000013 0.085333 -0.297602
v -0.104708 0.129185 -0.301523
v -0.000013 0.106270 -0.282495
v -0.090063 0.149597 -0.293092
v -0.186226 0.202767 -0.333539
v -0.222733 0.275504 -0.376212
v -0.168363 0.217943 -0.319427
v -0.207836 0.290466 -0.353943
v -0.146085 0.235830 -0.314699
v -0.180830 0.305057 -0.341911
v -0.078626 0.170768 -0.288910
v -0.118733 0.254516 -0.312872
v -0.065593 0.197937 -0.289245
v -0.068451 0.278281 -0.314738
v -0.144418 0.319640 -0.337410
v -0.154106 0.372805 -0.354651
v -0.081501 0.335249 -0.338629
v -0.083953 0.383543 -0.355439
v -0.000013 0.343024 -0.340484
v -0.000013 0.386835 -0.355639
v 0.081475 0.335249 -0.338629
v -0.000013 0.287482 -0.316784
v -0.000013 0.227783 -0.292094
v 0.068424 0.278281 -0.314738
v 0.045909 0.232216 -0.295862
v 0.118707 0.254516 -0.312872
v 0.065566 0.197937 -0.289245
v 0.146058 0.235830 -0.314699
v 0.144391 0.319640 -0.337410
v 0.154080 0.372805 -0.354651
v 0.180804 0.305057 -0.341911
v 0.207809 0.290466 -0.353943
v 0.200206 0.361909 -0.362288
v 0.229148 0.350973 -0.379153
v 0.213817 0.412753 -0.361171
v 0.250881 0.408363 -0.378548
v 0.216980 0.468924 -0.342989
v 0.158735 0.419979 -0.353596
v 0.158253 0.470960 -0.332738
v 0.082859 0.430353 -0.349231
v 0.083927 0.383543 -0.355439
v -0.000013 0.434288 -0.348211
v 0.082169 0.481335 -0.327966
v 0.082870 0.533865 -0.316527
v -0.000013 0.487786 -0.326155
v -0.082196 0.481335 -0.327966
v -0.000013 0.536673 -0.316091
v -0.000013 0.576211 -0.321215
v -0.082896 0.533865 -0.316527
v -0.158521 0.523710 -0.321453
v -0.081873 0.574922 -0.321677
v -0.160889 0.565822 -0.327880
v -0.078984 0.603283 -0.351589
v -0.000013 0.604845 -0.351810
v -0.073211 0.619939 -0.398370
v -0.157815 0.593447 -0.353262
v -0.150482 0.609535 -0.391443
v -0.203986 0.581025 -0.362295
v -0.210229 0.587328 -0.389002
v -0.216891 0.558872 -0.348785
v -0.240551 0.559763 -0.379775
v -0.215021 0.519661 -0.335871
v -0.251687 0.526039 -0.363601
v -0.217006 0.468924 -0.342989
v -0.213844 0.412753 -0.361171
v -0.255207 0.476404 -0.362451
v -0.158280 0.470960 -0.332738
v -0.158762 0.419979 -0.353596
v -0.082885 0.430353 -0.349231
v -0.250907 0.408363 -0.378548
v -0.276736 0.482564 -0.389641
v -0.268203 0.524025 -0.399614
v -0.247012 0.558605 -0.421108
v -0.269753 0.516684 -0.433216
v -0.246442 0.556262 -0.453578
v -0.286688 0.520147 -0.460551
v -0.325557 0.526825 -0.478609
v -0.275603 0.558822 -0.479360
v -0.257218 0.603846 -0.517114
v -0.321684 0.561497 -0.501252
v -0.319491 0.591462 -0.537231
v -0.393425 0.544584 -0.525131
v -0.478014 0.517780 -0.554499
v -0.395010 0.564170 -0.555617
v -0.391231 0.518320 -0.504708
v -0.391647 0.571019 -0.594248
v -0.478253 0.533821 -0.580883
v -0.473218 0.538887 -0.615088
v -0.566274 0.492685 -0.604644
v -0.656979 0.431340 -0.624957
v -0.562400 0.496069 -0.634964
v -0.564594 0.480447 -0.580100
v -0.553501 0.490336 -0.665777
v -0.653434 0.433627 -0.657235
v -0.692830 0.332011 -0.663285
v -0.641338 0.427186 -0.687652
v -0.624613 0.415966 -0.711421
v -0.682881 0.326788 -0.687947
v -0.697298 0.234500 -0.670479
v -0.667555 0.318025 -0.707670
v -0.685040 0.227653 -0.685517
v -0.647723 0.307420 -0.720458
v -0.667731 0.219994 -0.695013
v -0.625096 0.297081 -0.721582
v -0.604722 0.398619 -0.723634
v -0.530862 0.457346 -0.708611
v -0.586264 0.379783 -0.723447
v -0.568212 0.362111 -0.712479
v -0.517769 0.434472 -0.714965
v -0.553782 0.347582 -0.692972
v -0.603775 0.288876 -0.708934
v -0.627973 0.210731 -0.681770
v -0.588084 0.282594 -0.688753
v -0.618435 0.210205 -0.664929
v -0.581292 0.280153 -0.663888
v -0.616104 0.213188 -0.646055
v -0.583925 0.282936 -0.637717
v -0.546178 0.338451 -0.668618
v -0.550084 0.338724 -0.642170
v -0.561977 0.346209 -0.616461
v -0.490899 0.375046 -0.635722
v -0.501189 0.381847 -0.604120
v -0.516451 0.397303 -0.578042
v -0.426404 0.407423 -0.587241
v -0.578533 0.357199 -0.592838
v -0.613001 0.300323 -0.594999
v -0.636561 0.235707 -0.587176
v -0.634944 0.310084 -0.583205
v -0.595426 0.290742 -0.613878
v -0.623469 0.227491 -0.603766
v -0.642107 0.177969 -0.582570
v -0.617567 0.218478 -0.626719
v -0.638712 0.163274 -0.600543
v -0.656460 0.130903 -0.570444
v -0.645523 0.152698 -0.615705
v -0.648820 0.145480 -0.633711
v -0.650743 0.141899 -0.649132
v -0.673368 0.107588 -0.612469
v -0.673429 0.098439 -0.619781
v -0.684738 0.089734 -0.624378
v -0.665366 0.081337 -0.631154
v -0.676072 0.081507 -0.615242
v -0.662274 0.141337 -0.662999
v -0.679203 0.083167 -0.635527
v -0.679247 0.143538 -0.664370
v -0.692273 0.148586 -0.655987
v -0.702479 0.154837 -0.643240
v -0.646250 0.213741 -0.694230
v -0.649800 0.148818 -0.549491
v -0.653952 0.124097 -0.540895
v -0.679932 0.134080 -0.556955
v -0.665563 0.122555 -0.535909
v -0.685890 0.139258 -0.554811
v -0.697269 0.110667 -0.548784
v -0.699740 0.075096 -0.529449
v -0.701882 0.136923 -0.559606
v -0.685001 0.073949 -0.535998
v -0.695599 0.049131 -0.516980
v -0.707382 0.064746 -0.542765
v -0.694103 0.043015 -0.526230
v -0.681700 0.044103 -0.527655
v -0.680792 0.050783 -0.517201
v -0.685190 0.184779 -0.571083
v -0.669969 0.126484 -0.537680
v -0.667473 0.185659 -0.566850
v -0.656655 0.148089 -0.538453
v -0.662419 0.122666 -0.524657
v -0.653971 0.184928 -0.571302
v -0.655428 0.132301 -0.527156
v -0.655416 0.242401 -0.578220
v -0.542498 0.476401 -0.691659
v -0.443219 0.496014 -0.701388
v -0.453608 0.516640 -0.681557
v -0.359926 0.524275 -0.690693
v -0.370174 0.547011 -0.668019
v -0.285210 0.545010 -0.677486
v -0.295828 0.571624 -0.651102
v -0.215610 0.556121 -0.665804
v -0.220967 0.589383 -0.641466
v -0.143964 0.558354 -0.668306
v -0.144982 0.587959 -0.643405
v -0.071471 0.574200 -0.696826
v -0.143027 0.525001 -0.684212
v -0.068145 0.539432 -0.702364
v -0.000013 0.550069 -0.709161
v -0.000013 0.586931 -0.711846
v -0.000013 0.606117 -0.687698
v 0.071444 0.574200 -0.696826
v 0.071011 0.598526 -0.671060
v 0.143938 0.558354 -0.668306
v 0.215583 0.556121 -0.665804
v 0.144955 0.587959 -0.643405
v 0.220941 0.589383 -0.641466
v 0.146876 0.610532 -0.604906
v 0.226630 0.611920 -0.604283
v 0.160016 0.617640 -0.539692
v 0.069534 0.615926 -0.630905
v -0.000013 0.621267 -0.646309
v 0.070357 0.621597 -0.569200
v 0.070423 0.625929 -0.477346
v -0.000013 0.625564 -0.579302
v -0.070384 0.621597 -0.569200
v -0.000013 0.627513 -0.486397
v -0.070449 0.625929 -0.477346
v -0.000013 0.622827 -0.400025
v 0.073184 0.619939 -0.398370
v 0.150455 0.609535 -0.391443
v 0.078957 0.603283 -0.351589
v 0.081847 0.574922 -0.321677
v 0.157788 0.593447 -0.353262
v 0.203960 0.581025 -0.362295
v 0.160863 0.565822 -0.327880
v 0.216865 0.558872 -0.348785
v 0.158494 0.523710 -0.321453
v 0.214994 0.519661 -0.335871
v 0.251661 0.526039 -0.363601
v 0.255180 0.476404 -0.362451
v 0.268176 0.524025 -0.399614
v 0.240524 0.559763 -0.379775
v 0.210202 0.587328 -0.389002
v 0.246985 0.558605 -0.421108
v 0.204040 0.598500 -0.436571
v 0.246415 0.556262 -0.453578
v 0.222562 0.605848 -0.489271
v 0.275576 0.558822 -0.479360
v 0.269726 0.516684 -0.433216
v 0.284404 0.480481 -0.426954
v 0.286662 0.520147 -0.460551
v 0.325530 0.526825 -0.478609
v 0.290470 0.486333 -0.457530
v 0.289378 0.444465 -0.468869
v 0.328504 0.491115 -0.472429
v 0.387524 0.487924 -0.497073
v 0.326114 0.455109 -0.482020
v 0.381696 0.456376 -0.505584
v 0.318398 0.428024 -0.508940
v 0.286720 0.419333 -0.495771
v 0.369704 0.430935 -0.529155
v 0.441367 0.423939 -0.557360
v 0.516425 0.397303 -0.578042
v 0.455567 0.446126 -0.538459
v 0.426377 0.407423 -0.587241
v 0.501162 0.381847 -0.604120
v 0.490872 0.375046 -0.635722
v 0.561950 0.346209 -0.616461
v 0.550057 0.338724 -0.642170
v 0.595399 0.290742 -0.613878
v 0.578507 0.357199 -0.592838
v 0.612975 0.300323 -0.594999
v 0.598385 0.371265 -0.575701
v 0.634917 0.310084 -0.583205
v 0.532368 0.417379 -0.560505
v 0.619507 0.389306 -0.569898
v 0.659754 0.319880 -0.583148
v 0.546425 0.439924 -0.555558
v 0.638675 0.406835 -0.578671
v 0.678636 0.326596 -0.593915
v 0.651889 0.421862 -0.598135
v 0.558429 0.463038 -0.563180
v 0.475024 0.497279 -0.536672
v 0.564567 0.480447 -0.580100
v 0.477988 0.517780 -0.554499
v 0.566247 0.492685 -0.604644
v 0.656953 0.431340 -0.624957
v 0.562373 0.496069 -0.634964
v 0.478226 0.533821 -0.580883
v 0.394983 0.564170 -0.555617
v 0.473191 0.538887 -0.615088
v 0.391620 0.571019 -0.594248
v 0.463878 0.532162 -0.651592
v 0.553474 0.490336 -0.665777
v 0.381965 0.563604 -0.633786
v 0.453582 0.516640 -0.681557
v 0.542471 0.476401 -0.691659
v 0.370147 0.547011 -0.668019
v 0.443192 0.496014 -0.701388
v 0.530836 0.457346 -0.708611
v 0.359899 0.524275 -0.690693
v 0.432405 0.472056 -0.710285
v 0.517743 0.434472 -0.714965
v 0.350896 0.498149 -0.701617
v 0.422379 0.446947 -0.705450
v 0.504510 0.411369 -0.708519
v 0.568186 0.362111 -0.712479
v 0.493856 0.392020 -0.690449
v 0.488922 0.379945 -0.665652
v 0.553755 0.347582 -0.692972
v 0.588057 0.282594 -0.688753
v 0.546151 0.338451 -0.668618
v 0.581265 0.280153 -0.663888
v 0.616077 0.213188 -0.646055
v 0.583899 0.282936 -0.637717
v 0.617540 0.218478 -0.626719
v 0.623442 0.227491 -0.603766
v 0.638686 0.163274 -0.600543
v 0.656433 0.130903 -0.570444
v 0.645497 0.152698 -0.615705
v 0.642081 0.177969 -0.582570
v 0.649773 0.148818 -0.549491
v 0.653944 0.184928 -0.571302
v 0.636535 0.235707 -0.587176
v 0.656628 0.148089 -0.538453
v 0.667446 0.185659 -0.566850
v 0.669942 0.126484 -0.537680
v 0.685163 0.184779 -0.571083
v 0.655389 0.242401 -0.578220
v 0.677526 0.246349 -0.580826
v 0.693644 0.247303 -0.592415
v 0.698375 0.180186 -0.581697
v 0.703840 0.246290 -0.610664
v 0.707285 0.174384 -0.596894
v 0.707319 0.243970 -0.631039
v 0.691436 0.331270 -0.613192
v 0.695761 0.332917 -0.637034
v 0.692803 0.332011 -0.663285
v 0.704918 0.239898 -0.652180
v 0.682854 0.326788 -0.687947
v 0.653407 0.433627 -0.657235
v 0.641311 0.427186 -0.687652
v 0.624586 0.415966 -0.711421
v 0.667528 0.318025 -0.707670
v 0.604696 0.398619 -0.723634
v 0.586238 0.379783 -0.723447
v 0.647696 0.307420 -0.720458
v 0.667704 0.219994 -0.695013
v 0.625069 0.297081 -0.721582
v 0.646224 0.213741 -0.694230
v 0.603748 0.288876 -0.708934
v 0.627947 0.210731 -0.681770
v 0.618408 0.210205 -0.664929
v 0.650717 0.141899 -0.649132
v 0.673402 0.098439 -0.619781
v 0.648793 0.145480 -0.633711
v 0.662247 0.141337 -0.662999
v 0.679220 0.143538 -0.664370
v 0.665339 0.081337 -0.631154
v 0.679177 0.083167 -0.635527
v 0.676045 0.081507 -0.615242
v 0.684711 0.089734 -0.624378
v 0.692246 0.148586 -0.655987
v 0.702693 0.097437 -0.619083
v 0.679686 0.077112 -0.603325
v 0.673342 0.107588 -0.612469
v 0.701103 0.066445 -0.606553
v 0.693943 0.092906 -0.578407
v 0.677143 0.040725 -0.585960
v 0.675829 0.015917 -0.569486
v 0.697370 0.033540 -0.589125
v 0.684782 0.052159 -0.568794
v 0.701907 0.045348 -0.570880
v 0.678481 0.026752 -0.556637
v 0.687874 0.022837 -0.557014
v 0.687475 0.016663 -0.570592
v 0.711013 0.076348 -0.592162
v 0.711709 0.106722 -0.606455
v 0.713930 0.118068 -0.591850
v 0.709082 0.161222 -0.629238
v 0.711014 0.167981 -0.613164
v 0.702452 0.154837 -0.643240
v 0.697271 0.234500 -0.670479
v 0.685014 0.227653 -0.685517
v 0.713697 0.127363 -0.575322
v 0.701855 0.136923 -0.559606
v 0.716485 0.099416 -0.561082
v 0.697242 0.110667 -0.548784
v 0.707355 0.064746 -0.542765
v 0.699714 0.075096 -0.529449
v 0.694077 0.043015 -0.526230
v 0.686422 0.063378 -0.551487
v 0.684974 0.073949 -0.535998
v 0.681674 0.044103 -0.527655
v 0.680765 0.050783 -0.517201
v 0.695573 0.049131 -0.516980
v 0.684758 0.105375 -0.561016
v 0.679905 0.134080 -0.556955
v 0.685863 0.139258 -0.554811
v 0.665536 0.122555 -0.535909
v 0.662392 0.122666 -0.524657
v 0.653926 0.124097 -0.540895
v 0.655402 0.132301 -0.527156
v 0.667403 0.122763 -0.594877
v 0.277049 0.515186 -0.691306
v 0.285184 0.545010 -0.677486
v 0.295801 0.571624 -0.651102
v 0.307239 0.591286 -0.615597
v 0.316422 0.601322 -0.577857
v 0.319464 0.591462 -0.537231
v 0.237760 0.617745 -0.562112
v 0.257192 0.603846 -0.517114
v 0.321657 0.561497 -0.501252
v 0.393398 0.544584 -0.525131
v 0.391204 0.518320 -0.504708
v 0.467220 0.471917 -0.530316
v 0.287652 0.406447 -0.437499
v 0.260934 0.330575 -0.430816
v 0.274459 0.406210 -0.402073
v 0.250045 0.339989 -0.404818
v 0.276710 0.482564 -0.389641
v 0.222706 0.275504 -0.376212
v 0.228972 0.260346 -0.404431
v 0.186200 0.202767 -0.333539
v 0.168336 0.217943 -0.319427
v 0.104681 0.129185 -0.301523
v 0.190357 0.189926 -0.356947
v 0.115210 0.113924 -0.313681
v 0.090036 0.149597 -0.293092
v -0.000013 0.131080 -0.276417
v 0.078599 0.170768 -0.288910
v -0.000013 0.151004 -0.276226
v -0.000013 0.180793 -0.279555
v 0.145074 0.624035 -0.452611
v -0.145101 0.624035 -0.452611
v -0.160042 0.617640 -0.539692
v -0.204066 0.598500 -0.436571
v -0.222589 0.605848 -0.489271
v -0.237786 0.617745 -0.562112
v -0.146902 0.610532 -0.604906
v -0.069561 0.615926 -0.630905
v -0.226657 0.611920 -0.604283
v -0.307265 0.591286 -0.615597
v -0.316449 0.601322 -0.577857
v -0.381991 0.563604 -0.633786
v -0.463904 0.532162 -0.651592
v -0.071038 0.598526 -0.671060
v -0.704945 0.239898 -0.652180
v -0.695788 0.332917 -0.637034
v -0.229174 0.350973 -0.379153
v -0.250072 0.339989 -0.404818
v -0.200233 0.361909 -0.362288
v -0.045936 0.232216 -0.295862
v -0.228999 0.260346 -0.404431
v -0.228143 0.245458 -0.434443
v -0.083105 0.126164 -0.406053
v 0.676045 0.081507 -0.615242
v 0.679177 0.083167 -0.635527
v 0.680253 0.073510 -0.622386
v -0.679203 0.083167 -0.635527
v -0.676072 0.081507 -0.615242
v -0.680280 0.073510 -0.622386
vn -0.8579 -0.0616 0.5101
vn -0.4787 -0.6263 -0.6154
vn -0.3139 -0.9376 -0.1495
vn -0.4599 -0.4226 0.7810
vn 0.8700 -0.1945 -0.4531
vn 0.7322 -0.6802 -0.0344
vn -0.4651 -0.4909 -0.7367
vn 0.8663 -0.3964 -0.3039
vn -0.9757 -0.1155 0.1862
vn -0.9859 -0.1250 -0.1110
vn -0.6817 -0.3610 -0.6364
vn -0.3190 -0.8033 -0.5030
vn 0.4249 0.4004 0.8119
vn 0.3203 -0.8758 0.3611
vn -0.9942 -0.1072 0.0018
vn 0.8949 -0.4129 0.1694
vn 0.8267 -0.5556 0.0892
vn 0.7917 -0.6063 0.0752
vn 0.8800 -0.2535 0.4017
vn 0.8746 0.3136 0.3698
vn 0.4827 -0.5480 -0.6832
vn -0.8882 -0.4379 -0.1389
vn -0.9802 -0.1829 0.0764
vn -0.9722 0.0700 0.2233
vn 0.5012 -0.0396 0.8644
vn -0.9985 0.0541 -0.0125
vn -0.9601 -0.0543 -0.2744
vn -0.9468 0.1615 0.2785
vn -0.9638 0.0352 -0.2642
vn -0.9957 0.0912 0.0171
vn -0.9346 0.1298 0.3311
vn -0.7420 0.2515 0.6215
vn -0.7332 0.1533 0.6625
vn -0.5981 0.3121 0.7381
vn -0.8946 0.2273 0.3848
vn -0.9677 0.2489 0.0403
vn -0.6652 0.1548 0.7304
vn -0.4364 0.2822 0.8544
vn -0.3490 0.1482 0.9253
vn -0.2702 0.0277 0.9624
vn -0.2082 -0.0350 0.9775
vn -0.5248 0.2666 0.8084
vn -0.7197 0.4855 0.4963
vn -0.4105 0.3584 0.8385
vn -0.5045 0.6538 0.5639
vn -0.2175 -0.0674 0.9737
vn 0.2024 -0.1229 0.9716
vn 0.1444 -0.3311 0.9325
vn 0.0088 -0.4594 0.8882
vn -0.1695 -0.5185 0.8381
vn -0.3173 -0.0937 0.9437
vn -0.4139 0.3599 0.8362
vn -0.3794 -0.0670 0.9228
vn -0.4012 0.3692 0.8383
vn -0.3041 -0.5227 0.7964
vn 0.1740 -0.7036 0.6889
vn -0.0273 -0.7851 0.6188
vn -0.1908 -0.8236 0.5341
vn -0.3192 -0.8195 0.4760
vn -0.3793 -0.4872 0.7866
vn -0.3864 -0.0385 0.9215
vn -0.8627 -0.2843 0.4182
vn -0.7608 0.0581 0.6464
vn -0.8158 -0.5524 0.1713
vn -0.9636 -0.2536 -0.0842
vn -0.9707 -0.1598 0.1792
vn -0.9679 0.1271 0.2169
vn -0.9082 0.0777 0.4114
vn -0.8451 -0.1952 0.4977
vn -0.8289 -0.2253 0.5120
vn -0.9196 -0.3058 0.2465
vn -0.9317 -0.3610 -0.0398
vn -0.8565 -0.3664 -0.3635
vn -0.8336 -0.4180 -0.3610
vn -0.6534 -0.7410 -0.1546
vn -0.6234 -0.4636 -0.6296
vn -0.6344 -0.4822 -0.6042
vn -0.4311 -0.7881 -0.4393
vn -0.1937 -0.9741 0.1163
vn -0.0524 -0.9757 -0.2128
vn -0.0397 -0.9769 0.2102
vn 0.1071 -0.9861 -0.1267
vn 0.0631 -0.8844 -0.4625
vn -0.2393 -0.7522 -0.6139
vn 0.1883 -0.8964 -0.4013
vn 0.1596 -0.6831 -0.7127
vn -0.0859 -0.5933 -0.8004
vn 0.2184 -0.7028 -0.6771
vn 0.3106 -0.8845 -0.3481
vn 0.2936 -0.6989 -0.6522
vn 0.2510 -0.9678 -0.0181
vn 0.4206 -0.9000 0.1147
vn 0.4667 -0.8377 -0.2837
vn 0.4073 -0.6602 -0.6310
vn 0.2708 -0.3634 -0.8914
vn 0.2002 -0.3602 -0.9111
vn 0.1835 -0.3348 -0.9243
vn 0.0808 0.0342 -0.9961
vn 0.0473 0.0984 -0.9940
vn 0.0796 0.1540 -0.9849
vn 0.1230 0.1817 -0.9756
vn 0.1853 -0.3116 -0.9320
vn 0.0108 -0.2545 -0.9670
vn 0.0290 0.1914 -0.9811
vn -0.1960 0.1749 -0.9649
vn -0.1874 -0.1871 -0.9643
vn -0.2280 -0.4958 -0.8379
vn -0.3577 -0.5433 -0.7596
vn -0.1076 -0.4675 -0.8774
vn -0.1432 -0.1478 -0.9786
vn -0.1413 -0.5263 -0.8385
vn -0.0000 -0.4605 -0.8876
vn -0.0000 -0.5154 -0.8569
vn -0.0000 -0.1341 -0.9910
vn 0.1432 -0.1478 -0.9786
vn 0.1076 -0.4675 -0.8774
vn 0.1413 -0.5263 -0.8385
vn 0.2280 -0.4958 -0.8379
vn 0.3577 -0.5433 -0.7596
vn 0.1874 -0.1871 -0.9643
vn 0.2126 0.1049 -0.9715
vn -0.0000 0.0432 -0.9991
vn 0.1960 0.1749 -0.9649
vn -0.0290 0.1914 -0.9811
vn -0.0108 -0.2545 -0.9670
vn 0.0859 -0.5933 -0.8004
vn -0.1230 0.1817 -0.9756
vn -0.1853 -0.3116 -0.9320
vn -0.1596 -0.6831 -0.7127
vn 0.2393 -0.7522 -0.6139
vn -0.0631 -0.8844 -0.4625
vn -0.2184 -0.7028 -0.6771
vn -0.1883 -0.8964 -0.4013
vn -0.1835 -0.3348 -0.9243
vn -0.2002 -0.3602 -0.9111
vn -0.2936 -0.6989 -0.6522
vn -0.3106 -0.8845 -0.3480
vn -0.2510 -0.9678 -0.0181
vn -0.1071 -0.9861 -0.1267
vn 0.0524 -0.9757 -0.2128
vn -0.1199 -0.9352 0.3331
vn 0.0397 -0.9769 0.2102
vn 0.1937 -0.9741 0.1163
vn 0.4311 -0.7881 -0.4393
vn 0.6534 -0.7410 -0.1546
vn 0.6344 -0.4822 -0.6042
vn 0.8565 -0.3664 -0.3635
vn 0.3889 -0.4879 -0.7815
vn 0.6234 -0.4636 -0.6296
vn 0.8336 -0.4180 -0.3610
vn 0.8158 -0.5524 0.1713
vn 0.9636 -0.2536 -0.0842
vn 0.9317 -0.3610 -0.0398
vn 0.7670 -0.5884 -0.2561
vn 0.5737 -0.6495 -0.4990
vn 0.8803 -0.4744 0.0079
vn 0.6261 -0.7505 -0.2114
vn 0.4684 -0.8131 -0.3455
vn 0.7706 -0.6372 -0.0124
vn 0.4849 -0.8731 -0.0504
vn 0.3632 -0.8778 -0.3124
vn 0.2993 -0.8852 -0.3562
vn -0.0000 -0.9317 -0.3633
vn -0.0000 -0.9220 -0.3872
vn -0.0000 -0.9978 -0.0664
vn 0.2364 -0.8907 -0.3882
vn 0.3283 -0.8275 -0.4556
vn -0.0000 -0.9198 -0.3923
vn -0.0000 -0.8971 -0.4418
vn 0.1464 -0.8849 -0.4421
vn 0.1686 -0.8215 -0.5447
vn -0.0000 -0.8160 -0.5781
vn -0.1464 -0.8849 -0.4421
vn -0.1686 -0.8215 -0.5447
vn -0.2364 -0.8907 -0.3882
vn -0.1756 -0.6565 -0.7336
vn -0.0000 -0.6550 -0.7557
vn 0.1756 -0.6565 -0.7336
vn -0.1775 -0.4991 -0.8482
vn -0.0000 -0.5024 -0.8646
vn 0.1775 -0.4991 -0.8482
vn 0.3688 -0.6589 -0.6557
vn -0.3688 -0.6589 -0.6557
vn -0.3889 -0.4879 -0.7815
vn -0.5737 -0.6495 -0.4990
vn -0.3283 -0.8275 -0.4556
vn -0.4684 -0.8131 -0.3455
vn -0.7670 -0.5884 -0.2561
vn -0.6261 -0.7505 -0.2114
vn -0.2992 -0.8852 -0.3562
vn -0.3633 -0.8778 -0.3124
vn -0.7706 -0.6372 -0.0124
vn -0.8803 -0.4744 0.0079
vn -0.4849 -0.8731 -0.0504
vn -0.5406 -0.7113 0.4492
vn -0.8344 -0.4655 0.2950
vn -0.0000 -0.8361 0.5485
vn -0.7315 -0.2227 0.6445
vn -0.4182 -0.3642 0.8321
vn -0.0000 -0.4121 0.9111
vn -0.0000 -0.1566 0.9877
vn -0.2934 -0.1141 0.9492
vn -0.4918 0.0015 0.8707
vn -0.8498 -0.1495 0.5055
vn -0.9104 -0.3362 0.2413
vn -0.6332 0.0618 0.7715
vn -0.3011 0.1561 0.9407
vn -0.3505 0.2117 0.9123
vn -0.2145 0.0508 0.9754
vn -0.1519 0.2931 0.9439
vn -0.1759 0.2617 0.9490
vn -0.1469 0.1892 0.9709
vn -0.0775 0.3072 0.9485
vn -0.0705 0.3495 0.9343
vn -0.0434 0.3411 0.9390
vn -0.3392 0.0487 0.9395
vn -0.1089 0.1122 0.9877
vn -0.0174 0.1011 0.9947
vn -0.0000 0.3560 0.9345
vn -0.0000 0.0890 0.9960
vn -0.0000 0.3821 0.9241
vn 0.0434 0.3411 0.9390
vn 0.0174 0.1011 0.9947
vn 0.0705 0.3495 0.9343
vn -0.0000 0.3063 0.9519
vn 0.0775 0.3072 0.9485
vn 0.1469 0.1892 0.9709
vn 0.1759 0.2617 0.9490
vn 0.1519 0.2931 0.9439
vn 0.2145 0.0508 0.9754
vn 0.3011 0.1561 0.9407
vn 0.3505 0.2117 0.9123
vn 0.1089 0.1121 0.9877
vn 0.3392 0.0487 0.9395
vn 0.4918 0.0015 0.8707
vn 0.6332 0.0618 0.7715
vn 0.6270 -0.0887 0.7740
vn 0.5965 -0.2175 0.7726
vn 0.2977 -0.2073 0.9319
vn 0.0720 -0.2150 0.9740
vn 0.3283 -0.2078 0.9215
vn 0.6589 -0.0724 0.7488
vn 0.0887 -0.2799 0.9559
vn 0.0016 -0.2543 0.9671
vn 0.0082 -0.2954 0.9553
vn -0.0000 -0.2689 0.9632
vn -0.0000 -0.2920 0.9564
vn 0.1581 -0.0140 0.9873
vn 0.0350 -0.0339 0.9988
vn -0.0000 -0.0374 0.9993
vn -0.0082 -0.2954 0.9553
vn -0.0016 -0.2543 0.9671
vn -0.0350 -0.0339 0.9988
vn 0.0614 0.4537 0.8890
vn -0.0000 0.4563 0.8898
vn -0.0614 0.4537 0.8890
vn -0.2208 0.4336 0.8737
vn -0.1581 -0.0140 0.9873
vn -0.0887 -0.2799 0.9559
vn -0.0680 0.8470 0.5272
vn -0.2236 0.8185 0.5292
vn -0.0000 0.8525 0.5227
vn -0.0000 0.9794 0.2021
vn -0.0501 0.9737 0.2222
vn -0.2051 0.9467 0.2485
vn -0.5071 0.8299 0.2325
vn -0.4264 0.7641 0.4841
vn -0.5053 0.4818 0.7159
vn -0.7208 0.5992 0.3485
vn -0.4172 0.0748 0.9057
vn -0.7430 0.2686 0.6130
vn -0.3283 -0.2078 0.9215
vn -0.6589 -0.0724 0.7487
vn -0.2977 -0.2073 0.9319
vn -0.0720 -0.2150 0.9740
vn -0.5965 -0.2175 0.7726
vn -0.9000 0.3840 0.2063
vn -0.8734 0.4233 0.2408
vn -0.7872 0.6101 0.0905
vn -0.6986 0.6280 0.3430
vn -0.5694 0.4060 0.7148
vn -0.4302 0.6209 0.6553
vn -0.3658 0.3716 0.8533
vn -0.3472 0.6415 0.6841
vn -0.2816 0.8772 0.3888
vn -0.3680 0.8919 0.2627
vn -0.3361 0.8574 0.3896
vn -0.4026 0.6573 0.6371
vn -0.4006 0.8516 0.3381
vn -0.4447 0.6675 0.5972
vn -0.4353 0.8566 0.2771
vn -0.3458 0.9361 -0.0643
vn -0.2838 0.9581 -0.0385
vn -0.3773 0.9217 -0.0899
vn -0.5217 0.8238 0.2220
vn -0.4736 0.8706 -0.1332
vn -0.7853 0.6045 0.1339
vn -0.7462 0.6287 -0.2191
vn -0.3897 0.8167 -0.4255
vn -0.2986 0.8712 -0.3897
vn -0.6384 0.5734 -0.5135
vn -0.9347 0.2356 -0.2661
vn -0.8263 0.1854 -0.5318
vn -0.2769 0.6753 -0.6836
vn -0.4598 0.4525 -0.7641
vn -0.6359 0.0931 -0.7661
vn -0.6857 -0.1221 -0.7176
vn -0.8635 -0.0341 -0.5032
vn -0.3027 -0.0531 -0.9516
vn -0.3307 -0.2557 -0.9084
vn -0.1885 0.2311 -0.9545
vn 0.1523 -0.2268 -0.9620
vn 0.2116 -0.3939 -0.8945
vn 0.1374 -0.0519 -0.9892
vn -0.1163 0.4129 -0.9033
vn 0.5337 -0.3574 -0.7664
vn 0.4230 -0.3191 -0.8481
vn -0.1007 0.4913 -0.8652
vn 0.6144 -0.5253 -0.5887
vn 0.7645 -0.4450 -0.4663
vn 0.6469 -0.4554 -0.6117
vn 0.8484 -0.4611 -0.2602
vn 0.8745 -0.4802 -0.0679
vn 0.9015 -0.4329 -0.0004
vn 0.7223 -0.6650 -0.1898
vn 0.8486 -0.4314 0.3062
vn 0.9085 -0.3487 0.2302
vn 0.6841 -0.6817 0.2593
vn 0.7399 -0.3361 0.5827
vn 0.5541 -0.6148 0.5613
vn 0.2992 -0.8411 0.4506
vn 0.1199 -0.9352 0.3331
vn 0.3973 -0.5153 0.7593
vn 0.5493 -0.2391 0.8007
vn 0.1653 0.0825 0.9828
vn 0.5865 -0.0397 0.8090
vn 0.8217 -0.1951 0.5355
vn 0.4959 0.2795 0.8222
vn 0.9030 -0.0567 0.4260
vn 0.9228 -0.3732 0.0952
vn 0.8706 -0.4919 0.0071
vn 0.9310 0.1184 0.3453
vn 0.8859 -0.4638 0.0076
vn 0.8844 -0.4176 -0.2086
vn 0.9425 -0.2959 0.1551
vn -0.0464 -0.6308 0.7746
vn 0.5787 -0.7937 -0.1875
vn 0.4361 -0.4596 -0.7737
vn -0.3986 -0.7076 -0.5835
vn -0.3611 -0.3763 -0.8532
vn -0.6973 -0.2726 -0.6629
vn -0.8260 -0.1878 -0.5315
vn 0.7868 0.0172 0.6169
vn 0.6401 -0.7648 -0.0727
vn -0.1414 -0.6998 0.7001
vn -0.4133 -0.8482 0.3311
vn -0.1435 0.2864 0.9473
vn -0.8330 -0.1911 0.5193
vn -0.4239 0.2051 0.8822
vn -0.3606 0.3840 0.8500
vn -0.3806 -0.1911 0.9048
vn 0.7103 -0.1003 0.6967
vn -0.4742 -0.8770 0.0777
vn 0.5932 -0.7928 -0.1395
vn -0.1307 0.3333 0.9337
vn 0.0778 -0.3897 0.9176
vn 0.0610 0.5738 0.8167
vn -0.2115 0.7367 -0.6422
vn -0.0415 0.5433 -0.8385
vn -0.1482 0.7687 -0.6222
vn -0.1026 0.7690 -0.6310
vn 0.0141 0.5509 -0.8345
vn -0.0018 0.5296 -0.8483
vn -0.0453 0.7624 -0.6455
vn -0.1647 0.7701 -0.6163
vn -0.2102 0.4934 -0.8441
vn -0.2649 0.7980 -0.5413
vn -0.2932 0.4349 -0.8514
vn -0.2126 0.1049 -0.9715
vn -0.0000 0.4442 -0.8959
vn 0.2932 0.4349 -0.8514
vn -0.0000 0.8468 -0.5319
vn 0.2649 0.7980 -0.5413
vn 0.1647 0.7701 -0.6163
vn 0.2102 0.4934 -0.8441
vn 0.0018 0.5296 -0.8483
vn 0.0453 0.7624 -0.6455
vn 0.0747 0.9549 -0.2874
vn 0.0684 0.9388 -0.3375
vn 0.1530 0.9540 -0.2579
vn 0.0841 0.9962 -0.0213
vn 0.1217 0.9926 0.0013
vn 0.0686 0.9951 -0.0710
vn -0.0000 0.9700 -0.2430
vn -0.0000 0.9983 -0.0578
vn 0.1628 0.9830 0.0855
vn 0.0434 0.9988 0.0207
vn -0.0000 0.9999 0.0110
vn -0.1530 0.9540 -0.2579
vn -0.0686 0.9951 -0.0710
vn -0.0434 0.9988 0.0207
vn 0.0501 0.9737 0.2222
vn 0.0680 0.8470 0.5272
vn 0.2051 0.9467 0.2485
vn 0.2236 0.8185 0.5292
vn 0.2208 0.4336 0.8737
vn 0.4264 0.7641 0.4841
vn 0.5071 0.8299 0.2325
vn 0.5053 0.4818 0.7159
vn 0.4172 0.0748 0.9057
vn 0.7430 0.2686 0.6130
vn 0.7208 0.5992 0.3485
vn 0.9000 0.3840 0.2063
vn 0.9082 0.0777 0.4114
vn 0.7872 0.6101 0.0905
vn 0.4914 0.8589 0.1444
vn 0.8734 0.4233 0.2408
vn 0.6986 0.6280 0.3430
vn 0.3680 0.8919 0.2627
vn 0.4302 0.6209 0.6553
vn 0.2816 0.8772 0.3889
vn 0.5694 0.4060 0.7148
vn 0.9679 0.1271 0.2168
vn 0.7608 0.0580 0.6464
vn 0.3864 -0.0385 0.9215
vn 0.3658 0.3716 0.8533
vn 0.3472 0.6415 0.6841
vn 0.8627 -0.2843 0.4182
vn 0.9707 -0.1598 0.1792
vn 0.3793 -0.4872 0.7866
vn 0.3794 -0.0670 0.9228
vn 0.4012 0.3692 0.8383
vn 0.3041 -0.5227 0.7964
vn 0.3192 -0.8195 0.4760
vn 0.1908 -0.8236 0.5341
vn 0.0273 -0.7851 0.6188
vn 0.1695 -0.5185 0.8381
vn -0.1740 -0.7036 0.6889
vn -0.0088 -0.4594 0.8882
vn -0.2992 -0.8411 0.4506
vn -0.4206 -0.9000 0.1147
vn -0.6841 -0.6817 0.2593
vn -0.5541 -0.6148 0.5613
vn -0.3973 -0.5153 0.7593
vn -0.8486 -0.4314 0.3062
vn -0.7399 -0.3361 0.5827
vn -0.5493 -0.2391 0.8007
vn -0.1444 -0.3311 0.9325
vn -0.2024 -0.1229 0.9716
vn 0.2082 -0.0350 0.9775
vn 0.2702 0.0277 0.9624
vn 0.2175 -0.0674 0.9737
vn 0.5248 0.2666 0.8084
vn 0.6652 0.1548 0.7304
vn 0.4105 0.3584 0.8385
vn 0.8946 0.2273 0.3848
vn 0.7197 0.4855 0.4963
vn 0.5045 0.6538 0.5639
vn 0.4139 0.3599 0.8362
vn 0.3173 -0.0937 0.9437
vn 0.4447 0.6675 0.5972
vn 0.5217 0.8238 0.2220
vn 0.4353 0.8566 0.2771
vn 0.7853 0.6045 0.1339
vn 0.7462 0.6287 -0.2191
vn 0.4736 0.8706 -0.1332
vn 0.3773 0.9217 -0.0899
vn 0.4006 0.8516 0.3381
vn 0.4026 0.6573 0.6371
vn 0.3458 0.9361 -0.0643
vn 0.2986 0.8712 -0.3897
vn 0.3897 0.8167 -0.4255
vn 0.2492 0.8891 -0.3840
vn 0.2115 0.7367 -0.6422
vn 0.2769 0.6753 -0.6836
vn 0.1482 0.7687 -0.6222
vn 0.1007 0.4913 -0.8652
vn 0.1163 0.4129 -0.9033
vn 0.0415 0.5433 -0.8385
vn -0.0473 0.0984 -0.9940
vn -0.0808 0.0342 -0.9961
vn -0.0796 0.1540 -0.9849
vn -0.2708 -0.3634 -0.8914
vn -0.4073 -0.6602 -0.6310
vn -0.1374 -0.0519 -0.9892
vn -0.4230 -0.3191 -0.8481
vn -0.6144 -0.5253 -0.5887
vn -0.4667 -0.8377 -0.2837
vn -0.7223 -0.6650 -0.1898
vn -0.5337 -0.3574 -0.7664
vn -0.7645 -0.4450 -0.4664
vn -0.8745 -0.4802 -0.0679
vn -0.8483 -0.4611 -0.2602
vn -0.9015 -0.4329 -0.0004
vn -0.9085 -0.3487 0.2302
vn -0.8217 -0.1951 0.5355
vn -0.9228 -0.3732 0.0952
vn -0.9030 -0.0567 0.4260
vn -0.8706 -0.4919 0.0071
vn -0.7917 -0.6063 0.0752
vn -0.9310 0.1184 0.3453
vn -0.8267 -0.5556 0.0892
vn -0.0610 0.5738 0.8167
vn -0.4959 0.2795 0.8222
vn -0.5865 -0.0397 0.8090
vn 0.1307 0.3333 0.9337
vn -0.1653 0.0825 0.9828
vn 0.8330 -0.1911 0.5193
vn 0.4239 0.2051 0.8822
vn 0.4364 0.2822 0.8544
vn 0.3490 0.1482 0.9253
vn 0.7332 0.1533 0.6625
vn 0.7420 0.2515 0.6215
vn 0.9346 0.1298 0.3311
vn 0.9468 0.1615 0.2785
vn 0.9985 0.0541 -0.0125
vn 0.9957 0.0912 0.0171
vn 0.9677 0.2489 0.0403
vn 0.9347 0.2356 -0.2661
vn 0.9638 0.0352 -0.2642
vn 0.8635 -0.0340 -0.5032
vn 0.8263 0.1854 -0.5318
vn 0.6384 0.5734 -0.5135
vn 0.4598 0.4525 -0.7641
vn 0.6359 0.0931 -0.7661
vn 0.1885 0.2311 -0.9545
vn 0.3027 -0.0531 -0.9516
vn -0.1523 -0.2268 -0.9620
vn 0.6857 -0.1221 -0.7176
vn 0.3307 -0.2557 -0.9084
vn -0.2116 -0.3939 -0.8945
vn -0.6469 -0.4554 -0.6117
vn -0.4361 -0.4596 -0.7737
vn -0.8844 -0.4176 -0.2086
vn -0.8859 -0.4638 0.0076
vn -0.5788 -0.7936 -0.1875
vn -0.9425 -0.2959 0.1552
vn -0.8949 -0.4129 0.1694
vn 0.3611 -0.3762 -0.8532
vn 0.3986 -0.7076 -0.5835
vn 0.3190 -0.8033 -0.5030
vn 0.0464 -0.6308 0.7746
vn 0.6817 -0.3610 -0.6364
vn 0.6973 -0.2726 -0.6629
vn 0.8260 -0.1878 -0.5315
vn -0.8663 -0.3964 -0.3039
vn 0.4651 -0.4909 -0.7367
vn -0.3204 -0.8758 0.3611
vn 0.4787 -0.6263 -0.6154
vn -0.8700 -0.1945 -0.4531
vn -0.4249 0.4004 0.8119
vn -0.7322 -0.6802 -0.0344
vn -0.5012 -0.0396 0.8644
vn 0.3139 -0.9376 -0.1495
vn 0.9757 -0.1155 0.1862
vn 0.8579 -0.0616 0.5101
vn 0.4599 -0.4226 0.7810
vn 0.9942 -0.1072 0.0018
vn 0.9859 -0.1250 -0.1110
vn 0.9601 -0.0543 -0.2744
vn 0.9722 0.0700 0.2233
vn 0.9802 -0.1829 0.0764
vn 0.5981 0.3121 0.7381
vn 0.1435 0.2864 0.9473
vn -0.4827 -0.5479 -0.6832
vn 0.8882 -0.4379 -0.1389
vn 0.3606 0.3840 0.8500
vn 0.3806 -0.1911 0.9048
vn 0.4742 -0.8770 0.0777
vn -0.5932 -0.7929 -0.1395
vn -0.8800 -0.2535 0.4017
vn -0.8746 0.3136 0.3698
vn -0.7103 -0.1003 0.6967
vn 0.1414 -0.6999 0.7001
vn 0.4133 -0.8483 0.3311
vn -0.6401 -0.7648 -0.0727
vn -0.0778 -0.3897 0.9176
vn -0.7868 0.0172 0.6169
vn -0.0141 0.5509 -0.8345
vn 0.1026 0.7690 -0.6310
vn 0.2013 0.9014 -0.3832
vn 0.2838 0.9581 -0.0385
vn 0.3361 0.8574 0.3896
vn 0.9196 -0.3058 0.2465
vn 0.8451 -0.1952 0.4976
vn 0.8289 -0.2253 0.5120
vn 0.8498 -0.1495 0.5055
vn 0.9104 -0.3362 0.2413
vn 0.8344 -0.4655 0.2950
vn 0.7315 -0.2227 0.6445
vn 0.2934 -0.1141 0.9492
vn 0.4182 -0.3642 0.8321
vn 0.5406 -0.7113 0.4492
vn -0.0000 0.0082 1.0000
vn -0.0000 0.1570 0.9876
vn -0.1628 0.9830 0.0855
vn -0.0841 0.9962 -0.0213
vn -0.4914 0.8589 0.1444
vn -0.1217 0.9926 0.0013
vn -0.0684 0.9388 -0.3375
vn -0.0747 0.9549 -0.2874
vn -0.2013 0.9014 -0.3832
vn -0.2492 0.8891 -0.3840
vn -0.6270 -0.0887 0.7740
vn -0.9266 -0.3353 -0.1705
vn 0.9266 0.3353 0.1705
vn 0.9266 -0.3353 -0.1704
vn -0.9266 0.3353 0.1704
vt 0.849121 0.788726
vt 0.851255 0.787813
vt 0.850989 0.794705
vt 0.847701 0.799940
vt 0.853273 0.787714
vt 0.852424 0.795712
vt 0.853707 0.777651
vt 0.856422 0.777578
vt 0.850952 0.777785
vt 0.852508 0.770616
vt 0.858158 0.769730
vt 0.860624 0.769823
vt 0.364279 0.630681
vt 0.361649 0.629175
vt 0.369291 0.615074
vt 0.371561 0.621073
vt 0.376056 0.611042
vt 0.375727 0.604217
vt 0.858036 0.787719
vt 0.857193 0.792112
vt 0.855484 0.787423
vt 0.359850 0.385952
vt 0.365979 0.397115
vt 0.360893 0.397794
vt 0.355929 0.386977
vt 0.353237 0.376515
vt 0.354127 0.373657
vt 0.354107 0.370863
vt 0.357502 0.375735
vt 0.854586 0.792631
vt 0.373552 0.598149
vt 0.365814 0.606217
vt 0.854308 0.800001
vt 0.360424 0.639566
vt 0.358425 0.638717
vt 0.391246 0.596712
vt 0.394401 0.600399
vt 0.388113 0.593076
vt 0.871646 0.718032
vt 0.861819 0.742442
vt 0.859921 0.741065
vt 0.868181 0.717857
vt 0.864730 0.717897
vt 0.858273 0.737598
vt 0.310175 0.374594
vt 0.312401 0.377038
vt 0.304814 0.392349
vt 0.303214 0.388776
vt 0.385280 0.589228
vt 0.366943 0.593730
vt 0.302800 0.383752
vt 0.292495 0.396811
vt 0.290606 0.392204
vt 0.295411 0.403775
vt 0.312793 0.381654
vt 0.306197 0.396019
vt 0.299017 0.406267
vt 0.865343 0.673277
vt 0.861894 0.668445
vt 0.863621 0.649339
vt 0.870724 0.654944
vt 0.877424 0.656792
vt 0.869692 0.679948
vt 0.863777 0.622512
vt 0.869189 0.621885
vt 0.858962 0.622022
vt 0.854826 0.663022
vt 0.857690 0.645447
vt 0.853633 0.620884
vt 0.275138 0.472625
vt 0.283945 0.471302
vt 0.279603 0.495323
vt 0.272359 0.493592
vt 0.471304 0.041745
vt 0.464650 0.043530
vt 0.458544 0.022659
vt 0.465096 0.022010
vt 0.479423 0.060483
vt 0.472413 0.062893
vt 0.265185 0.518380
vt 0.275432 0.519783
vt 0.293384 0.469204
vt 0.287331 0.496454
vt 0.286396 0.518500
vt 0.286287 0.537736
vt 0.271463 0.537258
vt 0.258688 0.536500
vt 0.268903 0.548893
vt 0.255011 0.547654
vt 0.282514 0.548730
vt 0.280928 0.560122
vt 0.265734 0.562000
vt 0.248607 0.555666
vt 0.512216 0.087128
vt 0.502407 0.081751
vt 0.523826 0.074166
vt 0.530634 0.084803
vt 0.545225 0.089521
vt 0.545089 0.085147
vt 0.282197 0.578863
vt 0.270846 0.581380
vt 0.296140 0.561110
vt 0.295283 0.578341
vt 0.295903 0.551147
vt 0.305487 0.589679
vt 0.308271 0.566437
vt 0.309107 0.558305
vt 0.303246 0.540317
vt 0.309607 0.550807
vt 0.295334 0.521079
vt 0.557713 0.393535
vt 0.558285 0.395603
vt 0.550103 0.405647
vt 0.551838 0.398643
vt 0.547355 0.415956
vt 0.558383 0.411397
vt 0.551469 0.424972
vt 0.564622 0.393552
vt 0.565399 0.411824
vt 0.558426 0.429653
vt 0.568847 0.393087
vt 0.569751 0.375320
vt 0.573754 0.374066
vt 0.565679 0.375296
vt 0.577906 0.353916
vt 0.579649 0.353271
vt 0.581869 0.351800
vt 0.585253 0.347379
vt 0.577551 0.372319
vt 0.572449 0.391324
vt 0.588712 0.342616
vt 0.581016 0.370057
vt 0.577079 0.390299
vt 0.403702 0.079718
vt 0.409116 0.077395
vt 0.412263 0.094955
vt 0.405082 0.096163
vt 0.571272 0.414353
vt 0.404953 0.110480
vt 0.413365 0.110649
vt 0.566280 0.427954
vt 0.411067 0.126505
vt 0.400172 0.125852
vt 0.571379 0.447919
vt 0.557304 0.447712
vt 0.534214 0.441289
vt 0.565756 0.471582
vt 0.582604 0.470615
vt 0.542927 0.470508
vt 0.573369 0.493248
vt 0.551245 0.495661
vt 0.591471 0.491746
vt 0.593978 0.513377
vt 0.577973 0.515361
vt 0.557745 0.521397
vt 0.581674 0.541321
vt 0.563744 0.551751
vt 0.594486 0.537632
vt 0.409951 0.178576
vt 0.399902 0.179452
vt 0.399108 0.161937
vt 0.408940 0.161302
vt 0.413066 0.196993
vt 0.402605 0.197608
vt 0.415016 0.213018
vt 0.408572 0.211650
vt 0.598247 0.558568
vt 0.588952 0.561672
vt 0.124296 0.692379
vt 0.128307 0.709200
vt 0.122383 0.711045
vt 0.118064 0.695365
vt 0.116224 0.712806
vt 0.111710 0.698396
vt 0.578658 0.568557
vt 0.108772 0.714173
vt 0.104484 0.702227
vt 0.119445 0.730465
vt 0.112347 0.730531
vt 0.125951 0.729692
vt 0.129740 0.751121
vt 0.123109 0.751787
vt 0.116014 0.752216
vt 0.108545 0.752818
vt 0.104396 0.731949
vt 0.100801 0.716383
vt 0.100891 0.753373
vt 0.097152 0.733361
vt 0.093451 0.718376
vt 0.097427 0.706788
vt 0.090874 0.710262
vt 0.559766 0.574676
vt 0.570310 0.580681
vt 0.564039 0.593639
vt 0.553455 0.589072
vt 0.540925 0.551914
vt 0.540343 0.569217
vt 0.536737 0.582728
vt 0.555040 0.602941
vt 0.544201 0.600162
vt 0.528082 0.593275
vt 0.511361 0.576788
vt 0.513269 0.565575
vt 0.504731 0.584964
vt 0.484380 0.569513
vt 0.486713 0.560204
vt 0.480711 0.576755
vt 0.453062 0.558658
vt 0.458042 0.554022
vt 0.462599 0.549148
vt 0.440791 0.527612
vt 0.444835 0.525199
vt 0.434535 0.528996
vt 0.467626 0.543217
vt 0.488268 0.549875
vt 0.451007 0.522363
vt 0.463418 0.518614
vt 0.473181 0.533792
vt 0.487171 0.533790
vt 0.480428 0.512496
vt 0.459976 0.501618
vt 0.471295 0.493307
vt 0.449350 0.498934
vt 0.495870 0.483785
vt 0.505788 0.505789
vt 0.511908 0.530880
vt 0.519852 0.471713
vt 0.529303 0.499031
vt 0.536489 0.526607
vt 0.513963 0.551429
vt 0.482653 0.469536
vt 0.508768 0.450531
vt 0.489581 0.448625
vt 0.469963 0.460586
vt 0.321349 0.589086
vt 0.312160 0.596784
vt 0.460472 0.482319
vt 0.451920 0.476124
vt 0.458915 0.454812
vt 0.476259 0.436826
vt 0.442893 0.475538
vt 0.441804 0.497961
vt 0.435066 0.499168
vt 0.433862 0.477435
vt 0.444623 0.455412
vt 0.428928 0.502951
vt 0.422053 0.506399
vt 0.428625 0.476460
vt 0.428045 0.536325
vt 0.418470 0.485455
vt 0.418112 0.511285
vt 0.422556 0.539631
vt 0.418051 0.543628
vt 0.413395 0.519574
vt 0.412864 0.490889
vt 0.416422 0.471839
vt 0.434478 0.457381
vt 0.406641 0.471228
vt 0.407293 0.501693
vt 0.401687 0.475850
vt 0.410589 0.525137
vt 0.556140 0.123482
vt 0.556317 0.113843
vt 0.570362 0.123613
vt 0.568132 0.130222
vt 0.406695 0.526007
vt 0.401714 0.507807
vt 0.403349 0.537697
vt 0.398409 0.537289
vt 0.566289 0.142900
vt 0.556186 0.139978
vt 0.546081 0.106610
vt 0.547135 0.119196
vt 0.548022 0.138912
vt 0.555880 0.160708
vt 0.548312 0.161204
vt 0.566404 0.159732
vt 0.558005 0.179914
vt 0.547493 0.184478
vt 0.570362 0.173084
vt 0.411577 0.562194
vt 0.419582 0.580599
vt 0.420639 0.605956
vt 0.404144 0.563684
vt 0.425393 0.576184
vt 0.438026 0.599580
vt 0.451185 0.613714
vt 0.425540 0.620012
vt 0.431133 0.573007
vt 0.447309 0.594813
vt 0.465202 0.610148
vt 0.463636 0.624685
vt 0.438264 0.635151
vt 0.482552 0.617742
vt 0.457183 0.591991
vt 0.479094 0.604976
vt 0.496777 0.612823
vt 0.545782 0.216270
vt 0.545687 0.223986
vt 0.532568 0.230736
vt 0.535983 0.219241
vt 0.539302 0.204066
vt 0.546573 0.203797
vt 0.526218 0.218521
vt 0.519025 0.228139
vt 0.529580 0.201956
vt 0.540369 0.183256
vt 0.530895 0.181163
vt 0.540645 0.160251
vt 0.530339 0.159801
vt 0.520602 0.199749
vt 0.520043 0.180372
vt 0.519754 0.159881
vt 0.530412 0.139960
vt 0.540640 0.137965
vt 0.520452 0.139820
vt 0.511161 0.179487
vt 0.510511 0.160120
vt 0.510608 0.140920
vt 0.510682 0.122038
vt 0.519767 0.121291
vt 0.530787 0.119420
vt 0.500790 0.141701
vt 0.501243 0.123501
vt 0.500681 0.160414
vt 0.488326 0.160417
vt 0.488716 0.143065
vt 0.491330 0.125047
vt 0.493776 0.110322
vt 0.500856 0.112203
vt 0.506810 0.108864
vt 0.500022 0.102281
vt 0.516946 0.105874
vt 0.508068 0.097271
vt 0.526619 0.104537
vt 0.520043 0.093791
vt 0.537148 0.102096
vt 0.539429 0.118053
vt 0.533541 0.093144
vt 0.500062 0.091833
vt 0.492598 0.088179
vt 0.489895 0.098583
vt 0.481619 0.096843
vt 0.493488 0.079276
vt 0.485340 0.084466
vt 0.475632 0.090847
vt 0.478761 0.077630
vt 0.486695 0.073073
vt 0.469131 0.081668
vt 0.462452 0.099490
vt 0.469112 0.107324
vt 0.458398 0.084380
vt 0.464192 0.064724
vt 0.455202 0.066020
vt 0.457882 0.044458
vt 0.449630 0.046043
vt 0.444864 0.067486
vt 0.448395 0.085658
vt 0.439579 0.048378
vt 0.443385 0.025137
vt 0.451450 0.023542
vt 0.434493 0.027158
vt 0.437048 0.001343
vt 0.443661 0.000404
vt 0.427313 0.003785
vt 0.425025 0.029424
vt 0.428925 0.051110
vt 0.416933 0.007180
vt 0.898147 0.662189
vt 0.881061 0.692939
vt 0.870718 0.690458
vt 0.886956 0.659259
vt 0.890247 0.695931
vt 0.908662 0.666681
vt 0.416276 0.031859
vt 0.408543 0.010629
vt 0.897900 0.700223
vt 0.917547 0.672078
vt 0.881656 0.724953
vt 0.877050 0.721334
vt 0.904709 0.705011
vt 0.885840 0.729065
vt 0.924084 0.678780
vt 0.389420 0.464996
vt 0.388034 0.436288
vt 0.395432 0.436391
vt 0.397602 0.465199
vt 0.915623 0.704376
vt 0.929612 0.684820
vt 0.408368 0.033940
vt 0.403272 0.012841
vt 0.594476 0.326219
vt 0.598247 0.323683
vt 0.592544 0.340760
vt 0.381613 0.463521
vt 0.381388 0.493501
vt 0.374799 0.488852
vt 0.591196 0.330483
vt 0.402968 0.036051
vt 0.412419 0.055470
vt 0.405894 0.057396
vt 0.588734 0.333581
vt 0.374383 0.461553
vt 0.368117 0.484434
vt 0.380701 0.436000
vt 0.374798 0.435192
vt 0.367360 0.459454
vt 0.369250 0.434353
vt 0.362076 0.480807
vt 0.360542 0.457434
vt 0.363648 0.433750
vt 0.356050 0.478107
vt 0.586364 0.335799
vt 0.583287 0.336001
vt 0.353800 0.455900
vt 0.349653 0.476404
vt 0.299060 0.471775
vt 0.301292 0.447305
vt 0.304739 0.451033
vt 0.305252 0.473238
vt 0.302585 0.498933
vt 0.295482 0.497419
vt 0.297673 0.445249
vt 0.301966 0.518070
vt 0.851654 0.640530
vt 0.847701 0.618529
vt 0.850614 0.658457
vt 0.304449 0.422186
vt 0.309132 0.426425
vt 0.301739 0.416613
vt 0.307842 0.400443
vt 0.310631 0.402653
vt 0.313750 0.403758
vt 0.357409 0.433620
vt 0.313919 0.385909
vt 0.316750 0.386424
vt 0.359207 0.416778
vt 0.362584 0.412941
vt 0.367728 0.411160
vt 0.318726 0.374831
vt 0.321349 0.372976
vt 0.320689 0.384923
vt 0.376849 0.396346
vt 0.373817 0.410656
vt 0.379540 0.411906
vt 0.382638 0.396886
vt 0.383612 0.388302
vt 0.385159 0.392357
vt 0.388122 0.392178
vt 0.390461 0.394841
vt 0.386053 0.411571
vt 0.863726 0.770395
vt 0.865968 0.773770
vt 0.860702 0.773663
vt 0.869262 0.753139
vt 0.872212 0.756258
vt 0.866441 0.748768
vt 0.392370 0.412085
vt 0.861660 0.747672
vt 0.380592 0.612553
vt 0.397602 0.603716
vt 0.320657 0.366163
vt 0.321313 0.366810
vt 0.366741 0.586936
vt 0.359903 0.580212
vt 0.360101 0.576480
vt 0.362058 0.578101
vt 0.332313 0.373681
vt 0.329442 0.372601
vt 0.328814 0.362969
vt 0.332684 0.365649
vt 0.363338 0.579294
vt 0.368990 0.587092
vt 0.363740 0.587471
vt 0.353374 0.366685
vt 0.355463 0.368679
vt 0.354120 0.364084
vt 0.357269 0.367527
vt 0.331781 0.384472
vt 0.327480 0.383449
vt 0.383605 0.585158
vt 0.332684 0.392288
vt 0.329334 0.390732
vt 0.350020 0.364966
vt 0.351752 0.362969
vt 0.349653 0.366037
vt 0.329899 0.395193
vt 0.327069 0.391804
vt 0.322156 0.386558
vt 0.382061 0.580648
vt 0.360184 0.575082
vt 0.360132 0.572545
vt 0.320057 0.365990
vt 0.318890 0.371933
vt 0.313198 0.384443
vt 0.321177 0.362969
vt 0.358425 0.573340
vt 0.419632 0.053413
vt 0.416045 0.075466
vt 0.423881 0.073091
vt 0.428943 0.090755
vt 0.419930 0.093241
vt 0.422215 0.109655
vt 0.432061 0.108588
vt 0.430594 0.126417
vt 0.420843 0.126367
vt 0.425648 0.144332
vt 0.417323 0.144723
vt 0.409138 0.144596
vt 0.398409 0.144374
vt 0.416663 0.161461
vt 0.418248 0.178967
vt 0.423272 0.161749
vt 0.426339 0.178366
vt 0.431916 0.196586
vt 0.422215 0.196763
vt 0.424077 0.213387
vt 0.434065 0.214187
vt 0.442665 0.196150
vt 0.443993 0.214970
vt 0.436267 0.177871
vt 0.457771 0.198862
vt 0.453755 0.217217
vt 0.450108 0.177706
vt 0.432837 0.161309
vt 0.447603 0.161053
vt 0.477129 0.194929
vt 0.470631 0.177383
vt 0.468358 0.160673
vt 0.435784 0.144636
vt 0.449650 0.144344
vt 0.470281 0.144035
vt 0.489129 0.177393
vt 0.501078 0.178638
vt 0.491908 0.195703
vt 0.502100 0.197441
vt 0.510693 0.198458
vt 0.501746 0.208250
vt 0.495022 0.210113
vt 0.507720 0.212357
vt 0.515889 0.213362
vt 0.509015 0.222822
vt 0.500232 0.218398
vt 0.502034 0.229079
vt 0.515833 0.234729
vt 0.490388 0.222340
vt 0.482753 0.209805
vt 0.493479 0.233313
vt 0.482585 0.224333
vt 0.470300 0.214133
vt 0.476324 0.230546
vt 0.464318 0.222455
vt 0.486706 0.237058
vt 0.503505 0.239314
vt 0.495320 0.242357
vt 0.487744 0.248196
vt 0.479641 0.244054
vt 0.470326 0.240133
vt 0.504146 0.249330
vt 0.520469 0.246622
vt 0.495780 0.253447
vt 0.480994 0.261249
vt 0.473774 0.259014
vt 0.488243 0.264485
vt 0.085564 0.709322
vt 0.086655 0.718975
vt 0.080148 0.719480
vt 0.080838 0.707470
vt 0.090242 0.732845
vt 0.084659 0.732742
vt 0.093916 0.753660
vt 0.088086 0.753670
vt 0.096324 0.775174
vt 0.090221 0.775428
vt 0.102976 0.774956
vt 0.110545 0.774745
vt 0.111639 0.793794
vt 0.104587 0.794249
vt 0.097949 0.794745
vt 0.108403 0.812121
vt 0.102536 0.812053
vt 0.096971 0.812045
vt 0.092230 0.795557
vt 0.092157 0.812047
vt 0.087148 0.796806
vt 0.085848 0.814975
vt 0.085441 0.775278
vt 0.393560 0.021534
vt 0.397065 0.030092
vt 0.381029 0.093378
vt 0.379264 0.092844
vt 0.467991 0.300478
vt 0.464341 0.321111
vt 0.459199 0.322342
vt 0.461201 0.299672
vt 0.377592 0.092323
vt 0.393940 0.012583
vt 0.455024 0.299169
vt 0.451814 0.322876
vt 0.467190 0.279105
vt 0.473804 0.280131
vt 0.460115 0.277925
vt 0.447090 0.298087
vt 0.452005 0.276258
vt 0.442986 0.322109
vt 0.432806 0.320071
vt 0.438184 0.296445
vt 0.442855 0.274582
vt 0.457154 0.256379
vt 0.465902 0.257388
vt 0.447157 0.254699
vt 0.432744 0.272088
vt 0.428865 0.293873
vt 0.436756 0.252360
vt 0.423915 0.269889
vt 0.420942 0.291557
vt 0.427085 0.249726
vt 0.416852 0.268205
vt 0.414090 0.289967
vt 0.419268 0.247964
vt 0.410252 0.266620
vt 0.408445 0.288026
vt 0.412507 0.246509
vt 0.135975 0.749974
vt 0.140884 0.772501
vt 0.133017 0.773444
vt 0.131866 0.728398
vt 0.125171 0.774262
vt 0.143626 0.793682
vt 0.134925 0.793612
vt 0.126382 0.793538
vt 0.117720 0.774643
vt 0.118894 0.793545
vt 0.128043 0.814365
vt 0.121559 0.813115
vt 0.115117 0.812452
vt 0.116091 0.835192
vt 0.111131 0.833684
vt 0.106086 0.832414
vt 0.100146 0.831447
vt 0.098887 0.848973
vt 0.094974 0.846876
vt 0.102259 0.850957
vt 0.093973 0.862319
vt 0.089766 0.856458
vt 0.098223 0.864013
vt 0.087312 0.857073
vt 0.091612 0.846621
vt 0.095504 0.831504
vt 0.088706 0.847421
vt 0.091605 0.832767
vt 0.081444 0.862855
vt 0.387634 0.267856
vt 0.386908 0.301787
vt 0.372268 0.290228
vt 0.384665 0.262516
vt 0.087523 0.836206
vt 0.086160 0.850279
vt 0.384818 0.091176
vt 0.381754 0.138470
vt 0.374868 0.145906
vt 0.369961 0.157621
vt 0.084314 0.839697
vt 0.084223 0.850782
vt 0.366334 0.170747
vt 0.081949 0.839768
vt 0.080148 0.851589
vt 0.366130 0.236741
vt 0.351762 0.234374
vt 0.361383 0.175683
vt 0.375850 0.091570
vt 0.394089 0.007123
vt 0.373984 0.091522
vt 0.394413 0.000404
vt 0.356707 0.171445
vt 0.142182 0.851462
vt 0.138937 0.847906
vt 0.156492 0.821373
vt 0.162713 0.828503
vt 0.393078 0.000459
vt 0.375367 0.076877
vt 0.422487 0.317214
vt 0.161933 0.795646
vt 0.171282 0.799476
vt 0.148156 0.819562
vt 0.414280 0.313943
vt 0.152370 0.793362
vt 0.140627 0.817232
vt 0.409472 0.311471
vt 0.149333 0.772373
vt 0.134462 0.815804
vt 0.135477 0.844719
vt 0.131306 0.842562
vt 0.126527 0.840030
vt 0.120987 0.837199
vt 0.114323 0.856142
vt 0.109870 0.853477
vt 0.106576 0.852147
vt 0.106571 0.866870
vt 0.103152 0.866678
vt 0.101714 0.865019
vt 0.117411 0.860566
vt 0.109454 0.869368
vt 0.105685 0.874873
vt 0.107236 0.870371
vt 0.114054 0.883339
vt 0.118276 0.868751
vt 0.120931 0.870814
vt 0.101988 0.876703
vt 0.105848 0.882707
vt 0.093650 0.873478
vt 0.101636 0.887604
vt 0.099709 0.885487
vt 0.276089 0.324086
vt 0.314304 0.307399
vt 0.307449 0.322389
vt 0.270946 0.332928
vt 0.248807 0.348821
vt 0.252011 0.341640
vt 0.099380 0.893255
vt 0.098162 0.893274
vt 0.300628 0.300956
vt 0.268743 0.324021
vt 0.248607 0.341893
vt 0.098689 0.898209
vt 0.099762 0.897057
vt 0.103384 0.893396
vt 0.286526 0.302791
vt 0.263837 0.320743
vt 0.329849 0.280003
vt 0.316099 0.279207
vt 0.303509 0.277574
vt 0.339383 0.232672
vt 0.123796 0.872265
vt 0.122471 0.880432
vt 0.343692 0.280130
vt 0.341548 0.308653
vt 0.357440 0.282464
vt 0.372224 0.249348
vt 0.356371 0.302911
vt 0.089961 0.883290
vt 0.095823 0.882779
vt 0.091692 0.885809
vt 0.364781 0.340706
vt 0.372868 0.339605
vt 0.386248 0.358809
vt 0.385675 0.361793
vt 0.086940 0.889917
vt 0.085744 0.889296
vt 0.091034 0.871855
vt 0.086552 0.882222
vt 0.397602 0.362162
vt 0.389905 0.357156
vt 0.382278 0.342530
vt 0.391374 0.346749
vt 0.365286 0.303974
vt 0.088454 0.866438
vt 0.088457 0.872550
vt 0.372472 0.296944
vt 0.389187 0.306332
vt 0.393633 0.309082
vt 0.387415 0.312074
vt 0.085703 0.863920
vt 0.083227 0.865867
vt 0.087504 0.862646
vt 0.087734 0.865800
vt 0.414546 0.228588
vt 0.422485 0.230047
vt 0.431611 0.232117
vt 0.441355 0.234478
vt 0.450651 0.236161
vt 0.460069 0.237456
vt 0.084402 0.753981
vt 0.481039 0.281287
vt 0.550443 0.611754
vt 0.534278 0.611805
vt 0.518397 0.601533
vt 0.521228 0.617960
vt 0.508719 0.607045
vt 0.529187 0.242292
vt 0.510446 0.623019
vt 0.488598 0.599160
vt 0.497829 0.592800
vt 0.473127 0.582916
vt 0.465312 0.587626
vt 0.435873 0.569507
vt 0.441278 0.565987
vt 0.446847 0.562804
vt 0.415742 0.546007
vt 0.411347 0.545682
vt 0.476371 0.126364
vt 0.456426 0.122822
vt 0.481658 0.111444
vt 0.451896 0.104401
vt 0.442265 0.107320
vt 0.441389 0.126109
vt 0.438836 0.088004
vt 0.433770 0.070114
vt 0.546540 0.098040
vt 0.411122 0.463645
vt 0.414210 0.461551
vt 0.556944 0.106650
vt 0.417985 0.456020
vt 0.277110 0.605131
vt 0.267743 0.605157
vt 0.284868 0.606125
vt 0.537484 0.418035
vt 0.343804 0.362969
vt 0.340933 0.366734
vt 0.341162 0.362969
vt 0.344485 0.365540
vt 0.348846 0.362969
vt 0.345964 0.366736
vt 0.345292 0.364163
vt 0.348605 0.366736
s 1
f 2554/2883/2549 2551/2884/2550 2552/2885/2551 2569/2886/2552
f 2551/2884/2550 2553/2887/2553 2568/2888/2554 2552/2885/2551
f 2553/2887/2553 2551/2884/2550 2555/2889/2555 2557/2890/2556
f 2551/2884/2550 2554/2883/2549 2558/2891/2557 2555/2889/2555
f 2555/2889/2555 2558/2891/2557 2559/2892/2558 2556/2893/2559
f 2555/2889/2555 2556/2893/2559 2861/2894/2560 2557/2890/2556
f 2554/2895/2549 2566/2896/2561 2560/2897/2562 2558/2898/2557
f 2559/2899/2558 2558/2898/2557 2560/2897/2562 2565/2900/2563
f 2859/2901/2564 2561/2902/2565 2560/2903/2562 2557/2890/2556
f 2560/2904/2562 2561/2905/2565 2855/2906/2566 2562/2907/2567
f 2878/2908/2568 2563/2909/2569 2560/2904/2562 2562/2907/2567
f 2880/2910/2570 2564/2911/2571 2560/2904/2562 2563/2909/2569
f 2553/2887/2553 2557/2890/2556 2560/2903/2562 2566/2912/2561
f 2570/2913/2572 2565/2900/2563 2560/2897/2562 2564/2914/2571
f 2566/2912/2561 2567/2915/2573 2568/2888/2554 2553/2887/2553
f 2554/2895/2549 2569/2916/2552 2567/2917/2573 2566/2896/2561
f 2569/2886/2552 2552/2885/2551 2568/2888/2554 2567/2915/2573
f 2559/2899/2558 2565/2900/2563 2571/2918/2574 2573/2919/2575
f 2571/2918/2574 2565/2900/2563 2570/2913/2572 2574/2920/2576
f 3146/2921/2577 2573/2922/2575 2571/2923/2574 2572/2924/2578
f 2576/2925/2579 2572/2924/2578 2571/2923/2574 2574/2926/2576
f 2574/2927/2576 2575/2928/2580 2578/2929/2581 2576/2930/2579
f 2575/2931/2580 2574/2920/2576 2570/2913/2572 2877/2932/2582
f 2572/2933/2578 2576/2930/2579 2577/2934/2583 3147/2935/2584
f 2577/2934/2583 2576/2930/2579 2578/2929/2581 2580/2936/2585
f 2575/2928/2580 2884/2937/2586 2579/2938/2587 2578/2929/2581
f 2580/2936/2585 2578/2929/2581 2579/2938/2587 2581/2939/2588
f 2580/2940/2585 2581/2941/2588 2585/2942/2589 2582/2943/2590
f 2582/2943/2590 2583/2944/2591 2577/2945/2583 2580/2940/2585
f 2583/2944/2591 2582/2943/2590 2584/2946/2592 2813/2947/2593
f 2584/2946/2592 2582/2943/2590 2585/2942/2589 2587/2948/2594
f 2581/2941/2588 2849/2949/2595 2586/2950/2596 2585/2942/2589
f 2587/2948/2594 2585/2942/2589 2586/2950/2596 2588/2951/2597
f 2587/2952/2594 2588/2953/2597 2592/2954/2598 2589/2955/2599
f 2589/2956/2599 2590/2957/2600 2584/2958/2592 2587/2959/2594
f 2590/2957/2600 2589/2956/2599 2591/2960/2601 2806/2961/2602
f 2591/2962/2601 2589/2955/2599 2592/2954/2598 2594/2963/2603
f 2588/2953/2597 2844/2964/2604 2593/2965/2605 2592/2954/2598
f 2594/2963/2603 2592/2954/2598 2593/2965/2605 2595/2966/2606
f 2594/2963/2603 2595/2966/2606 2598/2967/2607 2596/2968/2608
f 2596/2968/2608 2597/2969/2609 2591/2962/2601 2594/2963/2603
f 2596/2968/2608 2599/2970/2610 2601/2971/2611 2597/2969/2609
f 2599/2970/2610 2596/2968/2608 2598/2967/2607 2600/2972/2612
f 2600/2972/2612 2606/2973/2613 2602/2974/2614 2599/2970/2610
f 2602/2974/2614 2605/2975/2615 2601/2971/2611 2599/2970/2610
f 2792/2976/2616 2605/2977/2615 2602/2978/2614 2603/2979/2617
f 3149/2980/2618 2603/2979/2617 2602/2978/2614 2604/2981/2619
f 2607/2982/2620 2604/2983/2619 2602/2974/2614 2606/2973/2613
f 2607/2982/2620 2606/2973/2613 2608/2984/2621 2610/2985/2622
f 2606/2973/2613 2600/2972/2612 2611/2986/2623 2608/2984/2621
f 2708/2987/2624 2610/2985/2622 2608/2984/2621 2609/2988/2625
f 2609/2988/2625 2608/2984/2621 2611/2986/2623 2612/2989/2626
f 2611/2986/2623 2613/2990/2627 2615/2991/2628 2612/2989/2626
f 2600/2972/2612 2598/2967/2607 2613/2990/2627 2611/2986/2623
f 2595/2966/2606 2614/2992/2629 2613/2990/2627 2598/2967/2607
f 2614/2993/2629 2616/2994/2630 2615/2995/2628 2613/2996/2627
f 2612/2997/2626 2615/2995/2628 2617/2998/2631 2618/2999/2632
f 2616/2994/2630 2620/3000/2633 2617/2998/2631 2615/2995/2628
f 2618/2999/2632 2617/2998/2631 2619/3001/2634 2637/3002/2635
f 2620/3000/2633 2621/3003/2636 2619/3001/2634 2617/2998/2631
f 2620/3000/2633 2622/3004/2637 2625/3005/2638 2621/3003/2636
f 2616/2994/2630 2623/3006/2639 2622/3004/2637 2620/3000/2633
f 2842/3007/2640 2624/3008/2641 2622/3004/2637 2623/3006/2639
f 2624/3008/2641 2626/3009/2642 2625/3005/2638 2622/3004/2637
f 2626/3009/2642 2628/3010/2643 2627/3011/2644 2625/3005/2638
f 2621/3003/2636 2625/3005/2638 2627/3011/2644 2630/3012/2645
f 2628/3010/2643 2830/3013/2646 2629/3014/2647 2627/3011/2644
f 2630/3012/2645 2627/3011/2644 2629/3014/2647 2631/3015/2648
f 2630/3016/2645 2631/3017/2648 2633/3018/2649 2632/3019/2650
f 2621/3003/2636 2630/3012/2645 2632/3020/2650 2619/3001/2634
f 2634/3021/2651 2632/3019/2650 2633/3018/2649 2635/3022/2652
f 2637/3002/2635 2619/3001/2634 2632/3020/2650 2634/3023/2651
f 2634/3021/2651 2635/3022/2652 2904/3024/2653 2636/3025/2654
f 2637/3002/2635 2634/3023/2651 2636/3026/2654 2638/3027/2655
f 2637/3002/2635 2638/3027/2655 2639/3028/2656 2618/2999/2632
f 2640/3029/2657 2638/3027/2655 2636/3026/2654 2642/3030/2658
f 2640/3029/2657 2641/3031/2659 2639/3028/2656 2638/3027/2655
f 2641/3031/2659 2640/3029/2657 2643/3032/2660 2645/3033/2661
f 2643/3032/2660 2640/3029/2657 2642/3030/2658 2644/3034/2662
f 2644/3034/2662 2649/3035/2663 2646/3036/2664 2643/3032/2660
f 2645/3033/2661 2643/3032/2660 2646/3036/2664 2647/3037/2665
f 2648/3038/2666 2673/3039/2667 2647/3037/2665 2646/3036/2664
f 2649/3035/2663 2651/3040/2668 2648/3038/2666 2646/3036/2664
f 2650/3041/2669 2649/3042/2663 2644/3043/2662 2906/3044/2670
f 2650/3041/2669 2652/3045/2671 2651/3046/2668 2649/3042/2663
f 2651/3046/2668 2652/3045/2671 2654/3047/2672 2653/3048/2673
f 2648/3038/2666 2651/3040/2668 2653/3049/2673 2656/3050/2674
f 2654/3051/2672 3103/3052/2675 2655/3053/2676 2653/3054/2673
f 2653/3054/2673 2655/3053/2676 2658/3055/2677 2656/3056/2674
f 2657/3057/2678 2673/3039/2667 2648/3038/2666 2656/3050/2674
f 2656/3056/2674 2658/3055/2677 2659/3058/2679 2657/3059/2678
f 2659/3058/2679 2658/3055/2677 2660/3060/2680 2663/3061/2681
f 2658/3055/2677 2655/3053/2676 2661/3062/2682 2660/3060/2680
f 2661/3062/2682 3003/3063/2683 2662/3064/2684 2660/3060/2680
f 2660/3060/2680 2662/3064/2684 2664/3065/2685 2663/3061/2681
f 2663/3061/2681 2664/3065/2685 2666/3066/2686 2665/3067/2687
f 2668/3068/2688 2659/3058/2679 2663/3061/2681 2665/3067/2687
f 2665/3067/2687 2666/3066/2686 2963/3069/2689 2667/3070/2690
f 2669/3071/2691 2668/3068/2688 2665/3067/2687 2667/3070/2690
f 2657/3059/2678 2659/3058/2679 2668/3068/2688 2670/3072/2692
f 2670/3072/2692 2668/3068/2688 2669/3071/2691 2671/3073/2693
f 2672/3074/2694 2673/3039/2667 2657/3057/2678 2670/3075/2692
f 2670/3075/2692 2671/3076/2693 2675/3077/2695 2672/3074/2694
f 2705/3078/2696 2673/3039/2667 2672/3074/2694 2674/3079/2697
f 2672/3074/2694 2675/3077/2695 2677/3080/2698 2674/3079/2697
f 2675/3077/2695 2671/3076/2693 2958/3081/2699 2676/3082/2700
f 2677/3080/2698 2675/3077/2695 2676/3082/2700 2678/3083/2701
f 2674/3079/2697 2677/3080/2698 2679/3084/2702 2680/3085/2703
f 2679/3084/2702 2677/3080/2698 2678/3083/2701 2681/3086/2704
f 2682/3087/2705 2684/3088/2706 2680/3085/2703 2679/3084/2702
f 2679/3084/2702 2681/3086/2704 2683/3089/2707 2682/3087/2705
f 2687/3090/2708 2685/3091/2709 2682/3087/2705 2683/3089/2707
f 2682/3087/2705 2685/3091/2709 2688/3092/2710 2684/3088/2706
f 2688/3092/2710 2685/3091/2709 2686/3093/2711 2689/3094/2712
f 2687/3090/2708 2719/3095/2713 2686/3093/2711 2685/3091/2709
f 2684/3088/2706 2688/3092/2710 2690/3096/2714 2692/3097/2715
f 2690/3096/2714 2688/3092/2710 2689/3094/2712 2691/3098/2716
f 2695/3099/2717 2693/3100/2718 2690/3096/2714 2691/3098/2716
f 2690/3096/2714 2693/3100/2718 2694/3101/2719 2692/3097/2715
f 2694/3101/2719 2693/3100/2718 2695/3099/2717 2697/3102/2720
f 2697/3102/2720 2695/3099/2717 2696/3103/2721 2698/3104/2722
f 2691/3098/2716 3154/3105/2723 2696/3103/2721 2695/3099/2717
f 2697/3102/2720 2698/3104/2722 2700/3106/2724 2699/3107/2725
f 2699/3107/2725 2701/3108/2726 2694/3101/2719 2697/3102/2720
f 2700/3106/2724 2703/3109/2727 2702/3110/2728 2699/3107/2725
f 2699/3107/2725 2702/3110/2728 2704/3111/2729 2701/3108/2726
f 2703/3109/2727 2641/3031/2659 2645/3033/2661 2702/3110/2728
f 2702/3110/2728 2645/3033/2661 2647/3037/2665 2704/3111/2729
f 2647/3037/2665 2673/3039/2667 2705/3078/2696 2704/3111/2729
f 2705/3078/2696 2706/3112/2730 2701/3108/2726 2704/3111/2729
f 2680/3085/2703 2706/3112/2730 2705/3078/2696 2674/3079/2697
f 2680/3085/2703 2684/3088/2706 2692/3097/2715 2706/3112/2730
f 2701/3108/2726 2706/3112/2730 2692/3097/2715 2694/3101/2719
f 2703/3109/2727 2700/3106/2724 2709/3113/2731 2707/3114/2732
f 2703/3109/2727 2707/3114/2732 2639/3028/2656 2641/3031/2659
f 2708/3115/2624 2707/3114/2732 2709/3113/2731 2711/3116/2733
f 2708/2987/2624 2609/2988/2625 2639/3117/2656 2707/3118/2732
f 2698/3104/2722 2710/3119/2734 2709/3113/2731 2700/3106/2724
f 2709/3113/2731 2710/3119/2734 2713/3120/2735 2711/3116/2733
f 2711/3116/2733 2712/3121/2736 2610/3122/2622 2708/3115/2624
f 2712/3121/2736 2711/3116/2733 2713/3120/2735 2715/3123/2737
f 2710/3119/2734 3154/3105/2723 2714/3124/2738 2713/3120/2735
f 2713/3120/2735 2714/3124/2738 2717/3125/2739 2715/3123/2737
f 2715/3123/2737 2716/3126/2740 3153/3127/2741 2712/3121/2736
f 2716/3126/2740 2715/3123/2737 2717/3125/2739 2718/3128/2742
f 2717/3125/2739 2686/3093/2711 2719/3095/2713 2718/3128/2742
f 2689/3094/2712 2686/3093/2711 2717/3125/2739 2714/3124/2738
f 2716/3126/2740 2718/3128/2742 2720/3129/2743 2721/3130/2744
f 2720/3129/2743 2718/3128/2742 2719/3095/2713 2722/3131/2745
f 2726/3132/2746 2721/3130/2744 2720/3129/2743 2723/3133/2747
f 2724/3134/2748 2723/3133/2747 2720/3129/2743 2722/3131/2745
f 3128/3135/2749 2725/3136/2750 2723/3133/2747 2724/3134/2748
f 2728/3137/2751 2726/3132/2746 2723/3133/2747 2725/3136/2750
f 2726/3132/2746 2727/3138/2752 3152/3139/2753 2721/3130/2744
f 2728/3137/2751 2729/3140/2754 2727/3138/2752 2726/3132/2746
f 2729/3140/2754 2728/3137/2751 2730/3141/2755 2731/3142/2756
f 2730/3141/2755 2728/3137/2751 2725/3136/2750 2732/3143/2757
f 2736/3144/2758 2731/3145/2756 2730/3146/2755 2733/3147/2759
f 2734/3148/2760 2733/3149/2759 2730/3141/2755 2732/3143/2757
f 2733/3149/2759 2734/3148/2760 3151/3150/2761 2735/3151/2762
f 2735/3152/2762 2738/3153/2763 2736/3144/2758 2733/3147/2759
f 3150/3154/2764 2731/3145/2756 2736/3144/2758 2737/3155/2765
f 2739/3156/2766 2737/3155/2765 2736/3144/2758 2738/3153/2763
f 2740/3157/2767 2741/3158/2768 2739/3156/2766 2738/3153/2763
f 2735/3152/2762 2743/3159/2769 2740/3157/2767 2738/3153/2763
f 2742/3160/2770 2762/3161/2771 2741/3158/2768 2740/3157/2767
f 2742/3160/2770 2740/3157/2767 2743/3159/2769 2745/3162/2772
f 2744/3163/2773 2746/3164/2774 2745/3165/2772 2743/3166/2769
f 2743/3166/2769 2735/3151/2762 3151/3150/2761 2744/3163/2773
f 2745/3165/2772 2746/3164/2774 2748/3167/2775 2747/3168/2776
f 2747/3168/2776 2750/3169/2777 2742/3170/2770 2745/3165/2772
f 3129/3171/2778 2749/3172/2779 2747/3168/2776 2748/3167/2775
f 2747/3168/2776 2749/3172/2779 2752/3173/2780 2750/3169/2777
f 2742/3170/2770 2750/3169/2777 2751/3174/2781 2762/3175/2771
f 2751/3174/2781 2750/3169/2777 2752/3173/2780 2754/3176/2782
f 2752/3173/2780 2749/3172/2779 3123/3177/2783 2753/3178/2784
f 2753/3178/2784 2755/3179/2785 2754/3176/2782 2752/3173/2780
f 2754/3180/2782 2755/3181/2785 2757/3182/2786 2756/3183/2787
f 2754/3180/2782 2756/3183/2787 2759/3184/2788 2751/3185/2781
f 2758/3186/2789 2756/3183/2787 2757/3182/2786 2938/3187/2790
f 2759/3184/2788 2756/3183/2787 2758/3186/2789 2760/3188/2791
f 2761/3189/2792 2762/3161/2771 2751/3185/2781 2759/3184/2788
f 2759/3184/2788 2760/3188/2791 2764/3190/2793 2761/3189/2792
f 2741/3158/2768 2762/3161/2771 2761/3189/2792 2763/3191/2794
f 2766/3192/2795 2763/3191/2794 2761/3189/2792 2764/3190/2793
f 2764/3190/2793 2760/3188/2791 2935/3193/2796 2765/3194/2797
f 2764/3190/2793 2765/3194/2797 2768/3195/2798 2766/3192/2795
f 2767/3196/2799 2790/3197/2800 2763/3191/2794 2766/3192/2795
f 2766/3192/2795 2768/3195/2798 2770/3198/2801 2767/3196/2799
f 2768/3195/2798 2765/3194/2797 2930/3199/2802 2769/3200/2803
f 2769/3200/2803 2772/3201/2804 2770/3198/2801 2768/3195/2798
f 2773/3202/2805 2771/3203/2806 2770/3198/2801 2772/3201/2804
f 2770/3198/2801 2771/3203/2806 2788/3204/2807 2767/3196/2799
f 2773/3202/2805 2772/3201/2804 2774/3205/2808 2777/3206/2809
f 2774/3205/2808 2772/3201/2804 2769/3200/2803 2775/3207/2810
f 2774/3205/2808 2775/3207/2810 2926/3208/2811 2776/3209/2812
f 2777/3206/2809 2774/3205/2808 2776/3209/2812 2778/3210/2813
f 2778/3210/2813 2780/3211/2814 2779/3212/2815 2777/3206/2809
f 2773/3202/2805 2777/3206/2809 2779/3212/2815 2781/3213/2816
f 2782/3214/2817 2781/3213/2816 2779/3212/2815 2780/3211/2814
f 2773/3202/2805 2781/3213/2816 2783/3215/2818 2771/3203/2806
f 2782/3214/2817 2784/3216/2819 2783/3215/2818 2781/3213/2816
f 2783/3215/2818 2785/3217/2820 2788/3204/2807 2771/3203/2806
f 2787/3218/2821 2785/3217/2820 2783/3215/2818 2784/3216/2819
f 2788/3204/2807 2785/3217/2820 2786/3219/2822 2789/3220/2823
f 2787/3218/2821 2791/3221/2824 2786/3219/2822 2785/3217/2820
f 2790/3197/2800 2767/3196/2799 2788/3204/2807 2789/3220/2823
f 2737/3155/2765 2789/3220/2823 2786/3219/2822 3150/3154/2764
f 2789/3220/2823 2737/3155/2765 2739/3156/2766 2790/3197/2800
f 2763/3191/2794 2790/3197/2800 2739/3156/2766 2741/3158/2768
f 2603/2979/2617 2791/3221/2824 2787/3218/2821 2792/2976/2616
f 2792/2976/2616 2787/3218/2821 2784/3216/2819 2793/3222/2825
f 2605/2977/2615 2792/2976/2616 2793/3222/2825 2795/3223/2826
f 2794/3224/2827 2793/3222/2825 2784/3216/2819 2782/3214/2817
f 2796/3225/2828 2795/3223/2826 2793/3222/2825 2794/3224/2827
f 2601/3226/2611 2605/2977/2615 2795/3223/2826 2797/3227/2829
f 2797/3227/2829 2795/3223/2826 2796/3225/2828 2799/3228/2830
f 2798/3229/2831 2597/3230/2609 2601/3226/2611 2797/3227/2829
f 2797/3227/2829 2799/3228/2830 2801/3231/2832 2798/3229/2831
f 2800/3232/2833 2799/3228/2830 2796/3225/2828 3136/3233/2834
f 2800/3232/2833 2802/3234/2835 2801/3231/2832 2799/3228/2830
f 2801/3231/2832 2803/3235/2836 2806/2961/2602 2798/3229/2831
f 2805/3236/2837 2803/3235/2836 2801/3231/2832 2802/3234/2835
f 2804/3237/2838 2590/2957/2600 2806/2961/2602 2803/3235/2836
f 2803/3235/2836 2805/3236/2837 2808/3238/2839 2804/3237/2838
f 2798/3229/2831 2806/2961/2602 2591/2960/2601 2597/3230/2609
f 2807/3239/2840 2805/3236/2837 2802/3234/2835 3142/3240/2841
f 2807/3239/2840 2809/3241/2842 2808/3238/2839 2805/3236/2837
f 2808/3238/2839 2810/3242/2843 2813/3243/2593 2804/3237/2838
f 2812/3244/2844 2810/3242/2843 2808/3238/2839 2809/3241/2842
f 2811/3245/2845 2583/3246/2591 2813/3243/2593 2810/3242/2843
f 2810/3242/2843 2812/3244/2844 2815/3247/2846 2811/3245/2845
f 2804/3237/2838 2813/3243/2593 2584/2958/2592 2590/2957/2600
f 2814/3248/2847 2812/3244/2844 2809/3241/2842 3144/3249/2848
f 2814/3248/2847 2817/3250/2849 2815/3247/2846 2812/3244/2844
f 2815/3251/2846 2816/3252/2850 3147/3253/2584 2811/3254/2845
f 2819/3255/2851 2816/3252/2850 2815/3251/2846 2817/3256/2849
f 2892/3257/2852 2818/3258/2853 2817/3250/2849 2814/3248/2847
f 2821/3259/2854 2819/3255/2851 2817/3256/2849 2818/3260/2853
f 2821/3259/2854 2822/3261/2855 2820/3262/2856 2819/3255/2851
f 2816/3252/2850 2819/3255/2851 2820/3262/2856 3146/2921/2577
f 2823/3263/2857 2824/3264/2858 2822/3261/2855 2821/3259/2854
f 2823/3263/2857 2821/3259/2854 2818/3260/2853 2826/3265/2859
f 2825/3266/2860 2869/3267/2861 2824/3268/2858 2823/3269/2857
f 2825/3270/2860 2823/3263/2857 2826/3265/2859 2828/3271/2862
f 2827/3272/2863 2826/3273/2859 2818/3258/2853 2892/3257/2852
f 2830/3013/2646 2828/3274/2862 2826/3275/2859 2827/3276/2863
f 2832/3277/2864 2825/3266/2860 2828/3278/2862 2829/3279/2865
f 2628/3010/2643 2829/3280/2865 2828/3274/2862 2830/3013/2646
f 2830/3281/2646 2827/3272/2863 2893/3282/2866 2629/3283/2647
f 2626/3009/2642 2831/3284/2867 2829/3280/2865 2628/3010/2643
f 2834/3285/2868 2832/3277/2864 2829/3279/2865 2831/3286/2867
f 2832/3277/2864 2833/3287/2869 2869/3267/2861 2825/3266/2860
f 2834/3285/2868 2835/3288/2870 2833/3287/2869 2832/3277/2864
f 2836/3289/2871 2837/3290/2872 2835/3288/2870 2834/3285/2868
f 2836/3289/2871 2834/3285/2868 2831/3286/2867 2839/3291/2873
f 2838/3292/2874 2853/3293/2875 2837/3290/2872 2836/3289/2871
f 2838/3292/2874 2836/3289/2871 2839/3291/2873 2840/3294/2876
f 2624/3008/2641 2839/3295/2873 2831/3284/2867 2626/3009/2642
f 2842/3007/2640 2840/3296/2876 2839/3295/2873 2624/3008/2641
f 2850/3297/2877 2838/3292/2874 2840/3294/2876 2841/3298/2878
f 2843/3299/2879 2841/3300/2878 2840/3301/2876 2842/3302/2640
f 2843/3299/2879 2842/3302/2640 2623/3303/2639 2845/3304/2880
f 2844/2964/2604 2846/3305/2881 2841/3300/2878 2843/3299/2879
f 2844/2964/2604 2843/3299/2879 2845/3304/2880 2593/2965/2605
f 2614/2992/2629 2845/3304/2880 2623/3303/2639 2616/3306/2630
f 2595/2966/2606 2593/2965/2605 2845/3304/2880 2614/2992/2629
f 2588/2951/2597 2586/2950/2596 2846/3307/2881 2844/3308/2604
f 2849/2949/2595 2847/3309/2882 2846/3307/2881 2586/2950/2596
f 2847/3310/2882 2850/3311/2877 2841/3300/2878 2846/3305/2881
f 2847/3310/2882 2849/3312/2595 2891/3313/2883 2848/3314/2884
f 2847/3310/2882 2848/3314/2884 2851/3315/2885 2850/3311/2877
f 2850/3297/2877 2851/3316/2885 2853/3293/2875 2838/3292/2874
f 2889/3317/2886 2852/3318/2887 2851/3315/2885 2848/3314/2884
f 2852/3319/2887 2854/3320/2888 2853/3293/2875 2851/3316/2885
f 2854/3320/2888 2856/3321/2889 2837/3290/2872 2853/3293/2875
f 2852/3318/2887 2870/3322/2890 2855/3323/2566 2854/3324/2888
f 2856/3321/2889 2854/3320/2888 2855/2906/2566 2561/2905/2565
f 2561/2905/2565 2859/3325/2564 2857/3326/2891 2856/3321/2889
f 2856/3321/2889 2857/3326/2891 2835/3288/2870 2837/3290/2872
f 2857/3326/2891 2858/3327/2892 2833/3287/2869 2835/3288/2870
f 2857/3326/2891 2859/3325/2564 2860/3328/2893 2858/3327/2892
f 2859/3325/2564 2557/3329/2556 2861/3330/2560 2860/3328/2893
f 2863/3331/2894 2862/3332/2895 2860/3328/2893 2861/3330/2560
f 2864/3333/2896 2858/3327/2892 2860/3328/2893 2862/3332/2895
f 2865/3334/2897 2862/3335/2895 2863/3336/2894
f 2865/3334/2897 2866/3337/2898 2864/3338/2896 2862/3335/2895
f 2866/3337/2898 2865/3334/2897 2861/2894/2560 2867/3339/2899
f 2865/3334/2897 2863/3336/2894 2861/2894/2560
f 2866/3337/2898 2867/3339/2899 2822/3261/2855 2824/3264/2858
f 2864/3333/2896 2866/3340/2898 2824/3268/2858 2869/3267/2861
f 2868/3341/2900 2867/3339/2899 2861/2894/2560 2556/2893/2559
f 2867/3339/2899 2868/3341/2900 2820/3262/2856 2822/3261/2855
f 2556/3342/2559 2559/2899/2558 2573/2919/2575 2868/3343/2900
f 2820/3262/2856 2868/3341/2900 2573/2922/2575 3146/2921/2577
f 2858/3327/2892 2864/3333/2896 2869/3267/2861 2833/3287/2869
f 2870/3322/2890 2890/3344/2901 2871/3345/2902 2855/3323/2566
f 2872/3346/2903 2855/3347/2566 2871/3348/2902 2873/3349/2904
f 2875/3350/2905 2562/3351/2567 2855/3352/2566 2872/3353/2903
f 2872/3346/2903 2873/3349/2904 2885/3354/2906 2874/3355/2907
f 2877/2932/2582 2875/3356/2905 2872/3346/2903 2874/3355/2907
f 2876/3357/2908 2875/3358/2905 2564/2911/2571 2880/2910/2570
f 2875/3358/2905 2877/3359/2582 2570/3360/2572 2564/2911/2571
f 2562/3351/2567 2875/3350/2905 2876/3361/2908 2878/3362/2568
f 2575/2931/2580 2877/2932/2582 2874/3355/2907 2884/3363/2586
f 2876/3361/2908 2879/3364/2909 2883/3365/2910 2878/3362/2568
f 2876/3357/2908 2880/2910/2570 2881/3366/2911 2879/3367/2909
f 2880/2910/2570 2563/2909/2569 2882/3368/2912 2881/3366/2911
f 2881/3369/2911 2882/3370/2912 2883/3365/2910 2879/3364/2909
f 2563/3371/2569 2878/3362/2568 2883/3365/2910 2882/3370/2912
f 2884/3363/2586 2874/3355/2907 2885/3354/2906 2886/3372/2913
f 2885/3354/2906 2873/3349/2904 2888/3373/2914 2887/3374/2915
f 2885/3375/2906 2887/3376/2915 2889/3317/2886 2886/3377/2913
f 2870/3322/2890 2852/3318/2887 2889/3317/2886 2887/3376/2915
f 2887/3376/2915 2888/3378/2914 2890/3344/2901 2870/3322/2890
f 2891/3313/2883 2886/3377/2913 2889/3317/2886 2848/3314/2884
f 2873/3349/2904 2871/3348/2902 2890/3379/2901 2888/3373/2914
f 2884/2937/2586 2886/3377/2913 2891/3313/2883 2579/2938/2587
f 2581/2939/2588 2579/2938/2587 2891/3313/2883 2849/3312/2595
f 2827/3272/2863 2892/3257/2852 2894/3380/2916 2893/3282/2866
f 2631/3017/2648 2629/3283/2647 2893/3282/2866 2895/3381/2917
f 2895/3381/2917 2893/3282/2866 2894/3380/2916 2896/3382/2918
f 2895/3381/2917 2896/3382/2918 2898/3383/2919 2897/3384/2920
f 2631/3017/2648 2895/3381/2917 2897/3384/2920 2633/3018/2649
f 2899/3385/2921 2897/3384/2920 2898/3383/2919 2900/3386/2922
f 2635/3022/2652 2633/3018/2649 2897/3384/2920 2899/3385/2921
f 2900/3386/2922 2902/3387/2923 2901/3388/2924 2899/3385/2921
f 2635/3022/2652 2899/3385/2921 2901/3388/2924 2904/3024/2653
f 2901/3388/2924 2902/3387/2923 3145/3389/2925 2903/3390/2926
f 2905/3391/2927 2904/3024/2653 2901/3388/2924 2903/3390/2926
f 2642/3392/2658 2636/3025/2654 2904/3024/2653 2905/3391/2927
f 2903/3390/2926 2907/3393/2928 2906/3044/2670 2905/3391/2927
f 2906/3044/2670 2644/3043/2662 2642/3392/2658 2905/3391/2927
f 2650/3041/2669 2906/3044/2670 2907/3393/2928 2909/3394/2929
f 2908/3395/2930 2910/3396/2931 2909/3394/2929 2907/3393/2928
f 2907/3393/2928 2903/3390/2926 3145/3389/2925 2908/3395/2930
f 2909/3394/2929 2910/3396/2931 2913/3397/2932 2911/3398/2933
f 2909/3394/2929 2911/3398/2933 2652/3045/2671 2650/3041/2669
f 2652/3045/2671 2911/3398/2933 2912/3399/2934 2654/3047/2672
f 2912/3399/2934 2911/3398/2933 2913/3397/2932 2914/3400/2935
f 2914/3400/2935 2913/3397/2932 2915/3401/2936 2916/3402/2937
f 2913/3397/2932 2910/3396/2931 2918/3403/2938 2915/3401/2936
f 2915/3401/2936 2917/3404/2939 3109/3405/2940 2916/3402/2937
f 2920/3406/2941 2917/3404/2939 2915/3401/2936 2918/3403/2938
f 2908/3395/2930 2919/3407/2942 2918/3403/2938 2910/3396/2931
f 2919/3407/2942 2922/3408/2943 2920/3406/2941 2918/3403/2938
f 3132/3409/2944 2917/3404/2939 2920/3406/2941 2921/3410/2945
f 2922/3408/2943 2924/3411/2946 2921/3410/2945 2920/3406/2941
f 3139/3412/2947 2923/3413/2948 2922/3408/2943 2919/3407/2942
f 2923/3413/2948 2925/3414/2949 2924/3411/2946 2922/3408/2943
f 2925/3414/2949 2776/3209/2812 2926/3208/2811 2924/3411/2946
f 2924/3411/2946 2926/3208/2811 2927/3415/2950 2921/3410/2945
f 2927/3415/2950 2926/3208/2811 2775/3207/2810 2929/3416/2951
f 2928/3417/2952 2927/3415/2950 2929/3416/2951 2931/3418/2953
f 2921/3410/2945 2927/3415/2950 2928/3417/2952 3132/3409/2944
f 2931/3418/2953 2929/3416/2951 2930/3199/2802 2933/3419/2954
f 2775/3207/2810 2769/3200/2803 2930/3199/2802 2929/3416/2951
f 2931/3418/2953 2932/3420/2955 2941/3421/2956 2928/3417/2952
f 2934/3422/2957 2932/3420/2955 2931/3418/2953 2933/3419/2954
f 2935/3193/2796 2936/3423/2958 2934/3422/2957 2933/3419/2954
f 2930/3199/2802 2765/3194/2797 2935/3193/2796 2933/3419/2954
f 2935/3193/2796 2760/3188/2791 2758/3186/2789 2936/3423/2958
f 2937/3424/2959 2936/3423/2958 2758/3186/2789 2938/3187/2790
f 2934/3422/2957 2936/3423/2958 2937/3424/2959 2940/3425/2960
f 2939/3426/2961 2937/3424/2959 2938/3187/2790 3119/3427/2962
f 2940/3425/2960 2937/3424/2959 2939/3426/2961 2942/3428/2963
f 2940/3425/2960 2942/3428/2963 2943/3429/2964 2941/3421/2956
f 2941/3421/2956 2932/3420/2955 2934/3422/2957 2940/3425/2960
f 2942/3428/2963 2939/3426/2961 2947/3430/2965 2944/3431/2966
f 2942/3428/2963 2944/3431/2966 2945/3432/2967 2943/3429/2964
f 2945/3432/2967 2944/3431/2966 2946/3433/2968 3110/3434/2969
f 2946/3433/2968 2944/3431/2966 2947/3430/2965 2949/3435/2970
f 2949/3435/2970 2947/3430/2965 2948/3436/2971 2951/3437/2972
f 2947/3430/2965 2939/3426/2961 3119/3427/2962 2948/3436/2971
f 2949/3435/2970 2951/3437/2972 2953/3438/2973 2950/3439/2974
f 2950/3439/2974 3111/3440/2975 2946/3433/2968 2949/3435/2970
f 2952/3441/2976 2951/3437/2972 2948/3436/2971 3115/3442/2977
f 2953/3438/2973 2951/3437/2972 2952/3441/2976 2955/3443/2978
f 2953/3438/2973 2954/3444/2979 3113/3445/2980 2950/3439/2974
f 2956/3446/2981 2954/3444/2979 2953/3438/2973 2955/3443/2978
f 2958/3447/2699 2957/3448/2982 2955/3449/2978 2952/3450/2976
f 2955/3449/2978 2957/3448/2982 2959/3451/2983 2956/3452/2981
f 2671/3073/2693 2669/3071/2691 2957/3448/2982 2958/3447/2699
f 2957/3448/2982 2669/3071/2691 2667/3070/2690 2959/3451/2983
f 2667/3070/2690 2963/3069/2689 2960/3453/2984 2959/3451/2983
f 2959/3451/2983 2960/3453/2984 2962/3454/2985 2956/3452/2981
f 2962/3454/2985 2960/3453/2984 2961/3455/2986 2973/3456/2987
f 2960/3453/2984 2963/3069/2689 2964/3457/2988 2961/3455/2986
f 2963/3069/2689 2666/3066/2686 2965/3458/2989 2964/3457/2988
f 2965/3458/2989 2967/3459/2990 2966/3460/2991 2964/3457/2988
f 2964/3457/2988 2966/3460/2991 2969/3461/2992 2961/3455/2986
f 2966/3460/2991 2967/3459/2990 3013/3462/2993 2968/3463/2994
f 2969/3461/2992 2966/3460/2991 2968/3463/2994 2970/3464/2995
f 2971/3465/2996 2969/3461/2992 2970/3464/2995 2972/3466/2997
f 2961/3455/2986 2969/3461/2992 2971/3465/2996 2973/3456/2987
f 2974/3467/2998 2971/3465/2996 2972/3466/2997 2975/3468/2999
f 2973/3456/2987 2971/3465/2996 2974/3467/2998 2976/3469/3000
f 2977/3470/3001 2974/3471/2998 2975/3472/2999 2978/3473/3002
f 2976/3474/3000 2974/3475/2998 2977/3476/3001 2980/3477/3003
f 2978/3473/3002 3034/3478/3004 2979/3479/3005 2977/3470/3001
f 2982/3480/3006 2980/3477/3003 2977/3476/3001 2979/3481/3005
f 2976/3474/3000 2980/3477/3003 2981/3482/3007 3114/3483/3008
f 2981/3482/3007 2980/3477/3003 2982/3480/3006 2983/3484/3009
f 2983/3484/3009 2982/3480/3006 2984/3485/3010 2987/3486/3011
f 2984/3485/3010 2982/3480/3006 2979/3481/3005 2985/3487/3012
f 2985/3487/3012 3039/3488/3013 2986/3489/3014 2984/3485/3010
f 2989/3490/3015 2987/3486/3011 2984/3485/3010 2986/3489/3014
f 2983/3484/3009 2987/3486/3011 2988/3491/3016 3112/3492/3017
f 2988/3491/3016 2987/3486/3011 2989/3490/3015 2990/3493/3018
f 2991/3494/3019 2989/3490/3015 2986/3489/3014 2992/3495/3020
f 2990/3493/3018 2989/3490/3015 2991/3494/3019 2993/3496/3021
f 2994/3497/3022 2991/3494/3019 2992/3495/3020 2995/3498/3023
f 2993/3496/3021 2991/3494/3019 2994/3497/3022 2996/3499/3024
f 2997/3500/3025 2994/3497/3022 2995/3498/3023 2998/3501/3026
f 2996/3499/3024 2994/3497/3022 2997/3500/3025 2999/3502/3027
f 3000/3503/3028 2997/3500/3025 2998/3501/3026 3001/3504/3029
f 2999/3502/3027 2997/3500/3025 3000/3503/3028 3002/3505/3030
f 3003/3063/2683 3000/3506/3028 3001/3507/3029 3004/3508/3031
f 3002/3509/3030 3000/3506/3028 3003/3063/2683 2661/3062/2682
f 2662/3064/2684 3003/3063/2683 3004/3508/3031 3006/3510/3032
f 3001/3507/3029 3044/3511/3033 3005/3512/3034 3004/3508/3031
f 3004/3508/3031 3005/3512/3034 3008/3513/3035 3006/3510/3032
f 2664/3065/2685 2662/3064/2684 3006/3510/3032 3007/3514/3036
f 3006/3510/3032 3008/3513/3035 3010/3515/3037 3007/3514/3036
f 3008/3513/3035 3005/3512/3034 3049/3516/3038 3009/3517/3039
f 3010/3515/3037 3008/3513/3035 3009/3517/3039 3011/3518/3040
f 3007/3514/3036 3010/3515/3037 2967/3459/2990 2965/3458/2989
f 2967/3459/2990 3010/3515/3037 3011/3518/3040 3013/3462/2993
f 3009/3517/3039 3051/3519/3041 3012/3520/3042 3011/3518/3040
f 3011/3518/3040 3012/3520/3042 3014/3521/3043 3013/3462/2993
f 3013/3462/2993 3014/3521/3043 3015/3522/3044 2968/3463/2994
f 3015/3522/3044 3014/3521/3043 3016/3523/3045 3019/3524/3046
f 3014/3521/3043 3012/3520/3042 3018/3525/3047 3016/3523/3045
f 3016/3523/3045 3017/3526/3048 3020/3527/3049 3019/3524/3046
f 3102/3528/3050 3017/3526/3048 3016/3523/3045 3018/3525/3047
f 3023/3529/3051 3021/3530/3052 3019/3524/3046 3020/3527/3049
f 3022/3531/3053 3015/3522/3044 3019/3524/3046 3021/3530/3052
f 3022/3531/3053 3021/3530/3052 3024/3532/3054 3027/3533/3055
f 3024/3532/3054 3021/3530/3052 3023/3529/3051 3025/3534/3056
f 3024/3535/3054 3025/3536/3056 3097/3537/3057 3026/3538/3058
f 3028/3539/3059 3027/3533/3055 3024/3532/3054 3026/3540/3058
f 3022/3531/3053 3027/3533/3055 2972/3466/2997 2970/3464/2995
f 2972/3541/2997 3027/3542/3055 3028/3543/3059 2975/3472/2999
f 2975/3472/2999 3028/3543/3059 3029/3544/3060 2978/3473/3002
f 3029/3545/3060 3028/3539/3059 3026/3540/3058 3030/3546/3061
f 2978/3473/3002 3029/3544/3060 3031/3547/3062 3034/3478/3004
f 3031/3548/3062 3029/3545/3060 3030/3546/3061 3032/3549/3063
f 3032/3550/3063 3079/3551/3064 3033/3552/3065 3031/3547/3062
f 3035/3553/3066 3034/3478/3004 3031/3547/3062 3033/3552/3065
f 2979/3479/3005 3034/3478/3004 3035/3553/3066 2985/3554/3012
f 2985/3554/3012 3035/3553/3066 3036/3555/3067 3039/3556/3013
f 3036/3555/3067 3035/3553/3066 3033/3552/3065 3037/3557/3068
f 3037/3558/3068 3081/3559/3069 3038/3560/3070 3036/3561/3067
f 3040/3562/3071 3039/3556/3013 3036/3555/3067 3038/3563/3070
f 2986/3489/3014 3039/3488/3013 3040/3564/3071 2992/3495/3020
f 3041/3565/3072 3040/3566/3071 3038/3560/3070 3042/3567/3073
f 2992/3495/3020 3040/3564/3071 3041/3568/3072 2995/3498/3023
f 3043/3569/3074 3041/3565/3072 3042/3567/3073 3045/3570/3075
f 2995/3498/3023 3041/3568/3072 3043/3571/3074 2998/3501/3026
f 2998/3572/3026 3043/3569/3074 3044/3511/3033 3001/3507/3029
f 3044/3511/3033 3043/3569/3074 3045/3570/3075 3047/3573/3076
f 3042/3567/3073 3082/3574/3077 3046/3575/3078 3045/3570/3075
f 3045/3570/3075 3046/3575/3078 3048/3576/3079 3047/3573/3076
f 3047/3573/3076 3048/3576/3079 3050/3577/3080 3049/3516/3038
f 3005/3512/3034 3044/3511/3033 3047/3573/3076 3049/3516/3038
f 3049/3516/3038 3050/3577/3080 3051/3519/3041 3009/3517/3039
f 3050/3577/3080 3048/3576/3079 3055/3578/3081 3052/3579/3082
f 3051/3519/3041 3050/3577/3080 3052/3579/3082 3054/3580/3083
f 3057/3581/3084 3053/3582/3085 3052/3579/3082 3055/3578/3081
f 3052/3579/3082 3053/3582/3085 3064/3583/3086 3054/3580/3083
f 3048/3576/3079 3046/3575/3078 3056/3584/3087 3055/3578/3081
f 3057/3581/3084 3055/3578/3081 3056/3584/3087 3058/3585/3088
f 3060/3586/3089 3053/3582/3085 3057/3581/3084 3059/3587/3090
f 3059/3587/3090 3057/3581/3084 3058/3585/3088
f 3059/3587/3090 3058/3585/3088 3060/3586/3089
f 3062/3588/3091 3060/3586/3089 3061/3589/3092 3080/3590/3093
f 3061/3589/3092 3060/3586/3089 3058/3585/3088 3056/3584/3087
f 3063/3591/3094 3060/3586/3089 3062/3588/3091 3065/3592/3095
f 3053/3582/3085 3060/3586/3089 3063/3591/3094 3064/3583/3086
f 3063/3591/3094 3066/3593/3096 3102/3528/3050 3064/3583/3086
f 3063/3591/3094 3065/3592/3095 3069/3594/3097 3067/3595/3098
f 3070/3596/3099 3066/3597/3096 3063/3598/3094 3067/3599/3098
f 3067/3599/3098 3068/3600/3100 3072/3601/3101 3070/3596/3099
f 3074/3602/3102 3068/3603/3100 3067/3595/3098 3069/3594/3097
f 3075/3604/3103 3066/3597/3096 3070/3596/3099 3071/3605/3104
f 3070/3596/3099 3072/3601/3101 3073/3606/3105 3071/3605/3104
f 3072/3607/3101 3068/3603/3100 3074/3602/3102 3073/3608/3105
f 3073/3608/3105 3074/3602/3102 3069/3594/3097 3071/3609/3104
f 3065/3610/3095 3075/3604/3103 3071/3605/3104 3069/3611/3097
f 3077/3612/3106 3066/3597/3096 3075/3604/3103 3076/3613/3107
f 3062/3614/3091 3076/3613/3107 3075/3604/3103 3065/3610/3095
f 3078/3615/3108 3079/3551/3064 3077/3612/3106 3076/3613/3107
f 3080/3590/3093 3078/3616/3108 3076/3617/3107 3062/3588/3091
f 3033/3552/3065 3079/3551/3064 3078/3615/3108 3037/3557/3068
f 3037/3558/3068 3078/3616/3108 3080/3590/3093 3081/3559/3069
f 3082/3574/3077 3081/3559/3069 3080/3590/3093 3061/3589/3092
f 3038/3560/3070 3081/3559/3069 3082/3574/3077 3042/3567/3073
f 3046/3575/3078 3082/3574/3077 3061/3589/3092 3056/3584/3087
f 3032/3550/3063 3083/3618/3109 3077/3612/3106 3079/3551/3064
f 3085/3619/3110 3066/3597/3096 3077/3612/3106 3083/3618/3109
f 3084/3620/3111 3083/3618/3109 3032/3550/3063 3030/3621/3061
f 3085/3619/3110 3083/3618/3109 3084/3620/3111 3086/3622/3112
f 3090/3623/3113 3066/3593/3096 3085/3624/3110 3087/3625/3114
f 3087/3626/3114 3085/3619/3110 3086/3622/3112 3088/3627/3115
f 3094/3628/3116 3089/3629/3117 3087/3626/3114 3088/3627/3115
f 3089/3630/3117 3092/3631/3118 3090/3623/3113 3087/3625/3114
f 3095/3632/3119 3066/3593/3096 3090/3623/3113 3091/3633/3120
f 3092/3634/3118 3093/3635/3121 3091/3636/3120 3090/3637/3113
f 3094/3628/3116 3093/3635/3121 3092/3634/3118 3089/3629/3117
f 3091/3636/3120 3093/3635/3121 3094/3628/3116 3088/3627/3115
f 3091/3636/3120 3088/3627/3115 3086/3622/3112 3095/3638/3119
f 3095/3632/3119 3017/3526/3048 3102/3528/3050 3066/3593/3096
f 3096/3639/3122 3017/3526/3048 3095/3632/3119 3086/3640/3112
f 3097/3537/3057 3096/3641/3122 3086/3622/3112 3084/3620/3111
f 3098/3642/3123 3100/3643/3124 3017/3644/3048 3096/3641/3122
f 3097/3537/3057 3025/3536/3056 3098/3642/3123 3096/3641/3122
f 3023/3529/3051 3099/3645/3125 3098/3646/3123 3025/3534/3056
f 3099/3645/3125 3101/3647/3126 3100/3648/3124 3098/3646/3123
f 3017/3526/3048 3100/3648/3124 3101/3647/3126 3020/3527/3049
f 3020/3527/3049 3101/3647/3126 3099/3645/3125 3023/3529/3051
f 3026/3538/3058 3097/3537/3057 3084/3620/3111 3030/3621/3061
f 3018/3525/3047 3054/3580/3083 3064/3583/3086 3102/3528/3050
f 3012/3520/3042 3051/3519/3041 3054/3580/3083 3018/3525/3047
f 2968/3463/2994 3015/3522/3044 3022/3531/3053 2970/3464/2995
f 2666/3066/2686 2664/3065/2685 3007/3514/3036 2965/3458/2989
f 3103/3649/2675 3104/3650/3127 2999/3502/3027 3002/3505/3030
f 2655/3053/2676 3103/3052/2675 3002/3509/3030 2661/3062/2682
f 2912/3399/2934 3104/3650/3127 3103/3649/2675 2654/3047/2672
f 3104/3650/3127 3105/3651/3128 2996/3499/3024 2999/3502/3027
f 2914/3400/2935 3105/3651/3128 3104/3650/3127 2912/3399/2934
f 2916/3402/2937 3106/3652/3129 3105/3651/3128 2914/3400/2935
f 3105/3651/3128 3106/3652/3129 2993/3496/3021 2996/3499/3024
f 3106/3652/3129 3107/3653/3130 2990/3493/3018 2993/3496/3021
f 3109/3405/2940 3107/3653/3130 3106/3652/3129 2916/3402/2937
f 3107/3653/3130 3108/3654/3131 2988/3491/3016 2990/3493/3018
f 3110/3434/2969 3108/3654/3131 3107/3653/3130 3109/3405/2940
f 3109/3405/2940 2917/3404/2939 2945/3432/2967 3110/3434/2969
f 2946/3433/2968 3111/3440/2975 3108/3654/3131 3110/3434/2969
f 3108/3654/3131 3111/3440/2975 3112/3492/3017 2988/3491/3016
f 2950/3439/2974 3113/3445/2980 3112/3492/3017 3111/3440/2975
f 3112/3492/3017 3113/3445/2980 2981/3482/3007 2983/3484/3009
f 3113/3445/2980 2954/3444/2979 3114/3483/3008 2981/3482/3007
f 3114/3655/3008 2962/3454/2985 2973/3456/2987 2976/3469/3000
f 2956/3446/2981 2962/3656/2985 3114/3483/3008 2954/3444/2979
f 2952/3657/2976 3115/3658/2977 2676/3082/2700 2958/3081/2699
f 2676/3082/2700 3115/3658/2977 3116/3659/3132 2678/3083/2701
f 3116/3659/3132 3115/3658/2977 3117/3660/3133 3118/3661/3134
f 3117/3662/3133 3115/3442/2977 2948/3436/2971 3119/3427/2962
f 2757/3663/2786 2755/3179/2785 3118/3661/3134 3117/3660/3133
f 3119/3427/2962 2938/3187/2790 2757/3182/2786 3117/3662/3133
f 3120/3664/3135 3121/3665/3136 3116/3659/3132 3118/3661/3134
f 2753/3178/2784 3120/3664/3135 3118/3661/3134 2755/3179/2785
f 3125/3666/3137 3121/3665/3136 3120/3664/3135 3122/3667/3138
f 3122/3667/3138 3120/3664/3135 2753/3178/2784 3123/3177/2783
f 3127/3668/3139 3124/3669/3140 3122/3667/3138 3123/3177/2783
f 3124/3669/3140 3126/3670/3141 3125/3666/3137 3122/3667/3138
f 3125/3666/3137 3126/3670/3141 2687/3090/2708 2683/3089/2707
f 2683/3089/2707 2681/3086/2704 3121/3665/3136 3125/3666/3137
f 2722/3131/2745 3126/3670/3141 3124/3669/3140 2724/3134/2748
f 2722/3131/2745 2719/3095/2713 2687/3090/2708 3126/3670/3141
f 2724/3134/2748 3124/3669/3140 3127/3668/3139 3128/3135/2749
f 3128/3135/2749 3127/3668/3139 3129/3171/2778 3130/3671/3142
f 3129/3171/2778 3127/3668/3139 3123/3177/2783 2749/3172/2779
f 3130/3671/3142 3129/3171/2778 2748/3167/2775 3131/3672/3143
f 3131/3672/3143 2734/3148/2760 2732/3143/2757 3130/3671/3142
f 3130/3671/3142 2732/3143/2757 2725/3136/2750 3128/3135/2749
f 3131/3672/3143 2744/3163/2773 3151/3150/2761 2734/3148/2760
f 2748/3167/2775 2746/3164/2774 2744/3163/2773 3131/3672/3143
f 3121/3665/3136 2681/3086/2704 2678/3083/2701 3116/3659/3132
f 2945/3432/2967 2917/3404/2939 3132/3409/2944 2943/3429/2964
f 2928/3417/2952 2941/3421/2956 2943/3429/2964 3132/3409/2944
f 3133/3673/3144 2778/3210/2813 2776/3209/2812 2925/3414/2949
f 2925/3414/2949 2923/3413/2948 3134/3674/3145 3133/3673/3144
f 3133/3673/3144 3135/3675/3146 2780/3211/2814 2778/3210/2813
f 3135/3675/3146 3133/3673/3144 3134/3674/3145 3136/3233/2834
f 3135/3675/3146 3136/3233/2834 2796/3225/2828 2794/3224/2827
f 2780/3211/2814 3135/3675/3146 2794/3224/2827 2782/3214/2817
f 2800/3232/2833 3136/3233/2834 3134/3674/3145 3137/3676/3147
f 3140/3677/3148 3137/3676/3147 3134/3674/3145 3138/3678/3149
f 3139/3412/2947 3138/3678/3149 3134/3674/3145 2923/3413/2948
f 3138/3678/3149 3139/3412/2947 3145/3389/2925 2902/3387/2923
f 3140/3677/3148 3138/3678/3149 2902/3387/2923 2900/3386/2922
f 3140/3677/3148 3141/3679/3150 3142/3240/2841 3137/3676/3147
f 2900/3386/2922 2898/3383/2919 3141/3679/3150 3140/3677/3148
f 3143/3680/3151 2807/3239/2840 3142/3240/2841 3141/3679/3150
f 2896/3382/2918 3143/3680/3151 3141/3679/3150 2898/3383/2919
f 3143/3680/3151 3144/3249/2848 2809/3241/2842 2807/3239/2840
f 2896/3382/2918 2894/3380/2916 3144/3249/2848 3143/3680/3151
f 2892/3257/2852 2814/3248/2847 3144/3249/2848 2894/3380/2916
f 3137/3676/3147 3142/3240/2841 2802/3234/2835 2800/3232/2833
f 3145/3389/2925 3139/3412/2947 2919/3407/2942 2908/3395/2930
f 3146/2921/2577 2572/2924/2578 3147/3253/2584 2816/3252/2850
f 2811/3254/2845 3147/3253/2584 2577/2945/2583 2583/2944/2591
f 2786/3219/2822 2791/3221/2824 3148/3681/3152 3150/3154/2764
f 2603/2979/2617 3149/2980/2618 3148/3681/3152 2791/3221/2824
f 3148/3682/3152 3149/3683/2618 2727/3138/2752 2729/3140/2754
f 2731/3145/2756 3150/3154/2764 3148/3681/3152 2729/3684/2754
f 3149/3683/2618 2604/3685/2619 3152/3139/2753 2727/3138/2752
f 2721/3130/2744 3152/3139/2753 3153/3127/2741 2716/3126/2740
f 2604/2983/2619 2607/2982/2620 3153/3686/2741 3152/3687/2753
f 3153/3686/2741 2607/2982/2620 2610/2985/2622 2712/3688/2736
f 2691/3098/2716 2689/3094/2712 2714/3124/2738 3154/3105/2723
f 2710/3119/2734 2698/3104/2722 2696/3103/2721 3154/3105/2723
f 2612/2997/2626 2618/2999/2632 2639/3028/2656 2609/3689/2625
f 3155/3690/3153 3156/3691/3153 3157/3692/3153
f 3155/3690/3154 3157/3693/3154 3156/3691/3154
f 3158/3694/3155 3159/3695/3155 3160/3696/3155
f 3158/3694/3156 3160/3697/3156 3159/3695/3156
o root.3
v 0.112147 0.367849 0.932532
v 0.116942 0.392558 0.927331
v 0.128976 0.364239 0.928905
v 0.093540 0.368951 0.937749
v 0.106690 0.337388 0.912445
v 0.083455 0.337469 0.916123
v 0.104201 0.309737 0.876366
v 0.129018 0.337362 0.910740
v 0.128989 0.304739 0.873302
v 0.151717 0.339951 0.909666
v 0.139719 0.374873 0.924632
v 0.149790 0.303037 0.862124
v 0.162397 0.353284 0.894201
v 0.153163 0.385704 0.916279
v 0.155187 0.318051 0.850592
v 0.159750 0.365770 0.881411
v 0.149060 0.377333 0.871617
v 0.152804 0.336108 0.840596
v 0.154893 0.394574 0.904727
v 0.136813 0.411109 0.909018
v 0.147419 0.393765 0.891485
v 0.132477 0.403513 0.890847
v 0.131344 0.386952 0.864802
v 0.114551 0.407792 0.887349
v 0.117690 0.417708 0.906815
v 0.112393 0.393180 0.862603
v 0.096195 0.406751 0.888497
v 0.100890 0.419570 0.905939
v 0.090575 0.391982 0.866381
v 0.081960 0.400334 0.898581
v 0.091039 0.411776 0.913353
v 0.074074 0.382655 0.875686
v 0.070886 0.394128 0.911994
v 0.068813 0.385383 0.929030
v 0.091713 0.402453 0.919742
v 0.058084 0.373285 0.887177
v 0.048098 0.358148 0.904441
v 0.060131 0.347059 0.846614
v 0.063298 0.318554 0.779571
v 0.071248 0.359931 0.839670
v 0.050279 0.328162 0.862874
v 0.056260 0.313126 0.876441
v 0.048311 0.292878 0.815126
v 0.038674 0.259648 0.792070
v 0.051381 0.276248 0.838066
v 0.073823 0.271949 0.840014
v 0.043497 0.241194 0.812428
v 0.048445 0.215551 0.792676
v 0.067885 0.236561 0.812219
v 0.068399 0.213313 0.792995
v 0.091114 0.231939 0.809974
v 0.096485 0.266119 0.837373
v 0.087641 0.210104 0.791100
v 0.112675 0.227513 0.798634
v 0.117074 0.240941 0.766063
v 0.118425 0.255942 0.828614
v 0.106771 0.210930 0.779809
v 0.110398 0.227798 0.752529
v 0.099286 0.204062 0.764767
v 0.099695 0.219122 0.742698
v 0.085758 0.200662 0.768681
v 0.086188 0.216474 0.738356
v 0.070325 0.201224 0.769129
v 0.072573 0.217968 0.736319
v 0.055557 0.203739 0.768770
v 0.059707 0.223871 0.736735
v 0.044503 0.216296 0.763334
v 0.049002 0.237521 0.740783
v 0.036636 0.231041 0.776326
v 0.044078 0.257639 0.748728
v 0.032974 0.289508 0.688540
v 0.047225 0.284946 0.759831
v 0.033499 0.318488 0.703074
v 0.045128 0.346664 0.715866
v 0.014061 0.362666 0.623441
v 0.026244 0.392803 0.640665
v -0.000029 0.414990 0.532341
v 0.014618 0.328539 0.604589
v 0.001239 0.378525 0.509892
v 0.026206 0.299053 0.588893
v 0.041262 0.267323 0.677680
v 0.046422 0.277016 0.576871
v 0.015048 0.347928 0.490046
v 0.039719 0.326384 0.474754
v 0.010716 0.406946 0.395482
v 0.011367 0.459036 0.321044
v -0.003986 0.437313 0.416024
v 0.037333 0.384883 0.380427
v 0.076097 0.375010 0.373938
v 0.038372 0.437037 0.307283
v 0.077126 0.426416 0.301266
v 0.043831 0.479147 0.255212
v 0.053768 0.503594 0.233624
v 0.020924 0.500064 0.266479
v 0.080041 0.468560 0.251237
v 0.126525 0.465425 0.257091
v 0.083262 0.501845 0.227296
v 0.083940 0.530908 0.222343
v 0.132358 0.499094 0.234088
v 0.183001 0.495254 0.250816
v 0.136204 0.528954 0.228226
v 0.189635 0.524971 0.246166
v 0.137393 0.556360 0.237211
v 0.190633 0.551819 0.256287
v 0.084476 0.558923 0.233902
v 0.138031 0.582382 0.256608
v 0.182973 0.580421 0.274237
v 0.132644 0.604106 0.278580
v 0.086602 0.585811 0.256800
v 0.094563 0.611635 0.286299
v 0.041830 0.579475 0.273662
v 0.041004 0.551775 0.248129
v 0.052372 0.608143 0.307788
v 0.008547 0.558198 0.308715
v 0.024235 0.592275 0.341646
v 0.008949 0.526848 0.283430
v -0.006031 0.524326 0.361942
v -0.003830 0.488609 0.339324
v 0.009640 0.560836 0.387923
v -0.005960 0.472784 0.439141
v 0.007743 0.506927 0.461056
v 0.013855 0.448707 0.552576
v 0.033534 0.533484 0.479423
v 0.070749 0.549811 0.493041
v 0.039993 0.587161 0.413660
v 0.038523 0.474135 0.567964
v 0.046639 0.413997 0.653102
v 0.071626 0.490206 0.578331
v 0.110565 0.493494 0.581629
v 0.073929 0.426537 0.660650
v 0.104738 0.429120 0.663114
v 0.078438 0.371923 0.726778
v 0.099420 0.372872 0.727632
v 0.087144 0.345640 0.783225
v 0.058821 0.361861 0.722655
v 0.075374 0.336977 0.781198
v 0.100266 0.346462 0.783993
v 0.086782 0.371026 0.832838
v 0.108148 0.372341 0.830132
v 0.127552 0.364577 0.831277
v 0.113515 0.340818 0.783910
v 0.142887 0.351796 0.834419
v 0.123495 0.330417 0.783171
v 0.129509 0.313391 0.784068
v 0.136738 0.351296 0.723801
v 0.160597 0.401851 0.653799
v 0.144381 0.329956 0.717842
v 0.120135 0.366261 0.726775
v 0.135359 0.420745 0.660790
v 0.151110 0.483131 0.578061
v 0.184970 0.459018 0.568414
v 0.161562 0.543529 0.493434
v 0.164835 0.594925 0.438956
v 0.203919 0.516737 0.476601
v 0.115581 0.552942 0.498797
v 0.119473 0.604656 0.445050
v 0.119527 0.642754 0.410605
v 0.076717 0.600560 0.434028
v 0.081118 0.637358 0.398091
v 0.098421 0.649246 0.364090
v 0.050633 0.620796 0.374185
v 0.075079 0.634820 0.339625
v 0.113256 0.631385 0.314838
v 0.134446 0.644143 0.340424
v 0.155539 0.611459 0.296002
v 0.179178 0.621406 0.320928
v 0.213164 0.583617 0.298136
v 0.200411 0.625790 0.350970
v 0.206493 0.606051 0.382529
v 0.154822 0.650121 0.370611
v 0.237550 0.587309 0.325512
v 0.241615 0.571016 0.359119
v 0.251034 0.549938 0.305886
v 0.261188 0.534558 0.337823
v 0.247954 0.516924 0.289964
v 0.224876 0.550701 0.279025
v 0.225759 0.522845 0.267404
v 0.217450 0.492950 0.268371
v 0.235922 0.493813 0.282555
v 0.213163 0.467315 0.284483
v 0.239759 0.476990 0.297883
v 0.213889 0.434298 0.322753
v 0.175652 0.464672 0.271008
v 0.174345 0.428574 0.311934
v 0.172833 0.378333 0.383809
v 0.124658 0.425148 0.302963
v 0.124423 0.374023 0.374662
v 0.115602 0.315021 0.464015
v 0.073687 0.315737 0.465389
v 0.156231 0.318250 0.473933
v 0.101939 0.261416 0.568765
v 0.090208 0.237319 0.669061
v 0.129417 0.263736 0.575356
v 0.072697 0.264973 0.569627
v 0.072467 0.240521 0.668272
v 0.055103 0.250928 0.671110
v 0.107283 0.240295 0.673165
v 0.152960 0.272543 0.587483
v 0.122888 0.249528 0.681369
v 0.187561 0.323476 0.489772
v 0.171918 0.289082 0.602343
v 0.183280 0.314170 0.618135
v 0.134112 0.263575 0.691691
v 0.209637 0.336696 0.508366
v 0.240319 0.395041 0.410235
v 0.221183 0.359639 0.526796
v 0.253073 0.417852 0.427754
v 0.221864 0.389628 0.542952
v 0.251216 0.447233 0.445963
v 0.186134 0.344933 0.632497
v 0.209560 0.425714 0.556812
v 0.178222 0.375878 0.643975
v 0.236529 0.480262 0.461420
v 0.240767 0.533428 0.396172
v 0.260769 0.499419 0.377987
v 0.200852 0.567620 0.411294
v 0.260738 0.469470 0.355983
v 0.258275 0.502313 0.315646
v 0.244613 0.446747 0.336235
v 0.146010 0.305134 0.709667
v 0.143617 0.285621 0.700831
v 0.130705 0.291757 0.787747
v 0.127371 0.270443 0.787948
v 0.211499 0.383581 0.395988
v 0.166391 0.633940 0.406318
v 0.119414 0.652848 0.380383
v 0.045607 0.524312 0.234587
v 0.079280 0.310371 0.879835
v 0.058674 0.340965 0.918417
v 0.073483 0.368924 0.937327
v 0.094532 0.393288 0.931556
v 0.108550 0.410376 0.923299
v 0.120304 0.421489 0.924236
v 0.099219 0.419224 0.923843
v 0.106114 0.426644 0.920794
v 0.135094 0.409369 0.922418
vn 0.1880 -0.1975 0.9621
vn 0.1575 0.2056 0.9659
vn -0.0835 0.4781 0.8743
vn 0.0736 -0.1573 0.9848
vn 0.2145 -0.2653 0.9400
vn 0.4346 -0.0534 0.8990
vn 0.0704 -0.6882 0.7221
vn 0.1339 -0.6458 0.7516
vn 0.0204 -0.7012 0.7127
vn -0.0570 -0.7577 0.6501
vn 0.0063 -0.7374 0.6754
vn 0.2126 -0.7616 0.6122
vn 0.6056 -0.4626 0.6475
vn 0.7970 -0.5627 0.2196
vn 0.9732 -0.0920 0.2106
vn 0.7949 0.1883 0.5768
vn 0.9742 -0.1807 -0.1354
vn 0.9436 0.2528 -0.2137
vn 0.8467 0.5308 -0.0373
vn 0.9222 0.1566 -0.3536
vn 0.7377 0.4819 -0.4729
vn 0.6995 0.5502 -0.4561
vn 0.6347 0.6405 -0.4324
vn 0.4984 0.5418 0.6768
vn 0.5746 0.8098 -0.1187
vn 0.4182 0.7795 -0.4663
vn 0.4424 0.7304 -0.5204
vn 0.1315 0.8487 -0.5123
vn 0.2739 0.8882 -0.3688
vn 0.1044 0.8375 -0.5364
vn -0.3510 0.8279 -0.4374
vn -0.3067 0.8873 -0.3445
vn -0.3865 0.8040 -0.4519
vn -0.6506 0.7381 -0.1790
vn -0.7292 0.6485 0.2185
vn -0.6563 0.6728 -0.3415
vn -0.6885 0.7136 0.1294
vn -0.4501 0.5885 0.6716
vn -0.8264 0.5241 -0.2059
vn -0.6111 0.4853 0.6253
vn -0.9730 0.1332 0.1883
vn -0.8613 0.4332 -0.2656
vn -0.9981 0.0589 -0.0187
vn -0.6947 0.6341 -0.3397
vn -0.9803 0.1954 0.0296
vn -0.9087 0.4080 0.0890
vn -0.7401 0.6675 0.0818
vn -0.6732 -0.5582 0.4851
vn -0.7127 -0.3960 0.5791
vn -0.5749 -0.4829 0.6605
vn -0.6904 -0.3924 0.6077
vn -0.9910 0.1118 0.0734
vn -0.9752 0.1918 0.1101
vn -0.0960 -0.6514 0.7526
vn -0.0864 -0.6165 0.7826
vn -0.5608 -0.6752 0.4792
vn -0.9776 -0.2085 -0.0274
vn -0.0880 -0.7821 0.6170
vn 0.0660 -0.6675 0.7417
vn -0.0056 -0.6632 0.7484
vn 0.1123 -0.8117 0.5732
vn 0.6914 -0.5988 0.4042
vn 0.4885 -0.6947 0.5280
vn 0.6716 -0.7117 0.2060
vn 0.8257 -0.5524 -0.1147
vn 0.9179 -0.3960 0.0245
vn 0.9343 -0.3502 0.0670
vn 0.4950 -0.8501 -0.1796
vn 0.4925 -0.8145 -0.3066
vn 0.0944 -0.9953 -0.0202
vn 0.0757 -0.9205 -0.3834
vn -0.1375 -0.9902 -0.0237
vn -0.2221 -0.8917 -0.3945
vn -0.4784 -0.8751 -0.0735
vn -0.5624 -0.7285 -0.3912
vn -0.8302 -0.4857 -0.2734
vn -0.8773 -0.3965 -0.2703
vn -0.9957 -0.0660 -0.0645
vn -0.9594 0.0767 0.2716
vn -0.9747 -0.1986 0.1023
vn -0.8766 -0.4771 -0.0625
vn -0.8508 0.3379 0.4025
vn -0.8580 0.3450 0.3805
vn -0.9724 0.0604 0.2255
vn -0.9711 -0.2313 0.0595
vn -0.8694 0.3713 0.3259
vn -0.9847 0.0811 0.1544
vn -0.9767 -0.2129 -0.0270
vn -0.8472 -0.4889 -0.2078
vn -0.8566 -0.5067 -0.0975
vn -0.6139 -0.7521 -0.2397
vn -0.6471 -0.7370 -0.1952
vn -0.5677 -0.7302 -0.3802
vn -0.8341 -0.4672 -0.2932
vn -0.5264 -0.7085 -0.4701
vn -0.9768 -0.1903 -0.0984
vn -0.8271 -0.4167 -0.3771
vn -0.5117 -0.6690 -0.5391
vn -0.9726 -0.1235 -0.1969
vn -0.1646 -0.8161 -0.5540
vn -0.2115 -0.8504 -0.4817
vn -0.1456 -0.7790 -0.6099
vn -0.4968 -0.5476 -0.6733
vn -0.1102 -0.6713 -0.7330
vn -0.8023 -0.2335 -0.5494
vn -0.4072 -0.3372 -0.8488
vn -0.0737 -0.3698 -0.9262
vn -0.5526 0.0432 -0.8323
vn 0.1168 -0.6692 -0.7338
vn 0.0870 -0.7839 -0.6148
vn 0.1776 -0.3940 -0.9018
vn 0.2171 0.0651 -0.9740
vn -0.1002 0.1196 -0.9877
vn 0.3306 -0.3934 -0.8579
vn 0.2462 -0.6567 -0.7128
vn 0.4154 0.0505 -0.9082
vn 0.2053 0.4628 -0.8623
vn 0.4218 0.4351 -0.7955
vn -0.1366 0.5088 -0.8500
vn 0.1827 0.6582 -0.7303
vn 0.3723 0.6341 -0.6777
vn -0.1564 0.7027 -0.6941
vn 0.1338 0.7615 -0.6342
vn 0.2384 0.7722 -0.5890
vn -0.1384 0.8064 -0.5749
vn -0.5765 0.6264 -0.5247
vn -0.5214 0.7655 -0.3771
vn -0.5971 0.4024 -0.6939
vn -0.8870 0.3903 -0.2469
vn -0.9055 0.0977 -0.4130
vn -0.7911 0.6082 -0.0649
vn -0.9824 0.1868 -0.0091
vn -0.8718 0.4531 0.1861
vn -0.9896 0.1050 0.0984
vn -0.8758 0.3896 0.2850
vn -0.6829 0.6152 0.3940
vn -0.6567 0.6102 0.4430
vn -0.6420 0.6082 0.4668
vn -0.3119 0.7629 0.5662
vn -0.3428 0.7464 0.5704
vn -0.4040 0.6939 0.5961
vn -0.6302 0.5848 0.5108
vn -0.2975 0.7388 0.6047
vn 0.0627 0.7951 0.6033
vn 0.0411 0.7723 0.6339
vn 0.0734 0.7660 0.6386
vn -0.3063 0.7824 0.5422
vn 0.1014 0.8283 0.5510
vn -0.6477 0.5847 0.4884
vn -0.3760 0.9266 0.0088
vn 0.1490 0.9876 -0.0501
vn -0.3799 0.8130 -0.4413
vn 0.1216 0.8440 -0.5224
vn 0.4806 0.7076 -0.5180
vn 0.5629 0.8234 -0.0714
vn 0.8609 0.5035 -0.0730
vn 0.9876 0.1378 -0.0749
vn 0.9196 0.1398 0.3671
vn 0.7740 0.4407 0.4546
vn 0.4713 0.7090 0.5247
vn 0.7040 0.4553 0.5451
vn 0.4256 0.6648 0.6139
vn 0.8624 0.1968 0.4664
vn 0.6891 0.5158 0.5091
vn 0.4261 0.6976 0.5761
vn 0.6907 0.5461 0.4741
vn 0.4507 0.6805 0.5778
vn 0.4739 0.5980 0.6463
vn -0.0007 0.7040 0.7102
vn 0.6955 0.4857 0.5295
vn -0.0364 0.8348 0.5493
vn -0.4418 0.8109 0.3837
vn 0.4566 0.7224 0.5193
vn -0.6608 0.7366 0.1442
vn -0.0350 0.9927 0.1156
vn -0.2548 0.9630 -0.0880
vn -0.4127 0.8749 -0.2536
vn -0.0429 0.8708 -0.4898
vn 0.0891 0.9211 -0.3790
vn 0.3377 0.8026 -0.4917
vn 0.4911 0.6415 -0.5893
vn 0.7503 0.6242 -0.2179
vn 0.5803 0.8095 -0.0897
vn 0.3026 0.9531 0.0099
vn 0.7081 0.5711 0.4153
vn 0.8365 0.4638 0.2920
vn 0.9760 0.2173 0.0138
vn 0.8491 0.3539 -0.3922
vn 0.5890 0.4227 -0.6888
vn 0.9471 -0.1292 -0.2939
vn 0.8273 0.0010 -0.5618
vn 0.6053 0.0698 -0.7929
vn 0.4946 -0.3692 -0.7868
vn 0.6830 -0.3189 -0.6571
vn 0.7043 -0.4635 -0.5377
vn 0.4087 -0.6221 -0.6678
vn 0.7278 -0.5448 -0.4166
vn 0.3970 -0.7272 -0.5600
vn 0.2220 -0.7688 -0.5997
vn 0.2360 -0.8155 -0.5285
vn 0.4267 -0.7825 -0.4536
vn 0.0843 -0.8256 -0.5579
vn 0.0704 -0.8660 -0.4950
vn 0.2666 -0.8546 -0.4456
vn 0.0350 -0.9386 -0.3431
vn -0.2787 -0.9014 -0.3313
vn 0.2968 -0.9143 -0.2758
vn 0.0351 -0.9661 -0.2559
vn 0.3713 -0.9110 -0.1795
vn -0.3117 -0.9130 -0.2633
vn 0.5512 -0.8237 -0.1327
vn 0.4898 -0.8116 -0.3183
vn 0.6579 -0.7518 -0.0448
vn 0.7735 -0.6308 0.0612
vn 0.8303 -0.5495 0.0934
vn 0.7669 -0.6361 -0.0851
vn 0.8986 -0.3667 0.2408
vn 0.9159 -0.3437 0.2075
vn 0.9313 -0.3275 0.1592
vn 0.7515 -0.6089 -0.2539
vn 0.9635 -0.2660 0.0298
vn 0.9443 -0.0045 0.3290
vn 0.9624 0.0786 0.2601
vn 0.9241 -0.0837 0.3729
vn 0.8511 0.2895 0.4380
vn 0.8381 0.3681 0.4026
vn 0.8145 0.4071 0.4133
vn 0.9743 0.1409 0.1758
vn 0.9694 -0.2074 -0.1314
vn 0.9518 -0.1077 0.2870
vn 0.9882 -0.1426 -0.0550
vn -0.3600 -0.0939 0.9282
vn -0.1157 0.1996 0.9730
vn -0.5645 0.4345 0.7018
vn 0.2862 0.7496 0.5968
vn -0.1560 0.9262 0.3432
vt 0.254574 0.820610
vt 0.252281 0.813732
vt 0.256832 0.814999
vt 0.257766 0.820068
vt 0.853067 0.327153
vt 0.852386 0.332511
vt 0.849398 0.333539
vt 0.847084 0.327524
vt 0.858981 0.332219
vt 0.857519 0.335776
vt 0.860627 0.328282
vt 0.854565 0.323683
vt 0.868474 0.334509
vt 0.866389 0.338859
vt 0.864205 0.343256
vt 0.855767 0.338959
vt 0.863674 0.349050
vt 0.854745 0.342683
vt 0.849409 0.337303
vt 0.861566 0.352166
vt 0.853180 0.344589
vt 0.847478 0.339365
vt 0.858904 0.354502
vt 0.856347 0.356727
vt 0.851735 0.347521
vt 0.252628 0.798166
vt 0.254056 0.802194
vt 0.253574 0.805376
vt 0.250747 0.799674
vt 0.252391 0.809949
vt 0.249745 0.809418
vt 0.254301 0.807257
vt 0.255953 0.801441
vt 0.256786 0.794228
vt 0.257645 0.801617
vt 0.255845 0.806525
vt 0.259210 0.795010
vt 0.259318 0.801988
vt 0.256952 0.806722
vt 0.261797 0.795656
vt 0.260477 0.803572
vt 0.257948 0.807436
vt 0.263837 0.797700
vt 0.261340 0.806174
vt 0.258316 0.809435
vt 0.265632 0.800112
vt 0.261075 0.809960
vt 0.266955 0.804329
vt 0.270306 0.791908
vt 0.272721 0.796965
vt 0.267897 0.790100
vt 0.281303 0.787205
vt 0.278475 0.776318
vt 0.273095 0.774757
vt 0.273635 0.802201
vt 0.281565 0.793940
vt 0.268694 0.808131
vt 0.292958 0.793221
vt 0.292027 0.786862
vt 0.290474 0.777176
vt 0.870314 0.330583
vt 0.883190 0.336449
vt 0.880258 0.340320
vt 0.898419 0.340107
vt 0.892479 0.344193
vt 0.302274 0.793234
vt 0.300517 0.787585
vt 0.904414 0.346373
vt 0.898783 0.348843
vt 0.887943 0.349057
vt 0.877857 0.345308
vt 0.894418 0.351507
vt 0.886226 0.354248
vt 0.876945 0.351739
vt 0.891989 0.356149
vt 0.892135 0.362973
vt 0.886439 0.362400
vt 0.876335 0.361739
vt 0.896011 0.357622
vt 0.897081 0.363204
vt 0.898738 0.355504
vt 0.901225 0.362561
vt 0.901940 0.353853
vt 0.905172 0.361837
vt 0.905379 0.352989
vt 0.909080 0.360908
vt 0.309086 0.790013
vt 0.305687 0.787139
vt 0.305357 0.780212
vt 0.310275 0.781959
vt 0.299053 0.778836
vt 0.292267 0.762030
vt 0.301626 0.763514
vt 0.309038 0.765002
vt 0.282811 0.760558
vt 0.286675 0.739546
vt 0.296175 0.740659
vt 0.306513 0.742059
vt 0.289301 0.714695
vt 0.299813 0.715596
vt 0.310720 0.716383
vt 0.320695 0.717227
vt 0.315969 0.743294
vt 0.324547 0.744860
vt 0.315306 0.766774
vt 0.329961 0.717598
vt 0.321550 0.689812
vt 0.330335 0.689542
vt 0.312251 0.689648
vt 0.319551 0.666478
vt 0.327748 0.666080
vt 0.311353 0.666577
vt 0.937523 0.420018
vt 0.942388 0.446047
vt 0.933168 0.448268
vt 0.929150 0.423029
vt 0.942750 0.468331
vt 0.933996 0.469889
vt 0.940724 0.485838
vt 0.932598 0.486552
vt 0.316512 0.648410
vt 0.323328 0.647808
vt 0.937591 0.495088
vt 0.930878 0.497284
vt 0.314938 0.635492
vt 0.320385 0.638378
vt 0.922747 0.487116
vt 0.923499 0.471778
vt 0.919768 0.497478
vt 0.917103 0.505545
vt 0.929447 0.505188
vt 0.938341 0.500213
vt 0.908329 0.495981
vt 0.911785 0.486402
vt 0.903405 0.502514
vt 0.914409 0.512812
vt 0.897618 0.507941
vt 0.927380 0.513079
vt 0.274067 0.606932
vt 0.292354 0.610218
vt 0.281867 0.616353
vt 0.266026 0.614714
vt 0.304672 0.622553
vt 0.293566 0.624824
vt 0.276576 0.623102
vt 0.268125 0.624178
vt 0.282756 0.629705
vt 0.297814 0.636932
vt 0.287014 0.640351
vt 0.306932 0.634427
vt 0.300381 0.649894
vt 0.309205 0.648629
vt 0.289333 0.652132
vt 0.301899 0.666385
vt 0.290841 0.666472
vt 0.301892 0.689138
vt 0.291503 0.688774
vt 0.279814 0.667842
vt 0.281482 0.688457
vt 0.279761 0.714030
vt 0.270365 0.713614
vt 0.271030 0.688373
vt 0.269643 0.669410
vt 0.278408 0.739122
vt 0.270665 0.738783
vt 0.261242 0.713486
vt 0.260246 0.688572
vt 0.263276 0.738698
vt 0.270913 0.759435
vt 0.265557 0.759604
vt 0.276619 0.760033
vt 0.268998 0.774377
vt 0.265023 0.776029
vt 0.265672 0.787005
vt 0.262305 0.786525
vt 0.259218 0.785361
vt 0.262239 0.775573
vt 0.259312 0.775790
vt 0.255591 0.785657
vt 0.866216 0.366500
vt 0.862003 0.368211
vt 0.869454 0.381737
vt 0.863137 0.382498
vt 0.857090 0.382689
vt 0.858938 0.368888
vt 0.859744 0.402844
vt 0.851993 0.402379
vt 0.867902 0.402743
vt 0.260243 0.760353
vt 0.255781 0.739571
vt 0.858308 0.427189
vt 0.848458 0.426912
vt 0.251633 0.714128
vt 0.859146 0.452799
vt 0.848216 0.451861
vt 0.249115 0.688651
vt 0.248607 0.670234
vt 0.259356 0.670404
vt 0.858261 0.472400
vt 0.847992 0.469730
vt 0.260029 0.657873
vt 0.268912 0.656720
vt 0.249814 0.657391
vt 0.278158 0.654899
vt 0.261521 0.650409
vt 0.267523 0.647166
vt 0.276030 0.644164
vt 0.272679 0.634327
vt 0.263337 0.639243
vt 0.257592 0.629186
vt 0.256054 0.618256
vt 0.249752 0.619887
vt 0.250829 0.634273
vt 0.254122 0.647195
vt 0.858131 0.484010
vt 0.858229 0.492730
vt 0.847084 0.490827
vt 0.847588 0.481494
vt 0.871073 0.494047
vt 0.868742 0.484471
vt 0.878841 0.483930
vt 0.880884 0.492321
vt 0.887529 0.500045
vt 0.877262 0.502280
vt 0.887475 0.484533
vt 0.889802 0.491634
vt 0.894912 0.497469
vt 0.885473 0.510217
vt 0.900486 0.492192
vt 0.895817 0.489397
vt 0.895928 0.484351
vt 0.902938 0.484991
vt 0.894845 0.472910
vt 0.903101 0.472851
vt 0.912281 0.472836
vt 0.911023 0.452131
vt 0.901477 0.452389
vt 0.922299 0.450828
vt 0.919648 0.425793
vt 0.909674 0.426797
vt 0.915003 0.399041
vt 0.922059 0.397094
vt 0.907893 0.399958
vt 0.907530 0.377043
vt 0.902316 0.377951
vt 0.912732 0.375869
vt 0.929062 0.394617
vt 0.918483 0.374280
vt 0.900847 0.400201
vt 0.901181 0.426391
vt 0.896416 0.378655
vt 0.893280 0.400630
vt 0.890233 0.378981
vt 0.893631 0.425749
vt 0.885068 0.401196
vt 0.882822 0.380266
vt 0.885994 0.425499
vt 0.893485 0.452370
vt 0.886158 0.452408
vt 0.877756 0.425780
vt 0.878111 0.452182
vt 0.876271 0.402198
vt 0.868039 0.426509
vt 0.869932 0.452561
vt 0.868508 0.472087
vt 0.878270 0.471833
vt 0.886925 0.472650
vt 0.876589 0.380774
vt 0.871235 0.364005
vt 0.313289 0.624405
vt 0.862571 0.323835
vt 0.261597 0.813175
vt 0.266767 0.814404
vt 0.255947 0.812001
vt 0.256123 0.809933
vt 0.254262 0.810214
vt 0.255663 0.809346
vt 0.248607 0.813192
s 1
f 3161/3698/3157 3162/3699/3158 3391/3700/3159 3164/3701/3160
f 3161/3702/3157 3163/3703/3161 3171/3704/3162 3162/3705/3158
f 3165/3706/3163 3168/3707/3164 3163/3703/3161 3161/3702/3157
f 3166/3708/3165 3165/3706/3163 3161/3702/3157 3164/3709/3160
f 3388/3710/3166 3167/3711/3167 3165/3706/3163 3166/3708/3165
f 3165/3706/3163 3167/3711/3167 3169/3712/3168 3168/3707/3164
f 3163/3703/3161 3168/3707/3164 3170/3713/3169 3171/3704/3162
f 3170/3713/3169 3168/3707/3164 3169/3712/3168 3172/3714/3170
f 3171/3704/3162 3170/3713/3169 3173/3715/3171 3174/3716/3172
f 3173/3715/3171 3170/3713/3169 3172/3714/3170 3175/3717/3173
f 3174/3716/3172 3173/3715/3171 3176/3718/3174 3179/3719/3175
f 3176/3718/3174 3173/3715/3171 3175/3717/3173 3178/3720/3176
f 3176/3718/3174 3178/3720/3176 3302/3721/3177 3177/3722/3178
f 3177/3723/3178 3181/3724/3179 3179/3725/3175 3176/3726/3174
f 3396/3727/3180 3174/3728/3172 3179/3725/3175 3180/3729/3181
f 3179/3725/3175 3181/3724/3179 3182/3730/3182 3180/3729/3181
f 3182/3730/3182 3181/3724/3179 3177/3723/3178 3183/3731/3183
f 3182/3730/3182 3184/3732/3184 3185/3733/3185 3180/3729/3181
f 3186/3734/3186 3184/3732/3184 3182/3730/3182 3183/3731/3183
f 3184/3732/3184 3187/3735/3187 3188/3736/3188 3185/3733/3185
f 3189/3737/3189 3187/3735/3187 3184/3732/3184 3186/3734/3186
f 3187/3735/3187 3190/3738/3190 3191/3739/3191 3188/3736/3188
f 3189/3737/3189 3192/3740/3192 3190/3738/3190 3187/3735/3187
f 3190/3738/3190 3193/3741/3193 3195/3742/3194 3191/3739/3191
f 3190/3738/3190 3192/3740/3192 3196/3743/3195 3193/3741/3193
f 3195/3742/3194 3193/3741/3193 3194/3744/3196 3391/3700/3159
f 3193/3741/3193 3196/3743/3195 3197/3745/3197 3194/3744/3196
f 3197/3745/3197 3196/3743/3195 3198/3746/3198 3201/3747/3199
f 3196/3743/3195 3192/3740/3192 3200/3748/3200 3198/3746/3198
f 3203/3749/3201 3201/3747/3199 3198/3746/3198 3199/3750/3202
f 3296/3751/3203 3199/3750/3202 3198/3746/3198 3200/3748/3200
f 3202/3752/3204 3201/3747/3199 3203/3749/3201 3205/3753/3205
f 3197/3745/3197 3201/3747/3199 3202/3752/3204 3389/3754/3206
f 3207/3755/3207 3205/3753/3205 3203/3749/3201 3204/3756/3208
f 3203/3749/3201 3199/3750/3202 3232/3757/3209 3204/3756/3208
f 3202/3758/3204 3205/3759/3205 3206/3760/3210 3388/3710/3166
f 3206/3760/3210 3205/3759/3205 3207/3761/3207 3209/3762/3211
f 3208/3763/3212 3207/3755/3207 3204/3756/3208 3229/3764/3213
f 3209/3762/3211 3207/3761/3207 3208/3765/3212 3210/3766/3214
f 3209/3762/3211 3211/3767/3215 3212/3768/3216 3206/3760/3210
f 3209/3762/3211 3210/3766/3214 3213/3769/3217 3211/3767/3215
f 3212/3768/3216 3211/3767/3215 3214/3770/3218 3216/3771/3219
f 3214/3770/3218 3211/3767/3215 3213/3769/3217 3217/3772/3220
f 3217/3772/3220 3218/3773/3221 3215/3774/3222 3214/3770/3218
f 3215/3774/3222 3383/3775/3223 3216/3771/3219 3214/3770/3218
f 3217/3772/3220 3219/3776/3224 3220/3777/3225 3218/3773/3221
f 3221/3778/3226 3219/3776/3224 3217/3772/3220 3213/3769/3217
f 3220/3777/3225 3219/3776/3224 3221/3778/3226 3222/3779/3227
f 3213/3769/3217 3210/3766/3214 3223/3780/3228 3221/3778/3226
f 3221/3778/3226 3223/3780/3228 3224/3781/3229 3222/3779/3227
f 3224/3781/3229 3223/3780/3228 3225/3782/3230 3226/3783/3231
f 3223/3780/3228 3210/3766/3214 3208/3765/3212 3225/3782/3230
f 3225/3784/3230 3227/3785/3232 3228/3786/3233 3226/3787/3231
f 3229/3764/3213 3227/3785/3232 3225/3784/3230 3208/3763/3212
f 3228/3786/3233 3227/3785/3232 3229/3764/3213 3230/3788/3234
f 3204/3756/3208 3232/3757/3209 3230/3788/3234 3229/3764/3213
f 3233/3789/3235 3231/3790/3236 3230/3788/3234 3232/3757/3209
f 3231/3790/3236 3241/3791/3237 3228/3786/3233 3230/3788/3234
f 3232/3757/3209 3199/3750/3202 3234/3792/3238 3233/3789/3235
f 3234/3792/3238 3236/3793/3239 3235/3794/3240 3233/3789/3235
f 3238/3795/3241 3231/3790/3236 3233/3789/3235 3235/3794/3240
f 3235/3794/3240 3236/3793/3239 3282/3796/3242 3237/3797/3243
f 3237/3797/3243 3239/3798/3244 3238/3795/3241 3235/3794/3240
f 3238/3795/3241 3239/3798/3244 3243/3799/3245 3240/3800/3246
f 3238/3795/3241 3240/3800/3246 3241/3791/3237 3231/3790/3236
f 3241/3791/3237 3240/3800/3246 3242/3801/3247 3356/3802/3248
f 3242/3801/3247 3240/3800/3246 3243/3799/3245 3244/3803/3249
f 3245/3804/3250 3248/3805/3251 3244/3803/3249 3243/3799/3245
f 3243/3799/3245 3239/3798/3244 3247/3806/3252 3245/3804/3250
f 3245/3804/3250 3246/3807/3253 3250/3808/3254 3248/3805/3251
f 3278/3809/3255 3246/3807/3253 3245/3804/3250 3247/3806/3252
f 3244/3810/3249 3248/3811/3251 3249/3812/3256 3349/3813/3257
f 3249/3812/3256 3248/3811/3251 3250/3814/3254 3251/3815/3258
f 3252/3816/3259 3255/3817/3260 3251/3815/3258 3250/3814/3254
f 3250/3808/3254 3246/3807/3253 3254/3818/3261 3252/3819/3259
f 3252/3816/3259 3253/3820/3262 3257/3821/3263 3255/3817/3260
f 3387/3822/3264 3253/3823/3262 3252/3819/3259 3254/3818/3261
f 3251/3815/3258 3255/3817/3260 3256/3824/3265 3346/3825/3266
f 3256/3824/3265 3255/3817/3260 3257/3821/3263 3259/3826/3267
f 3261/3827/3268 3259/3826/3267 3257/3821/3263 3258/3828/3269
f 3257/3821/3263 3253/3820/3262 3387/3829/3264 3258/3828/3269
f 3256/3824/3265 3259/3826/3267 3260/3830/3270 3343/3831/3271
f 3260/3830/3270 3259/3826/3267 3261/3827/3268 3262/3832/3272
f 3262/3832/3272 3261/3827/3268 3263/3833/3273 3264/3834/3274
f 3263/3833/3273 3261/3827/3268 3258/3828/3269 3265/3835/3275
f 3264/3836/3274 3263/3837/3273 3266/3838/3276 3267/3839/3277
f 3263/3837/3273 3265/3840/3275 3269/3841/3278 3266/3838/3276
f 3266/3838/3276 3268/3842/3279 3325/3843/3280 3267/3839/3277
f 3270/3844/3281 3268/3842/3279 3266/3838/3276 3269/3841/3278
f 3269/3841/3278 3271/3845/3282 3273/3846/3283 3270/3844/3281
f 3269/3841/3278 3265/3840/3275 3272/3847/3284 3271/3845/3282
f 3274/3848/3285 3271/3845/3282 3272/3847/3284 3276/3849/3286
f 3273/3846/3283 3271/3845/3282 3274/3848/3285 3275/3850/3287
f 3277/3851/3288 3279/3852/3289 3275/3850/3287 3274/3848/3285
f 3274/3848/3285 3276/3849/3286 3278/3809/3255 3277/3851/3288
f 3247/3806/3252 3280/3853/3290 3277/3851/3288 3278/3809/3255
f 3281/3854/3291 3279/3852/3289 3277/3851/3288 3280/3853/3290
f 3237/3797/3243 3280/3853/3290 3247/3806/3252 3239/3798/3244
f 3281/3854/3291 3280/3853/3290 3237/3797/3243 3282/3796/3242
f 3285/3855/3292 3279/3852/3289 3281/3854/3291 3283/3856/3293
f 3282/3796/3242 3286/3857/3294 3283/3856/3293 3281/3854/3291
f 3286/3857/3294 3288/3858/3295 3284/3859/3296 3283/3856/3293
f 3284/3859/3296 3318/3860/3297 3285/3855/3292 3283/3856/3293
f 3287/3861/3298 3286/3857/3294 3282/3796/3242 3236/3793/3239
f 3290/3862/3299 3288/3858/3295 3286/3857/3294 3287/3861/3298
f 3288/3858/3295 3289/3863/3300 3315/3864/3301 3284/3859/3296
f 3291/3865/3302 3289/3863/3300 3288/3858/3295 3290/3862/3299
f 3290/3862/3299 3292/3866/3303 3293/3867/3304 3291/3865/3302
f 3290/3862/3299 3287/3861/3298 3295/3868/3305 3292/3866/3303
f 3293/3867/3304 3292/3866/3303 3294/3869/3306 3297/3870/3307
f 3294/3869/3306 3292/3866/3303 3295/3868/3305 3296/3751/3203
f 3287/3861/3298 3236/3793/3239 3234/3792/3238 3295/3868/3305
f 3234/3792/3238 3199/3750/3202 3296/3751/3203 3295/3868/3305
f 3298/3871/3308 3294/3869/3306 3296/3751/3203 3200/3748/3200
f 3297/3870/3307 3294/3869/3306 3298/3871/3308 3299/3872/3309
f 3299/3872/3309 3298/3871/3308 3189/3737/3189 3186/3734/3186
f 3189/3737/3189 3298/3871/3308 3200/3748/3200 3192/3740/3192
f 3183/3731/3183 3300/3873/3310 3299/3872/3309 3186/3734/3186
f 3300/3873/3310 3301/3874/3311 3297/3870/3307 3299/3872/3309
f 3303/3875/3312 3301/3874/3311 3300/3873/3310 3302/3876/3177
f 3302/3876/3177 3300/3873/3310 3183/3731/3183 3177/3723/3178
f 3302/3721/3177 3178/3720/3176 3304/3877/3313 3303/3878/3312
f 3303/3878/3312 3304/3877/3313 3307/3879/3314 3305/3880/3315
f 3303/3878/3312 3305/3880/3315 3308/3881/3316 3301/3882/3311
f 3308/3881/3316 3305/3880/3315 3306/3883/3317 3309/3884/3318
f 3305/3880/3315 3307/3879/3314 3372/3885/3319 3306/3883/3317
f 3301/3874/3311 3308/3886/3316 3293/3867/3304 3297/3870/3307
f 3293/3867/3304 3308/3886/3316 3309/3887/3318 3291/3865/3302
f 3306/3883/3317 3311/3888/3320 3310/3889/3321 3309/3884/3318
f 3309/3887/3318 3310/3890/3321 3289/3863/3300 3291/3865/3302
f 3310/3889/3321 3311/3888/3320 3314/3891/3322 3312/3892/3323
f 3289/3863/3300 3310/3890/3321 3312/3893/3323 3315/3864/3301
f 3312/3893/3323 3313/3894/3324 3316/3895/3325 3315/3864/3301
f 3376/3896/3326 3313/3897/3324 3312/3892/3323 3314/3891/3322
f 3315/3864/3301 3316/3895/3325 3318/3860/3297 3284/3859/3296
f 3318/3860/3297 3316/3895/3325 3317/3898/3327 3319/3899/3328
f 3316/3895/3325 3313/3894/3324 3385/3900/3329 3317/3898/3327
f 3285/3855/3292 3318/3860/3297 3319/3899/3328 3321/3901/3330
f 3317/3898/3327 3386/3902/3331 3320/3903/3332 3319/3899/3328
f 3322/3904/3333 3321/3901/3330 3319/3899/3328 3320/3903/3332
f 3275/3850/3287 3321/3901/3330 3322/3904/3333 3273/3846/3283
f 3285/3855/3292 3321/3901/3330 3275/3850/3287 3279/3852/3289
f 3273/3846/3283 3322/3904/3333 3323/3905/3334 3270/3844/3281
f 3323/3905/3334 3322/3904/3333 3320/3903/3332 3324/3906/3335
f 3325/3843/3280 3268/3842/3279 3270/3844/3281 3323/3905/3334
f 3324/3906/3335 3326/3907/3336 3325/3843/3280 3323/3905/3334
f 3326/3907/3336 3327/3908/3337 3267/3839/3277 3325/3843/3280
f 3331/3909/3338 3327/3908/3337 3326/3907/3336 3328/3910/3339
f 3328/3910/3339 3326/3907/3336 3324/3906/3335 3330/3911/3340
f 3329/3912/3341 3328/3913/3339 3330/3914/3340 3385/3915/3329
f 3331/3916/3338 3328/3913/3339 3329/3912/3341 3332/3917/3342
f 3332/3917/3342 3334/3918/3343 3333/3919/3344 3331/3916/3338
f 3331/3916/3338 3333/3919/3344 3336/3920/3345 3327/3921/3337
f 3333/3919/3344 3334/3918/3343 3378/3922/3346 3335/3923/3347
f 3336/3920/3345 3333/3919/3344 3335/3923/3347 3337/3924/3348
f 3327/3921/3337 3336/3920/3345 3264/3834/3274 3267/3925/3277
f 3264/3834/3274 3336/3920/3345 3337/3924/3348 3262/3832/3272
f 3260/3830/3270 3262/3832/3272 3337/3924/3348 3338/3926/3349
f 3335/3923/3347 3339/3927/3350 3338/3926/3349 3337/3924/3348
f 3338/3926/3349 3339/3927/3350 3341/3928/3351 3340/3929/3352
f 3343/3831/3271 3260/3830/3270 3338/3926/3349 3340/3929/3352
f 3379/3930/3353 3342/3931/3354 3340/3929/3352 3341/3928/3351
f 3342/3931/3354 3344/3932/3355 3343/3831/3271 3340/3929/3352
f 3343/3831/3271 3344/3932/3355 3346/3825/3266 3256/3824/3265
f 3345/3933/3356 3344/3932/3355 3342/3931/3354 3384/3934/3357
f 3345/3933/3356 3347/3935/3358 3346/3825/3266 3344/3932/3355
f 3347/3935/3358 3249/3812/3256 3251/3815/3258 3346/3825/3266
f 3349/3813/3257 3249/3812/3256 3347/3935/3358 3348/3936/3359
f 3348/3936/3359 3347/3935/3358 3345/3933/3356 3350/3937/3360
f 3351/3938/3361 3354/3939/3362 3349/3813/3257 3348/3936/3359
f 3353/3940/3363 3351/3938/3361 3348/3936/3359 3350/3937/3360
f 3352/3941/3364 3351/3938/3361 3353/3940/3363 3357/3942/3365
f 3355/3943/3366 3354/3939/3362 3351/3938/3361 3352/3941/3364
f 3354/3939/3362 3242/3944/3247 3244/3810/3249 3349/3813/3257
f 3356/3945/3248 3242/3944/3247 3354/3939/3362 3355/3943/3366
f 3355/3943/3366 3224/3781/3229 3226/3783/3231 3356/3945/3248
f 3222/3779/3227 3224/3781/3229 3355/3943/3366 3352/3941/3364
f 3241/3791/3237 3356/3802/3248 3226/3787/3231 3228/3786/3233
f 3358/3946/3367 3353/3940/3363 3350/3937/3360 3360/3947/3368
f 3357/3942/3365 3353/3940/3363 3358/3946/3367 3359/3948/3369
f 3358/3946/3367 3361/3949/3370 3363/3950/3371 3359/3948/3369
f 3358/3946/3367 3360/3947/3368 3364/3951/3372 3361/3949/3370
f 3361/3949/3370 3362/3952/3373 3381/3953/3374 3363/3950/3371
f 3361/3949/3370 3364/3951/3372 3366/3954/3375 3362/3952/3373
f 3364/3951/3372 3360/3947/3368 3384/3934/3357 3365/3955/3376
f 3366/3954/3375 3364/3951/3372 3365/3955/3376 3367/3956/3377
f 3368/3957/3378 3366/3954/3375 3367/3956/3377 3369/3958/3379
f 3362/3952/3373 3366/3954/3375 3368/3957/3378 3370/3959/3380
f 3371/3960/3381 3368/3957/3378 3369/3958/3379 3373/3961/3382
f 3370/3959/3380 3368/3957/3378 3371/3960/3381 3372/3885/3319
f 3371/3960/3381 3311/3888/3320 3306/3883/3317 3372/3885/3319
f 3371/3960/3381 3373/3961/3382 3314/3891/3322 3311/3888/3320
f 3314/3891/3322 3373/3961/3382 3374/3962/3383 3376/3896/3326
f 3374/3962/3383 3373/3961/3382 3369/3958/3379 3375/3963/3384
f 3375/3963/3384 3334/3918/3343 3332/3917/3342 3374/3962/3383
f 3332/3917/3342 3329/3912/3341 3376/3896/3326 3374/3962/3383
f 3376/3896/3326 3329/3912/3341 3385/3915/3329 3313/3897/3324
f 3367/3956/3377 3377/3964/3385 3375/3963/3384 3369/3958/3379
f 3375/3963/3384 3377/3964/3385 3378/3922/3346 3334/3918/3343
f 3377/3964/3385 3379/3930/3353 3341/3928/3351 3378/3922/3346
f 3365/3955/3376 3379/3930/3353 3377/3964/3385 3367/3956/3377
f 3384/3934/3357 3342/3931/3354 3379/3930/3353 3365/3955/3376
f 3341/3928/3351 3339/3927/3350 3335/3923/3347 3378/3922/3346
f 3372/3885/3319 3307/3879/3314 3380/3965/3386 3370/3959/3380
f 3362/3952/3373 3370/3959/3380 3380/3965/3386 3381/3953/3374
f 3382/3966/3387 3383/3775/3223 3381/3953/3374 3380/3965/3386
f 3307/3879/3314 3304/3877/3313 3382/3966/3387 3380/3965/3386
f 3172/3714/3170 3383/3775/3223 3382/3966/3387 3175/3717/3173
f 3304/3877/3313 3178/3720/3176 3175/3717/3173 3382/3966/3387
f 3216/3771/3219 3383/3775/3223 3172/3714/3170 3169/3712/3168
f 3381/3953/3374 3383/3775/3223 3215/3774/3222 3363/3950/3371
f 3384/3934/3357 3360/3947/3368 3350/3937/3360 3345/3933/3356
f 3218/3773/3221 3359/3948/3369 3363/3950/3371 3215/3774/3222
f 3357/3942/3365 3359/3948/3369 3218/3773/3221 3220/3777/3225
f 3352/3941/3364 3357/3942/3365 3220/3777/3225 3222/3779/3227
f 3330/3911/3340 3386/3902/3331 3317/3898/3327 3385/3900/3329
f 3320/3903/3332 3386/3902/3331 3330/3911/3340 3324/3906/3335
f 3278/3809/3255 3276/3849/3286 3254/3818/3261 3246/3807/3253
f 3254/3818/3261 3276/3849/3286 3272/3847/3284 3387/3822/3264
f 3272/3847/3284 3265/3840/3275 3258/3967/3269 3387/3822/3264
f 3167/3711/3167 3212/3768/3216 3216/3771/3219 3169/3712/3168
f 3206/3760/3210 3212/3768/3216 3167/3711/3167 3388/3710/3166
f 3202/3758/3204 3388/3710/3166 3166/3708/3165 3389/3968/3206
f 3389/3754/3206 3390/3969/3388 3194/3744/3196 3197/3745/3197
f 3164/3701/3160 3390/3969/3388 3389/3754/3206 3166/3970/3165
f 3194/3744/3196 3390/3969/3388 3164/3701/3160 3391/3700/3159
f 3392/3971/3389 3394/3972/3390 3191/3739/3191 3195/3742/3194
f 3391/3700/3159 3162/3699/3158 3392/3971/3389 3195/3742/3194
f 3162/3699/3158 3396/3727/3180 3393/3973/3391 3392/3971/3389
f 3393/3973/3391 3395/3974/3392 3394/3972/3390 3392/3971/3389
f 3394/3972/3390 3395/3974/3392 3188/3736/3188 3191/3739/3191
f 3188/3736/3188 3395/3974/3392 3393/3973/3391 3185/3733/3185
f 3393/3973/3391 3396/3727/3180 3180/3729/3181 3185/3733/3185
f 3171/3975/3162 3174/3728/3172 3396/3727/3180 3162/3699/3158
o root.4
v -0.116968 0.392558 0.927331
v -0.112173 0.367849 0.932532
v -0.139745 0.374873 0.924632
v -0.094559 0.393288 0.931556
v -0.108576 0.410376 0.923299
v -0.135120 0.409369 0.922418
v -0.136840 0.411109 0.909018
v -0.120330 0.421489 0.924236
v -0.153190 0.385704 0.916279
v -0.162424 0.353284 0.894201
v -0.154920 0.394574 0.904727
v -0.147446 0.393765 0.891485
v -0.159777 0.365770 0.881411
v -0.149087 0.377333 0.871617
v -0.152831 0.336108 0.840596
v -0.142914 0.351796 0.834419
v -0.129536 0.313391 0.784068
v -0.155214 0.318051 0.850592
v -0.149816 0.303037 0.862124
v -0.130732 0.291757 0.787747
v -0.127398 0.270443 0.787948
v -0.146037 0.305134 0.709667
v -0.143644 0.285621 0.700831
v -0.144408 0.329956 0.717842
v -0.186161 0.344933 0.632497
v -0.221891 0.389628 0.542952
v -0.178249 0.375878 0.643975
v -0.183306 0.314170 0.618135
v -0.171944 0.289082 0.602343
v -0.221210 0.359639 0.526796
v -0.253100 0.417852 0.427754
v -0.209663 0.336696 0.508366
v -0.240345 0.395041 0.410235
v -0.187588 0.323476 0.489772
v -0.211526 0.383581 0.395988
v -0.152987 0.272543 0.587483
v -0.156257 0.318250 0.473933
v -0.115628 0.315021 0.464015
v -0.172860 0.378333 0.383809
v -0.129443 0.263736 0.575356
v -0.107310 0.240295 0.673165
v -0.101966 0.261416 0.568765
v -0.072724 0.264973 0.569627
v -0.090234 0.237319 0.669061
v -0.086215 0.216474 0.738356
v -0.072494 0.240521 0.668272
v -0.055130 0.250928 0.671110
v -0.072600 0.217968 0.736319
v -0.059734 0.223871 0.736735
v -0.070351 0.201224 0.769129
v -0.085785 0.200662 0.768681
v -0.068426 0.213313 0.792995
v -0.055584 0.203739 0.768770
v -0.044530 0.216296 0.763334
v -0.048471 0.215551 0.792676
v -0.036663 0.231041 0.776326
v -0.043524 0.241194 0.812428
v -0.051407 0.276248 0.838066
v -0.067912 0.236561 0.812219
v -0.038701 0.259648 0.792070
v -0.048338 0.292878 0.815126
v -0.047252 0.284946 0.759831
v -0.044105 0.257639 0.748728
v -0.063324 0.318554 0.779571
v -0.033526 0.318488 0.703074
v -0.045155 0.346664 0.715866
v -0.014088 0.362666 0.623441
v -0.033000 0.289508 0.688540
v -0.041289 0.267323 0.677680
v -0.014645 0.328539 0.604589
v -0.001266 0.378525 0.509892
v -0.026233 0.299053 0.588893
v -0.015075 0.347928 0.490046
v -0.046449 0.277016 0.576871
v -0.039745 0.326384 0.474754
v -0.073713 0.315737 0.465389
v -0.037360 0.384883 0.380427
v -0.038399 0.437037 0.307283
v -0.010743 0.406946 0.395482
v -0.076123 0.375010 0.373938
v -0.077152 0.426416 0.301266
v -0.124449 0.374023 0.374662
v -0.124684 0.425148 0.302963
v -0.126552 0.465425 0.257091
v -0.174372 0.428574 0.311934
v -0.213916 0.434298 0.322753
v -0.175678 0.464672 0.271008
v -0.213190 0.467315 0.284483
v -0.183028 0.495254 0.250816
v -0.132384 0.499094 0.234088
v -0.217476 0.492950 0.268371
v -0.189662 0.524971 0.246166
v -0.225785 0.522845 0.267404
v -0.136231 0.528954 0.228226
v -0.190659 0.551819 0.256287
v -0.137419 0.556360 0.237211
v -0.224903 0.550701 0.279025
v -0.183000 0.580421 0.274237
v -0.138057 0.582382 0.256608
v -0.155566 0.611459 0.296002
v -0.213191 0.583617 0.298136
v -0.237576 0.587309 0.325512
v -0.179204 0.621406 0.320928
v -0.200438 0.625790 0.350970
v -0.134472 0.644143 0.340424
v -0.098448 0.649246 0.364090
v -0.113283 0.631385 0.314838
v -0.154848 0.650121 0.370611
v -0.166417 0.633940 0.406318
v -0.119441 0.652848 0.380383
v -0.119553 0.642754 0.410605
v -0.081144 0.637358 0.398091
v -0.119500 0.604656 0.445050
v -0.076744 0.600560 0.434028
v -0.164862 0.594925 0.438956
v -0.115608 0.552942 0.498797
v -0.161589 0.543529 0.493434
v -0.070775 0.549811 0.493041
v -0.110592 0.493494 0.581629
v -0.151136 0.483131 0.578061
v -0.104764 0.429120 0.663114
v -0.071652 0.490206 0.578331
v -0.073955 0.426537 0.660650
v -0.038550 0.474135 0.567964
v -0.013882 0.448707 0.552576
v -0.033561 0.533484 0.479423
v -0.046666 0.413997 0.653102
v -0.058848 0.361861 0.722655
v -0.026271 0.392803 0.640665
v -0.078465 0.371923 0.726778
v -0.075401 0.336977 0.781198
v -0.071275 0.359931 0.839670
v -0.087171 0.345640 0.783225
v -0.100293 0.346462 0.783993
v -0.086808 0.371026 0.832838
v -0.108175 0.372341 0.830132
v -0.090602 0.391982 0.866381
v -0.074100 0.382655 0.875686
v -0.096221 0.406751 0.888497
v -0.112420 0.393180 0.862603
v -0.131371 0.386952 0.864802
v -0.114578 0.407792 0.887349
v -0.117716 0.417708 0.906815
v -0.132504 0.403513 0.890847
v -0.100916 0.419570 0.905939
v -0.106141 0.426644 0.920794
v -0.091065 0.411776 0.913353
v -0.099246 0.419224 0.923843
v -0.091740 0.402453 0.919742
v -0.081987 0.400334 0.898581
v -0.070913 0.394128 0.911994
v -0.068840 0.385383 0.929030
v -0.058111 0.373285 0.887177
v -0.060158 0.347059 0.846614
v -0.048125 0.358148 0.904441
v -0.058701 0.340965 0.918417
v -0.050306 0.328162 0.862874
v -0.056287 0.313126 0.876441
v -0.079307 0.310371 0.879835
v -0.073849 0.271949 0.840014
v -0.104228 0.309737 0.876366
v -0.083482 0.337469 0.916123
v -0.093566 0.368951 0.937749
v -0.106716 0.337388 0.912445
v -0.129044 0.337362 0.910740
v -0.129015 0.304739 0.873302
v -0.129002 0.364239 0.928905
v -0.151744 0.339951 0.909666
v -0.118452 0.255942 0.828614
v -0.112701 0.227513 0.798634
v -0.096511 0.266119 0.837373
v -0.091141 0.231939 0.809974
v -0.087668 0.210104 0.791100
v -0.106797 0.210930 0.779809
v -0.110424 0.227798 0.752529
v -0.099313 0.204062 0.764767
v -0.099722 0.219122 0.742698
v -0.117101 0.240941 0.766063
v -0.122915 0.249528 0.681369
v -0.134139 0.263575 0.691691
v -0.073509 0.368924 0.937327
v -0.127578 0.364577 0.831277
v -0.113542 0.340818 0.783910
v -0.123522 0.330417 0.783171
v -0.120162 0.366261 0.726775
v -0.135385 0.420745 0.660790
v -0.136764 0.351296 0.723801
v -0.099446 0.372872 0.727632
v -0.160623 0.401851 0.653799
v -0.184997 0.459018 0.568414
v -0.209587 0.425714 0.556812
v -0.203946 0.516737 0.476601
v -0.200878 0.567620 0.411294
v -0.236555 0.480262 0.461420
v -0.240794 0.533428 0.396172
v -0.251243 0.447233 0.445963
v -0.260795 0.499419 0.377987
v -0.261214 0.534558 0.337823
v -0.260764 0.469470 0.355983
v -0.244639 0.446747 0.336235
v -0.258302 0.502313 0.315646
v -0.247980 0.516924 0.289964
v -0.239786 0.476990 0.297883
v -0.235948 0.493813 0.282555
v -0.251061 0.549938 0.305886
v -0.241642 0.571016 0.359119
v -0.206519 0.606051 0.382529
v -0.040020 0.587161 0.413660
v -0.007770 0.506927 0.461056
v 0.005933 0.472784 0.439141
v -0.009667 0.560836 0.387923
v 0.006005 0.524326 0.361942
v -0.024261 0.592275 0.341646
v -0.052399 0.608143 0.307788
v -0.008574 0.558198 0.308715
v -0.050660 0.620796 0.374185
v -0.075105 0.634820 0.339625
v -0.041856 0.579475 0.273662
v -0.008975 0.526848 0.283430
v 0.003803 0.488609 0.339324
v -0.041030 0.551775 0.248129
v -0.020950 0.500064 0.266479
v -0.045634 0.524312 0.234587
v -0.043857 0.479147 0.255212
v -0.011394 0.459036 0.321044
v -0.053795 0.503594 0.233624
v -0.080068 0.468560 0.251237
v -0.083289 0.501845 0.227296
v -0.083966 0.530908 0.222343
v -0.084503 0.558923 0.233902
v -0.086629 0.585811 0.256800
v -0.094590 0.611635 0.286299
v -0.132671 0.604106 0.278580
v 0.003959 0.437313 0.416024
v 0.000002 0.414990 0.532341
v -0.049029 0.237521 0.740783
vn -0.0736 -0.1573 0.9848
vn 0.0835 0.4781 0.8743
vn -0.1575 0.2056 0.9659
vn -0.1880 -0.1975 0.9621
vn -0.4346 -0.0534 0.8991
vn -0.2145 -0.2653 0.9400
vn -0.4984 0.5418 0.6768
vn -0.7949 0.1882 0.5768
vn 0.4501 0.5885 0.6717
vn 0.1157 0.1996 0.9730
vn -0.2862 0.7496 0.5969
vn -0.2739 0.8882 -0.3688
vn -0.5746 0.8098 -0.1187
vn -0.8467 0.5308 -0.0373
vn -0.9732 -0.0920 0.2106
vn -0.6055 -0.4626 0.6475
vn -0.9436 0.2528 -0.2137
vn -0.4182 0.7795 -0.4663
vn -0.6347 0.6405 -0.4324
vn -0.6995 0.5502 -0.4561
vn -0.7377 0.4819 -0.4729
vn -0.9222 0.1566 -0.3536
vn -0.9742 -0.1808 -0.1354
vn -0.8609 0.5035 -0.0730
vn -0.9876 0.1378 -0.0749
vn -0.9882 -0.1427 -0.0550
vn -0.7970 -0.5627 0.2196
vn -0.9343 -0.3503 0.0670
vn -0.9518 -0.1077 0.2870
vn -0.9159 -0.3437 0.2075
vn -0.9196 0.1398 0.3671
vn -0.9241 -0.0837 0.3729
vn -0.8986 -0.3668 0.2408
vn -0.8624 0.1968 0.4664
vn -0.8511 0.2895 0.4380
vn -0.9443 -0.0045 0.3290
vn -0.9313 -0.3275 0.1592
vn -0.8303 -0.5495 0.0934
vn -0.7736 -0.6308 0.0612
vn -0.7669 -0.6361 -0.0851
vn -0.9624 0.0786 0.2601
vn -0.9635 -0.2660 0.0298
vn -0.7515 -0.6089 -0.2539
vn -0.4267 -0.7825 -0.4536
vn -0.4898 -0.8116 -0.3183
vn -0.5512 -0.8237 -0.1327
vn -0.2360 -0.8155 -0.5285
vn -0.2666 -0.8546 -0.4456
vn -0.2968 -0.9143 -0.2758
vn -0.0704 -0.8660 -0.4950
vn -0.0350 -0.9386 -0.3431
vn -0.0843 -0.8256 -0.5579
vn -0.6579 -0.7518 -0.0448
vn -0.3713 -0.9110 -0.1795
vn -0.0351 -0.9661 -0.2559
vn 0.2115 -0.8504 -0.4817
vn 0.2787 -0.9014 -0.3313
vn 0.3117 -0.9130 -0.2633
vn -0.0757 -0.9205 -0.3834
vn -0.4925 -0.8145 -0.3066
vn 0.2221 -0.8917 -0.3945
vn 0.6471 -0.7370 -0.1952
vn 0.5624 -0.7285 -0.3912
vn 0.6139 -0.7521 -0.2397
vn 0.1375 -0.9902 -0.0237
vn -0.0944 -0.9953 -0.0202
vn 0.4784 -0.8751 -0.0735
vn 0.0880 -0.7821 0.6170
vn -0.1123 -0.8117 0.5732
vn 0.5608 -0.6751 0.4792
vn 0.8773 -0.3966 -0.2703
vn 0.8302 -0.4857 -0.2735
vn 0.9776 -0.2085 -0.0274
vn 0.9910 0.1118 0.0734
vn 0.6904 -0.3924 0.6077
vn 0.0864 -0.6165 0.7826
vn 0.9803 0.1954 0.0296
vn 0.7127 -0.3960 0.5791
vn 0.0960 -0.6514 0.7526
vn 0.9957 -0.0661 -0.0645
vn 0.9752 0.1918 0.1101
vn 0.9087 0.4080 0.0890
vn 0.9747 -0.1986 0.1023
vn 0.9594 0.0767 0.2716
vn 0.8508 0.3379 0.4025
vn 0.9724 0.0604 0.2255
vn 0.8580 0.3450 0.3805
vn 0.9711 -0.2313 0.0595
vn 0.8766 -0.4771 -0.0625
vn 0.8566 -0.5067 -0.0975
vn 0.8472 -0.4889 -0.2078
vn 0.9767 -0.2129 -0.0270
vn 0.9847 0.0811 0.1544
vn 0.5677 -0.7302 -0.3802
vn 0.5264 -0.7085 -0.4701
vn 0.8341 -0.4672 -0.2932
vn 0.1646 -0.8161 -0.5540
vn 0.1456 -0.7790 -0.6099
vn 0.5117 -0.6690 -0.5391
vn 0.8271 -0.4167 -0.3771
vn -0.0870 -0.7839 -0.6148
vn -0.2220 -0.7688 -0.5997
vn -0.1168 -0.6692 -0.7338
vn 0.1102 -0.6713 -0.7330
vn -0.2462 -0.6567 -0.7128
vn -0.4087 -0.6221 -0.6679
vn -0.3970 -0.7272 -0.5600
vn -0.4946 -0.3692 -0.7868
vn -0.3306 -0.3934 -0.8579
vn -0.1776 -0.3940 -0.9018
vn -0.4154 0.0505 -0.9082
vn -0.2171 0.0651 -0.9740
vn -0.6053 0.0698 -0.7929
vn -0.5890 0.4227 -0.6888
vn -0.4218 0.4351 -0.7955
vn -0.2053 0.4628 -0.8623
vn -0.3723 0.6341 -0.6777
vn -0.1827 0.6582 -0.7303
vn -0.4911 0.6415 -0.5893
vn -0.2384 0.7722 -0.5890
vn -0.1338 0.7615 -0.6342
vn -0.3377 0.8026 -0.4917
vn -0.5803 0.8095 -0.0897
vn -0.7503 0.6242 -0.2179
vn -0.8491 0.3539 -0.3922
vn -0.3026 0.9531 0.0099
vn -0.0891 0.9211 -0.3790
vn 0.0429 0.8708 -0.4898
vn 0.2548 0.9630 -0.0880
vn 0.4127 0.8749 -0.2536
vn 0.0350 0.9927 0.1156
vn -0.4566 0.7224 0.5193
vn -0.7081 0.5711 0.4153
vn 0.0364 0.8348 0.5493
vn 0.4418 0.8109 0.3837
vn -0.4739 0.5980 0.6463
vn 0.0007 0.7040 0.7102
vn 0.4040 0.6939 0.5961
vn 0.3428 0.7464 0.5704
vn -0.0411 0.7723 0.6339
vn -0.4507 0.6805 0.5778
vn -0.4261 0.6976 0.5761
vn -0.0627 0.7951 0.6033
vn 0.3119 0.7629 0.5662
vn -0.0734 0.7660 0.6386
vn -0.4256 0.6648 0.6139
vn 0.2975 0.7388 0.6047
vn 0.6567 0.6102 0.4430
vn 0.6420 0.6082 0.4668
vn 0.6302 0.5848 0.5108
vn 0.8758 0.3896 0.2850
vn 0.8694 0.3713 0.3259
vn 0.3063 0.7824 0.5422
vn 0.6477 0.5847 0.4884
vn 0.7401 0.6675 0.0818
vn 0.3760 0.9266 0.0088
vn 0.6947 0.6341 -0.3397
vn 0.3799 0.8130 -0.4413
vn 0.8613 0.4332 -0.2656
vn -0.1490 0.9876 -0.0501
vn -0.1014 0.8283 0.5510
vn -0.1216 0.8440 -0.5224
vn 0.6564 0.6728 -0.3415
vn 0.3865 0.8040 -0.4519
vn -0.1044 0.8375 -0.5364
vn 0.3511 0.8279 -0.4374
vn 0.6506 0.7380 -0.1789
vn -0.1315 0.8487 -0.5123
vn -0.4424 0.7304 -0.5204
vn -0.4806 0.7076 -0.5180
vn 0.3067 0.8873 -0.3444
vn 0.1560 0.9262 0.3432
vn 0.7292 0.6485 0.2185
vn 0.5644 0.4345 0.7018
vn 0.6885 0.7136 0.1294
vn 0.8264 0.5241 -0.2059
vn 0.6111 0.4853 0.6253
vn 0.9730 0.1332 0.1883
vn 0.9981 0.0589 -0.0187
vn 0.5749 -0.4829 0.6605
vn 0.6732 -0.5582 0.4851
vn 0.3600 -0.0939 0.9282
vn -0.0204 -0.7012 0.7127
vn 0.0570 -0.7577 0.6501
vn -0.0063 -0.7374 0.6754
vn 0.0056 -0.6632 0.7484
vn -0.0704 -0.6882 0.7221
vn -0.1339 -0.6458 0.7516
vn -0.2126 -0.7616 0.6122
vn -0.4885 -0.6947 0.5280
vn -0.6914 -0.5988 0.4042
vn -0.9179 -0.3961 0.0245
vn -0.0660 -0.6675 0.7417
vn -0.6716 -0.7116 0.2060
vn -0.4950 -0.8501 -0.1796
vn -0.8257 -0.5524 -0.1147
vn -0.5629 0.8234 -0.0714
vn -0.4713 0.7090 0.5247
vn -0.7740 0.4407 0.4546
vn -0.7040 0.4553 0.5451
vn -0.6891 0.5158 0.5091
vn -0.6907 0.5461 0.4741
vn -0.8381 0.3681 0.4026
vn -0.6955 0.4857 0.5295
vn -0.8145 0.4071 0.4132
vn -0.9743 0.1409 0.1758
vn -0.9694 -0.2074 -0.1314
vn -0.8365 0.4638 0.2920
vn -0.9760 0.2173 0.0138
vn -0.9471 -0.1292 -0.2939
vn -0.7043 -0.4635 -0.5377
vn -0.7278 -0.5448 -0.4166
vn -0.8273 0.0010 -0.5618
vn -0.6830 -0.3189 -0.6571
vn 0.6829 0.6152 0.3940
vn 0.8718 0.4531 0.1861
vn 0.9896 0.1050 0.0984
vn 0.9824 0.1868 -0.0091
vn 0.8870 0.3903 -0.2469
vn 0.7911 0.6082 -0.0649
vn 0.6608 0.7366 0.1442
vn 0.5214 0.7655 -0.3771
vn 0.5765 0.6264 -0.5247
vn 0.1384 0.8064 -0.5749
vn 0.9055 0.0977 -0.4130
vn 0.5971 0.4024 -0.6940
vn 0.9726 -0.1235 -0.1969
vn 0.8023 -0.2335 -0.5494
vn 0.5526 0.0432 -0.8323
vn 0.4968 -0.5476 -0.6733
vn 0.4072 -0.3372 -0.8488
vn 0.9768 -0.1903 -0.0984
vn 0.0737 -0.3698 -0.9262
vn 0.1002 0.1196 -0.9877
vn 0.1366 0.5088 -0.8500
vn 0.1564 0.7027 -0.6941
vt 0.070420 0.901547
vt 0.073215 0.895948
vt 0.076289 0.899674
vt 0.076411 0.903424
vt 0.932466 0.006037
vt 0.927976 0.010414
vt 0.925318 0.007955
vt 0.923298 0.003711
vt 0.933357 0.014094
vt 0.929174 0.015194
vt 0.073729 0.893448
vt 0.076192 0.894289
vt 0.077313 0.892320
vt 0.079341 0.892930
vt 0.075950 0.888452
vt 0.077731 0.889075
vt 0.933105 0.016389
vt 0.929583 0.017972
vt 0.923705 0.020605
vt 0.922499 0.016737
vt 0.924913 0.022771
vt 0.932224 0.020854
vt 0.929612 0.021121
vt 0.926079 0.026457
vt 0.920124 0.034744
vt 0.917994 0.031820
vt 0.916378 0.028930
vt 0.915235 0.045932
vt 0.910938 0.043743
vt 0.906570 0.041040
vt 0.914591 0.025811
vt 0.901480 0.039040
vt 0.900655 0.057900
vt 0.894414 0.057508
vt 0.907835 0.058907
vt 0.900497 0.079228
vt 0.891552 0.078563
vt 0.909270 0.079916
vt 0.908745 0.104131
vt 0.899250 0.103309
vt 0.890737 0.102982
vt 0.886970 0.056318
vt 0.883148 0.078141
vt 0.882789 0.103169
vt 0.898083 0.129963
vt 0.890037 0.130177
vt 0.882528 0.130098
vt 0.874394 0.129978
vt 0.874807 0.103740
vt 0.875451 0.077959
vt 0.864579 0.129549
vt 0.865931 0.104160
vt 0.868076 0.077437
vt 0.855422 0.103011
vt 0.860671 0.076359
vt 0.852481 0.127920
vt 0.880633 0.056022
vt 0.874525 0.055487
vt 0.869078 0.054618
vt 0.845316 0.099806
vt 0.853243 0.074266
vt 0.863631 0.053455
vt 0.875905 0.040309
vt 0.880187 0.040636
vt 0.871943 0.039586
vt 0.857660 0.051807
vt 0.867839 0.038735
vt 0.845812 0.071604
vt 0.874883 0.031872
vt 0.878454 0.032932
vt 0.871524 0.030689
vt 0.878396 0.025820
vt 0.882508 0.029088
vt 0.872453 0.023947
vt 0.020509 0.865022
vt 0.025412 0.863541
vt 0.024787 0.870464
vt 0.021459 0.873289
vt 0.028222 0.876485
vt 0.030084 0.870902
vt 0.038442 0.870091
vt 0.037635 0.876476
vt 0.879322 0.017926
vt 0.885666 0.021832
vt 0.048758 0.870388
vt 0.049399 0.877217
vt 0.894436 0.013686
vt 0.898159 0.017945
vt 0.031610 0.862149
vt 0.039824 0.860556
vt 0.051526 0.859957
vt 0.029519 0.846809
vt 0.038660 0.845440
vt 0.047362 0.844175
vt 0.034864 0.824467
vt 0.044520 0.823687
vt 0.024504 0.825627
vt 0.022153 0.848099
vt 0.015164 0.827169
vt 0.010240 0.801777
vt 0.020397 0.801236
vt 0.031286 0.800284
vt 0.000799 0.802360
vt 0.006607 0.828565
vt 0.016028 0.849848
vt 0.836530 0.096627
vt 0.000404 0.775390
vt 0.009696 0.775456
vt 0.840902 0.125053
vt 0.831066 0.122433
vt 0.840157 0.146707
vt 0.830625 0.144694
vt 0.003171 0.752848
vt 0.011600 0.753340
vt 0.851029 0.148903
vt 0.862704 0.150141
vt 0.852935 0.164438
vt 0.842723 0.163821
vt 0.863931 0.163817
vt 0.873260 0.162979
vt 0.872863 0.150862
vt 0.875692 0.170804
vt 0.867496 0.173098
vt 0.856566 0.175753
vt 0.873837 0.180913
vt 0.860736 0.184280
vt 0.882598 0.175716
vt 0.888776 0.179613
vt 0.880316 0.186234
vt 0.863914 0.191273
vt 0.062176 0.700646
vt 0.044643 0.704081
vt 0.035660 0.698611
vt 0.056497 0.692379
vt 0.892728 0.188853
vt 0.899357 0.180518
vt 0.059657 0.711486
vt 0.051588 0.710010
vt 0.070276 0.702970
vt 0.068850 0.714989
vt 0.077275 0.718559
vt 0.076479 0.704579
vt 0.895461 0.171701
vt 0.904706 0.172037
vt 0.072997 0.731260
vt 0.064831 0.725827
vt 0.056426 0.721569
vt 0.062037 0.734878
vt 0.054100 0.731301
vt 0.068105 0.737410
vt 0.927375 0.159243
vt 0.928063 0.168621
vt 0.917284 0.170630
vt 0.917452 0.161491
vt 0.079341 0.733406
vt 0.071195 0.744085
vt 0.061907 0.743878
vt 0.936385 0.157180
vt 0.927074 0.147155
vt 0.935369 0.145396
vt 0.071728 0.756590
vt 0.061404 0.755743
vt 0.060219 0.774080
vt 0.070903 0.774481
vt 0.936083 0.127470
vt 0.927033 0.128999
vt 0.927661 0.103593
vt 0.936385 0.102746
vt 0.069850 0.798840
vt 0.060559 0.798596
vt 0.932452 0.078202
vt 0.925068 0.079435
vt 0.060157 0.823043
vt 0.067674 0.823560
vt 0.050040 0.774011
vt 0.051279 0.798852
vt 0.052576 0.823130
vt 0.040026 0.774351
vt 0.041760 0.799455
vt 0.058811 0.843632
vt 0.053138 0.843853
vt 0.057477 0.859329
vt 0.061769 0.859673
vt 0.063019 0.871595
vt 0.066002 0.870419
vt 0.060841 0.873764
vt 0.064649 0.858852
vt 0.063934 0.843756
vt 0.069013 0.868958
vt 0.067907 0.880340
vt 0.070225 0.878573
vt 0.072889 0.877120
vt 0.073108 0.883681
vt 0.071439 0.885537
vt 0.075434 0.883541
vt 0.075637 0.876594
vt 0.077854 0.884445
vt 0.072123 0.868156
vt 0.074351 0.888536
vt 0.928546 0.029346
vt 0.075820 0.891516
vt 0.073451 0.889995
vt 0.075067 0.892324
vt 0.070726 0.888665
vt 0.066409 0.883394
vt 0.069989 0.891749
vt 0.065283 0.887546
vt 0.058600 0.877989
vt 0.064612 0.892116
vt 0.057913 0.882018
vt 0.069263 0.895568
vt 0.914796 0.001033
vt 0.916276 0.005559
vt 0.909331 0.011737
vt 0.907402 0.007619
vt 0.911677 0.016277
vt 0.901543 0.022729
vt 0.918449 0.009297
vt 0.921225 0.000404
vt 0.064744 0.897976
vt 0.920741 0.012657
vt 0.913377 0.021573
vt 0.900692 0.028815
vt 0.891153 0.031873
vt 0.890773 0.039536
vt 0.890042 0.025970
vt 0.885069 0.033312
vt 0.881083 0.035078
vt 0.885224 0.040393
vt 0.922856 0.035676
vt 0.919495 0.047544
vt 0.067385 0.857607
vt 0.920797 0.060043
vt 0.914053 0.059162
vt 0.922255 0.046016
vt 0.926182 0.059081
vt 0.917310 0.079694
vt 0.918939 0.103896
vt 0.917009 0.130315
vt 0.906989 0.129923
vt 0.917550 0.149883
vt 0.907323 0.150103
vt 0.898263 0.149742
vt 0.889683 0.150378
vt 0.906893 0.162849
vt 0.898161 0.162640
vt 0.889084 0.162948
vt 0.880575 0.162395
vt 0.881476 0.150926
vt 0.887329 0.169399
vt 0.880539 0.167852
vt 0.051358 0.754054
vt 0.040545 0.753065
vt 0.029633 0.774982
vt 0.029795 0.752726
vt 0.030998 0.737311
vt 0.041764 0.739066
vt 0.052646 0.741744
vt 0.043421 0.728284
vt 0.033043 0.724357
vt 0.047188 0.717802
vt 0.022178 0.735937
vt 0.024063 0.722864
vt 0.020276 0.753141
vt 0.014883 0.735651
vt 0.016116 0.723228
vt 0.007771 0.735288
vt 0.010666 0.726158
vt 0.019327 0.775258
vt 0.845903 0.174802
vt 0.838848 0.172431
vt 0.834494 0.162752
vt 0.848093 0.183003
vt 0.838420 0.177680
vt 0.017653 0.712634
vt 0.026394 0.710588
vt 0.850817 0.191172
vt 0.036613 0.713942
s 1
f 3559/3976/3393 3400/3977/3394 3397/3978/3395 3398/3979/3396
f 3397/3980/3395 3399/3981/3397 3563/3982/3398 3398/3983/3396
f 3397/3980/3395 3402/3984/3399 3405/3985/3400 3399/3981/3397
f 3545/3986/3401 3401/3987/3402 3397/3978/3395 3400/3977/3394
f 3401/3987/3402 3404/3988/3403 3402/3989/3399 3397/3978/3395
f 3539/3990/3404 3403/3991/3405 3402/3989/3399 3404/3988/3403
f 3403/3992/3405 3407/3993/3406 3405/3985/3400 3402/3984/3399
f 3405/3985/3400 3406/3994/3407 3564/3995/3408 3399/3981/3397
f 3407/3993/3406 3409/3996/3409 3406/3994/3407 3405/3985/3400
f 3403/3992/3405 3540/3997/3410 3408/3998/3411 3407/3993/3406
f 3409/3996/3409 3407/3993/3406 3408/3998/3411 3410/3999/3412
f 3410/3999/3412 3412/4000/3413 3411/4001/3414 3409/3996/3409
f 3411/4001/3414 3414/4002/3415 3406/3994/3407 3409/3996/3409
f 3580/4003/3416 3413/4004/3417 3411/4001/3414 3412/4000/3413
f 3416/4005/3418 3414/4002/3415 3411/4001/3414 3413/4004/3417
f 3414/4002/3415 3415/4006/3419 3564/3995/3408 3406/3994/3407
f 3414/4002/3415 3416/4005/3418 3417/4007/3420 3415/4006/3419
f 3418/4008/3421 3419/4009/3422 3417/4007/3420 3416/4005/3418
f 3418/4008/3421 3416/4005/3418 3413/4004/3417 3420/4010/3423
f 3419/4009/3422 3418/4008/3421 3421/4011/3424 3424/4012/3425
f 3421/4011/3424 3418/4008/3421 3420/4010/3423 3423/4013/3426
f 3423/4013/3426 3587/4014/3427 3422/4015/3428 3421/4011/3424
f 3421/4011/3424 3422/4015/3428 3426/4016/3429 3424/4012/3425
f 3576/4017/3430 3419/4009/3422 3424/4012/3425 3425/4018/3431
f 3424/4012/3425 3426/4016/3429 3428/4019/3432 3425/4018/3431
f 3592/4020/3433 3427/4021/3434 3426/4016/3429 3422/4015/3428
f 3427/4021/3434 3429/4022/3435 3428/4019/3432 3426/4016/3429
f 3429/4022/3435 3431/4023/3436 3430/4024/3437 3428/4019/3432
f 3425/4018/3431 3428/4019/3432 3430/4024/3437 3432/4025/3438
f 3435/4026/3439 3433/4027/3440 3430/4024/3437 3431/4023/3436
f 3430/4024/3437 3433/4027/3440 3436/4028/3441 3432/4025/3438
f 3433/4027/3440 3434/4029/3442 3438/4030/3443 3436/4028/3441
f 3433/4027/3440 3435/4026/3439 3478/4031/3444 3434/4029/3442
f 3575/4032/3445 3432/4025/3438 3436/4028/3441 3437/4033/3446
f 3437/4033/3446 3436/4028/3441 3438/4030/3443 3440/4034/3447
f 3434/4029/3442 3472/4035/3448 3439/4036/3449 3438/4030/3443
f 3440/4034/3447 3438/4030/3443 3439/4036/3449 3442/4037/3450
f 3441/4038/3451 3573/4039/3452 3437/4033/3446 3440/4034/3447
f 3440/4034/3447 3442/4037/3450 3444/4040/3453 3441/4038/3451
f 3443/4041/3454 3445/4042/3455 3444/4040/3453 3442/4037/3450
f 3442/4037/3450 3439/4036/3449 3470/4043/3456 3443/4041/3454
f 3441/4038/3451 3444/4040/3453 3446/4044/3457 3447/4045/3458
f 3445/4042/3455 3449/4046/3459 3446/4044/3457 3444/4040/3453
f 3447/4045/3458 3446/4044/3457 3448/4047/3460 3569/4048/3461
f 3449/4046/3459 3451/4049/3462 3448/4047/3460 3446/4044/3457
f 3445/4050/3455 3632/4051/3463 3450/4052/3464 3449/4053/3459
f 3451/4054/3462 3449/4053/3459 3450/4052/3464 3452/4055/3465
f 3452/4055/3465 3456/4056/3466 3453/4057/3467 3451/4054/3462
f 3448/4047/3460 3451/4049/3462 3453/4058/3467 3455/4059/3468
f 3456/4056/3466 3457/4060/3469 3454/4061/3470 3453/4057/3467
f 3455/4059/3468 3453/4058/3467 3454/4062/3470 3556/4063/3471
f 3452/4055/3465 3459/4064/3472 3458/4065/3473 3456/4056/3466
f 3456/4056/3466 3458/4065/3473 3460/4066/3474 3457/4060/3469
f 3458/4065/3473 3459/4064/3472 3464/4067/3475 3461/4068/3476
f 3461/4068/3476 3462/4069/3477 3460/4066/3474 3458/4065/3473
f 3461/4068/3476 3463/4070/3478 3525/4071/3479 3462/4069/3477
f 3463/4070/3478 3461/4068/3476 3464/4067/3475 3466/4072/3480
f 3459/4064/3472 3632/4051/3463 3465/4073/3481 3464/4067/3475
f 3464/4067/3475 3465/4073/3481 3468/4074/3482 3466/4072/3480
f 3468/4074/3482 3469/4075/3483 3467/4076/3484 3466/4072/3480
f 3463/4070/3478 3466/4072/3480 3467/4076/3484 3631/4077/3485
f 3471/4078/3486 3469/4075/3483 3468/4074/3482 3470/4079/3456
f 3443/4080/3454 3470/4079/3456 3468/4074/3482 3465/4073/3481
f 3472/4035/3448 3471/4081/3486 3470/4043/3456 3439/4036/3449
f 3469/4075/3483 3471/4078/3486 3473/4082/3487 3475/4083/3488
f 3472/4035/3448 3476/4084/3489 3473/4085/3487 3471/4081/3486
f 3477/4086/3490 3474/4087/3491 3473/4085/3487 3476/4084/3489
f 3473/4082/3487 3474/4088/3491 3621/4089/3492 3475/4083/3488
f 3479/4090/3493 3477/4086/3490 3476/4084/3489 3478/4031/3444
f 3434/4029/3442 3478/4031/3444 3476/4084/3489 3472/4035/3448
f 3481/4091/3494 3479/4090/3493 3478/4031/3444 3435/4026/3439
f 3479/4090/3493 3480/4092/3495 3623/4093/3496 3477/4086/3490
f 3480/4092/3495 3479/4090/3493 3481/4091/3494 3483/4094/3497
f 3484/4095/3498 3483/4094/3497 3481/4091/3494 3482/4096/3499
f 3431/4023/3436 3482/4096/3499 3481/4091/3494 3435/4026/3439
f 3484/4095/3498 3487/4097/3500 3485/4098/3501 3483/4094/3497
f 3483/4094/3497 3485/4098/3501 3486/4099/3502 3480/4092/3495
f 3488/4100/3503 3490/4101/3504 3486/4099/3502 3485/4098/3501
f 3487/4097/3500 3489/4102/3505 3488/4100/3503 3485/4098/3501
f 3488/4100/3503 3489/4102/3505 3493/4103/3506 3491/4104/3507
f 3491/4104/3507 3492/4105/3508 3490/4101/3504 3488/4100/3503
f 3494/4106/3509 3495/4107/3510 3492/4108/3508 3491/4109/3507
f 3494/4110/3509 3491/4104/3507 3493/4103/3506 3497/4111/3511
f 3494/4106/3509 3496/4112/3512 3629/4113/3513 3495/4107/3510
f 3496/4112/3512 3494/4106/3509 3497/4114/3511 3499/4115/3514
f 3500/4116/3515 3499/4115/3514 3497/4114/3511 3498/4117/3516
f 3497/4111/3511 3493/4103/3506 3601/4118/3517 3498/4119/3516
f 3504/4120/3518 3501/4121/3519 3499/4115/3514 3500/4116/3515
f 3503/4122/3520 3496/4112/3512 3499/4115/3514 3501/4121/3519
f 3501/4121/3519 3502/4123/3521 3613/4124/3522 3503/4122/3520
f 3501/4121/3519 3504/4120/3518 3506/4125/3523 3502/4123/3521
f 3505/4126/3524 3504/4127/3518 3500/4128/3515 3603/4129/3525
f 3505/4130/3524 3507/4131/3526 3506/4125/3523 3504/4120/3518
f 3508/4132/3527 3502/4123/3521 3506/4125/3523 3507/4131/3526
f 3507/4133/3526 3505/4126/3524 3511/4134/3528 3509/4135/3529
f 3508/4132/3527 3507/4131/3526 3509/4136/3529 3510/4137/3530
f 3514/4138/3531 3510/4137/3530 3509/4136/3529 3512/4139/3532
f 3512/4140/3532 3509/4135/3529 3511/4134/3528 3513/4141/3533
f 3512/4140/3532 3513/4141/3533 3516/4142/3534 3515/4143/3535
f 3514/4138/3531 3512/4139/3532 3515/4144/3535 3518/4145/3536
f 3517/4146/3537 3515/4143/3535 3516/4142/3534 3582/4147/3538
f 3519/4148/3539 3518/4145/3536 3515/4144/3535 3517/4149/3537
f 3522/4150/3540 3514/4138/3531 3518/4145/3536 3520/4151/3541
f 3523/4152/3542 3520/4151/3541 3518/4145/3536 3519/4148/3539
f 3605/4153/3543 3522/4150/3540 3520/4151/3541 3521/4154/3544
f 3525/4071/3479 3521/4154/3544 3520/4151/3541 3523/4152/3542
f 3526/4155/3545 3524/4156/3546 3523/4152/3542 3519/4148/3539
f 3524/4156/3546 3462/4069/3477 3525/4071/3479 3523/4152/3542
f 3631/4077/3485 3521/4154/3544 3525/4071/3479 3463/4070/3478
f 3524/4156/3546 3527/4157/3547 3460/4066/3474 3462/4069/3477
f 3527/4157/3547 3524/4156/3546 3526/4155/3545 3529/4158/3548
f 3528/4159/3549 3527/4157/3547 3529/4158/3548 3531/4160/3550
f 3528/4159/3549 3550/4161/3551 3460/4066/3474 3527/4157/3547
f 3530/4162/3552 3529/4158/3548 3526/4155/3545 3584/4163/3553
f 3532/4164/3554 3531/4160/3550 3529/4158/3548 3530/4162/3552
f 3534/4165/3555 3528/4159/3549 3531/4160/3550 3533/4166/3556
f 3536/4167/3557 3533/4166/3556 3531/4160/3550 3532/4164/3554
f 3535/4168/3558 3546/4169/3559 3534/4165/3555 3533/4166/3556
f 3536/4167/3557 3538/4170/3560 3535/4168/3558 3533/4166/3556
f 3537/4171/3561 3540/4172/3410 3538/4170/3560 3536/4167/3557
f 3536/4167/3557 3532/4164/3554 3578/4173/3562 3537/4171/3561
f 3403/3991/3405 3539/3990/3404 3538/4170/3560 3540/4172/3410
f 3539/3990/3404 3541/4174/3563 3535/4168/3558 3538/4170/3560
f 3537/4175/3561 3410/3999/3412 3408/3998/3411 3540/3997/3410
f 3539/3990/3404 3404/3988/3403 3542/4176/3564 3541/4174/3563
f 3543/4177/3565 3541/4174/3563 3542/4176/3564 3544/4178/3566
f 3541/4174/3563 3543/4177/3565 3546/4169/3559 3535/4168/3558
f 3545/3986/3401 3543/4177/3565 3544/4178/3566 3401/3987/3402
f 3543/4177/3565 3545/3986/3401 3547/4179/3567 3546/4169/3559
f 3547/4179/3567 3549/4180/3568 3534/4165/3555 3546/4169/3559
f 3400/3977/3394 3548/4181/3569 3547/4179/3567 3545/3986/3401
f 3548/4181/3569 3551/4182/3570 3549/4180/3568 3547/4179/3567
f 3550/4161/3551 3528/4159/3549 3534/4165/3555 3549/4180/3568
f 3553/4183/3571 3550/4161/3551 3549/4180/3568 3551/4182/3570
f 3552/4184/3572 3554/4185/3573 3553/4183/3571 3551/4182/3570
f 3551/4182/3570 3548/4181/3569 3577/4186/3574 3552/4184/3572
f 3460/4066/3474 3550/4161/3551 3553/4183/3571 3457/4060/3469
f 3454/4061/3470 3457/4060/3469 3553/4183/3571 3554/4185/3573
f 3552/4187/3572 3558/4188/3575 3555/4189/3576 3554/4190/3573
f 3555/4189/3576 3556/4063/3471 3454/4062/3470 3554/4190/3573
f 3555/4189/3576 3557/4191/3577 3567/4192/3578 3556/4063/3471
f 3558/4188/3575 3560/4193/3579 3557/4191/3577 3555/4189/3576
f 3559/4194/3393 3398/3983/3396 3560/4193/3579 3558/4188/3575
f 3558/4195/3575 3552/4184/3572 3577/4186/3574 3559/3976/3393
f 3561/4196/3580 3562/4197/3581 3557/4191/3577 3560/4193/3579
f 3398/3983/3396 3563/3982/3398 3561/4196/3580 3560/4193/3579
f 3415/4006/3419 3562/4197/3581 3561/4196/3580 3564/3995/3408
f 3399/3981/3397 3564/3995/3408 3561/4196/3580 3563/3982/3398
f 3562/4197/3581 3565/4198/3582 3567/4192/3578 3557/4191/3577
f 3562/4197/3581 3415/4006/3419 3417/4007/3420 3565/4198/3582
f 3566/4199/3583 3565/4198/3582 3417/4007/3420 3574/4200/3584
f 3565/4198/3582 3566/4199/3583 3568/4201/3585 3567/4192/3578
f 3556/4063/3471 3567/4192/3578 3568/4201/3585 3455/4059/3468
f 3570/4202/3586 3569/4048/3461 3568/4201/3585 3566/4199/3583
f 3568/4201/3585 3569/4048/3461 3448/4047/3460 3455/4059/3468
f 3569/4048/3461 3570/4202/3586 3572/4203/3587 3447/4045/3458
f 3566/4199/3583 3574/4200/3584 3571/4204/3588 3570/4202/3586
f 3571/4204/3588 3573/4039/3452 3572/4203/3587 3570/4202/3586
f 3441/4038/3451 3447/4045/3458 3572/4203/3587 3573/4039/3452
f 3573/4039/3452 3571/4204/3588 3575/4032/3445 3437/4033/3446
f 3574/4200/3584 3576/4017/3430 3575/4032/3445 3571/4204/3588
f 3575/4032/3445 3576/4017/3430 3425/4018/3431 3432/4025/3438
f 3576/4017/3430 3574/4200/3584 3417/4007/3420 3419/4009/3422
f 3400/3977/3394 3559/3976/3393 3577/4186/3574 3548/4181/3569
f 3401/3987/3402 3544/4178/3566 3542/4176/3564 3404/3988/3403
f 3410/3999/3412 3537/4175/3561 3578/4205/3562 3412/4000/3413
f 3412/4000/3413 3578/4205/3562 3579/4206/3589 3580/4003/3416
f 3532/4164/3554 3530/4162/3552 3579/4207/3589 3578/4173/3562
f 3579/4206/3589 3581/4208/3590 3583/4209/3591 3580/4003/3416
f 3530/4210/3552 3584/4211/3553 3581/4208/3590 3579/4206/3589
f 3517/4146/3537 3582/4147/3538 3581/4208/3590 3584/4211/3553
f 3582/4147/3538 3585/4212/3592 3583/4209/3591 3581/4208/3590
f 3517/4149/3537 3584/4163/3553 3526/4155/3545 3519/4148/3539
f 3583/4209/3591 3420/4010/3423 3413/4004/3417 3580/4003/3416
f 3585/4212/3592 3423/4013/3426 3420/4010/3423 3583/4209/3591
f 3423/4013/3426 3585/4212/3592 3586/4213/3593 3587/4014/3427
f 3582/4147/3538 3516/4142/3534 3586/4213/3593 3585/4212/3592
f 3586/4213/3593 3588/4214/3594 3590/4215/3595 3587/4014/3427
f 3513/4141/3533 3588/4214/3594 3586/4213/3593 3516/4142/3534
f 3589/4216/3596 3591/4217/3597 3590/4215/3595 3588/4214/3594
f 3588/4214/3594 3513/4141/3533 3511/4134/3528 3589/4216/3596
f 3593/4218/3598 3592/4020/3433 3590/4215/3595 3591/4217/3597
f 3590/4215/3595 3592/4020/3433 3422/4015/3428 3587/4014/3427
f 3592/4020/3433 3593/4218/3598 3595/4219/3599 3427/4021/3434
f 3591/4217/3597 3602/4220/3600 3594/4221/3601 3593/4218/3598
f 3594/4221/3601 3597/4222/3602 3595/4219/3599 3593/4218/3598
f 3597/4222/3602 3599/4223/3603 3596/4224/3604 3595/4219/3599
f 3427/4021/3434 3595/4219/3599 3596/4224/3604 3429/4022/3435
f 3598/4225/3605 3597/4222/3602 3594/4221/3601 3601/4118/3517
f 3597/4222/3602 3598/4225/3605 3600/4226/3606 3599/4223/3603
f 3599/4223/3603 3484/4095/3498 3482/4096/3499 3596/4224/3604
f 3484/4095/3498 3599/4223/3603 3600/4226/3606 3487/4097/3500
f 3489/4102/3505 3487/4097/3500 3600/4226/3606 3598/4225/3605
f 3489/4102/3505 3598/4225/3605 3601/4118/3517 3493/4103/3506
f 3498/4119/3516 3601/4118/3517 3594/4221/3601 3602/4220/3600
f 3429/4022/3435 3596/4224/3604 3482/4096/3499 3431/4023/3436
f 3591/4217/3597 3589/4216/3596 3603/4129/3525 3602/4220/3600
f 3602/4220/3600 3603/4129/3525 3500/4128/3515 3498/4119/3516
f 3511/4134/3528 3505/4126/3524 3603/4129/3525 3589/4216/3596
f 3522/4150/3540 3604/4227/3607 3510/4137/3530 3514/4138/3531
f 3522/4150/3540 3605/4153/3543 3607/4228/3608 3604/4227/3607
f 3521/4154/3544 3631/4077/3485 3606/4229/3609 3605/4153/3543
f 3606/4229/3609 3608/4230/3610 3607/4228/3608 3605/4153/3543
f 3611/4231/3611 3609/4232/3612 3607/4228/3608 3608/4230/3610
f 3607/4228/3608 3609/4232/3612 3612/4233/3613 3604/4227/3607
f 3610/4234/3614 3613/4124/3522 3612/4233/3613 3609/4232/3612
f 3609/4232/3612 3611/4231/3611 3614/4235/3615 3610/4234/3614
f 3502/4123/3521 3508/4132/3527 3612/4233/3613 3613/4124/3522
f 3612/4233/3613 3508/4132/3527 3510/4137/3530 3604/4227/3607
f 3628/4236/3616 3503/4122/3520 3613/4124/3522 3610/4234/3614
f 3615/4237/3617 3617/4238/3618 3614/4235/3615 3611/4231/3611
f 3608/4230/3610 3616/4239/3619 3615/4237/3617 3611/4231/3611
f 3621/4089/3492 3618/4240/3620 3615/4237/3617 3616/4239/3619
f 3619/4241/3621 3617/4238/3618 3615/4237/3617 3618/4240/3620
f 3618/4240/3620 3620/4242/3622 3622/4243/3623 3619/4241/3621
f 3620/4242/3622 3618/4240/3620 3621/4089/3492 3474/4088/3491
f 3630/4244/3624 3475/4083/3488 3621/4089/3492 3616/4239/3619
f 3623/4093/3496 3624/4245/3625 3622/4246/3623 3620/4247/3622
f 3474/4087/3491 3477/4086/3490 3623/4093/3496 3620/4247/3622
f 3486/4099/3502 3624/4245/3625 3623/4093/3496 3480/4092/3495
f 3625/4248/3626 3624/4245/3625 3486/4099/3502 3490/4101/3504
f 3625/4248/3626 3619/4249/3621 3622/4246/3623 3624/4245/3625
f 3619/4241/3621 3625/4250/3626 3626/4251/3627 3617/4238/3618
f 3626/4252/3627 3625/4248/3626 3490/4101/3504 3492/4105/3508
f 3614/4235/3615 3617/4238/3618 3626/4251/3627 3627/4253/3628
f 3495/4107/3510 3627/4253/3628 3626/4251/3627 3492/4108/3508
f 3628/4236/3616 3610/4234/3614 3614/4235/3615 3627/4253/3628
f 3627/4253/3628 3495/4107/3510 3629/4113/3513 3628/4236/3616
f 3503/4122/3520 3628/4236/3616 3629/4113/3513 3496/4112/3512
f 3616/4239/3619 3608/4230/3610 3606/4229/3609 3630/4244/3624
f 3475/4083/3488 3630/4244/3624 3467/4076/3484 3469/4075/3483
f 3467/4076/3484 3630/4244/3624 3606/4229/3609 3631/4077/3485
f 3632/4051/3463 3445/4050/3455 3443/4080/3454 3465/4073/3481
f 3459/4064/3472 3452/4055/3465 3450/4052/3464 3632/4051/3463
o root.5
v -0.000013 0.816996 -0.886518
v -0.000013 0.848454 -0.864507
v -0.037657 0.817119 -0.873032
v -0.000013 0.781012 -0.878898
v 0.037631 0.817119 -0.873032
v 0.030773 0.836251 -0.859085
v 0.038902 0.791925 -0.862509
v 0.026818 0.781350 -0.836597
v 0.031061 0.825000 -0.835342
v -0.000013 0.840229 -0.824859
v 0.019974 0.809360 -0.805262
v 0.052536 0.816660 -0.791877
v -0.000013 0.815536 -0.798957
v 0.015588 0.841048 -0.738957
v 0.011790 0.868038 -0.700693
v 0.036426 0.843477 -0.728548
v -0.000013 0.841427 -0.738174
v -0.015615 0.841048 -0.738957
v -0.000013 0.867301 -0.699829
v -0.000013 0.885016 -0.685594
v -0.011816 0.868038 -0.700693
v -0.026544 0.863614 -0.704788
v -0.018084 0.883336 -0.686379
v -0.032754 0.872602 -0.694915
v -0.019784 0.874636 -0.673536
v -0.014668 0.859153 -0.672010
v -0.000013 0.879791 -0.668179
v -0.035590 0.862647 -0.683048
v -0.031047 0.851118 -0.679057
v -0.058747 0.840929 -0.709088
v -0.049316 0.844027 -0.720439
v -0.054339 0.828865 -0.704582
v -0.082023 0.803001 -0.741151
v -0.076636 0.797224 -0.721055
v -0.106302 0.747177 -0.741798
v -0.079158 0.812989 -0.769162
v -0.100182 0.759891 -0.794398
v -0.052563 0.816660 -0.791877
v -0.052336 0.759148 -0.825291
v -0.020001 0.809360 -0.805262
v -0.036453 0.843477 -0.728548
v -0.031087 0.825000 -0.835342
v -0.026845 0.781350 -0.836597
v -0.000013 0.767169 -0.847198
v -0.038929 0.791925 -0.862509
v -0.000013 0.756612 -0.834099
v 0.052309 0.759148 -0.825291
v -0.000013 0.663878 -0.833660
v -0.000013 0.589226 -0.871551
v -0.072329 0.672450 -0.826493
v 0.072302 0.672450 -0.826493
v 0.114132 0.677015 -0.805989
v 0.091362 0.594640 -0.865573
v 0.091550 0.544679 -0.863584
v 0.147791 0.602709 -0.839334
v 0.153392 0.551633 -0.834724
v 0.169496 0.602093 -0.789374
v 0.148871 0.592542 -0.748693
v 0.163616 0.544540 -0.791864
v 0.127239 0.673087 -0.775763
v 0.106275 0.747177 -0.741798
v 0.116939 0.666478 -0.755503
v 0.100326 0.736566 -0.711023
v 0.100556 0.661010 -0.746796
v 0.117588 0.583066 -0.728980
v 0.065530 0.653808 -0.745787
v 0.084926 0.740563 -0.736713
v 0.052222 0.736159 -0.750585
v 0.059166 0.793977 -0.726029
v 0.037030 0.791485 -0.735477
v 0.076609 0.797224 -0.721055
v 0.040481 0.824184 -0.709212
v 0.026847 0.838947 -0.686883
v 0.054313 0.828865 -0.704582
v 0.024426 0.820318 -0.713741
v -0.000013 0.817674 -0.715638
v 0.012568 0.840576 -0.684187
v -0.000013 0.838584 -0.685008
v 0.014642 0.859153 -0.672010
v 0.019757 0.874636 -0.673536
v 0.031021 0.851118 -0.679057
v -0.000013 0.861320 -0.668244
v 0.035563 0.862647 -0.683048
v 0.058720 0.840929 -0.709088
v 0.032727 0.872602 -0.694915
v 0.026518 0.863614 -0.704788
v 0.018058 0.883336 -0.686379
v 0.049289 0.844027 -0.720439
v 0.079131 0.812989 -0.769162
v 0.081996 0.803001 -0.741151
v 0.100155 0.759891 -0.794398
v -0.012595 0.840576 -0.684187
v -0.024453 0.820318 -0.713741
v -0.026874 0.838947 -0.686883
v -0.040507 0.824184 -0.709212
v -0.059192 0.793977 -0.726029
v -0.037057 0.791485 -0.735477
v -0.084953 0.740563 -0.736713
v -0.100582 0.661010 -0.746796
v -0.052248 0.736159 -0.750585
v -0.100353 0.736566 -0.711023
v -0.116966 0.666478 -0.755503
v -0.127266 0.673087 -0.775763
v -0.148897 0.592542 -0.748693
v -0.117614 0.583066 -0.728980
v -0.169523 0.602093 -0.789374
v -0.149364 0.546977 -0.746268
v -0.163643 0.544540 -0.791864
v -0.125715 0.534999 -0.736910
v -0.138612 0.524027 -0.783665
v -0.082857 0.529025 -0.739021
v -0.073618 0.577719 -0.723875
v -0.000013 0.536773 -0.751706
v -0.089928 0.511213 -0.787288
v -0.078279 0.506405 -0.833617
v -0.000013 0.512902 -0.793410
v -0.000013 0.511405 -0.819203
v 0.089902 0.511213 -0.787288
v 0.078252 0.506405 -0.833617
v 0.082830 0.529025 -0.739021
v 0.138586 0.524027 -0.783665
v 0.125688 0.534999 -0.736910
v 0.138802 0.516834 -0.822376
v 0.149338 0.546977 -0.746268
v 0.073591 0.577719 -0.723875
v -0.000013 0.578090 -0.734883
v -0.000013 0.647254 -0.746158
v -0.000013 0.729904 -0.753075
v -0.065556 0.653808 -0.745787
v -0.000013 0.787667 -0.738522
v -0.000013 0.519195 -0.847506
v -0.000013 0.543050 -0.867825
v -0.091577 0.544679 -0.863584
v -0.091388 0.594640 -0.865573
v -0.153419 0.551633 -0.834724
v -0.138829 0.516834 -0.822376
v -0.147818 0.602709 -0.839334
v -0.114159 0.677015 -0.805989
v -0.030800 0.836251 -0.859085
vn -0.0000 0.9456 -0.3255
vn 0.6949 0.6968 -0.1777
vn 0.7849 0.1916 -0.5892
vn -0.0000 0.1706 -0.9853
vn -0.7849 0.1916 -0.5893
vn -0.6949 0.6968 -0.1777
vn -0.0000 -0.6811 -0.7322
vn -0.8618 -0.3975 -0.3151
vn 0.8618 -0.3975 -0.3151
vn 0.8159 0.4415 0.3734
vn 0.7899 -0.2881 -0.5413
vn -0.0000 -0.7547 -0.6561
vn 0.5580 0.8197 -0.1290
vn -0.0000 0.9994 0.0341
vn -0.0000 0.8736 0.4867
vn 0.3912 0.2059 -0.8970
vn 0.3368 0.7473 -0.5728
vn 0.1905 0.8531 -0.4857
vn 0.0465 0.8755 -0.4810
vn -0.0000 0.8690 -0.4948
vn -0.0000 0.7443 -0.6678
vn 0.0207 0.7416 -0.6705
vn 0.1482 0.7577 -0.6355
vn -0.5580 0.8197 -0.1290
vn -0.0465 0.8755 -0.4810
vn -0.0207 0.7416 -0.6705
vn -0.0000 0.9802 -0.1982
vn 0.3281 0.9344 -0.1389
vn -0.3281 0.9344 -0.1389
vn -0.1905 0.8531 -0.4857
vn -0.1482 0.7577 -0.6355
vn -0.5257 0.8072 -0.2684
vn -0.7545 0.3521 0.5539
vn -0.4771 0.4727 0.7409
vn -0.0000 0.5624 0.8269
vn -0.4146 -0.3094 0.8558
vn -0.2488 -0.2669 0.9310
vn -0.0000 -0.2645 0.9644
vn -0.5629 0.7807 -0.2714
vn -0.8618 0.4076 0.3018
vn -0.5149 -0.2843 0.8087
vn -0.6870 0.6529 -0.3190
vn -0.8835 0.4421 0.1547
vn -0.4368 -0.0228 0.8993
vn -0.9492 0.2780 0.1472
vn -0.3399 -0.1033 0.9348
vn -0.7910 0.3519 -0.5004
vn -0.3368 0.7473 -0.5728
vn -0.3912 0.2059 -0.8970
vn -0.7899 -0.2881 -0.5413
vn -0.8159 0.4415 0.3734
vn -0.0000 -0.2106 -0.9776
vn -0.0000 0.2618 -0.9651
vn -0.2548 0.3008 -0.9190
vn 0.2548 0.3008 -0.9190
vn 0.2282 0.2128 -0.9501
vn -0.0000 0.1931 -0.9812
vn -0.2282 0.2128 -0.9501
vn 0.7022 0.3986 -0.5900
vn 0.7910 0.3519 -0.5004
vn 0.6883 0.2651 -0.6752
vn 0.2320 -0.3354 -0.9131
vn -0.0000 -0.3645 -0.9312
vn 0.7400 -0.2980 -0.6029
vn 0.9701 0.2389 0.0435
vn 0.9356 0.3452 0.0740
vn 0.9251 -0.3770 0.0446
vn 0.7194 0.1541 0.6773
vn 0.6217 0.1316 0.7721
vn 0.7335 -0.3367 0.5905
vn 0.9492 0.2780 0.1472
vn 0.3399 -0.1033 0.9348
vn -0.4184 -0.2730 0.8662
vn -0.0182 0.0345 0.9992
vn 0.2556 0.0672 0.9644
vn -0.0430 -0.0369 0.9984
vn -0.0642 0.1246 0.9901
vn -0.1480 -0.1474 0.9779
vn -0.3213 -0.4527 0.8318
vn 0.4368 -0.0228 0.8993
vn -0.1413 -0.4523 0.8806
vn -0.0273 -0.6770 0.7355
vn -0.0271 -0.7162 0.6973
vn 0.5149 -0.2842 0.8087
vn 0.1021 -0.7168 0.6897
vn 0.0702 -0.6892 0.7212
vn 0.4146 -0.3094 0.8558
vn -0.0000 -0.7209 0.6930
vn -0.0000 -0.7118 0.7024
vn -0.0000 -0.4251 0.9052
vn 0.2488 -0.2669 0.9310
vn 0.7545 0.3521 0.5539
vn 0.4771 0.4727 0.7409
vn -0.0702 -0.6892 0.7212
vn 0.8618 0.4076 0.3018
vn 0.5257 0.8072 -0.2684
vn 0.5629 0.7807 -0.2714
vn 0.6870 0.6529 -0.3190
vn 0.8835 0.4421 0.1547
vn 0.0271 -0.7162 0.6973
vn -0.1021 -0.7168 0.6897
vn 0.0273 -0.6770 0.7355
vn 0.3213 -0.4527 0.8318
vn 0.1413 -0.4523 0.8806
vn 0.4184 -0.2730 0.8663
vn 0.1480 -0.1474 0.9779
vn -0.6217 0.1316 0.7721
vn 0.0182 0.0345 0.9992
vn 0.0642 0.1246 0.9901
vn -0.9356 0.3452 0.0740
vn -0.9701 0.2389 0.0435
vn -0.7194 0.1541 0.6773
vn -0.2556 0.0672 0.9644
vn -0.7335 -0.3367 0.5905
vn -0.3501 -0.5806 0.7350
vn -0.9251 -0.3770 0.0447
vn -0.4774 -0.8612 0.1741
vn -0.0733 -0.9690 0.2359
vn 0.0004 -0.6823 0.7311
vn 0.0430 -0.0369 0.9984
vn -0.0000 -0.6883 0.7254
vn -0.0000 -0.0692 0.9976
vn -0.0000 -0.9681 0.2507
vn -0.4920 -0.8124 -0.3131
vn -0.1157 -0.9149 -0.3866
vn -0.0000 -0.9977 -0.0675
vn -0.0004 -0.6823 0.7311
vn 0.0733 -0.9690 0.2359
vn 0.1157 -0.9149 -0.3866
vn 0.4920 -0.8124 -0.3131
vn 0.4774 -0.8612 0.1741
vn 0.3501 -0.5806 0.7350
vn -0.0000 0.1481 0.9890
vn -0.0000 -0.0832 0.9965
vn -0.0000 -0.8130 -0.5822
vn -0.2320 -0.3354 -0.9131
vn -0.6883 0.2651 -0.6752
vn -0.7400 -0.2980 -0.6029
vn -0.7022 0.3986 -0.5900
vt 0.884589 0.834304
vt 0.888284 0.836123
vt 0.888382 0.838622
vt 0.884378 0.840175
vt 0.879897 0.839423
vt 0.880327 0.835829
vt 0.884332 0.845586
vt 0.877198 0.841510
vt 0.891319 0.842703
vt 0.891462 0.834780
vt 0.896205 0.843298
vt 0.888951 0.850551
vt 0.896748 0.832449
vt 0.885971 0.823964
vt 0.883876 0.829004
vt 0.902880 0.849366
vt 0.904256 0.832103
vt 0.901363 0.817189
vt 0.894503 0.817770
vt 0.887260 0.814495
vt 0.890389 0.809066
vt 0.894648 0.809803
vt 0.898929 0.811235
vt 0.873544 0.833268
vt 0.881224 0.815955
vt 0.404683 0.989894
vt 0.410576 0.995042
vt 0.408016 0.996689
vt 0.402941 0.992970
vt 0.892219 0.804012
vt 0.897265 0.805718
vt 0.415486 0.995251
vt 0.416845 0.999597
vt 0.407634 0.985295
vt 0.411543 0.991093
vt 0.414335 0.991093
vt 0.417076 0.989042
vt 0.418206 0.993631
vt 0.420741 0.997486
vt 0.419502 0.987632
vt 0.421126 0.990954
vt 0.422384 0.993450
vt 0.410938 0.983355
vt 0.414135 0.981022
vt 0.416737 0.979280
vt 0.403166 0.975911
vt 0.407625 0.971152
vt 0.412647 0.970047
vt 0.401753 0.955029
vt 0.409663 0.954861
vt 0.861998 0.840253
vt 0.862961 0.856845
vt 0.852336 0.853928
vt 0.856809 0.839014
vt 0.398410 0.982017
vt 0.867124 0.834603
vt 0.872591 0.854998
vt 0.874484 0.846679
vt 0.876934 0.814380
vt 0.877648 0.834739
vt 0.889008 0.854224
vt 0.893232 0.876376
vt 0.874374 0.878071
vt 0.912005 0.870104
vt 0.918622 0.891420
vt 0.897425 0.897852
vt 0.875516 0.900590
vt 0.923729 0.865859
vt 0.915674 0.845370
vt 0.933296 0.885717
vt 0.920809 0.904210
vt 0.899324 0.909990
vt 0.937324 0.898894
vt 0.485599 0.936475
vt 0.495997 0.942291
vt 0.484194 0.954571
vt 0.473488 0.950910
vt 0.495099 0.922011
vt 0.486205 0.922984
vt 0.475882 0.933413
vt 0.467906 0.950477
vt 0.477224 0.923429
vt 0.927501 0.840162
vt 0.930178 0.860846
vt 0.935172 0.837533
vt 0.934691 0.857261
vt 0.455559 0.965682
vt 0.463502 0.948267
vt 0.461468 0.967538
vt 0.468892 0.929515
vt 0.460047 0.926473
vt 0.455426 0.944557
vt 0.447655 0.962324
vt 0.924881 0.821464
vt 0.937324 0.830084
vt 0.922237 0.824879
vt 0.446609 0.976268
vt 0.441215 0.974630
vt 0.927221 0.816223
vt 0.917606 0.813948
vt 0.921198 0.811118
vt 0.914218 0.815685
vt 0.913504 0.807874
vt 0.914851 0.804751
vt 0.909464 0.807069
vt 0.916935 0.802602
vt 0.923309 0.805553
vt 0.432620 0.971455
vt 0.436082 0.981763
vt 0.430643 0.980244
vt 0.907466 0.803200
vt 0.427099 0.989951
vt 0.427986 0.991678
vt 0.424829 0.994576
vt 0.905446 0.807628
vt 0.901202 0.803878
vt 0.423587 0.998294
vt 0.424625 0.987839
vt 0.910105 0.815722
vt 0.900937 0.808916
vt 0.905948 0.816672
vt 0.911763 0.830720
vt 0.918097 0.827586
vt 0.895901 0.800808
vt 0.424619 0.978960
vt 0.421814 0.985438
vt 0.420379 0.978870
vt 0.417533 0.970028
vt 0.423631 0.970275
vt 0.416193 0.956105
vt 0.424193 0.956144
vt 0.411244 0.935747
vt 0.416002 0.936218
vt 0.424813 0.936714
vt 0.405827 0.936017
vt 0.398410 0.917173
vt 0.409481 0.916871
vt 0.418137 0.917295
vt 0.412951 0.906567
vt 0.418986 0.906156
vt 0.405291 0.900761
vt 0.415530 0.895413
vt 0.430392 0.893241
vt 0.428711 0.905700
vt 0.428007 0.918247
vt 0.446978 0.911449
vt 0.444088 0.922219
vt 0.450226 0.900488
vt 0.876890 0.938066
vt 0.856401 0.927813
vt 0.863405 0.922702
vt 0.880156 0.925578
vt 0.901788 0.925631
vt 0.903363 0.931813
vt 0.465133 0.915199
vt 0.470938 0.903769
vt 0.920965 0.917954
vt 0.923501 0.929791
vt 0.479934 0.896917
vt 0.490986 0.909041
vt 0.482906 0.914195
vt 0.473317 0.918892
vt 0.936512 0.910100
vt 0.440575 0.938835
vt 0.436168 0.957844
vt 0.900499 0.918191
vt 0.877190 0.913317
vt 0.860407 0.899504
vt 0.860716 0.912577
vt 0.850328 0.915273
vt 0.847701 0.896556
vt 0.862156 0.877800
vt 0.854081 0.875893
s 1
f 3634/4254/3629 3638/4255/3630 3637/4256/3631 3633/4257/3632
f 3633/4257/3632 3635/4258/3633 3771/4259/3634 3634/4254/3629
f 3636/4260/3635 3677/4261/3636 3635/4258/3633 3633/4257/3632
f 3633/4257/3632 3637/4256/3631 3639/4262/3637 3636/4260/3635
f 3637/4256/3631 3638/4255/3630 3641/4263/3638 3639/4262/3637
f 3639/4262/3637 3640/4264/3639 3676/4265/3640 3636/4260/3635
f 3641/4263/3638 3643/4266/3641 3640/4264/3639 3639/4262/3637
f 3645/4267/3642 3643/4266/3641 3641/4263/3638 3642/4268/3643
f 3641/4263/3638 3638/4255/3630 3634/4254/3629 3642/4268/3643
f 3679/4269/3644 3640/4264/3639 3643/4266/3641 3644/4270/3645
f 3648/4271/3646 3644/4270/3645 3643/4266/3641 3646/4272/3647
f 3645/4267/3642 3649/4273/3648 3646/4272/3647 3643/4266/3641
f 3649/4273/3648 3651/4274/3649 3647/4275/3650 3646/4272/3647
f 3647/4275/3650 3718/4276/3651 3648/4271/3646 3646/4272/3647
f 3672/4277/3652 3650/4278/3653 3649/4273/3648 3645/4267/3642
f 3650/4279/3653 3653/4280/3654 3651/4281/3649 3649/4282/3648
f 3651/4274/3649 3652/4283/3655 3719/4284/3656 3647/4275/3650
f 3653/4280/3654 3655/4285/3657 3652/4286/3655 3651/4281/3649
f 3650/4279/3653 3673/4287/3658 3654/4288/3659 3653/4280/3654
f 3655/4285/3657 3653/4280/3654 3654/4288/3659 3656/4289/3660
f 3656/4289/3660 3660/4290/3661 3657/4291/3662 3655/4285/3657
f 3652/4286/3655 3655/4285/3657 3657/4291/3662 3659/4292/3663
f 3661/4293/3664 3658/4294/3665 3657/4291/3662 3660/4290/3661
f 3657/4291/3662 3658/4294/3665 3714/4295/3666 3659/4292/3663
f 3663/4296/3667 3662/4297/3668 3660/4290/3661 3656/4289/3660
f 3664/4298/3669 3661/4293/3664 3660/4290/3661 3662/4297/3668
f 3668/4299/3670 3665/4300/3671 3662/4297/3668 3663/4296/3667
f 3666/4301/3672 3664/4298/3669 3662/4297/3668 3665/4300/3671
f 3666/4301/3672 3665/4300/3671 3667/4302/3673 3733/4303/3674
f 3668/4304/3670 3669/4305/3675 3667/4306/3673 3665/4307/3671
f 3673/4287/3658 3670/4308/3676 3668/4299/3670 3663/4296/3667
f 3670/4309/3676 3671/4310/3677 3669/4305/3675 3668/4304/3670
f 3670/4309/3676 3672/4277/3652 3675/4311/3678 3671/4310/3677
f 3650/4278/3653 3672/4277/3652 3670/4309/3676 3673/4312/3658
f 3663/4296/3667 3656/4289/3660 3654/4288/3659 3673/4287/3658
f 3642/4268/3643 3674/4313/3679 3672/4277/3652 3645/4267/3642
f 3677/4261/3636 3675/4311/3678 3672/4277/3652 3674/4313/3679
f 3678/4314/3680 3671/4310/3677 3675/4311/3678 3676/4265/3640
f 3636/4260/3635 3676/4265/3640 3675/4311/3678 3677/4261/3636
f 3677/4261/3636 3674/4313/3679 3771/4259/3634 3635/4258/3633
f 3676/4265/3640 3640/4264/3639 3679/4269/3644 3678/4314/3680
f 3671/4310/3677 3678/4314/3680 3680/4315/3681 3682/4316/3682
f 3683/4317/3683 3680/4315/3681 3678/4314/3680 3679/4269/3644
f 3685/4318/3684 3681/4319/3685 3680/4315/3681 3683/4317/3683
f 3682/4316/3682 3680/4315/3681 3681/4319/3685 3766/4320/3686
f 3684/4321/3687 3683/4317/3683 3679/4269/3644 3723/4322/3688
f 3685/4318/3684 3683/4317/3683 3684/4321/3687 3687/4323/3689
f 3685/4318/3684 3686/4324/3690 3764/4325/3691 3681/4319/3685
f 3688/4326/3692 3686/4324/3690 3685/4318/3684 3687/4323/3689
f 3689/4327/3693 3687/4328/3689 3684/4329/3687 3692/4330/3694
f 3688/4331/3692 3687/4328/3689 3689/4327/3693 3691/4332/3695
f 3690/4333/3696 3689/4327/3693 3692/4330/3694 3694/4334/3697
f 3690/4333/3696 3756/4335/3698 3691/4332/3695 3689/4327/3693
f 3723/4322/3688 3693/4336/3699 3692/4337/3694 3684/4321/3687
f 3692/4337/3694 3693/4336/3699 3695/4338/3700 3694/4339/3697
f 3699/4340/3701 3696/4341/3702 3694/4334/3697 3695/4342/3700
f 3696/4341/3702 3697/4343/3703 3690/4333/3696 3694/4334/3697
f 3757/4344/3704 3697/4343/3703 3696/4341/3702 3698/4345/3705
f 3698/4345/3705 3696/4341/3702 3699/4340/3701 3700/4346/3706
f 3701/4347/3707 3699/4348/3701 3695/4338/3700 3703/4349/3708
f 3700/4346/3706 3699/4340/3701 3701/4350/3707 3702/4351/3709
f 3702/4352/3709 3701/4347/3707 3704/4353/3710 3707/4354/3711
f 3704/4353/3710 3701/4347/3707 3703/4349/3708 3706/4355/3712
f 3704/4353/3710 3705/4356/3713 3709/4357/3714 3707/4354/3711
f 3713/4358/3715 3705/4356/3713 3704/4353/3710 3706/4355/3712
f 3710/4359/3716 3708/4360/3717 3707/4354/3711 3709/4357/3714
f 3762/4361/3718 3702/4351/3709 3707/4362/3711 3708/4363/3717
f 3709/4357/3714 3705/4356/3713 3713/4358/3715 3711/4364/3719
f 3714/4295/3666 3710/4365/3716 3709/4366/3714 3711/4367/3719
f 3715/4368/3720 3712/4369/3721 3711/4364/3719 3713/4358/3715
f 3659/4292/3663 3714/4295/3666 3711/4367/3719 3712/4370/3721
f 3658/4294/3665 3724/4371/3722 3710/4365/3716 3714/4295/3666
f 3716/4372/3723 3715/4368/3720 3713/4358/3715 3706/4355/3712
f 3719/4284/3656 3712/4369/3721 3715/4368/3720 3717/4373/3724
f 3717/4373/3724 3715/4368/3720 3716/4372/3723 3720/4374/3725
f 3648/4271/3646 3718/4276/3651 3717/4373/3724 3720/4374/3725
f 3717/4373/3724 3718/4276/3651 3647/4275/3650 3719/4284/3656
f 3720/4374/3725 3721/4375/3726 3644/4270/3645 3648/4271/3646
f 3720/4374/3725 3716/4372/3723 3722/4376/3727 3721/4375/3726
f 3721/4375/3726 3723/4322/3688 3679/4269/3644 3644/4270/3645
f 3722/4376/3727 3693/4336/3699 3723/4322/3688 3721/4375/3726
f 3695/4338/3700 3693/4336/3699 3722/4376/3727 3703/4349/3708
f 3722/4376/3727 3716/4372/3723 3706/4355/3712 3703/4349/3708
f 3659/4377/3663 3712/4369/3721 3719/4284/3656 3652/4283/3655
f 3724/4371/3722 3725/4378/3728 3708/4363/3717 3710/4365/3716
f 3725/4378/3728 3724/4371/3722 3726/4379/3729 3727/4380/3730
f 3658/4294/3665 3661/4293/3664 3726/4379/3729 3724/4371/3722
f 3664/4298/3669 3727/4380/3730 3726/4379/3729 3661/4293/3664
f 3664/4298/3669 3666/4301/3672 3728/4381/3731 3727/4380/3730
f 3725/4378/3728 3727/4380/3730 3728/4381/3731 3729/4382/3732
f 3729/4382/3732 3728/4381/3731 3730/4383/3733 3732/4384/3734
f 3666/4301/3672 3733/4303/3674 3730/4383/3733 3728/4381/3731
f 3733/4303/3674 3734/4385/3735 3731/4386/3736 3730/4383/3733
f 3732/4384/3734 3730/4383/3733 3731/4386/3736 3761/4387/3737
f 3734/4385/3735 3733/4303/3674 3667/4302/3673 3735/4388/3738
f 3734/4385/3735 3735/4388/3738 3738/4389/3739 3736/4390/3740
f 3734/4385/3735 3736/4390/3740 3737/4391/3741 3731/4386/3736
f 3737/4391/3741 3736/4390/3740 3739/4392/3742 3741/4393/3743
f 3738/4389/3739 3740/4394/3744 3739/4392/3742 3736/4390/3740
f 3742/4395/3745 3741/4393/3743 3739/4392/3742 3740/4394/3744
f 3742/4395/3745 3746/4396/3746 3743/4397/3747 3741/4393/3743
f 3743/4397/3747 3744/4398/3748 3737/4391/3741 3741/4393/3743
f 3744/4398/3748 3743/4397/3747 3745/4399/3749 3758/4400/3750
f 3746/4396/3746 3748/4401/3751 3745/4399/3749 3743/4397/3747
f 3746/4402/3746 3742/4403/3745 3768/4404/3752 3747/4405/3753
f 3746/4402/3746 3747/4405/3753 3749/4406/3754 3748/4407/3751
f 3752/4408/3755 3745/4399/3749 3748/4401/3751 3750/4409/3756
f 3748/4407/3751 3749/4406/3754 3751/4410/3757 3750/4411/3756
f 3751/4412/3757 3755/4413/3758 3753/4414/3759 3750/4409/3756
f 3754/4415/3760 3752/4408/3755 3750/4409/3756 3753/4414/3759
f 3753/4414/3759 3755/4413/3758 3688/4331/3692 3691/4332/3695
f 3691/4332/3695 3756/4335/3698 3754/4415/3760 3753/4414/3759
f 3688/4326/3692 3755/4416/3758 3751/4410/3757 3686/4324/3690
f 3754/4415/3760 3756/4335/3698 3690/4333/3696 3697/4343/3703
f 3754/4415/3760 3697/4343/3703 3757/4344/3704 3752/4408/3755
f 3758/4400/3750 3745/4399/3749 3752/4408/3755 3757/4344/3704
f 3698/4345/3705 3759/4417/3761 3758/4400/3750 3757/4344/3704
f 3744/4398/3748 3758/4400/3750 3759/4417/3761 3761/4387/3737
f 3760/4418/3762 3759/4417/3761 3698/4345/3705 3700/4346/3706
f 3732/4384/3734 3761/4387/3737 3759/4417/3761 3760/4418/3762
f 3761/4387/3737 3731/4386/3736 3737/4391/3741 3744/4398/3748
f 3700/4346/3706 3702/4351/3709 3762/4361/3718 3760/4418/3762
f 3760/4418/3762 3762/4361/3718 3729/4382/3732 3732/4384/3734
f 3708/4363/3717 3725/4378/3728 3729/4382/3732 3762/4361/3718
f 3764/4325/3691 3686/4324/3690 3751/4410/3757 3763/4419/3763
f 3751/4410/3757 3749/4406/3754 3763/4419/3763
f 3763/4419/3763 3747/4405/3753 3765/4420/3764 3764/4325/3691
f 3763/4419/3763 3749/4406/3754 3747/4405/3753
f 3681/4319/3685 3764/4325/3691 3765/4420/3764 3766/4320/3686
f 3769/4421/3765 3766/4320/3686 3765/4420/3764 3767/4422/3766
f 3765/4420/3764 3747/4405/3753 3768/4404/3752 3767/4422/3766
f 3740/4423/3744 3767/4422/3766 3768/4404/3752 3742/4403/3745
f 3740/4423/3744 3738/4424/3739 3769/4421/3765 3767/4422/3766
f 3769/4421/3765 3770/4425/3767 3682/4316/3682 3766/4320/3686
f 3735/4426/3738 3770/4425/3767 3769/4421/3765 3738/4424/3739
f 3770/4425/3767 3735/4426/3738 3667/4306/3673 3669/4305/3675
f 3669/4305/3675 3671/4310/3677 3682/4316/3682 3770/4425/3767
f 3642/4268/3643 3634/4254/3629 3771/4259/3634 3674/4313/3679
o root.6
v -0.000013 0.767606 -0.538831
v -0.045379 0.762183 -0.546908
v -0.000013 0.800119 -0.600836
v -0.000013 0.683502 -0.525997
v 0.045352 0.762183 -0.546908
v 0.035519 0.796838 -0.599195
v 0.108990 0.733484 -0.585431
v 0.053477 0.686381 -0.531453
v 0.096937 0.691266 -0.565314
v 0.064406 0.615407 -0.601893
v 0.103792 0.647457 -0.641848
v 0.057282 0.585576 -0.632975
v -0.000013 0.602145 -0.592665
v -0.064433 0.615407 -0.601893
v -0.000013 0.578385 -0.636202
v -0.057309 0.585576 -0.632975
v -0.000013 0.575907 -0.675336
v -0.074045 0.592973 -0.673131
v 0.074018 0.592973 -0.673131
v -0.000013 0.586248 -0.711619
v -0.000013 0.590304 -0.753037
v -0.066462 0.611330 -0.711713
v 0.066435 0.611330 -0.711713
v 0.057932 0.617041 -0.743747
v 0.103466 0.647017 -0.698126
v 0.089907 0.667655 -0.730947
v 0.113891 0.664571 -0.690078
v 0.142358 0.653313 -0.726947
v 0.138793 0.705393 -0.724178
v 0.117318 0.670712 -0.729260
v 0.120171 0.662994 -0.709679
v 0.120677 0.692060 -0.705911
v 0.114368 0.692967 -0.665275
v 0.097142 0.740207 -0.692083
v 0.087530 0.777228 -0.643725
v 0.054866 0.810767 -0.715531
v 0.108750 0.740048 -0.713966
v 0.059679 0.811336 -0.737148
v 0.116967 0.702917 -0.725792
v 0.098204 0.733740 -0.740297
v 0.104035 0.700017 -0.739442
v 0.055379 0.801768 -0.759288
v 0.067472 0.706059 -0.744291
v 0.042244 0.635901 -0.755412
v 0.041148 0.705109 -0.741713
v 0.034672 0.780805 -0.757616
v 0.027857 0.757494 -0.752444
v -0.000013 0.796596 -0.757174
v -0.034698 0.780805 -0.757616
v -0.000013 0.768742 -0.754304
v -0.000013 0.818904 -0.754337
v -0.000013 0.837858 -0.738706
v -0.055406 0.801768 -0.759288
v -0.059706 0.811336 -0.737148
v -0.098231 0.733740 -0.740297
v -0.104061 0.700017 -0.739442
v -0.108777 0.740048 -0.713966
v -0.067499 0.706059 -0.744291
v -0.042270 0.635901 -0.755412
v -0.041175 0.705109 -0.741713
v -0.089934 0.667655 -0.730947
v -0.057958 0.617041 -0.743747
v -0.103493 0.647017 -0.698126
v -0.117344 0.670712 -0.729260
v -0.142385 0.653313 -0.726947
v -0.116993 0.702917 -0.725792
v -0.138819 0.705393 -0.724178
v -0.097168 0.740207 -0.692083
v -0.120703 0.692060 -0.705911
v -0.120198 0.662994 -0.709679
v -0.114395 0.692967 -0.665275
v -0.103818 0.647457 -0.641848
v -0.109017 0.733484 -0.585431
v -0.113918 0.664571 -0.690078
v -0.087557 0.777228 -0.643725
v -0.096964 0.691266 -0.565314
v -0.053504 0.686381 -0.531453
v -0.050755 0.821121 -0.685963
v -0.035546 0.796838 -0.599195
v -0.027700 0.820351 -0.653385
v -0.000013 0.824593 -0.649679
v -0.000013 0.829867 -0.684156
v 0.027674 0.820351 -0.653385
v 0.050729 0.821121 -0.685963
v -0.000013 0.842296 -0.706415
v -0.054892 0.810767 -0.715531
v -0.028947 0.657749 -0.754095
v -0.000013 0.704995 -0.741739
v -0.027883 0.757494 -0.752444
v -0.000013 0.644802 -0.757323
v -0.000013 0.610940 -0.757712
v 0.028921 0.657749 -0.754095
vn -0.3747 0.5572 0.7410
vn -0.4184 -0.2203 0.8812
vn -0.0000 -0.2725 0.9622
vn -0.0000 0.5763 0.8172
vn -0.0000 0.8907 0.4546
vn -0.3426 0.8436 0.4134
vn 0.3747 0.5572 0.7410
vn 0.3426 0.8436 0.4134
vn 0.4184 -0.2203 0.8812
vn 0.7867 0.6093 0.0990
vn 0.8716 0.3117 0.3783
vn 0.8041 -0.1798 0.5667
vn -0.0000 -0.7471 0.6647
vn 0.5012 -0.6683 0.5496
vn 0.8876 -0.4195 0.1901
vn 0.4285 -0.8529 0.2983
vn 0.6038 -0.7925 -0.0857
vn -0.0000 -0.9622 0.2724
vn -0.5012 -0.6683 0.5496
vn -0.4285 -0.8529 0.2983
vn -0.0000 -0.9788 -0.2049
vn -0.6038 -0.7925 -0.0857
vn -0.6091 -0.7260 -0.3192
vn -0.0000 -0.9572 -0.2894
vn 0.6091 -0.7260 -0.3192
vn 0.5392 -0.5410 -0.6454
vn -0.0000 -0.7784 -0.6278
vn -0.5392 -0.5410 -0.6454
vn 0.7922 -0.5912 -0.1511
vn 0.4007 -0.3444 -0.8490
vn 0.0851 -0.3399 -0.9366
vn 0.7398 -0.6140 -0.2751
vn 0.7856 -0.1683 0.5954
vn 0.9371 -0.2341 0.2591
vn 0.9886 0.0243 0.1488
vn 0.5650 0.2588 -0.7834
vn 0.9043 0.3814 -0.1919
vn 0.8686 0.0747 0.4898
vn 0.8763 0.4784 0.0577
vn 0.6551 0.7541 0.0472
vn 0.5588 0.8262 0.0718
vn 0.8001 0.5464 -0.2477
vn 0.6419 0.7349 -0.2189
vn 0.5978 0.1456 -0.7883
vn 0.4043 0.3651 -0.8386
vn 0.4038 -0.0512 -0.9134
vn 0.1260 -0.0816 -0.9887
vn 0.0201 -0.0913 -0.9956
vn 0.2496 -0.0608 -0.9665
vn 0.0162 0.1749 -0.9845
vn -0.0209 0.0089 -0.9997
vn -0.0422 -0.1921 -0.9805
vn -0.0000 -0.1677 -0.9858
vn -0.0000 -0.0248 -0.9997
vn -0.0000 0.5236 -0.8520
vn -0.0201 -0.0913 -0.9956
vn -0.4043 0.3651 -0.8386
vn 0.0422 -0.1921 -0.9805
vn -0.0000 0.9483 -0.3175
vn -0.6419 0.7349 -0.2189
vn -0.5978 0.1456 -0.7883
vn -0.8001 0.5464 -0.2476
vn -0.1260 -0.0816 -0.9887
vn -0.4038 -0.0512 -0.9134
vn -0.5650 0.2588 -0.7834
vn -0.4007 -0.3444 -0.8490
vn -0.2496 -0.0608 -0.9665
vn 0.0209 0.0089 -0.9997
vn -0.0162 0.1749 -0.9845
vn -0.7922 -0.5912 -0.1511
vn -0.7398 -0.6140 -0.2751
vn -0.0851 -0.3399 -0.9366
vn -0.9043 0.3814 -0.1919
vn -0.8763 0.4784 0.0577
vn -0.8686 0.0747 0.4898
vn -0.9886 0.0243 0.1488
vn -0.7856 -0.1683 0.5954
vn -0.9371 -0.2341 0.2591
vn -0.8876 -0.4196 0.1901
vn -0.8716 0.3117 0.3783
vn -0.8041 -0.1798 0.5667
vn -0.7867 0.6093 0.0990
vn -0.5588 0.8262 0.0718
vn -0.6551 0.7541 0.0472
vn -0.2949 0.9120 0.2850
vn -0.0000 0.9565 0.2919
vn -0.0000 0.9939 0.1106
vn 0.2949 0.9120 0.2850
vn -0.0000 0.9997 0.0248
vn -0.0000 -0.1802 -0.9836
vn -0.0000 0.0284 -0.9996
vn -0.0000 0.1201 -0.9928
vt 0.884943 0.286079
vt 0.862790 0.281095
vt 0.869581 0.269703
vt 0.891118 0.275887
vt 0.910760 0.273297
vt 0.908992 0.282574
vt 0.895181 0.265842
vt 0.909962 0.263626
vt 0.877128 0.256881
vt 0.914571 0.243404
vt 0.895608 0.246608
vt 0.884538 0.246142
vt 0.850957 0.249720
vt 0.863226 0.236706
vt 0.878404 0.225361
vt 0.858754 0.228600
vt 0.863254 0.216423
vt 0.845807 0.233258
vt 0.841211 0.264596
vt 0.838162 0.247142
vt 0.842592 0.227025
vt 0.830625 0.242789
vt 0.831684 0.222536
vt 0.850586 0.208110
vt 0.869717 0.205040
vt 0.875258 0.192685
vt 0.849794 0.198206
vt 0.832630 0.214728
vt 0.882407 0.209318
vt 0.893160 0.205058
vt 0.896655 0.209550
vt 0.893787 0.210751
vt 0.891401 0.213737
vt 0.889169 0.216388
vt 0.893700 0.226109
vt 0.902301 0.211069
vt 0.902377 0.217114
vt 0.896752 0.218628
vt 0.912980 0.227876
vt 0.931400 0.242347
vt 0.928330 0.250711
vt 0.915699 0.221268
vt 0.930667 0.229503
vt 0.905845 0.208381
vt 0.928226 0.214799
vt 0.900322 0.207513
vt 0.902403 0.204959
vt 0.929070 0.213348
vt 0.881300 0.192080
vt 0.337685 0.561421
vt 0.343428 0.559671
vt 0.354351 0.565533
vt 0.353502 0.571738
vt 0.367869 0.564413
vt 0.373589 0.566801
vt 0.371376 0.558504
vt 0.378348 0.558604
vt 0.384229 0.558224
vt 0.379398 0.570544
vt 0.375073 0.550481
vt 0.380466 0.546107
vt 0.369407 0.551526
vt 0.385250 0.571738
vt 0.390706 0.555940
vt 0.384948 0.541383
vt 0.367019 0.534035
vt 0.370538 0.527765
vt 0.358803 0.540317
vt 0.359462 0.532318
vt 0.361437 0.528121
vt 0.349615 0.532443
vt 0.341325 0.541905
vt 0.338105 0.535306
vt 0.357553 0.546350
vt 0.345856 0.546353
vt 0.337083 0.526824
vt 0.346336 0.521933
vt 0.353428 0.522738
vt 0.353178 0.528131
vt 0.361553 0.523358
vt 0.374221 0.522241
vt 0.360272 0.517261
vt 0.362362 0.510471
vt 0.354236 0.517925
vt 0.352285 0.514369
vt 0.351009 0.502783
vt 0.378737 0.500423
vt 0.366806 0.494308
vt 0.387848 0.516201
vt 0.876947 0.303358
vt 0.858659 0.291239
vt 0.907426 0.297103
vt 0.830625 0.276520
vt 0.394458 0.531948
vt 0.389317 0.537723
vt 0.931453 0.276177
vt 0.925206 0.273554
vt 0.925650 0.267056
vt 0.933634 0.260837
vt 0.924318 0.260925
vt 0.939131 0.253753
vt 0.935281 0.278775
vt 0.941384 0.248285
vt 0.397602 0.551274
vt 0.334129 0.516874
vt 0.329382 0.547912
vt 0.334188 0.549685
vt 0.355990 0.555900
vt 0.341666 0.552271
vt 0.331968 0.563330
s 1
f 3773/4427/3768 3848/4428/3769 3775/4429/3770 3772/4430/3771
f 3772/4430/3771 3774/4431/3772 3850/4432/3773 3773/4427/3768
f 3776/4433/3774 3777/4434/3775 3774/4431/3772 3772/4430/3771
f 3772/4430/3771 3775/4429/3770 3779/4435/3776 3776/4433/3774
f 3806/4436/3777 3777/4434/3775 3776/4433/3774 3778/4437/3778
f 3779/4435/3776 3780/4438/3779 3778/4437/3778 3776/4433/3774
f 3775/4429/3770 3784/4439/3780 3781/4440/3781 3779/4435/3776
f 3782/4441/3782 3780/4438/3779 3779/4435/3776 3781/4440/3781
f 3781/4440/3781 3783/4442/3783 3790/4443/3784 3782/4441/3782
f 3786/4444/3785 3783/4442/3783 3781/4440/3781 3784/4439/3780
f 3848/4428/3769 3785/4445/3786 3784/4439/3780 3775/4429/3770
f 3784/4439/3780 3785/4445/3786 3787/4446/3787 3786/4444/3785
f 3788/4447/3788 3786/4444/3785 3787/4446/3787 3789/4448/3789
f 3790/4443/3784 3783/4442/3783 3786/4444/3785 3788/4447/3788
f 3788/4447/3788 3789/4448/3789 3793/4449/3790 3791/4450/3791
f 3791/4450/3791 3794/4451/3792 3790/4443/3784 3788/4447/3788
f 3795/4452/3793 3794/4451/3792 3791/4450/3791 3792/4453/3794
f 3792/4453/3794 3791/4450/3791 3793/4449/3790 3833/4454/3795
f 3796/4455/3796 3794/4451/3792 3795/4452/3793 3797/4456/3797
f 3790/4443/3784 3794/4451/3792 3796/4455/3796 3782/4441/3782
f 3797/4456/3797 3801/4457/3798 3799/4458/3799 3796/4455/3796
f 3802/4459/3800 3798/4460/3801 3796/4455/3796 3799/4458/3799
f 3796/4455/3796 3798/4460/3801 3804/4461/3802 3782/4441/3782
f 3801/4457/3798 3810/4462/3803 3800/4463/3804 3799/4458/3799
f 3800/4463/3804 3803/4464/3805 3802/4459/3800 3799/4458/3799
f 3804/4461/3802 3798/4460/3801 3802/4459/3800 3803/4464/3805
f 3800/4463/3804 3805/4465/3806 3804/4461/3802 3803/4464/3805
f 3780/4438/3779 3782/4441/3782 3804/4461/3802 3778/4437/3778
f 3804/4461/3802 3805/4465/3806 3806/4436/3777 3778/4437/3778
f 3806/4436/3777 3805/4465/3806 3807/4466/3807 3855/4467/3808
f 3807/4466/3807 3805/4465/3806 3808/4468/3809 3809/4469/3810
f 3808/4468/3809 3805/4465/3806 3800/4463/3804 3810/4462/3803
f 3808/4468/3809 3811/4470/3811 3813/4471/3812 3809/4469/3810
f 3810/4462/3803 3812/4472/3813 3811/4470/3811 3808/4468/3809
f 3797/4456/3797 3814/4473/3814 3811/4470/3811 3812/4472/3813
f 3813/4471/3812 3811/4470/3811 3814/4473/3814 3817/4474/3815
f 3814/4473/3814 3797/4456/3797 3795/4452/3793 3815/4475/3816
f 3815/4476/3816 3863/4477/3817 3816/4478/3818 3814/4479/3814
f 3816/4478/3818 3818/4480/3819 3817/4481/3815 3814/4479/3814
f 3817/4481/3815 3818/4480/3819 3821/4482/3820 3819/4483/3821
f 3822/4484/3822 3813/4485/3812 3817/4481/3815 3819/4483/3821
f 3819/4483/3821 3820/4486/3823 3824/4487/3824 3822/4484/3822
f 3819/4483/3821 3821/4482/3820 3860/4488/3825 3820/4486/3823
f 3809/4489/3810 3813/4485/3812 3822/4484/3822 3823/4490/3826
f 3823/4490/3826 3822/4484/3822 3824/4487/3824 3825/4491/3827
f 3825/4491/3827 3824/4487/3824 3826/4492/3828 3828/4493/3829
f 3820/4486/3823 3829/4494/3830 3826/4492/3828 3824/4487/3824
f 3828/4493/3829 3826/4492/3828 3827/4495/3831 3837/4496/3832
f 3827/4495/3831 3826/4492/3828 3829/4494/3830 3832/4497/3833
f 3830/4498/3834 3833/4499/3795 3832/4497/3833 3829/4494/3830
f 3829/4494/3830 3831/4500/3835 3858/4501/3836 3830/4498/3834
f 3829/4494/3830 3820/4486/3823 3860/4488/3825 3831/4500/3835
f 3832/4497/3833 3833/4499/3795 3793/4502/3790 3834/4503/3837
f 3834/4503/3837 3836/4504/3838 3835/4505/3839 3832/4497/3833
f 3835/4505/3839 3837/4496/3832 3827/4495/3831 3832/4497/3833
f 3836/4504/3838 3838/4506/3840 3837/4496/3832 3835/4505/3839
f 3837/4496/3832 3838/4506/3840 3839/4507/3841 3828/4493/3829
f 3840/4508/3842 3842/4509/3843 3839/4507/3841 3838/4506/3840
f 3836/4504/3838 3841/4510/3844 3840/4508/3842 3838/4506/3840
f 3840/4508/3842 3841/4510/3844 3845/4511/3845 3842/4509/3843
f 3843/4512/3846 3842/4509/3843 3845/4511/3845 3834/4503/3837
f 3844/4513/3847 3842/4509/3843 3843/4512/3846 3847/4514/3848
f 3844/4513/3847 3846/4515/3849 3839/4507/3841 3842/4509/3843
f 3836/4504/3838 3834/4503/3837 3845/4511/3845 3841/4510/3844
f 3773/4427/3768 3844/4516/3847 3847/4517/3848 3848/4428/3769
f 3844/4516/3847 3773/4427/3768 3850/4432/3773 3846/4518/3849
f 3785/4445/3786 3848/4428/3769 3847/4517/3848 3843/4519/3846
f 3849/4520/3850 3857/4521/3851 3839/4507/3841 3846/4515/3849
f 3849/4522/3850 3846/4518/3849 3850/4432/3773 3851/4523/3852
f 3852/4524/3853 3851/4523/3852 3850/4432/3773 3774/4431/3772
f 3853/4525/3854 3849/4522/3850 3851/4523/3852 3852/4524/3853
f 3852/4524/3853 3854/4526/3855 3855/4467/3808 3853/4525/3854
f 3774/4431/3772 3777/4434/3775 3854/4526/3855 3852/4524/3853
f 3854/4526/3855 3777/4434/3775 3806/4436/3777 3855/4467/3808
f 3807/4466/3807 3856/4527/3856 3853/4525/3854 3855/4467/3808
f 3849/4522/3850 3853/4525/3854 3856/4527/3856 3857/4528/3851
f 3809/4469/3810 3823/4529/3826 3856/4527/3856 3807/4466/3807
f 3857/4521/3851 3856/4530/3856 3823/4490/3826 3825/4491/3827
f 3825/4491/3827 3828/4493/3829 3839/4507/3841 3857/4521/3851
f 3843/4519/3846 3789/4448/3789 3787/4446/3787 3785/4445/3786
f 3843/4512/3846 3834/4503/3837 3793/4502/3790 3789/4531/3789
f 3792/4532/3794 3833/4499/3795 3830/4498/3834 3862/4533/3857
f 3859/4534/3858 3861/4535/3859 3858/4501/3836 3831/4500/3835
f 3859/4534/3858 3831/4500/3835 3860/4488/3825 3821/4482/3820
f 3816/4478/3818 3863/4477/3817 3861/4535/3859 3859/4534/3858
f 3821/4482/3820 3818/4480/3819 3816/4478/3818 3859/4534/3858
f 3861/4535/3859 3863/4477/3817 3815/4476/3816 3862/4533/3857
f 3862/4533/3857 3830/4498/3834 3858/4501/3836 3861/4535/3859
f 3862/4533/3857 3815/4476/3816 3795/4536/3793 3792/4532/3794
f 3797/4456/3797 3812/4472/3813 3810/4462/3803 3801/4457/3798
